tree
version=v4
num_class=1
num_tree_per_iteration=1
label_index=0
max_feature_idx=58
objective=quantile
feature_names=source_log_return_1 source_log_return_5 source_log_return_20 source_log_return_60 source_log_return_126 source_log_return_252 source_intraday_log_range source_close_to_open_log_return source_realized_volatility_20 source_realized_volatility_60 source_downside_volatility_20 source_downside_volatility_60 source_drawdown_from_60_session_peak source_drawdown_from_252_session_peak cross_section_momentum_20_percentile cross_section_positive_return_breadth cross_section_return_dispersion source_momentum_12_1 source_ma5_ma20_ratio source_close_ma50_ratio source_close_ma200_ratio source_rsi_14 source_bollinger_pct_b_20 source_bollinger_bandwidth_20 source_adx_14 source_directional_index_spread_14 source_parkinson_volatility_20 source_overnight_gap_1 source_positive_day_ratio_20 source_max_daily_log_return_20 source_return_skewness_60 source_distance_from_252_session_low source_volatility_ratio_20_60 universe58_loo_log_return_1 universe58_loo_log_return_20 universe58_loo_log_return_60 universe58_loo_log_return_126 universe58_loo_realized_volatility_20 universe58_loo_drawdown_252 source_beta_universe58_60 source_beta_universe58_252 source_correlation_universe58_60 source_residual_momentum_20 source_residual_momentum_126 source_idiosyncratic_volatility_60 cross_section_momentum_126_percentile cross_section_momentum_252_percentile cross_section_volatility_60_percentile cross_section_beta_60_percentile tpp_day1_weighted_average tpp_day1_rate_change_1_observed tpp_day1_rate_change_5_observed tpp_day1_rate_change_20_observed tpp_day1_rate_change_volatility_20 tpp_day1_rate_vs_ma20 tpp_observation_age_calendar_days tpp_available tpp_observed_same_day tpp_source_zero_weighted_average
feature_infos=[-0.2207123190164566:0.182477205991745] [-0.54819971323013306:0.44636186957359314] [-1.1351611614227295:1.077221155166626] [-1.1748896837234497:1.5560240745544434] [-1.0490233898162842:2.3170430660247803] [-1.2514438629150391:2.9264204502105713] [0:0.27988538146018982] [-0.16868740320205688:0.25632256269454956] [0.0055316057987511158:0.11531444638967514] [0.0079651456326246262:0.088721774518489838] [0.00095409812638536096:0.092050075531005859] [0.0049325018189847469:0.063900329172611237] [-0.71968960762023926:0] [-0.76062244176864624:0] [0.017241379246115685:1] [0.017241379246115685:1] [0.0096504408866167068:0.043657612055540085] [-1.3928108215332031:2.8910765647888184] [-0.47595494985580444:0.57290768623352051] [-0.62940984964370728:1.5476077795028687] [-0.57781422138214111:3.874976634979248] [0:100] [-0.40451541543006897:1.4870842695236206] [0.015483886934816837:1.7820020914077759] [6.1712346076965332:84.119827270507812] [-54.177944183349609:77.140235900878906] [0.0063288267701864243:0.099167443811893463] [-0.22113896906375885:0.095378585159778595] [0.10000000149011612:0.89999997615814209] [0.005115102045238018:0.18252909183502197] [-4.4435362815856934:3.4834246635437012] [0:18.523586273193359] [0.17268767952919006:1.6647372245788574] [-0.092919811606407166:0.057573974132537842] [-0.39400303363800049:0.26549568772315979] [-0.32455301284790039:0.55794161558151245] [-0.30797004699707031:0.86915600299835205] [0.005578002892434597:0.041373930871486664] [-0.35748890042304993:0] [-0.96327811479568481:2.3354122638702393] [0.20776782929897308:1.7303366661071777] [-0.25081929564476013:0.94294917583465576] [-1.1516678333282471:1.0071370601654053] [-1.3436253070831299:1.9539748430252075] [0.0059593440964818001:0.072794802486896515] [0.017241379246115685:1] [0.017241379246115685:1] [0.017241379246115685:1] [0.017241379246115685:1] [10.880000114440918:53.220001220703125] [-1.8400000333786011:6.619999885559082] [-14.850000381469727:17.459999084472656] [-23.670000076293945:19.930000305175781] [0.2905217707157135:4.723813533782959] [-10.732000350952148:16.643999099731445] [0:0] [0:1] [0:1] [0:0]
tree_sizes=1214 1348 1259 1264 1260 1253 1165 1254 1249 1261 1340 984 1443 1268 1533 1268 1341 1338 1352 1249 1350 894 1355 1171 1449 1263 1264 1362 1351 1356 1254 1344 1352 1266 1348 1260 1359 1440 1260 1450 1539 1161 1263 1157 1444 1535 1353 1260 986 1351 1355 1355 1078 1538 1429 1262 1443 1359 1264 1345 1447 1529 1541 1262 1357 1256 1260 1437 1439 1445 1356 1540 1073 1542 1351 1539 1340 1357 1262 1347 1448 1543 1445 1449 1522 1536 1522 1449 1345 1351 1442 1538 1166 1533 1533 1447 1262 1358 1354 1538 985 1353 1451 1452 1362 1351 1156 1169 1168 1168 1445 1540 1356 982 1530 1442 1541 1451 1361 1264 1079 1537 1077 1444 1563

Tree=0
num_leaves=12
num_cat=0
split_feature=44 31 49 49 36 38 31 46 35 49 38
split_gain=35.2111 23.2023 22.074 19.8104 15.1053 14.0239 8.23295 6.25539 6.12906 5.7767 5.59927
threshold=0.028545723296701912 2.9939482212066655 46.930000305175788 45.494998931884773 -0.15029136836528775 -0.020506440661847588 2.277186512947083 0.23105636239051822 -0.14145146310329434 12.944999694824221 -0.032899884507060044
decision_type=2 2 10 10 2 2 2 2 2 10 2
left_child=2 3 4 9 8 -6 7 -4 -1 -2 -3
right_child=1 10 6 -5 5 -7 -8 -9 -10 -11 -12
leaf_value=-0.1908483808368161 -0.18935966960277967 -0.19191626637305353 -0.18873236298408341 -0.19177121935471542 -0.18319454246867606 -0.18692358905484358 -0.19044788479043961 -0.18730218170725396 -0.18789264507439257 -0.1849682341337717 -0.19519611071861256
leaf_weight=180 1202 155 305 125 7409 3436 126 1028 856 602 209
leaf_count=180 1202 155 305 125 7409 3436 126 1028 856 602 209
internal_value=-0.186653 -0.189511 -0.186161 -0.188403 -0.185804 -0.185528 -0.189057 -0.188455 -0.188679 -0.187717 -0.195262
internal_weight=15633 2293 13340 1929 11881 10845 1459 1333 1036 1804 364
internal_count=15633 2293 13340 1929 11881 10845 1459 1333 1036 1804 364
is_linear=0
shrinkage=1


Tree=1
num_leaves=13
num_cat=0
split_feature=44 43 49 49 5 40 40 5 43 49 38 10
split_gain=31.8323 26.469 23.6807 21.3316 11.0405 10.9708 12.1756 10.1864 6.03409 5.45328 3.92428 3.7532
threshold=0.028545723296701912 0.49490088224411016 44.45000076293946 46.930000305175788 1.0423298478126528 1.3220604658126833 0.73441034555435192 -0.035889038816094392 -0.10042645037174223 12.944999694824221 -0.032899884507060044 0.024890250526368621
decision_type=2 2 10 10 2 2 2 2 2 10 2 2
left_child=3 2 9 5 8 6 -1 -7 -5 -2 11 -3
right_child=1 10 -4 4 -6 7 -8 -9 -10 -11 -12 -13
leaf_value=-0.0013394360903389955 -0.0017204222535715985 -0.0025254101807149869 -0.0063419300516401773 -0.0017772171617828278 -0.003577940774174693 0.0016924967192197523 0.0023083089363341571 -0.0039057922151132414 -9.2328553391263926e-05 0.0024050811264927857 -0.0080299691668349309 -0.0072056871136421856
leaf_weight=1788 1155 125 135 473 176 426 9295 434 825 592 195 123
leaf_count=1788 1155 125 135 473 176 426 9295 434 825 592 195 123
internal_value=-8.81111e-06 -0.00270654 -0.00139838 0.000459041 -0.00237238 0.000809864 0.00102149 -0.00190029 -0.00155315 -0.000600028 -0.00817243 -0.0058251
internal_weight=15742 2325 1882 13417 1474 11943 11083 860 1298 1747 443 248
internal_count=15742 2325 1882 13417 1474 11943 11083 860 1298 1747 443 248
is_linear=0
shrinkage=0.025


Tree=2
num_leaves=12
num_cat=0
split_feature=44 49 31 49 5 38 38 49 46 49 48
split_gain=33.8043 22.4366 21.2652 22.874 11.3966 8.82668 10.6301 10.1724 5.56297 4.82869 4.24537
threshold=0.028545723296701912 46.930000305175788 2.9939482212066655 45.494998931884773 1.0423298478126528 -0.020506440661847588 -0.19000207632780072 15.050000190734865 0.23105636239051822 12.944999694824221 0.43892149627208715
decision_type=2 10 2 10 2 2 2 10 2 10 2
left_child=1 5 3 9 8 6 -1 -7 -3 -2 -4
right_child=2 4 10 -5 -6 7 -8 -9 -10 -11 -12
leaf_value=-0.00026370442919750774 -0.0024569912036915245 -0.0020084418566571568 -0.0062911164543526859 -0.0058643015683806895 -0.0036411389820100067 -0.001153772344128464 0.0038433023723094999 0.0039731924692119587 -0.00047978289152475554 0.0015580514080283945 -0.008281287604636825
leaf_weight=2410 1216 318 188 127 183 2616 6027 866 978 601 193
leaf_count=2410 1216 318 188 127 183 2616 6027 866 978 601 193
internal_value=8.02718e-06 0.000491588 -0.00277092 -0.00169767 -0.0024065 0.000852587 0.00128953 -0.000204689 -0.00155938 -0.000961169 -0.00813795
internal_weight=15723 13398 2325 1944 1479 11919 8437 3482 1296 1817 381
internal_count=15723 13398 2325 1944 1479 11919 8437 3482 1296 1817 381
is_linear=0
shrinkage=0.025


Tree=3
num_leaves=12
num_cat=0
split_feature=44 49 43 49 36 38 5 43 38 49 36
split_gain=30.4557 22.7326 22.4071 18.7583 14.0138 12.7187 9.69883 6.12776 4.92728 4.8627 4.71547
threshold=0.028545723296701912 44.45000076293946 0.49490088224411016 46.930000305175788 -0.15029136836528775 -0.020506440661847588 1.0423298478126528 -0.10042645037174223 -0.22381330281496045 12.944999694824221 0.14776464551687243
decision_type=2 10 2 10 2 2 2 2 2 10 2
left_child=3 2 9 4 8 -6 7 -5 -1 -2 -4
right_child=1 -3 10 6 5 -7 -8 -9 -10 -11 -12
leaf_value=-0.0012668129252336104 -0.0019176102259999023 -0.0059202452602081686 -0.0066282735100060171 -0.0017237018884877992 0.0031923481422301914 -0.00028528808703938717 -0.0031465295048145794 -1.5251298059584806e-05 -0.0054057732497812087 0.0021637050540207823 -0.0069470405631486629
leaf_weight=863 1166 169 128 469 7357 3493 176 830 166 596 275
leaf_count=863 1166 169 128 469 7357 3493 176 830 166 596 275
internal_value=8.84161e-06 -0.00262238 -0.00191532 0.000470002 0.000800762 0.00106575 -0.00218328 -0.00141584 -0.00197897 -0.000686899 -0.00719669
internal_weight=15688 2334 2165 13354 11879 10850 1475 1299 1029 1762 403
internal_count=15688 2334 2165 13354 11879 10850 1475 1299 1029 1762 403
is_linear=0
shrinkage=0.025


Tree=4
num_leaves=12
num_cat=0
split_feature=44 49 49 20 5 40 40 47 49 24 44
split_gain=29.3425 19.8053 19.0366 16.9245 11.8939 10.6267 12.3493 5.6817 5.66246 5.14801 4.72201
threshold=0.028545723296701912 44.45000076293946 46.930000305175788 0.84609714150428783 1.0423298478126528 0.73737406730651867 1.3220604658126833 0.65737342834472667 11.719999790191652 44.979797363281257 0.022673548199236396
decision_type=2 10 10 2 2 2 2 2 10 2 2
left_child=2 3 5 8 10 7 -7 -1 -2 -5 -4
right_child=1 -3 4 9 -6 6 -8 -9 -10 -11 -12
leaf_value=-0.00055345395852301321 -0.0024189159068429087 -0.0058008406462122441 -0.00042974669065840194 -0.0073811813413345462 -0.0033667848191814309 0.0022773658032427405 -0.0023724109530267627 -0.0032951538710652897 0.0015865741602958108 -0.0052112697549241129 -0.0020118720189465158
leaf_weight=1659 1157 170 1078 162 164 9147 827 194 696 167 217
leaf_count=1659 1157 170 1078 162 164 9147 827 194 696 167 217
internal_value=-1.51816e-06 -0.00257266 0.000453973 -0.00191529 -0.00223446 0.000786955 0.00111021 -0.000947928 -0.000974838 -0.00709955 -0.00140865
internal_weight=15638 2352 13286 2182 1459 11827 9974 1853 1853 329 1295
internal_count=15638 2352 13286 2182 1459 11827 9974 1853 1853 329 1295
is_linear=0
shrinkage=0.025


Tree=5
num_leaves=12
num_cat=0
split_feature=31 49 9 41 36 41 48 35 36 17 10
split_gain=25.8119 21.5261 15.4741 13.923 13.6308 11.6232 9.63016 7.7462 5.16406 3.92312 2.02977
threshold=2.9002286195755009 46.930000305175788 0.031607143580913551 0.61400979757308971 -0.15029136836528775 0.43566456437110906 0.48606015741825109 -0.14145146310329434 0.22228828817605975 1.5063287019729616 0.021808992139995102
decision_type=2 10 2 2 2 2 2 2 2 2 2
left_child=1 4 8 6 7 -6 9 -1 -3 -2 -8
right_child=3 2 -4 -5 5 -7 10 -9 -10 -11 -12
leaf_value=-0.0052217671434259148 -0.00070263943069943588 -0.00048716881099666886 -0.0047201542225116713 0.0026777009914683838 -0.00093254457647737462 0.0021908453185750798 -0.0060274263507802805 -0.0012824654166473687 -0.0019954465134050599 -0.0073450161139939603 -0.0065334865293812938
leaf_weight=185 170 935 120 164 2457 9893 120 958 486 133 134
leaf_count=185 170 935 120 164 2457 9893 120 958 486 133 134
internal_value=7.01936e-05 0.000292822 -0.00250081 -0.0045334 0.000613146 0.000855423 -0.00640792 -0.00199151 -0.00174702 -0.00328328 -0.00997587
internal_weight=15755 15034 1541 721 13493 12350 557 1143 1421 303 254
internal_count=15755 15034 1541 721 13493 12350 557 1143 1421 303 254
is_linear=0
shrinkage=0.025


Tree=6
num_leaves=11
num_cat=0
split_feature=43 38 36 40 26 12 35 53 37 13
split_gain=23.2204 16.2486 14.9555 12.5018 9.21152 8.03245 6.42085 5.2137 3.99237 3.1878
threshold=0.52929198741912853 -0.014758274890482424 -0.15029136836528775 1.3220604658126833 0.031698247417807586 -0.10675374791026114 -0.14145146310329434 0.38071574270725256 0.014706502202898266 -0.060842251405119889
decision_type=2 2 2 2 2 2 2 8 2 2
left_child=1 2 6 5 -2 -3 -1 -4 -6 -5
right_child=4 3 7 9 8 -7 -8 -9 -10 -11
leaf_value=-0.0047181605804894272 -0.0005873005224346123 -0.0027101139680881796 -0.0017023300998266729 -0.0032268133738133976 -0.0070371002144280536 -0.00037491878069236673 -0.0013425925212347139 0.0019175099839219224 -0.0056063189114447624 -0.0065274730927845255
leaf_weight=187 210 586 242 124 150 3598 926 9475 205 120
leaf_count=187 210 586 242 124 150 3598 926 9475 205 120
internal_value=7.43146e-05 0.000259697 0.000781611 -0.00101483 -0.00487939 -0.00068841 -0.0019555 0.00109661 -0.00730903 -0.00646084
internal_weight=15823 15258 10830 4428 565 4184 1113 9717 355 244
internal_count=15823 15258 10830 4428 565 4184 1113 9717 355 244
is_linear=0
shrinkage=0.025


Tree=7
num_leaves=12
num_cat=0
split_feature=44 49 43 49 40 40 17 44 46 49 31
split_gain=26.2779 19.775 19.378 14.7505 8.43434 9.44664 9.31656 8.11115 6.73923 6.14003 3.05403
threshold=0.026918863877654079 44.45000076293946 0.49490088224411016 46.930000305175788 1.3220604658126833 0.73441034555435192 0.083523310720920577 0.022673548199236396 0.23105636239051822 12.944999694824221 3.4957901239395146
decision_type=2 10 2 10 2 2 2 2 2 10 2
left_child=3 2 9 4 5 -1 -6 8 -5 -2 -4
right_child=1 -3 10 7 6 -7 -8 -9 -10 -11 -12
leaf_value=-0.0010137179663413545 -0.0015763156297290257 -0.0050429706554491202 -0.0051007906219410551 -0.0019310829466444605 0.0011321143688845057 0.0021862888008384071 -0.0042823381029193034 -0.0028108151971064205 -2.200487826271253e-05 0.0028104345085572663 -0.007180151231223484
leaf_weight=1712 1521 211 236 245 468 8808 345 233 963 803 198
leaf_count=1712 1521 211 236 245 468 8808 345 233 963 803 198
internal_value=7.46921e-05 -0.00204144 -0.00146535 0.000567631 0.000871075 0.00106116 -0.00157243 -0.0018093 -0.000967642 -0.000551202 -0.00628417
internal_weight=15743 2969 2758 12774 11333 10520 813 1441 1208 2324 434
internal_count=15743 2969 2758 12774 11333 10520 813 1441 1208 2324 434
is_linear=0
shrinkage=0.025


Tree=8
num_leaves=12
num_cat=0
split_feature=44 49 31 49 36 40 44 49 35 17 13
split_gain=25.3177 22.2637 16.7943 13.4948 12.0031 7.95135 6.4471 4.92088 4.5169 3.96868 2.556
threshold=0.026918863877654079 44.45000076293946 2.7583248615264897 46.930000305175788 -0.15029136836528775 1.3220604658126833 0.022673548199236396 11.719999790191652 -0.14145146310329434 0.06916318461298944 -0.16948842257261273
decision_type=2 10 2 10 2 2 2 10 2 2 2
left_child=3 2 7 4 8 -6 9 -2 -1 -5 -4
right_child=1 -3 10 6 5 -7 -8 -9 -10 -11 -12
leaf_value=-0.0038545255461202091 -0.0020325237303895336 -0.0051877175896966185 -0.0022263313378642225 -0.0015835215298554757 0.002144308408047595 -0.0019174962860756966 -0.00297908269652006 0.0020610734837288639 -0.0011315527831739782 -0.0001861958908251831 -0.0059741924080882322
leaf_weight=172 1344 215 122 258 9677 617 229 884 790 944 361
leaf_count=172 1344 215 122 258 9677 617 229 884 790 944 361
internal_value=6.25081e-05 -0.0020313 -0.0014051 0.000546506 0.000837737 0.00108785 -0.00173485 -0.000480855 -0.00182394 -0.00098488 -0.00560707
internal_weight=15613 2926 2711 12687 11256 10294 1431 2228 962 1202 483
internal_count=15613 2926 2711 12687 11256 10294 1431 2228 962 1202 483
is_linear=0
shrinkage=0.025


Tree=9
num_leaves=12
num_cat=0
split_feature=44 49 31 49 36 38 44 46 35 49 37
split_gain=25.4883 20.198 19.1296 13.9647 12.1088 10.9777 6.83986 5.82021 5.69042 5.56922 4.68108
threshold=0.026918863877654079 44.45000076293946 2.9939482212066655 46.930000305175788 -0.15029136836528775 -0.020506440661847588 0.022673548199236396 0.23105636239051822 -0.14145146310329434 11.719999790191652 0.018447116017341617
decision_type=2 10 2 10 2 2 2 2 2 10 2
left_child=3 2 9 4 8 -6 7 -5 -1 -2 -4
right_child=1 -3 10 6 5 -7 -8 -9 -10 -11 -12
leaf_value=-0.0041897672941708436 -0.0020476556376184929 -0.0051694689654429348 -0.006358985726455821 -0.0018431963530674599 0.003132265844115625 -0.00012076647478159161 -0.0027290694983405912 -9.0237257184104495e-05 -0.0010623345046375189 0.0017792066865060529 -0.0032113123410234291
leaf_weight=162 1400 209 284 236 7119 3294 235 952 784 929 132
leaf_count=162 1400 209 284 236 7119 3294 235 952 784 929 132
internal_value=5.13787e-05 -0.00203912 -0.00145682 0.000535603 0.000828604 0.00107518 -0.00179359 -0.00100482 -0.0018704 -0.000566088 -0.00636283
internal_weight=15736 2954 2745 12782 11359 10413 1423 1188 946 2329 416
internal_count=15736 2954 2745 12782 11359 10413 1423 1188 946 2329 416
is_linear=0
shrinkage=0.025


Tree=10
num_leaves=13
num_cat=0
split_feature=44 5 36 37 40 36 41 40 41 46 4 23
split_gain=22.0218 13.445 7.65623 7.62975 5.25814 10.4327 5.94334 4.52803 3.21256 4.3718 2.28648 1.17584
threshold=0.026918863877654079 1.4932855367660525 -0.15029136836528775 0.020419962704181675 1.3220604658126833 0.15370678156614306 0.57548674941062938 1.308019816875458 0.70689445734024059 0.37386569380760198 -0.32261636853218073 0.19013448804616931
decision_type=2 2 2 2 2 2 2 2 2 2 2 2
left_child=2 3 8 7 6 -6 -4 -2 9 -1 -10 -5
right_child=1 -3 4 11 5 -7 -8 -9 10 -11 -12 -13
leaf_value=-0.0038215994208600566 -0.0019184570313687428 -0.0068608348826228894 0.00010976648037049703 -0.0019316507164879285 0.00058051789643693565 -0.0053254104003673843 0.0018317934594013052 -0.0085994740769326141 0.0028312292961652436 -0.0023805245171777041 -0.0014564593365359799 0.0026820228616528125
leaf_weight=183 1870 209 4305 121 455 178 6877 213 217 415 148 497
leaf_count=183 1870 209 4305 121 455 178 6877 213 217 415 148 497
internal_value=7.57504e-05 -0.00188465 0.000523254 -0.00140105 0.000698498 -0.00150666 0.000824506 -0.00212464 -0.00161286 -0.00273425 0.000219595 0.00102528
internal_weight=15688 2910 12778 2701 11815 633 11182 2083 963 598 365 618
internal_count=15688 2910 12778 2701 11815 633 11182 2083 963 598 365 618
is_linear=0
shrinkage=0.025


Tree=11
num_leaves=9
num_cat=0
split_feature=5 49 9 49 41 47 9 50
split_gain=21.2142 18.984 16.8936 12.3626 9.70223 7.28398 3.99435 1.80767
threshold=1.4932855367660525 45.875000000000007 0.033252289518713958 12.944999694824221 0.43233948945999151 0.76228907704353344 0.028240815736353401 -1.1750000119209287
decision_type=2 10 2 10 2 2 2 10
left_child=1 3 6 4 -1 -2 -3 -5
right_child=5 2 -4 7 -6 -7 -8 -9
leaf_value=-0.0015883176405919767 -0.0021430801963442268 -0.00068351547694938547 -0.0050385936862479387 -0.0021207386995056045 0.00064364046170431477 -0.0070909078866092162 -0.0024732388266305912 0.0046896172730020733
leaf_weight=2293 132 1405 123 133 7981 167 214 3250
leaf_count=2293 132 1405 123 133 7981 167 214 3250
internal_value=5.50055e-05 0.000184449 -0.00226889 0.000498554 6.60328e-05 -0.00648437 -0.00156789 0.00180822
internal_weight=15698 15399 1742 13657 10274 299 1619 3383
internal_count=15698 15399 1742 13657 10274 299 1619 3383
is_linear=0
shrinkage=0.025


Tree=12
num_leaves=14
num_cat=0
split_feature=44 49 43 49 38 42 49 38 46 31 44 35 19
split_gain=20.7158 20.0869 16.3728 10.6698 11.068 6.91001 6.16184 5.80521 5.79283 4.43729 1.65751 1.75415 0.0993103
threshold=0.026102939620614055 44.45000076293946 0.49490088224411016 45.875000000000007 -0.020506440661847588 -0.089377239346504198 12.944999694824221 -0.19192274659872052 0.66954022645950328 3.4957901239395146 0.02314331661909819 0.35372593998909002 0.26411764323711401
decision_type=2 10 2 8 2 2 10 2 2 2 2 2 2
left_child=3 2 6 10 7 -6 -2 -5 -3 -4 12 -12 -1
right_child=1 8 9 4 5 -7 -8 -9 -10 -11 11 -13 -14
leaf_value=0.0059451846149894102 -0.0012960309744344525 -0.0022829386130028976 -0.0044666436649754551 -0.00043743765722423049 -0.0028074664698284086 -0.00089936505237556044 0.0028528485133192984 0.0015800794959325807 -0.0062477481251832379 -0.0060275057615556682 0.0052265298623374876 -0.0016949000588190898 0.0029590744810036071
leaf_weight=1855 1759 124 244 2099 370 2256 942 4979 122 199 535 177 121
leaf_count=1855 1759 124 244 2099 370 2256 942 4979 122 199 535 177 121
internal_value=6.0097e-05 -0.00166973 -0.00112218 0.000534303 0.000147157 -0.0012367 -0.000384793 0.000661972 -0.00848108 -0.00554966 0.00192675 0.000869944 0.00230124
internal_weight=15782 3390 3144 12392 9704 2626 2701 7078 246 443 2688 712 1976
internal_count=15782 3390 3144 12392 9704 2626 2701 7078 246 443 2688 712 1976
is_linear=0
shrinkage=0.025


Tree=13
num_leaves=12
num_cat=0
split_feature=44 49 43 49 36 38 5 35 46 36 9
split_gain=21.6567 15.0075 15.6067 13.7903 8.98912 11.7627 5.44118 5.02565 4.60235 4.08245 3.08934
threshold=0.028545723296701912 43.470001220703132 0.51028278470039379 46.930000305175788 -0.15029136836528775 -0.020506440661847588 1.1165813207626345 -0.14145146310329434 0.23105636239051822 0.15957265347242358 0.040519224479794509
decision_type=2 10 2 10 2 2 2 2 2 2 2
left_child=3 2 10 4 7 -6 8 -1 -5 -4 -2
right_child=1 -3 9 6 5 -7 -8 -9 -10 -11 -12
leaf_value=-0.0033109654606883637 -0.0020204389434493762 -0.0047525174041746446 -0.0056493946416422726 -0.0015992717264854625 0.002793841940684192 -0.00035768301383623909 -0.0027071296715688287 -0.00070925332218103616 -0.00035155942885591756 -0.0054098697288089094 0.0013299157292483877
leaf_weight=175 1134 174 122 311 7452 3498 122 850 1046 271 658
leaf_count=175 1134 174 122 311 7452 3498 122 850 1046 271 658
internal_value=5.06544e-05 -0.00215577 -0.0015782 0.000438647 0.000720472 0.000930511 -0.00183373 -0.00151092 -0.00135921 -0.00605842 -0.000578047
internal_weight=15813 2359 2185 13454 11975 10950 1479 1025 1357 393 1792
internal_count=15813 2359 2185 13454 11975 10950 1479 1025 1357 393 1792
is_linear=0
shrinkage=0.025


Tree=14
num_leaves=15
num_cat=0
split_feature=44 43 38 36 34 35 40 50 37 36 53 39 50 38
split_gain=17.524 13.2281 11.4008 11.9737 7.63527 6.53906 5.97255 5.44657 4.66035 4.53306 3.94096 3.49397 1.87912 0.893443
threshold=0.028545723296701912 0.51028278470039379 -0.020506440661847588 -0.15029136836528775 0.15052194893360141 -0.14145146310329434 1.3220604658126833 2.2100000381469731 0.020419962704181675 0.045781116932630546 0.32769282162189489 0.87148874998092662 -0.46999999880790705 -0.11592183262109755
decision_type=2 2 2 2 2 2 2 8 2 2 8 2 8 2
left_child=2 8 3 5 6 -1 -4 -3 9 -2 -5 -9 -6 -10
right_child=1 7 4 10 12 -7 -8 11 13 -11 -12 -13 -14 -15
leaf_value=-0.0040249348405424629 -0.0029385570482052896 -0.0061379253098780033 -0.0011021860454253861 -0.0015928694981801987 -0.0015976827949211779 -0.00086023094805151774 -0.0051171365954538126 -0.001033124904062185 0.0046908262102096426 -0.0010244233439948066 0.0019921907658491779 -0.0066793679088416741 0.0029975488996580478 0.00012756192692962837
leaf_weight=175 240 134 2841 140 125 839 174 124 228 1250 8256 141 849 231
leaf_count=175 240 134 2841 140 125 839 174 124 228 1250 8256 141 849 231
internal_value=5.62628e-05 -0.00193317 0.000405942 0.000880908 -0.000712631 -0.00167689 -0.00133485 -0.00605507 -0.0010728 -0.00175167 0.00119138 -0.00381944 0.00120403 0.00111261
internal_weight=15747 2348 13399 9410 3989 1014 3015 399 1949 1490 8396 265 974 459
internal_count=15747 2348 13399 9410 3989 1014 3015 399 1949 1490 8396 265 974 459
is_linear=0
shrinkage=0.025


Tree=15
num_leaves=12
num_cat=0
split_feature=44 49 45 49 36 38 31 35 34 45 53
split_gain=18.7836 17.7546 11.9543 10.8143 8.84582 8.81792 6.38092 5.78411 5.01005 5.52099 1.75921
threshold=0.026918863877654079 44.45000076293946 0.99137932062149059 46.930000305175788 -0.15029136836528775 -0.020506440661847588 2.9939482212066655 -0.14145146310329434 0.008980362210422756 0.40040352940559393 1.0671114921569826
decision_type=2 10 2 10 2 2 2 2 2 2 10
left_child=3 2 6 4 7 -6 -2 -1 10 -10 -5
right_child=1 -3 -4 8 5 -7 -8 -9 9 -11 -12
leaf_value=-0.0038246305065298379 -0.00041909287128873347 -0.0045746968829826779 -0.0070305024672375821 0.00084884519904860711 0.0027747095982004425 -0.00010186606533863288 -0.0028856065197786322 -0.00074121065882672328 -0.0018317585072411737 -0.0010184894356381226 -0.00073806947937245801
leaf_weight=167 2282 202 179 393 7074 3297 277 788 291 423 308
leaf_count=167 2282 202 179 393 7074 3297 277 788 291 423 308
internal_value=0.000103357 -0.00169567 -0.00115704 0.000519477 0.000777403 0.000989905 -0.000710316 -0.00151693 -0.00153609 -0.00300243 -2.30169e-05
internal_weight=15681 2940 2738 12741 11326 10371 2559 955 1415 714 701
internal_count=15681 2940 2738 12741 11326 10371 2559 955 1415 714 701
is_linear=0
shrinkage=0.025


Tree=16
num_leaves=13
num_cat=0
split_feature=49 43 44 40 36 36 30 44 46 53 34 5
split_gain=16.6968 16.42 13.027 10.8234 14.2463 9.91541 7.3827 5.15342 4.65852 4.50367 3.12869 3.02772
threshold=46.930000305175788 0.54983142018318187 0.02355082239955664 1.3220604658126833 0.15370678156614306 -0.15029136836528775 0.056790020316839225 0.028545723296701912 0.23105636239051822 1.5798761844635012 0.008980362210422756 1.0423298478126528
decision_type=10 2 2 2 2 2 2 2 2 8 2 2
left_child=1 3 8 5 -5 -1 -4 -3 10 -9 -2 -10
right_child=2 7 6 4 -6 -7 -8 9 11 -11 -12 -13
leaf_value=-0.0020673615861518582 -0.00027994624009801617 2.2600216233493534e-05 -0.001356401786559356 -8.1945974145670463e-05 -0.0069085135200518304 0.0014758925177412352 -0.00412587441946428 -0.0059765142230477396 0.00011636973471031811 -0.0052349301407787277 -0.0028286853028682366 -0.001276553484977668
leaf_weight=908 129 142 125 734 295 11676 220 124 879 215 139 125
leaf_count=908 129 142 125 734 295 11676 220 124 879 215 139 125
internal_value=8.88427e-05 0.00036554 -0.00231273 0.000526968 -0.00193061 0.000729109 -0.00658929 -0.00414866 -0.00112666 -0.00580305 -0.00402473 -0.000330773
internal_weight=15711 14094 1617 13613 1029 12584 345 481 1272 339 268 1004
internal_count=15711 14094 1617 13613 1029 12584 345 481 1272 339 268 1004
is_linear=0
shrinkage=0.025


Tree=17
num_leaves=13
num_cat=0
split_feature=44 43 49 49 38 36 5 49 51 36 49 30
split_gain=16.3904 13.2856 13.2011 11.9459 9.11636 8.3474 5.2217 4.37645 3.1698 3.1109 0.518758 0.32958
threshold=0.027027207426726822 0.52929198741912853 45.494998931884773 45.875000000000007 -0.020506440661847588 -0.15029136836528775 1.13135701417923 12.944999694824221 3.0900000333786015 0.67559540271759044 30.645000457763675 0.17930871993303302
decision_type=2 2 10 8 2 2 2 10 8 2 10 2
left_child=3 2 7 9 5 -5 -6 -2 -3 10 -1 -10
right_child=1 8 -4 4 6 -7 -8 -9 11 -11 -12 -13
leaf_value=0.006375411316315637 -0.0011173058361225569 -0.005553492547706867 -0.0043571826005401743 -0.0018594906354704823 -0.0010228148729131354 0.00120353223342057 -0.0028898409331854424 0.0023152103078926908 -0.0056850355847491343 -0.00066608051105556613 0.003309364207558277 -0.0039261514010179854
leaf_weight=1990 1486 149 182 946 2574 6252 124 788 120 212 750 122
leaf_count=1990 1486 149 182 946 2574 6252 124 788 120 212 750 122
internal_value=0.000118233 -0.00159581 -0.000905628 0.000499008 8.16838e-05 0.000546821 -0.00115566 -0.00037681 -0.00584912 0.00189339 0.00211976 -0.00390182
internal_weight=15695 2847 2456 12848 9896 7198 2698 2274 391 2952 2740 242
internal_count=15695 2847 2456 12848 9896 7198 2698 2274 391 2952 2740 242
is_linear=0
shrinkage=0.025


Tree=18
num_leaves=13
num_cat=0
split_feature=38 44 40 49 38 34 4 9 39 49 31 45
split_gain=15.9348 11.7455 8.71618 7.72483 10.0423 9.07949 7.51327 6.22904 5.52449 5.35123 4.20514 3.62412
threshold=-0.020506440661847588 0.024222452193498615 1.3220604658126833 46.385000228881843 -0.19000207632780072 -0.039185879752039902 0.9954170584678651 0.028240815736353401 0.30601516366004949 45.875000000000007 2.2111445665359502 0.14343360066413882
decision_type=2 2 2 10 2 2 2 2 2 8 2 2
left_child=3 2 9 4 5 -1 -6 11 -3 -2 -10 -5
right_child=1 8 -4 7 6 -7 -8 -9 10 -11 -12 -13
leaf_value=0.0020284660834248578 0.0030991097888836048 -0.0054334562165228991 -0.0048221597908794231 -0.0015273766594094879 0.0027682067188600319 -0.001638623747040324 -0.0035873415740660854 -0.0024780184833791477 -0.0011395275087753339 -0.00070462690024101148 -0.0041487558920076653 6.713085088763119e-05
leaf_weight=1126 813 126 147 129 6777 1592 134 199 881 2294 531 855
leaf_count=1126 813 126 147 129 6777 1592 134 199 881 2294 531 855
internal_value=9.63387e-05 -0.00110251 -0.000248159 0.000628525 0.000863219 -0.000421869 0.00136947 -0.0012721 -0.00289938 3.57488e-05 -0.00242678 -0.000438574
internal_weight=15604 4792 3254 10812 9629 2718 6911 1183 1538 3107 1412 984
internal_count=15604 4792 3254 10812 9629 2718 6911 1183 1538 3107 1412 984
is_linear=0
shrinkage=0.025


Tree=19
num_leaves=12
num_cat=0
split_feature=31 41 40 36 41 36 37 45 20 43 15
split_gain=13.196 9.83119 9.27805 9.79649 9.00359 8.85265 4.96432 4.317 3.208 2.95761 0.17868
threshold=2.4321132898330693 0.64042451977729808 1.3220604658126833 0.18850438296794894 0.43566456437110906 -0.15029136836528775 0.018661388196051124 0.71515038609504711 0.7132282853126527 0.17575494199991229 0.54310345649719249
decision_type=2 2 2 2 2 2 2 2 2 2 2
left_child=2 6 4 9 8 -6 7 -2 -1 -4 -3
right_child=1 10 3 -5 5 -7 -8 -9 -10 -11 -12
leaf_value=-0.00069448022633705709 -0.0040330779362972849 0.0033961752852489225 0.00022355247691430532 -0.0060580926426604693 -0.0021301947679607087 0.0013649268697449211 -0.00080437053590281615 -0.0035493255930487176 -0.0054165317409131386 -0.0030504257626369747 0.0011145021185186776
leaf_weight=2652 123 159 576 225 628 10085 226 592 126 178 125
leaf_count=2652 123 159 576 225 628 10085 226 592 126 178 125
internal_value=0.000102309 -0.00238313 0.000313903 -0.00202871 0.000485051 0.000814168 -0.00361126 -0.00462674 -0.000781081 -0.000637352 0.00165657
internal_weight=15695 1225 14470 979 13491 10713 941 715 2778 754 284
internal_count=15695 1225 14470 979 13491 10713 941 715 2778 754 284
is_linear=0
shrinkage=0.025


Tree=20
num_leaves=13
num_cat=0
split_feature=49 43 44 49 38 44 30 36 46 5 2 36
split_gain=18.192 16.5166 11.5424 9.19215 10.3458 6.49728 5.82956 5.64009 4.8445 3.96798 3.39673 2.50549
threshold=46.930000305175788 0.52929198741912853 0.02355082239955664 12.944999694824221 -0.020506440661847588 0.030813989229500297 0.056790020316839225 0.33888812363147741 0.23105636239051822 1.0423298478126528 -0.016207293607294556 0.71998950839042675
decision_type=10 2 2 10 2 2 2 2 2 2 2 2
left_child=1 3 8 4 -1 -3 -4 -7 10 -10 -2 -5
right_child=2 5 6 11 -6 7 -8 -9 9 -11 -12 -13
leaf_value=0.0010012484079194464 -0.00064082357521875642 -0.00042499689216251582 -0.0011716594750452276 0.0039866324386453027 -0.0012566610230355935 -0.0041311598628079689 -0.0040007792913287262 -0.0054961966109640936 3.1716714078763987e-05 -0.0012444622781634398 -0.0032081455576582272 -0.0022402262503075448
leaf_weight=7157 153 218 124 3397 2991 188 216 130 883 137 120 145
leaf_count=7157 153 218 124 3397 2991 188 216 130 883 137 120 145
internal_value=6.09084e-05 0.000348447 -0.00243361 0.000517981 0.00013432 -0.00393484 -0.00650362 -0.00618808 -0.00133763 -0.000530488 -0.00426709 0.00161369
internal_weight=15859 14226 1633 13690 10148 536 340 318 1293 1020 273 3542
internal_count=15859 14226 1633 13690 10148 536 340 318 1293 1020 273 3542
is_linear=0
shrinkage=0.025


Tree=21
num_leaves=8
num_cat=0
split_feature=5 49 40 36 29 40 5
split_gain=13.6946 12.6489 11.1788 11.3984 10.2585 7.79224 3.66644
threshold=1.7016428709030154 46.385000228881843 1.3220604658126833 0.1931925565004349 0.074083369225263609 0.74074867367744457 1.0423298478126528
decision_type=2 10 2 2 2 2 2
left_child=1 2 5 -4 6 -1 -3
right_child=-2 4 3 -5 -6 -7 -8
leaf_value=-0.00093461273410303664 -0.0055340572036039065 -0.00049767796722216962 -0.00039721408334986245 -0.0065528573934430026 -0.0041980183413670019 0.0014569034238862786 -0.0017047248952535917
leaf_weight=2274 196 1370 772 276 188 10504 175
leaf_count=2274 196 1370 772 276 188 10504 175
internal_value=0.000120955 0.000205041 0.000457939 -0.00201686 -0.00180452 0.00066211 -0.00111694
internal_weight=15755 15559 13826 1048 1733 12778 1545
internal_count=15755 15559 13826 1048 1733 12778 1545
is_linear=0
shrinkage=0.025


Tree=22
num_leaves=13
num_cat=0
split_feature=38 36 44 40 35 5 41 31 40 53 48 43
split_gain=14.6673 11.0506 9.03124 8.4882 6.70514 5.51213 5.37525 5.20236 4.60187 4.18901 3.05794 3.01946
threshold=-0.020506440661847588 -0.15029136836528775 0.024329521693289283 1.3220604658126833 -0.14145146310329434 1.4932855367660525 0.57930284738540661 2.7583248615264897 0.72801762819290172 0.38071574270725256 0.077035948634147658 -0.25217366218566889
decision_type=2 2 2 2 2 2 2 2 2 8 2 2
left_child=1 4 3 8 -1 10 7 -3 -2 -8 -4 -6
right_child=2 6 5 -5 11 -7 9 -9 -10 -11 -12 -13
leaf_value=-0.0044619753950251957 -0.0029609849161679829 0.00041174337827375255 -0.0044145081509814029 -0.0044619219405722483 -0.0045213312275230056 -0.0061578672764943778 -0.0011993705545689755 -0.0033097209294368612 0.00031451833624821673 0.0024039724598822355 -0.0016579490093641134 -0.0001817384819974956
leaf_weight=184 430 3566 170 148 133 128 168 227 2758 5772 1219 819
leaf_count=184 430 3566 170 148 133 128 168 227 2758 5772 1219 819
internal_value=0.000125501 0.000636036 -0.00101611 -0.000285468 -0.0016904 -0.00261252 0.000908939 0.000171472 -7.43805e-06 0.00137826 -0.00213146 -0.00082419
internal_weight=15722 10869 4853 3336 1136 1517 9733 3793 3188 5940 1389 952
internal_count=15722 10869 4853 3336 1136 1517 9733 3793 3188 5940 1389 952
is_linear=0
shrinkage=0.025


Tree=23
num_leaves=11
num_cat=0
split_feature=49 29 43 40 13 40 11 41 31 46
split_gain=16.5565 12.951 11.7895 11.0514 8.59048 7.26049 4.24167 3.43991 3.00931 4.24775
threshold=46.385000228881843 0.074647113680839552 0.52929198741912853 1.3220604658126833 -0.092210594564676271 0.73103401064872753 0.024788409471511844 0.38498005270957952 2.0349383354187016 0.23105636239051822
decision_type=10 2 2 2 2 2 2 2 2 2
left_child=2 8 3 5 -5 -1 7 -4 9 -2
right_child=1 -3 6 4 -6 -7 -8 -9 -10 -11
leaf_value=-0.00088326834075996743 -0.0015375798562881531 -0.0042490959815427633 -0.0039444214023364515 -0.00082568657878397112 -0.0062724428063330451 0.0015349375937160623 -0.0046601098725905276 0.0012899077908228433 -0.0014334354616312842 -0.00018762879573723014
leaf_weight=2086 325 187 180 813 200 10433 176 181 170 1046
leaf_count=2086 325 187 180 813 200 10433 176 181 170 1046
internal_value=9.88009e-05 -0.00220643 0.000383065 0.00052809 -0.00197569 0.000731895 -0.00323109 -0.00161544 -0.00143354 -0.00102925
internal_weight=15797 1728 14069 13532 1013 12519 537 361 1541 1371
internal_count=15797 1728 14069 13532 1013 12519 537 361 1541 1371
is_linear=0
shrinkage=0.025


Tree=24
num_leaves=14
num_cat=0
split_feature=38 36 44 47 34 38 5 39 34 45 47 41 33
split_gain=13.0643 10.1897 9.21532 6.39609 6.22623 5.7497 5.053 4.60092 3.88271 3.12684 2.81731 2.33779 0.885716
threshold=-0.020506440661847588 -0.15029136836528775 0.024714822880923751 0.95286133885383617 0.15052194893360141 -0.22511354088783261 1.4932855367660525 1.3595697283744814 0.037550894543528564 0.95286133885383617 0.81896552443504345 0.57548674941062938 0.0012879305868409576
decision_type=2 2 2 2 2 2 2 2 2 2 2 2 2
left_child=1 5 4 11 7 10 8 -2 -4 -5 -1 -3 -6
right_child=2 3 6 9 12 -7 -8 -9 -10 -11 -12 -13 -14
leaf_value=-0.00013336917309413288 -0.00063296510469985998 0.00051740344072622889 -0.0038074967614305944 -0.00061918625831447493 -2.1557583580553413e-05 -0.0041695666124940151 -0.0051355656429565074 -0.0019066085441358641 -0.0018316165380525479 -0.0034259949393168551 -0.0046669796582977574 0.0020606831906637619 0.0043927057825318078
leaf_weight=755 2387 3356 155 334 146 196 125 197 1183 148 165 5892 646
leaf_count=755 2387 3356 155 334 146 196 125 197 1183 148 165 5892 646
internal_value=0.000119901 0.000602134 -0.000959176 0.000862224 -0.000237725 -0.00165366 -0.00261325 -0.000833816 -0.0021398 -0.00192762 -0.000804054 0.00100927 0.00169228
internal_weight=15685 10846 4839 9730 3376 1116 1463 2584 1338 482 920 9248 792
internal_count=15685 10846 4839 9730 3376 1116 1463 2584 1338 482 920 9248 792
is_linear=0
shrinkage=0.025


Tree=25
num_leaves=12
num_cat=0
split_feature=49 43 44 49 36 31 44 17 19 36 44
split_gain=13.5032 10.3885 9.98958 9.96741 7.75582 5.22531 4.18761 3.5844 3.08629 2.39959 2.14249
threshold=45.875000000000007 0.52929198741912853 0.023869787342846397 12.944999694824221 0.3165224045515061 0.82405319809913646 0.028545723296701912 -0.038058372214436524 0.093916803598403945 0.33888812363147741 0.023060186766088012
decision_type=10 2 2 10 2 2 2 2 2 2 2
left_child=1 3 7 4 -1 -4 -3 -2 -9 -8 -5
right_child=2 6 5 10 -6 -7 9 8 -10 -11 -12
leaf_value=0.00092723177539754851 -0.0014668063811540924 0.0013477366906989065 -0.00092569171844636595 0.0051832492828153215 -0.0011114867583556954 -0.0038526037545263524 -0.004225146519479187 0.00012079818721890976 -0.0016939074110711592 -0.0047589772504680423 0.0022006712471509212
leaf_weight=7427 194 165 122 1849 2588 234 193 932 292 155 1577
leaf_count=7427 194 165 122 1849 2588 234 193 932 292 155 1577
internal_value=0.000148653 0.000410398 -0.00190205 0.000544493 0.000145334 -0.00561981 -0.00306226 -0.000947821 -0.000434296 -0.00459986 0.00170759
internal_weight=15728 13954 1774 13441 10015 356 513 1418 1224 348 3426
internal_count=15728 13954 1774 13441 10015 356 513 1418 1224 348 3426
is_linear=0
shrinkage=0.025


Tree=26
num_leaves=12
num_cat=0
split_feature=38 49 17 38 10 48 15 49 49 6 31
split_gain=11.6627 8.33666 9.91505 7.27503 5.7657 5.40512 3.85992 3.53104 3.24468 0.386215 0.0679705
threshold=-0.020506440661847588 30.645000457763675 1.3235067725181582 -0.19000207632780072 0.016554995439946655 0.094827588647604003 0.21551724523305896 13.34500026702881 46.930000305175788 0.085770230740308775 2.2111445665359502
decision_type=2 8 2 2 2 2 2 10 10 2 2
left_child=1 9 3 -3 6 -6 -2 -7 -8 10 -1
right_child=4 2 -4 -5 5 7 8 -9 -10 -11 -12
leaf_value=0.0067354239223967813 -0.0029544865735227598 -0.00076861458923665126 -0.0028803056637367553 0.0010833801457114519 -0.0045491021019071808 -0.0024741493415893307 7.2291489912342996e-05 -0.00016702632217248609 -0.0014873528071968078 0.0017268369401078967 0.003895143858375417
leaf_weight=1245 122 2535 121 6504 125 682 3035 519 316 141 307
leaf_count=1245 122 2535 121 6504 125 682 3035 519 316 141 307
internal_value=0.000130852 0.000584937 0.000285734 0.000383265 -0.000894307 -0.00229433 -0.000355448 -0.00175477 -0.000191076 0.00219449 0.00231134
internal_weight=15652 10853 9160 9039 4799 1326 3473 1201 3351 1693 1552
internal_count=15652 10853 9160 9039 4799 1326 3473 1201 3351 1693 1552
is_linear=0
shrinkage=0.025


Tree=27
num_leaves=13
num_cat=0
split_feature=49 38 36 40 44 13 41 38 19 41 17 11
split_gain=13.0628 10.0303 10.4988 8.64284 7.55507 6.6723 6.51517 4.77813 4.3755 4.12256 3.29102 3.02949
threshold=48.564998626708991 -0.020506440661847588 -0.15029136836528775 1.3220604658126833 0.022673548199236396 -0.085243310779333101 0.39981979131698614 -0.22234245389699933 0.005545827792957426 0.42977336049079901 0.057458538562059409 0.012938537169247867
decision_type=10 2 2 2 2 2 2 2 2 2 2 2
left_child=1 2 7 6 10 -5 -3 -1 -6 -4 -2 -12
right_child=4 3 9 5 8 -7 -8 -9 -10 -11 11 -13
leaf_value=-0.00097877933370007315 -0.0015760072926923269 -0.0020691402054012395 -6.3500966804655538e-05 -0.00069042648745993316 -0.00097818749171719533 -0.0068813372887613806 0.00019441623174498083 -0.0049849153309919243 -0.0039467487270605402 0.0023868219127006654 -0.0011713102639530056 0.00020919452643226494
leaf_weight=985 231 1000 1436 121 179 143 3149 166 183 7319 195 669
leaf_count=985 231 1000 1436 121 179 143 3149 166 183 7319 195 669
internal_value=0.000146299 0.000376379 0.000818157 -0.000613683 -0.00210414 -0.00495818 -0.000330103 -0.00141977 -0.00521458 0.00111373 -0.00105114 -0.000326525
internal_weight=15776 14319 9906 4413 1457 264 4149 1151 362 8755 1095 864
internal_count=15776 14319 9906 4413 1457 264 4149 1151 362 8755 1095 864
is_linear=0
shrinkage=0.025


Tree=28
num_leaves=13
num_cat=0
split_feature=49 43 44 49 36 12 44 46 36 41 38 34
split_gain=11.7241 10.4124 9.29787 8.98723 9.7877 5.69694 4.89363 3.55201 2.94425 2.57827 2.20119 2.18127
threshold=46.930000305175788 0.52929198741912853 0.02355082239955664 12.944999694824221 0.31536303460597997 -0.18874275684356687 0.026345886290073398 0.23105636239051822 0.71998950839042675 0.57930284738540661 -0.046023968607187264 0.008980362210422756
decision_type=10 2 2 10 2 2 2 2 2 2 2 2
left_child=1 3 7 4 -1 -4 -3 11 -5 -9 -8 -2
right_child=2 6 5 8 -6 -7 10 9 -10 -11 -12 -13
leaf_value=0.00091938582484643149 -0.00055716370612598619 0.0041998040860046206 -0.00093687678910176874 0.0037387555449404086 -0.0011538641005973457 -0.0036321796983938993 -0.0034928441821220472 -0.00075457741679545881 -0.0024210130275000678 0.00047794378766470228 -0.0048321277651064178 -0.0015791080341149195
leaf_weight=7420 132 128 135 3403 2608 201 189 353 136 640 199 138
leaf_count=7420 132 128 135 3403 2608 201 189 353 136 640 199 138
internal_value=0.000109884 0.000340804 -0.00191474 0.00047423 9.10745e-05 -0.00558284 -0.0031262 -0.000915812 0.0015565 -0.000211673 -0.00451336 -0.00343182
internal_weight=15682 14083 1599 13567 10028 336 516 1263 3539 993 388 270
internal_count=15682 14083 1599 13567 10028 336 516 1263 3539 993 388 270
is_linear=0
shrinkage=0.025


Tree=29
num_leaves=13
num_cat=0
split_feature=49 49 31 44 36 12 17 41 44 49 12 8
split_gain=12.925 9.67903 11.072 7.74372 6.45536 5.25078 3.63628 3.57652 3.28225 2.63287 2.36332 0.0829187
threshold=45.494998931884773 12.944999694824221 2.1143788099288945 0.023869787342846397 -0.15029136836528775 -0.18874275684356687 -0.051266556605696671 0.64042451977729808 0.023060186766088012 30.645000457763675 -0.01012557605281472 0.016537509858608249
decision_type=10 10 2 2 2 2 2 2 2 10 2 2
left_child=1 2 4 6 -1 -5 -2 -4 11 -10 -8 -3
right_child=3 8 7 5 -6 -7 10 -9 9 -11 -12 -13
leaf_value=-0.0017436696439676856 -0.0012992842035178492 0.0036850835502634524 -0.0029435069243452573 -0.0006363116163963725 0.00067369587191387951 -0.0036093664008305239 -1.857387181662567e-05 0.0014054649093972278 0.002322884371677133 -0.0012656703051347202 -0.0015271451621709331 0.0053314689122493097
leaf_weight=1137 174 124 634 123 8539 232 1038 121 1288 390 219 1674
leaf_count=1137 174 124 634 123 8539 232 1038 121 1288 390 219 1674
internal_value=0.000125892 0.000383572 2.03631e-06 -0.00187256 0.000230736 -0.00515625 -0.00103847 -0.00290296 0.00152506 0.000721182 -0.000555666 0.00226775
internal_weight=15693 13907 10431 1786 9676 355 1431 755 3476 1678 1257 1798
internal_count=15693 13907 10431 1786 9676 355 1431 755 3476 1678 1257 1798
is_linear=0
shrinkage=0.025


Tree=30
num_leaves=12
num_cat=0
split_feature=49 49 36 36 40 29 4 5 45 35 5
split_gain=10.7914 9.63008 9.45849 9.24299 8.73901 7.99811 4.23506 2.92003 3.93479 1.4856 1.25691
threshold=45.494998931884773 12.944999694824221 0.31000812351703649 -0.15029136836528775 1.3220604658126833 0.084325097501277937 0.75254958868026745 1.0423298478126528 0.5524578094482423 0.34646423161029821 1.0062308907508852
decision_type=10 10 2 2 2 2 2 2 2 2 2
left_child=1 2 3 -1 -4 7 9 8 -2 -3 -8
right_child=5 6 4 -5 -6 -7 10 -9 -10 -11 -12
leaf_value=-0.0017796291998275493 -0.0010916301693114959 0.005458381289129558 -0.00078791262038813224 0.0013574600275754174 -0.0068166860923016314 -0.0048590985853733254 -0.0033691500984309509 -0.0014259587963684189 0.0006123629895397149 0.00078947757834440353 0.00022864125157959103
leaf_weight=1108 872 2462 2722 6367 171 141 130 216 567 566 337
leaf_count=1108 872 2462 2722 6367 171 141 130 216 567 566 337
internal_value=0.000138295 0.000375054 -7.10971e-06 0.000462066 -0.00122024 -0.0016817 0.00150893 -0.00117846 -0.000759176 0.00185089 -0.000691208
internal_weight=15659 13863 10368 7475 2893 1796 3495 1655 1439 3028 467
internal_count=15659 13863 10368 7475 2893 1796 3495 1655 1439 3028 467
is_linear=0
shrinkage=0.025


Tree=31
num_leaves=13
num_cat=0
split_feature=41 5 40 37 53 36 36 17 48 40 44 41
split_gain=12.277 9.4076 6.24699 4.95223 4.85365 8.31716 4.25997 3.97351 4.61988 3.96748 1.82774 0.143364
threshold=0.57930284738540661 1.4362657666206362 1.2292595505714419 0.015613466966897251 0.38071574270725256 0.16270258277654651 0.73602223396301281 0.12240365892648698 0.8479457199573518 1.3220604658126833 0.02314331661909819 0.70510786771774303
decision_type=2 2 2 2 10 2 2 2 2 2 2 2
left_child=1 6 7 -3 5 -4 9 8 -2 -1 -9 -6
right_child=2 3 4 -5 11 -7 -8 10 -10 -11 -12 -13
leaf_value=-0.00026741411138988023 0.00064193785658687758 -0.0056262295502045425 -0.00019827421031847565 -0.0020553622053451136 0.0023330432002008844 -0.0036408064496571096 -0.0033849325468299422 0.0022586995227426893 -0.0026739586615321768 -0.0060525940145486293 0.0010163781778673986 0.0031422358449939556
leaf_weight=6431 2293 127 909 145 140 344 122 3333 270 202 1138 201
leaf_count=6431 2293 127 909 145 140 344 122 3333 270 202 1138 201
internal_value=9.93775e-05 -0.000675661 0.000731351 -0.00519404 -0.000677767 -0.00140004 -0.00048909 0.00105182 0.000263337 -0.000400911 0.00150162 0.00194003
internal_weight=15655 7027 8628 272 1594 1253 6755 7034 2563 6633 4471 341
internal_count=15655 7027 8628 272 1594 1253 6755 7034 2563 6633 4471 341
is_linear=0
shrinkage=0.025


Tree=32
num_leaves=13
num_cat=0
split_feature=38 36 40 35 43 22 41 47 13 41 53 40
split_gain=10.5753 6.41375 6.32658 6.32087 5.59613 5.49223 4.57544 4.14626 4.13732 3.31339 3.24804 2.17274
threshold=-0.019125402905046936 -0.15029136836528775 1.3220604658126833 -0.14145146310329434 0.46610485017299658 0.18398656696081164 0.57930284738540661 0.99137932062149059 -0.073120929300785051 0.38875202834606176 0.33059573173522955 1.2336506843566897
decision_type=2 2 2 2 2 2 2 2 2 2 8 2
left_child=1 3 4 -1 5 -2 7 -3 -4 -6 -8 -5
right_child=2 6 8 11 9 -7 10 -9 -10 -11 -12 -13
leaf_value=-0.004077267778228642 -0.0034524867261407108 0.00033378317703790651 -0.00129281924751775 0.0003013560072789902 -0.0048525930025709475 -0.0002845862532676611 -0.00069134942560702788 -0.0029320949169803425 -0.0055693768994092832 -0.00089218367641777114 0.0020194900559225358 -0.0043197267943546882
leaf_weight=187 120 3712 129 722 173 4150 135 136 131 123 5769 228
leaf_count=187 120 3712 129 722 173 4150 135 136 131 123 5769 228
internal_value=0.000133985 0.000566023 -0.000839112 -0.00120512 -0.000618847 -0.000384503 0.000773675 0.000100895 -0.00459906 -0.00391611 0.00121065 -0.000359948
internal_weight=15715 10889 4826 1137 4566 4270 9752 3848 260 296 5904 950
internal_count=15715 10889 4826 1137 4566 4270 9752 3848 260 296 5904 950
is_linear=0
shrinkage=0.025


Tree=33
num_leaves=12
num_cat=0
split_feature=44 46 37 43 11 31 36 35 5 9 25
split_gain=10.0847 8.82783 4.99576 4.78454 4.82578 3.01495 2.98198 2.90141 2.87135 2.5902 0.165188
threshold=0.02355082239955664 0.99137932062149059 0.028929031454026703 -0.19421739876270291 0.010467907879501583 2.7583248615264897 -0.16901501268148419 0.064929503947496428 0.014842244796454908 0.025059097446501259 2.2401614189147954
decision_type=2 2 2 2 2 2 2 2 2 2 2
left_child=3 2 5 4 -1 -2 8 -8 -5 -6 -4
right_child=1 -3 10 6 9 -7 7 -9 -10 -11 -12
leaf_value=-0.0034105518768295096 -0.00076471284156096227 -0.0048357721694777473 0.004759470141856216 1.6890998364726034e-05 -0.00069057433902523248 -0.0024643095958393384 0.0022228321659332698 0.0006349795160769502 -0.0046292928107161072 0.00094512830611836725 0.0025171122770568603
leaf_weight=144 3782 236 286 467 1546 480 3417 4059 123 1041 133
leaf_count=144 3782 236 286 467 1546 480 3417 4059 123 1041 133
internal_value=9.40741e-05 -0.000843407 -0.000600992 0.000521778 -0.000380574 -0.000858624 0.000828119 0.000963608 -0.000871849 -0.000125868 0.00198408
internal_weight=15714 4917 4681 10797 2731 4262 8066 7476 590 2587 419
internal_count=15714 4917 4681 10797 2731 4262 8066 7476 590 2587 419
is_linear=0
shrinkage=0.025


Tree=34
num_leaves=13
num_cat=0
split_feature=49 49 31 36 44 12 44 17 4 19 35 44
split_gain=10.9445 9.3103 9.48391 6.45436 6.15854 4.32048 3.941 3.67445 3.19673 2.56974 1.24271 1.13303
threshold=46.385000228881843 12.944999694824221 2.0613812208175664 -0.15029136836528775 0.023698374629020694 -0.18874275684356687 0.0258567538112402 -0.038058372214436524 0.75254958868026745 0.083565097302198424 0.34646423161029821 0.028722767718136314
decision_type=10 10 2 2 2 2 2 2 2 2 2 2
left_child=1 2 3 -1 7 -6 -4 -2 10 -9 -3 -10
right_child=4 8 6 -5 5 -7 -8 9 11 -11 -12 -13
leaf_value=-0.001852632655433718 -0.0012991191430411048 0.0047712301683297681 0.0018367033946552929 0.00063909002450811584 -0.00074985615488566411 -0.0036431406948693695 -0.0031387781267907624 0.00017853637399179936 0.003217247038739054 -0.0010515080710058015 0.00064558754302283545 -0.0021783216534956148
leaf_weight=1134 192 2549 193 8413 128 219 626 844 218 331 551 247
leaf_count=1134 192 2549 193 8413 128 219 626 844 218 331 551 247
internal_value=0.000145767 0.000378247 -3.61492e-07 0.000221027 -0.00173575 -0.00469105 -0.00257433 -0.000966654 0.00147934 -0.000429025 0.00176932 -0.00043883
internal_weight=15645 13931 10366 9547 1714 347 819 1367 3565 1175 3100 465
internal_count=15645 13931 10366 9547 1714 347 819 1367 3565 1175 3100 465
is_linear=0
shrinkage=0.025


Tree=35
num_leaves=12
num_cat=0
split_feature=49 43 44 50 38 46 44 46 34 11 28
split_gain=12.2421 8.58335 8.27704 7.95619 7.38572 4.71253 3.09775 3.06196 2.79011 2.7246 2.71424
threshold=46.385000228881843 0.57357254624366771 0.023470560088753704 -1.1750000119209287 -0.020506440661847588 0.66954022645950328 0.022986966185271743 0.23105636239051822 0.008980362210422756 0.02226183004677296 0.62500000000000011
decision_type=10 2 2 10 2 2 2 2 2 2 2
left_child=1 3 7 4 -1 -4 -5 8 -2 -3 -9
right_child=2 9 5 6 -6 -7 -8 10 -10 -11 -12
leaf_value=0.00091525686714356022 -0.00019825238176059921 -0.0015252919478719461 -0.00093150464788790445 0.0044689418175740203 -0.0010684038860600956 -0.0035844270693014216 0.001406464531963897 0.00012245299401700041 -0.002312683938546774 -0.0045804149633720476 -0.0017311238385924717
leaf_weight=7059 143 229 179 1901 2686 179 1910 955 127 189 120
leaf_count=7059 143 229 179 1901 2686 179 1910 955 127 189 120
internal_value=0.000190425 0.000434849 -0.00180694 0.000544484 0.000164744 -0.00516185 0.00151238 -0.000893518 -0.00325 -0.00307033 -0.000283565
internal_weight=15677 13974 1703 13556 9745 358 3811 1345 270 418 1075
internal_count=15677 13974 1703 13556 9745 358 3811 1345 270 418 1075
is_linear=0
shrinkage=0.025


Tree=36
num_leaves=13
num_cat=0
split_feature=49 49 36 38 40 29 44 18 36 46 17 35
split_gain=10.767 9.22671 9.06194 9.14514 8.77663 8.32384 3.80883 2.6011 2.55086 2.3756 1.82556 0.112642
threshold=45.494998931884773 12.944999694824221 0.30533440411090856 -0.19000207632780072 1.3220604658126833 0.084325097501277937 0.022986966185271743 -0.00049385926104150702 0.49256061017513281 0.21164613962173465 -0.025863218121230599 0.3344585001468659
decision_type=10 10 2 2 2 2 2 2 2 2 2 2
left_child=1 2 3 -1 -4 7 11 10 -8 -9 -2 -3
right_child=5 6 4 -5 -6 -7 8 9 -10 -11 -12 -13
leaf_value=-0.00089643438559138715 -0.0011556848855548494 0.0056667272001210914 -0.00084706914386701269 0.0019757268085150953 -0.0070435627329012498 -0.0040255857671532991 0.0029505575753936545 -0.002962131060498311 -0.00086227439690883404 -0.00066949279138188867 0.00029052378217267054 0.0018226024348972011
leaf_weight=2472 127 1493 2885 4917 184 153 1129 137 610 718 691 283
leaf_count=2472 127 1493 2885 4917 184 153 1129 137 610 718 691 283
internal_value=0.000107014 0.000343486 -2.85529e-05 0.000445125 -0.00116989 -0.00169511 0.00145064 -0.0011688 0.000611382 -0.00212936 -0.000150364 0.00226488
internal_weight=15799 13973 10458 7389 3069 1826 3515 1673 1739 855 818 1776
internal_count=15799 13973 10458 7389 3069 1826 3515 1673 1739 855 818 1776
is_linear=0
shrinkage=0.025


Tree=37
num_leaves=14
num_cat=0
split_feature=38 36 49 31 35 49 22 49 49 25 17 14 41
split_gain=9.48164 8.48508 5.95025 5.76396 5.30571 5.10636 4.90032 4.03538 3.37998 2.94104 2.7119 2.32756 2.25578
threshold=-0.03130389750003814 -0.15029136836528775 46.835000991821296 2.3109098672866826 -0.14145146310329434 45.494998931884773 0.23031546920537951 30.645000457763675 28.715000152587894 -3.6296819448471065 0.24020764976739886 0.10491563007235528 0.60837161540985119
decision_type=2 2 10 2 2 10 2 8 8 2 2 2 2
left_child=1 4 7 6 -1 12 11 -3 -8 -4 -6 -2 -5
right_child=3 2 9 5 10 -7 8 -9 -10 -11 -12 -13 -14
leaf_value=-0.0041817546787726052 -0.0033936282613094646 0.0053615982056313743 0.00029915555695844026 -0.0026028160803174849 -0.00016230511572124781 -0.0028669057757811276 0.0015799056054334381 0.0013584891535097067 -0.00060674911254696097 -0.001069676555041754 -0.0038951391378053641 -0.0015867767091923689 0.00059788356628974438
leaf_weight=182 129 1605 480 538 811 128 1109 6385 3324 594 149 154 150
leaf_count=182 129 1605 480 538 811 128 1109 6385 3324 594 149 154 150
internal_value=0.000143794 0.000595804 0.000852216 -0.000688775 -0.00142873 -0.00262333 -0.000350296 0.0010874 -0.000143364 -0.000888554 -0.000667098 -0.00351128 -0.0017298
internal_weight=15738 10206 9064 5532 1142 816 4716 7990 4433 1074 960 283 688
internal_count=15738 10206 9064 5532 1142 816 4716 7990 4433 1074 960 283 688
is_linear=0
shrinkage=0.025


Tree=38
num_leaves=12
num_cat=0
split_feature=49 41 40 44 5 43 36 49 19 5 11
split_gain=10.4624 8.62049 8.60793 7.14908 6.28037 5.64929 5.59515 4.65387 4.27285 2.99259 2.98525
threshold=45.494998931884773 0.4385323971509934 1.3220604658126833 0.02355082239955664 0.05471803434193135 0.59885516762733471 -0.15029136836528775 15.050000190734865 0.005545827792957426 -0.072616145014762865 0.012938537169247867
decision_type=10 2 2 2 2 2 2 10 2 2 2
left_child=1 5 6 9 -4 7 -3 -1 -5 -2 -11
right_child=3 2 4 8 -6 -7 -8 -9 -10 10 -12
leaf_value=-0.00098852938826603253 -0.0011402970311384306 -0.0017013215680391786 0.00080214779518247327 -0.00087073585322340944 -0.0032881195615324607 -0.0039746669360156408 0.0016290370473244148 0.0042947312928984143 -0.003910580587637099 -0.0010998259246584152 0.00010598758902162027
leaf_weight=2422 190 621 464 183 493 237 9265 412 197 268 961
leaf_count=2422 190 621 464 183 493 237 9265 412 197 268 961
internal_value=0.000157542 0.000390025 0.000721446 -0.00163318 -0.00153456 -0.000777389 0.000941133 -0.00046099 -0.00465909 -0.000804951 -0.000341369
internal_weight=15713 13914 10843 1799 957 3071 9886 2834 380 1419 1229
internal_count=15713 13914 10843 1799 957 3071 9886 2834 380 1419 1229
is_linear=0
shrinkage=0.025


Tree=39
num_leaves=14
num_cat=0
split_feature=44 49 38 43 43 50 49 36 5 51 39 41 44
split_gain=9.64915 9.68082 6.96065 6.5484 4.04468 4.03723 3.93706 3.47126 2.93454 2.35749 2.67408 1.38204 1.09721
threshold=0.028545723296701912 45.494998931884773 -0.020506440661847588 0.49490088224411016 -0.080099318176507936 0.15500000119209292 44.45000076293946 0.67559540271759044 -0.072616145014762865 1.6800000071525576 0.8125976324081422 0.60244524478912365 0.022148502059280876
decision_type=2 8 2 2 2 10 10 2 2 8 2 2 2
left_child=1 7 5 6 -4 -3 8 12 -2 -5 -11 -9 -1
right_child=3 2 4 9 -6 -7 -8 11 -10 10 -12 -13 -14
leaf_value=0.0051430111916649195 -0.0029771998124637333 0.00077414313958268724 -0.001686042077656053 -0.003846801220519835 -0.00016695277064150853 -0.00076338443881519477 -0.0028472952135539138 -0.0023536630721181367 -0.00013149243284488909 9.7363488570973374e-05 -0.0041158220175390847 0.00083433860247466782 0.0025810186160927836
leaf_weight=1617 144 6956 1185 131 1670 457 138 123 1635 123 176 134 1257
leaf_count=1617 144 6956 1185 131 1670 457 138 123 1635 123 176 134 1257
internal_value=0.000125944 0.000385426 1.35064e-05 -0.00135045 -0.00103365 0.000418071 -0.000716051 0.00160116 -0.000390275 -0.00412356 -0.00278372 -0.00114981 0.0018509
internal_weight=15746 13399 10268 2347 2855 7413 1917 3131 1779 430 299 257 2874
internal_count=15746 13399 10268 2347 2855 7413 1917 3131 1779 430 299 257 2874
is_linear=0
shrinkage=0.025


Tree=40
num_leaves=15
num_cat=0
split_feature=44 49 37 5 49 40 20 40 16 17 35 44 44 9
split_gain=10.8515 7.91473 6.59613 5.84227 4.86157 4.27724 5.87604 5.27597 2.77802 3.01768 0.666603 0.559319 0.0670402 0.0667093
threshold=0.023060186766088012 43.470001220703132 0.019595439545810226 1.4932855367660525 30.645000457763675 0.73441034555435192 -0.15807576477527616 1.2377066612243655 0.024845681153237823 0.96892270445823681 0.3344585001468659 0.021402454003691677 0.022148502059280876 0.031607143580913551
decision_type=2 8 2 2 8 2 2 2 2 2 2 2 2 2
left_child=1 10 3 4 -2 6 -3 -7 9 -4 12 -12 -1 -10
right_child=2 5 8 -5 -6 7 -8 -9 13 -11 11 -13 -14 -15
leaf_value=0.0060645878495708249 0.00062787062100882454 -0.0027019135475569813 0.0012549769687910475 -0.0043196819859121225 -0.0014779188626917027 0.00087522926016606278 -0.00068872143149983737 -0.00098915618620993824 0.002567035870296175 -0.0021890844262268242 0.0022283393294244467 -0.00012599867804809279 0.004260450415886712 0.0045408291234504449
leaf_weight=1329 1013 125 596 185 2661 6080 1242 1090 122 272 244 129 159 410
leaf_count=1329 1013 125 596 185 2661 6080 1242 1090 122 272 244 129 159 410
internal_value=0.000184284 0.000652576 -0.000740169 -0.00127362 -0.00104886 0.000329109 -0.000948433 0.000574042 0.000725089 -0.000141752 0.00212822 0.00112765 0.00237023 0.0021392
internal_weight=15657 10398 5259 3859 3674 8537 1367 7170 1400 868 1861 373 1488 532
internal_count=15657 10398 5259 3859 3674 8537 1367 7170 1400 868 1861 373 1488 532
is_linear=0
shrinkage=0.025


Tree=41
num_leaves=11
num_cat=0
split_feature=38 36 39 35 40 47 40 47 40 17
split_gain=8.5233 7.14398 6.07131 5.06893 4.95097 4.89737 4.66053 3.2913 3.0401 2.99366
threshold=-0.020506440661847588 -0.15029136836528775 0.2123035863041878 -0.14145146310329434 1.3220604658126833 0.99137932062149059 0.70204070210456859 0.74303007125854503 1.160337030887604 0.29156157374382025
decision_type=2 2 2 2 2 2 2 2 2 2
left_child=1 3 -2 -1 6 8 -4 -6 -3 -5
right_child=2 5 4 9 7 -7 -8 -9 -10 -11
leaf_value=-0.0036062720334420193 -0.0042502516034766021 0.001471366484956182 -0.0029690078830862648 1.3078506307865311e-05 -0.0048647174966806265 -0.0022858481734722392 -9.2383296170202973e-05 -0.0016987132879135781 -7.025289075007875e-05 -0.0038946215863724844
leaf_weight=184 137 7802 409 826 122 164 4033 141 1780 130
leaf_count=184 137 7802 409 826 122 164 4033 141 1780 130
internal_value=0.000151831 0.00054024 -0.000719775 -0.00132642 -0.00056396 0.000759794 -0.000362885 -0.0038666 0.000834333 -0.000576223
internal_weight=15728 10886 4842 1140 4705 9746 4442 263 9582 956
internal_count=15728 10886 4842 1140 4705 9746 4442 263 9582 956
is_linear=0
shrinkage=0.025


Tree=42
num_leaves=12
num_cat=0
split_feature=49 49 36 38 35 29 4 31 17 44 35
split_gain=9.15041 7.67857 9.4888 8.85707 7.31055 6.8269 4.02375 2.24683 2.29944 1.9123 1.44848
threshold=45.494998931884773 12.944999694824221 0.30855207145214086 -0.19000207632780072 0.15824506431818011 0.078655254095792784 0.75254958868026745 2.3109098672866826 -0.051266556605696671 0.028027215972542766 0.34646423161029821
decision_type=10 10 2 2 2 2 2 2 2 2 2
left_child=1 2 3 -1 -4 7 10 8 -2 -8 -3
right_child=5 6 4 -5 -6 -7 9 -9 -10 -11 -12
leaf_value=-0.00079173849531027321 -0.0010718279574237679 0.0046502056996466984 0.00076680638638344757 0.0019336356568873687 -0.0015762051898194109 -0.0033382099311696995 0.0033020977204346416 -0.0010409268998339963 -0.00014775619447707271 -0.0023877071722422025 0.00038219497915538766
leaf_weight=2443 204 2462 879 5021 2108 171 199 133 1302 266 556
leaf_count=2443 204 2462 879 5021 2108 171 199 133 1302 266 556
internal_value=0.000157391 0.000375117 3.5506e-05 0.000512619 -0.00115349 -0.00151171 0.00139084 -0.00100137 -0.000713931 -0.000757979 0.00172469
internal_weight=15744 13934 10451 7464 2987 1810 3483 1639 1506 465 3018
internal_count=15744 13934 10451 7464 2987 1810 3483 1639 1506 465 3018
is_linear=0
shrinkage=0.025


Tree=43
num_leaves=11
num_cat=0
split_feature=49 40 4 40 17 9 5 17 44 41
split_gain=9.29445 7.88829 7.95388 7.06206 6.37031 8.86359 4.908 3.67668 4.24959 2.01926
threshold=45.494998931884773 1.3220604658126833 1.1777217984199526 0.73103401064872753 0.13719424605369571 0.038658749312162406 1.0423298478126528 -0.051266556605696671 0.024222452193498615 0.73862510919570934
decision_type=10 2 2 2 2 2 2 2 2 2
left_child=1 2 3 -1 9 -6 7 -2 -9 -3
right_child=6 4 -4 -5 5 -7 -8 8 -10 -11
leaf_value=-0.00088815303884504494 -0.0011853244688607876 -0.0012657740287309281 -0.0044353045037670152 0.0012026153711315096 -0.0052893892478779259 0.0034045529957417763 -0.001881512252449041 3.7838849157478653e-05 -0.0016873151257982011 0.0020898407636086073
leaf_weight=2121 215 260 121 10599 383 133 229 1136 231 263
leaf_count=2121 215 260 121 10599 383 133 229 1136 231 263
internal_value=0.00017178 0.00039206 0.00056214 0.000624263 -0.0016966 -0.00365403 -0.0015095 -0.0010011 -0.000511115 0.00023911
internal_weight=15691 13880 12841 12720 1039 516 1811 1582 1367 523
internal_count=15691 13880 12841 12720 1039 516 1811 1582 1367 523
is_linear=0
shrinkage=0.025


Tree=44
num_leaves=14
num_cat=0
split_feature=44 49 17 43 43 49 30 35 37 17 9 44 49
split_gain=9.55604 8.79018 6.84811 7.03768 5.06767 3.44242 3.41245 3.33928 3.33101 2.5273 1.58654 1.55022 0.468866
threshold=0.028545723296701912 45.494998931884773 1.0106361508369448 -0.19087369740009305 0.44118629395961767 46.385000228881843 0.16954223066568377 0.3344585001468659 0.014211386907845737 -0.14470250904560086 0.0401410460472107 0.021402454003691677 32.11000061035157
decision_type=2 8 2 2 2 10 2 2 2 2 2 2 10
left_child=1 7 3 -3 5 9 10 12 -4 -2 -6 -9 -1
right_child=4 2 8 -5 6 -7 -8 11 -10 -11 -12 -13 -14
leaf_value=0.0060545551166470493 -0.0027901639167544181 -0.00089165855900402735 -0.00037931433476066923 0.00067864084091411839 -0.0056704019892688884 -0.0023810233146609639 -0.00078477102471796029 0.0021156475738727336 -0.0037772378658714415 -0.00010067566896943522 -0.0027410915360118662 -0.00054685890225164243 0.0025499810040560378
leaf_weight=1656 125 2300 181 7645 123 127 239 252 124 1555 153 499 643
leaf_count=1656 125 2300 181 7645 123 127 239 252 124 1555 153 499 643
internal_value=0.000182297 0.000441094 8.95905e-05 0.000204146 -0.00129512 -0.000662941 -0.00347356 0.00161825 -0.00356855 -0.000352374 -0.00535142 0.000160384 0.00209039
internal_weight=15622 13300 10250 9945 2322 1807 515 3050 305 1680 276 751 2299
internal_count=15622 13300 10250 9945 2322 1807 515 3050 305 1680 276 751 2299
is_linear=0
shrinkage=0.025


Tree=45
num_leaves=15
num_cat=0
split_feature=49 5 43 13 35 41 37 42 29 45 47 49 30 49
split_gain=7.75958 9.13289 7.03567 16.948 6.20517 4.27415 2.50124 2.42276 2.38269 2.28009 1.42759 1.36348 0.625826 0.52606
threshold=45.494998931884773 1.1565758585929873 -0.19995181262493131 -0.092210594564676271 0.31873199343681341 0.39981979131698614 0.01577774249017239 -0.036836028099060052 0.094807241111993804 0.90517240762710582 0.76228907704353344 12.034999847412111 0.20469709485769275 32.11000061035157
decision_type=8 2 2 2 2 2 2 2 2 2 2 10 2 10
left_child=4 2 3 -2 9 -4 7 -6 12 13 -11 -8 -3 -1
right_child=1 8 5 -5 6 -7 11 -9 -10 10 -12 -13 -14 -15
leaf_value=0.0057824348525910658 -0.00069102652495937975 -0.0018497236657044871 -0.00098903304888394382 -0.0037366034723007747 0.00052346232256283932 0.00064586267953168448 -0.0021676047746686899 -0.0030873934666623207 -0.0015253713929104164 0.0044484512290131539 -0.0023884607654913619 0.00071915986469511404 -0.0019398360784084311 0.0022630943919179076
leaf_weight=1771 2177 137 1674 151 121 7263 143 181 132 166 155 811 131 651
leaf_count=1771 2177 137 1674 151 121 7263 143 181 132 166 155 811 131 651
internal_value=0.000140644 -0.000184769 -5.15749e-05 -0.00127465 0.00109047 0.000266859 -0.000359833 -0.00232492 -0.00387346 0.00175628 -0.000203221 0.000264599 -0.0052152 0.00201844
internal_weight=15664 11665 11265 2328 3999 8937 1256 302 400 2743 321 954 268 2422
internal_count=15664 11665 11265 2328 3999 8937 1256 302 400 2743 321 954 268 2422
is_linear=0
shrinkage=0.025


Tree=46
num_leaves=13
num_cat=0
split_feature=44 5 40 40 45 36 4 46 37 26 24 1
split_gain=8.74545 7.10903 5.86278 7.23901 7.50029 5.03045 4.695 3.65347 3.30682 2.38805 2.22525 0.185983
threshold=0.026102939620614055 1.4932855367660525 1.2770692110061648 0.73441034555435192 0.26724137365818029 0.15370678156614306 0.28221997618675237 0.34785239398479467 0.028929031454026703 0.033496566116809852 24.076657295227054 0.0091286171227693575
decision_type=2 2 2 2 2 2 2 2 2 2 2 2
left_child=2 8 3 4 -1 10 -7 -5 9 -2 -4 -10
right_child=1 -3 5 7 -6 6 -8 -9 11 -11 -12 -13
leaf_value=-0.0021901755166716433 -0.00023396329428352215 -0.0037226258498735489 -0.00096811974656766341 0.00022993087651152294 0.00015515492287061498 -0.0045117913895361813 -0.00028701461199303279 0.0015931751859603013 0.0044822276111781143 -0.0017460173175212091 0.0016130332070658504 0.0028320967335987569
leaf_weight=408 1644 228 427 3728 1345 154 120 5898 179 1219 357 120
leaf_count=408 1644 228 427 3728 1345 154 120 5898 179 1219 357 120
internal_value=0.000198096 -0.000925994 0.000505244 0.000671227 -0.000802759 -0.00126881 -0.00415323 0.000940583 -0.000612172 -0.00087561 -0.00023289 0.00186266
internal_weight=15827 3390 12437 11379 1753 1058 274 9626 3162 2863 784 299
internal_count=15827 3390 12437 11379 1753 1058 274 9626 3162 2863 784 299
is_linear=0
shrinkage=0.025


Tree=47
num_leaves=12
num_cat=0
split_feature=49 29 49 36 35 40 34 46 5 4 34
split_gain=9.34513 7.50743 7.35524 7.81346 8.86643 5.31237 3.37036 2.60874 2.69043 2.47261 1.73602
threshold=45.494998931884773 0.074647113680839552 12.944999694824221 0.32480785250663763 0.15824506431818011 0.73737406730651867 0.21033697575330737 0.23105636239051822 1.0423298478126528 0.75254958868026745 0.034353058785200126
decision_type=10 2 10 2 2 2 2 2 2 2 2
left_child=2 7 3 5 -5 -1 9 10 -9 -4 -2
right_child=1 -3 6 4 -6 -7 -8 8 -10 -11 -12
leaf_value=-0.0010951960963546594 -0.00073306858033014887 -0.0034816966418788789 0.003594861333667901 0.0013449150687848603 -0.001660718835027568 0.001025793735995887 -0.0029398432674908543 1.1347076211417527e-05 -0.0008798953230119103 -0.00046326662707322428 -0.0016355124508568271
leaf_weight=1583 224 193 2988 707 1751 6350 124 1078 205 425 122
leaf_count=1583 224 193 2988 707 1751 6350 124 1078 205 425 122
internal_value=0.000167804 -0.00151273 0.000388556 5.25443e-05 -0.00117692 0.000434776 0.00137246 -0.000946297 -0.000416343 0.00152172 -0.00285969
internal_weight=15750 1822 13928 10391 2458 7933 3537 1629 1283 3413 346
internal_count=15750 1822 13928 10391 2458 7933 3537 1629 1283 3413 346
is_linear=0
shrinkage=0.025


Tree=48
num_leaves=9
num_cat=0
split_feature=49 4 50 36 44 35 17 3
split_gain=8.57103 7.36763 7.4637 8.14315 4.27011 3.34244 3.20162 2.57775
threshold=45.875000000000007 1.1777217984199526 -1.1750000119209287 0.32187288999557501 0.026102939620614055 0.32863776385784155 -0.051266556605696671 0.20149661600589755
decision_type=10 2 10 2 2 2 2 2
left_child=1 2 3 -1 6 -4 -2 -8
right_child=4 -3 5 -5 -6 -7 7 -9
leaf_value=0.00058295164457601069 -0.0011094644131507581 -0.0046952643882194871 0.0039257211911390968 -0.0012376002471316773 -0.0020845288300543096 0.00011457580614440383 3.7992618838575651e-06 -0.0015281232442765822
leaf_weight=7879 192 121 2768 2165 234 1039 975 348
leaf_count=7879 192 121 2768 2165 234 1039 975 348
internal_value=0.00012376 0.000330811 0.000385844 2.77392e-05 -0.00152295 0.00132772 -0.00102385 -0.00057323
internal_weight=15721 13972 13851 10044 1749 3807 1515 1323
internal_count=15721 13972 13851 10044 1749 3807 1515 1323
is_linear=0
shrinkage=0.025


Tree=49
num_leaves=13
num_cat=0
split_feature=44 49 5 36 30 51 37 49 50 35 44 47
split_gain=8.29905 8.11647 4.88902 4.34586 8.42927 3.74141 3.73519 3.58478 3.21522 2.57815 1.46085 0.56366
threshold=0.027027207426726822 44.45000076293946 1.3556540012359621 0.31140942871570593 0.20469709485769275 -1.0799999833106992 0.014624304138123991 45.494998931884773 -1.1750000119209287 0.3344585001468659 0.021402454003691677 0.5524578094482423
decision_type=2 8 2 2 2 10 2 10 10 2 2 2
left_child=1 9 7 5 -5 -3 -4 8 -2 11 -11 -1
right_child=2 3 6 4 -6 -7 -8 -9 -10 10 -12 -13
leaf_value=0.0050934922192113624 -0.0012826492341545034 0.00083642575181671827 -0.0050657755044528161 0.00039419304960216481 -0.0018163125383507462 -0.00038015641692240891 -0.0012631591943883234 -0.0024191515609634415 0.0012120206575778666 0.0021139606077337945 -0.0004621185324215453 0.0039975040684949456
leaf_weight=1506 1475 6672 123 1329 818 1237 184 179 931 254 421 606
leaf_count=1506 1475 6672 123 1329 818 1237 184 179 931 254 421 606
internal_value=0.000159228 0.000432071 -0.00104893 0.000100263 -0.000895097 0.000371652 -0.00401042 -0.000687741 -0.00042669 0.00162473 0.000266544 0.0020542
internal_weight=15735 12843 2892 10056 2147 7909 307 2585 2406 2787 675 2112
internal_count=15735 12843 2892 10056 2147 7909 307 2585 2406 2787 675 2112
is_linear=0
shrinkage=0.025


Tree=50
num_leaves=13
num_cat=0
split_feature=49 40 40 36 20 29 9 36 38 46 19 40
split_gain=8.39764 7.64771 7.24933 5.11668 4.6978 4.66884 4.61364 4.51265 2.62862 2.42909 2.56738 1.98349
threshold=44.45000076293946 1.3220604658126833 0.74411699175834667 0.19889858365058902 -0.18025426566600797 0.080063764005899443 0.031262505799531944 0.62288156151771557 -0.19350082427263257 0.23105636239051822 0.0068293337244540462 1.0969694256782534
decision_type=10 2 2 2 2 2 2 2 2 2 2 2
left_child=1 2 4 8 -1 9 -5 -4 -3 10 -2 -11
right_child=5 3 7 6 -6 -7 -8 -9 -10 11 -12 -13
leaf_value=-0.0023543336126178524 -0.00053956698162296044 -0.0019545059340113297 0.0013801847152505641 -0.0051206221714249558 -0.00048179213072587233 -0.0031950123602877225 -0.0025572005572697229 -0.0012692390760859237 0.0015622062825223601 2.5792096706187681e-06 -0.0031063407642494554 -0.0012746837351322682
leaf_weight=152 217 382 9873 120 2218 178 156 531 377 1098 138 261
leaf_count=152 217 382 9873 120 2218 178 156 531 377 1098 138 261
internal_value=0.000181221 0.000395704 0.000563718 -0.00166466 -0.000681579 -0.00137783 -0.00455071 0.000848184 -0.000584097 -0.00096495 -0.00279514 -0.00047379
internal_weight=15701 13809 12774 1035 2370 1892 276 10404 759 1714 355 1359
internal_count=15701 13809 12774 1035 2370 1892 276 10404 759 1714 355 1359
is_linear=0
shrinkage=0.025


Tree=51
num_leaves=13
num_cat=0
split_feature=44 40 40 36 45 48 14 11 45 36 40 4
split_gain=8.13832 4.96563 5.55012 5.03416 3.92056 3.58773 3.41727 3.00065 2.96529 2.6628 0.532821 0.307377
threshold=0.028545723296701912 0.74074867367744457 1.2936766147613528 0.16270258277654651 0.99137932062149059 0.057776963338255889 0.077035948634147658 0.032801968976855285 0.5524578094482423 -0.016199481673538681 0.58767881989479076 0.28221997618675237
decision_type=2 2 2 2 2 2 2 2 2 2 2 2
left_child=1 5 8 -4 7 10 -7 9 -3 -2 -1 -9
right_child=4 2 3 -5 -6 6 -8 11 -10 -11 -12 -13
leaf_value=0.0036525465311037851 -0.0034627629939727195 0.000423906355874229 -5.4398223470424765e-05 -0.0032538964024580092 -0.0038042610822221178 -0.0033169173149818435 -0.00096556386502558839 0.00073810042953936696 0.0019556127399170242 -0.0010434362960026321 0.00016400362120559035 0.0053621870810997259
leaf_weight=200 187 6176 753 255 199 123 1523 152 4129 1667 127 133
leaf_count=200 187 6176 753 255 199 123 1523 152 4129 1667 127 133
internal_value=0.000163398 0.000403186 0.000605341 -0.00115869 -0.00119452 -0.00075139 -0.0012288 -0.000872784 0.000778977 -0.00124193 0.00161521 0.00148707
internal_weight=15624 13286 11313 1008 2338 1973 1646 2139 10305 1854 327 285
internal_count=15624 13286 11313 1008 2338 1973 1646 2139 10305 1854 327 285
is_linear=0
shrinkage=0.025


Tree=52
num_leaves=10
num_cat=0
split_feature=49 4 49 36 29 36 40 36 38
split_gain=7.884 6.56657 6.77336 6.10842 4.59222 2.73419 1.85886 3.18391 2.32712
threshold=44.45000076293946 1.1777217984199526 12.944999694824221 0.30360937118530279 0.074647113680839552 0.71998950839042675 1.0969694256782534 0.17942246049642566 -0.063088975846767412
decision_type=10 2 10 2 2 2 2 2 2
left_child=1 2 3 -1 6 -4 7 -2 -8
right_child=4 -3 5 -5 -6 -7 8 -9 -10
leaf_value=0.00070894285851980446 0.00017498382186979675 -0.0044194663065404384 0.0029492874316786898 -0.00080550333765684688 -0.0031485755592529623 -0.0021961327713775169 -0.0017834724025155451 -0.00087707338207820406 -3.5554349796342227e-05
leaf_weight=7311 835 121 3195 3046 213 136 175 519 140
leaf_count=7311 835 121 3195 3046 213 136 175 519 140
internal_value=0.000182929 0.000390274 0.000442836 0.000126544 -0.00133214 0.00142274 -0.000878883 -0.000466335 -0.00259766
internal_weight=15691 13809 13688 10357 1882 3331 1669 1354 315
internal_count=15691 13809 13688 10357 1882 3331 1669 1354 315
is_linear=0
shrinkage=0.025


Tree=53
num_leaves=15
num_cat=0
split_feature=49 44 36 40 20 40 31 43 48 41 34 40 51 47
split_gain=6.9144 7.67967 5.2577 4.35643 5.71702 5.48758 3.52873 6.26764 3.25073 2.77816 2.02024 1.75303 1.25012 0.443871
threshold=30.645000457763675 0.022986966185271743 0.62288156151771557 0.71685934066772472 -0.14115298539400098 1.2377066612243655 0.84277966618537914 -0.097939997911453233 0.80080705881118786 0.56685420870780956 0.13453081250190738 0.77302244305610668 0.58500000834465038 0.46680118143558508
decision_type=8 2 2 2 2 2 2 2 2 2 2 2 10 2
left_child=2 3 10 4 -2 -5 8 -8 -3 12 -1 -12 -4 -11
right_child=1 6 9 5 -6 -7 7 -9 -10 13 11 -13 -14 -15
leaf_value=0.0053811959392459554 -0.002591674771248591 0.00048365476108130331 -0.0012486457392150716 0.00078696533523447444 -0.00072383712294519283 -0.00096890639637458643 -0.0040312536015842193 -0.0011344590532642957 -0.0025277043176495598 0.0015282236004746652 -0.0044404307574891387 0.0020592495032632128 -0.0034729447288608046 -2.1317711657579369e-05
leaf_weight=1636 124 1109 199 6677 1075 1096 245 1961 278 147 127 763 128 123
leaf_count=1636 124 1109 199 6677 1075 1096 245 1961 278 147 127 763 128 123
internal_value=0.000171334 -8.99959e-05 0.00122323 0.000300629 -0.00109738 0.000517646 -0.00106622 -0.00168645 -7.2737e-05 -0.000874169 0.00172215 0.000747207 -0.0024134 0.000977273
internal_weight=15688 12565 3123 8972 1199 7773 3593 2206 1387 597 2526 890 327 270
internal_count=15688 12565 3123 8972 1199 7773 3593 2206 1387 597 2526 890 327 270
is_linear=0
shrinkage=0.025


Tree=54
num_leaves=14
num_cat=0
split_feature=31 36 41 35 45 41 20 4 53 23 41 52 15
split_gain=6.02244 4.57138 4.73749 4.63342 4.56684 3.92092 2.71806 3.40529 2.47896 2.27698 2.06544 1.56225 0.2106
threshold=2.3109098672866826 -0.15029136836528775 0.40345343947410589 -0.14145146310329434 0.5524578094482423 0.61032938957214367 0.61138996481895458 1.1777217984199526 0.85072103142738353 0.22715537250041964 0.3529022634029389 4.995000123977662 0.5948275923728944
decision_type=2 2 2 2 2 2 2 2 8 2 2 8 2
left_child=1 3 8 -1 -4 6 9 -8 -3 -2 -5 12 -7
right_child=5 2 4 10 -6 11 7 -9 -10 -11 -12 -13 -14
leaf_value=-0.0041648662131481117 -0.0023316336984254538 0.0016836048007693692 0.00025971109145092938 0.0016834282791573646 0.0020804953209508934 0.0041902883490710424 -0.00045404616049770713 -0.0038110847112598242 -0.00093945776712402044 -0.0011945752215761964 -0.001083461213156592 -0.00054716181804945402 0.0010197232918981733
leaf_weight=186 208 228 6887 197 4301 152 545 124 1766 124 742 126 128
leaf_count=186 208 228 6887 197 4301 152 545 124 1766 124 742 126 128
internal_value=0.000192681 0.00034665 0.000477649 -0.0011781 0.000677991 -0.0013642 -0.00220303 -0.00125556 -0.000642196 -0.00404674 -0.000446239 0.000690389 0.00173246
internal_weight=15714 14307 13182 1125 11188 1407 1001 669 1994 332 939 406 280
internal_count=15714 14307 13182 1125 11188 1407 1001 669 1994 332 939 406 280
is_linear=0
shrinkage=0.025


Tree=55
num_leaves=12
num_cat=0
split_feature=38 49 44 36 5 49 36 40 36 15 18
split_gain=8.27517 7.13425 5.28848 4.66995 3.98452 5.22225 3.89766 3.06302 2.3967 0.338897 0.147061
threshold=-0.03130389750003814 30.645000457763675 0.026102939620614055 -0.15029136836528775 1.4932855367660525 27.265000343322757 0.32480785250663763 1.1077953577041628 0.73602223396301281 0.93965518474578869 0.096558928489685072
decision_type=2 8 2 2 2 8 2 2 2 2 2
left_child=1 9 3 -3 5 8 -7 -4 -2 10 -1
right_child=4 2 7 -5 -6 6 -8 -9 -10 -11 -12
leaf_value=0.0053542416203767327 0.0019105082476892435 -0.0011406907778755372 -9.5567189354060997e-05 0.00099039271301983901 -0.0029756136017673254 -0.00021875513897861066 -0.0014322370530935832 -0.0030950591917459783 -0.002241249434385762 0.00090771960873511882 0.0013225350880040668
leaf_weight=1346 1180 929 949 6187 166 2382 1612 524 165 137 122
leaf_count=1346 1180 929 949 6187 166 2382 1612 524 165 137 122
internal_value=0.000134759 0.000556795 0.00026952 0.000552415 -0.000645417 -0.00052325 -0.000977432 -0.00109016 0.000819445 0.00208463 0.00219874
internal_weight=15699 10194 8589 7116 5505 5339 3994 1473 1345 1605 1468
internal_count=15699 10194 8589 7116 5505 5339 3994 1473 1345 1605 1468
is_linear=0
shrinkage=0.025


Tree=56
num_leaves=14
num_cat=0
split_feature=38 17 40 40 9 40 48 41 38 13 41 45 2
split_gain=7.18218 4.97124 4.78113 4.57336 7.27697 4.46781 5.33088 3.64886 4.33155 3.51687 2.68111 1.59003 0.390342
threshold=-0.03130389750003814 -0.29063411056995386 1.3294330835342409 1.01561975479126 0.034256292507052429 1.160337030887604 0.63811445236206066 0.71004322171211254 -0.15965584665536878 -0.09513938799500464 0.57930284738540661 0.46680118143558508 -0.049874251708388322
decision_type=2 2 2 2 2 2 2 2 2 2 2 2 2
left_child=1 7 3 4 -2 10 -7 8 -1 -4 -3 -5 -9
right_child=2 5 9 11 -6 6 -8 12 -10 -11 -12 -13 -14
leaf_value=-0.0015889573942184652 -0.00037431623399874277 0.00067234725272808391 -0.00022576663546887313 -0.0001995859495613124 -0.0043840386452954419 -0.0029341360223273816 0.00040396936103222013 0.0020026666928644366 0.0013931566290943213 -0.0049161869800213118 0.0019050220589491643 0.00146135262232393 0.00032720200911816056
leaf_weight=596 2922 3162 122 904 369 317 1302 157 204 168 4147 1035 281
leaf_count=596 2922 3162 122 904 369 317 1302 157 204 168 4147 1035 281
internal_value=0.00020131 0.000595689 -0.000523756 -0.000347421 -0.000915124 0.000801942 -0.000382543 -0.00088395 -0.00188665 -0.00362288 0.00106525 0.000612783 0.000933973
internal_weight=15686 10166 5520 5230 3291 8928 1619 1238 800 290 7309 1939 438
internal_count=15686 10166 5520 5230 3291 8928 1619 1238 800 290 7309 1939 438
is_linear=0
shrinkage=0.025


Tree=57
num_leaves=13
num_cat=0
split_feature=49 40 40 48 20 36 29 5 12 19 41 36
split_gain=7.56574 5.24394 6.42395 5.83379 4.28532 4.02483 3.8485 3.18334 2.43743 2.36489 2.25866 1.11499
threshold=45.494998931884773 1.3220604658126833 0.74747607111930858 0.73275861144065868 -0.18025426566600797 0.70109394192695629 0.05984782241284848 -0.058992223814129822 -0.074310228228569017 0.069821767508983626 0.57548674941062938 0.20516491681337359
decision_type=10 2 2 2 2 2 2 2 2 2 2 2
left_child=1 2 4 -3 -1 -4 7 -2 -5 -8 -9 -11
right_child=6 3 5 8 -6 -7 9 10 -10 11 -12 -13
leaf_value=-0.0019382811706576278 -0.0011453378356885301 -0.0053276037476962818 0.0011698638299570466 0.00048801608648957589 -0.00037396810623686991 -0.0022411055557312091 -0.00096782570243875816 -0.0004595798578252942 -0.0017036906882674928 -0.0029638314309627257 0.0004300965448106568 -0.0026273550934861768
leaf_weight=159 212 213 10093 543 2313 314 210 499 274 133 610 151
leaf_count=159 212 213 10093 543 2313 314 210 499 274 133 610 151
internal_value=0.000165538 0.000364112 0.000501882 -0.00134662 -0.000641401 0.000774227 -0.00134959 -0.000634427 -0.000366484 -0.00322395 -8.64003e-05 -0.00470156
internal_weight=15724 13909 12879 1030 2472 10407 1815 1321 817 494 1109 284
internal_count=15724 13909 12879 1030 2472 10407 1815 1321 817 494 1109 284
is_linear=0
shrinkage=0.025


Tree=58
num_leaves=12
num_cat=0
split_feature=38 38 34 17 39 33 47 31 33 3 17
split_gain=7.56081 4.65949 8.18685 3.90267 3.85493 3.42803 3.23281 2.73452 2.35882 1.98652 0.956442
threshold=-0.020506440661847588 -0.19000207632780072 -0.039185879752039902 1.369617283344269 0.2123035863041878 -0.0019449247047305105 0.91434335708618175 2.1384083032608037 -0.014724968001246451 0.24957787245512011 -0.29063411056995386
decision_type=2 2 2 2 2 2 2 2 2 2 2
left_child=1 2 10 8 -2 9 -4 -7 -3 -6 -1
right_child=4 3 6 -5 5 7 -8 -9 -10 -11 -12
leaf_value=-0.00011827390502949782 -0.0032523233959207663 -0.00031829261833675481 -0.0011964896242875754 -0.0013868924535002545 -0.0014849718042116719 5.2179751694163989e-05 -0.006653818203346859 -0.001316866325014392 0.0014419359925456547 -0.00038582905761265355 0.0019629272919528232
leaf_weight=233 137 894 1467 203 446 3176 131 741 6968 330 985
leaf_count=233 137 894 1467 203 446 3176 131 741 6968 330 985
internal_value=0.00012543 0.000491113 -0.0003824 0.000796933 -0.000696742 -0.000571786 -0.0015588 -0.000268039 0.000886456 -0.00208547 0.00115597
internal_weight=15711 10881 2816 8065 4830 4693 1598 3917 7862 776 1218
internal_count=15711 10881 2816 8065 4830 4693 1598 3917 7862 776 1218
is_linear=0
shrinkage=0.025


Tree=59
num_leaves=13
num_cat=0
split_feature=49 5 36 40 35 36 24 43 37 41 11 16
split_gain=8.08161 7.62562 6.34961 6.78719 5.42956 5.07925 3.7743 2.40631 1.84037 1.69698 0.707583 0.544897
threshold=44.45000076293946 1.1710365414619448 0.3165224045515061 1.3220604658126833 0.3344585001468659 -0.15029136836528775 31.306572914123539 0.46610485017299658 0.018661388196051124 0.41376794874668127 0.019398454576730732 0.023985079489648346
decision_type=8 2 2 2 2 2 2 2 2 2 2 2
left_child=4 2 5 -4 7 -2 -3 10 9 -6 -1 -10
right_child=1 6 3 -5 8 -7 -8 -9 11 -11 -12 -13
leaf_value=0.0059180615114680863 -0.0015322070970459015 -0.002120558289036558 -0.00071058945733406447 -0.0061778377968118711 -0.002512939121989223 0.00046466658401414198 -0.0018554542332169827 -0.00097953386378781091 -0.00035092343105165374 -0.00025944970491200114 0.0030305053832330258 0.0022835784032489239
leaf_weight=1168 1123 154 2162 140 189 7905 216 179 138 584 1455 250
leaf_count=1168 1123 154 2162 140 189 7905 216 179 138 584 1455 250
internal_value=0.000121346 -0.000208778 -9.2082e-05 -0.001263 0.00109659 0.000206327 -0.00371667 0.00169175 -0.000335549 -0.00104274 0.00188404 0.0010528
internal_weight=15663 11700 11330 2302 3963 9028 370 2802 1161 773 2623 388
internal_count=15663 11700 11330 2302 3963 9028 370 2802 1161 773 2623 388
is_linear=0
shrinkage=0.025


Tree=60
num_leaves=14
num_cat=0
split_feature=49 38 36 49 22 38 49 44 39 11 17 39 31
split_gain=7.33479 6.22078 8.21688 4.37837 3.51956 3.48098 2.86676 2.78516 2.38084 2.33328 2.04137 2.30747 1.80278
threshold=44.45000076293946 -0.020506440661847588 -0.15029136836528775 15.050000190734865 0.23031546920537951 -0.22234245389699933 30.645000457763675 0.02355082239955664 1.0622345209121706 0.020102185197174553 -0.065009191632270799 0.89212483167648327 0.97692549228668224
decision_type=10 2 2 10 2 2 8 2 2 2 2 2 2
left_child=1 2 5 4 -3 -1 -4 10 12 -5 -2 -12 -9
right_child=7 3 6 9 -6 -7 -8 8 -10 -11 11 -13 -14
leaf_value=-0.00076626218605585462 -0.0010585858376873224 -0.0033652875432947289 0.003767670119364892 0.0033435312227241007 -0.00069436592423498256 -0.0040633347151890912 0.0011163621166765008 0.00071759385899601319 -0.0029321051227435106 -0.0018694746549256496 -0.00053503516214949587 0.00027642524531055313 -0.0021783081818779553
leaf_weight=963 167 152 1691 742 3079 170 6801 120 134 230 540 767 156
leaf_count=963 167 152 1691 742 3079 170 6801 120 134 230 540 767 156
internal_value=0.000158984 0.000358834 0.000709372 -0.000442312 -0.000885738 -0.00128405 0.000976668 -0.00130161 -0.00311747 0.00102226 -0.000783468 -0.000439215 -0.00170374
internal_weight=15712 13828 9625 4203 3231 1133 8492 1884 410 972 1474 1307 276
internal_count=15712 13828 9625 4203 3231 1133 8492 1884 410 972 1474 1307 276
is_linear=0
shrinkage=0.025


Tree=61
num_leaves=15
num_cat=0
split_feature=49 44 40 34 31 46 45 44 40 48 40 36 19 44
split_gain=6.93872 7.79698 5.55697 5.21656 4.98741 6.40074 4.71825 4.51607 4.50654 3.2792 2.94246 0.722254 0.393566 0.17599
threshold=30.645000457763675 0.022986966185271743 0.71685934066772472 0.11557525768876077 0.86365285515785228 0.46082879602909094 0.22909024357795718 0.021989658474922184 1.2377066612243655 0.80080705881118786 0.98852327466011058 0.70109394192695629 0.2053528502583504 0.031883757561445243
decision_type=8 2 2 2 2 2 2 2 2 2 2 2 2 2
left_child=3 2 6 11 9 -6 -2 12 -4 -3 -9 13 -5 -1
right_child=1 4 8 7 5 -7 -8 10 -10 -11 -12 -13 -14 -15
leaf_value=0.0059599424000857 -0.0023906867430402222 0.00068944029450491865 0.00071716727834468693 0.004120472029207272 -0.0046951366455042871 -0.0013382244936137975 -0.00046294239969408148 -0.0024114115979041624 -0.00086228677806660927 -0.0025326201607669702 0.00057353928381059316 0.00015462717703057494 0.0010629459677414189 0.0017545672198430199
leaf_weight=1420 262 1157 6627 358 203 1987 943 549 1103 291 368 120 148 184
leaf_count=1420 262 1157 6627 358 203 1987 943 549 1103 291 368 120 148 184
internal_value=0.00011248 -0.000149964 0.000246784 0.00116156 -0.0011251 -0.00187642 -0.00132748 3.58894e-05 0.000493698 9.46327e-06 -0.00100461 0.0020843 0.00192515 0.00222421
internal_weight=15720 12573 8935 3147 3638 2190 1205 1423 7730 1448 917 1724 506 1604
internal_count=15720 12573 8935 3147 3638 2190 1205 1423 7730 1448 917 1724 506 1604
is_linear=0
shrinkage=0.025


Tree=62
num_leaves=15
num_cat=0
split_feature=38 38 34 31 33 22 33 53 48 43 11 9 10 53
split_gain=6.1368 4.49831 6.33165 3.67 4.08471 3.5655 3.07826 2.83003 2.79411 2.54983 1.80907 1.73747 1.17889 1.07571
threshold=-0.03130389750003814 -0.19192274659872052 -0.039185879752039902 2.3109098672866826 -0.0018146029324270783 0.19783363491296771 -0.014890736434608696 0.32769282162189489 0.16269258409738543 -0.12403764948248862 0.015475511085242035 0.040519224479794509 0.021679628640413288 1.0125167965888979
decision_type=2 2 2 2 2 2 2 8 2 2 2 2 2 10
left_child=1 2 -1 4 9 -6 12 -8 -4 -2 13 -12 -3 -5
right_child=3 6 8 10 5 -7 7 -9 -10 -11 11 -13 -14 -15
leaf_value=0.0014242565040062775 -0.0018204697157015158 5.0675630529164171e-05 0.0012638495722558291 0.00048416408506672735 -0.0027162295310936228 0.00033386701979507786 -0.00089562703213593483 0.0014450565460877346 -0.0015643233272945858 -0.00064739829182550157 -0.0028063718439320512 -0.00018595331914487707 -0.0013725778255135883 -0.00069605486873261773
leaf_weight=1170 321 368 230 147 124 3636 153 6665 1338 601 398 142 296 123
leaf_count=1170 321 368 230 147 124 3636 153 6665 1338 601 398 142 296 123
internal_value=0.00017489 0.000537286 -0.000327652 -0.000498226 -0.000226957 0.000137782 0.000854648 0.0010133 -0.00136602 -0.00171386 -0.00204755 -0.00287844 -0.000760463 -0.000340909
internal_weight=15712 10220 2738 5492 4682 3760 7482 6818 1568 922 810 540 664 270
internal_count=15712 10220 2738 5492 4682 3760 7482 6818 1568 922 810 540 664 270
is_linear=0
shrinkage=0.025


Tree=63
num_leaves=12
num_cat=0
split_feature=38 36 40 40 11 13 35 53 41 27 26
split_gain=6.48212 5.1552 4.15108 4.36429 5.59968 3.97763 3.79801 2.75217 2.57788 2.35131 1.91427
threshold=-0.03130389750003814 -0.15029136836528775 1.3294330835342409 1.01561975479126 0.016868619248270992 -0.085243310779333101 -0.14145146310329434 0.32769282162189489 0.70689445734024059 -0.010445501655340193 0.016528482548892501
decision_type=2 2 2 2 2 2 2 8 2 2 2
left_child=1 6 3 4 -2 -4 -1 -3 -8 -9 -5
right_child=2 7 5 10 -6 -7 8 9 -10 -11 -12
leaf_value=-0.0033999656117127013 -0.00014962764598630578 -0.00089485716787875667 5.7459046330153621e-05 -0.0012253957513959747 -0.0021413665658449443 -0.0045145552672331253 -0.0014771978629030146 -0.00048149532930880231 0.0017290106551650824 0.0011572443017793743 0.0007805632029808826
leaf_weight=184 2328 142 126 174 958 161 641 515 317 8362 1728
leaf_count=184 2328 142 126 174 958 161 641 515 317 8362 1728
internal_value=0.000166789 0.00054065 -0.000525775 -0.000360822 -0.000912716 -0.00342894 -0.0010364 0.000741495 -0.00038811 0.000797822 0.000589276
internal_weight=15636 10161 5475 5188 3286 287 1142 9019 958 8877 1902
internal_count=15636 10161 5475 5188 3286 287 1142 9019 958 8877 1902
is_linear=0
shrinkage=0.025


Tree=64
num_leaves=13
num_cat=0
split_feature=49 38 36 9 38 41 49 22 43 41 40 12
split_gain=7.80837 5.29234 6.0111 3.78737 3.78473 3.38396 3.23734 2.50688 2.23905 3.16571 2.75766 2.01927
threshold=45.494998931884773 -0.020506440661847588 -0.15029136836528775 0.034405285492539413 -0.22234245389699933 0.21492049843072894 30.645000457763675 0.46230512857437139 -0.10567896813154219 0.52645647525787365 0.92762103676795971 -0.055619265884160989
decision_type=10 2 2 2 2 2 8 2 2 2 2 2
left_child=1 2 4 8 -1 11 -4 -7 10 -10 -2 -3
right_child=3 5 6 -5 -6 7 -8 -9 9 -11 -12 -13
leaf_value=-0.00040143921337596833 0.00015571450473422736 -0.0038382744952250611 0.0035556972527829621 -0.0024390175942701816 -0.0042155043083144904 -0.0012382189567669926 0.00094063889106549249 4.9048652971963421e-05 -0.00091029290015565113 0.00043432618811466996 -0.0016077455941762469 -0.0013605563183156856
leaf_weight=959 149 127 1706 123 169 616 6834 3358 420 733 382 143
leaf_count=959 149 127 1706 123 169 616 6834 3358 420 733 382 143
internal_value=0.000148897 0.000350201 0.000673395 -0.00139418 -0.00103597 -0.000384502 0.00090038 -0.000196972 -0.0010709 -0.000441494 -0.00240905 -0.00306818
internal_weight=15719 13912 9668 1807 1128 4244 8540 3974 1684 1153 531 270
internal_count=15719 13912 9668 1807 1128 4244 8540 3974 1684 1153 531 270
is_linear=0
shrinkage=0.025


Tree=65
num_leaves=12
num_cat=0
split_feature=44 40 43 40 17 5 17 47 41 40 9
split_gain=5.30149 4.54668 4.55507 4.09357 4.03353 3.85361 3.48902 3.4791 3.33982 2.36151 0.187844
threshold=0.02314331661909819 0.70204070210456859 -0.19421739876270291 1.2770692110061648 0.17486921697854999 1.7016428709030154 -0.057563453912734978 0.54310345649719249 0.73421788215637218 1.3220604658126833 0.039233248680830009
decision_type=2 2 2 2 2 2 2 2 2 2 2
left_child=1 2 -1 6 -5 8 -3 -4 9 -2 -10
right_child=5 3 7 4 -6 -7 -8 -9 10 -11 -12
leaf_value=-0.0017825926748896975 -0.00034164017810488537 -3.2549329022634702e-05 0.00024749420297439452 0.00034564317599175245 -0.0024118688812597533 -0.0031903613327740848 0.0012583182001704443 -0.0031189262188101906 0.0030210853804758858 -0.0047975495736082979 0.0047098272771996319
leaf_weight=130 4402 2083 863 591 312 169 6345 121 120 295 249
leaf_count=130 4402 2083 863 591 312 169 6345 121 120 295 249
internal_value=0.000165365 0.000491029 -0.00101318 0.000671728 -0.00092098 -0.000483063 0.000843561 -0.000413296 -0.000355699 -0.000537271 0.00191511
internal_weight=15680 10445 1114 9331 903 5235 8428 984 5066 4697 369
internal_count=15680 10445 1114 9331 903 5235 8428 984 5066 4697 369
is_linear=0
shrinkage=0.025


Tree=66
num_leaves=12
num_cat=0
split_feature=49 49 17 36 9 9 38 46 41 41 35
split_gain=7.67571 5.34432 6.14596 4.94718 4.18873 3.91667 3.21671 2.02414 2.89651 2.21876 0.43648
threshold=44.45000076293946 12.944999694824221 1.2889763712882998 0.31783433258533483 0.034405285492539413 0.029533578082919124 -0.121187936514616 0.23105636239051822 0.69507205486297619 0.52896076440811168 0.3815195113420487
decision_type=10 10 2 2 2 2 2 2 2 2 2
left_child=1 2 3 -1 7 10 -7 8 -2 -9 -3
right_child=4 5 -4 -5 -6 6 -8 9 -10 -11 -12
leaf_value=0.0006796051239774647 -0.00083485783762426633 0.0048348615452783626 -0.0023687588392598026 -0.00076080189391861618 -0.0029244717257757517 0.0039314999254240297 -0.00012566468302533716 -0.00074304769800664417 -0.0011426926186037336 8.1490266853570702e-05 0.0014026239119116319
leaf_weight=7679 252 1308 186 2536 120 600 1342 448 120 945 162
leaf_count=7679 252 1308 186 2536 120 600 1342 448 120 945 162
internal_value=0.000180778 0.000385457 0.000102946 0.000186522 -0.00131283 0.00124342 0.000500128 -0.000992232 -0.00262268 -0.000544528 0.0022161
internal_weight=15698 13813 10401 10215 1885 3412 1942 1765 372 1393 1470
internal_count=15698 13813 10401 10215 1885 3412 1942 1765 372 1393 1470
is_linear=0
shrinkage=0.025


Tree=67
num_leaves=14
num_cat=0
split_feature=49 44 43 20 34 31 31 5 49 39 50 36 20
split_gain=7.01502 6.25855 4.48027 6.107 4.38672 4.12269 3.58807 7.33945 3.3332 2.6078 1.45804 1.26082 0.259949
threshold=30.645000457763675 0.022986966185271743 -0.19421739876270291 0.15988604724407199 0.13453081250190738 2.7583248615264897 0.86365285515785228 0.43002974987030035 49.734998703002937 1.3773846626281741 -0.34499999880790705 0.73602223396301281 0.7132282853126527
decision_type=8 2 2 2 2 2 2 2 10 2 10 2 2
left_child=4 2 3 -2 11 10 9 -8 -4 -3 -6 12 -1
right_child=1 6 8 -5 5 -7 7 -9 -10 -11 -12 -13 -14
leaf_value=0.0050601935614115641 -0.00029634804673236715 0.00033607077816399017 0.00090838114477840562 -0.0028605733323186365 -0.00075117000895239493 -0.0024735980500019076 -0.0032471080924382995 -0.0012135202169459632 -0.00080780558477875741 -0.0032310242732316845 0.0014470158126707283 -6.8392720659670277e-05 0.0011335551556450794
leaf_weight=1607 2031 1265 6226 121 180 191 198 1993 508 155 844 144 140
leaf_count=1607 2031 1265 6226 121 180 191 198 1993 508 155 844 144 140
internal_value=0.000161856 -0.000102084 0.000254049 -0.000736555 0.00122428 4.61066e-05 -0.000979328 -0.00161259 0.000571858 0 0.000683917 0.00197587 0.0021611
internal_weight=15603 12497 8886 2152 3106 1215 3611 2191 6734 1420 1024 1891 1747
internal_count=15603 12497 8886 2152 3106 1215 3611 2191 6734 1420 1024 1891 1747
is_linear=0
shrinkage=0.025


Tree=68
num_leaves=14
num_cat=0
split_feature=49 36 38 17 36 30 43 34 50 17 41 46 54
split_gain=6.0291 5.43564 4.90629 4.1565 4.44433 3.44333 4.73203 1.93704 1.79674 1.64478 0.994552 0.591077 0.1462
threshold=30.645000457763675 0.62288156151771557 -0.03130389750003814 1.2598740458488467 -0.15029136836528775 -0.37843377888202662 -0.052237717434763901 0.13453081250190738 -0.11499999836087225 0.92639642953872692 0.46367165446281439 0.54779189825057995 3.0440000295639043
decision_type=8 2 2 2 2 2 2 2 10 2 2 2 8
left_child=1 7 3 4 -2 11 -7 12 -3 -9 -10 -4 -1
right_child=2 8 5 -5 -6 6 -8 9 10 -11 -12 -13 -14
leaf_value=0.0050753899807003573 -0.0012607749751652826 -0.0024666761771032237 0.0017362977853432064 -0.00168829097408433 0.00064660319979269469 -0.001438815964251026 -0.00017003394364392986 0.0021150414680345397 -0.0022650598422940334 -0.00063043210194723223 0.00041085629377569829 4.541620512227536e-05 0.0035601798881113624
leaf_weight=1284 1133 146 333 140 7335 1375 2064 671 154 225 302 199 388
leaf_count=1284 1133 146 333 140 7335 1375 2064 671 154 225 302 199 388
internal_value=0.000181938 0.00115551 -6.32747e-05 0.000271537 0.000343887 -0.000790053 -0.0010805 0.00165711 -0.000969934 0.000703385 -0.000170824 0.00106844 0.00216085
internal_weight=15749 3170 12579 8608 8468 3971 3439 2568 602 896 456 532 1672
internal_count=15749 3170 12579 8608 8468 3971 3439 2568 602 896 456 532 1672
is_linear=0
shrinkage=0.025


Tree=69
num_leaves=14
num_cat=0
split_feature=44 40 40 46 36 43 46 37 26 31 3 38 1
split_gain=5.01601 4.62795 4.35127 4.32483 4.00506 3.6378 3.53043 3.29661 2.85188 2.81395 2.41483 2.38024 0.446373
threshold=0.022986966185271743 0.73103401064872753 1.2770692110061648 0.22610405087471011 0.16270258277654651 -0.044067554175853722 0.70194101333618175 0.028929031454026703 0.036840083077549941 2.1707090139389043 -0.019339721649885174 -0.010345682036131619 0.011588579975068571
decision_type=2 2 2 2 2 2 2 2 2 2 2 2 2
left_child=1 5 3 -3 -4 11 -7 8 9 -2 -10 -1 -9
right_child=7 2 4 -5 -6 6 -8 12 10 -11 -12 -13 -14
leaf_value=-0.0012762588203617821 1.9265594536969558e-05 -3.9458673397540421e-05 1.8443125691374354e-05 0.0013305024329526845 -0.0027626759033521648 0.002382480444632368 -0.0023410737770507483 0.0034160220079016319 -0.0040673945589787984 -0.0017146756383701483 -0.0013095520372279829 -0.0037066341966394954 0.00055675768243879347
leaf_weight=405 3164 2190 683 5913 211 511 350 268 126 743 889 121 188
leaf_count=405 3164 2190 683 5913 211 511 350 268 126 743 889 121 188
internal_value=0.000191777 0.000512922 0.000720534 0.000903583 -0.000927419 -0.000827047 0.00016888 -0.000427039 -0.000616755 -0.000307068 -0.00179534 -0.00245527 0.00159165
internal_weight=15762 10384 8997 8103 894 1387 861 5378 4922 3907 1015 526 456
internal_count=15762 10384 8997 8103 894 1387 861 5378 4922 3907 1015 526 456
is_linear=0
shrinkage=0.025


Tree=70
num_leaves=13
num_cat=0
split_feature=49 50 36 43 38 44 29 36 46 41 41 9
split_gain=7.67989 4.33148 7.35072 6.00299 5.6866 3.43954 3.31632 2.13357 1.96591 2.44189 1.28118 0.362458
threshold=44.45000076293946 -1.1750000119209287 0.31783433258533483 -0.19995181262493131 -0.19000207632780072 0.021989658474922184 0.074083369225263609 0.52464881539344799 0.23105636239051822 0.68693238496780407 0.52176973223686229 0.032092431560158736
decision_type=10 10 2 2 2 2 2 2 2 2 2 2
left_child=1 2 4 -4 -1 11 8 -7 9 -2 -10 -3
right_child=6 5 3 -5 -6 7 -8 -9 10 -11 -12 -13
leaf_value=-0.0005856597886099628 -0.00090223282360501827 0.0041315600286583693 -0.0017607674684719907 -0.00035045439132761727 0.001418182413016375 0.0017914415069052267 -0.0026936089424710531 -0.00051745874287655166 -0.00064339756665277037 -0.0011044008303499979 7.1654266796300468e-05 0.001374341692062829
leaf_weight=2432 224 1344 575 1715 5361 1524 213 725 413 124 913 205
leaf_count=2432 224 1344 575 1715 5361 1524 213 725 413 124 913 205
internal_value=0.000224355 0.000428219 0.00015625 -0.0010866 0.00052273 0.00114745 -0.00126916 0.000517414 -0.00088371 -0.00254603 -0.000434823 0.00205357
internal_weight=15768 13881 10083 2290 7793 3798 1887 2249 1674 348 1326 1549
internal_count=15768 13881 10083 2290 7793 3798 1887 2249 1674 348 1326 1549
is_linear=0
shrinkage=0.025


Tree=71
num_leaves=15
num_cat=0
split_feature=49 44 49 43 41 17 18 41 4 10 50 17 16 35
split_gain=6.11774 4.24976 4.48842 4.14141 2.8228 2.55674 2.36275 2.46672 2.26382 1.91419 1.66911 1.1414 0.780483 0.530344
threshold=44.45000076293946 0.0225294902920723 1.0000000180025095e-35 -0.24130421876907346 0.73593130707740795 1.2889763712882998 0.0088876835070550459 0.53995653986930858 0.1952699348330498 0.015279751736670734 0.97499999403953563 -0.013420253526419399 0.021037297323346141 0.3344585001468659
decision_type=10 2 10 2 2 2 2 2 2 2 10 2 2 2
left_child=1 2 3 -1 5 -3 10 9 -9 -8 11 -2 -12 -4
right_child=6 4 13 -5 -6 -7 7 8 -10 -11 12 -13 -14 -15
leaf_value=-0.00072651459183407019 -0.0010011202051779706 -0.00013803378993889598 0.0039933802838061725 0.0010437285812295027 0.0034628611791662233 -0.0016841580163817673 -0.00080268445075798434 -0.00089281233784616575 0.00036726518892663484 -0.0022413635379613509 -0.0011971037173481355 0.00044986546300193001 -0.00032010990763893635 0.0009414394463711375
leaf_weight=1264 128 4440 1383 5577 425 367 219 301 269 127 125 590 124 335
leaf_count=1264 128 4440 1383 5577 425 367 219 301 269 127 125 590 124 335
internal_value=0.000255358 0.000438261 0.000781323 0.000492441 -0.000121969 -0.000296394 -0.00107852 -0.00198561 -0.000945652 -0.00364316 -0.000207047 0.000399378 -0.00195374 0.00192324
internal_weight=15674 13791 8559 6841 5232 4807 1883 916 570 346 967 718 249 1718
internal_count=15674 13791 8559 6841 5232 4807 1883 916 570 346 967 718 249 1718
is_linear=0
shrinkage=0.025


Tree=72
num_leaves=10
num_cat=0
split_feature=43 40 17 47 40 48 38 41 10
split_gain=4.50024 3.94807 4.70129 9.47661 3.83193 3.91184 2.91528 1.58635 1.21938
threshold=0.67103439569473278 1.308019816875458 0.13719424605369571 0.65737342834472667 0.74074867367744457 0.094827588647604003 -0.03130389750003814 0.69813358783721935 0.021221234463155273
decision_type=2 2 2 2 2 2 2 2 2
left_child=1 4 7 -4 5 -1 -6 -3 -2
right_child=8 2 3 -5 6 -7 -8 -9 -10
leaf_value=0.0009508428100386177 -0.0014681755534393069 -0.0012765461043342792 -0.0044026942037159178 -0.0010277309001356229 0.00094797384714779198 -0.0011525235769875885 1.2110756248316713e-05 0.0015721179881541582 -0.0046796550728703708
leaf_weight=877 129 218 146 444 7555 1562 4285 365 121
leaf_count=877 129 218 146 444 7555 1562 4285 365 121
internal_value=0.000179777 0.000234441 -0.00115556 -0.00272059 0.00034943 -0.000550839 0.000535564 0.000427296 -0.00311274
internal_weight=15702 15452 1173 590 14279 2439 11840 583 250
internal_count=15702 15452 1173 590 14279 2439 11840 583 250
is_linear=0
shrinkage=0.025


Tree=73
num_leaves=15
num_cat=0
split_feature=49 44 36 38 31 5 22 49 39 53 38 41 11 17
split_gain=6.11423 4.78515 4.13449 3.19931 2.69203 8.27752 2.60808 2.59777 2.18226 1.54279 1.51844 1.28291 0.850407 0.721148
threshold=28.364999771118168 0.022745329886674884 0.62288156151771557 -0.020506440661847588 0.86365285515785228 0.43002974987030035 0.47173658013343817 46.385000228881843 1.3773846626281741 1.1139065623283388 -0.068823654204606996 0.50245463848114025 0.016647223383188251 0.70638257265090953
decision_type=8 2 2 2 2 2 2 10 2 10 2 2 2 2
left_child=2 3 9 7 8 -6 -5 -2 -3 -1 -11 12 -4 -13
right_child=1 4 11 6 5 -7 -8 -9 -10 10 -12 13 -14 -15
leaf_value=0.0053267048390477417 0.0010132989850426901 0.00043062115106302484 -0.00020032517169965358 -0.0015954712500394113 -0.0038278800967707196 -0.00070636292733467431 -8.5167079981035771e-05 -0.00037190834457561891 -0.002203666492416777 0.0041648024721748196 0.00014692902872557543 -0.00044916693305210083 -0.0026121193514341101 0.00071170824874396002
leaf_weight=1448 5548 1324 124 414 211 2101 2005 946 175 374 592 128 122 220
leaf_count=1448 5548 1324 124 414 211 2101 2005 946 175 374 592 128 122 220
internal_value=0.000203263 -3.60397e-05 0.00121598 0.000280472 -0.000777319 -0.0013115 -0.000493502 0.000569895 4.40493e-05 0.0016758 0.000884398 -0.000640651 -0.00200697 0.000322238
internal_weight=15732 12724 3008 8913 3811 2312 2419 6494 1499 2414 966 594 246 348
internal_count=15732 12724 3008 8913 3811 2312 2419 6494 1499 2414 966 594 246 348
is_linear=0
shrinkage=0.025


Tree=74
num_leaves=13
num_cat=0
split_feature=49 43 20 17 36 53 49 37 19 43 53 9
split_gain=5.44721 5.6104 12.4109 5.24974 4.19495 3.47094 3.16726 2.43003 2.06056 1.62249 1.23328 0.70932
threshold=30.645000457763675 -0.19995181262493131 0.17125606536865237 0.98922914266586315 0.62288156151771557 0.74408572912216198 49.335000991821296 0.024898454546928409 0.22735930234193805 0.44118629395961767 1.1139065623283388 0.029046062380075458
decision_type=8 2 2 2 2 8 10 2 2 2 10 2
left_child=4 2 5 6 9 -2 -3 -5 11 10 -1 -6
right_child=1 3 -4 7 8 -7 -8 -9 -10 -11 -12 -13
leaf_value=0.0051099666392895472 -0.0024140601131705402 0.00065508290466285003 -0.0030527816117339561 -0.00077510335065991047 0.0018798020785180313 -0.00032999174112716546 -0.00056996710809164533 -0.0035176283167560802 -0.0025731908401647732 -0.00089087208568044995 0.0015049619878314846 -0.00021060281731972964
leaf_weight=1342 121 8473 148 641 127 2291 791 124 199 189 997 270
leaf_count=1342 121 8473 148 641 127 2291 791 124 199 189 997 270
internal_value=0.000186172 -4.53588e-05 -0.00108918 0.000220874 0.00111977 -0.00064698 0.000386099 -0.00176136 -0.000754992 0.00156484 0.00174541 0.000276741
internal_weight=15713 12589 2560 10029 3124 2412 9264 765 596 2528 2339 397
internal_count=15713 12589 2560 10029 3124 2412 9264 765 596 2528 2339 397
is_linear=0
shrinkage=0.025


Tree=75
num_leaves=15
num_cat=0
split_feature=49 49 40 40 43 9 35 29 45 44 2 35 53 35
split_gain=6.37615 4.32254 3.99202 4.6355 3.99266 3.72476 3.0632 2.62583 2.69336 2.75802 2.56538 1.33642 1.15016 0.543275
threshold=44.45000076293946 12.944999694824221 1.2336506843566897 0.72801762819290172 -0.24130421876907346 0.029623023234307769 0.11762202903628351 0.05984782241284848 0.26724137365818029 0.01658507622778416 0.057191301137208946 0.14101581275463107 1.0303152203559878 0.32863776385784155
decision_type=10 10 2 2 2 2 2 2 2 2 2 2 10 2
left_child=1 2 3 -1 -4 13 -7 8 9 -2 -9 -12 -10 -3
right_child=7 5 4 -5 -6 6 -8 10 12 -11 11 -13 -14 -15
leaf_value=-0.00080472788538297471 -0.0010247609776438446 0.0050358035949899446 -0.0024958440112074366 0.00070337406153775145 -0.00040538178940821822 0.0026459234356807308 -0.00038908257580513086 -9.7720476219495674e-05 0.00050299575276442849 -0.00012488094104622061 -0.0020633116677251039 -0.0036698122441984659 -0.00056251786280179887 0.00094722855434264562
leaf_weight=1799 184 1216 390 6837 1358 828 1082 191 548 196 169 165 434 293
leaf_count=1799 184 1216 390 6837 1358 828 1082 191 548 196 169 165 434 293
internal_value=0.000157295 0.000344094 8.93975e-05 0.000310583 -0.000997575 0.00111456 0.000375326 -0.00120309 -0.00061357 -0.00238636 -0.00270047 -0.00400811 7.47215e-05 0.00204178
internal_weight=15690 13803 10384 8636 1748 3419 1910 1887 1362 380 525 334 982 1509
internal_count=15690 13803 10384 8636 1748 3419 1910 1887 1362 380 525 334 982 1509
is_linear=0
shrinkage=0.025


Tree=76
num_leaves=13
num_cat=0
split_feature=41 17 43 9 31 9 40 43 9 40 48 35
split_gain=4.538 3.25541 3.22466 4.08801 2.75649 1.87574 1.94335 2.49658 0.739644 0.70594 1.04017 0.78311
threshold=0.75063416361808788 1.5063287019729616 0.011948614381253721 0.034405285492539413 2.2111445665359502 0.025059097446501259 1.0969694256782534 -0.22911263257265088 0.021780530922114853 1.1639138460159304 0.80080705881118786 0.23577748239040378
decision_type=2 2 2 2 2 2 2 2 2 2 2 2
left_child=1 2 4 -4 -1 6 8 -8 -2 11 -11 -7
right_child=5 -3 3 -5 -6 9 7 -9 -10 10 -12 -13
leaf_value=-0.00025214682329563579 0.0014581961875395992 -0.002104357166083089 0.00090841671503535948 -0.00071213435687240295 -0.0060344902434766798 0.002945872624782912 -0.0015787073458353729 4.988621469247377e-05 -2.2143514935239734e-06 -0.00056764505923153307 0.0017705286454196734 0.00043224745529389305
leaf_weight=6133 291 230 5137 1376 133 981 132 214 196 141 497 142
leaf_count=6133 291 230 5137 1376 133 981 132 214 196 141 497 142
internal_value=0.000153847 -3.62109e-05 1.69158e-05 0.000406758 -0.000387299 0.00110764 0.000120823 -0.00129273 0.00114075 0.00156922 0.00087675 0.00195146
internal_weight=15603 13009 12779 6513 6266 2594 833 346 487 1761 638 1123
internal_count=15603 13009 12779 6513 6266 2594 833 346 487 1761 638 1123
is_linear=0
shrinkage=0.025


Tree=77
num_leaves=13
num_cat=0
split_feature=38 36 35 11 5 30 41 43 48 4 5 12
split_gain=4.10713 5.6489 4.48386 2.71681 2.5756 2.77553 2.16764 2.08774 2.8521 2.01712 2.1339 1.45238
threshold=-0.03130389750003814 -0.15029136836528775 -0.14145146310329434 0.016141272149980072 1.4362657666206362 -0.3862799853086471 0.3529022634029389 0.0024131406098604207 0.20983126014471057 0.9954170584678651 -0.035889038816094392 -0.076643690466880784
decision_type=2 2 2 2 2 2 2 2 2 2 2 2
left_child=1 2 -1 7 5 -5 -4 8 -2 10 -3 -9
right_child=3 9 6 4 -6 -7 -8 11 -10 -11 -12 -13
leaf_value=-0.0032527235608519598 -0.0023828799028772635 4.2504876850039672e-05 0.0020070430732874677 0.00093245082947892004 -0.002921958393384781 -0.0011267788591656119 -0.00092926945600923204 -0.00082854733907085105 -2.2434610304295263e-05 -0.0017623755223938301 0.0012575638460048657 0.0011573294076595976
leaf_weight=188 279 2215 201 372 130 1743 742 125 1417 131 6685 1460
leaf_count=188 279 2215 201 372 130 1743 742 125 1417 131 6685 1460
internal_value=0.000180893 0.00047937 -0.00118068 -0.000366796 -0.00103611 -0.000816627 -0.000460179 9.01553e-05 -0.000516608 0.000688496 0.00073484 0.000742925
internal_weight=15688 10162 1131 5526 2245 2115 943 3281 1696 9031 8900 1585
internal_count=15688 10162 1131 5526 2245 2115 943 3281 1696 9031 8900 1585
is_linear=0
shrinkage=0.025


Tree=78
num_leaves=12
num_cat=0
split_feature=41 40 48 40 44 48 53 40 48 35 29
split_gain=3.58732 4.18364 3.66003 3.18561 4.22738 3.43694 2.27455 1.28277 1.91453 1.86387 0.877001
threshold=0.75689461827278148 1.3220604658126833 0.73275861144065868 0.74074867367744457 0.022986966185271743 0.10491563007235528 0.73899400234222423 1.1575220823287966 0.74303007125854503 0.23577748239040378 0.081448730081319823
decision_type=2 2 2 2 2 2 8 2 2 2 2
left_child=1 3 -3 5 -5 -1 -2 9 -9 -8 -4
right_child=6 2 10 4 -6 -7 7 8 -10 -11 -12
leaf_value=0.00067729764953306361 -0.0012497368828906436 -0.0046635755864233462 -0.0013271824383786792 0.00063628648168345984 -0.00036807158607932069 -0.0013644145099139366 0.0025955278426121526 -0.0010367941958174304 0.0011570356292059335 -0.00017607676153083039 0.0013639024413754537
leaf_weight=1024 126 192 364 6300 3841 1459 1262 126 679 167 145
leaf_count=1024 126 192 364 6300 3841 1459 1262 126 679 167 145
internal_value=0.000167702 7.97084e-06 -0.00186438 0.000113133 0.000310098 -0.000687801 0.00106501 0.00125223 0.000439815 0.00170241 -0.000722276
internal_weight=15685 13325 701 12624 10141 2483 2360 2234 805 1429 509
internal_count=15685 13325 701 12624 10141 2483 2360 2234 805 1429 509
is_linear=0
shrinkage=0.025


Tree=79
num_leaves=13
num_cat=0
split_feature=40 48 40 48 14 17 48 5 31 12 2 41
split_gain=3.83011 5.63307 3.8391 3.4861 3.98333 2.48371 3.32419 2.99613 2.3257 1.9302 1.59279 1.09591
threshold=1.3220604658126833 0.73275861144065868 0.74747607111930858 0.094827588647604003 0.077035948634147658 -0.038058372214436524 0.82868674397468578 1.2020027637481692 1.4587577581405642 -0.077632699161767946 0.11339348927140237 0.7554413676261903
decision_type=2 2 2 2 2 2 2 2 2 2 2 2
left_child=2 -2 3 8 -5 6 -4 -7 -1 11 -11 -3
right_child=1 9 5 4 -6 7 -8 -9 -10 10 -12 -13
leaf_value=0.0018009613830701648 -0.0044494202622817327 -0.00057431819716673908 8.0919699347409019e-05 -0.0026467439585154094 -0.00085057579776444132 0.00085840661717815649 -0.0021588647650688316 -0.00054884223893345268 -0.0012778316600061351 -0.0020555311651362855 2.3431649519731104e-05 0.0041329000639167479
leaf_weight=706 209 338 2227 133 1535 8707 343 805 209 149 139 195
leaf_count=706 209 338 2227 133 1535 8707 343 805 209 149 139 195
internal_value=0.000194666 -0.00127415 0.000298654 -0.000574285 -0.00125448 0.000485956 -0.000201456 0.00067235 0.000658967 -0.000322336 -0.00195819 0.000559944
internal_weight=15695 1030 14665 2583 1668 12082 2570 9512 915 821 288 533
internal_count=15695 1030 14665 2583 1668 12082 2570 9512 915 821 288 533
is_linear=0
shrinkage=0.025


Tree=80
num_leaves=14
num_cat=0
split_feature=49 36 38 33 41 41 49 18 48 53 5 19 41
split_gain=5.90592 4.11333 5.32198 3.45939 3.12642 4.77452 2.33674 1.79766 2.21399 1.98596 1.53319 1.45165 0.905433
threshold=48.564998626708991 -0.15029136836528775 -0.032211959362030022 -0.0020658102585002776 0.33046132326126104 0.70689445734024059 30.645000457763675 -0.00049385926104150702 0.33400586247444158 1.0357586145401003 -0.050651874393224709 0.085076734423637404 0.57930284738540661
decision_type=10 2 2 2 2 2 8 2 2 10 2 2 2
left_child=1 4 6 -4 -1 -6 -3 10 11 -10 -2 -9 -12
right_child=7 2 3 -5 5 -7 -8 8 9 -11 12 -13 -14
leaf_value=0.0017788702423652944 -0.0011875721000854361 0.0028938264063125565 -0.0011700980138487618 0.0001189760294968173 -0.0031126146919346191 0.00047439664179861716 0.0008901591156939367 -0.00078195473211392457 -0.00099235219859188832 0.00010490194893860106 -0.00042307463762723103 -0.0024980059778610692 0.00059171033097048763
leaf_weight=188 154 1560 961 4136 578 358 6467 147 249 259 282 122 257
leaf_count=188 154 1560 961 4136 578 358 6467 147 249 259 282 122 257
internal_value=0.000153517 0.000309672 0.000434439 -0.000196246 -0.00113707 -0.00173087 0.000835564 -0.00135169 -0.00217551 -0.00116715 -0.0004101 -0.00400091 0.000213695
internal_weight=15718 14248 13124 5097 1124 936 8027 1470 777 508 693 269 539
internal_count=15718 14248 13124 5097 1124 936 8027 1470 777 508 693 269 539
is_linear=0
shrinkage=0.025


Tree=81
num_leaves=15
num_cat=0
split_feature=49 44 34 43 40 31 43 9 48 16 49 3 26 46
split_gain=5.69703 4.37249 3.91868 3.61681 4.64178 3.2369 6.86576 3.04977 2.63594 1.90312 1.36948 0.611044 0.702806 0.14305
threshold=30.645000457763675 0.023060186766088012 0.13453081250190738 -0.0073578262235969296 0.70204070210456859 0.86365285515785228 -0.021621073596179482 0.027279488742351535 0.8479457199573518 0.032330494374036796 49.335000991821296 0.31125667691230779 0.036840083077549941 0.12523329630494121
decision_type=8 2 2 2 2 2 2 2 2 2 10 2 2 2
left_child=2 3 11 4 -2 8 -7 -4 -3 -9 -5 13 -13 -1
right_child=1 5 7 10 -6 6 -8 9 -10 -11 -12 12 -14 -15
leaf_value=0.0030766858606767794 -0.0019208243749168055 0.00062442219425893686 0.0034669205560537023 0.0015749138965815057 6.0663534713137597e-05 -0.003678970461143424 -0.00071441811953485909 -7.8791654072633428e-05 -0.0027304367744824596 -0.0029483221865866088 -0.00021305105479565149 0.0025098491859142156 -0.00010206140610159354 0.004320818447183533
leaf_weight=189 477 1177 324 3352 4669 322 1850 790 206 132 462 407 179 1155
leaf_count=189 477 1177 324 3352 4669 322 1850 790 206 132 462 407 179 1155
internal_value=0.000221155 -1.84704e-05 0.00116591 0.000275377 -0.000156038 -0.000760182 -0.00136139 6.69465e-05 0.000181016 -0.000662082 0.000858536 0.00187016 0.00115694 0.00217105
internal_weight=15691 12515 3176 8960 5146 3555 2172 1246 1383 922 3814 1930 586 1344
internal_count=15691 12515 3176 8960 5146 3555 2172 1246 1383 922 3814 1930 586 1344
is_linear=0
shrinkage=0.025


Tree=82
num_leaves=14
num_cat=0
split_feature=49 40 40 44 17 14 38 43 18 44 31 5 30
split_gain=4.89094 4.2722 5.12933 4.75162 3.87173 3.53814 4.9176 2.47561 1.98387 1.76681 1.85834 1.51533 0.92218
threshold=44.45000076293946 0.75769370794296276 1.308019816875458 0.0225294902920723 0.13719424605369571 0.094827588647604003 -0.059463236480951302 0.47953975200653082 0.0093837194144725817 0.022831924259662632 0.68005612492561351 -0.050651874393224709 0.17447277903556827
decision_type=10 2 2 2 2 2 2 2 2 2 2 2 2
left_child=1 5 3 -3 -4 6 -1 -7 11 10 -10 -2 -13
right_child=8 2 4 -5 -6 7 -8 -9 9 -11 -12 12 -14
leaf_value=0.00058860037514812621 -0.0011305422623265865 0.0013625461066296531 0.00056193007313767212 4.9569017058388874e-05 -0.002645049795115483 -6.4161494811302349e-05 -0.0035983586094686243 -0.0020234548061795051 -0.00090797385697426408 -0.0027226817358263528 -5.1629026476598627e-05 0.00039578212496917592 -0.00043498720076607067
leaf_weight=121 193 6235 561 3782 581 2226 125 133 237 207 442 451 337
leaf_count=121 193 6235 561 3782 581 2226 125 133 237 207 442 451 337
internal_value=0.000169241 0.000332541 0.000545615 0.000727026 -0.0010364 -0.000577107 -0.00340139 -0.000273371 -0.00102898 -0.00188412 -0.00123721 -0.000244675 0.00023802
internal_weight=15631 13764 11159 10017 1142 2605 246 2359 1867 886 679 981 788
internal_count=15631 13764 11159 10017 1142 2605 246 2359 1867 886 679 981 788
is_linear=0
shrinkage=0.025


Tree=83
num_leaves=14
num_cat=0
split_feature=49 44 40 48 34 40 31 45 50 3 10 4 33
split_gain=6.70109 3.7972 3.65354 4.2723 3.62384 3.53492 2.98788 5.86334 2.7059 2.19929 1.78397 0.871779 0.236456
threshold=30.645000457763675 0.022673548199236396 0.70204070210456859 0.057776963338255889 0.13287605345249179 1.2377066612243655 0.86365285515785228 0.63811445236206066 -0.34499999880790705 -0.31314089894294733 0.016720595769584182 0.80441981554031383 0.019936690106987957
decision_type=8 2 2 2 2 2 2 2 10 2 2 2 2
left_child=4 2 3 -2 11 -4 9 -8 -6 -3 -10 12 -1
right_child=1 6 5 -5 8 -7 7 -9 10 -11 -12 -13 -14
leaf_value=0.0039033408185493337 0.0032029146870208923 -0.0022200616194871926 0.00052209787369273005 -0.0017973621645578659 -0.0016891787444112954 -0.00079231493491858397 -0.0022060351455147412 -0.00057760991272302518 0.0019038360569861371 0.00029743075831943481 -0.00091499613611194697 0.00055801704365028386 0.0010480277572317207
leaf_weight=1533 219 128 6655 843 231 1077 588 1684 655 1397 352 225 132
leaf_count=1533 219 128 6655 843 231 1077 588 1684 655 1397 352 225 132
internal_value=0.000134587 -0.00012236 0.000162376 -0.00120783 0.00116941 0.000352042 -0.000782812 -0.0013565 0.000111625 6.94445e-05 0.000678113 0.00185686 0.00205464
internal_weight=15719 12591 8794 1062 3128 7732 3797 2272 1238 1525 1007 1890 1665
internal_count=15719 12591 8794 1062 3128 7732 3797 2272 1238 1525 1007 1890 1665
is_linear=0
shrinkage=0.025


Tree=84
num_leaves=15
num_cat=0
split_feature=49 43 35 36 17 36 49 32 34 35 9 16 9 9
split_gain=5.44993 4.6539 7.91185 8.14729 5.15693 4.49656 3.80268 3.46334 2.19398 2.04663 1.72602 1.55477 1.14845 0.205163
threshold=30.645000457763675 -0.19995181262493131 0.2131375074386597 0.32621268928051 1.030676603317261 0.62288156151771557 49.335000991821296 0.8436720371246339 0.13453081250190738 0.2131375074386597 0.028072139248251918 0.032099720090627677 0.030062221921980384 0.029974076896905903
decision_type=8 2 2 2 2 2 10 2 2 2 2 2 2 2
left_child=5 2 7 -4 6 8 -3 -2 13 -6 -10 12 -7 -1
right_child=1 4 3 -5 9 11 -8 -9 10 -11 -12 -13 -14 -15
leaf_value=0.0061021686557525216 0.00088476660682462933 0.00058342286092459919 0.00070127544028291116 -0.0020292103589832698 -0.0018431350792244589 0.0015133965396326606 -0.00078483966876880147 -0.00056563244469803908 0.0034309122642001764 0.00029044983252764261 -0.00015366406369609939 -0.0024283983644444555 -0.00077502049315117936 0.0029821014369319325
leaf_weight=751 727 8525 168 313 470 167 786 1362 275 159 609 145 293 899
leaf_count=751 727 8525 168 313 470 167 786 1362 275 159 609 145 293 899
internal_value=0.000163936 -6.94166e-05 -0.00101699 -0.00389146 0.000175339 0.00109455 0.000324308 -0.000344436 0.00155721 -0.00200513 0.000538527 -0.000829918 -9.40859e-05 0.00209592
internal_weight=15649 12510 2570 481 9940 3139 9311 2089 2534 629 884 605 460 1650
internal_count=15649 12510 2570 481 9940 3139 9311 2089 2534 629 884 605 460 1650
is_linear=0
shrinkage=0.025


Tree=85
num_leaves=15
num_cat=0
split_feature=49 36 40 30 49 38 34 44 40 43 36 9 5 48
split_gain=5.76659 4.59259 5.88428 4.66058 4.15204 6.97264 3.82043 2.62813 2.16364 2.14415 0.941127 0.717301 0.367996 0.242102
threshold=30.645000457763675 0.30533440411090856 1.3220604658126833 -0.31092178821563715 44.45000076293946 -0.1870431378483772 0.11557525768876077 0.021700693294405941 1.0735303163528445 -0.10042645037174223 0.51334986090660106 0.029734570533037189 0.98699340224266063 0.33400586247444158
decision_type=8 2 2 2 10 2 2 2 2 2 2 2 2 2
left_child=6 4 3 -3 5 -2 10 11 -9 -6 13 -8 -12 -1
right_child=1 2 -4 -5 9 -7 7 8 -10 -11 12 -13 -14 -15
leaf_value=0.0028602250487377249 -0.00054884539019752962 0.00090319371474446961 -0.0052755314897010123 -0.00087309952139467636 -0.00090701162798215911 0.001453348218599145 0.0034459812630695387 -0.0014105587199736223 0.00089064862569791054 -0.00011071038879305263 -5.6424517453377104e-05 0.00011524131309120104 0.002095990886931751 0.0057440570284103126
leaf_weight=495 2505 825 172 2439 502 5059 335 622 330 1065 152 139 120 917
leaf_count=495 2505 825 172 2439 502 5059 335 622 330 1065 152 139 120 917
internal_value=0.000158542 -7.96412e-05 -0.000858399 -0.000614484 0.000213031 0.000456302 0.00112159 0.000163347 -0.00058908 -0.000954994 0.00192644 0.00167798 0.000537004 0.00218684
internal_weight=15677 12567 3436 3264 9131 7564 3110 1426 952 1567 1684 474 272 1412
internal_count=15677 12567 3436 3264 9131 7564 3110 1426 952 1567 1684 474 272 1412
is_linear=0
shrinkage=0.025


Tree=86
num_leaves=15
num_cat=0
split_feature=49 43 13 31 20 49 20 11 34 53 9 3 10 2
split_gain=5.00512 3.99079 14.5828 5.17231 3.657 2.95557 2.94339 2.43983 2.76525 2.31103 0.844303 1.00488 0.484071 0.117432
threshold=30.645000457763675 -0.20349823683500287 -0.093553386628627763 2.3109098672866826 0.52201575040817272 48.564998626708991 0.61138996481895458 0.016298697330057624 0.13287605345249179 0.751867175102234 0.027355246245861057 0.15834523737430575 0.011887516360729935 0.17115521430969241
decision_type=8 2 2 2 2 10 2 2 2 8 2 2 2 2
left_child=4 2 9 5 10 -3 -5 12 -9 -2 13 -12 -6 -1
right_child=1 3 -4 6 7 -7 -8 8 -10 -11 11 -13 -14 -15
leaf_value=0.0048972261464520815 -0.001821345062080375 0.00063166202945085697 -0.002400178216533844 -0.001870319272735196 0.0024960096704031588 -0.00047581662086228433 -0.00097581221190472115 0.00065068392168066147 -0.0018959769675026582 -0.00019584226137556206 0.0029501132847753338 0.00066570998619314636 0.00039809049468319017 0.0037045152758225109
leaf_weight=628 126 8280 175 287 165 1062 368 274 281 2231 785 638 264 122
leaf_count=628 126 8280 175 287 165 1062 368 274 281 2231 785 638 264 122
internal_value=0.000158291 -6.55217e-05 -0.000951419 0.000158593 0.0010472 0.000310126 -0.00197917 -0.000211072 -0.0013058 -0.000423899 0.00161903 0.00124387 0.00118952 0.0023096
internal_weight=15686 12529 2532 9997 3157 9342 655 984 555 2357 2173 1423 429 750
internal_count=15686 12529 2532 9997 3157 9342 655 984 555 2357 2173 1423 429 750
is_linear=0
shrinkage=0.025


Tree=87
num_leaves=14
num_cat=0
split_feature=49 35 30 43 13 44 26 38 41 35 25 43 37
split_gain=4.10265 3.96476 3.9334 4.21204 6.77092 3.85054 2.30769 1.9909 4.85288 2.10326 1.57257 1.40689 1.01971
threshold=30.645000457763675 0.32863776385784155 -0.34693646430969233 -0.0019880074542015787 -0.092210594564676271 0.024222452193498615 0.039347279816865928 -0.19192274659872052 0.62756189703941356 0.28924338519573217 28.042899131774906 0.44118629395961767 0.01789745315909386
decision_type=8 2 2 2 2 2 2 2 2 2 2 2 2
left_child=1 11 7 4 -4 -5 10 8 -2 -9 -3 12 -1
right_child=2 6 3 5 -6 -7 -8 9 -10 -11 -12 -13 -14
leaf_value=0.0066296111561214704 -0.0017979752765510686 0.00051419596718363359 -0.00031816176354359626 0.00098507356037168346 -0.0017444012134725255 -0.00067299854016487166 -0.0022528387607019845 0.0011176054479334011 0.001017294156435089 -0.00127932525748754 -0.0012380516439949388 -0.00072613742588031524 0.0017909398768628073
leaf_weight=1066 300 796 3595 3214 725 1808 123 2316 504 132 139 145 869
leaf_count=1066 300 796 3595 3214 725 1808 123 2316 504 132 139 145 869
internal_value=0.000174668 0.000982739 -2.64901e-05 -0.000287659 -0.000859826 0.00020365 -0.000257526 0.000721139 -0.000350742 0.00107572 0.000166223 0.00161571 0.00179446
internal_weight=15732 3138 12594 9342 4320 5022 1058 3252 804 2448 935 2080 1935
internal_count=15732 3138 12594 9342 4320 5022 1058 3252 804 2448 935 2080 1935
is_linear=0
shrinkage=0.025


Tree=88
num_leaves=13
num_cat=0
split_feature=49 41 36 41 35 49 36 29 45 40 20 39
split_gain=4.769 4.32937 5.92389 4.34714 3.92902 2.31547 3.14569 2.02434 1.9166 2.99068 1.76438 1.66678
threshold=44.45000076293946 0.43233948945999151 -0.1300886198878288 0.69149351119995128 0.21612079441547397 15.050000190734865 0.37879991531372076 0.084995549172163024 0.5524578094482423 0.90083804726600658 0.68399125337600719 0.84596389532089245
decision_type=10 2 2 2 2 10 2 2 2 2 2 2
left_child=1 5 3 -3 -4 6 -1 8 9 -2 -7 -10
right_child=7 2 4 -5 -6 10 -8 -9 11 -11 -12 -13
leaf_value=-0.00041773715784042156 0.00041668230931245031 -0.0029164929816506797 0.0014394960969552591 0.00023466532845484896 -8.9151448060828309e-05 0.002646371114623122 -0.0017890544435119346 -0.0025989215886678832 -0.0006214014788650025 -0.00097661869414871079 -0.0011216700884433771 0.00047598951710554329
leaf_weight=2018 246 478 7214 463 2736 328 490 152 300 710 127 479
leaf_count=2018 246 478 7214 463 2736 328 490 152 300 710 127 479
internal_value=0.000158532 0.000319558 0.000550317 -0.00133853 0.000730161 -0.000526028 -0.000825209 -0.0010181 -0.000765086 -0.00151275 0.00110054 0.000148278
internal_weight=15741 13854 10891 941 9950 2963 2508 1887 1735 956 455 779
internal_count=15741 13854 10891 941 9950 2963 2508 1887 1735 956 455 779
is_linear=0
shrinkage=0.025


Tree=89
num_leaves=13
num_cat=0
split_feature=49 36 44 45 35 40 11 47 34 9 1 36
split_gain=4.80406 4.36334 3.21836 3.39379 3.12856 2.58183 2.06501 2.15542 1.90279 1.7492 1.35079 0.436018
threshold=30.645000457763675 0.70109394192695629 0.023060186766088012 0.57171678543090831 0.083361204713583006 1.4430277347564699 0.035112241283059127 0.54310345649719249 0.13453081250190738 0.027810866013169292 0.0085551156662404555 0.42852881550788885
decision_type=8 2 2 2 2 2 2 2 2 2 2 2
left_child=1 8 3 4 -2 -5 7 -4 11 -10 -3 -1
right_child=2 10 6 5 -6 -7 -8 -9 9 -11 -12 -13
leaf_value=0.0060764775772553124 0.00028530052766685031 0.00025124378270113156 0.00097389797256695106 0.0012666514303528605 -0.00053390348025639288 -0.001850330653949306 0.0026497557915944174 -0.0010204536218398085 0.0030252568391006237 -7.3934743958141782e-05 -0.0021053288881511846 0.001532454234907162
leaf_weight=1090 3088 137 382 3058 2741 125 186 3038 331 728 224 601
leaf_count=1090 3088 137 382 3058 2741 125 186 3038 331 728 224 601
internal_value=0.000202825 0.00108192 -1.37645e-05 0.0002383 -0.000119343 0.00089437 -0.000644904 -0.000786496 0.00142241 0.000579182 -0.00147883 0.00194354
internal_weight=15729 3111 12618 9012 5829 3183 3606 3420 2750 1059 361 1691
internal_count=15729 3111 12618 9012 5829 3183 3606 3420 2750 1059 361 1691
is_linear=0
shrinkage=0.025


Tree=90
num_leaves=14
num_cat=0
split_feature=49 36 30 43 36 35 49 38 40 34 43 16 36
split_gain=4.2752 5.15436 6.5365 6.45807 4.27203 3.70651 3.28497 4.6973 2.77357 2.00582 3.17878 1.3462 0.515744
threshold=28.364999771118168 0.30533440411090856 0.20469709485769275 1.0000000180025095e-35 0.70109394192695629 0.24869753420352939 43.470001220703132 -0.1870431378483772 0.93497583270072948 0.13453081250190738 0.35336321592330938 0.027728220447897915 0.42852881550788885
decision_type=8 2 2 2 2 2 10 2 2 2 2 2 2
left_child=4 6 5 -4 9 -3 7 -2 -8 12 -11 -6 -1
right_child=1 2 3 -5 11 -7 8 -9 -10 10 -12 -13 -14
leaf_value=0.006139928313882154 -0.00038818554386987956 0.00053075637050034933 -0.0018086982185584214 -0.00067152649708918197 -6.0348385756194185e-05 -0.0010082427248535026 0.00023431964575111337 0.0013357888977636812 -0.00071922855793596949 0.0015056236037962424 -0.0016424516257588816 -0.0025483770512661039 0.0013564763211832823
leaf_weight=1082 2503 1586 629 771 200 519 660 5079 956 811 129 164 607
leaf_count=1082 2503 1586 629 771 200 519 660 5079 956 811 129 164 607
internal_value=0.000151822 -4.80995e-05 -0.000863604 -0.00218416 0.00100108 1.48105e-05 0.000262279 0.000480921 -0.00075802 0.00135393 0.000416667 -0.00151423 0.0018691
internal_weight=15696 12703 3505 1400 2993 2105 9198 7582 1616 2629 940 364 1689
internal_count=15696 12703 3505 1400 2993 2105 9198 7582 1616 2629 940 364 1689
is_linear=0
shrinkage=0.025


Tree=91
num_leaves=15
num_cat=0
split_feature=49 38 35 34 38 37 34 34 37 37 4 45 48 43
split_gain=4.61553 4.11192 3.70856 3.1073 2.9061 4.95156 4.77002 2.62488 2.38505 1.81361 0.773729 0.522911 0.0498441 0.0104584
threshold=30.645000457763675 -0.020506440661847588 0.086282566189765944 0.11701405793428422 -0.19000207632780072 0.012876106426119806 -0.043717134743928902 0.15248373895883563 0.012382306158542635 0.01577774249017239 0.39898125827312475 0.54310345649719249 0.16269258409738543 0.067377876490354552
decision_type=8 2 2 2 2 2 2 2 2 2 2 2 2 2
left_child=3 4 -3 10 6 -6 -2 -4 13 -10 12 -12 -1 -5
right_child=1 2 7 8 5 -7 -8 -9 9 -11 11 -13 -14 -15
leaf_value=0.0026451839608333414 0.0010697109119812451 0.0027529804237489096 -0.00087827084680429639 0.0053455375111421018 0.0016871599645559088 -2.3699285382241711e-05 -0.0012322802333246622 0.001601809264680067 -0.0010141476945352409 0.00023107120038053596 0.00016455010124657795 0.0020814409259964496 0.0052906969097266049 0.0022686994260109916
leaf_weight=149 881 251 2795 184 2798 3791 1623 368 258 847 178 662 768 120
leaf_count=149 881 251 2795 184 2798 3791 1623 368 258 847 178 662 768 120
internal_value=0.000199404 -1.60845e-05 -0.000755703 0.00105132 0.000261184 0.000537041 -0.000461837 -0.000989978 0.000170615 -0.000365991 0.00175156 0.00117604 0.00226274 0.0021157
internal_weight=15673 12507 3414 3166 9093 6589 2504 3163 1409 1105 1757 840 917 304
internal_count=15673 12507 3414 3166 9093 6589 2504 3163 1409 1105 1757 840 917 304
is_linear=0
shrinkage=0.025


Tree=92
num_leaves=11
num_cat=0
split_feature=49 43 53 43 42 17 39 25 11 24
split_gain=4.02013 3.9406 3.83103 3.77421 2.00141 1.30766 1.68922 1.46997 0.930038 0.494448
threshold=44.45000076293946 0.67103439569473278 0.81161421537399303 -0.19995181262493131 0.12725082039833072 1.0000000180025095e-35 1.0415378212928774 8.8051691055297869 0.022730047814548019 17.300364494323734
decision_type=10 2 8 2 2 2 2 2 2 2
left_child=1 2 9 -4 5 6 -2 -7 -3 -1
right_child=4 8 3 -5 -6 7 -8 -9 -10 -11
leaf_value=0.00082996886270798702 -6.7949254726660103e-05 -0.001453547229451093 -0.00038025253973544414 0.00057054504057803821 -0.0015293108546904585 0.00011072569781510008 -0.00198178028805819 -0.00068939649793715385 -0.004030146598089205 0.0046513911889989896
leaf_weight=121 140 121 2622 9994 151 924 124 544 120 796
leaf_count=121 140 121 2622 9994 151 924 124 544 120 796
internal_value=0.000174706 0.000323227 0.000380503 0.000266124 -0.000906382 -0.000655584 -0.00226301 -0.000355567 -0.00280996 0.00193736
internal_weight=15657 13774 13533 12616 1883 1732 264 1468 241 917
internal_count=15657 13774 13533 12616 1883 1732 264 1468 241 917
is_linear=0
shrinkage=0.025


Tree=93
num_leaves=15
num_cat=0
split_feature=49 30 35 44 45 32 4 25 49 8 34 44 4 45
split_gain=4.33107 3.90141 3.38225 2.78954 3.96666 3.15604 2.22787 1.96903 1.82893 1.28898 1.33741 1.17038 0.811823 0.0340338
threshold=30.645000457763675 -0.32427339255809778 0.31873199343681341 0.026102939620614055 0.26724137365818029 0.85750001668930065 0.21976065635681155 28.042899131774906 49.315000534057624 0.02759225852787495 0.13727242499589923 0.021700693294405941 0.53184285759925853 0.82868674397468578
decision_type=8 2 2 2 2 2 2 2 10 2 2 2 2 2
left_child=2 6 9 4 -3 -5 8 11 -2 13 -11 -4 -8 -1
right_child=1 3 7 5 -6 -7 12 -9 -10 10 -12 -13 -14 -15
leaf_value=0.0057300376085022454 0.00050090422120686905 -0.00066699734352913852 0.0024077964694734443 6.9891379168895445e-05 0.00027076147797215123 -0.0016299743805266503 0.0027469614437826404 -0.0015635010135221625 -0.0010509369360864906 0.0021896110588642804 -0.00025538261015117044 -5.2207732502293789e-05 0.00047986480059880886 0.0041080983794904704
leaf_weight=821 2188 1868 229 714 5474 1157 819 170 144 813 287 716 215 120
leaf_count=821 2188 1868 229 714 5474 1157 819 170 144 813 287 716 215 120
internal_value=0.000179876 -2.7515e-05 0.0010072 -0.000294126 -7.33292e-05 -0.00115472 0.000699718 -9.4866e-05 0.000266902 0.00161107 0.00101244 0.000348684 0.00166386 0.00229519
internal_weight=15735 12579 3156 9213 7342 1871 3366 1115 2332 2041 1100 945 1034 941
internal_count=15735 12579 3156 9213 7342 1871 3366 1115 2332 2041 1100 945 1034 941
is_linear=0
shrinkage=0.025


Tree=94
num_leaves=15
num_cat=0
split_feature=49 36 30 5 17 41 36 34 36 9 40 36 44 42
split_gain=3.94518 3.69939 6.29996 4.35908 4.03687 3.90013 3.78518 3.67421 3.10633 2.32546 1.96926 0.818453 0.594814 0.545752
threshold=30.645000457763675 0.32621268928051 0.20469709485769275 0.35143998265266424 0.98922914266586315 0.44439063966274267 -0.16901501268148419 0.11557525768876077 0.13457657396793368 0.027279488742351535 0.98364582657814037 0.61713615059852611 0.02948364615440369 0.031057273037731651
decision_type=8 2 2 2 2 2 2 2 2 2 2 2 2 2
left_child=7 4 5 -4 6 -3 -2 11 -6 13 -11 12 -1 -9
right_child=1 2 3 -5 8 -7 -8 9 -10 10 -12 -13 -14 -15
leaf_value=0.0045066500903093477 -0.0010711470088659786 -0.0017711921911597777 -0.0027062267411895307 -0.00091646146042217666 0.00098366011106399667 0.0006796855305393752 0.0004816249207865097 0.0033492636254055484 -0.0024679911242788959 -0.0013242271284382989 0.00071738244119220985 0.00017385016647564834 0.00054067054097630025 0.00034226369103580593
leaf_weight=1296 1060 246 334 731 155 1356 8384 242 316 579 482 182 251 132
leaf_count=1296 1060 246 334 731 155 1356 8384 242 316 579 482 182 251 132
internal_value=0.00019102 -7.05083e-06 -0.000833177 -0.00231893 0.000214844 0.000154792 0.000328474 0.00097941 -0.00202994 3.90626e-05 -0.000554643 0.00175389 0.00194024 0.00172493
internal_weight=15746 12582 2667 1065 9915 1602 9444 3164 471 1435 1061 1729 1547 374
internal_count=15746 12582 2667 1065 9915 1602 9444 3164 471 1435 1061 1729 1547 374
is_linear=0
shrinkage=0.025


Tree=95
num_leaves=14
num_cat=0
split_feature=49 43 13 36 17 37 38 53 30 9 40 51 39
split_gain=4.02212 3.8177 13.9757 3.56755 2.6596 3.16309 2.60152 2.37421 1.87232 1.64551 1.97004 1.02577 0.165965
threshold=30.645000457763675 -0.19701926410198209 -0.092210594564676271 0.62288156151771557 0.98922914266586315 0.024168548174202446 -0.030450033955276009 0.751867175102234 -0.13179139792919156 0.028325694613158706 0.76968899369239818 0.98499998450279247 0.60855722427368175
decision_type=8 2 2 2 2 2 2 8 2 2 2 10 2
left_child=3 2 7 9 6 -6 -3 -2 -5 12 -11 -10 -1
right_child=1 4 -4 8 5 -7 -8 -9 11 10 -12 -13 -14
leaf_value=0.0027241661569241829 -0.0019706157226622549 0.0006243544268565007 -0.0021760768963481354 -0.0026419610085304055 -0.00043753043502386567 -0.003544616563080825 -0.00021416468543806224 -0.00012914858414789986 0.00040361225930141565 -0.0017606861592624756 0.001768544458737447 -0.0012645871728327836 0.0047369774324301688
leaf_weight=120 125 6460 176 121 625 121 2795 2311 335 230 1410 141 784
leaf_count=120 125 6460 176 121 625 121 2795 2311 335 230 1410 141 784
internal_value=0.000136668 -6.23117e-05 -0.000912782 0.000936507 0.000159529 -0.00126997 0.000276053 -0.000411204 -0.000791113 0.00134514 0.000862462 -5.97712e-05 0.00220435
internal_weight=15754 12613 2612 3141 10001 746 9255 2436 597 2544 1640 476 904
internal_count=15754 12613 2612 3141 10001 746 9255 2436 597 2544 1640 476 904
is_linear=0
shrinkage=0.025


Tree=96
num_leaves=12
num_cat=0
split_feature=44 31 11 44 11 40 17 40 38 3 10
split_gain=2.84559 4.10096 2.28664 2.70836 2.08226 3.21318 1.94291 1.7979 1.34084 0.665507 0.393058
threshold=0.023060186766088012 0.69467788934707653 0.032182196155190475 0.043975062668323524 0.020968138240277771 1.2250697612762453 1.5063287019729616 0.68024021387100231 -0.03130389750003814 -0.32663026452064509 0.032198403030633933
decision_type=2 2 2 2 2 2 2 2 2 2 2
left_child=1 4 3 6 5 -1 -2 -3 -9 -6 -4
right_child=2 7 10 -5 9 -7 -8 8 -10 -11 -12
leaf_value=5.5326926629437263e-05 -0.00025250790555608678 -0.0010142252109721745 0.0021791424153120185 -0.0031872766916574754 -0.00033204273359345145 -0.0011131992424821201 -0.0023387535765331097 0.0020862110824331477 0.00056983292212241298 0.0013552695038322954 0.0014206148555499887
leaf_weight=4711 4554 178 222 127 187 735 147 2032 1735 856 186
leaf_count=4711 4554 178 222 127 187 735 147 2032 1735 856 186
internal_value=0.00017823 0.000417066 -0.00029646 -0.000449772 2.94504e-05 -0.000165795 -0.000348757 0.00105222 0.00116947 0.00105081 0.00148608
internal_weight=15670 10434 5236 4828 6489 5446 4701 3945 3767 1043 408
internal_count=15670 10434 5236 4828 6489 5446 4701 3945 3767 1043 408
is_linear=0
shrinkage=0.025


Tree=97
num_leaves=13
num_cat=0
split_feature=49 53 38 36 22 19 17 39 29 11 25 38
split_gain=3.89382 3.52401 3.40408 4.21295 4.02846 2.11913 1.56357 1.84141 1.32829 0.836697 0.762217 0.104881
threshold=44.45000076293946 0.82586529850959789 -0.046598076820373528 -0.15029136836528775 0.17204014956951144 0.17993957549333575 0.10623273253440858 0.97881218791008007 0.060313232243061073 0.019648853689432148 1.9249472022056582 -0.062277916818857186
decision_type=10 8 2 2 2 2 2 2 2 2 2 2
left_child=1 9 3 -3 -4 6 7 -2 -8 11 -11 -1
right_child=5 2 4 -5 -6 -7 8 -9 -10 10 -12 -13
leaf_value=0.0018258001653511755 -6.0524153521037593e-07 -0.00086441176902600384 -0.002298554204928722 0.00096244324899947544 -0.00011933631026619545 -0.00164417593299027 0.00011113948135567554 -0.0017388171906305803 -0.0017137321817704016 0.0030699224752788927 -0.00074598199454463572 0.0052535795040270731
leaf_weight=137 169 1155 246 6657 4754 165 1063 193 331 142 120 617
leaf_count=137 169 1155 246 6657 4754 165 1063 193 331 142 120 617
internal_value=0.000161308 0.00030823 0.000194956 0.00052114 -0.000313436 -0.000891095 -0.000626774 -0.00208106 -0.000238563 0.00172258 0.000463483 0.00214592
internal_weight=15749 13828 12812 7812 5000 1921 1756 362 1394 1016 262 754
internal_count=15749 13828 12812 7812 5000 1921 1756 362 1394 1016 262 754
is_linear=0
shrinkage=0.025


Tree=98
num_leaves=13
num_cat=0
split_feature=49 43 13 44 36 49 27 31 40 52 31 52
split_gain=4.48656 4.44157 14.152 3.74955 3.2046 2.77708 2.277 2.05178 1.65288 1.52384 1.46453 1.26212
threshold=28.364999771118168 -0.19995181262493131 -0.092210594564676271 0.023060186766088012 0.62288156151771557 49.335000991821296 -0.011010041926056145 0.86365285515785228 1.1363460421562197 -0.40500000119209284 3.3328285217285161 -7.069999933242797
decision_type=8 2 2 2 2 10 2 2 2 10 2 8
left_child=4 2 6 5 10 -3 -2 -5 9 -6 11 -1
right_child=1 3 -4 7 8 -7 -8 -9 -10 -11 -12 -13
leaf_value=-0.0004201058619776616 -0.0021789476115412565 0.00073764584998006028 -0.0021325961874640218 0.00028009163863336863 -0.0022321347057041082 -0.00054988205233786464 -0.00020973488154999877 -0.00093381852100221381 0.0012258034928416613 4.3766570471592885e-05 -0.0010237627707973048 0.002697163068650196
leaf_weight=139 120 6337 188 1052 215 688 2258 2116 140 233 162 2092
leaf_count=139 120 6337 188 1052 215 688 2258 2116 140 233 162 2092
internal_value=0.00013933 -6.4341e-05 -0.00099329 0.000169273 0.00101181 0.000491643 -0.000461078 -0.000543255 -0.00063027 -0.00137693 0.00141837 0.00158598
internal_weight=15740 12759 2566 10193 2981 7025 2378 3168 588 448 2393 2231
internal_count=15740 12759 2566 10193 2981 7025 2378 3168 588 448 2393 2231
is_linear=0
shrinkage=0.025


Tree=99
num_leaves=15
num_cat=0
split_feature=49 36 30 43 35 38 49 47 9 38 43 35 21 28
split_gain=4.27295 4.0369 6.21922 4.89134 4.03701 3.78357 4.499 3.55544 3.46621 2.93817 1.45974 1.20538 1.00417 0.864159
threshold=43.470001220703132 0.31783433258533483 0.20469709485769275 1.0000000180025095e-35 0.24664238840341571 -0.1870431378483772 52.889999389648445 0.93360236287117015 0.029338318854570392 -0.1332936957478523 0.44118629395961767 0.31873199343681341 55.08729553222657 0.57500001788139354
decision_type=8 2 2 2 2 2 8 2 2 2 2 2 2 2
left_child=8 5 4 -4 -3 7 -7 -2 11 12 -11 -1 -10 -13
right_child=1 2 3 -5 -6 6 -8 -9 9 10 -12 13 -14 -15
leaf_value=0.0043525826553918335 -0.00029921111759542175 0.00064966653000105761 -0.0019093605794099284 -0.00055443822855444976 -0.0012307929386883914 -0.00045542073357325688 0.0010268535090009595 -0.0035021992493297505 0.0029995063172781385 5.1603031477763498e-06 -0.0012690236643822682 0.0013760033649053349 -6.5435811585854009e-05 -0.00034417320389231202
leaf_weight=1127 2393 1091 488 495 365 1385 5421 171 530 1531 189 261 153 181
leaf_count=1127 2393 1091 488 495 365 1385 5421 171 530 1531 189 261 153 181
internal_value=0.00018347 -5.4702e-05 -0.000960004 -0.00249114 7.44354e-05 0.000180667 0.000489466 -0.000635948 0.000892318 0.000291217 -0.000257246 0.00180511 0.00167333 0.000668345
internal_weight=15781 11809 2439 983 1456 9370 6806 2564 3972 2403 1720 1569 683 442
internal_count=15781 11809 2439 983 1456 9370 6806 2564 3972 2403 1720 1569 683 442
is_linear=0
shrinkage=0.025


Tree=100
num_leaves=9
num_cat=0
split_feature=43 49 43 20 19 30 50 9
split_gain=3.49896 3.86304 3.48105 9.67232 2.77337 2.52702 1.71978 0.936128
threshold=0.67103439569473278 28.364999771118168 -0.19995181262493131 0.17125606536865237 0.18246470391750338 -0.4119258970022201 -0.34499999880790705 0.028529703617095951
decision_type=2 8 2 2 2 2 10 2
left_child=1 4 3 -3 7 -4 -6 -1
right_child=-2 2 5 -5 6 -7 -8 -9
leaf_value=0.0038829372013908072 -0.003132585123287482 -0.00022763113309282645 0.0010020533733959035 -0.0021702418728341459 -0.0014557334138302085 6.4327750832142251e-05 0.00044880478970415951 0.0012272602112737546
leaf_weight=824 238 2422 2098 152 149 7907 626 1297
leaf_count=824 238 2422 2098 152 149 7907 626 1297
internal_value=0.000202077 0.000249112 5.89043e-05 -0.0007595 0.00107161 0.000270355 -0.00020032 0.00153869
internal_weight=15713 15475 12579 2574 2896 10005 775 2121
internal_count=15713 15475 12579 2574 2896 10005 775 2121
is_linear=0
shrinkage=0.025


Tree=101
num_leaves=13
num_cat=0
split_feature=49 34 43 20 17 49 32 37 37 36 44 9
split_gain=3.49045 2.95968 2.84047 6.6467 3.567 2.788 2.67981 2.61615 1.94125 1.14606 0.624427 0.0113298
threshold=30.645000457763675 0.11384879052639009 -0.19995181262493131 0.16268210113048556 1.2889763712882998 49.335000991821296 0.7346327304840089 0.012435036245733501 0.013548228424042465 0.60786667466163646 0.02948364615440369 0.026955008506774906
decision_type=8 2 2 2 2 10 2 2 2 2 2 2
left_child=1 9 3 6 5 -4 -2 11 -9 10 -1 -3
right_child=2 7 4 -5 -6 -7 -8 8 -10 -11 -12 -13
leaf_value=0.0045014296268601163 0.0010674220543502983 0.0044959575941940525 0.00042330130613873839 -0.0020850510607786986 -0.0015687163884577011 -0.00060196451087147617 -0.00057252674632299848 -0.0011735881191895299 9.5436648071175187e-05 -0.00012488069333264042 0.00058406336541570161 0.0026103146983735507
leaf_weight=1251 502 188 8925 154 190 923 1877 226 940 196 250 120
leaf_count=1251 502 188 8925 154 190 923 1877 226 940 196 250 120
internal_value=0.000171382 0.000911918 -1.52074e-05 -0.000762904 0.000173131 0.000239902 -0.000428377 8.70522e-05 -0.000451537 0.00162236 0.00185674 0.00212061
internal_weight=15742 3171 12571 2533 10038 9848 2379 1474 1166 1697 1501 308
internal_count=15742 3171 12571 2533 10038 9848 2379 1474 1166 1697 1501 308
is_linear=0
shrinkage=0.025


Tree=102
num_leaves=14
num_cat=0
split_feature=49 44 12 50 36 40 40 13 2 40 9 9 46
split_gain=3.44262 4.09596 3.08912 2.91578 3.15332 4.48137 4.14744 2.6199 1.44592 1.41741 0.83486 0.393301 0.171302
threshold=44.45000076293946 0.021989658474922184 -0.17863864451646802 -0.074999999254941926 0.30533440411090856 1.3220604658126833 0.73737406730651867 -0.19400411099195478 0.10832922160625459 1.0939979553222658 0.031705765053629882 0.035011732950806625 0.095583789050579085
decision_type=8 2 2 10 2 2 2 2 2 2 2 2 2
left_child=1 10 11 4 6 -6 -2 -4 9 -5 12 -3 -1
right_child=3 2 7 8 5 -7 -8 -9 -10 -11 -12 -13 -14
leaf_value=0.0013188495292635639 -0.00089301575611302792 0.00042263682875785628 -0.0028601399772699293 -7.3516657713738702e-05 -0.0002661141445181034 -0.0041534644093581602 0.00058721894027849181 -2.2458244727178109e-05 -0.001534218260333284 -0.00093533235656265167 0.0002396553937947429 0.002236378602949409 0.0033801147551959562
leaf_weight=121 1558 141 129 647 2464 176 6441 1692 227 185 223 458 1280
leaf_count=121 1558 141 129 647 2464 176 6441 1692 227 185 223 458 1280
internal_value=0.000199959 0.000828291 0.000172681 -1.69827e-05 0.00010722 -0.000640359 0.000354979 -0.000337486 -0.00126527 -0.000763142 0.00179788 0.00172392 0.00202436
internal_weight=15742 4044 2420 11698 10639 2640 7999 1821 1059 832 1624 599 1401
internal_count=15742 4044 2420 11698 10639 2640 7999 1821 1059 832 1624 599 1401
is_linear=0
shrinkage=0.025


Tree=103
num_leaves=14
num_cat=0
split_feature=49 35 38 38 34 37 25 35 39 26 37 0 45
split_gain=3.84056 2.7307 2.70594 2.93656 3.68573 3.64267 2.88528 2.35317 1.69046 1.60784 1.40208 1.37351 0.529932
threshold=28.364999771118168 0.31873199343681341 -0.020506440661847588 -0.1870431378483772 -0.043717134743928902 0.012876106426119806 -4.926471233367919 0.086282566189765944 1.2767090201377871 0.038003409281373031 0.01789745315909386 -0.0068579327780753365 0.86720469594001781
decision_type=8 2 2 2 2 2 2 2 2 2 2 2 2
left_child=1 10 3 4 -2 -5 -4 -8 9 -3 12 -12 -1
right_child=2 8 6 5 -6 -7 7 -9 -10 -11 11 -13 -14
leaf_value=0.0053286465482224885 0.00093163459707247965 -2.0416447055047077e-05 -0.0021867178851419653 0.0015278173270059465 -0.0011450027375001597 -4.3251697167812773e-06 0.0026315323736494614 -0.00037763903897182895 0.0022251220464848619 -0.0021206118454413499 0.002342676135041512 -3.5671384544008735e-05 0.0014955959887616283
leaf_weight=952 905 727 224 2801 1740 3771 231 3080 194 120 360 473 158
leaf_count=952 905 727 224 2801 1740 3771 231 3080 194 120 360 473 158
internal_value=0.000181612 0.000988207 -6.95687e-06 0.000218093 -0.00048349 0.000501559 -0.000594986 -0.000404478 -3.94359e-05 -0.000529636 0.00154068 0.000747315 0.00212444
internal_weight=15736 2984 12752 9217 2645 6572 3535 3311 1041 847 1943 833 1110
internal_count=15736 2984 12752 9217 2645 6572 3535 3311 1041 847 1943 833 1110
is_linear=0
shrinkage=0.025


Tree=104
num_leaves=13
num_cat=0
split_feature=49 40 48 44 40 47 36 14 5 47 41 10
split_gain=3.44473 3.86687 3.72546 3.49445 3.60291 3.07655 2.329 1.93771 1.35321 1.32006 1.19119 0.872629
threshold=45.494998931884773 0.74747607111930858 0.094827588647604003 0.023060186766088012 1.2250697612762453 0.65737342834472667 -0.14294604957103726 0.8479457199573518 -0.072616145014762865 0.71515038609504711 0.61584582924842846 0.013088469393551351
decision_type=10 2 2 2 2 2 2 2 2 2 2 2
left_child=1 2 9 4 -3 -4 -5 8 -2 -1 -10 -9
right_child=7 3 5 6 -6 -7 -8 11 10 -11 -12 -13
leaf_value=0.0015291724674040613 -0.0007998465818869259 0.0011309664278155158 -0.00069835785166609435 -0.0036093468537363258 -0.00027450350316035566 -0.002717481138625718 5.0584658403566045e-05 -0.0014235784541076679 -0.0004542897175306617 -0.00061022692473202897 0.00029235110052576685 -0.00053017528101294493
leaf_weight=617 221 6190 1264 205 1276 301 3756 124 765 228 547 135
leaf_count=617 221 6190 1264 205 1276 301 3756 124 765 228 547 135
internal_value=0.000186533 0.000320492 -0.000587474 0.000512706 0.000831047 -0.00130971 -8.60438e-05 -0.000842376 -0.000494961 0.000742647 -0.000181283 -0.0028267
internal_weight=15629 13837 2410 11427 7466 1565 3961 1792 1533 845 1312 259
internal_count=15629 13837 2410 11427 7466 1565 3961 1792 1533 845 1312 259
is_linear=0
shrinkage=0.025


Tree=105
num_leaves=13
num_cat=0
split_feature=36 41 41 38 38 49 15 43 16 40 4 40
split_gain=3.32611 3.6293 4.11152 3.52477 3.05695 2.80076 2.07526 2.8167 2.02508 1.9698 1.76095 1.62894
threshold=-0.16901501268148419 0.33046132326126104 0.70175975561141979 -0.25310388207435602 -0.032211959362030022 46.835000991821296 0.38793103396892553 1.0000000180025095e-35 0.031091174110770229 1.1683241724967959 -0.28759856522083277 1.0912656784057619
decision_type=2 2 2 2 2 10 2 2 2 2 2 2
left_child=1 -1 3 -3 5 9 7 -6 -8 -2 -4 -7
right_child=4 2 10 -5 6 11 8 -9 -10 -11 -12 -13
leaf_value=0.0020164263305491952 0.0011203937906937174 -0.0011891478972239186 0.001745668480035536 -0.0043087143946089262 -0.0010693155597323613 -1.5415417944890719e-05 0.00012422841635022542 0.00021337671092518836 -0.0016788943360617646 -0.00010006622262348322 -0.001130580614221698 -0.0013612112685455397
leaf_weight=183 6404 287 237 238 644 819 4010 558 375 1550 127 261
leaf_count=183 6404 287 237 238 644 819 4010 558 375 1550 127 261
internal_value=0.000189594 -0.00115019 -0.00181348 -0.00321934 0.000288613 0.000572934 -0.000170109 -0.00108844 8.11504e-05 0.000735488 0.000213415 -0.000616359
internal_weight=15693 1072 889 525 14621 9034 5587 1202 4385 7954 364 1080
internal_count=15693 1072 889 525 14621 9034 5587 1202 4385 7954 364 1080
is_linear=0
shrinkage=0.025


Tree=106
num_leaves=11
num_cat=0
split_feature=19 49 40 48 36 49 29 40 11 9
split_gain=3.07369 4.17252 2.63218 4.10004 2.59348 2.40061 1.36863 1.3449 1.42747 1.02297
threshold=0.33427745103836065 30.645000457763675 1.160337030887604 0.63811445236206066 0.62288156151771557 44.45000076293946 0.071996539831161513 1.0763238668441775 0.016810794360935691 0.028325694613158706
decision_type=2 8 2 2 2 10 2 2 2 2
left_child=1 4 5 -4 9 -3 -6 8 -2 -1
right_child=7 2 3 -5 6 -7 -8 -9 -10 -11
leaf_value=0.0036843315722759626 -0.0004144686854268453 0.00042432825023671879 -0.002333777534625481 -0.00015517740403385281 -0.0010392586205774047 -0.0003025108135934189 0.0010554782875008427 0.00049425882615591378 -0.0038221548667259479 0.0011010782933246136
leaf_weight=897 129 8200 496 1985 286 1712 239 132 169 1506
leaf_count=897 129 8200 496 1985 286 1712 239 132 169 1506
internal_value=0.000188579 0.0002477 4.64794e-05 -0.00068031 0.00109572 0.000229278 -0.00048349 -0.00188218 -0.00280115 0.00144363
internal_weight=15751 15321 12393 2481 2928 9912 525 430 298 2403
internal_count=15751 15321 12393 2481 2928 9912 525 430 298 2403
is_linear=0
shrinkage=0.025


Tree=107
num_leaves=11
num_cat=0
split_feature=4 49 43 20 46 40 38 34 49 37
split_gain=2.72227 4.05117 3.35846 2.72384 2.6279 3.68692 2.05072 1.69825 1.46653 1.38955
threshold=0.72447746992111217 20.880000114440922 0.0095918038859963434 0.21448493003845218 0.52911534905433666 0.77302244305610668 -0.19192274659872052 0.1967745050787926 32.11000061035157 0.019595439545810226
decision_type=2 8 2 2 2 2 2 2 8 2
left_child=1 7 3 -3 -2 -6 -4 9 -7 -1
right_child=4 2 6 -5 5 8 -8 -9 -10 -11
leaf_value=0.0033021635828375364 -0.0031159807455335459 -5.5453651025242923e-05 -0.00033794041398933555 -0.0011474482762934305 -0.0022278367704433948 0.0016540629069551227 0.00092221572995202688 -0.0010198951398434377 -0.0013319337303140859 0.00049397414443514039
leaf_weight=1353 145 6036 1263 686 126 374 4277 163 559 634
leaf_count=1353 145 6036 1263 686 126 374 4277 163 559 634
internal_value=0.000200611 0.000296438 0.000120139 -0.000254757 -0.000937758 -0.000489897 0.000575969 0.0012964 5.46376e-05 0.00149912
internal_weight=15616 14412 12262 6722 1204 1059 5540 2150 933 1987
internal_count=15616 14412 12262 6722 1204 1059 5540 2150 933 1987
is_linear=0
shrinkage=0.025


Tree=108
num_leaves=11
num_cat=0
split_feature=36 35 35 53 35 41 5 53 40 9
split_gain=3.01265 4.23726 3.67983 3.24093 2.48662 2.18653 4.42399 1.77541 1.71024 0.364025
threshold=-0.16901501268148419 -0.14145146310329434 0.083361204713583006 0.71230891346931469 0.10083846747875215 0.35831189155578619 0.028394051827490333 0.32769282162189489 1.1575220823287966 0.030246966518461708
decision_type=2 2 2 8 2 2 2 8 2 2
left_child=1 -1 7 9 -5 -3 -7 -2 -9 -4
right_child=2 5 3 4 -6 6 -8 8 -10 -11
leaf_value=-0.0037398432170577022 -0.00060370262937074423 0.0015957242592083559 0.0029405598680624463 -0.0017586026934886504 -7.0547620072191984e-05 -7.7022384984074997e-05 -0.004514153685872031 0.0011096524243372117 -7.2354491264171113e-05 0.00068988667035548446
leaf_weight=185 148 196 438 421 7171 574 121 5053 1236 126
leaf_count=185 148 196 438 421 7171 574 121 5053 1236 126
internal_value=0.000158942 -0.00111355 0.000253545 -9.84866e-05 -0.000235455 -0.000380859 -0.00104464 0.000700287 0.000765213 0.00172012
internal_weight=15669 1076 14593 8156 7592 891 695 6437 6289 564
internal_count=15669 1076 14593 8156 7592 891 695 6437 6289 564
is_linear=0
shrinkage=0.025


Tree=109
num_leaves=11
num_cat=0
split_feature=40 46 40 20 45 48 36 30 8 47
split_gain=2.84212 3.28634 3.17738 3.1227 2.90967 2.86864 2.26848 1.82 1.68705 1.42765
threshold=0.74747607111930858 0.91303688287734996 1.3220604658126833 -0.18025426566600797 0.88646370172500621 0.73275861144065868 0.73602223396301281 0.91762712597846996 0.035480752587318427 0.86720469594001781
decision_type=2 2 2 2 2 2 2 2 2 2
left_child=1 3 6 -1 -3 -4 8 -5 -2 -7
right_child=2 4 5 7 -6 9 -8 -9 -10 -11
leaf_value=-0.0013745638421373307 0.00049507266195785696 -0.0027998124279535489 -0.0037781325548752139 0.00018871719958301169 -0.0012563342340509199 -0.0010105442805069657 -0.0018828455344257937 -0.0023381368528551292 -0.00012462958379476482 0.0014358191484306298
leaf_weight=162 9881 160 209 1929 211 584 221 135 1934 256
leaf_count=162 9881 160 209 1929 211 584 221 135 1934 256
internal_value=0.000148132 -0.000605784 0.000298415 -0.000237001 -0.00276928 -0.00101637 0.000413898 2.59788e-05 0.000461612 -0.000347633
internal_weight=15682 2597 13085 2226 371 1049 12036 2064 11815 840
internal_count=15682 2597 13085 2226 371 1049 12036 2064 11815 840
is_linear=0
shrinkage=0.025


Tree=110
num_leaves=14
num_cat=0
split_feature=40 17 9 48 49 40 35 48 32 12 4 35 12
split_gain=3.19975 4.21833 7.0878 3.46183 3.12153 2.99662 3.03069 2.32405 1.33768 1.29483 2.26183 0.976535 0.733932
threshold=1.308019816875458 0.13719424605369571 0.039233248680830009 0.76228907704353344 43.470001220703132 0.74747607111930858 0.2732174694538117 0.094827588647604003 1.0940728783607485 -0.013232354540377854 0.24897181242704394 0.1729933246970177 -0.12411855906248091
decision_type=2 2 2 2 10 2 2 2 2 2 2 2 2
left_child=4 8 3 -3 5 7 -7 -1 12 11 -11 -6 -2
right_child=1 2 -4 -5 9 6 -8 -9 -10 10 -12 -13 -14
leaf_value=0.00088116045292290228 0.003630366976250245 -0.0062381068259831137 0.003129895552086444 -0.0013143655573733127 -0.0004340282174133731 0.00098040539428304084 -0.00020985569044322294 -0.00082278437505541523 -0.00098490538452204279 -0.0015836796660504697 -0.00020271995888260848 0.00019898673242469591 0.00027038653418511618
leaf_weight=852 205 143 149 295 1264 8288 1909 1587 133 120 229 335 232
leaf_count=852 205 143 149 295 1264 8288 1909 1587 133 120 229 335 232
internal_value=0.000163296 -0.00109832 -0.00257812 -0.00417325 0.000264155 0.000408097 0.000596574 -0.000376943 0.000423913 -0.000665002 -0.00203743 -0.000356141 0.00110011
internal_weight=15741 1157 587 438 14584 12636 10197 2439 570 1948 349 1599 437
internal_count=15741 1157 587 438 14584 12636 10197 2439 570 1948 349 1599 437
is_linear=0
shrinkage=0.025


Tree=111
num_leaves=15
num_cat=0
split_feature=49 35 33 33 49 38 34 2 37 39 9 35 45 25
split_gain=3.43078 2.823 2.67265 4.17685 2.50961 2.73166 2.13858 1.90841 1.78915 2.32363 1.49645 1.69369 1.43951 0.64329
threshold=28.364999771118168 0.31873199343681341 -0.002914681332185864 -0.0039235807489603749 48.564998626708991 -0.1870431378483772 0.0124647100456059 -0.015039551071822642 0.01577774249017239 0.90113741159439098 0.030246966518461708 0.086282566189765944 0.57171678543090831 5.2405190467834482
decision_type=8 2 2 2 10 2 2 2 2 2 2 2 2 2
left_child=1 10 3 12 5 -4 -5 -6 9 -3 -1 -12 -2 -10
right_child=2 8 4 6 7 -7 -8 -9 13 -11 11 -13 -14 -15
leaf_value=0.0044347038347253565 -0.00053477330669904767 -0.0015012580470836747 -0.00032917899738389147 -0.00043559039965338875 0.00018300748219819262 0.00057827347661390549 -0.0030418151115593358 -0.00089049527151964937 -0.00033089364079514792 0.00045310008058051671 0.0028990721167629664 -0.0002166980852276815 0.00040545340889266138 0.00059985096947261316
leaf_weight=905 1695 160 1875 197 340 6372 271 628 197 161 518 479 1345 531
leaf_count=905 1695 160 1875 197 340 6372 271 628 197 161 518 479 1345 531
internal_value=0.00015331 0.000920585 -2.44539e-05 -0.000611657 0.000198617 0.000340675 -0.00279863 -0.00100077 -0.000115038 -0.00166028 0.00149384 0.000809631 -0.000268883 0.000564461
internal_weight=15674 2951 12723 3508 9215 8247 468 968 1049 321 1902 997 3040 728
internal_count=15674 2951 12723 3508 9215 8247 468 968 1049 321 1902 997 3040 728
is_linear=0
shrinkage=0.025


Tree=112
num_leaves=13
num_cat=0
split_feature=41 36 41 38 35 9 40 49 47 38 3 35
split_gain=3.32241 2.76956 3.90743 2.67722 2.64351 2.23903 2.21683 2.13848 1.52839 1.74747 1.05614 0.66771
threshold=0.75689461827278148 -0.16901501268148419 0.33046132326126104 -0.032211959362030022 -0.13257852941751477 0.025059097446501259 0.69613176584243786 49.734998703002937 0.45689655840396887 -0.072786103934049592 -0.32663026452064509 0.23039570450782779
decision_type=2 2 2 2 2 2 2 10 2 2 2 2
left_child=1 2 -1 7 -4 8 -5 -3 9 -2 -7 -12
right_child=5 3 4 6 -6 10 -8 -9 -10 -11 11 -13
leaf_value=0.0019420576999104678 -0.00019516477035134614 0.00051331015248501409 -0.0031873700926669263 -0.0015799015216928906 -0.0011025069273348112 -0.00046932219400308616 -8.2706028040162413e-05 -0.00054685108577342525 -0.00082144897666900296 0.0023623885992851822 0.0022797725863825621 0.00044535049466823927
leaf_weight=184 331 6850 178 580 543 139 4523 442 160 267 1288 201
leaf_count=184 331 6850 178 580 543 139 4523 442 160 267 1288 201
internal_value=0.000159885 5.16732e-06 -0.00132555 0.000103327 -0.00215737 0.00101788 -0.000335014 0.000410957 -9.66578e-05 0.000478856 0.00153934 0.00173444
internal_weight=15686 13300 905 12395 721 2386 5103 7292 758 598 1628 1489
internal_count=15686 13300 905 12395 721 2386 5103 7292 758 598 1628 1489
is_linear=0
shrinkage=0.025


Tree=113
num_leaves=9
num_cat=0
split_feature=5 40 17 9 40 44 20 38
split_gain=2.74201 2.32093 3.39864 6.29175 2.72241 2.85333 2.66 1.04828
threshold=1.8711774945259096 1.308019816875458 0.13719424605369571 0.039233248680830009 0.73103401064872753 0.022745329886674884 -0.18025426566600797 -0.28025431931018824
decision_type=2 2 2 2 2 2 2 2
left_child=1 4 7 -4 6 -6 -1 -3
right_child=-2 2 3 -5 5 -7 -8 -9
leaf_value=-0.0012295549603120702 -0.0028126798249431973 -0.00083829595408687035 -0.0030745899372408439 0.0035470000000694282 0.00069144853601680711 -4.2774318447535588e-05 -0.00022351724516267302 0.00095603356176756022
leaf_weight=151 122 123 416 161 8067 4092 2114 438
leaf_count=151 122 123 416 161 8067 4092 2114 438
internal_value=0.000201017 0.000231178 -0.000851925 -0.00219287 0.00031733 0.000465821 -0.000476321 0.00052341
internal_weight=15684 15562 1138 577 14424 12159 2265 561
internal_count=15684 15562 1138 577 14424 12159 2265 561
is_linear=0
shrinkage=0.025


Tree=114
num_leaves=15
num_cat=0
split_feature=44 43 40 46 12 55 24 31 29 23 33 38 29 51
split_gain=2.99787 3.62487 4.12018 2.68399 1.91938 2.39565 2.25495 4.77749 1.95483 1.86855 1.4231 1.3974 1.63542 0.995136
threshold=0.02314331661909819 0.0095918038859963434 0.70204070210456859 0.29548789560794836 -0.1771135330200195 inf 24.340944290161136 2.1143788099288945 0.051342504099011428 0.50413647294044506 -0.007466711336746811 -0.19350082427263257 0.063983500003814711 -1.7899999618530271
decision_type=2 2 2 2 2 8 2 2 2 2 2 2 2 10
left_child=1 2 3 -1 5 -2 7 -6 -7 -8 -4 12 -3 -13
right_child=4 11 10 -5 6 8 9 -9 -10 -11 -12 13 -14 -15
leaf_value=-0.0023464144101307525 0.0012739114831676239 -0.00060299953504456541 -0.00042956520850946905 -0.00023256033484108036 -0.00056300563991538218 0.0011150192275586441 6.3182297350458261e-06 -0.0034448555449274536 -0.0017380030185280366 -0.0025023340634020095 0.00023977331767598508 0.002370213629380215 0.0025542429276258233 0.00042623607057095184
leaf_weight=211 710 633 950 320 1019 254 2327 246 476 202 4919 2133 194 1114
leaf_count=211 710 633 950 320 1019 254 2327 246 476 202 4919 2133 194 1114
internal_value=0.000142478 0.000386845 1.46371e-05 -0.00208256 -0.000345247 0.000428201 -0.000640629 -0.00150098 -0.000569728 -0.000205702 0.000207057 0.000969294 4.35698e-05 0.00120272
internal_weight=15708 10474 6400 531 5234 1440 3794 1265 730 2529 5869 4074 827 3247
internal_count=15708 10474 6400 531 5234 1440 3794 1265 730 2529 5869 4074 827 3247
is_linear=0
shrinkage=0.025


Tree=115
num_leaves=14
num_cat=0
split_feature=49 35 43 13 17 41 33 8 40 52 12 5 33
split_gain=2.59322 3.02971 2.4153 7.49571 2.872 2.94017 2.70933 1.70868 1.6585 1.72203 1.07055 0.510001 0.0989125
threshold=30.645000457763675 0.31873199343681341 -0.19995181262493131 -0.090628754347562776 1.2889763712882998 0.42977336049079901 -0.017634094692766663 0.02759225852787495 1.0969694256782534 -1.2150000333786009 -0.18375467509031293 1.0144433379173281 0.0088730836287140864
decision_type=8 2 2 2 2 2 2 2 2 8 2 2 2
left_child=1 7 3 6 5 -4 -2 12 9 -3 -9 -10 -1
right_child=2 8 4 -5 -6 -7 -8 10 11 -11 -12 -13 -14
leaf_value=0.0044662512023259928 -0.0014773904844259643 -0.0013265369964359799 -0.00049314581469695655 -0.0018918997424312188 -0.0014912945804197366 0.00042839648494635851 -3.8453859471403633e-05 0.0019807153336822161 0.00028199361590053757 0.00012269951910927953 0.00031878188258051022 0.0021362242874214156 0.0037550762886905502
leaf_weight=673 174 316 2223 166 189 7609 2233 324 216 444 749 136 239
leaf_count=673 174 316 2223 166 189 7609 2233 324 216 444 749 136 239
internal_value=0.000178151 0.000825677 1.81563e-05 -0.00066379 0.00019412 0.000254016 -0.000301099 0.00141018 -0.000213742 -0.000874183 0.000720084 0.00118697 0.00220692
internal_weight=15691 3097 12594 2573 10021 9832 2407 1985 1112 760 1073 352 912
internal_count=15691 3097 12594 2573 10021 9832 2407 1985 1112 760 1073 352 912
is_linear=0
shrinkage=0.025


Tree=116
num_leaves=15
num_cat=0
split_feature=49 9 12 17 34 36 35 38 13 35 44 47 11 12
split_gain=2.55302 3.66501 3.54413 2.86205 3.26977 2.56459 3.57334 3.24727 1.23044 1.20686 1.17665 0.979332 0.373444 0.181462
threshold=44.45000076293946 0.029533578082919124 -0.17863864451646802 0.98922914266586315 -0.027728374116122719 0.31783433258533483 0.16078635305166247 -0.19000207632780072 -0.18925029784440991 0.32863776385784155 0.021700693294405941 0.86720469594001781 0.024205046705901626 -0.082269709557294832
decision_type=8 2 2 2 2 2 2 2 2 2 2 2 2 2
left_child=1 9 12 5 -5 7 -7 -2 -4 13 -11 -6 -3 -1
right_child=3 2 8 4 11 6 -8 -9 -10 10 -12 -13 -14 -15
leaf_value=0.002711461769423041 -0.00027583124979223419 0.00049357402046344397 -0.0022246273009529755 -0.0031332842045231363 0.00017060559211648724 0.000564637577847522 -0.00099207832781134054 0.00058100503017504801 -0.00021851732161744781 0.0019826602556074686 -0.00067249397043101845 -0.0021597104293753448 0.0021783498810480444 0.0039079012771121501
leaf_weight=524 2495 158 167 171 298 746 1490 6361 1531 225 209 170 502 670
leaf_count=524 2495 158 167 171 298 746 1490 6361 1531 225 209 170 502 670
internal_value=0.000220153 0.000766412 0.000132776 3.37637e-05 -0.00158579 0.000128301 -0.000626394 0.0003198 -0.000469025 0.00167713 0.000521071 -0.000473044 0.00168233 0.0020882
internal_weight=15717 3986 2358 11731 639 11092 2236 8856 1698 1628 434 468 660 1194
internal_count=15717 3986 2358 11731 639 11092 2236 8856 1698 1628 434 468 660 1194
is_linear=0
shrinkage=0.025


Tree=117
num_leaves=14
num_cat=0
split_feature=49 44 4 35 39 11 25 13 11 17 48 19 39
split_gain=2.87654 3.19815 3.78419 3.25233 2.20338 2.03813 1.87807 1.73061 1.37484 1.32891 1.92915 0.799536 0.716217
threshold=44.45000076293946 0.02314331661909819 0.28611285984516149 0.079622078686952605 0.15745726227760318 0.032801968976855285 8.6556982994079608 -0.11335349455475806 0.012539781630039217 0.10623273253440858 0.52457812428474437 0.26411764323711401 0.90415644645690929
decision_type=10 2 2 2 2 2 2 2 2 2 2 2 2
left_child=1 2 3 -1 -3 -6 9 -8 -9 10 -2 -4 -11
right_child=6 4 11 -5 5 -7 7 8 -10 12 -12 -13 -14
leaf_value=0.00083170742962956348 0.00013885358944401192 -0.0022516811864986279 0.0018876653352868989 -0.00029466997047497816 -0.00025791172612482557 0.0019977795856949295 -0.001659724440523986 -0.0021285267186057773 -7.1552976825666574e-05 -0.00015583285072254678 -0.0015737145883668209 -0.00032087327892274227 0.00060074933879580795
leaf_weight=3835 139 151 2150 2949 4216 354 182 127 428 397 139 151 459
leaf_count=3835 139 151 2150 2949 4216 354 182 127 428 397 139 151 459
internal_value=0.000176078 0.000301119 0.000575495 0.000276735 -0.000225614 -0.000124317 -0.000741604 -0.00172001 -0.000993303 -9.54784e-05 -0.00158569 0.00145111 0.000387631
internal_weight=15677 13806 9085 6784 4721 4570 1871 737 555 1134 278 2301 856
internal_count=15677 13806 9085 6784 4721 4570 1871 737 555 1134 278 2301 856
is_linear=0
shrinkage=0.025


Tree=118
num_leaves=13
num_cat=0
split_feature=49 53 41 36 43 29 46 27 27 44 12 36
split_gain=2.63774 3.19633 2.53839 3.65557 2.63473 1.9999 1.30304 1.17172 0.759632 0.546541 0.411166 0.0933461
threshold=44.45000076293946 0.81161421537399303 0.43566456437110906 -0.16901501268148419 0.011948614381253721 0.080063764005899443 0.23105636239051822 0.0027206749655306344 0.0077810266520828017 0.024427679367363456 -0.11198467761278151 0.23408676683902743
decision_type=10 8 2 2 2 2 2 2 2 2 2 2
left_child=1 9 4 -4 -3 6 7 -2 -8 11 -11 -1
right_child=5 2 3 -5 -6 -7 8 -9 -10 10 -12 -13
leaf_value=0.0029167148937759113 -0.0012405085378036874 -0.0010844223013606461 -0.00096117799548183869 0.00061375145677336257 3.0473562696498108e-05 -0.0023011924985824666 7.333682570717637e-05 5.6875046115861631e-05 -0.00050425296871794924 -0.00067257901470178794 0.0025208797032690699 0.0044700487979123255
leaf_weight=182 228 835 781 9373 1966 183 1224 122 152 123 154 475
leaf_count=182 228 835 781 9373 1966 183 1224 122 152 123 154 475
internal_value=0.000204945 0.00032505 0.000222319 0.000406413 -0.000442356 -0.000664185 -0.000392114 -0.00174296 -3.8921e-05 0.00173456 0.000749114 0.0021318
internal_weight=15798 13889 12955 10154 2801 1909 1726 350 1376 934 277 657
internal_count=15798 13889 12955 10154 2801 1909 1726 350 1376 934 277 657
is_linear=0
shrinkage=0.025


Tree=119
num_leaves=12
num_cat=0
split_feature=43 10 43 32 40 41 30 21 30 15 38
split_gain=2.72691 2.53755 2.37749 2.58715 2.07824 1.53452 1.64324 1.21518 0.905413 0.895188 0.846146
threshold=0.46610485017299658 0.024890250526368621 -0.19995181262493131 0.82596841454505932 1.2250697612762453 0.72188273072242748 -1.1380473375320432 59.965065002441413 -0.34693646430969233 0.38793103396892553 -0.032211959362030022
decision_type=2 2 2 2 2 2 2 2 2 2 2
left_child=2 7 3 9 -5 6 -4 -2 -7 -1 -9
right_child=1 -3 5 4 -6 8 -8 10 -10 -11 -12
leaf_value=-0.00017504922324445914 0.001488906898834505 -0.0028642588712038185 -0.0012351737059699715 -0.00026697620622558759 -0.0019301819630570154 0.0016498561171853906 0.00024259224786917714 0.00017217727843076613 0.00034414820348690838 0.0008573751049415914 -0.0014533080403782862
leaf_weight=309 179 231 160 1874 418 1088 8899 171 1492 657 209
leaf_count=309 179 231 160 1874 418 1088 8899 171 1492 657 209
internal_value=0.000144102 -0.00128145 0.000220524 -0.000375038 -0.000833152 0.000387861 0.000233479 -0.000347961 0.000926016 0.000704171 -0.0011526
internal_weight=15687 790 14897 3258 2292 11639 9059 559 2580 966 380
internal_count=15687 790 14897 3258 2292 11639 9059 559 2580 966 380
is_linear=0
shrinkage=0.025


Tree=120
num_leaves=10
num_cat=0
split_feature=46 49 43 36 36 19 53 36 51
split_gain=3.08072 3.04137 3.13134 2.87529 2.80777 2.64034 1.77327 1.7029 1.21097
threshold=0.99137932062149059 20.880000114440922 0.014311763457953932 0.16270258277654651 0.62288156151771557 0.34888182580471044 1.1139065623283388 0.14776464551687243 0.58500000834465038
decision_type=2 8 2 2 2 2 10 2 10
left_child=1 4 3 -3 6 -4 -1 -2 -6
right_child=7 2 5 -5 8 -7 -8 -9 -10
leaf_value=0.0033582978374812225 -0.00037273199537223039 6.2208701446102535e-05 0.00056507306553718281 -0.00062779881936380938 0.00023340383759346101 -0.0034838878695512723 0.00043102511221156261 -0.0030128332261148412 -0.0010685051181378504
leaf_weight=1380 125 3814 5775 2977 349 154 656 148 249
leaf_count=1380 125 3814 5775 2977 349 154 656 148 249
internal_value=0.000138258 0.000185803 2.50492e-05 -0.000340825 0.000958223 0.000445105 0.00140066 -0.00246853 -0.000536899
internal_weight=15627 15354 12720 6791 2634 5929 2036 273 598
internal_count=15627 15354 12720 6791 2634 5929 2036 273 598
is_linear=0
shrinkage=0.025


Tree=121
num_leaves=15
num_cat=0
split_feature=49 40 40 48 5 44 10 29 2 35 51 24 36 32
split_gain=2.97883 3.10444 3.55856 3.11198 3.10737 2.98845 2.97011 1.70815 1.95937 1.71425 1.66086 1.33203 0.988883 0.55581
threshold=44.45000076293946 1.3008676767349245 0.77564704418182384 0.73275861144065868 1.0622279047966006 0.0225294902920723 0.015755855478346351 0.060313232243061073 0.062082573771476753 0.1367602348327637 0.60500001907348644 22.817031860351566 0.21505360305309298 0.86526829004287731
decision_type=10 2 2 2 2 2 2 2 2 2 10 2 2 2
left_child=1 2 4 6 -1 -4 -3 9 -9 10 -2 -5 -10 -11
right_child=7 3 5 11 -6 -7 -8 8 12 13 -12 -13 -14 -15
leaf_value=-0.00013421287934418607 -6.0284014161624185e-05 -0.0012706967750192569 0.0010181836595236826 -0.00088456176057325809 -0.0021600998958922575 4.8363932203438937e-05 -0.0045079916330018196 4.5361639271548039e-05 -0.0024359006238932317 -0.00014962516717901547 -0.00096010375907354211 0.00066960920932132714 -0.0016646787656345039 0.00057837387370222035
leaf_weight=2746 645 151 6000 378 202 3590 129 190 180 166 233 554 141 335
leaf_count=2746 645 151 6000 378 202 3590 129 190 180 166 233 554 141 335
internal_value=0.000140221 0.000268539 0.000385773 -0.000935702 -0.000372079 0.000619463 -0.00322368 -0.000788258 -0.00201793 -0.000322435 -0.000989524 -0.000228122 -0.00319402 0.00083251
internal_weight=15640 13750 12538 1212 2948 9590 280 1890 511 1379 878 932 321 501
internal_count=15640 13750 12538 1212 2948 9590 280 1890 511 1379 878 932 321 501
is_linear=0
shrinkage=0.025


Tree=122
num_leaves=10
num_cat=0
split_feature=46 40 48 46 38 43 40 44 5
split_gain=2.2182 2.162 3.6945 3.46251 2.09107 2.02373 2.3261 1.61043 0.548398
threshold=0.99137932062149059 0.74074867367744457 0.057776963338255889 0.91303688287734996 -0.068823654204606996 -0.19995181262493131 1.2250697612762453 0.028373510576784614 0.73500117659568798
decision_type=2 2 2 2 2 2 2 2 2
left_child=1 2 8 -4 -2 6 -3 -7 -1
right_child=4 5 3 -5 -6 7 -8 -9 -10
leaf_value=0.001372504706354153 0.00046949529250491233 5.1136477192778144e-05 -0.00053205669342649606 -0.0033549237899237645 -0.0036372224549412156 0.0005189415966782542 -0.001453002798113872 -0.00031471931705972177 -8.0724231602696651e-05
leaf_weight=441 147 2272 1665 216 144 8529 607 1538 131
leaf_count=441 147 2272 1665 216 144 8529 607 1538 131
internal_value=0.000144552 0.000186072 -0.000492779 -0.00102929 -0.00199747 0.000315323 -0.000267424 0.00048265 0.00125433
internal_weight=15690 15399 2453 1881 291 12946 2879 10067 572
internal_count=15690 15399 2453 1881 291 12946 2879 10067 572
is_linear=0
shrinkage=0.025


Tree=123
num_leaves=14
num_cat=0
split_feature=49 30 36 27 38 36 43 36 9 11 39 7 39
split_gain=2.60129 3.05271 3.67778 3.55098 3.16606 2.65363 1.77982 1.56681 1.51615 1.49699 1.26562 1.75752 0.277376
threshold=28.364999771118168 -0.35579837858676905 0.17143385857343676 -0.0073236001189798108 -0.15965584665536878 0.62288156151771557 -0.3783156126737594 -0.1138031594455242 0.028841750696301464 0.025039447471499447 1.2504296302795412 0.023908612318336967 0.60855722427368175
decision_type=8 2 2 2 2 2 2 2 2 2 2 2 2
left_child=5 6 4 -4 -3 8 -2 -8 12 -10 11 -7 -1
right_child=1 2 3 -5 -6 10 7 -9 9 -11 -12 -13 -14
leaf_value=0.0024471815417263522 -0.0012634596916786794 -0.00041434452520588391 -0.0018016361535355897 -0.00034685545488832696 0.00078679499587502768 -0.00013301593043431041 -0.0003370093197500263 0.00088828106806363371 0.00018701784082930583 0.0028015772938662004 0.0012369055701873842 -0.0020390430958477398 0.003565032585618644
leaf_weight=120 182 2088 453 3599 3437 329 454 2530 967 473 121 141 806
leaf_count=120 182 2088 453 3599 3437 329 454 2530 967 473 121 141 806
internal_value=0.000163563 7.94252e-06 -0.000214073 -0.000785987 0.000204566 0.000830942 0.000680779 0.000829291 0.00120571 0.000687716 -0.00065646 -0.00125 0.00199651
internal_weight=15700 12743 9577 4052 5525 2957 3166 2984 2366 1440 591 470 926
internal_count=15700 12743 9577 4052 5525 2957 3166 2984 2366 1440 591 470 926
is_linear=0
shrinkage=0.025


Tree=124
num_leaves=15
num_cat=0
split_feature=49 9 12 33 36 33 43 30 43 36 36 16 51 11
split_gain=2.4147 4.24027 3.94534 2.50023 4.37507 5.98417 2.63525 2.15563 2.43867 1.54139 1.4904 1.20626 0.764298 0.496853
threshold=43.470001220703132 0.030246966518461708 -0.16704409569501874 -0.002914681332185864 0.12559015303850177 -0.0039235807489603749 -0.22472533583641049 -0.43004988133907313 -0.0019880074542015787 0.47541341185569769 -0.16901501268148419 0.031839871779084213 -2.3349999189376827 0.026147157885134224
decision_type=8 2 2 2 2 2 2 2 2 2 2 2 8 2
left_child=1 11 13 4 5 -2 -6 10 -9 -4 -5 12 -1 -3
right_child=3 2 9 7 6 -7 -8 8 -10 -11 -12 -13 -14 -15
leaf_value=-4.0961403119560698e-05 0.00075882060837403442 0.00057849472407281964 -7.0717243694138051e-05 -0.00043396860818933653 -0.0015033844915266965 -0.0019765521312948256 -0.00098338702468623576 -0.00036753395183500726 0.00035539988835371015 -0.0011003624568898804 0.00098653591789988303 -0.00043711919534882894 0.0028220476367003078 0.0026229861629158678
leaf_weight=124 1552 300 760 298 289 258 1101 3066 3431 707 1770 156 1502 405
leaf_count=124 1552 300 760 298 289 258 1101 3066 3431 707 1770 156 1502 405
internal_value=0.000129818 0.000663994 -7.52181e-05 -4.93839e-05 -0.000645476 0.000161846 -0.00169803 0.000172841 -5.01768e-05 -0.000816066 0.00087494 0.00156617 0.00176809 0.00145246
internal_weight=15719 3954 2172 11765 3200 1810 1390 8565 6497 1467 2068 1782 1626 705
internal_count=15719 3954 2172 11765 3200 1810 1390 8565 6497 1467 2068 1782 1626 705
is_linear=0
shrinkage=0.025


end of trees

feature_importances:
tpp_day1_weighted_average=168
universe58_loo_log_return_126=121
source_beta_universe58_252=117
source_idiosyncratic_volatility_60=94
universe58_loo_drawdown_252=83
source_residual_momentum_126=75
source_correlation_universe58_60=64
universe58_loo_log_return_60=63
source_momentum_12_1=48
source_log_return_252=47
source_realized_volatility_60=45
source_distance_from_252_session_low=40
universe58_loo_log_return_20=33
cross_section_momentum_252_percentile=33
cross_section_beta_60_percentile=33
universe58_loo_realized_volatility_20=26
tpp_day1_rate_change_volatility_20=25
source_downside_volatility_60=24
cross_section_momentum_126_percentile=23
source_log_return_126=22
source_return_skewness_60=22
source_max_daily_log_return_20=20
source_beta_universe58_60=20
cross_section_volatility_60_percentile=20
source_drawdown_from_60_session_peak=18
source_close_ma200_ratio=18
source_drawdown_from_252_session_peak=16
source_close_ma50_ratio=15
universe58_loo_log_return_1=14
tpp_day1_rate_change_1_observed=14
source_downside_volatility_20=12
source_directional_index_spread_14=9
tpp_day1_rate_change_5_observed=9
source_log_return_20=8
source_log_return_60=8
cross_section_return_dispersion=8
source_bollinger_pct_b_20=7
source_parkinson_volatility_20=7
cross_section_positive_return_breadth=6
source_adx_14=6
source_volatility_ratio_20_60=6
cross_section_momentum_20_percentile=5
source_ma5_ma20_ratio=5
source_overnight_gap_1=5
source_realized_volatility_20=4
source_residual_momentum_20=4
tpp_day1_rate_change_20_observed=4
source_log_return_5=3
source_bollinger_bandwidth_20=3
source_rsi_14=2
source_positive_day_ratio_20=2
source_log_return_1=1
source_intraday_log_range=1
source_close_to_open_log_return=1
tpp_day1_rate_vs_ma20=1
tpp_observation_age_calendar_days=1

parameters:
[boosting: gbdt]
[objective: quantile]
[metric: quantile]
[tree_learner: serial]
[device_type: cpu]
[data_sample_strategy: bagging]
[data: ]
[valid: ]
[num_iterations: 125]
[learning_rate: 0.025]
[num_leaves: 15]
[num_threads: 12]
[seed: 61907]
[deterministic: 1]
[force_col_wise: 1]
[force_row_wise: 0]
[histogram_pool_size: -1]
[max_depth: 4]
[min_data_in_leaf: 120]
[min_sum_hessian_in_leaf: 0.001]
[bagging_fraction: 0.85]
[pos_bagging_fraction: 1]
[neg_bagging_fraction: 1]
[bagging_freq: 1]
[bagging_seed: 61907]
[bagging_by_query: 0]
[feature_fraction: 0.75]
[feature_fraction_bynode: 1]
[feature_fraction_seed: 61907]
[extra_trees: 0]
[extra_seed: 30839]
[early_stopping_round: 0]
[early_stopping_min_delta: 0]
[first_metric_only: 0]
[max_delta_step: 0]
[lambda_l1: 0.25]
[lambda_l2: 5]
[linear_lambda: 0]
[min_gain_to_split: 0]
[drop_rate: 0.1]
[max_drop: 50]
[skip_drop: 0.5]
[xgboost_dart_mode: 0]
[uniform_drop: 0]
[drop_seed: 18501]
[top_rate: 0.2]
[other_rate: 0.1]
[min_data_per_group: 100]
[max_cat_threshold: 32]
[cat_l2: 10]
[cat_smooth: 10]
[max_cat_to_onehot: 4]
[top_k: 20]
[monotone_constraints: ]
[monotone_constraints_method: basic]
[monotone_penalty: 0]
[feature_contri: ]
[forcedsplits_filename: ]
[refit_decay_rate: 0.9]
[cegb_tradeoff: 1]
[cegb_penalty_split: 0]
[cegb_penalty_feature_lazy: ]
[cegb_penalty_feature_coupled: ]
[path_smooth: 0]
[interaction_constraints: ]
[verbosity: -1]
[saved_feature_importance_type: 0]
[use_quantized_grad: 0]
[num_grad_quant_bins: 4]
[quant_train_renew_leaf: 0]
[stochastic_rounding: 1]
[linear_tree: 0]
[max_bin: 255]
[max_bin_by_feature: ]
[min_data_in_bin: 3]
[bin_construct_sample_cnt: 200000]
[data_random_seed: 61907]
[is_enable_sparse: 1]
[enable_bundle: 1]
[use_missing: 1]
[zero_as_missing: 0]
[feature_pre_filter: 1]
[pre_partition: 0]
[two_round: 0]
[header: 0]
[label_column: ]
[weight_column: ]
[group_column: ]
[ignore_column: ]
[categorical_feature: ]
[forcedbins_filename: ]
[precise_float_parser: 0]
[parser_config_file: ]
[objective_seed: 3197]
[num_class: 1]
[is_unbalance: 0]
[scale_pos_weight: 1]
[sigmoid: 1]
[boost_from_average: 1]
[reg_sqrt: 0]
[alpha: 0.1]
[fair_c: 1]
[poisson_max_delta_step: 0.7]
[tweedie_variance_power: 1.5]
[lambdarank_truncation_level: 30]
[lambdarank_norm: 1]
[label_gain: ]
[lambdarank_position_bias_regularization: 0]
[eval_at: ]
[multi_error_top_k: 1]
[auc_mu_weights: ]
[num_machines: 1]
[local_listen_port: 12400]
[time_out: 120]
[machine_list_filename: ]
[machines: ]
[gpu_platform_id: -1]
[gpu_device_id: -1]
[gpu_use_dp: 0]
[num_gpu: 1]

end of parameters

pandas_categorical:[]
