tree
version=v4
num_class=1
num_tree_per_iteration=1
label_index=0
max_feature_idx=58
objective=huber
feature_names=source_log_return_1 source_log_return_5 source_log_return_20 source_log_return_60 source_log_return_126 source_log_return_252 source_intraday_log_range source_close_to_open_log_return source_realized_volatility_20 source_realized_volatility_60 source_downside_volatility_20 source_downside_volatility_60 source_drawdown_from_60_session_peak source_drawdown_from_252_session_peak cross_section_momentum_20_percentile cross_section_positive_return_breadth cross_section_return_dispersion source_momentum_12_1 source_ma5_ma20_ratio source_close_ma50_ratio source_close_ma200_ratio source_rsi_14 source_bollinger_pct_b_20 source_bollinger_bandwidth_20 source_adx_14 source_directional_index_spread_14 source_parkinson_volatility_20 source_overnight_gap_1 source_positive_day_ratio_20 source_max_daily_log_return_20 source_return_skewness_60 source_distance_from_252_session_low source_volatility_ratio_20_60 universe58_loo_log_return_1 universe58_loo_log_return_20 universe58_loo_log_return_60 universe58_loo_log_return_126 universe58_loo_realized_volatility_20 universe58_loo_drawdown_252 source_beta_universe58_60 source_beta_universe58_252 source_correlation_universe58_60 source_residual_momentum_20 source_residual_momentum_126 source_idiosyncratic_volatility_60 cross_section_momentum_126_percentile cross_section_momentum_252_percentile cross_section_volatility_60_percentile cross_section_beta_60_percentile tpp_day1_weighted_average tpp_day1_rate_change_1_observed tpp_day1_rate_change_5_observed tpp_day1_rate_change_20_observed tpp_day1_rate_change_volatility_20 tpp_day1_rate_vs_ma20 tpp_observation_age_calendar_days tpp_available tpp_observed_same_day tpp_source_zero_weighted_average
feature_infos=[-0.2207123190164566:0.182477205991745] [-0.54819971323013306:0.44636186957359314] [-1.1351611614227295:1.077221155166626] [-1.1748896837234497:1.5560240745544434] [-1.0490233898162842:2.3170430660247803] [-1.2514438629150391:2.9264204502105713] [0:0.27988538146018982] [-0.16868740320205688:0.25632256269454956] [0.0055316057987511158:0.11531444638967514] [0.0079651456326246262:0.088721774518489838] [0.00095409812638536096:0.092050075531005859] [0.0049325018189847469:0.063900329172611237] [-0.71968960762023926:0] [-0.76062244176864624:0] [0.017241379246115685:1] [0.017241379246115685:1] [0.0096504408866167068:0.043657612055540085] [-1.3928108215332031:2.8910765647888184] [-0.47595494985580444:0.57290768623352051] [-0.62940984964370728:1.5476077795028687] [-0.57781422138214111:3.874976634979248] [0:100] [-0.40451541543006897:1.4870842695236206] [0.015483886934816837:1.7820020914077759] [6.1712346076965332:84.119827270507812] [-54.177944183349609:77.140235900878906] [0.0063288267701864243:0.099167443811893463] [-0.22113896906375885:0.095378585159778595] [0.10000000149011612:0.89999997615814209] [0.005115102045238018:0.18252909183502197] [-4.4435362815856934:3.4834246635437012] [0:18.523586273193359] [0.17268767952919006:1.6647372245788574] [-0.092919811606407166:0.057573974132537842] [-0.39400303363800049:0.26549568772315979] [-0.32455301284790039:0.55794161558151245] [-0.30797004699707031:0.86915600299835205] [0.005578002892434597:0.041373930871486664] [-0.35748890042304993:0] [-0.96327811479568481:2.3354122638702393] [0.20776782929897308:1.7303366661071777] [-0.25081929564476013:0.94294917583465576] [-1.1516678333282471:1.0071370601654053] [-1.3436253070831299:1.9539748430252075] [0.0059593440964818001:0.072794802486896515] [0.017241379246115685:1] [0.017241379246115685:1] [0.017241379246115685:1] [0.017241379246115685:1] [10.880000114440918:53.220001220703125] [-1.8400000333786011:6.619999885559082] [-14.850000381469727:17.459999084472656] [-23.670000076293945:19.930000305175781] [0.2905217707157135:4.723813533782959] [-10.732000350952148:16.643999099731445] [0:0] [0:1] [0:1] [0:0]
tree_sizes=4067 4238 4398 4407 4247 4232 4423 4074 4414 4409 4143 4330 4417 3245 4081 4386 4156 4417 4336 4438 4416 4257

Tree=0
num_leaves=46
num_cat=0
split_feature=49 35 54 36 37 36 40 30 36 5 35 43 36 49 34 9 54 43 31 53 43 37 35 49 17 37 26 43 17 9 35 20 41 40 20 52 41 29 41 44 40 17 18 0 12
split_gain=133.887 101.564 72.9363 50.3385 24.811 21.7976 22.9352 19.5833 18.3398 18.2109 11.0993 10.6245 9.97616 7.41136 6.46144 6.25682 5.67156 5.046 5.01412 4.70936 4.18425 4.1315 3.46862 3.17693 2.92223 2.86037 2.37041 2.3405 1.99666 1.90592 1.90326 2.58597 1.76323 2.99203 1.70869 1.64125 1.44222 1.30159 1.65037 1.26723 0.955694 0.893757 0.446542 0.365956 0.236621
threshold=44.45000076293946 0.32863776385784155 2.3349999189376835 -0.15029136836528775 0.016492548398673538 0.30360937118530279 0.73103401064872753 -0.34693646430969233 0.36432640254497534 0.2589025497436524 0.04010999575257302 -0.13187120854854581 0.39243008196353918 13.34500026702881 0.12423457950353624 0.035535234957933433 0.82875001430511486 0.30567710101604467 0.76249861717224132 1.0105645656585696 0.43202303349971777 0.027526007033884529 -0.14145146310329434 46.930000305175788 0.40477526187896734 0.01577774249017239 0.034876558929681785 -0.063190478831529603 0.33401496708393102 0.034256292507052429 -0.020578732714056965 -0.011748497374355791 0.68994840979576122 1.1541202664375307 -0.19767096638679502 2.185000061988831 0.60244524478912365 0.070507921278476729 0.57548674941062938 0.026816278696060184 0.95254158973693859 0.73001381754875194 0.061281522735953338 -0.0022846512729302044 -0.20502623915672299
decision_type=8 2 8 2 2 2 2 2 2 2 2 2 2 10 2 2 10 2 2 10 2 2 2 10 2 2 2 2 2 2 2 2 2 2 2 10 2 2 2 2 2 2 2 2 2
left_child=1 4 15 22 8 6 21 12 14 -8 19 -9 -7 26 18 23 39 35 -1 28 24 -5 43 27 -12 -18 37 -2 -6 -27 31 -25 33 -24 -34 -10 -32 38 -3 -15 -21 -29 -39 -4 -45
right_child=2 13 3 5 10 7 9 11 17 -11 20 -13 -14 16 -16 -17 25 -19 -20 40 -22 -23 32 30 -26 29 -28 41 -30 -31 36 -33 34 -35 -36 -37 -38 42 -40 -41 -42 -43 -44 44 -46
leaf_value=0.22948253586858508 0.21336655688445713 0.21237171525655571 0.20966024788450319 0.21587818394827726 0.21906861171257797 0.21748356424369211 0.21830463974026107 0.21329146750084824 0.22355552935789796 0.22064950479151418 0.21731811143280616 0.21651442407917557 0.22215143959031078 0.2221288781405657 0.22059758057326448 0.20874465413567778 0.21279671578253836 0.21675517902388486 0.2260270002583965 0.22629154189569364 0.21548884016431719 0.22096968737835337 0.21413218378652293 0.21292184945199272 0.22087936989688703 0.21789485505163883 0.21159405416063032 0.21597282447388269 0.22261935788288773 0.21560375373778287 0.21194025558696708 0.21543481110145915 0.21658967859971015 0.20975910899173486 0.21381316725766614 0.22043490028524523 0.21378945936873375 0.21771299950095044 0.21641128504856072 0.21849273456989685 0.22366613141029007 0.219051361645832 0.21551868721649795 0.21117368947417803 0.21365670082337551
leaf_weight=304 90 101 64 1089 84 463 3214 583 259 2253 103 1378 299 104 64 112 64 66 504 180 71 65 558 352 765 448 99 75 295 213 511 332 214 72 157 102 318 76 73 62 138 70 74 65 62
leaf_count=304 90 101 64 1089 84 463 3214 583 259 2253 103 1378 299 104 64 112 64 66 504 180 71 65 558 352 765 448 99 75 295 213 511 332 214 72 157 102 318 76 73 62 138 70 74 65 62
internal_value=0.218022 0.221085 0.216972 0.217617 0.223152 0.218112 0.218731 0.216606 0.225217 0.219272 0.221502 0.21555 0.219323 0.216467 0.226881 0.213324 0.217507 0.221779 0.227366 0.223412 0.220071 0.216173 0.213752 0.213634 0.220455 0.216742 0.214296 0.215846 0.221849 0.217147 0.213296 0.214123 0.214248 0.213594 0.215387 0.222703 0.21263 0.215176 0.214004 0.220809 0.225218 0.217456 0.216595 0.21126 0.212249
internal_weight=16645 4249 12396 10536 2935 9344 6621 2723 1299 5467 1636 1961 762 1314 872 1860 891 427 808 697 939 1154 1192 1748 868 725 423 235 379 661 1513 684 1001 630 371 361 829 324 174 166 318 145 150 191 127
internal_count=16645 4249 12396 10536 2935 9344 6621 2723 1299 5467 1636 1961 762 1314 872 1860 891 427 808 697 939 1154 1192 1748 868 725 423 235 379 661 1513 684 1001 630 371 361 829 324 174 166 318 145 150 191 127
is_linear=0
shrinkage=1


Tree=1
num_leaves=45
num_cat=0
split_feature=49 35 49 36 38 36 38 35 37 34 36 40 49 31 38 49 43 9 54 36 11 30 36 43 37 35 41 13 41 40 41 20 39 44 11 46 31 40 33 32 34 40 42 17
split_gain=125.907 100.728 70.5391 46.0998 34.6602 23.9226 17.9342 19.8358 15.9272 12.7206 14.2027 10.2434 9.82566 7.88964 7.3572 6.88695 6.59852 5.21706 5.18555 4.24846 3.84508 3.2461 3.08596 4.941 3.0367 3.00189 2.13106 1.89626 1.86107 3.54735 1.8161 1.70902 1.6987 1.41268 1.36527 1.09662 0.828214 0.791625 0.558601 0.493773 0.471336 0.455246 0.437818 0.185457
threshold=44.45000076293946 0.32863776385784155 45.494998931884773 -0.15029136836528775 -0.020506440661847588 0.46271611750125891 -0.15965584665536878 -0.15824650228023526 0.016492548398673538 0.15052194893360141 0.16796924173831942 0.76698949933052074 40.979999542236335 0.76249861717224132 -0.16451968997716901 13.34500026702881 0.43202303349971777 0.034839751198887832 0.82875001430511486 0.43149563670158392 0.020246237516403202 0.47454044222831732 0.17942246049642566 -0.075835932046174989 0.01577774249017239 -0.14145146310329434 0.56465992331504833 -0.17289046943187711 0.68994840979576122 1.1541202664375307 0.60244524478912365 -0.19264853000640866 0.97049182653427135 0.026816278696060184 0.014929302036762239 0.18254688382148745 2.6989363431930546 0.9547293782234193 0.0012879305868409576 1.0223380327224734 0.0079674567095935362 1.0507026314735415 -0.049539187923073762 1.0106361508369448
decision_type=8 2 10 2 2 2 2 2 2 2 2 2 10 2 2 10 2 2 10 2 2 2 2 2 2 2 2 2 2 2 2 2 2 2 2 2 2 2 2 2 2 2 2 2
left_child=1 5 3 25 6 8 7 -5 12 10 -6 -8 13 -1 37 26 20 22 33 -11 38 -16 23 40 -20 39 34 -25 29 -27 43 -30 -26 -17 -3 -22 -36 -10 -7 -2 -4 -32 -28 -24
right_child=2 15 17 4 9 16 11 -9 14 19 -12 -13 -14 -15 21 18 -18 -19 24 -21 35 -23 30 27 32 28 42 -29 31 -31 41 -33 -34 -35 36 -37 -38 -39 -40 -41 -42 -43 -44 -45
leaf_value=0.010799286803649335 -0.0074960672251795516 -0.0024226551142910234 -0.0045552648709930275 0.0026316823405203977 0.0002636770247581752 0.002326171406787144 -0.00041732559648926479 -0.0021227640952906708 0.0077309315509138969 -0.00011415400230933142 -0.0031698200621011366 0.0019735022636181857 0.0013304554044133836 0.0069650492826387666 0.003752731263798268 0.0039067890834731025 -0.0044140137309478305 -0.00869188917502761 -0.0053341181504238449 0.0041593412927649984 -0.0013253610146002493 0.00014511244948648037 -0.005757365863375186 -0.0038821098966712094 6.893404395104601e-05 -0.0037205040988645688 -0.00078166845292231989 -0.0017965135155649662 -0.0013849643455127831 -0.0082802103252672572 -0.004673865440031213 -0.004144083159260693 -0.0019618769719279305 6.6306909662671386e-05 -0.0046063290883765649 0.0014871650571689793 -0.0077750317997327357 0.0053464652996405336 0.0045867806771677832 -0.0048506896376133051 -0.0061973908788820302 -0.0025925810126881848 -0.0029827174073065511 -0.007290497192721658
leaf_weight=344 107 76 211 478 649 70 882 1296 192 227 1858 3788 90 677 642 103 60 117 68 154 66 119 307 304 322 547 83 435 229 79 121 152 332 61 128 282 63 139 219 81 208 92 68 116
leaf_count=344 107 76 211 478 649 70 882 1296 192 227 1858 3788 90 677 642 103 60 117 68 154 66 119 307 304 322 547 83 435 229 79 121 152 332 61 128 282 63 139 219 81 208 92 68 116
internal_value=-4.92996e-05 0.00294164 -0.00106077 -0.000418395 5.56214e-05 0.00501607 0.000871659 -0.000838847 0.00603729 -0.00176387 -0.00228132 0.00152177 0.00772829 0.00828573 0.00429949 -0.00167188 0.00177484 -0.00459268 -0.000667249 0.00162959 0.00237729 0.00319269 -0.00431072 -0.00367283 -0.001398 -0.00411179 -0.00377902 -0.00266803 -0.00365535 -0.00433427 -0.0054479 -0.0025121 -0.000964726 0.00251116 -0.00485174 0.000944137 -0.00576073 0.00678961 0.00407218 -0.00645563 -0.00541108 -0.00382803 -0.00181816 -0.00622853
internal_weight=16642 4204 12438 10527 9332 2900 6444 1774 2203 2888 2507 4670 1111 1021 1092 1304 697 1911 886 381 637 761 1794 1158 722 1195 418 739 1007 626 636 381 654 164 267 348 191 331 289 188 419 213 151 423
internal_count=16642 4204 12438 10527 9332 2900 6444 1774 2203 2888 2507 4670 1111 1021 1092 1304 697 1911 886 381 637 761 1794 1158 722 1195 418 739 1007 626 636 381 654 164 267 348 191 331 289 188 419 213 151 423
is_linear=0
shrinkage=0.02


Tree=2
num_leaves=47
num_cat=0
split_feature=49 35 49 38 38 37 37 49 34 26 34 40 31 35 44 49 9 54 8 46 9 9 34 43 49 43 53 37 17 43 3 39 41 41 13 11 26 16 13 35 40 11 40 18 11 13
split_gain=124.736 94.395 69.171 38.9512 48.0792 27.9905 22.1569 16.9542 13.4047 12.4454 9.90376 9.858 9.76608 9.35361 8.48881 6.74856 5.82822 5.36032 4.91903 4.62122 4.58748 4.46503 3.789 3.30039 3.2715 2.98605 3.98613 2.95525 2.78166 2.64976 2.51034 2.00861 1.89915 1.57838 1.51312 1.40333 1.33672 1.30927 1.00033 0.998505 0.924545 0.710728 1.5994 0.527325 0.520359 0.37887
threshold=44.45000076293946 0.32863776385784155 45.494998931884773 -0.19192274659872052 -0.020506440661847588 0.02212188579142094 0.017834952101111416 38.465000152587898 0.037550894543528564 0.019139667972922329 0.14168826490640643 0.73103401064872753 2.6346358060836796 0.041877822950482375 0.026575583033263687 13.34500026702881 0.029338318854570392 0.82875001430511486 0.026913721114397052 0.65214762091636669 0.033384447917342193 0.034405285492539413 -0.049584565684199326 0.43202303349971777 41.420000076293952 -0.083221878856420503 1.0303152203559878 0.01577774249017239 0.40477526187896734 -0.12953805923461911 -0.044366160407662385 0.88556534051895153 0.39281076192855841 0.55480119585990917 -0.17289046943187711 0.015366413164883854 0.033127676695585258 0.020122220739722255 -0.22013621032238004 0.45124118030071264 0.88897809386253368 0.017152115702629093 1.0476980805397036 0.037444574758410461 0.02226183004677296 -0.079947136342525468
decision_type=8 2 10 2 2 2 2 10 2 2 2 2 2 2 2 10 2 10 2 2 2 2 2 2 10 2 10 2 2 2 2 2 2 2 2 2 2 2 2 2 2 2 2 2 2 2
left_child=1 6 3 5 11 21 7 10 35 -10 16 19 -13 24 29 32 -1 36 -12 -5 25 22 -2 28 40 41 34 -19 -15 -7 -9 -29 -3 -28 -27 -6 -17 -23 -26 43 -8 42 -4 -34 -43 -32
right_child=2 15 20 4 8 14 13 30 9 -11 18 12 -14 23 -16 17 -18 27 -20 -21 -22 37 -24 -25 38 26 33 31 -30 -31 45 -33 39 -35 -36 -37 -38 -39 -40 -41 -42 44 -44 -45 -46 -47
leaf_value=0.010062371039264818 -0.0014870709204148982 -0.0058042197563067215 -0.0056168421715992733 0.00036630386055038026 -0.0045796534971493047 -0.0020093248040125803 0.0077730208035026284 -0.0006807791590114537 -0.0029100696280442255 -0.00014819782536022245 0.0058934938719437001 0.0019410165208432523 -0.0035474666070311207 -0.001009011364474039 0.0085098578603152782 0.0039493155962321905 0.0067891118637455174 -0.0053100481976324056 0 -0.0029803974020779752 -0.0082336040632517045 -0.0084195724446326503 -0.0036034027792008236 -0.0024072429419064252 0.00074017228756565606 -0.0036777187699330899 -0.0058258906529401432 0.00059307470761891851 0.0026242454467460276 0.0025323053456161367 0.0022340303811037706 -0.0016999700489711111 -0.00022903465810590064 -0.0036109126115578035 -0.0015793784347814782 -0.0079428901359683175 0.00024660364804932706 -0.0045992671536395739 0.0040153729714807905 -0.0041827781990825316 0.0053500263309783557 -0.0066908008642958408 -0.0024683072867469407 -0.0025098739989453884 -0.0041324839663047057 0.0043934894277315052
leaf_weight=511 442 116 221 516 120 75 137 94 1200 1429 186 4217 131 93 80 107 446 64 81 239 129 81 1560 64 61 243 317 234 744 148 78 428 62 262 337 119 62 95 104 117 217 238 103 124 62 81
leaf_count=511 442 116 221 516 120 75 137 94 1200 1429 186 4217 131 93 80 107 446 64 81 239 129 81 1560 64 61 243 317 234 744 148 78 428 62 262 337 119 62 95 104 117 217 238 103 124 62 81
internal_value=-6.65439e-05 0.0029051 -0.00107918 -0.000438704 0.000242566 -0.00262555 0.00492029 0.0066361 -0.00182806 -0.00141111 0.00760917 0.00140689 0.00177309 0.00312467 0.00304565 -0.00153814 0.00856393 -0.000551723 0.00412624 -0.000699399 -0.0045737 -0.00341808 -0.00313958 0.00188071 0.00525909 -0.00429496 -0.00367116 -0.00130028 0.0022172 0.00099403 0.00189052 -0.000888915 -0.00362388 -0.0048491 -0.00247463 -0.00633607 0.00262473 -0.00647471 0.00284533 -0.00273717 0.00634798 -0.00542888 -0.0046508 -0.00177059 -0.00621153 0.00340129
internal_weight=16575 4211 12364 10452 7971 2481 2897 1477 2868 2629 1224 5103 4348 1420 303 1314 957 895 267 755 1912 2178 2002 901 519 1783 1159 726 837 223 253 662 419 579 580 239 169 176 165 303 354 624 324 186 300 159
internal_count=16575 4211 12364 10452 7971 2481 2897 1477 2868 2629 1224 5103 4348 1420 303 1314 957 895 267 755 1912 2178 2002 901 519 1783 1159 726 837 223 253 662 419 579 580 239 169 176 165 303 354 624 324 186 300 159
is_linear=0
shrinkage=0.02


Tree=3
num_leaves=47
num_cat=0
split_feature=49 35 49 36 38 37 38 35 36 34 26 38 40 31 20 9 43 40 35 43 49 54 35 36 4 44 38 49 53 39 52 41 40 3 41 11 40 53 43 31 50 32 11 45 24 45
split_gain=124.062 90.7231 65.7524 42.9212 34.9515 22.2225 18.0111 19.5562 16.7412 12.6985 12.4058 10.1217 10.0068 6.65907 6.60127 5.08838 4.68185 4.02241 3.39675 3.81331 3.36521 4.27236 2.95703 2.92301 4.63279 2.8932 2.70717 2.53079 2.0547 2.0092 1.77859 1.71641 4.08032 1.85618 1.55258 1.38111 1.11975 1.1048 1.06317 1.0021 0.776225 0.714022 0.557986 0.548242 0.431477 0.420767
threshold=44.45000076293946 0.32863776385784155 45.875000000000007 -0.15029136836528775 -0.020506440661847588 0.016492548398673538 -0.19192274659872052 -0.14588700234889981 0.36432640254497534 0.037550894543528564 0.019139667972922329 -0.16271708160638806 0.73103401064872753 0.76249861717224132 0.68399125337600719 0.034839751198887832 0.27300970256328588 0.74747607111930858 0.04010999575257302 0.43202303349971777 13.34500026702881 0.82875001430511486 -0.14145146310329434 0.17465551197528842 0.011235242243856193 0.031068117357790474 -0.055085137486457818 36.204999923706062 1.0105645656585696 1.1227810978889468 2.185000061988831 0.68994840979576122 1.1932340860366824 -0.22625730931758878 0.60244524478912365 0.015366413164883854 0.9547293782234193 1.0395900607109072 0.44118629395961767 1.7241287827491762 0.26000000536441809 1.0223380327224734 0.017420218326151374 0.33400586247444158 36.669912338256843 0.78154808282852184
decision_type=8 2 10 2 2 2 2 2 2 2 2 2 2 2 2 2 2 2 2 2 10 10 2 2 2 2 2 10 10 2 10 2 2 2 2 2 2 10 2 2 10 2 2 2 2 2
left_child=1 5 3 22 6 8 7 -5 13 35 -11 28 -8 26 20 23 30 -15 27 -20 39 43 41 24 42 40 -1 -13 -7 -23 -10 32 -24 -33 -25 -6 -30 -26 -27 44 45 -2 -4 -22 -3 -16
right_child=2 14 15 4 9 11 12 -9 16 10 -12 18 -14 17 25 -17 -18 -19 19 -21 21 29 31 34 37 38 -28 -29 36 -31 -32 33 -34 -35 -36 -37 -38 -39 -40 -41 -42 -43 -44 -45 -46 -47
leaf_value=0.0073996297381008456 -0.0073379362133965537 -0.00037788779199447324 -0.0041705798312295676 0.0026422685088490451 -0.0044178311597437613 0.0039029399407128325 -0.00071306852676554934 -0.0027507327266165617 0.0052706219519075368 -0.0028906700983446611 -0.00016139634327269178 0.0057874453803580831 0.001762114558389114 0.0022909075747310583 -0.0043026139947114055 -0.0085064837026302947 -0.0011644152964733236 0.0076521745413402767 0.0019925253911740738 -0.0031024023723293793 0.0046318675001610571 0.00023841353913943111 -0.0035548158903684251 -0.0060717871637842955 -0.0018887057934456725 -0.0039690169518959992 0.01213950240598359 0.0024704387699070775 0.0082940286549485539 -0.0023494360368495923 0.0019086167182665698 -0.00012581134836741343 -0.0086632888000713632 -0.0032654635261375972 -0.0038181829646003447 -0.0077062018305354765 0.0052800105685767316 -0.0038787710148071009 -0.0076547422059944697 -0.0044885238261893395 -0.0010807414052180118 -0.0044092834020654356 -0.0057071713873565423 0.001977403763635084 -0.0027232891457388175 -0.0018623074986158855
leaf_weight=89 116 66 251 372 123 142 767 949 263 1203 1491 162 4331 67 74 119 70 512 741 61 64 361 576 411 467 86 215 231 151 176 90 105 70 272 211 121 116 153 67 77 132 78 264 77 61 60
leaf_count=89 116 66 251 372 123 142 767 949 263 1203 1491 162 4331 67 74 119 70 512 741 61 64 361 576 411 467 86 215 231 151 176 90 105 70 272 211 121 116 153 67 77 132 78 264 77 61 60
internal_value=-4.59374e-05 0.00292027 -0.00104975 -0.000436892 2.30347e-05 0.00488168 0.000850061 -0.00122874 0.00681963 -0.00178255 -0.00138238 0.00329336 0.00138932 0.0083876 -0.00146724 -0.00449735 0.00350818 0.00704851 0.00235217 0.00159365 -0.000479871 0.000199355 -0.00396526 -0.00421121 -0.00358429 -0.00352512 0.010841 0.00387377 0.00600371 -0.000616234 0.00443957 -0.00351389 -0.00414739 -0.00240155 -0.0053309 -0.00612638 0.00706149 -0.00239772 -0.00570561 -0.0027123 -0.00221757 -0.00625059 -0.00498869 0.00326061 -0.00154896 -0.00328195
internal_weight=16661 4211 12450 10574 9357 2910 6419 1321 1306 2938 2694 1604 5098 883 1301 1876 423 579 1195 802 882 678 1217 1757 1135 419 304 393 409 537 353 1023 646 377 622 244 267 620 153 204 266 194 515 141 127 134
internal_count=16661 4211 12450 10574 9357 2910 6419 1321 1306 2938 2694 1604 5098 883 1301 1876 423 579 1195 802 882 678 1217 1757 1135 419 304 393 409 537 353 1023 646 377 622 244 267 620 153 204 266 194 515 141 127 134
is_linear=0
shrinkage=0.02


Tree=4
num_leaves=45
num_cat=0
split_feature=49 36 49 36 38 34 38 38 35 43 35 34 26 40 33 53 48 9 36 11 51 35 43 36 13 17 37 10 52 17 41 40 19 11 41 29 41 34 11 30 40 8 41 17
split_gain=114.857 84.0212 62.8002 41.8113 29.8114 21.1134 15.2061 15.0821 19.3612 13.4191 13.0308 12.0287 12.8964 9.96686 6.00347 5.83471 4.76627 4.66153 4.60645 4.19176 3.22442 3.04212 2.80801 4.24255 2.41849 2.19276 2.02007 1.74887 1.7658 1.65151 1.64406 1.61392 1.47275 1.31291 1.26655 1.13782 1.13154 0.686605 0.8681 0.582049 0.581667 0.557494 0.521372 0.232432
threshold=44.45000076293946 0.46271611750125891 45.494998931884773 -0.15029136836528775 -0.020506440661847588 0.10144246369600297 -0.080297175794839845 -0.19192274659872052 -0.15014292299747464 0.52929198741912853 0.3344585001468659 0.038413798436522491 0.019002256914973262 0.73103401064872753 0.017361534759402279 1.0105645656585696 0.1241746135056019 0.034839751198887832 0.67559540271759044 0.018337020650506023 -0.039999999105930321 -0.14145146310329434 -0.097939997911453233 0.17942246049642566 -0.17289046943187711 0.20069205015897754 0.012558686546981336 0.019458104856312278 0.90000000596046459 0.4918151199817658 0.68994840979576122 0.9547293782234193 0.13660995662212375 0.015366413164883854 0.41638135910034185 0.092740323394536986 0.55480119585990917 0.0065214510541409263 0.017208747565746311 0.037462428212165839 1.0226328372955324 0.028041793964803222 0.65964743494987499 0.27114871144294744
decision_type=8 2 10 2 2 2 2 2 2 2 2 2 2 2 2 10 2 2 2 2 10 2 2 2 2 2 2 2 10 2 2 2 2 2 2 2 2 2 2 2 2 2 2 2
left_child=1 5 3 21 7 6 15 8 -5 10 19 33 -13 -9 16 25 -8 22 26 41 32 40 37 24 -24 -1 -12 28 -22 30 -23 -17 39 -6 -20 -21 -25 38 -4 -7 -2 -3 -34 -39
right_child=2 9 17 4 11 20 14 13 -10 -11 18 12 -14 -15 -16 31 -18 -19 34 35 27 29 23 36 -26 -27 -28 -29 -30 -31 -32 -33 42 -35 -36 -37 -38 43 -40 -41 -42 -43 -44 -45
leaf_value=2.0124775149039366e-05 -0.0051402647572060941 0.0049612397100801111 -0.0028782733374916503 0.0027336876174889448 -0.0041386059854823841 0.0069319221330954445 0.0042149917737913448 -0.00080819892699270958 -0.0026570538123775419 -0.0071807845271284788 0.0029224509153125888 -0.0028342159836799922 -4.9133972384540848e-06 0.0016596760085834097 0.0034823127541556416 0.0075552711964432338 0.010183240403945431 -0.0081725391777065712 -0.0051995684304175539 0.0014799264217739438 0.003328562651775043 -0.0039186362566172774 -0.0039196260357841359 -0.0060185959941744804 -0.0016200834531172187 0.0039596152022246794 -0.00076570345668195317 -0.0018159396724008461 0.00045464235086380166 -0.0065551067091848539 -0.0021422121951558881 0.0049856398354035502 0.0034998604450593119 -0.0072391681463478972 -0.0024701267677243958 -0.00076945942095598254 -0.0037228783418279915 -0.0065269828962141677 -0.0053894075520551036 0.0039670407466383447 -0.0079562492563504065 0.0027741557756323638 0.00083399166841991248 -0.0050105284165315846
leaf_weight=64 119 148 119 370 130 60 67 768 931 108 64 1140 1479 4350 80 287 514 120 91 368 148 568 318 247 449 518 519 65 202 66 356 199 61 128 318 116 171 179 136 87 70 94 61 173
leaf_count=64 119 148 119 370 130 60 67 768 931 108 64 1140 1479 4350 80 287 514 120 91 368 148 568 318 247 449 518 519 65 202 66 356 199 61 128 318 116 171 179 136 87 70 94 61 173
internal_value=-4.50614e-05 0.00279533 -0.0010176 -0.000408565 4.18184e-05 0.00524242 0.00641874 0.000800129 -0.00112042 -0.000441172 -5.1341e-06 -0.0016488 -0.00123867 0.0012889 0.00881147 0.00491637 0.00952189 -0.00434787 -0.00149403 0.00202569 0.00225246 -0.00395162 -0.00407797 -0.00348982 -0.00258633 0.00353044 -0.000346234 0.00112998 0.00169069 -0.00348529 -0.00324444 0.00654218 0.00394894 -0.00574623 -0.00311328 0.000937345 -0.00511504 -0.00520171 -0.00426852 0.0052983 -0.00629645 0.00416016 0.00222693 -0.00583314
internal_weight=16626 4239 12387 10475 9296 2413 1729 6419 1301 1826 1718 2877 2619 5118 661 1068 581 1912 992 726 684 1179 1792 1185 767 582 583 415 350 990 924 486 269 258 409 484 418 607 255 147 189 242 122 352
internal_count=16626 4239 12387 10475 9296 2413 1729 6419 1301 1826 1718 2877 2619 5118 661 1068 581 1912 992 726 684 1179 1792 1185 767 582 583 415 350 990 924 486 269 258 409 484 418 607 255 147 189 242 122 352
is_linear=0
shrinkage=0.02


Tree=5
num_leaves=45
num_cat=0
split_feature=49 35 54 36 38 36 38 35 34 38 34 36 17 48 36 45 53 9 36 35 9 50 49 11 30 51 31 35 4 17 36 38 31 36 47 46 6 33 40 5 26 11 1 32
split_gain=109.753 82.8491 60.6072 42.1689 27.8285 21.3271 15.6726 17.5826 13.7233 19.2018 12.6962 13.4081 9.22817 7.07154 6.00304 4.97586 4.64989 4.43053 4.06724 3.25877 3.13134 2.73917 2.6859 2.60989 2.48337 2.96277 2.41239 2.00619 2.64216 2.00181 1.55203 1.52418 1.4732 1.33034 1.22645 1.10616 0.820468 0.734497 0.719826 0.602183 0.46993 0.464319 0.4433 0.435175
threshold=44.45000076293946 0.32863776385784155 2.3349999189376835 -0.15029136836528775 -0.020506440661847588 0.46271611750125891 -0.19192274659872052 -0.14588700234889981 0.12423457950353624 -0.080297175794839845 0.15052194893360141 0.16796924173831942 1.0106361508369448 0.10491563007235528 0.67559540271759044 0.86720469594001781 1.0105645656585696 0.035695785656571395 0.43986347317695623 -0.14145146310329434 0.026555140502750877 0.32500000298023229 46.930000305175788 0.020246237516403202 -0.035416172817349427 0.81999999284744274 3.4957901239395146 -0.020578732714056965 0.0077663015108555564 0.62976354360580455 0.49583345651626592 -0.31995402276515955 0.84277966618537914 0.098709516227245345 0.61023476719856273 0.21164613962173465 0.053281040862202651 0.0020506887231022124 0.99731978774070751 1.2221520543098452 0.020464434288442138 0.013351228088140489 0.0046737568918615588 1.0267432332038882
decision_type=8 2 8 2 2 2 2 2 2 2 2 2 2 2 2 2 10 2 2 2 2 10 10 2 2 10 2 2 2 2 2 2 2 2 2 2 2 2 2 2 2 2 2 2
left_child=1 5 17 19 6 8 7 -5 9 16 11 -6 -8 -11 20 23 -1 22 -12 43 41 36 29 37 33 -26 30 28 -24 40 -22 -21 -33 -10 42 -25 39 -7 -29 -16 -2 -3 -23 -4
right_child=2 14 3 4 10 15 12 -9 24 13 18 -13 -14 -15 21 -17 -18 -19 -20 31 26 34 27 35 25 -27 -28 38 -30 -31 -32 32 -34 -35 -36 -37 -38 -39 -40 -41 -42 -43 -44 -45
leaf_value=0.0035328983456156637 -0.0021826639911298874 0.0032724745281785721 -0.0072220603805289709 0.0025720010171966872 0.00031392157446694579 0.0022275603638759046 0.001470818268382296 -0.0026175540786680012 0.0068497064749978177 0.0028529570831552793 0.00011181327469672101 -0.00301326779086666 -0.0021716493657758557 0.0099507879084416526 -0.0028952764396027375 -0.0022515833694232512 0.006259964040970083 -0.0082682059166628297 0.0043847511787744649 -0.00058742042985279123 0.00037137456024342972 -0.0014060477480959538 -0.0047767286279296797 -0.00095091050259042079 0.0029519433405525474 -0.0010019629444465588 -0.0046187842278115785 -0.0055152679531918066 -0.0022485306845152413 6.4142192809659755e-05 -0.0015952443093920684 -0.0034182076719062415 -0.0067084790605992555 0.0030948713148057105 -0.0035433674065085746 0.0017379621708027058 -0.0066409176725192344 0.0045339695700716354 -0.0041568906368395289 -0.0054523005497587075 -0.0047754156004327034 0.0010147398799383903 0.00090126497369033835 -0.0047107966255546078
leaf_weight=570 64 72 116 358 662 98 4941 942 70 66 219 1793 292 568 127 111 475 106 148 72 316 64 334 79 250 106 64 524 349 104 320 876 60 102 69 241 66 175 325 65 69 82 63 78
leaf_count=570 64 72 116 358 662 98 4941 942 70 66 219 1793 292 568 127 111 475 106 148 72 316 64 334 79 250 106 64 524 349 104 320 876 60 102 69 241 66 175 325 65 69 82 63 78
internal_value=-3.55766e-05 0.00275051 -0.000981595 -0.000392467 6.10004e-05 0.0046278 0.000777998 -0.00118503 0.00559411 0.00647941 -0.00159758 -0.00211638 0.00126625 0.00923038 -0.00142775 0.00158619 0.0047878 -0.00429217 0.00185924 -0.00391394 -0.000434732 -0.00327836 -0.00403976 0.00231396 0.00275634 0.00177334 -0.00100463 -0.00434804 -0.00350181 -0.00201335 -0.000619398 -0.0034355 -0.00365095 0.00471994 -0.0014565 0.00106838 -0.00462592 0.00374286 -0.00501292 -0.00383663 -0.0036108 0.00211903 -0.000259398 -0.00630457
internal_weight=16651 4219 12432 10557 9355 2911 6533 1300 2207 1679 2822 2455 5233 634 1308 704 1045 1875 367 1202 854 454 1769 593 528 356 700 1532 683 237 636 1008 936 172 196 320 258 273 849 192 133 154 127 194
internal_count=16651 4219 12432 10557 9355 2911 6533 1300 2207 1679 2822 2455 5233 634 1308 704 1045 1875 367 1202 854 454 1769 593 528 356 700 1532 683 237 636 1008 936 172 196 320 258 273 849 192 133 154 127 194
is_linear=0
shrinkage=0.02


Tree=6
num_leaves=47
num_cat=0
split_feature=49 35 49 36 38 37 38 37 44 34 26 17 36 35 49 53 9 35 36 4 9 30 9 38 41 35 36 36 41 41 53 31 11 40 20 36 20 15 32 11 17 30 26 39 20 42
split_gain=107.112 84.8566 62.7399 42.0908 32.7618 18.9233 12.0016 21.0621 11.9657 10.996 10.9423 10.0519 8.14095 7.24987 6.96154 4.78022 4.42417 3.04022 2.79862 4.48984 2.73763 2.04467 2.3708 1.75088 1.97796 1.68981 1.68897 1.63376 1.56478 1.55383 1.40862 1.31076 1.2556 1.20366 1.18737 1.16284 1.09825 0.783261 0.766736 0.727014 0.608896 0.604182 0.54655 0.481195 0.264449 0.203657
threshold=30.645000457763675 0.32863776385784155 45.494998931884773 -0.15029136836528775 -0.020506440661847588 0.017968263477087024 -0.19192274659872052 0.02212188579142094 0.035821383818984039 0.037550894543528564 0.019002256914973262 1.2889763712882998 0.36432640254497534 0.086282566189765944 13.34500026702881 0.95476597547531139 0.034561304375529296 -0.14145146310329434 0.17942246049642566 0.011235242243856193 0.034256292507052429 0.018233191221952442 0.035535234957933433 -0.31995402276515955 0.68994840979576122 0.38469925522804266 0.49583345651626592 0.55272352695465099 0.60465413331985485 0.60244524478912365 1.0395900607109072 1.5410835742950442 0.015366413164883854 0.87886011600494396 0.33666054904460913 0.50602862238883983 0.27429747581481939 0.5948275923728944 1.0267432332038882 0.015175361186265947 0.15292645245790484 -0.2772421240806579 0.023813453502953056 0.99898144602775585 0.21448493003845218 -0.080338675528764711
decision_type=8 2 10 2 2 2 2 2 2 2 2 2 2 2 10 8 2 2 2 2 2 2 2 2 2 2 2 2 2 2 10 2 2 2 2 2 2 2 2 2 2 2 2 2 2 2
left_child=1 5 3 17 6 11 7 -5 -8 32 -11 12 15 33 28 -1 18 38 19 40 25 27 -23 -19 -25 37 -22 -15 31 41 -21 -3 -6 -7 -14 -27 -35 -16 42 -33 -4 -20 -2 -31 -18 -30
right_child=2 14 16 4 9 13 8 -9 -10 10 -12 -13 34 21 20 -17 44 23 29 30 26 22 -24 24 -26 35 -28 -29 45 43 -32 39 -34 36 -36 -37 -38 -39 -40 -41 -42 -43 -44 -45 -46 -47
leaf_value=0.010019839104979191 -0.0052181701958770787 -0.0017844795934897201 -0.0053485847785508253 -0.0023183584276310842 -0.0038510101759706488 0.0072601400529893568 0.0014813162813183719 0.0033163675542423011 -0.0026799571685984258 -0.0027239944513901262 -0.00014511943295266236 -0.00029699061371179093 0.0058344060161108447 0.0043359326211458733 0.00039499718489555212 0.0068269458442102538 -0.0061657422212883827 -0.00017787395108441288 -0.0034920917045738959 -0.0016142169244164966 -0.00022711033382608246 0.001953202892986455 -0.0017498954193960678 -0.0042763012136665364 -0.0023399816108461203 0.00051121683889088156 -0.0037032051973499851 0.00079852062909380541 -0.00049700640786498314 -0.0050867797330258384 -0.0038396847759764041 -0.0028789707908836691 -0.0069826146126490277 0.0058004900152276362 0.003240582730548443 -0.0023874016216852596 0.0027961896225543958 0.0031967964112647948 -0.0041887932785407266 -0.0057372593469433974 -0.0037468213170696874 -0.00604335450122541 -0.0086869408035418014 -0.0027991661136289115 -0.0092588266318752652 -0.0021849110473597809
leaf_weight=456 60 76 296 991 109 126 5562 359 288 1149 1538 69 194 182 62 387 61 67 60 482 117 252 92 580 358 236 106 76 60 60 152 62 136 131 138 69 95 119 78 151 210 366 61 155 60 60
leaf_count=456 60 76 296 991 109 126 5562 359 288 1149 1538 69 194 182 62 387 61 67 60 482 117 252 92 580 358 236 106 76 60 60 152 62 136 131 138 69 95 119 78 151 210 366 61 155 60 60
internal_value=-2.26003e-05 0.00319009 -0.000827966 -0.000263436 0.000156997 0.00546953 0.00088279 -0.000815169 0.00127501 -0.00162404 -0.00125006 0.00709586 0.00753049 0.00333219 -0.00129307 0.00858465 -0.00418635 -0.00379393 -0.00392101 -0.00330564 -8.97903e-05 0.00198026 0.000953391 -0.00332566 -0.00354816 0.000750454 -0.00191107 0.00331889 -0.00336069 -0.00499338 -0.00216491 -0.00415632 -0.00565684 0.00560521 0.00479791 -0.000158156 0.00459516 0.00226459 -0.00606931 -0.00496144 -0.00471179 -0.00571329 -0.00714281 -0.00350337 -0.00789446 -0.0013818
internal_weight=16554 3316 13238 11336 10132 2198 7200 1350 5850 2932 2687 1244 1175 954 1118 843 1902 1204 1781 1140 709 602 344 1005 938 486 223 258 409 641 634 289 245 352 332 305 226 181 199 213 506 426 121 215 121 120
internal_count=16554 3316 13238 11336 10132 2198 7200 1350 5850 2932 2687 1244 1175 954 1118 843 1902 1204 1781 1140 709 602 344 1005 938 486 223 258 409 641 634 289 245 352 332 305 226 181 199 213 506 426 121 215 121 120
is_linear=0
shrinkage=0.02


Tree=7
num_leaves=43
num_cat=0
split_feature=49 35 49 36 38 36 38 35 37 40 17 34 49 31 38 36 43 43 36 9 38 30 11 53 43 36 49 53 13 41 40 4 37 17 41 5 44 34 11 7 17 40
split_gain=101.886 75.3891 54.956 36.8531 30.0529 19.3545 13.1447 18.0216 12.834 10.3595 9.38054 8.95992 8.32843 6.86608 6.61252 6.11417 6.07219 5.51046 4.63398 4.03733 3.30394 3.10302 3.05789 2.94664 2.7354 3.57724 2.02356 2.42504 1.74012 1.67545 3.4193 1.9796 1.65611 1.64316 1.17947 1.0144 0.902491 0.64698 0.726737 0.351817 0.290879 0.169275
threshold=44.45000076293946 0.32863776385784155 45.494998931884773 -0.15029136836528775 -0.020506440661847588 0.46271611750125891 -0.19192274659872052 -0.14588700234889981 0.016492548398673538 1.3220604658126833 1.0106361508369448 0.15052194893360141 40.979999542236335 0.76249861717224132 -0.11226768419146536 0.16270258277654651 0.42212997376918798 0.52929198741912853 0.67559540271759044 0.034839751198887832 -0.22234245389699933 0.0044378018938004979 0.018337020650506023 0.97906175255775463 -0.097939997911453233 0.17942246049642566 28.364999771118168 1.0125167965888979 -0.17289046943187711 0.68994840979576122 1.1932340860366824 -0.35805916786193842 0.027813790366053585 0.70638257265090953 0.55480119585990917 0.40341947972774511 0.021989658474922184 0.0065214510541409263 0.017208747565746311 -0.0054775082971900693 0.11126758530735971 0.86545130610466015
decision_type=8 2 10 2 2 2 2 2 2 2 2 2 10 2 2 2 2 2 2 2 2 2 2 10 2 2 10 10 2 2 2 2 2 2 2 2 2 2 2 2 2 2
left_child=1 5 3 20 6 8 7 -5 12 11 -8 -6 13 -1 23 -11 22 18 26 24 29 -16 41 -10 37 28 27 -3 -26 30 -2 -31 36 -28 -27 -24 -20 38 -4 -22 -39 -7
right_child=2 17 19 4 9 16 10 -9 14 15 -12 -13 -14 -15 21 -17 -18 -19 32 -21 39 -23 35 -25 25 34 33 -29 -30 31 -32 -33 -34 -35 -36 -37 -38 40 -40 -41 -42 -43
leaf_value=0.0097461870877967819 -0.0032873374081913652 0.0026607918939250824 -0.0027045012410943222 0.0026419568262744568 -0.0017528135720307669 0.0029836115767838253 0.0014460869774021007 -0.0024942202881391758 0.0035179752496984967 -0.00017594861569748796 -0.002345489666883267 0.0016511989133560596 0.00080690918258518316 0.0061565825018947582 0.0037803055119183331 -0.0071239987315938761 -0.0043871006078697976 -0.0066809236642879416 -0.00094789448974188421 -0.0076762229882180698 -0.0074872496702437152 0.00030351211644652091 -0.0011928986098330755 0.0062302253398723818 -0.0035514486562767972 -0.0055854716932147068 -0.0040588166451989071 -0.00028640940018328538 -0.0016022831781210142 -0.00073233836707843494 -0.0078291929104389296 -0.0036444099589452946 7.4471407393748699e-05 -0.00050870914471403035 -0.0033090693728564393 0.0015190907743103295 -0.0036935633391470147 -0.0064999351413514385 -0.0050380398094910543 -0.0050554485261706372 -0.0048933505935530213 0.0046343899948620487
leaf_weight=336 581 151 115 383 2242 68 4852 933 316 68 273 356 85 683 177 201 61 71 61 117 76 242 62 369 319 261 75 403 455 199 75 178 71 163 173 371 302 130 135 102 229 130
leaf_count=336 581 151 115 383 2242 68 4852 933 316 68 273 356 85 683 177 201 61 71 61 117 76 242 62 369 319 261 75 403 455 199 75 178 71 163 173 371 302 130 135 102 229 130
internal_value=-6.2692e-05 0.00263107 -0.000971057 -0.000400764 2.65845e-05 0.00442236 0.000784854 -0.000996054 0.00533653 -0.00167564 0.00124267 -0.00128462 0.00686575 0.00736631 0.00379195 -0.0053926 0.00149358 -0.00137433 -0.00105065 -0.00406693 -0.00367823 0.00179103 0.00208172 0.00500128 -0.0038217 -0.00325134 -0.000136546 0.000525098 -0.00241752 -0.00322495 -0.0038414 -0.00212782 -0.0027041 -0.00166819 -0.00470929 0.00112294 -0.00324645 -0.00492995 -0.00401336 -0.00620616 -0.00552693 0.00412542
internal_weight=16650 4197 12453 10519 9308 2900 6441 1316 2208 2867 5125 2598 1104 1019 1104 269 692 1297 1226 1934 1211 419 631 685 1817 1208 792 554 774 1033 656 377 434 238 434 433 363 609 250 178 359 198
internal_count=16650 4197 12453 10519 9308 2900 6441 1316 2208 2867 5125 2598 1104 1019 1104 269 692 1297 1226 1934 1211 419 631 685 1817 1208 792 554 774 1033 656 377 434 238 434 433 363 609 250 178 359 198
is_linear=0
shrinkage=0.02


Tree=8
num_leaves=47
num_cat=0
split_feature=49 35 49 36 38 40 34 38 34 26 43 49 35 48 9 36 38 40 8 8 11 9 40 36 4 49 38 31 46 19 44 44 29 41 41 53 11 47 40 23 41 40 11 7 40 29
split_gain=98.9817 82.0924 60.0187 37.9685 29.5031 12.6466 12.3487 16.1913 10.3715 10.5594 10.279 7.55732 5.96128 5.87049 3.75299 3.25929 3.00575 2.85017 2.73004 2.674 2.64717 2.69941 2.62588 2.462 3.88901 2.45557 1.85914 1.83008 1.70999 1.70623 1.58091 1.47927 1.35053 1.76801 1.29089 1.08491 0.90486 0.789731 0.767168 0.757924 0.728318 0.478603 0.451947 0.434279 0.320281 0.157857
threshold=30.645000457763675 0.31873199343681341 45.494998931884773 -0.15029136836528775 -0.020506440661847588 0.75769370794296276 0.1220250613987446 -0.079531412571668611 0.037550894543528564 0.019002256914973262 -0.23369316011667249 13.34500026702881 0.061625692993402488 0.10491563007235528 0.034839751198887832 0.70109394192695629 -0.22234245389699933 0.49365605413913732 0.027130239643156532 0.037322243675589568 0.02384329587221146 0.032815240323543556 0.9547293782234193 0.17942246049642566 0.011235242243856193 16.229999542236332 -0.31995402276515955 0.84277966618537914 0.46082879602909094 0.16215394437313083 0.027838255278766159 0.025138176977634433 0.070507921278476729 0.61400979757308971 0.60244524478912365 1.0395900607109072 0.015366413164883854 0.22909024357795718 0.85538518428802501 0.26453867554664617 0.71676155924797069 1.0507026314735415 0.017420218326151374 -0.0044372940901666871 0.89423575997352611 0.094757117331027998
decision_type=8 2 10 2 2 2 2 2 2 2 2 10 2 2 2 2 2 2 2 2 2 2 2 2 2 10 2 2 2 2 2 2 2 2 2 10 2 2 2 2 2 2 2 2 2 2
left_child=1 6 3 16 5 17 7 12 36 -10 -7 19 22 -9 23 25 26 -5 38 32 21 -20 -1 24 42 31 -2 -28 -15 -17 -14 -13 33 -3 44 -26 -6 -27 -8 -34 -40 -36 -4 -18 -25 -16
right_child=2 11 14 4 8 10 18 13 9 -11 -12 15 30 28 45 29 43 -19 20 -21 -22 -23 -24 34 35 37 27 -29 -30 -31 -32 -33 39 -35 41 -37 -38 -39 40 -41 -42 -43 -44 -45 -46 -47
leaf_value=0.0067317921068203281 1.4966685062562915e-05 -0.0051303094848348151 -0.0037723016936742656 -0.0024266327032348425 -0.0039485235444130743 -0.00052605903780720111 0.0026150443695296417 0.0027759493911925417 -0.0026029772960224967 -8.5916147909796643e-05 0.00165544307244475 0.0038660690029090074 0.0031427852356237258 0.010829877712925658 -0.0058954117538200478 -0.00077194222000084422 -0.0072721363493176393 -0.00033508835382283923 0.0021351380697232397 -0.0064748209908659406 0.0049647173375636337 -0.0021801324689930137 0.0040422008013994105 -0.0045284300052155207 -0.0016683459659936123 0.0013682567337135738 -0.0031352403006365938 -0.0066570651131506609 0.0082205388141284638 -0.0050909610911021152 -9.0116773621850123e-05 0.00052498335445765412 7.5461554875837106e-06 -0.00085378528268483943 -0.0042545765168397337 -0.0036302912851126912 -0.0066135486347302236 -0.00071114133263213764 0.0059293040489173231 -0.0026534295628592368 0.0029934122407721587 -0.002131740886985656 -0.0051453654686069144 -0.0047092848232676903 -0.0060365436656372338 -0.0086420405050882925
leaf_weight=383 68 113 251 348 124 1052 85 62 1149 1585 4783 119 177 256 60 92 83 1023 167 82 72 85 270 160 473 92 893 64 313 60 90 97 98 61 125 153 128 312 136 72 61 84 276 90 261 62
leaf_count=383 68 113 251 348 124 1052 85 62 1149 1585 4783 119 177 256 60 92 83 1023 167 82 72 85 270 160 473 92 893 64 313 60 90 97 98 61 125 153 128 312 136 72 61 84 276 90 261 62
internal_value=-8.38965e-06 0.00305969 -0.000783212 -0.000233125 0.000163071 0.000855793 0.00538876 0.00633615 -0.00150749 -0.0011458 0.0012619 -0.00113597 0.00461572 0.00880925 -0.00406612 4.52498e-05 -0.00359659 -0.000870851 0.00294311 -0.00326425 0.001662 0.000667144 0.00564481 -0.00382027 -0.00325016 0.000692028 -0.0031655 -0.00339187 0.0094469 -0.00254881 0.00206045 0.00239799 -0.0024467 -0.0036766 -0.00484175 -0.00216448 -0.00536799 -0.000228563 0.00437851 -0.00114014 0.00508376 -0.00344834 -0.00451834 -0.00604754 -0.00550184 -0.00747315
internal_weight=16650 3355 13295 11390 10192 7206 2157 1551 2986 2734 5835 1198 920 631 1905 772 1198 1371 606 426 324 252 653 1783 1153 620 1025 957 569 152 267 216 344 174 630 626 252 404 282 170 197 209 527 173 421 122
internal_count=16650 3355 13295 11390 10192 7206 2157 1551 2986 2734 5835 1198 920 631 1905 772 1198 1371 606 426 324 252 653 1783 1153 620 1025 957 569 152 267 216 344 174 630 626 252 404 282 170 197 209 527 173 421 122
is_linear=0
shrinkage=0.02


Tree=9
num_leaves=47
num_cat=0
split_feature=49 36 54 36 38 34 38 38 35 20 34 36 31 53 39 34 53 43 9 33 36 35 51 49 46 17 43 40 30 9 41 40 3 5 35 13 11 36 19 41 40 10 32 17 10 53
split_gain=97.8139 71.5135 52.1867 35.0567 24.039 17.0862 12.8987 12.7876 16.872 11.9855 11.7865 12.7451 9.09761 7.86847 7.52266 5.08644 4.89583 4.75548 4.24101 3.58318 3.48422 3.05023 3.03076 2.57272 2.5555 2.29751 2.08036 1.76503 1.7327 1.74061 1.69807 3.55842 1.7344 1.62474 1.56874 1.8811 1.27959 1.22774 1.09967 0.851632 0.727381 0.703577 0.649565 0.636821 0.492275 0.477307
threshold=44.45000076293946 0.45839054882526403 2.3349999189376835 -0.15029136836528775 -0.020506440661847588 0.11154261231422426 -0.080297175794839845 -0.19192274659872052 -0.14588700234889981 0.64474865794181835 0.15052194893360141 0.15957265347242358 2.1384083032608037 0.81161421537399303 0.61433145403862011 0.034353058785200126 1.0105645656585696 0.52929198741912853 0.035535234957933433 0.017361534759402279 0.43149563670158392 -0.14145146310329434 -0.039999999105930321 46.930000305175788 0.47822141647338873 0.21061503142118457 -0.04930345527827739 0.9547293782234193 -0.004211374092847108 0.032815240323543556 0.68994840979576122 1.1541202664375307 -0.22625730931758878 0.40848959982395178 -0.020578732714056965 -0.20627488195896146 0.020587921142578128 0.66386356949806224 0.11826052516698839 0.60244524478912365 0.85538518428802501 0.011333333794027569 1.0384935140609743 0.73001381754875194 0.012103078421205284 1.7728670835494997
decision_type=8 2 8 2 2 2 2 2 2 2 2 2 2 10 2 2 10 2 2 2 2 2 10 10 2 2 2 2 2 2 2 2 2 2 2 2 2 2 2 2 2 2 2 2 2 10
left_child=1 5 18 21 7 6 16 8 -5 13 11 -6 -9 40 -8 33 25 24 23 -16 -12 42 38 26 -11 -1 -2 -18 45 -30 31 -23 -32 -15 35 -25 -17 -26 -7 -36 -3 -40 -4 -28 -42 -24
right_child=2 9 3 4 10 22 14 12 -10 17 20 -13 -14 15 19 36 27 -19 -20 -21 -22 30 28 34 37 -27 43 -29 29 -31 32 -33 -34 -35 39 -37 -38 -39 41 -41 44 -43 -44 -45 -46 -47
leaf_value=-0.00014552631290830871 -0.0041754585580307656 0.002026871870053583 -0.0069995681531562484 0.0025361577596136916 0.00040634226101244627 0.0050246575409113323 0.0023412236797369338 0.0013351761665615319 -0.0024776905578413016 -0.0049569371747683081 0.0001106518318208002 -0.0028721508682867563 -0.0024168029226799372 -0.0015389709746770894 0.0093301383870665732 -0.00073978671670536875 0.0070468482755220345 -0.0068816903882255465 -0.0077172134122146033 0.003872688001938282 0.0039567796248668368 -0.003170893885795768 0.0013628737262680044 -0.0040945385321817579 -6.9776533546144698e-07 0.0036755114509081396 -0.0015131597455614544 0.0043717368342842053 0.0009787844350402186 -0.0027193381370927551 0.00016071703782269978 -0.0077082946525841222 -0.0028470359468254552 0.0018030975301369752 -0.0051674172341729116 -0.0018692661850266935 -0.0028370207779609214 -0.0023859501483888303 0.0040127105124826944 -0.0037416937116444187 0.0063059186780228624 0.0011609102574862786 -0.0042410190962629667 0.0010763163052703421 0.0036685762430778614 0.0037700610053858588
leaf_weight=71 85 61 110 371 639 126 85 4906 949 89 225 1824 270 64 544 420 279 96 116 60 160 559 76 434 176 506 76 192 151 73 103 79 287 455 527 249 161 168 60 328 61 88 84 70 99 67
leaf_count=71 85 61 110 371 639 126 85 4906 949 89 225 1824 270 64 544 420 279 96 116 60 160 559 76 434 176 506 76 192 151 73 103 79 287 455 527 249 161 168 60 328 61 88 84 70 99 67
internal_value=-5.37612e-05 0.00257343 -0.000946364 -0.00039887 1.80796e-05 0.00486544 0.00589503 0.000689853 -0.00106518 -0.000375309 -0.00151293 -0.00202171 0.00113798 0.000643504 0.00802831 -5.12181e-05 0.00447266 -0.00291062 -0.00400919 0.00881147 0.00172985 -0.00358012 0.00205941 -0.00375283 -0.00198661 0.00320529 -0.00174534 0.00599304 0.000855769 -0.000242013 -0.0031268 -0.00376774 -0.00205497 0.00138258 -0.00404971 -0.00329646 -0.00133425 -0.00117903 0.00364124 -0.00463663 0.00406024 0.00238042 -0.00589299 -0.000268245 0.00477775 0.00255186
internal_weight=16679 4228 12451 10566 9344 2378 1737 6496 1320 1850 2848 2463 5176 1321 689 1100 1048 529 1885 604 385 1222 641 1769 433 577 231 471 367 224 1028 638 390 519 1538 683 581 344 274 855 221 148 194 146 160 143
internal_count=16679 4228 12451 10566 9344 2378 1737 6496 1320 1850 2848 2463 5176 1321 689 1100 1048 529 1885 604 385 1222 641 1769 433 577 231 471 367 224 1028 638 390 519 1538 683 581 344 274 855 221 148 194 146 160 143
is_linear=0
shrinkage=0.02


Tree=10
num_leaves=44
num_cat=0
split_feature=49 35 49 36 38 37 36 38 35 40 19 31 38 49 36 43 40 36 43 9 43 43 36 35 49 17 49 37 5 16 38 41 37 52 31 41 47 41 40 40 34 17 11
split_gain=92.2 68.285 49.5924 31.4442 25.7952 17.3894 12.9137 12.5099 15.213 11.1287 9.78811 9.57123 8.54885 6.08864 5.26054 4.75269 4.6055 4.14327 3.51662 3.18535 2.88819 2.71961 3.55344 2.60302 2.35909 2.14357 2.01777 1.80677 1.6041 1.60214 1.59557 1.65211 1.47427 1.28148 1.17127 1.10585 0.968298 0.708295 0.531096 0.490101 0.407644 0.219963 0.211652
threshold=44.45000076293946 0.32863776385784155 45.494998931884773 -0.15029136836528775 -0.020506440661847588 0.016492548398673538 0.36432640254497534 -0.19000207632780072 -0.14588700234889981 1.3220604658126833 0.082208249717950835 2.4321132898330693 -0.15664397180080411 22.599999427795414 0.16270258277654651 0.52929198741912853 0.74747607111930858 0.67559540271759044 0.30567710101604467 0.034839751198887832 0.44118629395961767 -0.097939997911453233 0.17942246049642566 -0.14145146310329434 28.364999771118168 0.39937964081764227 13.34500026702881 0.027813790366053585 0.78203189373016369 0.021493238396942619 -0.31995402276515955 0.68994840979576122 0.014267228543758394 2.185000061988831 0.37793996930122381 0.55480119585990917 0.63811445236206066 0.65829902887344371 1.1975702047348025 1.0202269554138186 0.008980362210422756 -0.1895249858498573 0.024205046705901626
decision_type=8 2 10 2 2 2 2 2 2 2 2 2 2 10 2 2 2 2 2 2 2 2 2 2 10 2 10 2 2 2 2 2 2 10 2 2 2 2 2 2 2 2 2
left_child=1 5 3 23 7 6 13 8 -5 10 -6 -9 29 16 -11 17 -1 24 33 21 25 38 34 39 26 -14 -3 37 -26 42 -25 -32 -15 -8 -23 -24 -31 -19 40 41 -4 -2 -7
right_child=2 15 19 4 9 12 18 11 -10 14 -12 -13 20 32 -16 -17 -18 27 -20 -21 -22 22 35 30 28 -27 -28 -29 -30 36 31 -33 -34 -35 -36 -37 -38 -39 -40 -41 -42 -43 -44
leaf_value=0.0030560446525116757 -0.0055462748499448935 -0.0017721686484086414 -0.0042257879564355392 0.0023449905917481452 -0.0024394294755736754 0.0052345928042475129 0.0045872746519814165 0.0013493155397336235 -0.0023261569130382559 -0.00053103036694746053 8.4175811759091362e-06 -0.0032030567093218752 0.00023224503687597096 0.00085510966329911762 -0.0069444287651433401 -0.0061045593223595001 0.0085696028537855101 -0.0036264415278255391 -0.001140046585296445 -0.0072493644546666146 -0.0017956599518254308 -0.0038465326709660476 -0.0053905476520641335 -0.0001070491820271127 -0.0040543677561984551 0.0025738291779857665 0.0011844916790857728 0.00028473280563950541 -0.00059790789781378193 0.0049183798476992663 -0.003892398598774144 -0.0021126180906137857 0.0052109249861472676 0.0018508945845067501 -0.0018404438389274715 -0.0031914005163596586 0.0024026372479714168 -0.0012774414203116952 -0.0028614375920862785 -0.0071090516794162497 -0.0055904585517470859 -0.0033273687857727054 0.0075471811791509389
leaf_weight=72 61 113 241 389 1224 72 264 4942 964 69 1396 189 194 61 205 74 672 277 65 106 78 148 259 72 79 839 449 72 162 207 568 356 65 102 613 175 103 70 69 69 289 61 97
leaf_count=72 61 113 241 389 1224 72 264 4942 964 69 1396 189 194 61 205 74 672 277 65 106 78 148 259 72 79 839 449 72 162 207 568 356 65 102 613 175 103 70 69 69 289 61 97
internal_value=-3.36976e-05 0.00253295 -0.000896317 -0.000360772 2.77307e-05 0.00424178 0.00595735 0.000728568 -0.000980205 -0.00154128 -0.00113626 0.00117966 0.00282883 0.00736054 -0.00535623 -0.00127917 0.00805179 -0.000971915 0.0030913 -0.00386844 0.0018559 -0.00365635 -0.00308676 -0.00342335 -0.000126916 0.00213698 0.00058198 -0.00257654 -0.00177095 0.00505778 -0.00299401 -0.00321682 0.00317884 0.00384863 -0.00224547 -0.00453408 0.00411674 -0.00317045 -0.00476998 -0.00557611 -0.00499907 -0.00455131 0.00667624
internal_weight=16652 4187 12465 10565 9378 2891 1301 6484 1353 2894 2620 5131 1590 870 274 1296 744 1222 431 1900 1111 1794 1195 1187 803 1033 562 419 241 479 996 924 126 366 761 434 310 347 599 191 530 122 169
internal_count=16652 4187 12465 10565 9378 2891 1301 6484 1353 2894 2620 5131 1590 870 274 1296 744 1222 431 1900 1111 1794 1195 1187 803 1033 562 419 241 479 996 924 126 366 761 434 310 347 599 191 530 122 169
is_linear=0
shrinkage=0.02


Tree=11
num_leaves=46
num_cat=0
split_feature=49 35 49 38 38 37 37 31 43 34 35 17 47 10 34 35 49 53 9 45 34 47 9 30 8 43 53 41 30 53 15 23 40 13 9 41 30 20 47 35 34 40 30 40 17
split_gain=86.2451 69.2123 52.3714 25.112 37.493 26.1325 16.9608 10.7863 10.2808 9.90798 9.29052 8.72524 8.08359 7.30873 6.83069 5.86897 5.35693 4.55406 3.7784 3.75907 3.56042 3.2842 2.59569 2.59512 2.48039 2.43803 2.88394 2.03271 1.66743 1.62593 1.6056 1.6027 1.50968 1.45023 1.26625 0.885373 0.876006 0.859224 0.841077 1.17878 0.74713 0.732444 0.569085 0.374583 0.171131
threshold=30.645000457763675 0.32863776385784155 45.494998931884773 -0.19192274659872052 -0.020506440661847588 0.02212188579142094 0.01789745315909386 2.6346358060836796 -0.23369316011667249 0.15052194893360141 0.092079173773527159 1.2889763712882998 0.71515038609504711 0.025042167864739898 0.09154869988560678 0.15824506431818011 13.34500026702881 0.95476597547531139 0.035848073661327369 0.33400586247444158 -0.049584565684199326 0.91434335708618175 0.034256292507052429 -0.035416172817349427 0.026814082637429241 -0.083221878856420503 1.0395900607109072 0.39281076192855841 0.36475528776645666 0.95476597547531139 0.78448277711868297 0.21292053908109668 0.87712702155113231 -0.11065552011132239 0.025059097446501259 0.55662253499031078 -0.26990057528018946 0.57354694604873668 0.27622890472412115 0.45124118030071264 0.0079674567095935362 0.95940569043159496 0.066248506307601943 1.1363460421562197 0.17486921697854999
decision_type=8 2 10 2 2 2 2 2 2 2 2 2 2 2 2 2 10 8 2 2 2 2 2 2 2 2 10 2 2 10 2 2 2 2 2 2 2 2 2 2 2 2 2 2 2
left_child=1 6 3 5 7 20 11 8 -5 10 -6 14 19 -9 17 28 27 -1 25 -7 30 -22 34 -11 -16 40 33 -3 32 -24 -2 42 -8 -27 -18 -28 -33 -36 -29 -40 43 -31 -17 -4 -42
right_child=2 16 18 4 9 12 15 13 -10 23 -12 -13 -14 -15 24 31 22 -19 -20 -21 21 -23 29 -25 -26 26 35 38 -30 41 -32 36 -34 -35 37 -37 -38 -39 39 -41 44 -43 -44 -45 -46
leaf_value=0.0092018791156238608 -0.0020504823763891761 -0.0052671103196137627 -0.0041425490547810587 -0.00046672502898391144 0.0015636348681211585 -0.0020954754358714386 0.0065825717172364852 0.00045642274214415668 0.0017396204864176476 0.0033519141834805768 -0.0024129747396247569 -0.00050139312706887716 0.0076061784239816613 -0.0073461134230679613 0.0052286304776056136 0.0040335699779140508 0.0029450013463396623 0.0062299831913893121 -0.0074705064684152615 0.0028788901450443856 -0.0029678829712560546 -0.0061986053223516925 -0.0045394726993064531 -5.8399535980242944e-05 0.00091346865846405202 -0.0029178612396725131 -0.0048853265488790851 -0.00043223905683525152 0.0016972772675292458 -0.0022439393802901335 0.00046207467027944104 0.0024041797094047071 0.0039325587761549164 -0.00096974361570548596 0.0010380717168218363 -0.003122204307497661 -0.0002215807337016831 -0.0007894957669094489 -0.0015124759095029509 -0.0046323106935846486 -0.0060073472541617547 0.00039775029326135172 0.0016022855608506413 -0.0022012502202845138 -0.0046516678590075274
leaf_weight=440 312 112 219 1030 259 94 149 94 4650 165 2327 67 104 94 170 79 80 467 107 160 1583 138 63 189 80 367 293 90 82 73 148 62 270 271 230 238 229 181 129 81 144 91 89 66 213
leaf_count=440 312 112 219 1030 259 94 149 94 4650 165 2327 67 104 94 170 79 80 467 107 160 1583 138 63 189 80 367 293 90 82 73 148 62 270 271 230 238 229 181 129 81 144 91 89 66 213
internal_value=-4.21585e-05 0.00284228 -0.000763334 -0.000246164 0.000259037 -0.00199738 0.00491917 0.0011826 0.00133932 -0.0015833 -0.00201296 0.00648068 0.0029913 -0.00349372 0.00688612 0.00291323 -0.00117334 0.00769838 -0.00381726 0.00103112 -0.00281969 -0.00323786 -0.000125822 0.00154316 0.00387894 -0.00358886 -0.0030263 -0.00298235 0.00440557 -0.00188155 -0.00124218 0.00126413 0.00491739 -0.00210034 0.000690362 -0.00411893 0.000353282 0.000230926 -0.00208237 -0.00276883 -0.00459283 -0.000791323 0.00280212 -0.00372407 -0.00524678
internal_weight=16579 3314 13265 11347 8808 2539 2184 5868 5680 2940 2586 1224 358 188 1157 960 1130 907 1918 254 2181 1721 718 354 250 1811 1169 412 501 227 460 459 419 638 491 531 291 411 300 210 642 164 168 285 357
internal_count=16579 3314 13265 11347 8808 2539 2184 5868 5680 2940 2586 1224 358 188 1157 960 1130 907 1918 254 2181 1721 718 354 250 1811 1169 412 501 227 460 459 419 638 491 531 291 411 300 210 642 164 168 285 357
is_linear=0
shrinkage=0.02


Tree=12
num_leaves=47
num_cat=0
split_feature=49 35 49 36 38 36 40 34 38 5 19 43 35 40 9 20 38 9 46 52 35 44 30 36 4 38 5 36 53 41 40 4 44 41 50 43 50 53 34 41 17 30 7 40 29 39
split_gain=83.1081 65.0257 46.7423 33.0759 21.5047 16.3512 12.8676 10.9817 11.1536 10.3469 10.193 7.78496 6.41525 6.1802 6.10248 5.08422 4.42327 3.71541 3.21193 2.80502 2.80438 2.63781 2.49342 2.45636 4.03898 2.34496 2.24078 2.03972 2.00998 1.74883 3.16752 1.99545 1.27066 1.21808 1.1666 1.01476 1.01189 0.910214 0.808315 0.558951 0.477242 0.601245 0.454676 0.449658 0.431051 0.404356
threshold=44.45000076293946 0.32863776385784155 45.494998931884773 -0.15029136836528775 -0.020506440661847588 0.40338355302810674 0.73103401064872753 0.12423457950353624 -0.080297175794839845 0.2589025497436524 0.085076734423637404 0.47953975200653082 0.092079173773527159 0.74747607111930858 0.039834266528487212 0.64474865794181835 -0.16271708160638806 0.033384447917342193 0.66954022645950328 0.79499998688697826 0.17873603105545047 0.03057082183659077 -0.030462882481515404 0.17942246049642566 0.011235242243856193 -0.22234245389699933 0.33981892466545111 0.49583345651626592 0.83660978078842174 0.68994840979576122 1.1932340860366824 -0.35805916786193842 0.029713364318013195 0.60244524478912365 1.4300000071525576 0.41160325706005102 0.26000000536441809 1.0395900607109072 0.18693977594375613 0.38498005270957952 0.53362634778022777 0.01376144587993622 -0.0054775082971900693 1.0507026314735415 0.071653388440608992 0.88556534051895153
decision_type=8 2 10 2 2 2 2 2 2 2 2 2 2 2 2 2 2 2 2 10 2 2 2 2 2 2 2 2 10 2 2 2 2 2 10 2 10 10 2 2 2 2 2 2 2 2
left_child=1 5 3 25 6 7 18 8 16 -8 12 19 -6 -10 -12 27 -1 23 -5 32 34 36 -22 24 -4 29 -21 40 -29 30 -2 -31 -7 -25 -9 -23 44 -26 -30 -19 -3 -42 -27 -35 -17 -38
right_child=2 15 17 4 10 11 9 20 13 -11 14 -13 -14 -15 -16 21 -18 39 -20 26 22 35 -24 33 37 42 -28 28 38 31 -32 -33 -34 43 -36 -37 45 -39 -40 -41 41 -43 -44 -45 -46 -47
leaf_value=0.0060806197494649421 -0.003143250474675301 -0.0005411118560013934 -0.0042048322791158124 -0.00039451688977370071 0.0010996078556798623 0.0041252661009943134 0.00035712937109031373 0.0049811489807455233 0.0021318764342096353 0.0021357444181041223 0.00011915905591146612 -0.0043690587878360276 -0.003116786652343051 0.008734883992109822 -0.0048795193772230832 -0.0041472920486280186 0.0029753891613009016 -0.0052567502565185236 -0.0026345373768260185 -0.0019775459737516941 0.0034087226394730712 -0.0031766969965598018 -0.0015017839358705612 -0.0051280905528520524 -0.0013792728837560522 -0.0070069405517975492 0.0019928243034885839 0.0018550945222377776 -0.0012120682764480389 -0.00048670374220773977 -0.0074187100453347692 -0.0034541666541974677 0.0013491477395000404 -0.0039435375250494956 0.002225373465624271 -0.0063952428830580579 0.00063173128585261638 -0.0032106877669711175 -0.0036506976144388315 -0.0085546129909845493 0.0026694076607084792 0.00057696127009909334 -0.0044560530770411892 -0.0019480699933053034 -0.0018471919510431667 -0.0014191367391910819
leaf_weight=349 583 62 521 646 162 394 3090 136 66 2270 1398 67 1207 564 102 63 412 72 424 62 64 94 105 420 488 72 467 78 407 190 79 174 85 129 129 87 64 143 62 62 89 146 103 89 88 87
leaf_count=349 583 62 521 646 162 394 3090 136 66 2270 1398 67 1207 564 102 63 412 72 424 62 64 94 105 420 488 72 467 78 407 190 79 174 85 129 129 87 64 143 62 62 89 146 103 89 88 87
internal_value=-3.61302e-05 0.00238521 -0.000860398 -0.000334722 6.9004e-05 0.004062 0.000711512 0.00521459 0.00608174 0.00111135 -0.00136988 0.00209528 -0.0026158 0.0080581 -0.000229147 -0.00127934 0.00441906 -0.0037237 -0.00128797 0.00253763 0.00241034 -0.00290931 0.000379022 -0.00347087 -0.00290157 -0.00345387 0.00151708 -0.000338371 -0.00106178 -0.00306958 -0.00368613 -0.00192458 0.00364617 -0.00447886 0.00368332 -0.00480821 -0.00173184 -0.00180912 -0.00155772 -0.00694384 0.000987935 0.00139728 -0.00561159 -0.0031709 -0.00287543 -0.000548028
internal_weight=16651 4227 12424 10500 9299 2900 6430 1825 1391 5360 2869 1075 1369 630 1500 1327 761 1924 1070 1008 434 483 169 1790 1152 1201 529 844 547 1026 662 364 479 638 265 181 302 631 469 134 297 235 175 218 151 151
internal_count=16651 4227 12424 10500 9299 2900 6430 1825 1391 5360 2869 1075 1369 630 1500 1327 761 1924 1070 1008 434 483 169 1790 1152 1201 529 844 547 1026 662 364 479 638 265 181 302 631 469 134 297 235 175 218 151 151
is_linear=0
shrinkage=0.02


Tree=13
num_leaves=34
num_cat=0
split_feature=36 38 31 53 53 35 44 52 34 37 36 40 38 35 34 34 37 37 35 40 37 47 38 47 12 16 18 2 24 37 7 10 45
split_gain=35.3609 40.8622 27.8439 19.8935 14.425 13.2566 12.0395 11.7641 9.39176 11.6932 11.4089 8.9857 8.79147 8.44162 7.03788 6.82273 4.46945 4.7856 2.8625 2.67248 2.3873 1.69605 1.62215 1.63052 1.36619 1.28608 1.20998 0.726388 0.692658 0.641591 0.57139 0.40932 0.288579
threshold=-0.15029136836528775 -0.03130389750003814 0.39301250874996191 0.69493454694747936 1.5798761844635012 0.092079173773527159 0.035821383818984039 1.2149999737739565 0.15052194893360141 0.0092744557186961191 0.14776464551687243 0.47830072045326238 -0.15965584665536878 -0.13617158681154248 -0.081826973706483827 -0.08687326684594153 0.014374061953276398 0.013548228424042465 -0.14145146310329434 0.95006540417671215 0.010383882094174625 0.67663240432739269 -0.31285181641578669 0.90517240762710582 -0.21049966663122174 0.021368629299104217 -0.054680015891790383 -0.0051293978467583648 30.854888916015629 0.014945545233786108 -0.0044372940901666871 0.010718357749283315 0.50531914830207836
decision_type=2 2 2 8 10 2 2 8 2 2 2 2 2 2 2 2 2 2 2 2 2 2 2 2 2 2 2 2 2 2 2 2 2
left_child=18 2 7 20 6 16 11 25 10 -10 -7 -4 14 -8 -9 -14 17 -5 30 24 21 31 -20 26 -6 32 29 -21 -28 -24 -1 -3 -2
right_child=1 3 4 5 19 8 13 12 9 -11 -12 -13 15 -15 -16 -17 -18 -19 22 27 -22 -23 23 -25 -26 -27 28 -29 -30 -31 -32 -33 -34
leaf_value=-0.0069600755068966571 -0.0042883714303213827 0.0055443921232819918 -0.0034196569767397968 0.0016513267226089703 0.0091491929208327629 -0.00014151916617103806 0.0038872795949018626 0.0016385665644374967 0.0033690961440045837 -0.0012479213669985085 -0.0027001140850405332 0.0019288520028637845 -0.0035841489272517343 -0.0031385165905795489 -0.0021015017198534221 0.0012424702558108955 -0.0028389132068906394 0.0076610388612108572 -0.00045592870622371832 0.0046450324031014354 0.0074660551056895457 0.00021769443974139111 -0.0024901708595669613 -0.0058882801435124798 0.0055042852302954115 -0.0010145360723529992 -0.0034570394883673629 0.0021813014936265781 -0.0015084793053489801 0.00025728698349040415 -0.0043889925414042101 0.0029801689731467464 -0.0025305885122541118
leaf_weight=82 293 62 126 360 67 905 83 253 293 845 3049 5166 123 334 942 1670 69 60 101 102 68 60 62 80 194 73 595 111 93 69 118 70 65
leaf_count=82 293 62 126 360 67 905 83 253 293 845 3049 5166 123 334 942 1670 69 60 101 102 68 60 62 80 194 73 595 111 93 69 118 70 65
internal_value=-3.82747e-05 0.000218902 0.00102124 -0.00109973 0.00182184 -0.00135254 0.00154144 -0.000426633 -0.00165481 -5.25722e-05 -0.0021153 0.00179945 1.99277e-05 -0.00171994 -0.00130672 0.000905373 0.00178389 0.00256047 -0.00334105 0.00516601 0.00427659 0.00304437 -0.00288595 -0.00315542 0.00653707 -0.00350355 -0.00286674 0.00341387 -0.00320278 -0.00106221 -0.00553534 0.00428843 -0.00399567
internal_weight=16643 15443 9602 5841 6183 5581 5709 3419 5092 1138 3954 5292 2988 417 1195 1793 489 420 1200 474 260 192 1000 899 261 431 819 213 688 131 200 132 358
internal_count=16643 15443 9602 5841 6183 5581 5709 3419 5092 1138 3954 5292 2988 417 1195 1793 489 420 1200 474 260 192 1000 899 261 431 819 213 688 131 200 132 358
is_linear=0
shrinkage=0.02


Tree=14
num_leaves=43
num_cat=0
split_feature=49 36 49 36 38 34 40 38 43 53 13 34 26 34 39 53 33 30 46 44 38 53 36 4 17 37 38 11 40 35 8 38 41 41 53 11 40 12 11 39 30 7
split_gain=79.5316 61.104 45.4636 29.38 20.5946 12.6994 12.4924 10.8659 10.6375 10.5854 9.87012 9.73924 11.1787 7.07014 7.05262 4.70138 3.10081 3.00294 2.99437 2.82566 2.79721 2.27732 2.17246 3.44125 2.16484 2.09295 1.97768 1.6478 1.63407 1.57692 1.29747 1.2676 1.46708 1.17222 0.928912 0.879314 0.770472 0.754541 0.447108 0.360548 0.276784 0.252616
threshold=43.470001220703132 0.45839054882526403 45.494998931884773 -0.15029136836528775 -0.020506440661847588 0.11154261231422426 0.73103401064872753 -0.080297175794839845 0.52929198741912853 0.81161421537399303 -0.096650067716836915 0.037550894543528564 0.019002256914973262 0.033480638638138778 0.61433145403862011 1.0815555453300478 0.017361534759402279 -0.004211374092847108 0.66954022645950328 0.030813989229500297 -0.22234245389699933 1.2073665261268618 0.18458755314350131 0.0077663015108555564 0.33401496708393102 0.015613466966897251 -0.027618654072284695 0.020167168229818348 0.9547293782234193 0.23039570450782779 0.032564708963036544 -0.31995402276515955 0.68994840979576122 0.61032938957214367 1.0395900607109072 0.015366413164883854 0.85538518428802501 -0.14918881654739377 0.017483075149357322 1.0110270380973818 0.32927900552749639 -0.0054775082971900693
decision_type=8 2 10 2 2 2 2 2 2 10 2 2 2 2 2 10 2 2 2 2 2 10 2 2 2 2 2 2 2 2 2 2 2 2 10 2 2 2 2 2 2 2
left_child=1 5 3 20 6 7 18 15 9 30 -8 35 -13 27 -9 24 -16 29 -5 22 31 -15 23 38 -1 -19 -27 -11 -17 -7 36 -2 -33 40 -25 -6 -3 -21 -4 -35 -24 -22
right_child=2 8 19 4 11 17 10 14 -10 13 -12 12 -14 21 16 28 -18 25 -20 37 41 -23 33 34 -26 26 -28 -29 -30 -31 -32 32 -34 39 -36 -37 -38 -39 -40 -41 -42 -43
leaf_value=0.0003095426767310571 -0.00021337274546186401 0.0024757748719360399 -0.0033909656196116256 -0.00039813847917167822 -0.0037331600850295339 0.0059010490174402144 0.00066011380493735921 0.0017385577440867761 -0.0064421454543186901 0.0028162785629139227 0.0027400820992503801 -0.0024322042693704859 0.00018536704510359716 -0.0025789494942428065 0.0086579900454816835 0.0068244587178983712 0.0036815238452064941 0.0034397590430747401 -0.0025515044464659437 -0.0044652177916159703 -0.0067493688627327606 -0.00057514068165071517 -0.0044955414011910505 -0.0014559181127196622 0.0035124013051654728 0.0019401445457653149 -0.0013797474139228914 0.00043767563490006893 0.0041185704850260239 0.002294469395475385 0.0013317242955003905 -0.0036312280885793737 -0.0019468935994461159 -0.0043229758564441922 -0.0032523867966263859 -0.0064094362064384888 0.0053688815805181967 -0.0081075940416327538 -0.0047253603915257073 -0.0022877966234827359 -0.0059358646321434087 -0.004581970359296722
leaf_weight=102 70 64 257 668 119 90 4238 80 104 167 1162 1158 1488 509 532 251 63 96 421 60 74 414 281 490 526 124 162 379 174 118 76 597 341 60 155 121 134 67 270 129 138 98
leaf_count=102 70 64 257 668 119 90 4238 80 104 167 1162 1158 1488 509 532 251 63 96 421 60 74 414 281 490 526 124 162 379 174 118 76 597 341 60 155 121 134 67 270 129 138 98
internal_value=8.05841e-07 0.00239251 -0.000798844 -0.000284845 8.97981e-05 0.00455277 0.000714995 0.00541783 -0.000321074 5.40227e-05 0.00110915 -0.00131486 -0.000961271 -0.000620446 0.00740606 0.00412496 0.00815385 0.00200287 -0.00123625 -0.00363832 -0.00325488 -0.00168602 -0.00342027 -0.002899 0.00299772 0.000933185 6.13842e-05 0.00117843 0.00575561 0.00392146 0.00364123 -0.00283486 -0.00302813 -0.0044043 -0.00190223 -0.00514904 0.00448962 -0.00653723 -0.00409939 -0.00299654 -0.00501112 -0.00561989
internal_weight=16627 4165 12462 10555 9375 2318 6489 1728 1847 1743 5400 2886 2646 1469 675 1053 595 590 1089 1907 1180 923 1780 1172 628 382 286 546 425 208 274 1008 938 608 645 240 198 127 527 189 419 172
internal_count=16627 4165 12462 10555 9375 2318 6489 1728 1847 1743 5400 2886 2646 1469 675 1053 595 590 1089 1907 1180 923 1780 1172 628 382 286 546 425 208 274 1008 938 608 645 240 198 127 527 189 419 172
is_linear=0
shrinkage=0.02


Tree=15
num_leaves=47
num_cat=0
split_feature=49 35 49 36 38 40 8 34 36 31 35 34 9 38 36 36 39 31 9 20 5 38 36 4 16 41 9 44 40 36 47 38 11 41 53 40 41 40 53 52 26 1 30 7 40 17
split_gain=75.3159 64.3463 43.9766 30.6018 23.3372 11.8668 10.4748 9.34321 11.5414 8.86714 5.88097 5.37262 5.00945 4.92357 4.66477 3.52297 3.02481 2.95551 2.89349 2.57107 2.4795 2.18508 1.91932 3.65088 1.80288 1.76129 1.5776 1.5643 1.41515 1.38042 1.22379 1.21438 1.07295 1.01808 0.973964 0.916162 1.23722 0.79155 0.786061 0.678104 0.628896 0.589274 0.449544 0.42773 0.332084 0.314252
threshold=30.645000457763675 0.32863776385784155 45.494998931884773 -0.15029136836528775 -0.020506440661847588 0.75769370794296276 0.027791267260909084 0.15052194893360141 0.16796924173831942 2.6346358060836796 0.1127757951617241 0.1311215162277222 0.028942990116775039 -0.055085137486457818 0.67559540271759044 0.43149563670158392 0.90113741159439098 0.72004011273384105 0.034405285492539413 0.68399125337600719 1.2585517168045046 -0.22234245389699933 0.18458755314350131 0.011235242243856193 0.021493238396942619 0.41638135910034185 0.035011732950806625 0.028027215972542766 0.87712702155113231 0.36432640254497534 0.26724137365818029 -0.31995402276515955 0.019873327575623993 0.60244524478912365 1.0395900607109072 0.85755297541618358 0.73006850481033336 0.95940569043159496 1.0125167965888979 0.2950000017881394 0.020234830677509311 -0.0075501829851418725 -0.24961041659116742 -0.0044372940901666871 1.0553310513496401 0.15292645245790484
decision_type=8 2 10 2 2 2 2 2 2 2 2 2 2 2 2 2 2 2 2 2 2 2 2 2 2 2 2 2 2 2 2 2 2 2 10 2 2 2 10 10 2 2 2 2 2 2
left_child=1 6 3 21 5 16 11 8 -6 -7 24 13 29 40 19 -9 -5 -15 22 32 -14 26 23 45 41 -16 31 -21 -26 -12 -27 -2 38 42 -25 -13 -37 -34 -3 -32 -1 -8 -24 -23 -35 -4
right_child=2 14 18 4 7 9 10 15 -10 -11 12 35 20 17 25 -17 -18 -19 -20 27 -22 43 33 34 28 30 -28 -29 -30 -31 39 -33 37 44 -36 36 -38 -39 -40 -41 -42 -43 -44 -45 -46 -47
leaf_value=0.0031752628992956417 0 0.0024359544672123675 -0.0045369948072826573 -0.00051411787654951648 0.00050916797064940443 0.0012891990745348802 0.0078291443465475716 -3.3174235614807865e-06 -0.0025780175937341978 -0.0031272589546390514 0.0071403961577711419 0.002082482126267981 0.0014831280316232743 0.010736234072304798 -0.0049655052530246649 0.003948379136714468 -0.003101890124736874 0.0068514183336713663 -0.006508619538068772 -5.2615349735074407e-05 -0.0024978438227584486 -0.0064394914101509526 -0.0029284079471253791 -0.0013044966106077829 0.0057182590452322449 -7.5931908472498159e-05 -0.0054248220403264793 -0.0038667272211324495 0.0031728148872393136 0.0029239007568814686 -0.0038762407048740545 -0.0027867113944842876 -0.0024050223745671765 -0.0036940393123047377 -0.0031269721978367014 0.0055843127779556089 0.0020981999116379824 0.00037487402819144075 0.0004686807500321634 -0.001659460163401765 0.0057239727223228854 0.0046690636130515481 -0.0051131931589651226 -0.0040676720243611256 -0.0018954331638110387 -0.0033401445761943862
leaf_weight=62 67 123 297 1155 647 5629 91 223 1908 185 69 93 352 173 109 148 212 201 122 76 73 84 61 478 140 95 87 98 290 69 115 877 67 114 159 150 64 96 239 123 292 61 348 98 87 219
leaf_count=62 67 123 297 1155 647 5629 91 223 1908 185 69 93 352 173 109 148 212 201 122 76 73 84 61 478 140 95 87 98 290 69 115 877 67 114 159 150 64 96 239 123 292 61 348 98 87 219
internal_value=-1.54901e-05 0.00267536 -0.000692756 -0.000221298 0.00013921 0.000752727 0.00468737 -0.00136537 -0.00179618 0.00114696 0.00335227 0.00614945 0.00187686 0.00709334 -0.00117015 0.00158945 -0.000922084 0.00872219 -0.00351862 -0.00014898 0.000784286 -0.00321889 -0.00330044 -0.00280246 0.00476086 -0.00277094 -0.00284439 -0.00223557 0.00403775 0.00514631 -0.0020117 -0.00258909 0.000549454 -0.00422176 -0.00177349 0.00386096 0.00458977 -0.000784573 0.00115439 -0.00276966 0.00531082 0.00668232 -0.00481347 -0.00525444 -0.00295976 -0.0040532
internal_weight=16526 3321 13205 11320 10107 7181 2180 2926 2555 5814 1145 1035 563 728 1141 371 1367 374 1885 699 425 1213 1763 1153 582 442 1031 174 430 138 333 944 525 610 637 307 214 163 362 238 354 152 409 182 201 516
internal_count=16526 3321 13205 11320 10107 7181 2180 2926 2555 5814 1145 1035 563 728 1141 371 1367 374 1885 699 425 1213 1763 1153 582 442 1031 174 430 138 333 944 525 610 637 307 214 163 362 238 354 152 409 182 201 516
is_linear=0
shrinkage=0.02


Tree=16
num_leaves=44
num_cat=0
split_feature=49 35 49 36 38 37 40 34 26 5 40 35 49 36 53 54 47 37 35 44 41 30 45 34 17 39 40 41 47 38 24 11 31 12 48 17 45 42 32 49 44 41 45
split_gain=72.3876 60.4556 42.7693 27.248 22.6012 14.1923 9.65769 9.29596 9.22144 9.09361 7.82291 5.92952 5.36308 5.29764 3.66967 3.06721 3.0041 2.68925 2.33991 2.02419 1.79041 1.71949 1.65469 1.61129 1.56662 1.54237 1.53747 1.44829 1.43624 1.10781 0.946861 0.913514 0.868175 0.815339 0.899952 0.81316 0.835143 0.766318 0.730338 0.665105 0.641984 0.629905 0.26351
threshold=30.645000457763675 0.31873199343681341 46.930000305175788 -0.15029136836528775 -0.020506440661847588 0.017968263477087024 0.73103401064872753 0.037550894543528564 0.019751515239477161 0.20876629650592807 0.74411699175834667 0.12062104418873788 13.34500026702881 0.36432640254497534 0.95476597547531139 0.82875001430511486 0.61023476719856273 0.01577774249017239 -0.14145146310329434 0.030813989229500297 0.39281076192855841 0.061754040420055396 0.31474687159061437 0.00092124147340655338 0.4856575876474381 0.97331091761589061 0.95006540417671215 0.67511838674545299 0.48606015741825109 -0.12266897782683371 20.803450584411625 0.015366413164883854 1.6111433506011965 -0.18375467509031293 0.3706896454095841 1.0106361508369448 0.33400586247444158 0.054349372163414962 1.0267432332038882 17.065000534057621 0.024714822880923751 0.60660260915756237 0.52457812428474437
decision_type=8 2 10 2 2 2 2 2 2 2 2 2 10 2 8 10 2 2 2 2 2 2 2 2 2 2 2 2 2 2 2 2 2 2 2 2 2 2 2 10 2 2 2
left_child=1 5 3 18 6 10 16 31 -9 -8 -1 26 20 14 -12 22 -5 -17 38 23 -3 29 -14 33 27 -19 30 -20 -23 -13 -7 -6 -22 42 -35 36 -25 -24 -2 -15 -28 -34 -4
right_child=2 12 19 4 7 11 9 8 -10 -11 13 21 15 39 -16 17 -18 25 24 -21 32 28 37 35 -26 -27 40 -29 -30 -31 -32 -33 41 34 -36 -37 -38 -39 -40 -41 -42 -43 -44
leaf_value=0.0011271420318221094 -0.0061883289579744063 -0.0048769770116855703 -0.0039996565107746612 -0.00040032805047421403 -0.0034894524510018527 0.0068093104506316395 0.00020831033033643325 -0.0022529978891649184 6.2865939945630297e-05 0.0017479752960893758 0.0087903483954122359 0.0003482808636692472 0.0044944355595499686 0.0037090485516868268 0.0058938846558038785 -0.004405590973243537 -0.0027680214710332318 0.00086474050165686223 -0.0031316089754780656 -0.0063603631410126893 -0.00053795504118158029 0.0012983480185270308 0.0019878191089175421 -0.0046842903233358527 -0.0057511004149483945 -0.0013496978433962274 0.0038791584950091879 -0.0015054336627873107 -0.0017956268898765468 0.0033562870016073188 0.0041420568977217371 -0.0060524485661423415 -0.0035518574075505249 -0.0032193976649337809 -0.0012510000041983558 -0.0056677623589254803 -0.0032353264584858493 -0.00092372482030519433 -0.0033972128087497618 0.0061506417719778463 0.0015252562212107782 -0.0010298455878880552 -0.0024386794277272382
leaf_weight=119 115 117 185 849 125 112 2971 1284 1475 3176 415 75 70 246 368 68 285 249 551 105 115 132 82 274 62 248 120 384 105 147 155 142 129 160 238 115 533 60 80 68 87 63 88
leaf_count=119 115 117 185 849 125 112 2971 1284 1475 3176 415 75 70 246 368 68 285 249 551 105 115 132 82 274 62 248 120 384 105 147 155 142 129 160 238 115 533 60 80 68 87 63 88
internal_value=-1.50215e-05 0.0026091 -0.000681661 -0.000243646 8.76927e-05 0.00461554 0.000691524 -0.00136413 -0.00101582 0.00100444 0.00604 0.00274453 -0.000982827 0.0065675 0.00745801 5.3939e-06 -0.001002 -0.00076348 -0.00310253 -0.00364169 -0.00278344 0.0011103 0.00204123 -0.00345024 -0.00269334 -0.000239719 0.00430802 -0.00247176 -7.35447e-05 0.00236271 0.00532784 -0.00490835 -0.00194288 -0.00267523 -0.00206297 -0.00400268 -0.00374405 0.000757034 -0.00511713 0.00429416 0.00293052 -0.00275803 -0.00353208
internal_weight=16547 3350 13197 11499 10307 2149 7281 3026 2759 6147 1216 933 1201 1097 783 777 1134 565 1192 1698 424 459 212 1593 997 497 474 935 237 222 267 267 307 671 398 922 807 142 195 314 207 192 273
internal_count=16547 3350 13197 11499 10307 2149 7281 3026 2759 6147 1216 933 1201 1097 783 777 1134 565 1192 1698 424 459 212 1593 997 497 474 935 237 222 267 267 307 671 398 922 807 142 195 314 207 192 273
is_linear=0
shrinkage=0.02


Tree=17
num_leaves=47
num_cat=0
split_feature=49 36 49 36 38 34 40 53 19 31 5 9 37 41 31 16 40 9 41 30 9 39 38 47 11 20 40 45 36 13 50 30 36 46 41 41 41 41 39 24 10 45 40 30 26 40
split_gain=70.7291 49.9072 41.807 26.4114 21.6349 17.5435 9.94731 9.32661 9.20743 6.76353 6.38645 6.03347 5.33981 4.30788 3.61749 3.44047 3.26166 3.2383 3.09214 2.92923 3.15146 2.38661 1.96083 2.17043 2.3459 1.94585 1.9243 1.88589 1.87976 3.03211 1.69505 1.63883 1.22186 1.18713 1.16236 0.997987 0.950172 0.93763 0.912686 0.813954 0.759597 0.73068 0.630572 0.482623 0.429362 0.428975
threshold=30.645000457763675 0.45839054882526403 45.494998931884773 -0.15029136836528775 -0.020506440661847588 0.11154261231422426 0.81653419137001049 0.81161421537399303 0.068434603512287154 3.0905418395996098 0.2589025497436524 0.029439428821206096 0.018212300725281242 0.42706497013568884 0.73562517762184154 0.021970585919916633 0.74747607111930858 0.034839751198887832 0.39281076192855841 0.04159891605377198 0.032691905274987228 0.91508930921554577 -0.31285181641578669 0.86720469594001781 0.026147157885134224 0.42911097407341009 0.87131890654563915 0.76228907704353344 0.17942246049642566 -0.17289046943187711 -0.22999999672174451 0.27664326131343847 0.73602223396301281 0.73911070823669445 0.46921554207801824 0.7537844479084016 0.60244524478912365 0.66842865943908703 0.86268210411071788 26.352496147155765 0.011816014070063831 0.52457812428474437 0.94590416550636303 -0.26990057528018946 0.031064744107425216 1.0507026314735415
decision_type=8 2 10 2 2 2 2 10 2 2 2 2 2 2 2 2 2 2 2 2 2 2 2 2 2 2 2 2 2 2 10 2 2 2 2 2 2 2 2 2 2 2 2 2 2 2
left_child=1 5 3 22 6 11 13 27 15 -10 -8 14 18 -5 38 -6 -13 28 31 25 35 34 -2 24 -24 39 -18 40 29 41 -23 -9 -20 -16 -14 -21 43 -25 -1 -7 -3 -4 -31 -30 -22 -38
right_child=2 7 17 4 8 19 10 12 9 -11 -12 16 21 -15 33 -17 26 -19 32 20 44 30 23 37 -26 -27 -28 -29 36 42 -32 -33 -34 -35 -36 -37 45 -39 -40 -41 -42 -43 -44 -45 -46 -47
leaf_value=0.0067868617506821952 -0.00028919391669378634 0.0051480513139183382 -0.0040480103404486332 -0.0018073168846057242 -0.0017680768290592032 0.0060166953946567247 0.00048173678928391836 -0.0075931881186899856 -5.5495554606366735e-05 -0.0049744159506013002 0.0018710366304891743 0.00026553534994374457 0.00019724295988806295 0.00018016123005969089 0.004934899680626206 -0.0039514647548100218 0.0069636648840711501 -0.0066498570348910938 -0.0010214182052975095 0.0027418598369079719 -0.003130741524961195 0.0015054978264165643 -0.0032089114754633094 -0.0072436096530842289 0.00019657108253175084 0.00081127550370089369 0.0043697900277322619 -0.00032378466513067008 -0.0027256547533906993 -0.00057886714202184714 -0.0018929342684204406 -0.002996078817869226 -0.0035316730604640074 0.0074661320306132345 0.0030386975138064695 -5.5850970231600711e-05 -0.0036493329841925056 -0.0035152591765800025 0.010305391682755381 0.0029793996573257513 0.0026060296048258319 -0.0025123713063967359 -0.0020580113167799406 -0.0049378413481070112 -0.0007131223551332369 -0.0017167583133252645
leaf_weight=72 99 85 452 680 731 87 2750 64 1647 117 2558 64 114 1204 224 488 164 116 272 171 61 76 890 72 88 80 528 60 61 192 227 72 109 154 116 71 131 61 165 80 138 206 307 362 61 88
leaf_count=72 99 85 452 680 731 87 2750 64 1647 117 2558 64 114 1204 224 488 164 116 272 171 61 76 890 72 88 80 528 60 61 192 227 72 109 154 116 71 131 61 165 80 138 206 307 362 61 88
internal_value=-2.60349e-05 0.00258629 -0.000677664 -0.000217321 0.000115108 0.00459641 0.000709104 -0.000405363 -0.00131595 -0.000390208 0.00115213 0.00585139 -0.00127507 -0.00053839 0.00733936 -0.00265052 0.00461539 -0.00340934 -0.00271709 0.00176396 0.0006102 0.000129183 -0.00300694 -0.00324678 -0.0029018 0.00343251 0.00501337 0.00279748 -0.00318911 -0.00269034 -0.00103085 -0.00528381 -0.00176416 0.00601944 0.00165529 0.00192633 -0.00406975 -0.00565623 0.00933884 0.00464584 0.00363486 -0.00358235 -0.00149773 -0.00464262 -0.00197606 -0.00291097
internal_weight=16615 3315 13300 11385 10175 1982 7192 1333 2983 1764 5308 1371 1050 1884 615 1219 756 1915 517 611 364 533 1210 1111 978 247 692 283 1799 1157 303 136 381 378 230 242 642 133 237 167 223 658 499 423 122 219
internal_count=16615 3315 13300 11385 10175 1982 7192 1333 2983 1764 5308 1371 1050 1884 615 1219 756 1915 517 611 364 533 1210 1111 978 247 692 283 1799 1157 303 136 381 378 230 242 642 133 237 167 223 658 499 423 122 219
is_linear=0
shrinkage=0.02


Tree=18
num_leaves=46
num_cat=0
split_feature=49 35 49 36 38 37 34 31 17 17 26 38 36 35 36 53 44 43 38 43 36 44 13 50 34 38 31 34 24 29 11 30 5 49 25 41 34 19 7 35 24 11 2 44 41
split_gain=66.5712 54.4054 38.898 27.2243 19.6686 12.0609 9.9391 9.65053 10.4385 8.59066 8.53558 7.7306 5.90002 4.74747 4.72178 2.95123 2.6547 2.65292 2.30251 2.22651 2.5407 1.91911 1.56072 1.40366 1.37804 1.35498 1.43319 1.30475 1.27476 1.17057 1.00981 0.918684 0.916623 0.883247 0.777186 0.645615 0.616241 0.57934 0.504495 0.446812 0.435735 0.409776 0.388366 0.290821 0.123472
threshold=30.645000457763675 0.32863776385784155 45.494998931884773 -0.15029136836528775 -0.020506440661847588 0.017968263477087024 0.037550894543528564 0.42196588218212133 1.0761967301368716 1.2889763712882998 0.019002256914973262 -0.15965584665536878 0.36432640254497534 0.15679472684860232 0.67559540271759044 0.95476597547531139 0.030813989229500297 0.47953975200653082 -0.22381330281496045 -0.097939997911453233 0.17942246049642566 0.031341815367341049 -0.17289046943187711 0.32500000298023229 0.13727242499589923 -0.31995402276515955 0.84277966618537914 0.20527809113264087 18.914869308471683 0.065273027867078795 0.015366413164883854 0.2937943190336228 1.0423298478126528 17.065000534057621 21.071512222290043 0.59866145253181469 0.0044672058429569015 0.027879460714757446 -0.0054775082971900693 0.46487662196159368 36.669912338256843 0.017208747565746311 0.17968909442424777 0.021989658474922184 0.41638135910034185
decision_type=8 2 10 2 2 2 2 2 2 2 2 2 2 2 2 8 2 2 2 2 2 2 2 10 2 2 2 2 2 2 2 2 2 10 2 2 2 2 2 2 2 2 2 2 2
left_child=1 5 3 18 7 9 30 11 -9 12 -8 -5 15 28 17 -1 19 24 25 36 22 23 -21 42 39 -2 -27 -26 -7 35 -6 -30 -22 -14 -31 -15 41 -18 -20 -3 -25 -4 -16 -38 -23
right_child=2 14 16 4 6 13 10 8 -10 -11 -12 -13 33 29 21 -17 37 -19 38 20 32 44 -24 40 27 26 -28 -29 31 34 -32 -33 -34 -35 -36 -37 43 -39 -40 -41 -42 -43 -44 -45 -46
leaf_value=0.0080824381585617583 -6.2392598042240399e-05 0.0022164990480290727 -0.0021604882945392588 -0.0013723790182290775 -0.003448985122763211 0.0058363539509823535 -0.0021989399609766806 0.0016317843992226593 -0.0022256327556267361 -0.0011408319550100716 6.6890121388695514e-05 0.00063111401061575123 0.0030752938769009041 0.0040150351016990729 -0.0019045410402386915 0.0055584321019940021 -0.0042236339454576081 -0.0038651171477395107 -0.0064834814611368068 -0.0029539362443406019 -0.0030701532744219252 -0.0056206406868166397 -0.0011094734202541704 0.00069316655718328719 -0.00086028168561265699 -0.0026656941681385588 -0.0058705840477246852 0.0020317354464613191 0.0039103277613871234 0.0010793459321276689 -0.0061626575339383651 0.0014351062013355524 -0.0051169746579038666 0.0056944378673246037 -0.0011177756274604084 0.0014040554966538205 -0.0041704210443253998 -0.007472644194672016 -0.0039713095887431073 0.0003542943231884884 -0.001482151090957676 -0.0040141876106931556 -0.0038636212275422951 -0.0057846895333858997 -0.0036401824855565789
leaf_weight=457 74 157 107 1238 120 120 1150 3675 301 69 1569 2028 252 64 97 384 60 61 79 315 286 60 455 80 325 880 60 74 280 192 140 84 149 73 93 104 260 68 102 80 63 121 91 98 61
leaf_count=457 74 157 107 1238 120 120 1150 3675 301 69 1569 2028 252 64 97 384 60 61 79 315 286 60 455 80 325 880 60 74 280 192 140 84 149 73 93 104 260 68 102 80 63 121 91 98 61
internal_value=-3.24221e-05 0.00249987 -0.00066357 -0.000220249 0.000113954 0.00435983 -0.00125309 0.000676712 0.00133805 0.00565902 -0.000892442 -0.000128581 0.00606417 0.00263378 -0.0010174 0.00695502 -0.00329588 1.56429e-05 -0.0030727 -0.00308586 -0.00257909 -0.00260219 -0.00187386 -0.00178121 0.000405818 -0.00268482 -0.00288935 -0.000310271 0.00400688 0.00114782 -0.00496762 0.00335825 -0.00380378 0.00371335 0.000354743 0.00245755 -0.00410779 -0.00608891 -0.00516105 0.00160436 -0.000269104 -0.00318793 -0.00290385 -0.00465949 -0.00474252
internal_weight=16656 3321 13335 11416 10221 2172 2979 7242 3976 1235 2719 3266 1166 937 1149 841 1919 697 1195 1791 1205 452 770 331 636 1014 940 399 484 453 260 364 435 325 285 168 586 128 181 237 143 228 188 358 121
internal_count=16656 3321 13335 11416 10221 2172 2979 7242 3976 1235 2719 3266 1166 937 1149 841 1919 697 1195 1791 1205 452 770 331 636 1014 940 399 484 453 260 364 435 325 285 168 586 128 181 237 143 228 188 358 121
is_linear=0
shrinkage=0.02


Tree=19
num_leaves=47
num_cat=0
split_feature=49 35 49 38 38 37 37 40 44 12 19 44 40 49 35 49 43 54 53 34 43 13 9 9 41 50 43 53 40 43 39 37 15 43 13 30 34 5 26 35 34 11 45 40 18 17
split_gain=66.2362 53.1454 38.9272 20.0116 26.5088 22.654 11.0353 9.85237 8.8978 8.62007 7.6454 7.05052 5.81267 5.64936 4.85828 4.51174 3.29555 3.28666 3.25431 3.23886 2.85402 2.77066 2.71493 2.44514 2.23691 2.0732 1.89037 2.48724 1.50593 1.41054 1.32042 1.31437 1.3053 1.18788 1.05132 0.98985 0.964901 0.790993 0.768115 0.687438 0.684301 0.638623 0.565089 0.51071 0.40238 0.197034
threshold=30.645000457763675 0.31873199343681341 45.494998931884773 -0.19192274659872052 -0.032211959362030022 0.021232314407825473 0.017968263477087024 1.3294330835342409 0.040998576208949096 -0.06512409076094626 0.060999071225523956 0.026215437799692157 0.74411699175834667 13.34500026702881 0.17873603105545047 16.000000476837162 0.45207285881042486 0.82875001430511486 0.95476597547531139 -0.049584565684199326 -0.13791943341493604 -0.12974049150943753 0.034561304375529296 0.034405285492539413 0.39281076192855841 -0.34499999880790705 -0.093021426349878297 1.0303152203559878 0.95006540417671215 -0.09545471146702765 0.90952736139297496 0.0097141880542039889 0.78448277711868297 -0.12680358439683911 -0.12974049150943753 -0.090835373848676668 0.063473571091890349 1.0423298478126528 0.032190889120101936 0.45124118030071264 0.0065214510541409263 0.017208747565746311 0.73275861144065868 0.85242393612861644 0.037444574758410461 0.27114871144294744
decision_type=8 2 10 2 2 2 2 2 2 2 2 2 2 10 2 10 2 10 8 2 2 2 2 2 2 10 2 10 2 2 2 2 2 2 2 2 2 2 2 2 2 2 2 2 2 2
left_child=1 6 3 5 8 19 12 10 9 -5 -6 20 -1 24 28 31 -10 29 -17 32 -7 -9 26 -21 -3 -19 40 34 33 -15 -27 -14 -2 -8 -28 38 -37 -29 -16 44 41 -4 -30 -31 -26 -42
right_child=2 13 22 4 7 11 14 21 16 -11 -12 -13 15 17 35 18 -18 25 -20 23 -22 -23 -24 -25 39 30 27 37 42 43 -32 -33 -34 -35 -36 36 -38 -39 -40 -41 45 -43 -44 -45 -46 -47
leaf_value=0.0013708324808788998 -0.0017728455982046372 -0.0050474551391166949 -0.001965816183306269 0.00072586343934887931 -0.0019912926750482612 -0.0018529567960754371 0.0027503599611371356 -0.0014143633907046785 -0.00096228028923117865 0.0025217874465536549 8.5833238209343418e-06 0.007226765094913613 0.0030591305029903943 0.0041592541807488111 0.0039539197633663807 0.0084755555959364782 -0.0070171396533833513 -0.0033313779110069742 0.0053653376045201739 -0.0027080006335334561 0.00257908666386391 -0.0056690255866075553 -0.0062273533463355962 -0.0055554504599836145 0.00024310661491044275 0.0011716458266649984 -0.0024286371389954545 -0.0030235411607361941 0.0032472379885798014 -0.00045805107490741649 -0.00099123869584069298 0.0053809486938384207 0.00045915910941698865 0.0056612023675215875 -0.00073600807180476712 0.0013832716961200773 -0.0010831353995170384 -0.0047394482426944013 0.00079673850633527933 -0.0029816916944489869 -0.00520692237777441 -0.004065959824642665 0.00097371946042403587 0.0019771727419892948 -0.0016593185623197722 -0.0039149871646840546
leaf_weight=118 323 117 120 3714 1275 86 90 88 81 1502 1901 103 173 86 60 366 64 94 256 1603 165 225 119 132 65 187 341 423 169 61 275 295 152 218 266 129 119 169 66 118 179 139 65 72 128 177
leaf_count=118 323 117 120 3714 1275 86 90 88 81 1502 1901 103 173 86 60 366 64 94 256 1603 165 225 119 132 65 187 341 423 169 61 275 295 152 218 266 129 119 169 66 118 179 139 65 72 128 177
internal_value=-4.14904e-05 0.00248192 -0.000670992 -0.000226052 0.000224734 -0.00178083 0.00438226 -0.00113138 0.00110763 0.00124436 -0.000795071 0.00289751 0.00563906 -0.000875015 0.00271074 0.00609518 -0.00372959 0.000144024 0.00722896 -0.00253358 0.00105265 -0.00450078 -0.00329334 -0.00293443 -0.00271072 -0.0006728 -0.00309035 -0.00261202 0.00391678 0.00220336 -0.000111724 0.00454974 -0.00105811 0.00484858 -0.0016958 0.000943027 0.000197009 -0.00353649 0.0023649 -0.00178861 -0.00400408 -0.00313039 0.00264024 0.000867446 -0.00101959 -0.00460545
internal_weight=16674 3327 13347 11414 8850 2564 2124 3489 5361 5216 3176 354 1208 1203 916 1090 145 775 622 2210 251 313 1933 1735 428 556 1814 1199 542 219 462 468 475 308 607 374 248 592 126 311 615 259 234 133 193 356
internal_count=16674 3327 13347 11414 8850 2564 2124 3489 5361 5216 3176 354 1208 1203 916 1090 145 775 622 2210 251 313 1933 1735 428 556 1814 1199 542 219 462 468 475 308 607 374 248 592 126 311 615 259 234 133 193 356
is_linear=0
shrinkage=0.02


Tree=20
num_leaves=47
num_cat=0
split_feature=49 35 49 36 38 37 40 40 19 13 31 40 35 20 36 30 9 36 38 36 44 36 4 53 40 13 34 38 31 30 9 20 41 50 1 52 53 44 9 38 30 36 40 22 4 4
split_gain=64.0774 51.1685 37.2919 23.764 19.8012 11.6204 9.98572 8.80203 7.87793 7.343 6.84885 5.43477 4.73997 4.45278 4.03179 2.97541 2.91908 2.4604 2.2632 2.20047 2.10284 1.52461 2.4419 1.46371 1.45099 1.65463 1.42971 1.30436 1.34889 1.19035 1.69635 1.14822 1.1031 1.05774 1.01592 0.974034 0.939576 0.888616 0.834311 0.809282 0.635547 0.547082 0.426276 0.405768 0.386095 0.378906
threshold=30.645000457763675 0.32863776385784155 45.494998931884773 -0.15029136836528775 -0.020506440661847588 0.017968263477087024 0.77302244305610668 1.3294330835342409 0.062265546992421157 -0.070544898509979234 0.85268515348434459 0.74411699175834667 0.15679472684860232 0.64474865794181835 0.16796924173831942 -0.14878009259700772 0.034839751198887832 0.39619734883308416 -0.22234245389699933 0.67559540271759044 0.031068117357790474 0.17942246049642566 0.0077663015108555564 1.0955706238746645 0.87712702155113231 -0.20282973349094388 0.09154869988560678 -0.33098186552524561 0.84277966618537914 -0.090835373848676668 0.035535234957933433 0.27429747581481939 0.60244524478912365 0.26000000536441809 -0.0556129403412342 0.32500000298023229 1.0395900607109072 0.021700693294405941 0.027355246245861057 -0.0029071081662550564 -0.25581681728363032 0.49583345651626592 1.0507026314735415 0.81104254722595226 0.80441981554031383 -0.15580455213785169
decision_type=8 2 10 2 2 2 2 2 2 2 2 2 2 2 2 2 2 2 2 2 2 2 2 8 2 2 2 2 2 2 2 2 2 10 2 10 10 2 2 2 2 2 2 2 2 2
left_child=1 5 3 18 6 10 15 8 -6 -8 23 -12 24 19 -9 -5 21 -13 27 38 33 22 45 26 25 -7 -1 -2 -29 34 -31 -26 40 44 -14 -22 -24 -21 43 -39 -23 -40 -34 -3 -15 -4
right_child=2 13 16 4 7 12 9 14 -10 -11 11 17 29 20 -16 -17 -18 -19 -20 37 35 32 36 -25 31 -27 -28 28 -30 30 -32 -33 42 -35 -36 -37 -38 39 41 -41 -42 -43 -44 -45 -46 -47
leaf_value=0.0090132823199821771 0.00035845015458171327 0.0029584363633993922 -0.0041567314630538863 0.0003408613017809909 -0.0023344304115707278 0.0032636959039821075 0.00073574857642272123 -0.00051900388627056624 -9.6955529194114442e-05 0.0026760610216141861 -0.0002389268720631346 0.0055720210801376733 0.00046030584847903811 -0.0038417539614651881 -0.0062990698042668805 -0.0014867249941801827 -0.0062049055538028483 0.0025697460582061048 -0.0049300777208070266 0.00036027581147879124 -0.0059605608368942208 -0.0022506020953268965 -0.0012411083720492886 0.0052287804353119876 0.0040713371698340396 0.0073466184720560749 0.0050558980807277653 -0.0024335972667980038 -0.0054442464745283791 0.0013638835846519414 -0.001794599516778206 0.0016358431129936232 -0.0032911342715271391 -0.00026731238716194846 0.0038067544433676328 -0.0024547503708127996 -0.0030411501729307377 -0.0011042362450611558 0.00088458005010138424 -0.0040663999936536846 -0.0046827365356417105 -0.00074634649755406972 -0.0013965338724264776 0.00073068342951592064 -0.001697419120785263 -0.0029343558104106583
leaf_weight=257 60 79 257 578 1003 88 4814 66 1685 930 89 576 61 67 187 919 122 146 179 60 83 60 481 105 194 88 60 911 64 214 96 141 127 136 93 63 156 86 192 68 378 139 90 61 87 263
leaf_count=257 60 79 257 578 1003 88 4814 66 1685 930 89 576 61 67 187 919 122 146 179 60 83 60 481 105 194 88 60 911 64 214 96 141 127 136 93 63 156 86 192 68 378 139 90 61 87 263
internal_value=-2.17783e-05 0.00245896 -0.000641801 -0.000205575 0.000110006 0.00422395 0.000672163 -0.00127301 -0.00093389 0.00105131 0.00551521 0.00440677 0.00257808 -0.00101859 -0.00481888 -0.000781147 -0.00320742 0.00497944 -0.00284697 -9.34102e-06 -0.00259104 -0.00299513 -0.00254183 0.0075969 0.00390302 0.00539966 0.0083218 -0.00247253 -0.00264834 0.00110108 0.000374752 0.00307282 -0.00377908 -0.00157286 0.00252171 -0.00453437 -0.00169569 -0.00167877 0.000752885 -0.00247128 -0.00436941 0.000196143 -0.00253966 0.00203046 -0.0026923 -0.00356078
internal_weight=16659 3329 13330 11396 10182 2208 7241 2941 2688 5744 1233 811 975 1121 253 1497 1934 722 1214 685 436 1812 1157 422 511 176 317 1035 975 464 310 335 655 290 154 146 637 214 471 154 438 331 217 140 154 520
internal_count=16659 3329 13330 11396 10182 2208 7241 2941 2688 5744 1233 811 975 1121 253 1497 1934 722 1214 685 436 1812 1157 422 511 176 317 1035 975 464 310 335 655 290 154 146 637 214 471 154 438 331 217 140 154 520
is_linear=0
shrinkage=0.02


Tree=21
num_leaves=45
num_cat=0
split_feature=49 35 49 36 38 37 31 40 36 34 20 38 36 36 31 35 9 34 20 35 53 43 36 37 44 41 40 20 40 20 41 11 47 41 44 4 40 34 11 53 32 3 41 17
split_gain=61.3575 48.0211 35.8325 23.3953 17.6624 11.0286 10.8741 11.9618 10.3969 12.1959 7.18739 6.46272 4.37641 4.35738 4.1417 3.94753 2.43613 1.94811 1.90791 1.84534 1.56786 1.55322 2.34774 1.39073 1.25187 1.18489 2.86903 1.65409 1.14259 1.22041 1.13368 1.10881 1.09459 1.01586 0.847244 0.719001 0.658493 0.652202 0.619041 0.608821 0.581706 0.553847 0.395428 0.184036
threshold=30.645000457763675 0.32863776385784155 45.494998931884773 -0.15029136836528775 -0.03130389750003814 0.017968263477087024 0.42196588218212133 0.49365605413913732 0.16796924173831942 0.15052194893360141 0.84609714150428783 -0.15965584665536878 0.087093695998191847 0.67559540271759044 0.85268515348434459 0.086282566189765944 0.034839751198887832 0.088762458413839354 0.68399125337600719 -0.14145146310329434 0.95476597547531139 -0.083221878856420503 0.17942246049642566 0.027813790366053585 0.028027215972542766 0.67318648099899303 1.1932340860366824 -0.095202144235372529 0.87886011600494396 0.27429747581481939 0.7959229350090028 0.019873327575623993 0.61023476719856273 0.55480119585990917 0.021700693294405941 0.0041871182620525369 0.95940569043159496 0.008980362210422756 0.018011008389294151 1.0125167965888979 1.0267432332038882 -0.011681051924824713 0.42706497013568884 0.20514381676912311
decision_type=8 2 10 2 2 2 2 2 2 2 2 2 2 2 2 2 2 2 2 2 8 2 2 2 2 2 2 2 2 2 2 2 2 2 2 2 2 2 2 10 2 2 2 2
left_child=1 5 3 19 6 10 11 -8 12 -10 14 -5 -6 18 20 28 21 -16 31 40 -1 37 35 34 -20 26 -21 -27 41 -30 32 39 -17 -24 -15 -23 -33 38 -4 -3 -2 -7 -36 -39
right_child=2 13 16 4 8 15 7 -9 9 -11 -12 -13 -14 23 17 30 -18 -19 24 25 -22 22 33 -25 -26 27 -28 -29 29 -31 -32 36 -34 -35 42 -37 -38 43 -40 -41 -42 -43 -44 -45
leaf_value=0.0083065975313884738 -0.0056710221240610153 0.0024407024006431475 -0.0020112957398004429 -0.0013013205412083641 -0.0008768059360187197 0.004098464267302147 -0.0039601458219245449 0.0016655535280330268 -0.0023243383097561916 0.0017969662199026201 -0.0012381843195507828 0.00057244892518520875 0.0018100925735234725 -0.0006549617923301413 0.0054146169595924122 0.0026634023139494012 -0.0060122907755211898 0.003001316405938178 0.00011563041952342307 -0.0025591051130880432 0.0054875273401479227 -0.0032569175520085637 -0.0045221537147448814 0.00014577066875731483 -0.0031966185783207112 -0.0010291091214058904 -0.0070678970512289266 -0.0045678595548961313 0.0044674862980266378 0.0014949470951508446 -0.00048701627717866582 -0.0021851596249747021 0.00074774709579486509 -0.0023753126441272642 -0.0042911682199989242 -0.0015504339728340769 0.00040978580786093594 -0.0051305832147485872 -0.0039751274925799076 0.00070040103819425106 -0.0031213812553151339 0.0072343077903229093 -0.0026814742934506354 -0.0038360756145013344
leaf_weight=273 110 126 145 1231 419 68 155 3557 2104 330 61 1822 567 61 547 291 114 198 84 546 156 121 258 71 95 331 62 61 136 101 95 64 209 156 114 623 91 142 140 230 78 60 213 196
leaf_count=273 110 126 145 1231 419 68 155 3557 2104 330 61 1822 567 61 547 291 114 198 84 546 156 121 258 71 95 331 62 61 136 101 95 64 209 156 114 623 91 142 140 230 78 60 213 196
internal_value=-1.59637e-05 0.00240388 -0.00062633 -0.000201633 0.000108393 0.00413614 0.000700585 0.00142737 -0.0010623 -0.00176364 0.00538707 -0.000183282 0.00066809 -0.000906637 0.00573444 0.00251406 -0.00317031 0.00478918 9.80512e-05 -0.00285398 0.00732902 -0.00297804 -0.00252833 -0.00240995 -0.00166049 -0.00249594 -0.00305297 -0.00161282 0.0041473 0.0032394 0.00149471 0.000722098 0.00187388 -0.00373851 -0.00287771 -0.00184127 -0.000676493 -0.00379621 -0.00301082 0.00133438 -0.00468407 0.00570803 -0.00327959 -0.00442321
internal_weight=16612 3344 13268 11373 10185 2195 6765 3712 3420 2434 1235 3053 986 1149 1174 960 1895 745 690 1188 429 1781 1158 459 179 1000 608 392 365 237 595 511 500 414 388 744 155 623 285 356 188 128 327 338
internal_count=16612 3344 13268 11373 10185 2195 6765 3712 3420 2434 1235 3053 986 1149 1174 960 1895 745 690 1188 429 1781 1158 459 179 1000 608 392 365 237 595 511 500 414 388 744 155 623 285 356 188 128 327 338
is_linear=0
shrinkage=0.02


end of trees

feature_importances:
universe58_loo_log_return_126=83
source_beta_universe58_252=73
universe58_loo_drawdown_252=68
tpp_day1_weighted_average=64
universe58_loo_log_return_60=62
source_correlation_universe58_60=54
universe58_loo_log_return_20=49
source_residual_momentum_126=37
source_realized_volatility_60=36
tpp_day1_rate_change_volatility_20=36
universe58_loo_realized_volatility_20=35
source_downside_volatility_60=32
source_momentum_12_1=30
source_distance_from_252_session_low=27
source_return_skewness_60=26
source_idiosyncratic_volatility_60=24
source_close_ma200_ratio=18
source_drawdown_from_252_session_peak=15
source_parkinson_volatility_20=15
source_log_return_126=13
source_beta_universe58_60=13
cross_section_volatility_60_percentile=13
source_log_return_252=12
cross_section_momentum_126_percentile=11
source_close_ma50_ratio=9
tpp_day1_rate_vs_ma20=9
cross_section_momentum_252_percentile=8
tpp_day1_rate_change_1_observed=8
tpp_day1_rate_change_20_observed=8
source_close_to_open_log_return=7
source_realized_volatility_20=7
source_volatility_ratio_20_60=7
source_downside_volatility_20=6
source_adx_14=6
source_max_daily_log_return_20=6
source_drawdown_from_60_session_peak=5
cross_section_return_dispersion=5
universe58_loo_log_return_1=5
source_log_return_60=4
source_ma5_ma20_ratio=4
cross_section_beta_60_percentile=4
source_log_return_5=3
cross_section_positive_return_breadth=3
source_residual_momentum_20=3
tpp_day1_rate_change_5_observed=3
source_log_return_20=2
source_bollinger_bandwidth_20=2
source_log_return_1=1
source_intraday_log_range=1
source_bollinger_pct_b_20=1
source_directional_index_spread_14=1

parameters:
[boosting: gbdt]
[objective: huber]
[metric: huber]
[tree_learner: serial]
[device_type: cpu]
[data_sample_strategy: bagging]
[data: ]
[valid: ]
[num_iterations: 22]
[learning_rate: 0.02]
[num_leaves: 47]
[num_threads: 12]
[seed: 61957]
[deterministic: 1]
[force_col_wise: 1]
[force_row_wise: 0]
[histogram_pool_size: -1]
[max_depth: 6]
[min_data_in_leaf: 60]
[min_sum_hessian_in_leaf: 0.001]
[bagging_fraction: 0.9]
[pos_bagging_fraction: 1]
[neg_bagging_fraction: 1]
[bagging_freq: 1]
[bagging_seed: 61957]
[bagging_by_query: 0]
[feature_fraction: 0.9]
[feature_fraction_bynode: 1]
[feature_fraction_seed: 61957]
[extra_trees: 0]
[extra_seed: 30568]
[early_stopping_round: 0]
[early_stopping_min_delta: 0]
[first_metric_only: 0]
[max_delta_step: 0]
[lambda_l1: 0.05]
[lambda_l2: 3]
[linear_lambda: 0]
[min_gain_to_split: 0]
[drop_rate: 0.1]
[max_drop: 50]
[skip_drop: 0.5]
[xgboost_dart_mode: 0]
[uniform_drop: 0]
[drop_seed: 26973]
[top_rate: 0.2]
[other_rate: 0.1]
[min_data_per_group: 100]
[max_cat_threshold: 32]
[cat_l2: 10]
[cat_smooth: 10]
[max_cat_to_onehot: 4]
[top_k: 20]
[monotone_constraints: ]
[monotone_constraints_method: basic]
[monotone_penalty: 0]
[feature_contri: ]
[forcedsplits_filename: ]
[refit_decay_rate: 0.9]
[cegb_tradeoff: 1]
[cegb_penalty_split: 0]
[cegb_penalty_feature_lazy: ]
[cegb_penalty_feature_coupled: ]
[path_smooth: 0]
[interaction_constraints: ]
[verbosity: -1]
[saved_feature_importance_type: 0]
[use_quantized_grad: 0]
[num_grad_quant_bins: 4]
[quant_train_renew_leaf: 0]
[stochastic_rounding: 1]
[linear_tree: 0]
[max_bin: 255]
[max_bin_by_feature: ]
[min_data_in_bin: 3]
[bin_construct_sample_cnt: 200000]
[data_random_seed: 61957]
[is_enable_sparse: 1]
[enable_bundle: 1]
[use_missing: 1]
[zero_as_missing: 0]
[feature_pre_filter: 1]
[pre_partition: 0]
[two_round: 0]
[header: 0]
[label_column: ]
[weight_column: ]
[group_column: ]
[ignore_column: ]
[categorical_feature: ]
[forcedbins_filename: ]
[precise_float_parser: 0]
[parser_config_file: ]
[objective_seed: 27406]
[num_class: 1]
[is_unbalance: 0]
[scale_pos_weight: 1]
[sigmoid: 1]
[boost_from_average: 1]
[reg_sqrt: 0]
[alpha: 0.9]
[fair_c: 1]
[poisson_max_delta_step: 0.7]
[tweedie_variance_power: 1.5]
[lambdarank_truncation_level: 30]
[lambdarank_norm: 1]
[label_gain: ]
[lambdarank_position_bias_regularization: 0]
[eval_at: ]
[multi_error_top_k: 1]
[auc_mu_weights: ]
[num_machines: 1]
[local_listen_port: 12400]
[time_out: 120]
[machine_list_filename: ]
[machines: ]
[gpu_platform_id: -1]
[gpu_device_id: -1]
[gpu_use_dp: 0]
[num_gpu: 1]

end of parameters

pandas_categorical:[]
