tree
version=v4
num_class=1
num_tree_per_iteration=1
label_index=0
max_feature_idx=48
objective=quantile
feature_names=source_log_return_1 source_log_return_5 source_log_return_20 source_log_return_60 source_log_return_126 source_log_return_252 source_intraday_log_range source_close_to_open_log_return source_realized_volatility_20 source_realized_volatility_60 source_downside_volatility_20 source_downside_volatility_60 source_drawdown_from_60_session_peak source_drawdown_from_252_session_peak cross_section_momentum_20_percentile cross_section_positive_return_breadth cross_section_return_dispersion source_momentum_12_1 source_ma5_ma20_ratio source_close_ma50_ratio source_close_ma200_ratio source_rsi_14 source_bollinger_pct_b_20 source_bollinger_bandwidth_20 source_adx_14 source_directional_index_spread_14 source_parkinson_volatility_20 source_overnight_gap_1 source_positive_day_ratio_20 source_max_daily_log_return_20 source_return_skewness_60 source_distance_from_252_session_low source_volatility_ratio_20_60 universe58_loo_log_return_1 universe58_loo_log_return_20 universe58_loo_log_return_60 universe58_loo_log_return_126 universe58_loo_realized_volatility_20 universe58_loo_drawdown_252 source_beta_universe58_60 source_beta_universe58_252 source_correlation_universe58_60 source_residual_momentum_20 source_residual_momentum_126 source_idiosyncratic_volatility_60 cross_section_momentum_126_percentile cross_section_momentum_252_percentile cross_section_volatility_60_percentile cross_section_beta_60_percentile
feature_infos=[-0.11604969203472137:0.182477205991745] [-0.54819971323013306:0.44636186957359314] [-1.1351611614227295:1.0206978321075439] [-1.1748896837234497:1.5560240745544434] [-1.0489567518234253:2.3170430660247803] [-1.092519998550415:2.9264204502105713] [0:0.27988538146018982] [-0.16868740320205688:0.25632256269454956] [0.0055763972923159599:0.11531444638967514] [0.0079651456326246262:0.088721774518489838] [0.00095409812638536096:0.092050075531005859] [0.0049325018189847469:0.063900329172611237] [-0.71968960762023926:0] [-0.71968960762023926:0] [0.017241379246115685:1] [0.017241379246115685:1] [0.0096504408866167068:0.043657612055540085] [-1.1019096374511719:2.8910765647888184] [-0.47595494985580444:0.52646303176879883] [-0.62940984964370728:1.3056344985961914] [-0.57781422138214111:3.874976634979248] [0:100] [-0.36075755953788757:1.4870842695236206] [0.022536909207701683:1.7820020914077759] [6.7111873626708984:84.119827270507812] [-54.177944183349609:71.899559020996094] [0.0063288267701864243:0.099167443811893463] [-0.22113896906375885:0.095378585159778595] [0.10000000149011612:0.89999997615814209] [0.005115102045238018:0.18252909183502197] [-3.2178730964660645:3.2514040470123291] [0:18.523586273193359] [0.28278514742851257:1.6446642875671387] [-0.092919811606407166:0.057573974132537842] [-0.39400303363800049:0.26549568772315979] [-0.32455301284790039:0.55794161558151245] [-0.14465788006782532:0.86915600299835205] [0.005578002892434597:0.041373930871486664] [-0.35748890042304993:0] [-0.96327811479568481:2.3354122638702393] [0.20776782929897308:1.7303366661071777] [-0.25081929564476013:0.94294917583465576] [-1.1516678333282471:1.0071370601654053] [-1.3436253070831299:1.9539748430252075] [0.0059593440964818001:0.072794802486896515] [0.017241379246115685:1] [0.017241379246115685:1] [0.017241379246115685:1] [0.017241379246115685:1]
tree_sizes=1268 1428 1517 1433 1526 1248 1525 1513 1527 1417 1514 1426 1524 1333 1251 1525 1518 1515 1528 1531 1526 1430 1332 1150 1528 1520 1342 1338 1152 1335 1242 1247 1241 1244 1530 1420 1521 1243 1435 1156 1431 1060 1162 1252 1422 1061 884 1520 1435 1433 880 1066 1245 1248 1514 879 1425 984 1152 1162 894 1347 1425 887 1157 886 977 887 1344 898 976 800 1524 885 978 975 1345 977 1342 891 1163 879 1334 1336 1532

Tree=0
num_leaves=13
num_cat=0
split_feature=34 34 30 35 35 35 16 16 16 9 26 31
split_gain=48.0872 66.1057 24.4411 23.9575 16.28 31.3266 14.9741 11.1716 24.9408 12.0565 8.93683 5.24855
threshold=0.13686104863882068 0.0094698136672377604 -0.51477009057998646 0.41625252366065985 0.22988625615835193 0.061098545789718635 0.013789892196655275 0.024139283224940303 0.021037297323346141 0.027418156154453758 0.016071674413979057 1.2945762872695925
decision_type=2 2 2 2 2 2 2 2 2 2 2 2
left_child=1 4 10 7 5 -1 -4 8 -2 -9 -3 -6
right_child=3 2 6 -5 11 -7 -8 9 -10 -11 -12 -13
leaf_value=0.52843953818082812 0.53112546354532242 0.52270340695977213 0.52759503722190859 0.5211002111434937 0.53546435534954073 0.52273243553936477 0.52091968953609469 0.53429768979549408 0.52152506224811079 0.53045547306537633 0.52841950654983516 0.5287032462656498
leaf_weight=2508 431 195 323 233 205 1354 4765 378 340 465 640 138
leaf_count=2508 431 195 323 233 205 1354 4765 378 340 465 640 138
internal_value=0.525051 0.524375 0.522673 0.528756 0.52677 0.526299 0.522023 0.529839 0.527626 0.531828 0.526625 0.531955
internal_weight=11975 10128 5923 1847 4205 3862 5088 1614 771 843 835 343
internal_count=11975 10128 5923 1847 4205 3862 5088 1614 771 843 835 343
is_linear=0
shrinkage=1


Tree=1
num_leaves=14
num_cat=0
split_feature=38 34 35 37 37 38 36 37 36 38 40 35 35
split_gain=61.8057 98.058 36.0924 49.6007 27.7092 26.3629 18.6721 15.0769 17.2978 12.0902 9.17049 8.30865 7.36991
threshold=-0.049168424680829041 0.14313192665576938 0.17641562968492511 0.0090176579542458075 0.013150781858712437 -0.12397275865077971 0.60071957111358654 0.0071191173046827325 0.22854358702898028 -0.05930406600236892 0.81102225184440624 0.15114388614892962 0.41625252366065985
decision_type=2 2 2 2 2 2 2 2 2 2 2 2 2
left_child=2 7 3 10 11 -5 9 -2 -9 -4 -1 -3 -6
right_child=1 4 6 5 12 -7 -8 8 -10 -11 -12 -13 -14
leaf_value=0.001650947760790586 0.0056130600720643992 0.00094640608876943593 0.011300828084349632 0.0031384076550602909 0.0019836580473929638 -0.0018656439799815405 -0.00048870304599404337 -0.0072862403839826593 -0.0034287987649440771 0.0025359822064638135 0.0077610443904995918 0.0072199810296297079 -0.0046461713314056409
leaf_weight=126 121 123 474 1985 391 2519 156 1513 3018 130 475 779 230
leaf_count=126 121 123 474 1985 391 2519 156 1513 3018 130 475 779 230
internal_value=1.60855e-05 -0.00172836 0.00185371 0.00109222 0.00376718 0.000187126 0.00691993 -0.00353097 -0.00376571 0.00889778 0.00780734 0.0065532 -0.000289537
internal_weight=12040 6175 5865 5105 1523 4504 760 4652 4531 604 601 902 621
internal_count=12040 6175 5865 5105 1523 4504 760 4652 4531 604 601 902 621
is_linear=0
shrinkage=0.025


Tree=2
num_leaves=15
num_cat=0
split_feature=38 34 35 37 36 37 36 26 31 37 35 35 43 35
split_gain=59.9402 97.3415 38.7653 43.0993 27.6546 24.5874 23.1345 15.3243 20.4268 8.96953 8.26695 6.51346 5.47297 3.64843
threshold=-0.049811685457825654 0.14313192665576938 0.17641562968492511 0.0090392800047993677 0.46091017127037054 0.012738287448883058 0.60921487212181102 0.01595163065940142 2.0736526250839238 0.016217829659581188 0.15114388614892962 0.41625252366065985 -0.065288782119750963 -0.021309540607035157
decision_type=2 2 2 2 2 2 2 2 2 2 2 2 2 2
left_child=2 7 3 13 -5 10 9 12 -9 -4 -3 -7 -2 -1
right_child=1 5 6 4 -6 11 -8 8 -10 -11 -12 -13 -14 -15
leaf_value=0.0035644879667088378 -0.0089867106862366215 0.0011942018801346433 0.0040086315628141177 0.00091098175861407124 -0.0067768698006402707 0.0021463051296304911 -0.00070299727609381135 -0.0025631273342296493 -0.0092134553231298932 0.011000180864706636 0.0070852827560156572 -0.0036463904827833183 -0.0025398651268333213 0.0069700807435438029
leaf_weight=125 461 123 120 4182 327 439 171 3168 759 491 717 214 256 501
leaf_count=125 461 123 120 4182 327 439 171 3168 759 491 717 214 256 501
internal_value=8.03342e-05 -0.0016495 0.00187542 0.00108098 0.000222918 0.00389269 0.00704416 -0.00343488 -0.00281186 0.00930398 0.00670858 0.000237462 -0.00679536 0.00720087
internal_weight=12054 6137 5917 5135 4509 1493 782 4644 3927 611 840 653 717 626
internal_count=12054 6137 5917 5135 4509 1493 782 4644 3927 611 840 653 717 626
is_linear=0
shrinkage=0.025


Tree=3
num_leaves=14
num_cat=0
split_feature=38 34 35 36 35 38 36 40 26 40 17 38 26
split_gain=65.2897 94.5844 43.7549 26.2204 21.9146 21.6513 20.242 15.9692 15.7737 13.886 10.5269 4.50899 1.15309
threshold=-0.050292382016777985 0.14313192665576938 0.17641562968492511 -0.017733156681060788 0.41625252366065985 -0.12397275865077971 0.6127799153327943 1.3517670631408694 0.015493782702833416 0.81870886683464061 0.95048654079437267 -0.062922082841396318 0.023376682773232463
decision_type=2 2 2 2 2 2 2 2 2 2 2 2 2
left_child=2 7 3 9 10 -5 11 8 -2 -1 -3 -4 -9
right_child=1 4 6 5 -6 -7 -8 12 -10 -11 -12 -13 -14
leaf_value=-0.00053602840856474272 -0.0074876413595862711 0.0058281373225618164 0.010748870679503307 0.0036262367764691608 -0.0043306018400937315 -0.0016339958842174374 -0.00087087921617785564 -0.015730453178775496 -0.0033597704940708352 0.0058470323967980218 -0.00037131343298533602 0.0057507708755787455 -0.0094417993896873664
leaf_weight=231 568 1087 445 1638 231 2489 153 173 3847 728 202 141 121
leaf_count=231 568 1087 445 1638 231 2489 153 173 3847 728 202 141 121
internal_value=-3.05788e-05 -0.00180963 0.00187071 0.00103983 0.00360246 0.000170922 0.00753528 -0.00355987 -0.00317449 0.00475233 0.00487345 0.00963409 -0.00917642
internal_weight=12054 6229 5825 5086 1520 4127 739 4709 4415 959 1289 586 294
internal_count=12054 6229 5825 5086 1520 4127 739 4709 4415 959 1289 586 294
is_linear=0
shrinkage=0.025


Tree=4
num_leaves=15
num_cat=0
split_feature=38 35 18 36 36 16 35 36 17 4 17 38 17 46
split_gain=56.2111 34.7683 32.3308 29.5446 21.6488 19.7065 21.2481 14.9654 14.2532 11.9842 13.7129 11.163 10.9302 2.40542
threshold=-0.049168424680829041 0.17641562968492511 0.037286896258592613 0.46091017127037054 -0.017733156681060788 0.024322375655174259 0.41086395084857946 0.60071957111358654 0.93004322052001964 0.23392909765243533 0.96617126464843761 -0.05930406600236892 -0.23439563065767285 0.67663240432739269
decision_type=2 2 2 2 2 2 2 2 2 2 2 2 2 2
left_child=1 3 9 4 -1 8 -7 11 -4 12 -11 -3 -2 -5
right_child=2 7 5 13 -6 6 -8 -9 -10 10 -12 -13 -14 -15
leaf_value=0.0044814460444793786 0.00051370494547794694 0.010248050698187437 -0.00048205959243874386 -0.0039907271826668143 0.00093711859558541781 0.0050377228219094117 -0.0039985034112463456 -2.2478114916885118e-05 -0.0072018256070435745 -0.00038101630849938232 -0.0072994891832649598 0.0023947723597439463 -0.0062884913161973229 -0.0084357103465153328
leaf_weight=963 204 484 1551 204 3820 796 194 153 228 1200 376 127 1643 122
leaf_count=963 204 484 1551 204 3820 796 194 153 228 1200 376 127 1643 122
internal_value=4.40141e-05 0.00179589 -0.00161671 0.00104737 0.00154684 0.00038978 0.0032098 0.0067539 -0.00118063 -0.00323986 -0.00162476 0.00849229 -0.00460651 -0.00617447
internal_weight=12065 5873 6192 5109 4783 2769 990 764 1779 3423 1576 611 1847 326
internal_count=12065 5873 6192 5109 4783 2769 990 764 1779 3423 1576 611 1847 326
is_linear=0
shrinkage=0.025


Tree=5
num_leaves=12
num_cat=0
split_feature=30 34 36 26 40 40 17 40 36 11 16
split_gain=42.5373 34.9626 43.8249 28.2165 18.7319 16.487 15.8056 15.7411 12.4403 7.18542 3.23618
threshold=-0.36818897724151606 0.14313192665576938 -0.017733156681060788 0.021115287207067016 1.2767330408096316 0.63807094097137462 0.95048654079437267 0.82111656665802013 0.23604474961757663 0.012573073618113996 0.027396334335207943
decision_type=2 2 2 2 2 2 2 2 2 2 2
left_child=4 2 7 -4 5 -1 9 -2 -7 -3 -8
right_child=1 6 3 -5 -6 8 10 -9 -10 -11 -12
leaf_value=-0.0047255549697767241 -0.0013946082536091281 0.0079863140462388266 -0.0044189854188385674 -0.0013135294527803947 -0.0079608277164262969 0.0022471414284285841 -0.0043839981848638994 0.0055283190762669106 0.0054788999993233712 0.0035112016897874063 0.0001962696126768332
leaf_weight=139 177 249 2537 4768 123 1003 137 595 1332 884 133
leaf_count=139 177 249 2537 4768 123 1003 137 595 1332 884 133
internal_value=4.65569e-06 -0.000771613 -0.00140513 -0.00200496 0.00283676 0.00331535 0.0028631 0.00423906 0.00381677 0.00415751 -0.00252273
internal_weight=12077 9480 8077 7305 2597 2474 1403 772 2335 1133 270
internal_count=12077 9480 8077 7305 2597 2474 1403 772 2335 1133 270
is_linear=0
shrinkage=0.025


Tree=6
num_leaves=15
num_cat=0
split_feature=38 34 38 35 30 17 41 35 20 38 17 9 30 30
split_gain=51.1743 65.0289 38.4565 29.1553 26.5968 21.2969 12.4013 10.7993 9.42174 9.35568 14.1035 7.96338 7.39977 4.3868
threshold=-0.11751413717865943 0.13686104863882068 -0.03209173493087291 -0.10675429180264472 -0.36818897724151606 0.93004322052001964 0.68383544683456432 0.41625252366065985 0.022580961696803573 -0.16299469769001004 0.36083213984966284 0.040137633681297309 -0.40120433270931238 -0.28543840348720545
decision_type=2 2 2 2 2 2 2 2 2 2 2 2 2 2
left_child=3 2 4 9 -2 7 -4 -3 12 10 -1 -10 -5 -11
right_child=1 5 6 8 -6 -7 -8 -9 11 13 -12 -13 -14 -15
leaf_value=-0.0021280633199965092 0.003611453281880539 0.0056275207926697714 -0.0034638764999151473 0.0070596404400836976 -0.0015511343509487796 -0.0024080226138607792 -0.0070399895356283914 -0.0018547133636652086 0.0080761052724602437 -0.00099963375441780859 0.0082893120914535757 0.0014375678765375099 0.0010637691433114688 -0.0061158780563941419
leaf_weight=319 1117 1255 2903 133 2955 312 763 158 862 129 286 174 499 201
leaf_count=319 1117 1255 2903 133 2955 312 763 158 862 129 286 174 499 201
internal_value=7.40411e-05 -0.0007796 -0.00175885 0.00317533 -8.43144e-05 0.00360188 -0.00361448 0.00490568 0.00515167 -0.000352394 0.00148566 0.00662224 0.00269819 -0.00371269
internal_weight=12066 9463 7738 2603 4072 1725 3666 1413 1668 935 605 1036 632 330
internal_count=12066 9463 7738 2603 4072 1725 3666 1413 1668 935 605 1036 632 330
is_linear=0
shrinkage=0.025


Tree=7
num_leaves=15
num_cat=0
split_feature=38 34 35 37 38 35 38 31 20 16 40 40 4 31
split_gain=56.5877 84.4163 33.6608 43.4893 27.7973 20.4465 14.5316 13.7972 28.8856 10.6294 9.33122 7.16957 4.24338 4.16635
threshold=-0.049168424680829041 0.14085444808006289 0.17641562968492511 0.0090392800047993677 -0.12397275865077971 0.38581290841102606 -0.075041260570287691 2.0736526250839238 0.24982262402772906 0.024560993537306789 0.81606030464172374 1.1333875656127932 0.40711972117424017 1.2615275979042055
decision_type=2 2 2 2 2 2 2 2 2 2 2 2 2 2
left_child=2 7 3 10 -5 9 13 8 -2 -3 -1 -9 -8 -4
right_child=1 5 6 4 -6 -7 12 11 -10 -11 -12 -13 -14 -15
leaf_value=0.00097731515417134591 -0.0048336934827975988 0.0020836424512833975 0.010322182048374576 0.0030233243603689734 -0.001902365476523743 -0.0030272090817835859 0.00480654477360698 -0.010066286510365525 0.00010311626453347877 0.0066901209069357538 0.0072822266458012824 -0.0022413221939608929 -0.00077692868780725741 0.0061721124172686853
leaf_weight=132 2444 630 344 1945 2509 268 129 558 1407 680 484 178 141 156
leaf_count=132 2444 630 344 1945 2509 268 129 558 1407 680 484 178 141 156
internal_value=1.92548e-05 -0.00165012 0.00178251 0.00103818 0.000172404 0.00332833 0.0066371 -0.00336591 -0.00275707 0.00461502 0.00723631 -0.00650304 0.00188636 0.00914604
internal_weight=12005 6165 5840 5070 4454 1578 770 4587 3851 1310 616 736 270 500
internal_count=12005 6165 5840 5070 4454 1578 770 4587 3851 1310 616 736 270 500
is_linear=0
shrinkage=0.025


Tree=8
num_leaves=15
num_cat=0
split_feature=38 35 37 16 37 36 37 36 26 31 16 38 40 43
split_gain=48.298 32.8323 39.4253 28.1935 27.5489 25.0521 24.9009 18.1669 17.4697 21.0625 10.4165 10.1958 8.74807 6.39397
threshold=-0.049168424680829041 0.17641562968492511 0.0090392800047993677 0.024322375655174259 0.014279137365520002 0.14181652665138247 0.014025243930518629 0.60921487212181102 0.015830273739993576 2.0736526250839238 0.028321133926510814 -0.05930406600236892 0.82366168498992931 -0.065288782119750963
decision_type=2 2 2 2 2 2 2 2 2 2 2 2 2 2
left_child=1 2 12 8 5 -5 -4 11 13 -10 -6 -3 -1 -2
right_child=3 7 6 4 10 -7 -8 -9 9 -11 -12 -13 -14 -15
leaf_value=0.00098340848821324984 -0.008272978027197125 0.0096181164421485429 -0.0025254111340714674 -0.0061381475564401926 -5.5397727698683347e-05 0.0046209854758730937 0.0015922309593249641 -0.00075064910467628342 -0.0013677457886411394 -0.0083680508920688946 -0.0057423908796018358 0.0023308632271577269 0.0072244944154640171 -0.0021552108175493675
leaf_weight=145 403 468 1433 138 481 945 3037 162 2987 630 373 134 477 238
leaf_count=145 403 468 1433 138 481 945 3037 162 2987 630 373 134 477 238
internal_value=-7.93174e-05 0.0015473 0.000817883 -0.00161794 0.000878605 0.00352137 -4.18994e-06 0.00636378 -0.00275481 -0.0020724 -0.00246653 0.00835049 0.0066886 -0.00654992
internal_weight=12051 5856 5092 6195 1937 1083 4470 764 4258 3617 854 602 622 641
internal_count=12051 5856 5092 6195 1937 1083 4470 764 4258 3617 854 602 622 641
is_linear=0
shrinkage=0.025


Tree=9
num_leaves=14
num_cat=0
split_feature=30 43 40 31 37 26 40 40 30 36 40 9 35
split_gain=39.1299 26.7434 29.57 26.0741 17.1571 13.5028 11.6934 8.12915 8.0221 7.73411 7.11959 1.86845 1.55367
threshold=-0.50432568788528431 -0.20277844369411466 0.62000468373298656 2.1181811094284062 0.018142022192478183 0.01595163065940142 1.1005965471267702 1.2381936311721804 0.75411295890808117 0.23604474961757663 0.73719319701194774 0.030165055766701702 0.17641562968492511
decision_type=2 2 2 2 2 2 2 2 2 2 2 2 2
left_child=4 5 8 -4 7 12 -7 10 -3 -6 -1 -11 -2
right_child=1 2 3 -5 9 6 -8 -9 -10 11 -12 -13 -14
leaf_value=-0.0031273638013194099 -0.0053066678372511861 -0.0054609912274566109 0.0013078259486732108 -0.0031410738134337816 0.0035109375718854006 -0.0045577577887263715 0.00037491419048898343 -0.0053184799859307304 0.00106770647515861 0.0067981365620037818 0.0026437038817859419 0.0087537109398505598 -0.010120388986797853
leaf_weight=142 201 557 5958 1449 233 971 688 121 126 255 924 263 134
leaf_count=142 201 557 5958 1449 233 971 688 121 126 255 924 263 134
internal_value=2.85815e-05 -0.000596566 4.24645e-05 0.000503407 0.00327779 -0.00318597 -0.00224234 0.00138947 -0.00491461 0.0062252 0.002095 0.00792304 -0.00773897
internal_weight=12022 10084 8090 7407 1938 1994 1659 1187 683 751 1066 518 335
internal_count=12022 10084 8090 7407 1938 1994 1659 1187 683 751 1066 518 335
is_linear=0
shrinkage=0.025


Tree=10
num_leaves=15
num_cat=0
split_feature=38 34 35 37 38 36 37 26 31 38 40 35 46 40
split_gain=45.3022 80.344 28.5304 37.1766 20.3275 17.1123 16.8226 15.9858 23.4927 10.1706 9.72383 8.2218 5.4365 4.48703
threshold=-0.049168424680829041 0.14313192665576938 0.17641562968492511 0.0090392800047993677 -0.12397275865077971 0.60071957111358654 0.012738287448883058 0.015830273739993576 2.0165818929672246 -0.05930406600236892 0.81102225184440624 0.15114388614892962 0.63811445236206066 0.84443899989128124
decision_type=2 2 2 2 2 2 2 2 2 2 2 2 2 2
left_child=2 7 3 10 -5 9 11 13 -9 -4 -1 -3 -8 -2
right_child=1 6 5 4 -6 -7 12 8 -10 -11 -12 -13 -14 -15
leaf_value=0.00054449179619668196 -0.0033225752028718681 -0.00018236506063200875 0.009309730697253259 0.0027358873811061182 -0.001637446093764014 -0.00066021239765932666 0.0025562388103558542 -0.00192817174755189 -0.008177509834461404 0.0018647536673512212 0.0065671487528547847 0.0064230040172445386 -0.0017798615483250451 -0.0088377150025016112
leaf_weight=128 312 123 466 1954 2537 161 425 3112 801 135 475 712 252 383
leaf_count=128 312 123 466 1954 2537 161 425 3112 801 135 475 712 252 383
internal_value=1.82581e-05 -0.00148469 0.00158996 0.000910718 0.000123721 0.00608703 0.0035061 -0.00312568 -0.00249649 0.00801361 0.00671258 0.00587054 0.000559018 -0.00661607
internal_weight=11976 6120 5856 5094 4491 762 1512 4608 3913 601 603 835 677 695
internal_count=11976 6120 5856 5094 4491 762 1512 4608 3913 601 603 835 677 695
is_linear=0
shrinkage=0.025


Tree=11
num_leaves=14
num_cat=0
split_feature=38 34 35 37 36 37 36 39 41 44 38 35 44
split_gain=45.0638 72.5249 35.3943 36.4942 21.1068 19.3661 15.9149 12.9789 11.4906 8.31583 7.90864 5.87632 2.4045
threshold=-0.049168424680829041 0.14313192665576938 0.17641562968492511 0.0090392800047993677 0.46091017127037054 0.01289518876001239 0.60921487212181102 0.34936037659645086 0.53644299507141124 0.023144875653088096 -0.05930406600236892 0.41625252366065985 0.013731686864048244
decision_type=2 2 2 2 2 2 2 2 2 2 2 2 2
left_child=2 7 3 12 -5 9 10 -2 -9 -3 -4 -7 -1
right_child=1 5 6 4 -6 11 -8 8 -10 -11 -12 -13 -14
leaf_value=0.0068399791264219445 -0.0083350913007794614 0.0065930764310175834 0.0091195404999061848 0.00064277339480585957 -0.0063347479105730631 0.0012112342001703318 -0.00040846394606668948 -0.0015468591856921796 -0.004480674818780543 0.0033390424028245437 0.0022883567919592062 -0.0036568202722656929 0.0040467458480108968
leaf_weight=274 233 581 490 4165 324 408 157 1908 2483 297 125 231 347
leaf_count=274 233 581 490 4165 324 408 157 1908 2483 297 125 231 347
internal_value=1.9226e-05 -0.00147759 0.00158294 0.00082478 3.47686e-05 0.00325641 0.00655566 -0.00303386 -0.0027198 0.00565544 0.00835685 -4.85248e-05 0.00647963
internal_weight=12023 6141 5882 5110 4489 1517 772 4624 4391 878 615 639 621
internal_count=12023 6141 5882 5110 4489 1517 772 4624 4391 878 615 639 621
is_linear=0
shrinkage=0.025


Tree=12
num_leaves=15
num_cat=0
split_feature=38 34 38 35 30 35 17 38 16 17 37 37 27 16
split_gain=42.9008 61.5855 32.3616 26.424 23.467 19.4816 13.5569 10.3884 9.97624 9.59646 8.70373 12.6717 6.63579 4.46693
threshold=-0.11751413717865943 0.14085444808006289 -0.03209173493087291 -0.10675429180264472 -0.36818897724151606 0.41625252366065985 -0.23439563065767285 -0.1893995255231857 0.024560993537306789 0.50247034430503856 0.0149881006218493 0.0090392800047993677 -0.0063223761972039929 0.022797210142016414
decision_type=2 2 2 2 2 2 2 2 2 2 2 2 2 2
left_child=3 2 4 7 -2 8 -4 9 -3 -1 11 -5 -12 -9
right_child=1 5 6 10 -6 -7 -8 13 -10 -11 12 -13 -14 -15
leaf_value=-0.00013790446066962725 0.0029984036310455476 0.0029476309004165912 0.0014527221334999551 0.0057035260614934193 -0.0014187689789317975 -0.003633020102990546 -0.0042301759492866702 0.0013537811847641537 0.0061674513680247019 0.010524051331184232 0.0023348628886294353 -0.00018801247072605388 0.0077558636734262228 -0.0041326914198219003
leaf_weight=277 1144 698 247 271 2939 222 3470 174 757 128 179 417 781 332
leaf_count=277 1144 698 247 271 2939 222 3470 174 757 128 179 417 781 332
internal_value=9.70642e-05 -0.000678259 -0.00161355 0.00296656 -7.49144e-05 0.00366008 -0.00329964 -0.000443504 0.00471318 0.00251524 0.00485103 0.00266053 0.00639249 -0.00282534
internal_weight=12036 9477 7800 2559 4083 1677 3717 911 1455 405 1648 688 960 506
internal_count=12036 9477 7800 2559 4083 1677 3717 911 1455 405 1648 688 960 506
is_linear=0
shrinkage=0.025


Tree=13
num_leaves=13
num_cat=0
split_feature=30 34 38 37 35 37 31 40 11 40 34 21
split_gain=39.7838 34.474 46.7761 35.3326 17.3194 16.1089 15.0135 9.26914 9.25872 7.58458 6.36964 2.26044
threshold=-0.48172117769718165 0.14227169752120974 -0.049811685457825654 0.0090392800047993677 0.41625252366065985 0.018142022192478183 2.0165818929672246 1.2381936311721804 0.012443906627595426 0.71992748975753795 -0.059732396155595772 60.600278854370124
decision_type=2 2 2 2 2 2 2 2 2 2 2 2
left_child=5 2 3 -2 8 7 -4 9 -3 -1 -7 -12
right_child=1 4 6 -5 -6 10 -8 -9 -10 -11 11 -13
leaf_value=-0.0033774368566228397 0.0051701622062013874 0.0074516702610059578 -0.0026378612403683251 -0.00032827771552847027 -0.0042906528669450902 0.0032128209947164077 -0.0077020541783933806 -0.0051852057106483891 0.0032635660809316376 0.0026768444077043458 0.0082488882266635293 0.0062619337085024797
leaf_weight=125 557 241 3427 3720 214 220 795 130 1091 975 386 171
leaf_count=125 557 241 3427 3720 214 220 795 130 1091 975 386 171
internal_value=0 -0.000642413 -0.00126779 0.000573622 0.00278449 0.00320887 -0.00313313 0.00141194 0.00384723 0.00216629 0.00601822 0.00743995
internal_weight=12052 10045 8499 4277 1546 2007 4222 1230 1332 1100 777 557
internal_count=12052 10045 8499 4277 1546 2007 4222 1230 1332 1100 777 557
is_linear=0
shrinkage=0.025


Tree=14
num_leaves=12
num_cat=0
split_feature=30 34 34 43 40 36 36 26 11 16 43
split_gain=33.532 30.909 27.0645 15.8453 13.2035 15.1928 12.7408 12.4301 11.4516 11.2904 8.11736
threshold=-0.36818897724151606 0.14227169752120974 0.0094698136672377604 -0.20925046503543851 1.2632256150245669 0.23604474961757663 0.04822350665926934 0.015121115371584894 0.0118633802048862 0.015366211067885162 0.37397277355194097
decision_type=2 2 2 2 2 2 2 2 2 2 2
left_child=4 2 9 -4 5 6 -1 -7 -3 -2 -10
right_child=1 8 3 -5 -6 7 -8 -9 10 -11 -12
leaf_value=0.0040192919586149482 0.0044380643026636747 0.008078739958136686 -0.0065411945048580696 -0.0021045250100888008 -0.0059996569084164895 -0.0023088444176935577 -0.0014275663249551332 0.005076307907762272 0.0025029714963295362 -7.9140155029455708e-05 -0.0030443158782780563
leaf_weight=303 465 207 908 3967 146 124 718 1233 1142 2666 126
leaf_count=303 465 207 908 3967 146 124 718 1233 1142 2666 126
internal_value=1.92548e-05 -0.00066216 -0.00127559 -0.00243981 0.0025776 0.00302927 0.000712719 0.00475863 0.00265625 0.000536113 0.00174293
internal_weight=12005 9481 8006 4875 2524 2378 1021 1357 1475 3131 1268
internal_count=12005 9481 8006 4875 2524 2378 1021 1357 1475 3131 1268
is_linear=0
shrinkage=0.025


Tree=15
num_leaves=15
num_cat=0
split_feature=38 34 38 35 30 35 9 17 17 38 34 43 41 34
split_gain=42.3826 46.6744 30.1869 25.1819 19.0987 17.1634 12.1092 11.8062 10.0818 8.95995 10.2357 7.03471 3.03794 2.4842
threshold=-0.1188991218805313 0.14085444808006289 -0.03209173493087291 -0.10675429180264472 -0.36818897724151606 0.41625252366065985 0.03770874813199044 -0.29306232929229731 0.90904042124748241 -0.15968190878629682 -0.042860193178057664 -0.15328992903232572 0.7163570523262025 -0.10126947239041327
decision_type=2 2 2 2 2 2 2 2 2 2 2 2 2 2
left_child=3 2 4 6 -2 8 11 -4 -3 13 -11 -1 -8 -5
right_child=1 5 7 9 -6 -7 12 -9 -10 10 -12 -13 -14 -15
leaf_value=-0.0064506509521081697 0.0028513567338047663 0.0048179817625209845 0.0016425245926916952 0.0057172048744136093 -0.001252522751078595 -0.0036409349686345781 0.0011842179960090558 -0.0039457120671279157 -0.00016969910717539312 -0.0001764386215106703 0.0050901541563363184 -0.00086225937234658129 0.0075843447557266686 0.010142715555925205
leaf_weight=178 1150 1193 169 172 2960 225 120 3503 262 324 875 464 149 225
leaf_count=178 1150 1193 169 172 2960 225 120 3503 262 324 875 464 149 225
internal_value=6.10698e-05 -0.000704421 -0.00152096 0.00294835 -4.70838e-05 0.00306751 -0.000361627 -0.00316664 0.0040625 0.00483682 0.00372197 -0.00223145 0.00403741 0.00810012
internal_weight=11969 9462 7782 2507 4110 1680 911 3672 1455 1596 1199 642 269 397
internal_count=11969 9462 7782 2507 4110 1680 911 3672 1455 1596 1199 642 269 397
is_linear=0
shrinkage=0.025


Tree=16
num_leaves=15
num_cat=0
split_feature=38 34 35 37 30 37 36 40 37 40 38 43 38 5
split_gain=40.0545 63.3198 34.0264 35.7889 21.7121 17.2516 16.3112 13.681 14.5758 9.11745 7.18022 6.10041 4.93303 2.34175
threshold=-0.049168424680829041 0.14313192665576938 0.17641562968492511 0.0090392800047993677 -0.35012269020080561 0.01289518876001239 0.60071957111358654 1.3517670631408694 0.015562216285616161 0.82366168498992931 -0.05930406600236892 0.29310585558414465 -0.01044075610116124 0.55036208033561718
decision_type=2 2 2 2 2 2 2 2 2 2 2 2 2 2
left_child=2 7 3 9 -5 11 10 8 -2 -1 -4 -3 -7 -9
right_child=1 5 6 4 -6 12 -8 13 -10 -11 -12 -13 -14 -15
leaf_value=0.00083591374343140875 -0.001617094278817355 0.0054323730045211047 0.0088483087816786064 0.0029876237566551431 -0.0012108528256121937 0.0044943513128360034 -0.00029086388682357799 -0.013766146157090287 -0.0054126467092329962 0.0064801509540800889 0.0022474645319759097 0.00053909217436838575 -0.0010499444305616112 -0.0099116499388138823
leaf_weight=134 3114 757 490 1340 3148 126 157 176 1239 479 129 120 499 120
leaf_count=134 3114 757 490 1340 3148 126 157 176 1239 479 129 120 499 120
internal_value=0.000153224 -0.00125589 0.00162891 0.00088254 0.000104329 0.00319758 0.00649008 -0.00269795 -0.00233622 0.00652306 0.00830329 0.00544926 9.92063e-06 -0.0078696
internal_weight=12028 6151 5877 5101 4488 1502 776 4649 4353 613 619 877 625 296
internal_count=12028 6151 5877 5101 4488 1502 776 4649 4353 613 619 877 625 296
is_linear=0
shrinkage=0.025


Tree=17
num_leaves=15
num_cat=0
split_feature=38 34 35 37 37 37 36 40 31 40 35 38 19 26
split_gain=40.8365 53.1158 31.7843 31.9817 22.8341 18.227 17.8078 13.0246 17.0599 9.41949 7.80443 6.24762 4.05911 3.75397
threshold=-0.050292382016777985 0.14313192665576938 0.17641562968492511 0.0090392800047993677 0.014025243930518629 0.01289518876001239 0.62076303362846386 1.3517670631408694 2.0322006940841679 0.81606030464172374 0.15114388614892962 -0.010762826073914765 0.14476735889911654 0.023538101464509967
decision_type=2 2 2 2 2 2 2 2 2 2 2 2 2 2
left_child=2 7 3 9 -5 10 12 8 -2 -1 -3 -7 -4 -9
right_child=1 5 6 4 -6 11 -8 13 -10 -11 -12 -13 -14 -15
leaf_value=0.00047891845351769047 -0.001825190544703599 -0.00047438087018581435 0.0079971663870664466 -0.0023392103667069205 0.001549673612427957 0.0047166075668603098 -0.0010652301561678539 -0.013590171429047558 -0.0073729664361800677 0.006039448408175746 0.0054736770619328232 -0.0015852435441628427 0.0055553669598861185 -0.0064259327193336062
leaf_weight=137 3616 125 454 1411 3035 124 137 175 720 505 750 497 152 120
leaf_count=137 3616 125 454 1411 3035 124 137 175 720 505 750 497 152 120
internal_value=0.000114415 -0.00130973 0.00161176 0.000901973 0.00014463 0.00277732 0.00642547 -0.00263293 -0.00227914 0.00609544 0.00509233 -0.000489217 0.00825491 -0.0076875
internal_weight=11958 6127 5831 5088 4446 1496 743 4631 4336 642 875 621 606 295
internal_count=11958 6127 5831 5088 4446 1496 743 4631 4336 642 875 621 606 295
is_linear=0
shrinkage=0.025


Tree=18
num_leaves=15
num_cat=0
split_feature=38 34 38 35 30 17 3 9 38 34 35 45 10 36
split_gain=38.8682 45.002 28.8098 23.1286 20.2947 17.3842 10.5151 9.4002 8.92257 9.76795 8.85191 7.11787 2.7087 2.1224
threshold=-0.11751413717865943 0.13686104863882068 -0.018054890446364876 -0.10675429180264472 -0.36818897724151606 0.95048654079437267 0.12334446236491205 0.044828424230217941 -0.15968190878629682 -0.042860193178057664 0.38581290841102606 0.20983126014471057 0.015194693114608528 0.40900233387947088
decision_type=2 2 2 2 2 2 2 2 2 2 2 2 2 2
left_child=3 2 4 7 -2 10 -4 11 13 -10 -3 -1 -7 -5
right_child=1 5 6 8 -6 12 -8 -9 9 -11 -12 -13 -14 -15
leaf_value=-0.006584224537323157 0.0022149471898013709 0.0049095389917860671 -0.0065027107341450651 0.0096451515106754128 -0.0014109535373398778 -1.0242266071919249e-05 -0.0023508431322404478 0.0097208520077909071 -9.3486243964596713e-05 0.0048401188175940793 -0.0011785290634075422 -0.00047347372455692208 -0.0050462956542793903 0.003676514503927883
leaf_weight=150 1256 1244 1078 283 3516 169 1891 135 341 870 190 623 153 129
leaf_count=150 1256 1244 1078 283 3516 169 1891 135 341 870 190 623 153 129
internal_value=6.18092e-05 -0.000671569 -0.0014919 0.00281201 -0.000286529 0.00293512 -0.00342342 -0.000376506 0.00459536 0.00347965 0.0041131 -0.00145405 -0.00227446 0.00777878
internal_weight=12028 9497 7741 2531 4772 1756 2969 908 1623 1211 1434 773 322 412
internal_count=12028 9497 7741 2531 4772 1756 2969 908 1623 1211 1434 773 322 412
is_linear=0
shrinkage=0.025


Tree=19
num_leaves=15
num_cat=0
split_feature=38 34 38 35 30 35 29 17 31 43 30 46 41 13
split_gain=38.0707 42.9621 23.4234 21.6744 20.5138 18.1073 13.4085 11.9878 9.76793 8.8737 7.06554 9.92753 4.99018 1.50739
threshold=-0.11751413717865943 0.14085444808006289 -0.03209173493087291 -0.077288068830966936 -0.38406533002853388 0.41625252366065985 0.078340675681829466 -0.29306232929229731 1.8632729053497317 -0.24806293845176694 -0.40120433270931238 0.26724137365818029 0.67548269033432018 -0.20185370743274686
decision_type=2 2 2 2 2 2 2 2 2 2 2 2 2 2
left_child=3 2 4 6 -2 8 9 -4 -3 -1 13 -12 -8 -5
right_child=1 5 7 10 -6 -7 12 -9 -10 -11 11 -13 -14 -15
leaf_value=-0.0069558826836539807 0.0027110991651379621 0.0047058170137711857 0.0020247694564608579 0.0068606415642840151 -0.0014228052442082418 -0.0035503935188663004 0.00041178329564177109 -0.0036794694888581366 0.00068980557723939825 -0.00041019041414193104 -0.00025192225476047272 0.0047888399744318499 0.010620874289378534 0.0061680875209931402
leaf_weight=125 1107 1071 163 181 2990 223 131 3519 396 685 272 854 172 135
leaf_count=125 1107 1071 163 181 2990 223 131 3519 396 685 272 854 172 135
internal_value=4.10466e-05 -0.000689387 -0.00147498 0.00274658 -0.000172172 0.00291667 0.000117397 -0.00292074 0.00392748 -0.00155675 0.00476417 0.00379642 0.00456575 0.00808022
internal_weight=12024 9469 7779 2555 4097 1690 1113 3682 1467 810 1442 1126 303 316
internal_count=12024 9469 7779 2555 4097 1690 1113 3682 1467 810 1442 1126 303 316
is_linear=0
shrinkage=0.025


Tree=20
num_leaves=15
num_cat=0
split_feature=30 38 17 20 5 37 35 36 35 16 26 15 44 38
split_gain=37.0289 25.7415 23.4395 27.2355 20.4354 15.4625 11.2806 7.33804 6.06973 5.85851 5.6947 3.8512 3.48613 3.0251
threshold=-0.49255208671092982 -0.1188991218805313 0.94311881065368663 0.20507263392210009 -0.007028312422335147 0.018142022192478183 -0.10675429180264472 0.23604474961757663 -0.026759064756333825 0.02408415358513594 0.013908700551837684 0.69827586412429821 0.019039795733988289 -0.090830907225608812
decision_type=2 2 2 2 2 2 2 2 2 2 2 2 2 2
left_child=5 4 3 -3 8 10 -6 12 -2 -4 -1 -12 -7 -9
right_child=1 2 9 -5 6 7 -8 13 -10 -11 11 -13 -14 -15
leaf_value=-0.0019746743193713363 -0.0059807328556029582 -0.0021226907931878483 -0.0061468700977894628 0.0012006188243073299 -8.8620118189995661e-05 -0.00035684574367136489 0.0044375015667886047 0.0077983777439223261 0.00046520738753068618 -0.0022929366716611431 0.0013571116063385994 0.0038741354274039936 0.0085757373855531397 0.0047606546319976049
leaf_weight=157 203 3460 750 3346 490 120 1153 362 125 522 822 212 120 166
leaf_count=157 203 3460 750 3346 490 120 1153 362 125 522 822 212 120 166
internal_value=4.52635e-05 -0.00056756 -0.00119309 -0.000608391 0.0019895 0.00318546 0.00312879 0.00594276 -0.00365991 -0.00430208 0.00138482 0.00206328 0.00221939 0.00758677
internal_weight=12008 10049 8078 6806 1971 1959 1643 768 328 1272 1191 1034 240 528
internal_count=12008 10049 8078 6806 1971 1959 1643 768 328 1272 1191 1034 240 528
is_linear=0
shrinkage=0.025


Tree=21
num_leaves=14
num_cat=0
split_feature=30 34 34 36 35 35 36 9 16 44 11 31 44
split_gain=30.8499 24.8576 29.7734 15.6224 13.5424 11.068 9.94218 8.492 8.47283 5.95278 4.88327 3.87894 3.41958
threshold=-0.50432568788528431 0.14085444808006289 0.0094698136672377604 0.0053636236116290101 0.41625252366065985 0.061098545789718635 0.23604474961757663 0.021440356038510803 0.024139283224940303 0.018901848234236244 0.015695456415414814 1.4838448166847231 0.026461020112037662
decision_type=2 2 2 2 2 2 2 2 2 2 2 2 2
left_child=6 2 5 -4 8 -2 9 -8 -3 10 -1 -9 -11
right_child=1 4 3 -5 -6 -7 7 11 -10 12 -12 -13 -14
leaf_value=0.0031060712446564806 0.0022714595855662964 0.0012891887854264957 0.0034524369917451505 -0.0028169511413655051 -0.00329968579762311 -0.0010458885962541368 -0.0017387556616607778 0.0051847469486978638 0.0049515246152614491 0.0045206963269353584 -0.0017735416071175875 0.0017458546223741865 -9.8524588302240101e-05
leaf_weight=130 2017 636 219 4910 234 1394 155 779 744 235 351 120 123
leaf_count=130 2017 636 219 4910 234 1394 155 779 744 235 351 120 123
internal_value=-1.08903e-05 -0.000558003 -0.0010964 -0.00229962 0.0022815 0.000711724 0.00291425 0.00452668 0.00322653 0.00086641 -0.000938786 0.00545492 0.00328857
internal_weight=12047 10154 8540 5129 1614 3411 1893 1054 1380 839 481 899 358
internal_count=12047 10154 8540 5129 1614 3411 1893 1054 1380 839 481 899 358
is_linear=0
shrinkage=0.025


Tree=22
num_leaves=13
num_cat=0
split_feature=38 34 35 40 36 36 40 35 39 38 5 30
split_gain=33.0656 47.5412 33.0525 22.9172 22.3727 15.3192 14.6995 14.3237 12.5294 7.70164 7.63129 2.37017
threshold=-0.049168424680829041 0.14085444808006289 0.17641562968492511 0.49287867546081549 0.46091017127037054 0.60071957111358654 1.3517670631408694 0.41625252366065985 0.34936037659645086 -0.05930406600236892 1.0586312413215639 0.22415971010923388
decision_type=2 2 2 2 2 2 2 2 2 2 2 2
left_child=2 6 3 -1 -5 9 8 10 -2 -4 -3 -8
right_child=1 7 5 4 -6 -7 11 -9 -10 -11 -12 -13
leaf_value=-0.0050546124876855629 -0.0072447656763008576 0.0040452202879888476 0.008119634345495768 0.0017104982190883939 -0.0059377309073569175 -0.000349266587576369 -0.013424452495778151 -0.0032411724795573765 -0.0020554604733693119 0.0016432941920720868 -0.00023738528559133777 -0.0098922710394119383
leaf_weight=204 223 1084 484 4601 292 152 145 234 4086 136 273 140
leaf_count=204 223 1084 484 4601 292 152 145 234 4086 136 273 140
internal_value=-9.84742e-06 -0.00128534 0.00133321 0.00059903 0.000945539 0.00613739 -0.00257529 0.00243186 -0.00220358 0.00787 0.00341869 -0.00803879
internal_weight=12054 6185 5869 5097 4893 772 4594 1591 4309 620 1357 285
internal_count=12054 6185 5869 5097 4893 772 4594 1591 4309 620 1357 285
is_linear=0
shrinkage=0.025


Tree=23
num_leaves=11
num_cat=0
split_feature=40 43 31 40 46 30 38 34 30 39
split_gain=32.8986 30.9284 36.2681 29.0127 21.2056 17.1096 13.1572 10.1107 6.42659 2.82995
threshold=0.62000468373298656 -0.20573949813842771 2.1967362165451054 1.3517670631408694 0.18103448301553729 -1.0065438747406004 -0.12114493548870085 0.17081402987241748 0.71102240681648265 0.3285996019840241
decision_type=2 2 2 2 2 2 2 2 2 2
left_child=4 5 3 -3 -1 -2 -4 -7 9 -6
right_child=1 2 6 -5 8 7 -8 -9 -10 -11
leaf_value=0.0049016479729054735 0.0048429303172108588 0.0022295102683432544 0.0026604317582859058 -0.0062876004274104585 -0.0060251546934053189 -0.003371028481893626 -0.004158681810161163 0.0033778152380448873 -0.0010085195818384074 -0.0065213079602058025
leaf_weight=122 175 7083 215 318 165 1953 1188 189 121 447
leaf_count=122 175 7083 215 318 165 1953 1188 189 121 447
internal_value=0.00011007 0.000474676 0.00115152 0.0018507 -0.00460029 -0.00209141 -0.00252575 -0.00271018 -0.00620766 -0.00724271
internal_weight=11976 11121 8804 7401 855 2317 1403 2142 733 612
internal_count=11976 11121 8804 7401 855 2317 1403 2142 733 612
is_linear=0
shrinkage=0.025


Tree=24
num_leaves=15
num_cat=0
split_feature=38 34 35 41 38 36 17 17 4 9 39 37 46 18
split_gain=29.2702 38.0493 21.1253 20.3346 18.1453 17.3994 15.9315 14.4557 8.12127 7.23792 6.27338 5.93683 3.09308 1.7719
threshold=-0.1188991218805313 0.14085444808006289 -0.077288068830966936 0.21283792704343799 -0.1893995255231857 0.43060451745986944 0.95048654079437267 0.2873129695653916 -0.24253133684396741 0.034171482548117645 0.63138848543167125 0.017602158710360531 0.54310345649719249 0.05853060074150563
decision_type=2 2 2 2 2 2 2 2 2 2 2 2 2 2
left_child=2 3 4 12 7 -5 9 -1 -4 -3 -10 -6 -2 -8
right_child=1 6 8 5 11 -7 13 -9 10 -11 -12 -13 -14 -15
leaf_value=-0.002141478218959264 -0.0046464832466843282 0.0043000607503109424 -0.00079279698884957147 -0.00061464388062858069 -0.0017201069451518948 -0.003381295482368775 -0.0043164452973122828 0.0090661831537204706 2.3043037968481508e-05 -0.00036907063353667781 0.0051579346656345894 -0.0058189465750616599 -0.0087709901613232649 -0.00025106639195891583
leaf_weight=203 120 1178 144 6320 507 1179 151 280 141 212 1127 122 220 162
leaf_count=203 120 1178 144 6320 507 1179 151 280 141 212 1127 122 220 162
internal_value=7.76655e-06 -0.000625196 0.00239966 -0.00136171 -0.000173456 -0.00108692 0.00275542 0.00344518 0.00442396 0.00390233 0.00506186 -0.00296727 -0.00730072 -0.00229953
internal_weight=12066 9542 2524 7839 1112 7499 1703 483 1412 1390 1268 629 340 313
internal_count=12066 9542 2524 7839 1112 7499 1703 483 1412 1390 1268 629 340 313
is_linear=0
shrinkage=0.025


Tree=25
num_leaves=15
num_cat=0
split_feature=38 35 37 18 31 40 36 16 4 31 5 38 40 35
split_gain=28.5532 30.267 30.6239 29.5112 20.8098 18.7445 14.8714 13.3974 11.0959 16.2575 13.1154 9.05939 8.42284 6.99653
threshold=-0.049168424680829041 0.17641562968492511 0.0090392800047993677 0.036750741302967078 2.1390514373779301 0.49287867546081549 0.60071957111358654 0.024322375655174259 0.23392909765243533 1.754205644130707 -0.28154319524765009 -0.05930406600236892 0.81606030464172374 0.18219835311174395
decision_type=2 2 2 2 2 2 2 2 2 2 2 2 2 2
left_child=1 2 12 8 7 -4 11 -5 10 -10 -2 -3 -1 -6
right_child=3 6 5 4 13 -7 -8 -9 9 -11 -12 -13 -14 -15
leaf_value=0.00011983067486160126 0.0026165110991600363 0.0076374063707507628 -0.0055922268889879584 0.00072954124319422062 -0.011712645562019003 0.00026758387393928802 -0.00034388901116605143 0.0040508942001885066 0.00077750098470256166 -0.0055060678289526894 -0.0052457020771696262 0.0016242701725136394 0.005724698881429114 -0.0013722852472964884
leaf_weight=129 149 467 176 1427 166 4358 167 670 978 558 1647 133 495 502
leaf_count=129 149 467 176 1427 166 4358 167 670 978 558 1647 133 495 502
internal_value=8.05479e-05 0.0013164 0.000623426 -0.00111951 0.000787455 -9.2256e-05 0.00593426 0.00201296 -0.00270265 -0.00113157 -0.00403595 0.00775826 0.00579293 -0.00303678
internal_weight=12022 5925 5158 6097 2765 4534 767 2097 3332 1536 1796 600 624 668
internal_count=12022 5925 5158 6097 2765 4534 767 2097 3332 1536 1796 600 624 668
is_linear=0
shrinkage=0.025


Tree=26
num_leaves=13
num_cat=0
split_feature=37 36 40 16 34 34 40 40 30 17 33 35
split_gain=29.4768 25.428 24.9623 26.9401 26.6605 15.0081 13.6664 7.57049 8.36101 7.38207 7.34714 3.90948
threshold=0.023608304560184482 0.5289275348186494 1.3354960680007937 0.015344067476689817 0.14727860689163211 -0.057326314970850938 0.78739589452743541 1.5033391714096072 -0.048329593613743775 0.25816486775875097 0.00032840463973116135 0.19675867259502414
decision_type=2 2 2 2 2 2 2 2 2 2 2 2
left_child=2 5 3 6 -5 9 -1 8 -4 -2 -7 -3
right_child=1 11 7 4 -6 10 -8 -9 -10 -11 -12 -13
leaf_value=-0.00096472035208896862 -0.0033742662317324591 -0.0063586470028266714 -0.0086929240006349533 -0.0014119891799847517 0.0026232274358608783 0.0037916890365122403 0.0041410615875856569 -0.015150825677941994 -0.00072027474372987968 0.003653495831091369 0.0081593816510562907 -0.00018382570562153755
leaf_weight=326 137 151 140 6949 1470 242 1040 140 248 426 583 159
leaf_count=326 137 151 140 6949 1470 242 1040 140 248 426 583 159
internal_value=6.08564e-05 0.00310849 -0.000441583 -0.000153856 -0.000683316 0.00455402 0.00309537 -0.0057106 -0.00380089 0.00137544 0.00669428 -0.00331349
internal_weight=12011 1698 10313 9785 8419 1388 1366 528 388 563 825 310
internal_count=12011 1698 10313 9785 8419 1388 1366 528 388 563 825 310
is_linear=0
shrinkage=0.025


Tree=27
num_leaves=13
num_cat=0
split_feature=37 36 41 16 34 34 37 35 46 45 35 11
split_gain=24.0153 27.9975 23.8573 20.3928 29.1088 17.7253 11.2591 8.57725 6.35395 5.69271 3.7747 2.9466
threshold=0.023608304560184482 0.5289275348186494 0.18796983361244204 0.016442125663161281 0.14727860689163211 -0.057326314970850938 0.0090392800047993677 0.10452870279550554 0.50531914830207836 0.33400586247444158 0.12415678426623346 0.017120461910963062
decision_type=2 2 2 2 2 2 2 2 2 2 2 2
left_child=2 5 8 6 -5 9 -4 -7 -1 -2 -3 -10
right_child=1 10 3 4 -6 7 -8 -9 11 -11 -12 -13
leaf_value=-0.0024743343991795231 -0.0032285560843403394 -0.0066714650431109529 0.0032857357808745965 -0.0015670826193250678 0.0027195830089947141 0.004994037003500873 0.00043692649633055025 0.0089870426119706744 -0.003993220612490694 0.0032616763879449676 -0.00073661449308284194 -0.012450634834799355
leaf_weight=126 183 141 852 6544 1379 476 1133 349 142 381 171 122
leaf_count=126 183 141 852 6544 1379 476 1133 349 142 381 171 122
internal_value=4.00908e-05 0.00278795 -0.000414321 -0.000173383 -0.000741833 0.00430864 0.00208857 0.00663404 -0.00643987 0.00086775 -0.0039235 -0.00861989
internal_weight=11999 1701 10298 9908 7923 1389 1985 825 390 564 312 264
internal_count=11999 1701 10298 9908 7923 1389 1985 825 390 564 312 264
is_linear=0
shrinkage=0.025


Tree=28
num_leaves=11
num_cat=0
split_feature=30 40 40 16 37 40 31 40 42 16
split_gain=27.8138 20.4656 19.041 17.5776 13.6103 14.3264 10.9801 9.69839 3.84145 2.11016
threshold=-0.38406533002853388 1.4666939973831179 0.62000468373298656 0.015344067476689817 0.027415115386247638 1.2586367726325991 1.3702891469001772 1.0050590038299563 -0.043859479948878281 0.023964069783687595
decision_type=2 2 2 2 2 2 2 2 2 2
left_child=4 2 6 -4 5 7 -2 -1 -6 -10
right_child=1 -3 3 -5 8 -7 -8 -9 9 -11
leaf_value=0.00050802385981436611 -0.002411614414377844 -0.014255350992592536 0.0029963536064660152 -0.00055537002301998817 0.0080772733645202936 -0.0058617688580959101 -0.0083312221795027123 0.004196219735740271 0.0068815917927774533 0.0027791806432050231
leaf_weight=1139 557 156 1010 7721 165 124 158 788 123 135
leaf_count=1139 557 156 1010 7721 165 124 158 788 123 135
internal_value=1.60376e-05 -0.000592667 -0.000441091 -0.000118046 0.00237747 0.00152298 -0.00434896 0.00206069 0.00643984 0.00434886
internal_weight=12076 9602 9446 8731 2474 2051 715 1927 423 258
internal_count=12076 9602 9446 8731 2474 2051 715 1927 423 258
is_linear=0
shrinkage=0.025


Tree=29
num_leaves=13
num_cat=0
split_feature=40 43 31 40 30 40 31 36 30 31 40 26
split_gain=27.1263 25.3866 35.9469 32.1936 15.2515 14.1997 9.76666 12.3309 12.8896 9.01942 4.83047 2.90221
threshold=0.62000468373298656 -0.19324881583452222 2.1967362165451054 1.3517670631408694 -0.54728135466575611 1.1271970272064211 1.3408472537994387 0.233985111117363 0.18321557343006137 0.48126049339771276 1.1188697814941408 0.016608083620667461
decision_type=2 2 2 2 2 2 2 2 2 2 2 2
left_child=6 4 3 -3 10 -4 7 11 -9 -6 -2 -1
right_child=1 2 5 -5 9 -7 -8 8 -10 -11 -12 -13
leaf_value=-0.0013717585373905544 0.0032206893736636353 0.0020983847423869835 -0.0041816542872203195 -0.0068891254384485547 -0.0050678814452999078 0.0015675716798910307 -0.0085825253016911986 -0.0031924099745852946 0.0055432762404375091 -0.0011722026592505708 -0.0029028280833895692 -0.0065541758609176581
leaf_weight=126 365 6906 1035 330 1044 343 186 177 125 1005 120 257
leaf_count=126 365 6906 1035 330 1044 343 186 177 125 1005 120 257
internal_value=4.67814e-06 0.000337914 0.000985468 0.00169089 -0.00185851 -0.00270698 -0.00423088 -0.00279891 0.00095684 -0.00280246 0.00210459 -0.00575064
internal_weight=12019 11148 8614 7236 2534 1378 871 685 302 2049 485 383
internal_count=12019 11148 8614 7236 2534 1378 871 685 302 2049 485 383
is_linear=0
shrinkage=0.025


Tree=30
num_leaves=12
num_cat=0
split_feature=40 43 31 40 40 34 47 31 36 26 26
split_gain=27.5872 31.7965 28.1567 31.5399 12.9954 8.73652 8.10742 7.86796 10.5758 6.73011 3.02995
threshold=0.62000468373298656 -0.20573949813842771 2.1967362165451054 1.3517670631408694 1.1271970272064211 0.17081402987241748 0.69589141011238109 1.5439035296440127 0.233985111117363 0.016961313784122471 0.016608083620667461
decision_type=2 2 2 2 2 2 2 2 2 2 2
left_child=7 5 3 -3 -4 6 -2 8 10 -10 -1
right_child=1 2 4 -5 -6 -7 -8 -9 9 -11 -12
leaf_value=-0.0014815252900855906 -0.0034171426204654709 0.0020618914317046795 -0.0037488426012632346 -0.0062667456591622098 0.0021641875647189094 0.0030910885409980537 0.00094704492537403128 -0.008000233481114739 -0.0038610211613467811 0.0031637386349622891 -0.0063759113510676209
leaf_weight=125 1782 7083 1029 341 362 192 396 143 124 201 275
leaf_count=125 1782 7083 1029 341 362 192 396 143 124 201 275
internal_value=7.72309e-05 0.00041164 0.00110332 0.00171541 -0.00215347 -0.00215526 -0.00260822 -0.00420246 -0.00309075 0.000246212 -0.00578704
internal_weight=12053 11185 8815 7424 1391 2370 2178 868 725 325 400
internal_count=12053 11185 8815 7424 1391 2370 2178 868 725 325 400
is_linear=0
shrinkage=0.025


Tree=31
num_leaves=12
num_cat=0
split_feature=30 43 40 31 40 34 40 31 26 37 16
split_gain=24.3863 21.8782 23.9987 23.0638 10.3056 9.86473 8.59021 8.57913 7.76308 6.0302 4.43596
threshold=-0.50432568788528431 -0.19324881583452222 0.62000468373298656 1.7721971869468691 1.2549499273300173 0.17617398500442508 0.92734104394912731 1.2137798666954043 0.016608083620667461 0.027504092082381252 0.020001715049147609
decision_type=2 2 2 2 2 2 2 2 2 2 2
left_child=4 5 7 -4 6 8 9 -3 -2 -1 -8
right_child=1 2 3 -5 -6 -7 10 -9 -10 -11 -12
leaf_value=0.00018630019501157669 -0.0061825343665787283 -0.0021011297452349408 0.0015887891394425369 -0.0021370420954379007 -0.003893946731502776 0.0030366883700765623 0.0055920858831885953 -0.0080000845500008185 -0.0024358992555715457 0.0042659977706562824 0.0039764630887739964
leaf_weight=676 415 506 5223 2129 122 174 416 182 1533 137 561
leaf_count=676 415 506 5223 2129 122 174 416 182 1533 137 561
internal_value=1.81099e-05 -0.000469042 0.000126631 0.000546248 0.00260498 -0.00272391 0.00308844 -0.00431999 -0.00323541 0.00116901 0.00466522
internal_weight=12074 10162 8040 7352 1912 2122 1790 688 1948 813 977
internal_count=12074 10162 8040 7352 1912 2122 1790 688 1948 813 977
is_linear=0
shrinkage=0.025


Tree=32
num_leaves=12
num_cat=0
split_feature=30 43 48 40 40 40 32 40 44 31 34
split_gain=22.568 20.6328 21.151 18.2802 9.25496 8.24248 7.65748 7.47166 7.13643 6.3774 4.78747
threshold=-0.50432568788528431 -0.21346437186002729 0.038517974317073829 1.4666939973831179 1.2549499273300173 1.1005965471267702 0.55284443497657787 0.91850820183753978 0.016220011748373512 1.0928487777709963 0.14411457628011706
decision_type=2 2 2 2 2 2 2 2 2 2 2
left_child=4 5 9 -4 6 10 -1 -8 -7 -3 -2
right_child=1 2 3 -5 -6 8 7 -9 -10 -11 -12
leaf_value=-0.0027812923892652679 -0.0052526019579895488 -0.0019650739425561294 0.00054822393308897666 -0.012498974536822038 -0.0033674063539918088 -0.0064968324682229631 0.0013789085122566998 0.0047884032748049758 0.0014241839721613457 -0.0063121729710711866 -0.00021466407884420253
leaf_weight=134 971 169 7724 143 121 240 748 903 472 195 162
leaf_count=134 971 169 7724 143 121 240 748 903 472 195 162
internal_value=4.3276e-05 -0.000428405 0.000107 0.000381892 0.00253467 -0.00281419 0.00299232 0.0034609 -0.000688633 -0.00574187 -0.00413554
internal_weight=11982 10076 8231 7867 1906 1845 1785 1651 712 364 1133
internal_count=11982 10076 8231 7867 1906 1845 1785 1651 712 364 1133
is_linear=0
shrinkage=0.025


Tree=33
num_leaves=12
num_cat=0
split_feature=40 43 31 40 46 30 40 13 11 40 37
split_gain=27.6566 24.5465 22.1455 23.9557 16.954 16.1047 12.7128 9.59433 6.94303 8.56744 1.55474
threshold=0.62000468373298656 -0.19324881583452222 2.1390514373779301 1.4666939973831179 0.19057226926088336 -1.0065438747406004 1.1242663264274599 -0.47489054501056666 0.016117365099489692 0.44674462080001837 0.016112239100039009
decision_type=2 2 2 2 2 2 2 2 2 2 2
left_child=4 5 3 -3 -1 -2 -4 -7 9 -6 -10
right_child=1 2 6 -5 8 7 -8 -9 10 -11 -12
leaf_value=0.0032222704298564609 0.0048753030351249395 0.0018152583183298219 -0.0035027663891722544 -0.011839453675800943 -0.0045403539968845346 0.0065709285387207609 0.0021836979462380446 -0.0029383454253220313 -0.0079705451997841049 -0.0013550970379556078 -0.0056544452027710787
leaf_weight=123 197 6978 1065 141 146 135 397 2195 175 283 128
leaf_count=123 197 6978 1065 141 146 135 397 2195 175 283 128
internal_value=3.81225e-05 0.000372874 0.00101109 0.00158706 -0.00428052 -0.00178959 -0.00178511 -0.0023742 -0.00572422 -0.00358583 -0.00862419
internal_weight=11963 11108 8581 7119 855 2527 1462 2330 732 429 303
internal_count=11963 11108 8581 7119 855 2527 1462 2330 732 429 303
is_linear=0
shrinkage=0.025


Tree=34
num_leaves=15
num_cat=0
split_feature=38 35 37 16 37 37 16 35 36 40 37 40 43 37
split_gain=26.6435 32.345 27.7978 20.5342 20.5087 17.9217 17.6179 15.9633 14.6803 14.2826 12.7741 7.90875 7.29263 4.0353
threshold=-0.049811685457825654 0.16481839120388034 0.0090677323751151579 0.024322375655174259 0.014279137365520002 0.013907172717154028 0.021916245110332969 0.14907828718423846 0.60071957111358654 1.3635550737380984 0.018673998303711418 0.81606030464172374 -0.029444374144077298 0.016217829659581188
decision_type=2 2 2 2 2 2 2 2 2 2 2 2 2 2
left_child=1 2 11 6 7 -4 9 -5 13 -2 -6 -1 -8 -3
right_child=3 8 5 4 10 -7 12 -9 -10 -11 -12 -13 -14 -15
leaf_value=0.00016118218139372643 -0.00063501888608935575 0.0030340466977990688 -0.0021852306225819962 -0.0038885737484190179 -0.0031761725677234179 0.00094738721596714657 -0.0066387043784619923 0.0036836485899114885 -0.00041256015084145464 -0.01094716461635682 0.0044154890791232955 0.0052093733413576928 -0.0028853284600333902 0.0076553796522886054
leaf_weight=143 2859 128 1337 130 599 3101 548 936 150 193 229 506 658 475
leaf_count=143 2859 128 1337 130 599 3101 548 936 150 193 229 506 658 475
internal_value=-1.61499e-05 0.00119226 0.000472555 -0.00116433 0.000997235 -0.00023492 -0.00212732 0.00328548 0.00601088 -0.00111016 -0.00194328 0.00528479 -0.00468105 0.00774054
internal_weight=11992 5840 5087 6152 1894 4438 4258 1066 753 3052 828 649 1206 603
internal_count=11992 5840 5087 6152 1894 4438 4258 1066 753 3052 828 649 1206 603
is_linear=0
shrinkage=0.025


Tree=35
num_leaves=14
num_cat=0
split_feature=37 36 36 34 41 37 35 37 4 16 40 40 46
split_gain=24.9629 26.9265 23.5117 29.5871 19.3727 15.0304 11.9193 9.81963 6.26984 5.7388 5.6574 4.33469 0.928587
threshold=0.023608304560184482 0.51813128590583812 -0.023579191416501995 0.14085444808006289 0.18796983361244204 0.013082516845315697 0.16481839120388034 0.0090677323751151579 -0.08862102776765822 0.022393968887627128 1.016059458255768 0.93010607361793529 0.41966252028942114
decision_type=2 2 2 2 2 2 2 2 2 2 2 2 2
left_child=2 6 7 4 -4 -5 8 11 -2 -3 -9 -1 -8
right_child=1 9 3 5 -6 -7 12 10 -10 -11 -12 -13 -14
leaf_value=0.002073117471918269 -0.00053037825087719757 -0.006960281062104866 -0.0071980577623597594 0.0037849618746405968 -0.001241494789565481 -0.0004871144488513321 0.0096262874752136886 -0.0018272764271680564 0.004640567861698636 -0.00033891037955571248 0.0031188827412819697 0.005933061346642946 0.0061809131904470051
leaf_weight=202 226 156 302 958 7529 738 120 185 880 199 131 251 170
leaf_count=202 226 156 302 958 7529 738 120 185 880 199 131 251 170
internal_value=6.68976e-05 0.00282247 -0.000402267 -0.000742892 -0.00139181 0.002245 0.00438526 0.00378714 0.00316719 -0.00328125 0.000369938 0.00612718 0.00887712
internal_weight=12047 1751 10296 9527 7831 1696 1396 769 1106 355 316 453 290
internal_count=12047 1751 10296 9527 7831 1696 1396 769 1106 355 316 453 290
is_linear=0
shrinkage=0.025


Tree=36
num_leaves=15
num_cat=0
split_feature=38 34 31 40 35 17 40 29 37 35 43 6 9 40
split_gain=25.2784 31.6483 22.1437 24.7807 21.0693 12.8899 12.2553 9.91234 8.89089 7.70396 6.08426 5.97251 5.58969 3.02276
threshold=-0.12010642513632773 0.14085444808006289 1.7721971869468691 1.3354960680007937 -0.10675429180264472 0.95048654079437267 1.1242663264274599 0.078340675681829466 0.0149881006218493 -0.018113198690116402 -0.20925046503543851 0.050753694027662284 0.034171482548117645 0.97310829162597667
decision_type=2 2 2 2 2 2 2 2 2 2 2 2 2 2
left_child=4 2 3 -2 7 12 -4 10 9 -6 -1 -10 -3 -7
right_child=1 5 6 -5 8 13 -8 -9 11 -11 -12 -13 -14 -15
leaf_value=-0.0060881294430792628 -0.00012763144072568607 0.0037818025896937933 -0.0058544039956942504 -0.0094128111500585369 -0.00052067481302317531 -0.003735913018550285 -0.00034425873133011323 0.0066008519118500655 0.0070352575459783212 0.0037407962020418379 -0.001130977402790176 0.0033031029517740038 -0.00017927593056819846 0.00081570665513779061
leaf_weight=130 5986 1180 1115 339 390 192 413 226 496 285 555 403 209 123
leaf_count=130 5986 1180 1115 339 390 192 413 226 496 285 555 403 209 123
internal_value=5.7587e-05 -0.000526171 -0.00119703 -0.000542062 0.00230171 0.00255632 -0.00389351 -0.00071643 0.00404924 0.00184743 -0.0022192 0.00567616 0.00359128 -0.00197266
internal_weight=12042 9557 7853 6325 2485 1704 1528 911 1574 675 685 899 1389 315
internal_count=12042 9557 7853 6325 2485 1704 1528 911 1574 675 685 899 1389 315
is_linear=0
shrinkage=0.025


Tree=37
num_leaves=12
num_cat=0
split_feature=38 34 35 40 43 17 3 35 43 20 38
split_gain=23.8682 38.9292 22.7296 16.5717 14.1134 14.0045 16.8855 11.8009 6.73442 6.30105 3.91365
threshold=-0.049168424680829041 0.14313192665576938 0.17641562968492511 0.49287867546081549 -0.24806293845176694 -0.29306232929229731 0.11965786665678026 0.41625252366065985 0.35767364501953131 0.59505051374435436 -0.075041260570287691
decision_type=2 2 2 2 2 2 2 2 2 2 2
left_child=2 5 3 -1 -5 -2 -7 8 -3 10 -4
right_child=1 7 9 4 -6 6 -8 -9 -10 -11 -12
leaf_value=-0.003940449941317919 0.0020684386800651762 0.0033448835260204133 0.0064830265424935113 -0.0020935094331376415 0.001562910498613522 -0.0054784659868725273 -0.0013412846076143827 -0.003099717479727693 -0.0026539943521840751 7.787389097289738e-05 0.0029061788586902549
leaf_weight=194 210 1162 433 757 4171 1631 2802 218 126 122 200
leaf_count=194 210 1162 433 757 4171 1631 2802 218 126 122 200
internal_value=3.065e-05 -0.00105724 0.00116988 0.00056929 0.00085521 -0.00219046 -0.00249127 0.00242803 0.0033401 0.00520559 0.00620102
internal_weight=12026 6149 5877 5122 4928 4643 4433 1506 1288 755 633
internal_count=12026 6149 5877 5122 4928 4643 4433 1506 1288 755 633
is_linear=0
shrinkage=0.025


Tree=38
num_leaves=14
num_cat=0
split_feature=38 34 16 36 17 17 48 38 36 9 38 37 48
split_gain=22.8949 26.6657 19.5679 15.7556 11.9761 11.5267 10.0312 8.42949 8.34894 5.9086 5.56509 3.89553 2.37477
threshold=-0.11751413717865943 0.14085444808006289 0.015344067476689817 0.22854358702898028 0.079526308923959746 0.9588167965412141 0.057776963338255889 -0.025292166508734223 0.20183373987674716 0.034171482548117645 -0.17025320976972577 0.010665526147931816 0.43892149627208715
decision_type=2 2 2 2 2 2 2 2 2 2 2 2 2
left_child=4 2 7 -4 8 9 -6 -2 11 -3 -8 -1 -7
right_child=1 5 3 -5 6 12 10 -9 -10 -11 -12 -13 -14
leaf_value=0.0006300041490095859 0.0036293086717266499 0.0036480115608108991 -0.0034725536195959086 -0.00073353836257682994 -0.0031495154173407677 -0.0043622848204636902 0.0064230047506209399 -0.00091505785675523733 0.004701655206020644 -0.00053609796011475921 0.002393069520673835 -0.0035373285765188112 0.00017641084157981604
leaf_weight=125 661 1189 2505 4107 124 140 603 414 126 215 1247 311 145
leaf_count=125 661 1189 2505 4107 124 140 603 414 126 215 1247 311 145
internal_value=9.59763e-05 -0.000473697 -0.00109936 -0.00160855 0.0022014 0.00236496 0.0031171 0.00201968 -0.00100309 0.00329578 0.00358154 -0.00265023 -0.00217672
internal_weight=11912 9376 7687 6612 2536 1689 1974 1075 562 1404 1850 436 285
internal_count=11912 9376 7687 6612 2536 1689 1974 1075 562 1404 1850 436 285
is_linear=0
shrinkage=0.025


Tree=39
num_leaves=11
num_cat=0
split_feature=40 43 40 43 46 13 30 11 40 46
split_gain=22.0754 22.8796 18.9705 16.1861 15.3856 14.5066 13.3797 8.70789 8.38709 0.234978
threshold=0.62000468373298656 -0.19324881583452222 1.5033391714096072 0.38963606953620916 0.19057226926088336 -0.49232041835784907 -0.38406533002853388 0.016217282973229889 0.44674462080001837 0.46680118143558508
decision_type=2 2 2 2 2 2 2 2 2 2
left_child=4 5 3 -3 -1 -2 -7 8 -6 -9
right_child=1 2 -4 -5 7 6 -8 9 -10 -11
leaf_value=0.0032317305384258507 0.0071755901062749428 0.0014631565038267875 -0.012539290039282676 -0.0028978566616748194 -0.0035294794175252039 0.0010975255910598558 -0.0034049535661495366 -0.0056729078711628749 -0.0011304404894031486 -0.0076476491237573527
leaf_weight=123 122 7559 120 915 143 566 1843 120 294 169
leaf_count=123 122 7559 120 915 143 566 1843 120 294 169
internal_value=1.56524e-06 0.000299304 0.000915077 0.00105776 -0.00387149 -0.00178677 -0.00221883 -0.00525821 -0.00295532 -0.00860969
internal_weight=11974 11125 8594 8474 849 2531 2409 726 437 289
internal_count=11974 11125 8594 8474 849 2531 2409 726 437 289
is_linear=0
shrinkage=0.025


Tree=40
num_leaves=14
num_cat=0
split_feature=38 34 35 37 36 36 37 37 36 44 17 29 19
split_gain=24.1535 30.1206 26.165 26.2131 17.8168 12.9325 12.0592 11.5141 14.9277 7.09242 5.97254 4.49927 3.26244
threshold=-0.049811685457825654 0.14313192665576938 0.17641562968492511 0.0090392800047993677 0.46091017127037054 0.60071957111358654 0.012738287448883058 0.0071191173046827325 0.22854358702898028 0.023144875653088096 0.53599375486373912 0.044995866715908057 0.14476735889911654
decision_type=2 2 2 2 2 2 2 2 2 2 2 2 2
left_child=2 7 3 11 -5 12 9 -2 -9 -3 -8 -1 -4
right_child=1 6 5 4 -6 -7 10 8 -10 -11 -12 -13 -14
leaf_value=0.0047411794320048571 0.006730044170482505 0.0047482970406930352 0.0062015254789830748 0.00034986828781847921 -0.0057893063527270049 -0.00036228643941302042 -0.0029212578199895702 -0.0050985570114580941 -0.0013246234264423216 0.0005771852923326465 0.0011393090101158674 0.00071562647310536025 0.004495010206262068
leaf_weight=486 130 576 442 4196 323 155 187 1545 3001 250 500 128 145
leaf_count=486 130 576 442 4196 323 155 187 1545 3001 250 500 128 145
internal_value=2.64106e-05 -0.00106252 0.00117453 0.000536444 -0.000122955 0.00554719 0.00199687 -0.00205485 -0.00226736 0.00402377 -0.000442558 0.00536147 0.00723184
internal_weight=12064 6189 5875 5133 4519 742 1513 4676 4546 826 687 614 587
internal_count=12064 6189 5875 5133 4519 742 1513 4676 4546 826 687 614 587
is_linear=0
shrinkage=0.025


Tree=41
num_leaves=10
num_cat=0
split_feature=40 40 38 35 22 46 46 47 31
split_gain=24.476 20.9806 18.512 23.4204 18.12 13.8439 6.20998 9.55146 2.72179
threshold=0.66295796632766735 1.5033391714096072 -0.049811685457825654 0.17641562968492511 0.40013776719570165 0.67663240432739269 0.19057226926088336 0.63811445236206066 1.0928487777709963
decision_type=2 2 2 2 2 2 2 2 2
left_child=5 2 3 -2 -4 6 -1 -8 -7
right_child=1 -3 4 -5 -6 8 7 -9 -10
leaf_value=0.001725338217605249 0.00085236572851811465 -0.012076820628171656 -0.0034696522241282656 0.0051015554705200646 8.0396853900319154e-05 -0.0030047396963403697 -0.00093258520971711974 -0.0083887223533930348 -0.0095981146677536818
leaf_weight=137 4631 137 963 708 4569 127 422 152 160
leaf_count=137 4631 137 963 708 4569 127 422 152 160
internal_value=5.72392e-06 0.000346749 0.000471796 0.00152157 -0.000540681 -0.00373255 -0.00182437 -0.00296848 -0.0083262
internal_weight=12006 11008 10871 5339 5532 998 711 574 287
internal_count=12006 11008 10871 5339 5532 998 711 574 287
is_linear=0
shrinkage=0.025


Tree=42
num_leaves=11
num_cat=0
split_feature=41 37 36 16 36 35 33 46 16 12
split_gain=20.5353 16.2821 22.964 20.5379 15.3582 8.9486 7.89547 6.77153 3.79229 3.08066
threshold=0.18796983361244204 0.023608304560184482 0.51813128590583812 0.015344067476689817 0.233985111117363 0.16027134656906131 0.0087620653212070482 0.46680118143558508 0.022393968887627128 -0.054774710908532136
decision_type=2 2 2 2 2 2 2 2 2 2
left_child=7 3 5 6 -5 -3 -2 -1 -4 -9
right_child=1 2 8 4 -6 -7 -8 9 -10 -11
leaf_value=-0.0002823836460753501 0.0013814223708102334 0.0035099535240225343 -0.0061988175903706332 -0.0018914150510823792 0.00036287458329609947 0.0068215888894934632 0.0062668503001221572 -0.0094970280396927311 -0.00056392235896248616 -0.0039069413339156691
leaf_weight=120 1244 1060 154 3778 4692 297 190 155 200 124
leaf_count=120 1244 1060 154 3778 4692 297 190 155 200 124
internal_value=0.000140923 0.000334015 0.00258231 -5.48744e-05 -0.000524336 0.00406112 0.00270587 -0.00539913 -0.00304666 -0.0075044
internal_weight=12014 11615 1711 9904 8470 1357 1434 399 354 279
internal_count=12014 11615 1711 9904 8470 1357 1434 399 354 279
is_linear=0
shrinkage=0.025


Tree=43
num_leaves=12
num_cat=0
split_feature=40 38 34 3 17 46 43 36 17 31 40
split_gain=20.5801 19.7044 27.5499 16.2169 15.0313 13.3269 9.6148 9.05569 7.59235 5.95636 7.54802
threshold=0.62000468373298656 -0.049168424680829041 0.14313192665576938 -0.030522002838551995 -0.29306232929229731 0.19057226926088336 -0.23668922483921048 0.46091017127037054 0.95048654079437267 1.3702891469001772 0.49287867546081549
decision_type=2 2 2 2 2 2 2 2 2 2 2
left_child=5 3 4 6 -3 -1 -2 -5 -4 10 -7
right_child=1 2 8 7 -6 9 -8 -9 -10 -11 -12
leaf_value=0.0026966139711145226 -0.0023293235911736169 0.002718152070206409 0.0028388373317843 0.0031298910500808241 -0.0023817796284318934 -0.0043653017942354502 0.00084248851453362368 -0.00062939225249935356 -0.0010479554432014948 -0.0068888965951763269 -0.0012657739566791727
leaf_weight=127 684 201 1161 2767 4065 255 1594 436 274 161 308
leaf_count=127 684 201 1161 2767 4065 255 1594 436 274 161 308
internal_value=4.82846e-05 0.000334652 -0.000693349 0.00140471 -0.00170188 -0.00368721 -0.000205322 0.00255026 0.00229601 -0.00499829 -0.00370819
internal_weight=12033 11182 5701 5481 4266 851 2278 3203 1435 724 563
internal_count=12033 11182 5701 5481 4266 851 2278 3203 1435 724 563
is_linear=0
shrinkage=0.025


Tree=44
num_leaves=14
num_cat=0
split_feature=38 34 40 40 35 35 11 16 20 43 40 37 21
split_gain=21.5422 26.1213 22.7427 23.3467 15.3505 12.9372 10.065 8.61789 8.40176 7.97345 6.79492 6.00573 4.45098
threshold=-0.12010642513632773 0.14085444808006289 1.2767330408096316 1.0800413489341738 -0.10675429180264472 0.41625252366065985 0.032621711492538459 0.024560993537306789 0.022580961696803573 -0.20925046503543851 1.5033391714096072 0.022110780701041225 54.449089050292976
decision_type=2 2 2 2 2 2 2 2 2 2 2 2 2
left_child=4 2 3 -2 6 7 9 -3 11 -1 -4 -6 -10
right_child=1 5 10 -5 8 -7 -8 -9 12 -11 -12 -13 -14
leaf_value=-0.0054196643498785717 -0.0014128062464195236 0.0012372516246286756 -0.0051244112684158726 0.0018323779031871269 -0.000216313088265091 -0.0029072636201611132 0.0088134848588224367 0.0042844064111665471 0.0052942211446593531 -0.00043786266935199052 -0.012674737597827635 0.0057077708804042469 0.0033467583445451424
leaf_weight=140 5506 716 520 1645 443 227 152 759 682 636 128 132 311
leaf_count=140 5506 716 520 1645 443 227 152 759 682 636 128 132 311
internal_value=8.17572e-05 -0.000460893 -0.00107397 -0.000664652 0.00214664 0.00233963 -0.00039523 0.00319679 0.00365146 -0.0015605 -0.00554173 0.00121767 0.00504133
internal_weight=11997 9501 7799 7151 2496 1702 928 1475 1568 776 648 575 993
internal_count=11997 9501 7799 7151 2496 1702 928 1475 1568 776 648 575 993
is_linear=0
shrinkage=0.025


Tree=45
num_leaves=10
num_cat=0
split_feature=40 40 43 31 46 30 11 40 42
split_gain=22.4205 21.6937 20.613 25.5276 15.8344 12.1444 7.3175 6.1174 1.441
threshold=0.62000468373298656 1.5033391714096072 -0.19324881583452222 2.1967362165451054 0.19057226926088336 -1.0065438747406004 0.016217282973229889 0.44674462080001837 0.00076468425686471175
decision_type=2 2 2 2 2 2 2 2 2
left_child=4 2 5 -4 -1 -2 7 -6 -8
right_child=1 -3 3 -5 6 -7 8 -9 -10
leaf_value=0.003271879158174461 0.0042441071667382244 -0.012300852369826523 0.0016062247195358136 -0.0025495177917211429 -0.0037513711176738311 -0.0021198104367622069 -0.006406654628752677 -0.001323920379794441 -0.0065554124228995383
leaf_weight=124 194 141 7122 1392 145 2349 147 286 158
leaf_count=124 194 141 7122 1392 145 2349 147 286 158
internal_value=-1.60615e-05 0.000282848 0.000409623 0.000999971 -0.00389451 -0.0015625 -0.00528846 -0.00311067 -0.00824597
internal_weight=12058 11198 11057 8514 860 2543 736 431 305
internal_count=12058 11198 11057 8514 860 2543 736 431 305
is_linear=0
shrinkage=0.025


Tree=46
num_leaves=8
num_cat=0
split_feature=40 48 43 31 30 46 10
split_gain=20.494 19.6365 17.0782 22.8446 12.2602 9.47024 1.66063
threshold=1.5033391714096072 0.038517974317073829 -0.19324881583452222 2.1967362165451054 -0.61392408609390248 0.38114453852176672 0.015453063417226078
decision_type=2 2 2 2 2 2 2
left_child=1 5 4 -4 -3 -1 -7
right_child=-2 2 3 -5 -6 6 -8
leaf_value=0.0005059135783201385 -0.01201459341272005 0.0023713915142538513 0.0013093839541550732 -0.0023917061049432936 -0.0023806306731089691 -0.003007540968113666 -0.0078739755746938603
leaf_weight=134 144 424 7526 1340 2188 169 138
leaf_count=134 144 424 7526 1340 2188 169 138
internal_value=2.74486e-05 0.000143094 0.000343442 0.000867292 -0.00143055 -0.0050028 -0.00739183
internal_weight=12063 11919 11478 8866 2612 441 307
internal_count=12063 11919 11478 8866 2612 441 307
is_linear=0
shrinkage=0.025


Tree=47
num_leaves=15
num_cat=0
split_feature=37 16 34 37 38 37 34 38 34 31 38 16 15 30
split_gain=19.7415 20.7782 24.6006 15.1908 14.2935 11.7915 11.6388 17.7984 11.4516 5.8471 4.40043 4.30578 3.42961 1.97626
threshold=0.023608304560184482 0.016442125663161281 0.14727860689163211 0.012978836894035341 -0.1893995255231857 0.0087030599825084227 -0.047469479963183396 -0.11264681816101073 0.012227812316268684 1.6184160709381106 -0.035791927948594086 0.022667651996016506 0.71551722288131725 -0.059551188722252839
decision_type=2 2 2 2 2 2 2 2 2 2 2 2 2 2
left_child=1 5 4 -4 -3 10 7 11 -7 12 -1 -2 -8 -9
right_child=6 2 3 -5 -6 8 9 13 -10 -11 -12 -13 -14 -15
leaf_value=0.0043860540256829882 0.0064571491769571041 0.0067124389279566545 0.0036489042964541391 -0.00086489274686537003 -0.0019136722764740877 0.0022024107746885916 0.0046140569981576399 -0.0034935015213438366 -0.0018253705071178885 0.0014630432469988756 0.00081559016570415747 0.0015941226010752791 0.008090887585500443 -0.0068833047234659692
leaf_weight=442 142 185 805 653 6629 748 445 127 596 231 266 429 214 147
leaf_count=442 142 185 805 653 6629 748 445 127 596 231 266 429 214 147
internal_value=1.08795e-05 -0.000403597 -0.000962758 0.00197796 -0.00159389 0.00184431 0.00247486 0.000360294 0.000458673 0.00446229 0.00444425 0.00287543 0.005657 -0.00481631
internal_weight=12059 10324 8272 1458 6814 2052 1735 845 1344 890 708 571 659 274
internal_count=12059 10324 8272 1458 6814 2052 1735 845 1344 890 708 571 659 274
is_linear=0
shrinkage=0.025


Tree=48
num_leaves=14
num_cat=0
split_feature=38 34 35 37 37 17 36 37 36 32 17 35 38
split_gain=20.4649 27.2658 19.8696 24.7579 17.7981 10.9917 16.162 10.9577 10.7556 7.33554 6.75702 4.14798 2.83184
threshold=-0.049168424680829041 0.14085444808006289 0.17641562968492511 0.0090392800047993677 0.014025243930518629 -0.27981741726398462 0.22854358702898028 0.013082516845315697 0.60071957111358654 0.95568287372589122 0.53599375486373912 -0.021309540607035157 -0.05930406600236892
decision_type=2 2 2 2 2 2 2 2 2 2 2 2 2
left_child=2 5 3 11 -5 -2 -7 9 12 -3 -9 -1 -4
right_child=1 7 8 4 -6 6 -8 10 -10 -11 -12 -13 -14
leaf_value=0.00061381789434286908 0.0021736388678122499 0.0015153257319649631 0.0062075313585031157 -0.0022622437879922424 0.001257426580063903 -0.0052269739240870146 -0.0011924067011517604 -0.0041097530587048325 -0.00063898724504551788 0.0045163810005753582 0.00083888185041256923 0.004586361582093623 0.0011760439048972505
leaf_weight=128 229 518 464 1424 3062 1421 2915 166 156 430 461 493 130
leaf_count=128 229 518 464 1424 3062 1421 2915 166 156 430 461 493 130
internal_value=4.84294e-05 -0.000959113 0.00110564 0.000544063 -0.000104375 -0.00193791 -0.00222155 0.00187104 0.00489238 0.00356112 -0.000682358 0.00520168 0.00641694
internal_weight=11997 6140 5857 5107 4486 4565 4336 1575 750 948 627 621 594
internal_count=11997 6140 5857 5107 4486 4565 4336 1575 750 948 627 621 594
is_linear=0
shrinkage=0.025


Tree=49
num_leaves=14
num_cat=0
split_feature=30 48 43 46 37 13 46 16 2 10 34 36 10
split_gain=19.7396 14.0569 18.0429 19.2066 8.51341 7.58541 6.21361 5.34667 7.02665 5.48215 4.33267 2.58638 1.47955
threshold=-0.40120433270931238 0.038517974317073829 -0.067948300391435609 0.63811445236206066 0.024411227554082874 -0.46252702176570887 0.41966252028942114 0.020106177777051929 0.18546671420335772 0.01102530397474766 -0.059732396155595772 0.31840151548385626 0.014962526503950359
decision_type=2 2 2 2 2 2 2 2 2 2 2 2 2
left_child=4 6 5 -4 7 -3 -2 9 -9 -1 -6 -12 -8
right_child=1 2 3 -5 10 -7 12 8 -10 -11 11 -13 -14
leaf_value=-0.00020118348288790112 -0.00026852234371397139 0.004242697177092203 0.0021163849197514475 -0.00073953230996799679 0.0016962231349133495 -0.0020868067027288613 -0.0027614881094953276 -0.00091607336295181649 0.0046393622553065035 0.0026849498921302979 0.006967861393902243 0.0024513030818529903 -0.0067975680042120529
leaf_weight=309 120 143 2612 3197 205 3354 154 775 138 579 228 160 122
leaf_count=309 120 143 2612 3197 205 3354 154 775 138 579 228 160 122
internal_value=0.00011311 -0.000388251 -0.000189963 0.00066327 0.00214412 -0.00160801 -0.00497195 0.00127699 -6.12745e-05 0.00265258 0.00473453 0.00628181 -0.00700623
internal_weight=12096 9702 9306 5809 2394 3497 396 1801 913 888 593 388 276
internal_count=12096 9702 9306 5809 2394 3497 396 1801 913 888 593 388 276
is_linear=0
shrinkage=0.025


Tree=50
num_leaves=8
num_cat=0
split_feature=40 40 43 31 13 31 36
split_gain=18.6802 18.8383 21.0039 21.9067 11.0122 10.6744 9.47203
threshold=1.5033391714096072 0.6514890491962434 -0.19324881583452222 1.754205644130707 -0.49232041835784907 1.2137798666954043 0.22854358702898028
decision_type=2 2 2 2 2 2 2
left_child=1 5 4 -4 -3 6 -1
right_child=-2 2 3 -5 -6 -7 -8
leaf_value=-0.0034252534372104142 -0.011223153167827783 0.0070835282282538633 0.0018301195324070736 -0.0012145194914029739 -0.0018677409660502909 -0.0066355946217577068 0.001515543211813547
leaf_weight=403 132 122 6182 2253 2377 235 312
leaf_count=403 132 122 6182 2253 2377 235 312
internal_value=9.93054e-05 0.000205547 0.000499931 0.00109671 -0.00151008 -0.00316099 -0.0016059
internal_weight=12016 11884 10934 8435 2499 950 715
internal_count=12016 11884 10934 8435 2499 950 715
is_linear=0
shrinkage=0.025


Tree=51
num_leaves=10
num_cat=0
split_feature=40 40 43 31 46 30 11 46 42
split_gain=20.3551 18.1376 17.7291 19.9086 10.3137 8.45673 7.09202 6.28174 1.18372
threshold=0.62000468373298656 1.5033391714096072 -0.21346437186002729 2.6553721427917485 0.20983126014471057 -1.0065438747406004 0.016217282973229889 0.74303007125854503 -0.018130397424101826
decision_type=2 2 2 2 2 2 2 2 2
left_child=4 2 5 -4 -1 -2 7 -6 -8
right_child=1 -3 3 -5 6 -7 8 -9 -10
leaf_value=0.0013551887917578748 0.0035596769877726309 -0.01135872140316635 0.0013372476424308251 -0.0030144293857297375 -0.00045804654242123243 -0.0021305200420525016 -0.0049358485050157684 -0.0084474815447091491 -0.0066368514226733512
leaf_weight=130 171 135 7992 869 311 2096 120 131 172
leaf_count=130 171 135 7992 869 311 2096 120 131 172
internal_value=3.96678e-05 0.000324481 0.000437326 0.000942505 -0.00364643 -0.00153224 -0.00479533 -0.00272651 -0.00780724
internal_weight=12127 11263 11128 8861 864 2267 734 442 292
internal_count=12127 11263 11128 8861 864 2267 734 442 292
is_linear=0
shrinkage=0.025


Tree=52
num_leaves=12
num_cat=0
split_feature=30 34 16 45 40 36 36 15 35 26 36
split_gain=16.4387 13.99 15.3736 11.6961 11.3561 9.50023 7.7119 7.36824 7.36273 7.07897 4.59693
threshold=-0.36818897724151606 0.16881616413593295 0.015344067476689817 0.38114453852176672 1.2632256150245669 0.23604474961757663 0.04822350665926934 0.78448277711868297 0.38581290841102606 0.014982755295932295 0.36053840816020971
decision_type=2 2 2 2 2 2 2 2 2 2 2
left_child=4 2 7 -4 5 6 -1 -2 10 -7 -3
right_child=1 8 3 -5 -6 9 -8 -9 -10 -11 -12
leaf_value=0.0028001174835600023 0.00086952566894758223 0.0018930950585953539 -0.0027073688664327384 -0.00044274946923455604 -0.0042932746834514037 -0.0014773364259764998 -0.0010971921850106274 0.0063523303042306804 -0.001571338833304195 0.0033637374123734161 0.0044902296166218145
leaf_weight=305 976 317 2583 4873 145 120 752 132 165 1285 382
leaf_count=305 976 317 2583 4873 145 120 752 132 165 1285 382
internal_value=4.62002e-05 -0.000439282 -0.000746149 -0.00115517 0.00180178 0.00220663 0.000406073 0.00199349 0.00258199 0.00355053 0.00370206
internal_weight=12035 9428 8564 7456 2607 2462 1057 1108 864 1405 699
internal_count=12035 9428 8564 7456 2607 2462 1057 1108 864 1405 699
is_linear=0
shrinkage=0.025


Tree=53
num_leaves=12
num_cat=0
split_feature=40 38 34 35 36 46 40 35 36 30 11
split_gain=17.7979 18.2562 24.8755 19.0969 18.4808 15.0095 11.5662 10.9039 10.5615 7.09972 4.87079
threshold=0.62000468373298656 -0.049168424680829041 0.14313192665576938 0.17641562968492511 0.46091017127037054 0.19057226926088336 1.2712417840957644 0.41625252366065985 0.60071957111358654 0.65670359134674083 0.011988515965640547
decision_type=2 2 2 2 2 2 2 2 2 2 2
left_child=5 3 6 4 -2 -1 -3 -4 -5 10 -7
right_child=1 2 7 8 -6 9 -8 -9 -10 -11 -12
leaf_value=0.0028999585215138293 0.0013082312271262956 -0.0012920626731723964 0.0026145883010649908 0.0052009039954306795 -0.0052748535958945381 -0.0014889912538698009 -0.0078069001259549638 -0.0027944520723620992 -0.00019393367410892038 7.9690960787641088e-05 -0.0059627434426577086
leaf_weight=129 4432 3741 1177 568 297 164 472 216 153 156 429
leaf_count=129 4432 3741 1177 568 297 164 472 216 153 156 429
internal_value=2.46042e-05 0.00029778 -0.00070286 0.00132791 0.000745934 -0.00339043 -0.00166104 0.00218616 0.00510503 -0.00474967 -0.00598871
internal_weight=11934 11056 5606 5450 4729 878 4213 1393 721 749 593
internal_count=11934 11056 5606 5450 4729 878 4213 1393 721 749 593
is_linear=0
shrinkage=0.025


Tree=54
num_leaves=15
num_cat=0
split_feature=37 10 15 4 34 38 31 14 48 31 11 2 12 35
split_gain=17.2348 16.4964 12.6768 12.4866 11.3798 14.9876 6.75929 6.26317 5.6926 5.89771 3.86737 3.85516 3.338 2.99731
threshold=0.023608304560184482 0.023232261650264267 0.88793104887008678 0.14871504157781604 -0.049468167126178735 -0.14817748963832852 2.2276246547698979 0.38114453852176672 0.45689655840396887 1.5439035296440127 0.023422298021614555 0.11647406965494157 -0.1293874382972717 0.14143698662519458
decision_type=2 2 2 2 2 2 2 2 2 2 2 2 2 2
left_child=1 2 3 -1 5 7 11 -2 12 -10 -7 -6 -3 -4
right_child=4 8 13 -5 6 10 -8 -9 9 -11 -12 -13 -14 -15
leaf_value=-0.00081489492374123285 0.0097270230768972624 -0.0097994629534052229 -0.0064616712635395873 0.00087232086387532273 0.005782091560202679 -0.0014990726104396974 -0.00045324746236973944 0.001203868104488766 -0.00013988073484261232 -0.0054733619728730525 -0.0067072878952728794 0.0020093527382225528 -0.0039381989294054315 -0.0025638559349967088
leaf_weight=3694 144 207 189 5162 623 231 130 304 429 274 137 143 128 204
leaf_count=3694 144 207 189 5162 623 231 130 304 429 274 137 143 128 204
internal_value=6.50825e-05 -0.000321245 1.41831e-05 0.000210896 0.00238425 0.000235993 0.00432159 0.00329746 -0.00330177 -0.00198623 -0.0034685 0.00521239 -0.00597426 -0.00434987
internal_weight=11999 10287 9249 8856 1712 816 896 448 1038 703 368 766 335 393
internal_count=11999 10287 9249 8856 1712 816 896 448 1038 703 368 766 335 393
is_linear=0
shrinkage=0.025


Tree=55
num_leaves=8
num_cat=0
split_feature=40 40 43 31 31 13 36
split_gain=17.35 16.9678 15.5746 21.7438 7.55363 6.8207 5.44209
threshold=1.5033391714096072 0.62000468373298656 -0.21346437186002729 2.1967362165451054 1.5439035296440127 -0.47489054501056666 0.233985111117363
decision_type=2 2 2 2 2 2 2
left_child=1 4 5 -4 6 -3 -1
right_child=-2 2 3 -5 -6 -7 -8
leaf_value=-0.0034559963138693279 -0.010507871476523552 0.0040793583127302887 0.0013681137212636129 -0.0023366014240661843 -0.0058120748147410112 -0.0020059392824286165 0.00041613072730948484
leaf_weight=386 146 147 7391 1387 145 2124 328
leaf_count=386 146 147 7391 1387 145 2124 328
internal_value=1.814e-05 0.000125388 0.000389565 0.000867443 -0.00324797 -0.00145266 -0.00214708
internal_weight=12054 11908 11049 8778 859 2271 714
internal_count=12054 11908 11049 8778 859 2271 714
is_linear=0
shrinkage=0.025


Tree=56
num_leaves=14
num_cat=0
split_feature=37 36 34 16 38 37 37 34 17 2 17 46 44
split_gain=16.8217 22.5934 17.9516 21.5785 13.5167 10.4676 10.3167 8.56444 5.64284 4.84307 4.3618 3.98338 2.77766
threshold=0.023608304560184482 0.51813128590583812 0.16881616413593295 0.016442125663161281 -0.19596569985151288 0.01268177153542638 0.0087030599825084227 -0.057326314970850938 0.28273808956146246 0.09559256955981256 0.45425654947757726 0.67663240432739269 0.023144875653088096
decision_type=2 2 2 2 2 2 2 2 2 2 2 2 2
left_child=2 7 3 6 -5 12 -1 8 -2 -9 -7 -3 -4
right_child=1 11 5 4 -6 10 -8 9 -10 -11 -12 -13 -14
leaf_value=0.0025667184420118394 -0.0022261944157198946 -0.00074090940557191014 0.0055332218030017593 0.0074888230245901497 -0.0014686093325512726 -0.0033990649407219923 0.00025077251962214931 0.0059457575388437451 0.0033012048318641074 0.002616096177485486 0.001551333339454298 -0.0050674402546828611 0.0030129630343564643
leaf_weight=724 134 231 333 127 7101 148 1358 614 395 233 348 121 181
leaf_count=724 134 231 333 127 7101 148 1358 614 395 233 348 121 181
internal_value=0.000126006 0.00240551 -0.000256053 -0.00060051 -0.00124689 0.00290025 0.00163812 0.00385138 0.00132257 0.0054064 0.000286926 -0.00320378 0.00538295
internal_weight=12048 1728 10320 9310 7228 1010 2082 1376 529 847 496 352 514
internal_count=12048 1728 10320 9310 7228 1010 2082 1376 529 847 496 352 514
is_linear=0
shrinkage=0.025


Tree=57
num_leaves=9
num_cat=0
split_feature=40 38 19 36 36 37 35 36
split_gain=17.9057 15.6422 14.711 14.6248 35.6014 31.6114 11.6238 8.99834
threshold=1.5033391714096072 -0.018733770586550232 0.078994479030370726 0.233985111117363 0.36900384724140173 0.0090392800047993677 0.13185491412878039 0.28969728946685797
decision_type=2 2 2 2 2 2 2 2
left_child=1 3 6 5 -5 -1 -3 -4
right_child=-2 2 7 4 -6 -7 -8 -9
leaf_value=0.0031447499951846899 -0.010173741219647113 0.0004853406683451196 -0.0026698546357645557 0.0049190552129161624 -0.00031032790944478462 -0.0010331360110250279 -0.0044580477429137415 0.00091239987759428884
leaf_weight=745 146 446 848 1498 1668 3570 1252 1847
leaf_count=745 146 446 848 1498 1668 3570 1252 1847
internal_value=0.000151247 0.000260439 -0.000922294 0.000955951 0.00224495 7.2338e-06 -0.00274149 0.000224537
internal_weight=12020 11874 4393 7481 3166 4315 1698 2695
internal_count=12020 11874 4393 7481 3166 4315 1698 2695
is_linear=0
shrinkage=0.025


Tree=58
num_leaves=11
num_cat=0
split_feature=37 36 40 40 42 34 31 45 22 25
split_gain=16.3156 22.1413 16.1549 13.3796 14.4495 9.48294 6.7344 6.15707 4.64618 1.74303
threshold=0.023608304560184482 0.52148410677909862 1.5033391714096072 0.62000468373298656 -0.037408631294965737 -0.057326314970850938 1.184853792190552 0.29548789560794836 0.83448368310928356 -8.2628235816955549
decision_type=2 2 2 2 2 2 2 2 2 2
left_child=2 5 3 6 -5 7 -1 -2 -7 -3
right_child=1 9 -4 4 -6 8 -8 -9 -10 -11
leaf_value=-0.0015243856549875799 -0.0035627714362376885 -0.00054940692394526915 -0.010554047979175939 -0.0013283678285820279 0.0007545242780577472 0.0055854609157806358 -0.005846165348477643 0.003393494444974993 0.0027183755773387791 -0.0040718132773732516
leaf_weight=602 159 130 131 3387 5976 618 189 392 216 201
leaf_count=602 159 130 131 3387 5976 618 189 392 216 201
internal_value=6.71539e-05 0.0023206 -0.000309159 -0.000193794 7.00523e-05 0.00370953 -0.00330559 0.00113534 0.00538588 -0.00344122
internal_weight=12001 1716 10285 10154 9363 1385 791 551 834 331
internal_count=12001 1716 10285 10154 9363 1385 791 551 834 331
is_linear=0
shrinkage=0.025


Tree=59
num_leaves=11
num_cat=0
split_feature=48 38 19 31 30 17 46 30 38 46
split_gain=16.4426 15.6426 14.701 14.203 13.1467 13.0112 10.2986 7.50075 5.15064 0.963927
threshold=0.038517974317073829 -0.12010642513632773 0.007062391610816122 2.0165818929672246 -0.36818897724151606 0.091788396239280715 0.40040352940559393 -0.39310279488563532 -0.17025320976972577 0.73275861144065868
decision_type=2 2 2 2 2 2 2 2 2 2
left_child=6 5 4 -4 -3 7 -1 -2 -7 -8
right_child=1 2 3 -5 -6 8 9 -9 -10 -11
leaf_value=0.00061300019835734275 0.0029093324613724079 0.00081081138221762163 0.00091554295274718029 -0.0020790079115578161 -0.003449411991229018 0.0059539437553786725 -0.0033203742562084512 -0.0028504263061223823 0.0019797568549919874 -0.0049263275151257436
leaf_weight=139 209 708 5214 1335 1921 608 125 360 1223 173
leaf_count=139 209 708 5214 1335 1921 608 125 360 1223 173
internal_value=7.95549e-05 0.000260619 -0.000208946 0.000424359 -0.00178673 0.00205561 -0.00465215 -0.0012304 0.00308075 -0.0072401
internal_weight=12015 11578 9178 6549 2629 2400 437 569 1831 298
internal_count=12015 11578 9178 6549 2629 2400 437 569 1831 298
is_linear=0
shrinkage=0.025


Tree=60
num_leaves=8
num_cat=0
split_feature=40 31 43 40 38 35 26
split_gain=15.7186 15.7362 20.0336 20.8898 11.3507 10.9762 9.46086
threshold=1.5033391714096072 1.754205644130707 -0.012299443129450081 0.47328618168830877 -0.160966582596302 0.21277754008769992 0.020756896585226062
decision_type=2 2 2 2 2 2 2
left_child=1 2 6 -4 -3 -6 -1
right_child=-2 4 3 -5 5 -7 -8
leaf_value=-0.0015391679012411591 -0.0097906246167384844 0.0033960522113233639 -0.0027844828722506931 0.0021357657484878585 -0.0050671035260094234 -0.00045170695311408176 0.00059870457180205843
leaf_weight=2587 134 191 222 3895 1127 1184 2727
leaf_count=2587 134 191 222 3895 1127 1184 2727
internal_value=0.000128914 0.000226692 0.000694812 0.00200297 -0.00153321 -0.00202127 -0.000318434
internal_weight=12067 11933 9431 4117 2502 2311 5314
internal_count=12067 11933 9431 4117 2502 2311 5314
is_linear=0
shrinkage=0.025


Tree=61
num_leaves=13
num_cat=0
split_feature=34 38 36 37 36 35 35 36 37 43 11 41
split_gain=16.4128 28.8901 20.5501 33.7275 31.0438 9.20199 8.75174 12.2801 9.34627 5.06718 4.49292 3.39024
threshold=0.14313192665576938 -0.018733770586550232 0.23131252825260165 0.0090677323751151579 0.40478394925594335 0.38581290841102606 0.1280065327882767 0.28969728946685797 0.013353719376027586 0.38963606953620916 0.0118633802048862 0.61379730701446544
decision_type=2 2 2 2 2 2 2 2 2 2 2 2
left_child=1 2 3 -1 -4 9 8 -8 -3 10 -2 -7
right_child=5 6 4 -5 -6 11 7 -9 -10 -11 -12 -13
leaf_value=0.0031586271104239064 0.0061946351626490734 -0.0012730575414056117 0.0041482012635769309 -0.0014890908120216971 -0.00067290566023792131 0.0012313223142927496 -0.0076046235710309287 -0.0016072487998471934 0.006603459605658302 -0.0016927053759938444 0.0025218199544043253 -0.0036204062512271958
leaf_weight=791 170 487 1851 3257 1290 120 764 1644 174 123 1151 143
leaf_count=791 170 487 1851 3257 1290 120 764 1644 174 123 1151 143
internal_value=0.000102861 -0.000274652 0.000591639 -0.000584444 0.00210784 0.0023693 -0.00230359 -0.00300197 0.00023461 0.00315304 0.00360577 -0.00188899
internal_weight=11965 10258 7189 4048 3141 1707 3069 2408 661 1444 1321 263
internal_count=11965 10258 7189 4048 3141 1707 3069 2408 661 1444 1321 263
is_linear=0
shrinkage=0.025


Tree=62
num_leaves=14
num_cat=0
split_feature=31 40 45 36 13 38 40 35 17 30 38 41 34
split_gain=16.6371 18.007 19.1264 18.4691 10.8708 9.89771 12.5663 11.2727 10.0114 9.70683 2.82032 2.62743 1.67654
threshold=1.7338141202926638 1.3354960680007937 0.3706896454095841 0.23131252825260165 -0.25731857120990748 -0.12010642513632773 1.1218935251235964 0.20559851080179217 0.70258098840713512 -0.4535056203603744 -0.17025320976972577 0.74943372607231151 -0.03212331794202327
decision_type=2 2 2 2 2 2 2 2 2 2 2 2 2
left_child=1 2 9 -4 -3 10 7 -7 -8 -1 -2 -6 -12
right_child=5 4 3 -5 11 6 8 -9 -10 -11 12 -13 -14
leaf_value=0.0015291140786117792 0.004544771562691413 0.00085859471034381921 0.0003798746262298883 0.0027561276572377782 -0.0048248975999079626 -0.0062854056191850877 -0.0078969711098772887 -0.0014768529359007597 0.0023831155297134631 -0.0012997495431925244 -0.0026202747097954756 -0.0091537866886443071 0.002389747698575544
leaf_weight=916 134 144 2688 2440 130 722 135 837 487 2971 149 133 120
leaf_count=916 134 144 2688 2440 130 722 135 837 487 2971 149 133 120
internal_value=0.000116039 0.000603983 0.000837722 0.00183981 -0.00450546 -0.00165846 -0.00232445 -0.00352062 0.000667863 -0.000483363 0.00191483 -0.00748601 0.000387774
internal_weight=12006 9422 9015 5128 407 2584 2181 1559 622 3887 403 263 269
internal_count=12006 9422 9015 5128 407 2584 2181 1559 622 3887 403 263 269
is_linear=0
shrinkage=0.025


Tree=63
num_leaves=8
num_cat=0
split_feature=40 31 36 35 43 36 43
split_gain=14.6568 13.3988 16.1342 24.6667 13.3591 6.87077 4.6523
threshold=1.5033391714096072 3.0958909988403325 0.22854358702898028 0.12682235985994342 0.057914366945624358 0.26864442229270941 0.54513904452323925
decision_type=2 2 2 2 2 2 2
left_child=1 2 3 -1 -4 -3 -7
right_child=-2 5 4 -5 -6 6 -8
leaf_value=0.00027380394191096473 -0.0094230946447688511 0.0016270982683703273 0.00020960066403275595 -0.0041711522640100291 0.0027615212051945504 -0.0027042544629766866 -0.010232863502130589
leaf_weight=3744 140 120 3860 1399 2356 280 157
leaf_count=3744 140 120 3860 1399 2356 280 157
internal_value=1.19186e-05 0.000108527 0.000295341 -0.000739365 0.00115235 -0.00365881 -0.00510464
internal_weight=12056 11916 11359 5143 6216 557 437
internal_count=12056 11916 11359 5143 6216 557 437
is_linear=0
shrinkage=0.025


Tree=64
num_leaves=11
num_cat=0
split_feature=40 48 40 44 31 46 45 13 20 9
split_gain=14.4092 15.6313 11.9168 11.556 10.9026 9.30584 7.14243 6.64678 3.66475 1.62747
threshold=1.3354960680007937 0.038517974317073829 1.0723580718040469 0.021580318920314315 2.0165818929672246 0.3706896454095841 0.52457812428474437 -0.15999644994735715 0.31126907467842108 0.024953630752861503
decision_type=2 2 2 2 2 2 2 2 2 2
left_child=1 5 4 7 -3 -1 -4 -2 -5 -7
right_child=3 2 6 8 -6 9 -8 -9 -10 -11
leaf_value=0.0010980350223267835 -0.0022465580154764605 0.00021462726122442393 0.00050743272628866749 0.0035965920983395978 -0.0024875774596425579 -0.0019189975380759713 0.0025811331201225671 -0.010204796091066113 -0.0089295168334301064 -0.0067809087587598904
leaf_weight=128 121 6640 1544 129 1177 120 1645 167 140 197
leaf_count=128 121 6640 1544 129 1177 120 1645 167 140 197
internal_value=2.65338e-05 0.000218772 0.000405844 -0.00388123 -0.000119055 -0.00434722 0.00169263 -0.00731655 -0.000114051 -0.00661879
internal_weight=12008 11451 11006 557 7817 445 3189 288 269 317
internal_count=12008 11451 11006 557 7817 445 3189 288 269 317
is_linear=0
shrinkage=0.025


Tree=65
num_leaves=8
num_cat=0
split_feature=40 48 45 46 30 46 46
split_gain=15.8541 13.8003 14.6468 16.3586 9.69215 8.63496 2.07613
threshold=1.5033391714096072 0.038517974317073829 0.3706896454095841 0.63811445236206066 -0.44224575161933893 0.69589141011238109 0.3706896454095841
decision_type=2 2 2 2 2 2 2
left_child=1 5 4 -4 -3 6 -1
right_child=-2 2 3 -5 -6 -7 -8
leaf_value=0.0011243986518082326 -0.0088780278563051034 0.001235305245622069 0.001948139716378583 -0.00016523276557749711 -0.0016755675184749214 -0.0044230253680474585 -0.0021793498681432822
leaf_weight=123 145 956 3553 3775 3195 192 129
leaf_count=123 145 956 3553 3775 3195 192 129
internal_value=3.46848e-05 0.000136758 0.000305316 0.000977601 -0.000879752 -0.00416203 -0.00104572
internal_weight=12068 11923 11479 7328 4151 444 252
internal_count=12068 11923 11479 7328 4151 444 252
is_linear=0
shrinkage=0.025


Tree=66
num_leaves=9
num_cat=0
split_feature=40 31 26 36 40 40 26 38
split_gain=13.8016 13.7682 16.9604 18.0602 13.4593 12.4717 13.9331 10.8215
threshold=1.5033391714096072 2.1967362165451054 0.020682200789451603 -0.023579191416501995 0.5422671139240266 1.1304404735565188 0.032120700925588615 -0.12114493548870085
decision_type=2 2 2 2 2 2 2 2
left_child=1 2 3 -1 -4 7 -7 -3
right_child=-2 5 4 -5 -6 6 -8 -9
leaf_value=0.0022908823519795798 -0.0083785053862689887 0.0016556459437786582 -0.0027031344856829568 -0.0013569131796363017 0.0016022896156965005 0.0065292009322458272 -0.0035447873890097196 -0.0045953297890274939
leaf_weight=612 136 193 277 3450 6099 161 197 945
leaf_count=612 136 193 277 3450 6099 161 197 945
internal_value=1.81159e-05 0.000110457 0.000432706 -0.000828313 0.00123707 -0.00212775 0.00191116 -0.00340661
internal_weight=12070 11934 10438 4062 6376 1496 358 1138
internal_count=12070 11934 10438 4062 6376 1496 358 1138
is_linear=0
shrinkage=0.025


Tree=67
num_leaves=8
num_cat=0
split_feature=40 34 34 40 35 33 11
split_gain=15.555 12.7966 13.7344 11.1713 9.21391 7.53383 5.06402
threshold=1.5033391714096072 0.14227169752120974 0.090626247227191939 0.62000468373298656 0.41625252366065985 0.016800493933260444 0.0118633802048862
decision_type=2 2 2 2 2 2 2
left_child=1 2 3 -1 6 -4 -3
right_child=-2 4 5 -5 -6 -7 -8
leaf_value=-0.0023679376411015747 -0.0083954326591362868 0.0053142746782956496 -0.0015725019392200197 0.00049160526656209238 -0.0025846051605228904 -0.0080024042968681753 0.002045602102530554
leaf_weight=598 141 195 1669 7650 234 218 1334
leaf_count=598 141 195 1669 7650 234 218 1334
internal_value=1.92004e-05 0.000119193 -0.00022251 0.000217345 0.00208215 -0.0021439 0.00279091
internal_weight=12039 11898 10135 8248 1763 1887 1529
internal_count=12039 11898 10135 8248 1763 1887 1529
is_linear=0
shrinkage=0.025


Tree=68
num_leaves=13
num_cat=0
split_feature=34 38 36 36 36 42 41 35 40 16 16 9
split_gain=14.66 22.2721 14.6531 27.3084 18.4169 9.25235 9.37462 6.87322 6.29968 5.71933 16.5628 5.11087
threshold=0.14227169752120974 -0.018733770586550232 0.23131252825260165 0.31316432356834417 -0.023579191416501995 -0.078931789845228181 0.55670496821403515 0.41625252366065985 1.0860809683799746 0.024139283224940303 0.02272752765566111 0.027998990379273895
decision_type=2 2 2 2 2 2 2 2 2 2 2 2
left_child=1 2 4 -4 -1 8 -7 9 -3 10 -2 -11
right_child=7 5 3 -5 -6 6 -8 -9 -10 11 -12 -13
leaf_value=0.0021003188949663648 0.0029484803030575672 -0.0062004606359684564 0.0051996562086164353 0.00018000711129881054 -0.0013805362968786678 8.7120771103330061e-07 -0.0033587642695540737 -0.0022332827113365531 -0.0022964618498632385 0.0050793057593651854 -0.0054153780525456365 0.0024431556405957486
leaf_weight=917 516 359 1015 2176 3093 1408 1030 234 261 395 207 448
leaf_count=917 516 359 1015 2176 3093 1408 1030 234 261 395 207 448
internal_value=0.00012071 -0.000244179 0.000514328 0.00177761 -0.000490349 -0.00203028 -0.00132777 0.00219875 -0.00475 0.00279679 0.00114183 0.00419369
internal_weight=12059 10259 7201 3191 4010 3058 2438 1800 620 1566 723 843
internal_count=12059 10259 7201 3191 4010 3058 2438 1800 620 1566 723 843
is_linear=0
shrinkage=0.025


Tree=69
num_leaves=8
num_cat=0
split_feature=40 16 16 38 34 33 16
split_gain=15.0393 15.424 14.1735 14.4059 11.6683 6.82983 5.81849
threshold=1.5033391714096072 0.015344067476689817 0.02408415358513594 -0.10395491868257521 0.12522014975547793 0.0090489266440272349 0.015048910398036243
decision_type=2 2 2 2 2 2 2
left_child=1 5 3 -3 -4 6 -1
right_child=-2 2 4 -5 -6 -7 -8
leaf_value=0.00072798158565707475 -0.0080056479767939663 0.0008772552820176722 -1.7845668223388789e-05 -0.0019242716535985424 0.0026618489536151535 0.0056660500532115937 0.0047385399682240235
leaf_weight=1074 149 1949 2291 4990 1121 197 195
leaf_count=1074 149 1949 2291 4990 1121 197 195
internal_value=-7.04828e-05 3.01345e-05 -0.000309603 -0.000958561 0.00100783 0.00242607 0.00173175
internal_weight=11966 11817 10351 6939 3412 1466 1269
internal_count=11966 11817 10351 6939 3412 1466 1269
is_linear=0
shrinkage=0.025


Tree=70
num_leaves=9
num_cat=0
split_feature=40 40 26 9 46 17 30 4
split_gain=15.0739 14.1309 10.0065 18.8734 9.7405 8.84808 6.10484 1.98372
threshold=1.5033391714096072 0.66295796632766735 0.020682200789451603 0.01789297349750996 0.74303007125854503 1.141581177711487 0.18893966823816302 0.28872200846672064
decision_type=2 2 2 2 2 2 2 2
left_child=1 4 3 -3 6 -4 -1 -6
right_child=-2 2 5 -5 7 -7 -8 -9
leaf_value=-0.0027956355693727537 -0.0079014365364991797 0.0016722864317256865 0.0011778175992807963 -0.0016765007698218801 -0.0037589358130150925 -0.0024676411541717821 0.00089769625662187297 -0.0093359446186027373
leaf_weight=471 137 1023 6508 2631 120 727 299 126
leaf_count=471 137 1023 6508 2631 120 727 299 126
internal_value=-4.51357e-05 5.09026e-05 0.000314967 -0.000749863 -0.00276077 0.000853764 -0.00134677 -0.00704681
internal_weight=12042 11905 10889 3654 1016 7235 770 246
internal_count=12042 11905 10889 3654 1016 7235 770 246
is_linear=0
shrinkage=0.025


Tree=71
num_leaves=7
num_cat=0
split_feature=40 48 45 46 13 45
split_gain=16.3068 12.2565 13.9425 12.5379 8.32917 5.78121
threshold=1.5033391714096072 0.038517974317073829 0.48606015741825109 0.69589141011238109 -0.49232041835784907 0.54310345649719249
decision_type=2 2 2 2 2 2
left_child=1 5 4 -4 -3 -1
right_child=-2 2 3 -5 -6 -7
leaf_value=-0.0007014467111491438 -0.007803302311536215 0.0055891168606271475 0.0020041355482400686 3.0804623855652805e-05 -0.00079632609238338152 -0.0042864342602995263
leaf_weight=202 144 152 2884 3124 5297 229
leaf_count=202 144 152 2884 3124 5297 229
internal_value=3.89424e-05 0.000142416 0.000299359 0.00112984 -0.000615374 -0.00397076
internal_weight=12032 11888 11457 6008 5449 431
internal_count=12032 11888 11457 6008 5449 431
is_linear=0
shrinkage=0.025


Tree=72
num_leaves=15
num_cat=0
split_feature=36 37 38 35 17 38 36 35 16 34 17 37 33 11
split_gain=12.3727 26.907 19.8666 16.4833 16.4148 16.3923 26.5084 24.0429 19.2325 19.0771 14.3716 11.8932 11.71 8.23291
threshold=0.22854358702898028 0.0091993757523596304 -0.1893995255231857 0.1280065327882767 -0.36830811202526087 -0.019290159456431862 0.40900233387947088 0.02983854524791241 0.024845681153237823 0.166938491165638 0.29587155580520635 0.012513828929513695 0.0013905926607549193 0.012643266934901478
decision_type=2 2 2 2 2 2 2 2 2 2 2 2 2 2
left_child=1 3 10 13 -4 6 7 -2 -8 12 -3 -11 -7 -1
right_child=5 2 4 -5 -6 9 8 -9 -10 11 -12 -13 -14 -15
leaf_value=0.004543993352309675 0.00015934770381776931 -0.0019697406262259576 0.0048347862192838894 -0.0028158143538240007 -0.0026770535670369551 -0.0040409155815478871 -0.0031896350754324222 0.0050275697775188314 0.0024770773035533754 0.004282437533630193 0.008401345389990723 -0.0001767580438316402 -0.00046083613986305853 0.00092842971867621862
leaf_weight=519 768 225 151 330 3527 755 699 1221 568 447 297 431 1764 393
leaf_count=519 768 225 151 330 3527 755 699 1221 568 447 297 431 1764 393
internal_value=3.97727e-05 -0.000843354 -0.00179994 0.00238071 -0.00244875 0.00076318 0.00202967 0.00382711 -0.000791077 -0.000450103 0.00273956 0.00271093 -0.00155755 0.00410987
internal_weight=12095 5442 4200 1242 3678 6653 3256 1989 1267 3397 522 878 2519 912
internal_count=12095 5442 4200 1242 3678 6653 3256 1989 1267 3397 522 878 2519 912
is_linear=0
shrinkage=0.025


Tree=73
num_leaves=8
num_cat=0
split_feature=40 40 43 44 39 30 17
split_gain=12.8441 10.553 11.1084 11.0593 9.90409 5.46083 5.15483
threshold=1.5033391714096072 0.62000468373298656 -0.21346437186002729 0.042453670874238021 1.2686952948570254 0.63731026649475109 0.10796203464269639
decision_type=2 2 2 2 2 2 2
left_child=1 5 4 -4 -3 6 -1
right_child=-2 2 3 -5 -6 -7 -8
leaf_value=0.00073285942440912968 -0.0075186773497008851 -0.0020120572911895354 0.00089905734565265134 -0.0075058660116810927 0.0016604428242786504 0.0015038669608984736 -0.0035378593555483542
leaf_weight=123 134 1859 8512 217 375 176 560
leaf_count=123 134 1859 8512 217 375 176 560
internal_value=4.54602e-05 0.000134755 0.000344753 0.000747796 -0.00122544 -0.00252459 -0.00353379
internal_weight=11956 11822 10963 8729 2234 859 683
internal_count=11956 11822 10963 8729 2234 859 683
is_linear=0
shrinkage=0.025


Tree=74
num_leaves=9
num_cat=0
split_feature=40 31 36 37 36 40 38 46
split_gain=15.5863 12.1824 16.4576 23.7788 20.3842 13.3381 10.4008 8.79113
threshold=1.5033391714096072 2.1967362165451054 0.23131252825260165 0.0091993757523596304 0.3121714740991593 1.1366943717002871 -0.12114493548870085 0.8479457199573518
decision_type=2 2 2 2 2 2 2 2
left_child=1 2 3 -1 -4 6 -3 -7
right_child=-2 5 4 -5 -6 7 -8 -9
leaf_value=0.0020324100764273242 -0.0073687486439762947 0.0015864582913072218 0.0039119042429442176 -0.0014256046954608777 0.00038300458315882472 -0.0014946239059123664 -0.0039327853971838425 0.0055191703227130762
leaf_weight=1203 139 195 1492 3799 3901 170 951 182
leaf_count=1203 139 195 1492 3799 3901 170 951 182
internal_value=0.000144866 0.000244264 0.000548678 -0.000483074 0.00150634 -0.00185878 -0.00316573 0.00236345
internal_weight=12032 11893 10395 5002 5393 1498 1146 352
internal_count=12032 11893 10395 5002 5393 1498 1146 352
is_linear=0
shrinkage=0.025


Tree=75
num_leaves=9
num_cat=0
split_feature=40 31 36 26 36 40 26 36
split_gain=13.6161 11.093 14.7827 18.4181 18.2687 11.7471 13.8636 7.2127
threshold=1.5033391714096072 2.1967362165451054 0.22854358702898028 0.017548909410834316 0.035716563463211067 1.1271970272064211 0.032120700925588615 0.11723664775490762
decision_type=2 2 2 2 2 2 2 2
left_child=1 2 4 -4 -1 7 -7 -3
right_child=-2 5 3 -5 -6 6 -8 -9
leaf_value=0.0012431832843702211 -0.0069997760714243492 0.0019939417873339194 -0.0021034801238163045 0.001659959075442319 -0.0019045857381940299 0.0061999313325684993 -0.0034520318845017378 -0.0035697349964746009
leaf_weight=1769 138 151 894 4543 3222 162 206 956
leaf_count=1769 138 151 894 4543 3222 162 206 956
internal_value=1.91972e-05 0.000111795 0.000399573 0.00130122 -0.000581715 -0.00191301 0.00192694 -0.00319807
internal_weight=12041 11903 10428 5437 4991 1475 368 1107
internal_count=12041 11903 10428 5437 4991 1475 368 1107
is_linear=0
shrinkage=0.025


Tree=76
num_leaves=13
num_cat=0
split_feature=34 38 36 36 9 42 35 41 40 43 43 41
split_gain=13.1992 20.3842 14.3409 25.1184 21.2207 9.93566 9.70452 9.31939 6.32668 4.44138 5.04974 2.47436
threshold=0.14227169752120974 -0.018054890446364876 0.22854358702898028 0.46091017127037054 0.01679316442459822 -0.078931789845228181 0.38581290841102606 0.55670496821403515 1.0950488448143008 0.38963606953620916 0.052593497559428222 0.62118589878082286
decision_type=2 2 2 2 2 2 2 2 2 2 2 2
left_child=1 2 4 -4 -1 8 9 -7 -3 10 -2 -8
right_child=6 5 3 -5 -6 7 11 -9 -10 -11 -12 -13
leaf_value=0.0024629623002959014 0.0019006114403392047 -0.00680256022791389 0.0027515505904375961 -0.001758664861029563 -0.001177795653802738 -7.8620559114685881e-05 7.7932881647001944e-05 -0.0030100064684011186 -0.0030301523924589307 -0.002458580578733085 0.0040104542602797137 -0.0036457209764894968
leaf_weight=563 891 368 2451 784 3413 1424 124 1052 247 122 488 140
leaf_count=563 891 368 2451 784 3413 1424 124 1052 247 122 488 140
internal_value=-1.29432e-05 -0.000355947 0.00037157 0.00160687 -0.000632693 -0.00205305 0.00198093 -0.00133767 -0.00488911 0.00275979 0.00316564 -0.00239312
internal_weight=12067 10302 7211 3235 3976 3091 1765 2476 615 1501 1379 264
internal_count=12067 10302 7211 3235 3976 3091 1765 2476 615 1501 1379 264
is_linear=0
shrinkage=0.025


Tree=77
num_leaves=9
num_cat=0
split_feature=40 36 37 38 31 26 9 43
split_gain=14.9109 10.4698 26.1858 18.3825 18.0193 16.7466 16.3235 6.62038
threshold=1.5033391714096072 0.22854358702898028 0.0091993757523596304 -0.1893995255231857 3.0958909988403325 0.015605437569320204 0.018369424156844619 0.36751335859298712
decision_type=2 2 2 2 2 2 2 2
left_child=1 2 6 -4 5 -3 -1 -6
right_child=-2 4 3 -5 7 -7 -8 -9
leaf_value=0.0040604667135356693 -0.0068390269815334168 -0.0032545077858492852 0.0042278366698573072 -0.0022490868570954089 -0.00062346975352322036 0.0013776587377763772 -0.00017281300508264764 -0.0071012154054019422
leaf_weight=526 148 510 505 3585 180 5619 695 262
leaf_count=526 148 510 505 3585 180 5619 695 262
internal_value=-4.7258e-05 5.20527e-05 -0.000772432 -0.0017323 0.000719472 0.00107291 0.00243169 -0.00412472
internal_weight=12030 11882 5311 4090 6571 6129 1221 442
internal_count=12030 11882 5311 4090 6571 6129 1221 442
is_linear=0
shrinkage=0.025


Tree=78
num_leaves=13
num_cat=0
split_feature=36 36 31 38 37 36 17 17 46 40 44 44
split_gain=12.1938 16.9805 21.417 15.794 15.4288 14.6095 10.6598 8.02869 5.67252 5.25416 4.20823 3.52862
threshold=-0.0083278417587280256 0.22854358702898028 3.1912735700607304 -0.1893995255231857 0.0080842347815632837 0.31316432356834417 0.29966948926448828 1.0000000180025095e-35 0.73275861144065868 0.79328009486198436 0.029032828286290172 0.018837424926459793
decision_type=2 2 2 2 2 2 2 2 2 2 2 2
left_child=7 3 5 6 -5 -3 -2 -1 9 -9 -4 -10
right_child=1 2 10 4 -6 -7 -8 8 11 -11 -12 -13
leaf_value=-0.0013679055299912369 -0.0023201926042427878 0.0028680984105900324 -0.0013038643858899483 0.0020959293653987376 -0.0024965036418193075 0.00014539722214469976 0.0075448190143430072 0.00043011411056823328 -0.00055873806949784111 0.0047306410582136534 -0.0093811845676027503 0.0028450171215460827
leaf_weight=213 141 1764 183 494 3489 4475 237 121 127 405 233 168
leaf_count=213 141 1764 183 494 3489 4475 237 121 127 405 233 168
internal_value=5.13273e-05 -0.000192247 0.000601539 -0.00140432 -0.00186967 0.000969931 0.00344321 0.00264076 0.00376059 0.00530838 -0.00485451 0.0009375
internal_weight=12050 11016 6655 4361 3983 6239 378 1034 821 526 416 295
internal_count=12050 11016 6655 4361 3983 6239 378 1034 821 526 416 295
is_linear=0
shrinkage=0.025


Tree=79
num_leaves=8
num_cat=0
split_feature=40 48 45 46 46 39 26
split_gain=16.4891 12.434 11.5356 17.8586 8.72772 8.52868 1.78676
threshold=1.5033391714096072 0.038517974317073829 0.3706896454095841 0.62931033968925487 0.71515038609504711 1.0823754072189333 0.026518352329730991
decision_type=2 2 2 2 2 2 2
left_child=1 4 5 -4 6 -3 -1
right_child=-2 2 3 -5 -6 -7 -8
leaf_value=0.00047016870642288826 -0.0065528737537298744 -0.0014921122680386291 0.0018521678837269129 -0.0002053516574285208 -0.0038210897715704063 0.00066922420172023942 -0.0023035778137557514
leaf_weight=123 144 2752 3387 3973 180 1349 132
leaf_count=123 144 2752 3387 3973 180 1349 132
internal_value=8.45787e-05 0.000188535 0.000347222 0.000939409 -0.00393466 -0.000713894 -0.000889423
internal_weight=12040 11896 11461 7360 435 4101 255
internal_count=12040 11896 11461 7360 435 4101 255
is_linear=0
shrinkage=0.025


Tree=80
num_leaves=11
num_cat=0
split_feature=38 34 38 34 5 33 11 35 34 10
split_gain=12.3769 14.9841 17.0278 21.8912 11.5299 9.37883 7.63952 5.63081 2.63367 1.87485
threshold=-0.17025320976972577 0.14313192665576938 -0.018733770586550232 -0.034104479476809495 0.022861252538859848 0.015821800567209724 0.0118633802048862 0.38581290841102606 0.051445227116346366 0.021551411598920826
decision_type=2 2 2 2 2 2 2 2 2 2
left_child=4 2 3 -2 -1 -4 -3 -8 9 -6
right_child=1 6 5 -5 8 -7 7 -9 -10 -11
leaf_value=-0.0018953386300261362 -0.0024270902132263795 0.0048914325982327995 -0.0015254922916401459 0.00085280985048570568 0.0078570515582130664 -0.0076272474966386228 0.0018071829835249827 -0.0019566501230493054 0.0044414892783571375 0.0038894903671707129
leaf_weight=187 1388 196 2793 5027 139 311 1234 260 134 350
leaf_count=187 1388 196 2793 5027 139 311 1234 260 134 350
internal_value=2.33907e-05 -0.000192282 -0.000578145 0.000156737 0.00299847 -0.00209674 0.00197271 0.00134673 0.00462779 0.00547824
internal_weight=12019 11209 9519 6415 810 3104 1690 1494 623 489
internal_count=12019 11209 9519 6415 810 3104 1690 1494 623 489
is_linear=0
shrinkage=0.025


Tree=81
num_leaves=8
num_cat=0
split_feature=40 40 43 31 31 39 35
split_gain=14.2926 11.5866 11.8068 14.0026 9.31196 8.2748 7.61997
threshold=1.5033391714096072 0.6514890491962434 -0.21346437186002729 1.7338141202926638 1.3088943958282473 1.2686952948570254 0.027271212078630928
decision_type=2 2 2 2 2 2 2
left_child=1 4 5 -4 6 -3 -1
right_child=-2 2 3 -5 -6 -7 -8
leaf_value=-0.0032031754119127469 -0.0065055670533451836 -0.0020330315433940162 0.0012433061847220207 -0.001063724580701228 -0.005714290146264886 0.001374895992466714 0.00035272328970735391
leaf_weight=215 141 1859 6419 2279 220 368 516
leaf_count=215 141 1859 6419 2279 220 368 516
internal_value=2.54741e-05 0.000121518 0.000352813 0.000769131 -0.002517 -0.00126848 -0.00112942
internal_weight=12017 11876 10925 8698 951 2227 731
internal_count=12017 11876 10925 8698 951 2227 731
is_linear=0
shrinkage=0.025


Tree=82
num_leaves=13
num_cat=0
split_feature=34 37 17 40 34 37 17 11 30 44 35 29
split_gain=12.1615 13.7627 13.6667 12.7105 7.24318 6.30066 6.49059 6.09157 5.25886 5.17072 3.39513 2.7553
threshold=0.16881616413593295 0.026882612146437172 -0.40648134052753443 1.5033391714096072 -0.040281521156430238 0.012513828929513695 0.45984290540218359 0.028848512098193172 0.018127736635506157 0.025510102510452274 0.23171094059944156 0.057193234562873847
decision_type=2 2 2 2 2 2 2 2 2 2 2 2
left_child=1 2 -1 -4 7 10 -7 -3 -8 -6 -2 -12
right_child=5 4 3 -5 9 6 8 -9 -10 -11 11 -13
leaf_value=0.0045195575753784042 0.0014243571552155845 -0.00046328527895767859 -0.00049823633507293174 -0.0064018426448272069 0.0052295944571773313 -0.0029829982615787124 0.0045468987706137219 0.0043972154918701491 0.00015590999909052413 0.00084442345696501006 0.003483970733433853 0.0059775676188711171
leaf_weight=198 154 557 9512 127 357 177 150 161 261 142 121 172
leaf_count=198 154 557 9512 127 357 177 150 161 261 142 121 172
internal_value=1.70539e-05 -0.000225495 -0.000536603 -0.00067205 0.00227598 0.00260216 0.000874789 0.00064834 0.00259916 0.00457589 0.00482577 0.00639681
internal_weight=12089 11054 9837 9639 1217 1035 588 718 411 499 447 293
internal_count=12089 11054 9837 9639 1217 1035 588 718 411 499 447 293
is_linear=0
shrinkage=0.025


Tree=83
num_leaves=13
num_cat=0
split_feature=37 36 40 40 16 34 43 38 5 13 11 36
split_gain=11.912 15.5579 12.2692 15.016 12.4639 10.3966 9.46561 9.14671 8.64703 6.10308 3.68684 1.80156
threshold=0.023608304560184482 0.5289275348186494 1.3354960680007937 1.0723580718040469 0.015344067476689817 -0.057326314970850938 -0.024101379327476021 -0.12114493548870085 0.75228163599967968 -0.25266005098819727 0.021504980511963371 0.60921487212181102
decision_type=2 2 2 2 2 2 2 2 2 2 2 2
left_child=2 5 3 4 -1 7 -5 -2 9 -4 -7 -3
right_child=1 11 8 6 -6 10 -8 -9 -10 -11 -12 -13
leaf_value=0.0014451040810987304 0.0031396004780353121 -0.0053657245083795326 -0.00072381282482705399 8.5700442168948343e-05 -0.0010508227391634679 0.0051763974008375282 0.0027660548927149367 -0.0045077922184050658 0.0015690772866033939 -0.0066874765798692094 0.0035669250974374417 -0.001097653140143011
leaf_weight=996 365 129 122 1441 6033 340 1235 211 134 265 502 185
leaf_count=996 365 129 122 1441 6033 340 1235 211 134 265 502 185
internal_value=3.91833e-05 0.0019538 -0.000285285 -8.3033e-05 -0.000690397 0.0030701 0.0015083 0.000462565 -0.00400428 -0.00588329 0.00483323 -0.00303683
internal_weight=11958 1732 10226 9705 7029 1418 2676 576 521 387 842 314
internal_count=11958 1732 10226 9705 7029 1418 2676 576 521 387 842 314
is_linear=0
shrinkage=0.025


Tree=84
num_leaves=15
num_cat=0
split_feature=38 34 40 3 33 33 46 30 46 39 37 32 5 41
split_gain=11.3703 21.1082 11.4018 12.8403 9.62267 9.86888 9.60549 7.52981 7.24559 5.72474 5.51282 6.29472 5.73949 1.83227
threshold=-0.018733770586550232 0.14313192665576938 0.73075467348098766 -0.047656133770942681 0.015821800567209724 0.0021003624424338345 0.62931033968925487 -0.44224575161933893 0.69589141011238109 0.75735583901405346 0.013150781858712437 0.8186967968940736 0.65811121463775646 0.53021183609962474
decision_type=2 2 2 2 2 2 2 2 2 2 2 2 2 2
left_child=2 4 8 7 5 -2 -5 -4 9 -1 11 -3 -12 -6
right_child=1 10 3 6 13 -7 -8 -9 -10 -11 12 -13 -14 -15
leaf_value=0.00090393791675959234 -0.0035725066498195099 -0.00011240098899859691 0.0017556507401728318 0.0025521289034214295 -0.0054655871206593584 -0.00033896349676465351 0.0006242252240065832 -0.0018443307168103441 -0.0040051069737043607 -0.0030843695497590183 -0.0028807233489277053 0.0031154352271806855 0.0010475746423492403 -0.008015560111733943
leaf_weight=480 1001 256 655 2370 120 1803 2074 1481 262 215 137 550 429 207
leaf_count=480 1001 256 655 2370 120 1803 2074 1481 262 215 137 550 429 207
internal_value=4.30677e-05 -0.000949701 0.000637265 0.00100892 -0.00208267 -0.00159977 0.00177428 -0.00058092 -0.00190359 -0.000544643 0.00162945 0.0029516 -0.000251751 -0.00611822
internal_weight=12040 4503 7537 6580 3131 2804 4444 2136 957 695 1372 806 566 327
internal_count=12040 4503 7537 6580 3131 2804 4444 2136 957 695 1372 806 566 327
is_linear=0
shrinkage=0.025


end of trees

feature_importances:
source_beta_universe58_252=121
universe58_loo_drawdown_252=87
universe58_loo_log_return_126=84
universe58_loo_log_return_60=80
universe58_loo_realized_volatility_20=73
universe58_loo_log_return_20=68
source_distance_from_252_session_low=50
source_return_skewness_60=43
cross_section_return_dispersion=38
source_momentum_12_1=38
source_residual_momentum_126=38
cross_section_momentum_252_percentile=36
source_parkinson_volatility_20=24
source_downside_volatility_60=18
source_realized_volatility_60=14
source_correlation_universe58_60=14
source_idiosyncratic_volatility_60=13
cross_section_beta_60_percentile=11
source_drawdown_from_252_session_peak=10
cross_section_momentum_126_percentile=10
universe58_loo_log_return_1=8
source_beta_universe58_60=8
source_log_return_126=7
source_log_return_252=7
source_downside_volatility_20=6
source_close_ma200_ratio=6
source_residual_momentum_20=6
source_log_return_60=4
cross_section_positive_return_breadth=4
source_close_ma50_ratio=4
source_max_daily_log_return_20=4
source_log_return_20=3
source_ma5_ma20_ratio=3
source_volatility_ratio_20_60=3
source_drawdown_from_60_session_peak=2
source_rsi_14=2
source_bollinger_pct_b_20=2
cross_section_volatility_60_percentile=2
source_intraday_log_range=1
cross_section_momentum_20_percentile=1
source_directional_index_spread_14=1
source_overnight_gap_1=1

parameters:
[boosting: gbdt]
[objective: quantile]
[metric: quantile]
[tree_learner: serial]
[device_type: cpu]
[data_sample_strategy: bagging]
[data: ]
[valid: ]
[num_iterations: 85]
[learning_rate: 0.025]
[num_leaves: 15]
[num_threads: 12]
[seed: 122009]
[deterministic: 1]
[force_col_wise: 1]
[force_row_wise: 0]
[histogram_pool_size: -1]
[max_depth: 4]
[min_data_in_leaf: 120]
[min_sum_hessian_in_leaf: 0.001]
[bagging_fraction: 0.85]
[pos_bagging_fraction: 1]
[neg_bagging_fraction: 1]
[bagging_freq: 1]
[bagging_seed: 122009]
[bagging_by_query: 0]
[feature_fraction: 0.75]
[feature_fraction_bynode: 1]
[feature_fraction_seed: 122009]
[extra_trees: 0]
[extra_seed: 7254]
[early_stopping_round: 0]
[early_stopping_min_delta: 0]
[first_metric_only: 0]
[max_delta_step: 0]
[lambda_l1: 0.25]
[lambda_l2: 5]
[linear_lambda: 0]
[min_gain_to_split: 0]
[drop_rate: 0.1]
[max_drop: 50]
[skip_drop: 0.5]
[xgboost_dart_mode: 0]
[uniform_drop: 0]
[drop_seed: 14646]
[top_rate: 0.2]
[other_rate: 0.1]
[min_data_per_group: 100]
[max_cat_threshold: 32]
[cat_l2: 10]
[cat_smooth: 10]
[max_cat_to_onehot: 4]
[top_k: 20]
[monotone_constraints: ]
[monotone_constraints_method: basic]
[monotone_penalty: 0]
[feature_contri: ]
[forcedsplits_filename: ]
[refit_decay_rate: 0.9]
[cegb_tradeoff: 1]
[cegb_penalty_split: 0]
[cegb_penalty_feature_lazy: ]
[cegb_penalty_feature_coupled: ]
[path_smooth: 0]
[interaction_constraints: ]
[verbosity: -1]
[saved_feature_importance_type: 0]
[use_quantized_grad: 0]
[num_grad_quant_bins: 4]
[quant_train_renew_leaf: 0]
[stochastic_rounding: 1]
[linear_tree: 0]
[max_bin: 255]
[max_bin_by_feature: ]
[min_data_in_bin: 3]
[bin_construct_sample_cnt: 200000]
[data_random_seed: 122009]
[is_enable_sparse: 1]
[enable_bundle: 1]
[use_missing: 1]
[zero_as_missing: 0]
[feature_pre_filter: 1]
[pre_partition: 0]
[two_round: 0]
[header: 0]
[label_column: ]
[weight_column: ]
[group_column: ]
[ignore_column: ]
[categorical_feature: ]
[forcedbins_filename: ]
[precise_float_parser: 0]
[parser_config_file: ]
[objective_seed: 24725]
[num_class: 1]
[is_unbalance: 0]
[scale_pos_weight: 1]
[sigmoid: 1]
[boost_from_average: 1]
[reg_sqrt: 0]
[alpha: 0.5]
[fair_c: 1]
[poisson_max_delta_step: 0.7]
[tweedie_variance_power: 1.5]
[lambdarank_truncation_level: 30]
[lambdarank_norm: 1]
[label_gain: ]
[lambdarank_position_bias_regularization: 0]
[eval_at: ]
[multi_error_top_k: 1]
[auc_mu_weights: ]
[num_machines: 1]
[local_listen_port: 12400]
[time_out: 120]
[machine_list_filename: ]
[machines: ]
[gpu_platform_id: -1]
[gpu_device_id: -1]
[gpu_use_dp: 0]
[num_gpu: 1]

end of parameters

pandas_categorical:[]
