tree
version=v4
num_class=1
num_tree_per_iteration=1
label_index=0
max_feature_idx=48
objective=huber
feature_names=source_log_return_1 source_log_return_5 source_log_return_20 source_log_return_60 source_log_return_126 source_log_return_252 source_intraday_log_range source_close_to_open_log_return source_realized_volatility_20 source_realized_volatility_60 source_downside_volatility_20 source_downside_volatility_60 source_drawdown_from_60_session_peak source_drawdown_from_252_session_peak cross_section_momentum_20_percentile cross_section_positive_return_breadth cross_section_return_dispersion source_momentum_12_1 source_ma5_ma20_ratio source_close_ma50_ratio source_close_ma200_ratio source_rsi_14 source_bollinger_pct_b_20 source_bollinger_bandwidth_20 source_adx_14 source_directional_index_spread_14 source_parkinson_volatility_20 source_overnight_gap_1 source_positive_day_ratio_20 source_max_daily_log_return_20 source_return_skewness_60 source_distance_from_252_session_low source_volatility_ratio_20_60 universe58_loo_log_return_1 universe58_loo_log_return_20 universe58_loo_log_return_60 universe58_loo_log_return_126 universe58_loo_realized_volatility_20 universe58_loo_drawdown_252 source_beta_universe58_60 source_beta_universe58_252 source_correlation_universe58_60 source_residual_momentum_20 source_residual_momentum_126 source_idiosyncratic_volatility_60 cross_section_momentum_126_percentile cross_section_momentum_252_percentile cross_section_volatility_60_percentile cross_section_beta_60_percentile
feature_infos=[-0.11604969203472137:0.182477205991745] [-0.54819971323013306:0.44636186957359314] [-1.1351611614227295:1.0206978321075439] [-1.1748896837234497:1.5560240745544434] [-1.0489567518234253:2.3170430660247803] [-1.092519998550415:2.9264204502105713] [0:0.27988538146018982] [-0.16868740320205688:0.25632256269454956] [0.0055763972923159599:0.11531444638967514] [0.0079651456326246262:0.088721774518489838] [0.00095409812638536096:0.092050075531005859] [0.0049325018189847469:0.063900329172611237] [-0.71968960762023926:0] [-0.71968960762023926:0] [0.017241379246115685:1] [0.017241379246115685:1] [0.0096504408866167068:0.043657612055540085] [-1.1019096374511719:2.8910765647888184] [-0.47595494985580444:0.52646303176879883] [-0.62940984964370728:1.3056344985961914] [-0.57781422138214111:3.874976634979248] [0:100] [-0.36075755953788757:1.4870842695236206] [0.022536909207701683:1.7820020914077759] [6.7111873626708984:84.119827270507812] [-54.177944183349609:71.899559020996094] [0.0063288267701864243:0.099167443811893463] [-0.22113896906375885:0.095378585159778595] [0.10000000149011612:0.89999997615814209] [0.005115102045238018:0.18252909183502197] [-3.2178730964660645:3.2514040470123291] [0:18.523586273193359] [0.28278514742851257:1.6446642875671387] [-0.092919811606407166:0.057573974132537842] [-0.39400303363800049:0.26549568772315979] [-0.32455301284790039:0.55794161558151245] [-0.14465788006782532:0.86915600299835205] [0.005578002892434597:0.041373930871486664] [-0.35748890042304993:0] [-0.96327811479568481:2.3354122638702393] [0.20776782929897308:1.7303366661071777] [-0.25081929564476013:0.94294917583465576] [-1.1516678333282471:1.0071370601654053] [-1.3436253070831299:1.9539748430252075] [0.0059593440964818001:0.072794802486896515] [0.017241379246115685:1] [0.017241379246115685:1] [0.017241379246115685:1] [0.017241379246115685:1]
tree_sizes=3700 3770 3647 3491 3724 3741 3648 3219 4007 3740 4031 3633 4004 3466 3847 3494 3478 3411 3314 3759 3932 3603 3392 3398 3480 2225 3956 3312 4267 3484 3453 3746 3589 3838 2592 3317 2972 3472 3850 4353 3468 3574 3313 3388 3660 3482 3743 3048 3391 3666 3761 3844 3399 3745

Tree=0
num_leaves=42
num_cat=0
split_feature=38 34 40 40 36 37 37 36 16 31 37 4 36 15 16 16 31 11 40 46 37 38 17 5 11 47 37 9 40 34 3 33 16 20 34 12 3 41 37 26 40
split_gain=102.412 110.185 28.4227 27.0874 26.9448 30.1766 29.606 30.5535 25.5407 23.7932 20.7258 19.1766 16.2582 10.7211 9.80638 26.588 9.51954 9.25073 7.67196 6.78959 6.38234 6.17438 6.0702 6.00187 5.96925 4.89051 4.76337 4.4327 4.24399 4.12223 3.88067 3.67394 3.47945 3.45781 3.07877 2.62593 2.57358 2.56207 2.23416 2.00339 0.146859
threshold=-0.049811685457825654 0.14085444808006289 1.3354960680007937 0.72322645783424389 0.46091017127037054 0.024411227554082874 0.0090392800047993677 0.23604474961757663 0.026381140574812893 2.0165818929672246 0.01289518876001239 0.18407775461673739 0.2839109748601914 0.52586206793785106 0.024560993537306789 0.02272752765566111 1.0153813362121584 0.015984501689672474 0.47328618168830877 0.80080705881118786 0.012397665996104481 -0.013072106987237929 1.053260385990143 0.10208022221922876 0.018676893785595897 0.61023476719856273 0.030378243885934356 0.03296580724418164 0.81102225184440624 0.14727860689163211 0.60100480914115917 0.0080285556614398974 0.022393968887627128 0.67114400863647472 -0.049468167126178735 -0.16342902183532712 0.023786781355738643 0.30226629972457891 0.016217829659581188 0.030444839969277385 1.432354271411896
decision_type=2 2 2 2 2 2 2 2 2 2 2 2 2 2 2 2 2 2 2 2 2 2 2 2 2 2 2 2 2 2 2 2 2 2 2 2 2 2 2 2 2
left_child=3 2 9 19 5 6 24 -8 32 11 14 16 33 22 15 29 -2 -14 -13 25 28 -12 -7 -4 -5 35 -10 40 -16 -3 31 -23 39 -11 -15 -1 -37 -27 -21 -6 -25
right_child=1 10 23 4 8 13 7 -9 26 12 21 18 17 34 20 -17 -18 -19 -20 38 -22 30 -24 27 -26 37 -28 -29 -30 -31 -32 -33 -34 -35 -36 36 -38 -39 -40 -41 -42
leaf_value=0.53378787479810064 0.52771612857097583 0.53263838187263768 0.52775822767112124 0.53753569525767242 0.52608606782246436 0.53596014256721047 0.53067381075988518 0.5348744306341231 0.53836993537788791 0.51883556496019467 0.53512510877045905 0.52339512708989311 0.53016769427496468 0.53558520369376705 0.53407822242038361 0.52379069588406679 0.52317548139059156 0.524729345379779 0.53028855533073782 0.52309816118711461 0.53282577896100825 0.52789052951131177 0.5313984312898451 0.52099829032180756 0.53090709197823038 0.52974139404025133 0.53210394170192488 0.52427816747270961 0.53931302172493667 0.53732601077582454 0.52623385108580101 0.53180022305869645 0.52947097774625229 0.5249809413403298 0.54016523273216577 0.52822088657660049 0.53175995279603105 0.52398880665402603 0.52825901354888694 0.52218435667628116 0.51731357682157153
leaf_weight=104 1597 117 61 536 187 599 2160 1016 81 169 112 64 200 86 82 92 209 338 1864 83 108 128 146 62 60 60 119 99 345 224 87 358 85 60 304 145 182 66 64 87 102
leaf_count=104 1597 117 61 536 187 599 2160 1016 81 169 112 64 200 86 82 92 209 338 1864 83 108 128 146 62 60 60 119 99 345 224 87 358 85 60 304 145 182 66 64 87 102
internal_value=0.53086 0.529104 0.527578 0.532704 0.53318 0.533654 0.53279 0.53202 0.529028 0.527994 0.533557 0.528658 0.52479 0.53651 0.535436 0.533174 0.527178 0.526733 0.530048 0.529019 0.537244 0.530895 0.535073 0.521876 0.53687 0.530044 0.534718 0.520568 0.538338 0.535749 0.530049 0.53076 0.525852 0.520343 0.5392 0.531063 0.530183 0.526627 0.525238 0.524761 0.518496
internal_weight=12648 6478 4825 6170 5466 4907 3772 3176 559 4501 1653 3734 767 1135 968 433 1806 538 1928 704 535 685 745 324 596 557 200 263 427 341 573 486 359 229 390 431 327 126 147 274 164
internal_count=12648 6478 4825 6170 5466 4907 3772 3176 559 4501 1653 3734 767 1135 968 433 1806 538 1928 704 535 685 745 324 596 557 200 263 427 341 573 486 359 229 390 431 327 126 147 274 164
is_linear=0
shrinkage=1


Tree=1
num_leaves=40
num_cat=0
split_feature=38 34 38 35 35 31 20 16 35 36 37 37 33 20 31 16 16 38 20 17 41 11 38 39 44 36 37 38 36 30 37 48 34 35 4 47 32 10 17
split_gain=99.5876 92.1692 43.0677 27.9525 24.2782 24.2671 22.404 19.9231 29.9238 15.4693 14.1243 19.6831 14.3259 13.2011 12.4829 11.6986 17.5431 11.6922 11.6703 11.0724 9.91927 9.08461 7.84268 6.57108 6.39806 5.65497 15.346 5.42846 5.22576 5.01954 4.2931 4.04578 3.37964 2.81021 2.01743 0.485622 0.435013 0.337597 0.295036
threshold=-0.10395491868257521 0.13686104863882068 -0.049168424680829041 0.41625252366065985 0.22988625615835193 1.7721971869468691 0.20790509879589084 0.015461573377251627 0.17345652729272845 0.41190734505653387 0.0090176579542458075 0.024985108524560932 0.0063759058248251685 0.5503390133380891 2.4081935882568364 0.024560993537306789 0.02272752765566111 -0.075041260570287691 -0.05334218963980674 -0.23439563065767285 0.23143611103296283 0.014620122499763967 -0.10851933434605597 1.0672014951705935 0.03130674175918103 0.233985111117363 0.0088286441750824469 -0.018733770586550232 0.44743752479553228 -0.49255208671092982 0.012182915583252909 0.26724137365818029 0.17733357846736911 -0.026759064756333825 0.71033143997192394 0.20983126014471057 1.076499402523041 0.03467219881713391 0.26858139038085943
decision_type=2 2 2 2 2 2 2 2 2 2 2 2 2 2 2 2 2 2 2 2 2 2 2 2 2 2 2 2 2 2 2 2 2 2 2 2 2 2 2
left_child=4 2 7 14 10 6 19 25 9 -9 33 12 18 27 15 16 -3 -10 -12 -4 -8 -15 23 -13 34 26 -2 -7 37 -14 -17 -5 -33 -1 -16 -35 -37 -6 -27
right_child=1 3 5 31 28 13 20 8 17 -11 11 22 29 21 24 30 -18 -19 -20 -21 -22 -23 -24 -25 -26 38 -28 -29 -30 -31 -32 32 -34 35 -36 36 -38 -39 -40
leaf_value=0.0024826009415014824 0.0064220422057480351 0.0044842814628027186 -0.00018286201648655924 0.00055667028978074855 0.01156901891121398 -0.0049461833211061155 -0.007078517700595561 -0.0013724923415147012 0.0081614363204028945 -0.0065158898161138123 -0.0015623323162232809 0.0033599768226521207 0.0010127476193010807 8.5570008965370081e-05 -0.00092144087282940753 0.0075929791776378928 -0.0026879050861848028 0.0012436239663969415 0.0025781001218480796 -0.0044159935099861384 -0.00033474907682783355 -0.0055385036074625986 -0.0024053665687316567 0.0071109361136908232 -0.0059741902501967096 0.0050751097414499296 -0.0020869966450634161 -0.0098490643868848135 0.0035864864386506933 -0.0033319251540901529 0.0043470145676451659 -0.0076261854870342902 -0.0021310738027683998 0.0043725879433609187 0.0034149958093691131 0.0074979280646061018 0.0049765731487223606 0.0082139595485128027 0.0077377849097194328
leaf_weight=96 161 484 283 73 112 137 90 1228 144 287 353 562 143 159 78 394 187 297 1160 1991 1425 407 66 288 62 62 173 347 64 396 310 92 92 60 89 198 67 65 85
leaf_count=96 161 484 283 73 112 137 90 1228 144 287 353 562 143 159 78 394 187 297 1160 1991 1425 407 66 288 62 62 173 347 64 396 310 92 92 60 89 198 67 65 85
internal_value=-0.000165411 -0.00127883 -0.00229472 0.00268979 0.00263563 -0.00338614 -0.00263637 -0.000125663 -0.00102365 -0.00235846 0.00219427 0.00170389 0.000612926 -0.00607556 0.00367106 0.00438982 0.00248092 0.00354464 0.00161025 -0.00389055 -0.000749225 -0.00396472 0.00413678 0.0046526 -0.000641291 0.00350767 0.00203235 -0.00850234 0.00873476 -0.00217819 0.00618957 -0.00340243 -0.00496224 0.00561249 0.00140319 0.00650279 0.00692703 0.0104999 0.00674538
internal_weight=12767 9137 7276 1861 3630 4839 3789 2437 1956 1515 3389 2968 2052 1050 1604 1375 671 441 1513 2274 1515 566 916 850 229 481 334 484 241 539 704 257 184 421 167 325 265 177 147
internal_count=12767 9137 7276 1861 3630 4839 3789 2437 1956 1515 3389 2968 2052 1050 1604 1375 671 441 1513 2274 1515 566 916 850 229 481 334 484 241 539 704 257 184 421 167 325 265 177 147
is_linear=0
shrinkage=0.02


Tree=2
num_leaves=39
num_cat=0
split_feature=38 34 35 37 38 40 36 36 35 37 36 31 4 17 38 36 38 17 16 16 40 30 40 37 34 40 40 48 34 41 46 17 40 4 45 48 40 35
split_gain=104.116 110.597 35.8758 35.969 40.6613 29.1464 24.7197 32.2976 22.5583 22.0498 21.7206 18.783 21.296 16.2021 17.2658 15.7743 10.889 10.7913 9.8386 19.7757 9.10992 7.4415 5.69626 5.36511 3.63468 3.53389 3.40769 3.33633 3.69013 3.27741 2.64791 3.86899 2.54197 2.36401 1.70587 1.60182 1.19931 0.124492
threshold=-0.049811685457825654 0.14313192665576938 0.17836615443229678 0.0090392800047993677 -0.12397275865077971 1.3354960680007937 0.36900384724140173 0.23604474961757663 0.41625252366065985 0.0066867151763290176 0.59321603178977977 2.0165818929672246 0.18407775461673739 0.21046189963817599 -0.19596569985151288 0.2839109748601914 -0.05930406600236892 0.95048654079437267 0.024560993537306789 0.02272752765566111 0.82366168498992931 -0.44224575161933893 1.5033391714096072 0.012314456515014173 0.0225434759631753 1.1692435741424563 0.98796579241752636 0.26724137365818029 0.17733357846736911 0.41770638525485998 0.82868674397468578 0.11316691711544992 0.79590699076652538 0.71033143997192394 0.40040352940559393 0.33400586247444158 1.1644554734230044 0.012776743620634081
decision_type=2 2 2 2 2 2 2 2 2 2 2 2 2 2 2 2 2 2 2 2 2 2 2 2 2 2 2 2 2 2 2 2 2 2 2 2 2 2
left_child=2 5 3 20 13 9 7 -6 17 -2 16 12 -11 21 -15 -13 32 18 19 -3 34 -5 30 -20 -8 26 -22 -10 -29 -19 31 -7 -4 -31 -1 -12 -34 -27
right_child=1 8 10 4 6 22 24 -9 27 11 35 15 -14 14 -16 -17 -18 29 23 -21 25 -23 -24 -25 -26 37 -28 28 -30 33 -32 -33 36 -35 -36 -37 -38 -39
leaf_value=0.0035346686526582659 0.0076371240699421852 0.0051459888121735374 0.0054114282657542539 0.0027814231642627925 -0.0017189851749868121 -0.0041896350860063519 -0.0061449906396673793 0.0037549283242128101 0.00083602700179273429 -0.0041206036143550239 0.0019441433843676351 -0.010338884791660499 -0.0011067629374033833 0.0073209932984756951 0.0024127885415679584 -0.004105581893314056 0.0017360414489854259 -0.0036350692984345083 0.0075244023035161006 -0.0028450183373929551 0.0056763959555003133 -0.0015912310008441741 -0.013170840957416939 0.0036173107056568072 -0.0014920578530926087 0.0026756559010550733 0.0096720311687351797 -0.0074531284081424745 -0.0015746373561641542 -0.0011285713379321671 -0.0034598725011614575 -0.01090164927217477 0.010129452039991644 0.0040254194367865936 -0.00072345204498957508 -0.002028249716352638 0.0067190436587545518 0.0044190778924181814
leaf_weight=63 74 351 90 243 1591 60 379 588 63 1829 61 232 1930 398 1029 556 109 80 387 188 192 421 101 237 85 60 192 83 90 71 63 103 319 66 85 108 80 60
leaf_count=63 74 351 90 243 1591 60 379 588 63 1829 61 232 1930 398 1029 556 109 80 387 188 192 421 101 237 85 60 192 83 90 71 63 103 319 66 85 108 80 60
internal_value=-0.000168062 -0.0019198 0.00170055 0.00112233 0.00051397 -0.00340306 -0.00113401 -0.000238268 0.00261905 -0.00299025 0.00573942 -0.00316835 -0.00257558 0.00259611 0.00379491 -0.00597428 0.0075209 0.00359615 0.00435845 0.00235661 0.00551532 1.28158e-05 -0.00915346 0.00606646 -0.00530982 0.00679075 0.00773629 -0.00306373 -0.0044796 -0.000488505 -0.00720469 -0.00855736 0.00878989 0.00138028 0.00111672 -0.000579712 0.00950339 0.00364202
internal_weight=12717 6564 6153 5386 4734 4948 2643 2179 1616 4621 767 4547 3759 2091 1427 788 598 1380 1163 539 652 664 327 624 464 504 384 236 173 217 226 163 489 137 148 169 399 120
internal_count=12717 6564 6153 5386 4734 4948 2643 2179 1616 4621 767 4547 3759 2091 1427 788 598 1380 1163 539 652 664 327 624 464 504 384 236 173 217 226 163 489 137 148 169 399 120
is_linear=0
shrinkage=0.02


Tree=3
num_leaves=37
num_cat=0
split_feature=38 34 40 38 35 35 31 16 35 4 36 40 43 31 17 16 16 37 38 40 44 30 13 36 40 37 11 37 40 44 34 36 35 24 42 10
split_gain=100.715 88.6809 42.4761 37.1745 24.7618 21.4858 20.906 20.6841 24.4392 19.5217 15.5436 15.4711 14.4876 12.687 10.6116 10.446 15.0093 9.15702 11.1436 7.7196 6.42903 6.07915 5.78755 4.70445 4.6661 4.44664 4.07176 3.53434 2.80643 2.76585 2.66853 2.00599 2.00267 1.19288 1.11812 0.283171
threshold=-0.10327520594000815 0.13686104863882068 1.3080088496208193 -0.049168424680829041 0.41625252366065985 0.23171094059944156 2.0165818929672246 0.015581171959638597 0.17477824538946155 0.18407775461673739 0.2839109748601914 0.73075467348098766 -0.21346437186002729 2.4081935882568364 -0.26405790448188776 0.024560993537306789 0.02272752765566111 0.0090392800047993677 -0.12286731973290442 1.5033391714096072 0.03130674175918103 -0.0044801868498325339 -0.49232041835784907 0.44967386126518255 0.76148080825805675 0.024985108524560932 0.016522105783224109 0.027504092082381252 0.93213921785354625 0.020950500853359703 0.17081402987241748 0.41190734505653387 -0.033577997237443917 21.342580795288089 -0.0090715074911713583 0.03467219881713391
decision_type=2 2 2 2 2 2 2 2 2 2 2 2 2 2 2 2 2 2 2 2 2 2 2 2 2 2 2 2 2 2 2 2 2 2 2 2
left_child=5 2 3 7 13 11 9 24 -9 -5 -8 27 22 15 -4 16 -3 28 -19 21 31 -16 -13 35 -2 -24 -17 29 -14 32 -6 -15 -1 -31 -32 -7
right_child=1 4 14 6 30 23 10 8 -10 -11 -12 12 17 20 19 26 -18 18 -20 -21 -22 -23 25 -25 -26 -27 -28 -29 -30 33 34 -33 -34 -35 -36 -37
leaf_value=-0.0028969237199937331 -0.0003969323552673223 0.0043395444630610963 0.00011419586295431311 -0.0037620400160162156 -0.0059346746671182461 0.011021193405420618 -0.010180680916085766 -0.0019730355937184222 0.0035087774029520691 -0.00086010063273652586 -0.0039297036259937999 0.005191073988111956 0.0039997560548813392 -0.00096310096517016627 -0.010336693659214906 0.0074442913271626577 -0.0023750125269618129 0.0037172740293559305 0.00042625259758851455 -0.013034471404988592 -0.0058910986741437859 -0.0049068146092389828 -0.0021463060902693954 0.0034580947032837725 0.0050781731713723478 0.0020422570222995281 0.0042571021207361325 0.0025805069714908797 0.0077372241965140065 -0.0024756180219013581 -0.0033122130457505388 0.0034234269126161431 0.0012925267746947983 -0.0060537561921195845 3.0747966687468926e-05 0.007872409956826679
leaf_weight=76 74 483 63 1787 89 113 234 1363 424 1931 510 67 147 76 139 380 181 1582 558 120 66 228 352 64 366 139 310 72 220 96 74 86 105 69 82 66
leaf_count=76 74 483 63 1787 89 113 234 1363 424 1931 510 67 147 76 139 380 181 1582 558 120 66 228 352 64 366 139 310 72 220 96 74 86 105 69 82 66
internal_value=-0.000130602 -0.00126833 -0.00226206 -0.00182051 0.00266577 0.00263622 -0.00287329 0.000289401 -0.000668111 -0.00225705 -0.00593007 0.0022301 0.00272223 0.00358219 -0.0075913 0.00431588 0.00250527 0.00337027 0.00286141 -0.00858474 -0.000770068 -0.0070332 -0.000189952 0.00835507 0.00415865 -0.000953316 0.00603844 -0.00136979 0.00628747 -0.0022098 -0.00321942 0.00137939 -0.000479696 -0.00405927 -0.0015813 0.0100146
internal_weight=12792 9066 7239 6689 1827 3726 4462 2227 1787 3718 744 3483 3065 1582 550 1354 664 2507 2140 487 228 367 558 243 440 491 690 418 367 346 245 162 181 165 156 179
internal_count=12792 9066 7239 6689 1827 3726 4462 2227 1787 3718 744 3483 3065 1582 550 1354 664 2507 2140 487 228 367 558 243 440 491 690 418 367 346 245 162 181 165 156 179
is_linear=0
shrinkage=0.02


Tree=4
num_leaves=40
num_cat=0
split_feature=37 36 34 36 40 16 31 35 37 40 40 40 33 41 16 35 35 17 44 4 10 5 37 35 13 43 40 5 40 37 26 23 34 3 13 40 37 47 11
split_gain=53.0712 47.2303 60.3512 40.5989 39.1071 29.245 21.6839 20.1217 18.4324 13.4563 11.9553 11.4062 10.5352 9.29748 9.14842 8.11854 6.9748 6.18421 6.04957 5.62729 5.18215 4.97715 4.80421 4.41739 3.89074 3.79791 2.92365 2.7667 2.59739 2.42071 2.36737 2.25201 1.96759 1.8447 1.5669 0.673145 0.920395 0.594576 0.0232033
threshold=0.023608304560184482 -0.017733156681060788 0.14411457628011706 0.50640758872032177 1.3080088496208193 0.015344067476689817 2.055428266525269 0.16027134656906131 0.01289518876001239 0.83518108725547802 0.74419647455215465 1.5033391714096072 0.003602910204790533 0.53887122869491588 0.022393968887627128 0.14907828718423846 0.41625252366065985 -0.27981741726398462 0.023215798661112789 -0.078987978398799882 0.025027923285961155 0.16451157629489901 0.0091993757523596304 -0.15269868820905683 -0.28799711167812342 -0.097601562738418565 1.1854391694068911 1.1449307799339297 1.0011192560195925 0.0090176579542458075 0.030444839969277385 0.21401336789131167 0.17733357846736911 0.26911361515522009 -0.10346918180584906 0.81606030464172374 0.024621151387691501 0.61023476719856273 0.021504980511963371
decision_type=2 2 2 2 2 2 2 2 2 2 2 2 2 2 2 2 2 2 2 2 2 2 2 2 2 2 2 2 2 2 2 2 2 2 2 2 2 2 2
left_child=1 9 4 7 5 10 -7 12 15 24 -3 17 13 -2 30 -4 21 -6 -17 -15 31 -10 26 -22 -1 -24 28 33 -11 -26 -5 -14 -18 -16 -13 -9 -37 -27 -38
right_child=3 2 8 14 11 6 -8 35 16 22 -12 34 20 19 27 18 32 -19 -20 -21 23 -23 25 -25 29 37 -28 -29 -30 -31 -32 -33 -34 -35 -36 36 38 -39 -40
leaf_value=0.0037250819673475162 -0.0041920350923981926 -0.0025280093009959598 -0.00055846228576765576 -0.0038520947507841834 0.00078654382757667929 -0.0014069010678340393 -0.0046492003854366566 0.006333105717727449 -0.0035114179635420441 0.0054591825890123466 0.0027129752529952227 -0.0084400912302708807 0.004618575371758026 -0.0012749689473602617 0.0033703551070614793 0.0063183369627599255 -0.005018436934894969 -0.0059802584383217838 0.0025890289596231333 0.0035552284606282908 0.0041809022161429545 0.0020676834249185173 -0.00054948982442252299 0.0091454347461389189 0.00067345707200161412 0.0032830400271979094 0.0031330553336220597 -0.003504883585643256 0.0093462093596536292 -0.0042496232457252007 -0.0087979353230446585 -0.00024109033403367223 -0.0011899109983546589 -0.0010008266974772728 -0.013940499007701874 0.0068405355777539003 0.011231285655585628 0.0062293010901098376 0.0083659685829511055
leaf_weight=62 91 215 118 94 61 5717 963 61 71 154 866 60 82 119 84 516 94 415 273 473 136 473 80 176 70 70 83 61 164 87 77 68 128 67 75 68 121 70 62
leaf_count=62 91 215 118 94 61 5717 963 61 71 154 866 60 82 119 84 516 94 415 273 473 136 473 80 176 70 70 83 61 164 87 77 68 128 67 75 68 121 70 62
internal_value=-0.000161815 -0.000693124 -0.00107451 0.00297675 -0.0017676 -0.00138242 -0.00187634 0.00449849 0.00239017 0.00385406 0.00166556 -0.00662784 0.00325464 0.00166282 -0.00279958 0.00431452 0.000102348 -0.0051115 0.00504393 0.00258108 0.00557987 0.00132244 0.00535119 0.00704501 -0.000401682 0.00290939 0.00665681 -5.34662e-06 0.00753554 -0.0020769 -0.00619821 0.00244746 -0.00286074 0.00144262 -0.0117397 0.0089856 0.00954388 0.00486294 0.0104165
internal_weight=12725 10885 10045 1840 8372 7761 6680 1457 1673 840 1081 611 1145 683 383 907 766 476 789 592 462 544 621 312 219 220 401 212 318 157 171 150 222 151 135 312 251 140 183
internal_count=12725 10885 10045 1840 8372 7761 6680 1457 1673 840 1081 611 1145 683 383 907 766 476 789 592 462 544 621 312 219 220 401 212 318 157 171 150 222 151 135 312 251 140 183
is_linear=0
shrinkage=0.02


Tree=5
num_leaves=40
num_cat=0
split_feature=38 34 35 36 40 37 37 38 36 35 17 3 36 38 16 16 40 37 17 36 37 11 41 15 5 33 40 9 40 5 37 48 34 43 47 3 13 38 47
split_gain=95.5152 100.243 35.2291 32.5922 28.0021 24.6074 24.9412 21.4551 20.4455 20.2894 14.5519 13.4263 12.9392 12.3238 10.7389 17.885 8.90228 7.82074 7.81089 6.60967 6.39329 6.14429 5.83927 5.50033 4.96861 4.31984 4.22098 3.48282 3.06205 2.63168 2.27654 2.18192 3.21474 1.88907 1.87657 1.68962 1.6842 0.906844 0.111421
threshold=-0.049811685457825654 0.14085444808006289 0.17836615443229678 0.46091017127037054 1.3354960680007937 0.0090392800047993677 0.026882612146437172 -0.1893995255231857 0.59321603178977977 0.41625252366065985 1.1301685571670534 0.11965786665678026 0.22189904749393466 -0.05930406600236892 0.024560993537306789 0.02272752765566111 0.82366168498992931 0.012397665996104481 -0.27981741726398462 0.29300558567047125 0.013353719376027586 0.017120461910963062 0.53210151195526134 0.78448277711868297 0.06974313780665399 0.012175225187093021 0.81102225184440624 0.03296580724418164 0.79590699076652538 1.0775461196899416 0.018548030406236652 0.26724137365818029 0.17733357846736911 0.24401767551898959 0.5524578094482423 -0.044913578778505318 -0.26434317231178278 -0.080179728567600236 0.73275861144065868
decision_type=2 2 2 2 2 2 2 2 2 2 2 2 2 2 2 2 2 2 2 2 2 2 2 2 2 2 2 2 2 2 2 2 2 2 2 2 2 2 2
left_child=2 4 3 5 10 16 7 -7 13 14 11 18 -13 28 15 23 36 26 -2 -12 -17 -18 -8 -3 -6 33 -16 38 -4 -19 -21 -11 -33 35 -10 -5 -1 -30 -26
right_child=1 9 8 25 24 6 22 -9 34 31 19 12 -14 -15 17 20 21 29 -20 30 -22 -23 -24 -25 27 -27 -28 -29 37 -31 -32 32 -34 -35 -36 -37 -38 -39 -40
leaf_value=0.0032250750021339627 0.00055503906183164669 0.0024847018201640267 0.0051625211477108598 -0.0074256919056765337 -0.0034524085002485662 0.0050680110095579359 -0.0014648522323286032 -0.00026867201737806727 0.0011349204425428032 0.00016186059434229218 -0.011831644798918017 -0.0037074172273521828 -0.00067029089044198776 0.001270395123873625 0.0026169230387351667 -0.0061824587391712139 0.0072272446664516411 0.0038536603358551693 -0.0043463006271700425 -0.0065569359679551178 0.00049836300257721561 0.00059275454041712427 0.0045869772139729998 0.0076825860927703686 -0.012959590996305148 -0.00011254154212656431 0.0076463338520218254 -0.006478384003224538 0.010003436517056654 5.7742183309465911e-05 -0.0020393906807577291 -0.0068583498340319187 -0.0014295195829579417 -0.0091291261152646533 -0.0031087338506159455 -0.0034969742035245348 -0.0010294529508506314 0.0067466180609663329 -0.0097219919249599378
leaf_weight=61 141 331 95 73 61 329 68 3258 110 68 84 819 1777 111 88 120 436 207 1533 141 106 65 754 108 99 61 354 92 329 113 71 82 95 63 63 136 86 72 78
leaf_count=61 141 331 95 73 61 329 68 3258 110 68 84 819 1777 111 88 120 436 207 1533 141 106 65 754 108 99 61 354 92 329 113 71 82 95 63 63 136 86 72 78
internal_value=-0.000126802 -0.00180505 0.00165955 0.00108279 -0.00324859 0.00148293 0.000946006 0.000224357 0.00562447 0.0024196 -0.00283762 -0.0025363 -0.00163202 0.00734572 0.00333244 0.00146338 0.00511344 0.00495013 -0.00393261 -0.00711193 -0.00307913 0.00637712 0.00408162 0.00380918 -0.00885514 -0.00494987 0.00667164 -0.010025 0.0086875 0.00252931 -0.0050982 -0.0028692 -0.00402251 -0.00601802 -0.000431423 -0.00495958 0.000758557 0.00947559 -0.0117242
internal_weight=12738 6568 6170 5390 4896 5057 4409 3587 780 1672 4566 4270 2596 607 1427 665 648 762 1674 296 226 501 822 439 330 333 442 269 496 320 212 245 177 272 173 209 147 401 177
internal_count=12738 6568 6170 5390 4896 5057 4409 3587 780 1672 4566 4270 2596 607 1427 665 648 762 1674 296 226 501 822 439 330 333 442 269 496 320 212 245 177 272 173 209 147 401 177
is_linear=0
shrinkage=0.02


Tree=6
num_leaves=39
num_cat=0
split_feature=38 34 35 37 38 37 40 36 36 35 31 20 36 17 36 38 38 17 30 40 16 16 11 40 5 9 40 31 48 34 29 40 41 39 8 40 40 9
split_gain=87.3666 90.6066 35.7854 33.6684 36.0682 25.5072 24.3149 21.6554 22.6187 19.1893 18.1179 19.5876 17.6987 14.8644 14.3911 12.2775 11.196 9.43819 7.6147 7.51644 7.33792 15.9504 6.88119 5.14297 4.82179 5.09419 3.12333 2.81783 2.53845 3.01922 2.43668 2.36264 2.17522 1.71242 1.68431 1.64932 1.17202 0.763786
threshold=-0.049811685457825654 0.14313192665576938 0.17836615443229678 0.0089943087659776228 -0.12397275865077971 0.0066867151763290176 1.3354960680007937 0.41190734505653387 0.23604474961757663 0.41625252366065985 2.0165818929672246 0.22663525491952899 0.59321603178977977 0.21046189963817599 0.28602963685989385 -0.05930406600236892 -0.19596569985151288 0.95048654079437267 -0.44224575161933893 0.86978447437286388 0.024560993537306789 0.02272752765566111 0.016044203191995624 1.1605594754219057 0.10208022221922876 0.03296580724418164 1.1366943717002871 3.4057991504669194 0.26724137365818029 0.17617398500442508 0.07764772325754167 0.79590699076652538 0.5254177749156953 0.7055976688861848 0.040564667433500297 0.93010607361793529 1.1644554734230044 0.015986975282430652
decision_type=2 2 2 2 2 2 2 2 2 2 2 2 2 2 2 2 2 2 2 2 2 2 2 2 2 2 2 2 2 2 2 2 2 2 2 2 2 2
left_child=2 5 3 19 13 -2 10 8 -6 17 11 -7 15 18 -12 31 -15 20 -5 33 21 -3 -22 35 -8 -26 27 -19 -11 -30 -9 -4 -25 -1 -14 -21 -33 -35
right_child=1 9 12 4 7 6 24 30 -10 28 14 -13 34 16 -16 -17 -18 26 -20 23 22 -23 -24 32 25 -27 -28 -29 29 -31 -32 36 -34 37 -36 -37 -38 -39
leaf_value=-0.00022100264428032409 0.0077185025955875267 0.0048229129836897247 0.0053189885352843812 0.0027801105885803703 -0.0017494367503192896 -0.0035043976958439864 -0.0031956659518477932 -0.005039637240837053 0.0023869405876816847 0.00048547666764526225 -0.0096787074947133969 -0.000556694441937871 0.0015071750342470368 0.0064571685915654079 -0.0038001320170637266 0.00099229802645065587 0.0024627373795457776 0.0002326298695616424 -0.0015891199314179082 0.0053373097048212701 0.0077779320973838011 -0.0024477581821205851 0.0034340368021004951 0.0063175061722951275 -0.011841621627758819 -0.0057565718445554371 0.0033233961613538358 -0.0051084520051636814 -0.0069969047058373694 -0.001583300128222463 -0.0096981091031006408 0.0098105673141156632 0.001061333003533738 0.005094922793084297 -0.0024716189355207864 0.0096087616463350813 0.0064661349259437541 0.0018435685416247907
leaf_weight=71 83 346 94 247 1666 2237 60 250 771 64 244 1513 101 390 539 107 1015 97 438 62 291 182 309 60 168 97 60 63 77 91 60 321 67 66 69 202 80 61
leaf_count=71 83 346 94 247 1666 2237 60 250 771 64 244 1513 101 390 539 107 1015 97 438 62 291 182 309 60 168 97 60 63 77 91 60 321 67 66 69 202 80 61
internal_value=-0.000143552 -0.00175924 0.00155621 0.000981181 0.000429676 -0.00309208 -0.00328163 -0.00107612 -0.000439065 0.00240614 -0.00289839 -0.00231676 0.00557703 0.00240801 -0.00566325 0.00717919 0.00358362 0.00332048 -6.93931e-06 0.00548345 0.00405791 0.00231518 0.0055707 0.00708634 -0.00854848 -0.00970737 -0.000459735 -0.0019196 -0.00287683 -0.00414961 -0.00602878 0.00850051 0.00364074 0.00225465 -0.000116823 0.0086806 0.00919879 0.00361952
internal_weight=12719 6521 6198 5426 4837 4941 4858 2747 2437 1580 4533 3750 772 2090 783 602 1405 1348 685 589 1128 528 600 391 325 265 220 160 232 168 310 495 127 198 170 264 401 127
internal_count=12719 6521 6198 5426 4837 4941 4858 2747 2437 1580 4533 3750 772 2090 783 602 1405 1348 685 589 1128 528 600 391 325 265 220 160 232 168 310 495 127 198 170 264 401 127
is_linear=0
shrinkage=0.02


Tree=7
num_leaves=34
num_cat=0
split_feature=38 34 35 36 37 37 37 35 36 31 20 36 36 37 31 11 43 16 16 37 31 41 11 3 48 33 26 39 34 8 24 3 38
split_gain=90.5269 88.9071 36.2249 31.914 25.3996 26.4111 21.7313 18.6547 18.4021 18.1376 18.84 17.481 12.4453 10.2668 9.65444 9.49815 9.17043 9.59329 16.3997 9.3739 9.07829 7.35659 4.89241 4.60814 3.00311 2.97758 2.19566 2.12771 1.91011 1.53164 1.22459 0.633009 0.599431
threshold=-0.049811685457825654 0.14313192665576938 0.17836615443229678 0.46091017127037054 0.0090392800047993677 0.024985108524560932 0.0066867151763290176 0.41625252366065985 0.23604474961757663 2.055428266525269 0.24982262402772906 0.59321603178977977 0.2839109748601914 0.018142022192478183 1.1449682116508486 0.015815461985766891 0.45229162275791174 0.024560993537306789 0.02272752765566111 0.012182915583252909 1.6054008603096011 0.53210151195526134 0.018226524814963344 0.44990465044975286 0.26724137365818029 0.012032174505293371 0.030444839969277385 0.63692095875740062 0.18520706892013553 0.040564667433500297 20.921958923339847 -0.02252724394202232 -0.082044936716556535
decision_type=2 2 2 2 2 2 2 2 2 2 2 2 2 2 2 2 2 2 2 2 2 2 2 2 2 2 2 2 2 2 2 2 2
left_child=2 6 3 4 22 8 -2 16 -6 10 14 13 23 -4 -8 -14 17 18 -3 -19 -12 -7 27 -11 -9 26 31 -1 -26 -13 -15 -5 -32
right_child=1 7 11 25 5 21 9 24 -10 12 20 29 15 30 -16 -17 -18 19 -20 -21 -22 -23 -24 -25 28 -27 -28 -29 -30 -31 32 -33 -34
leaf_value=0.0024019876580591067 0.0076867401179026911 0.0043394678952752902 0.0016108011755282465 -0.0058203431371735724 -0.00081972672208553395 -0.0015137515434073476 -0.0033271236992693512 0.00069111780387659874 0.0025781003219480696 -0.01151568015624827 9.62812091785583e-05 0.0013453397012461782 -0.00077898044202161666 0.0057664413198004836 -0.0075869863135052474 -0.0061839330892129122 -0.0030783094015700381 0.0072887728002263607 -0.0025367990009854189 0.0025674153477010771 -0.0033985396330174374 0.0042884291862752494 -0.00016587919437072493 -0.0047122939033138137 -0.0058044041924855926 -0.0009877424938604237 -0.0084141927288184249 0.0061438203156675203 -0.0013337515855603146 -0.0025461485730484124 0.0095411610781000206 -0.0031919464704071011 0.0072500103354025238
leaf_weight=76 71 365 112 79 2539 95 2373 69 848 174 1059 99 198 88 234 384 84 390 220 304 410 902 63 60 107 65 90 510 63 64 283 103 136
leaf_count=76 71 365 112 79 2539 95 2373 69 848 174 1059 99 198 88 234 384 84 390 220 304 410 902 63 60 107 65 90 510 63 64 283 103 136
internal_value=-0.000130749 -0.00176392 0.00161191 0.00102442 0.00142444 0.000875746 -0.00308594 0.00232918 3.22177e-05 -0.00324711 -0.00269814 0.00562566 -0.00596814 0.00715356 -0.00371815 -0.00436027 0.00323286 0.00365437 0.00175207 0.00524201 -0.000883387 0.00373168 0.00510827 -0.00985717 -0.00279649 -0.00490677 -0.00581867 0.00567494 -0.00420527 -0.000194984 0.00835935 -0.00441413 0.00885669
internal_weight=12717 6565 6152 5370 5033 4384 4963 1602 3387 4892 4076 782 816 619 2607 582 1363 1279 585 694 1469 997 649 234 239 337 272 586 170 163 507 182 419
internal_count=12717 6565 6152 5370 5033 4384 4963 1602 3387 4892 4076 782 816 619 2607 582 1363 1279 585 694 1469 997 649 234 239 337 272 586 170 163 507 182 419
is_linear=0
shrinkage=0.02


Tree=8
num_leaves=43
num_cat=0
split_feature=38 34 35 37 38 40 35 36 36 31 20 36 31 17 38 38 36 36 16 16 11 37 40 37 48 15 46 20 40 44 40 41 5 40 30 34 40 47 39 48 41 47
split_gain=81.9384 90.2046 34.3759 29.2795 34.0473 26.0229 20.9039 20.3144 30.5385 17.7398 17.6649 16.8317 15.4531 13.4455 12.5122 12.3439 11.4051 9.67354 9.59789 14.8041 9.52625 8.5132 7.49217 7.13317 6.57383 5.48155 5.40628 4.23175 4.18796 3.94025 3.40231 3.0144 2.88408 2.61939 2.40338 2.31373 2.12707 2.0395 1.92249 1.73067 1.00026 0.892177
threshold=-0.049811685457825654 0.14085444808006289 0.17836615443229678 0.0089943087659776228 -0.12286731973290442 1.3354960680007937 0.41625252366065985 0.36900384724140173 0.23604474961757663 2.0165818929672246 0.36936996877193456 0.59321603178977977 1.1549116373062136 0.15687005966901782 -0.19596569985151288 -0.05930406600236892 0.2839109748601914 0.233985111117363 0.024560993537306789 0.02272752765566111 0.015865643508732322 0.012182915583252909 0.86978447437286388 0.013353719376027586 0.10491563007235528 0.78448277711868297 0.33400586247444158 0.67114400863647472 1.1605594754219057 0.016648469492793087 0.81102225184440624 0.48640666902065283 1.0775461196899416 0.80226609110832225 0.25772953033447271 0.17081402987241748 0.98796579241752636 0.5524578094482423 0.7055976688861848 0.54310345649719249 0.6379377841949464 0.46680118143558508
decision_type=2 2 2 2 2 2 2 2 2 2 2 2 2 2 2 2 2 2 2 2 2 2 2 2 2 2 2 2 2 2 2 2 2 2 2 2 2 2 2 2 2 2
left_child=2 5 3 22 13 9 18 8 -6 10 12 15 -2 17 -15 33 27 -5 19 25 -18 30 38 -21 -12 -3 -7 -11 36 -28 -20 -9 -23 -4 -31 -8 -24 -13 -1 -35 -37 -40
right_child=1 6 11 4 7 26 35 31 -10 16 24 37 -14 14 -16 -17 20 -19 21 23 -22 32 28 -25 -26 -27 29 -29 -30 34 -32 -33 -34 39 -36 40 -38 -39 41 -41 -42 -43
leaf_value=-0.00069338362814030724 -0.0021447162138898443 0.002337035909035307 0.0050399208131860539 -0.0012959403441184605 -0.001680734474419591 -0.0027651440689399364 -0.0055806956634168389 -0.008862046059729024 0.0036466603623205892 -0.010755067909777037 -0.0048935092931536783 0.0015229224159129867 -0.0061638524979373641 0.0062637029899951357 0.0022042398126585752 0.0010632005571586708 -0.00027181756205856803 0.0055635601715089715 0.0027079376018527578 -0.0057559560424929792 -0.0058028727164519244 0.0036506367384799448 0.005582834861188565 0.0011771472380790223 0.0014473014515532191 0.0076063934043752706 -0.012446332474878013 -0.0042437096613621899 0.00350955739438717 -0.0096082366617006622 0.0074327381895828975 -0.0041128722212051272 -0.00020206423265626655 0.010763300503103913 -0.0043515704956192235 0.00015688419458153959 0.0096210183249019528 -0.0029898341697262368 0.0048473497719938551 0.0076671203209741703 -0.0029880746103255829 0.0014427888861798224
leaf_weight=69 2633 334 91 508 1588 60 89 63 587 170 70 104 447 420 1105 114 197 95 80 126 339 224 103 108 626 103 118 60 119 83 354 411 117 179 75 74 167 61 72 219 84 60
leaf_count=69 2633 334 91 508 1588 60 89 63 587 170 70 104 447 420 1105 114 197 95 80 126 339 224 103 108 626 103 118 60 119 83 354 411 117 179 75 74 167 61 72 219 84 60
internal_value=-0.000120075 -0.00167167 0.00154163 0.00097351 0.000452658 -0.00305182 0.00230271 -0.00106001 -0.000239449 -0.00265039 -0.00208391 0.00549127 -0.00273377 0.00233498 0.00333301 0.00703328 -0.00542253 -0.000191414 0.00322132 0.00145846 -0.00378469 0.00473482 0.00516533 -0.00257745 0.00078988 0.00362468 -0.00840396 -0.00913726 0.00677939 -0.00958329 0.00658866 -0.00479795 0.0023356 0.00840808 -0.00724678 -0.00304523 0.00816247 -0.000163076 0.00198296 0.00913222 -0.00153343 0.00337368
internal_weight=12706 6571 6135 5367 4777 4878 1693 2649 2175 4542 3776 768 3080 2128 1525 603 766 603 1446 671 536 775 590 234 696 437 336 230 389 276 434 474 341 489 158 247 270 165 201 398 158 132
internal_count=12706 6571 6135 5367 4777 4878 1693 2649 2175 4542 3776 768 3080 2128 1525 603 766 603 1446 671 536 775 590 234 696 437 336 230 389 276 434 474 341 489 158 247 270 165 201 398 158 132
is_linear=0
shrinkage=0.02


Tree=9
num_leaves=40
num_cat=0
split_feature=38 34 35 36 40 37 37 31 20 36 35 36 36 38 13 17 35 15 41 13 40 16 16 9 40 20 41 46 40 40 29 48 34 47 40 43 32 40 26
split_gain=76.6815 87.1544 32.5101 28.1155 23.2039 23.0865 20.5136 20.0316 22.4888 18.3559 16.6521 16.5933 16.4552 11.4614 10.1729 9.72596 9.02661 8.30827 8.20847 6.40881 6.28013 6.24244 15.2338 4.97874 3.59103 3.23342 3.18391 3.16539 3.1277 2.82127 2.40747 2.10857 2.14736 1.98774 1.72708 1.5724 1.54458 1.53364 0.961284
threshold=-0.049811685457825654 0.14313192665576938 0.17836615443229678 0.46091017127037054 1.3354960680007937 0.0090392800047993677 0.024985108524560932 1.6054008603096011 0.20790509879589084 0.60921487212181102 0.41625252366065985 0.2839109748601914 0.23604474961757663 -0.058268651366233819 -0.076800446957349763 0.95048654079437267 0.13185491412878039 0.49137930572032934 0.21283792704343799 -0.16754145920276639 0.82366168498992931 0.024560993537306789 0.02272752765566111 0.033915149047970779 1.5033391714096072 0.67114400863647472 0.41488674283027654 0.82868674397468578 1.1692435741424563 0.79590699076652538 0.079830735921859755 0.27622890472412115 0.17733357846736911 0.52457812428474437 1.1644554734230044 -0.034713353961706155 1.0248179435729983 1.0775657296180727 0.025765156373381618
decision_type=2 2 2 2 2 2 2 2 2 2 2 2 2 2 2 2 2 2 2 2 2 2 2 2 2 2 2 2 2 2 2 2 2 2 2 2 2 2 2
left_child=2 4 3 5 7 20 12 8 16 13 15 25 -7 29 -13 21 -2 -8 -10 -6 35 22 -3 -23 27 -9 -17 -21 -22 -4 36 -12 -33 -11 -31 -1 38 -28 -5
right_child=1 10 9 30 19 6 17 11 18 33 31 14 -14 -15 -16 26 -18 -19 -20 24 28 23 -24 -25 -26 -27 37 -29 -30 34 -32 32 -34 -35 -36 -37 -38 -39 -40
leaf_value=0.0030058482121816466 -0.0013232326532446636 0.0048816128588823537 0.0047965564885836783 -0.0030734858552859436 -0.0024225912982494468 -0.00076704492514835 0.0018259315205315207 -0.0090887251244887463 -0.0062937680214879589 0.0011889662686377191 0.00064400944561930379 -0.0063807720531826352 0.0024189836036795998 0.00055802178164944061 -0.0015859226100984293 -0.0038163832516256201 -0.004025637907538791 0.005567331940763265 0.00070053487084977028 -0.0095000561084259659 0.0067844891299707038 0.0061792853049437626 -0.0020986642240421829 0.0012068560553142932 -0.01267153035173404 -0.0040410002703229857 -0.00078797448421647029 -0.003585858585143631 0.002954794531884959 0.0095138227165610118 -0.0083216498750927192 -0.006024552503278777 -0.0014632325038472387 -0.0031886964473684409 0.005825557762435798 -0.0010692972968731609 -0.0011280655010544342 0.0033082430359508311 -0.0060676819189508747
leaf_weight=80 791 351 100 96 69 2526 610 312 68 101 61 260 869 97 553 76 1340 392 1222 107 381 514 191 98 94 70 74 63 120 333 60 78 91 66 84 67 68 67 103
leaf_count=80 791 351 100 96 69 2526 610 312 68 101 61 260 869 97 553 76 1340 392 1222 107 381 514 191 98 94 70 74 63 120 333 60 78 91 66 84 67 68 67 103
internal_value=-0.000101913 -0.0016077 0.00150087 0.000944819 -0.0029196 0.00131422 0.000792929 -0.00254788 -0.001766 0.00530606 0.0024449 -0.00477534 4.95871e-05 0.0068984 -0.00313838 0.00328016 -0.00302628 0.00330288 0.000317322 -0.00800071 0.00482998 0.0040091 0.00242193 0.00539444 -0.00941128 -0.00820504 -0.000593597 -0.00741429 0.00589223 0.00807599 -0.00471153 -0.00250779 -0.00364263 -0.000560986 0.00882016 0.00115756 -0.00381312 0.00117988 -0.00469529
internal_weight=12703 6550 6153 5372 4949 5045 4397 4616 3421 781 1601 1195 3395 614 813 1371 2131 1002 1290 333 648 1154 542 612 264 382 217 170 501 517 327 230 169 167 417 147 267 141 199
internal_count=12703 6550 6153 5372 4949 5045 4397 4616 3421 781 1601 1195 3395 614 813 1371 2131 1002 1290 333 648 1154 542 612 264 382 217 170 501 517 327 230 169 167 417 147 267 141 199
is_linear=0
shrinkage=0.02


Tree=10
num_leaves=43
num_cat=0
split_feature=38 34 38 15 36 36 37 37 37 38 17 15 36 17 43 20 17 34 9 41 36 38 26 14 30 30 36 20 38 17 16 47 16 46 33 34 5 48 26 36 6 10
split_gain=74.4089 64.9266 33.4076 21.5451 20.715 28.6644 21.8212 17.1661 14.8761 14.3188 13.7146 10.0607 9.82478 21.2242 12.475 9.59433 8.20926 7.92814 7.87336 7.87326 6.76778 10.2462 10.8274 5.59404 4.90348 4.78666 4.58623 4.21063 4.06475 3.69853 3.28632 2.44072 2.38433 2.38009 2.34012 1.84352 1.83528 1.73458 1.35434 1.27862 1.17254 0.740479
threshold=-0.10327520594000815 0.13686104863882068 -0.031274739652872079 0.26724137365818029 0.22854358702898028 0.41190734505653387 0.0089768590405583399 0.027415115386247638 0.0090392800047993677 -0.1893995255231857 0.9588167965412141 0.92241379618644725 0.29300558567047125 -0.03757833689451217 -0.20573949813842771 0.019459926523268226 0.54176047444343578 -0.034104479476809495 0.034171482548117645 0.53887122869491588 0.40900233387947088 -0.18284156173467633 0.039820475503802306 0.46680118143558508 0.041161444038152702 -0.41039139032363886 0.40900233387947088 -0.095711126923561082 -0.016761953011155125 1.4175644516944887 0.024560993537306789 0.61023476719856273 0.027396334335207943 0.65737342834472667 -0.0097242402844130976 0.024785058572888378 0.56699588894844066 0.29548789560794836 0.026624505408108238 0.091610707342624678 0.036737620830535896 0.013851088471710684
decision_type=2 2 2 2 2 2 2 2 2 2 2 2 2 2 2 2 2 2 2 2 2 2 2 2 2 2 2 2 2 2 2 2 2 2 2 2 2 2 2 2 2 2
left_child=7 2 3 26 6 -6 -5 8 34 16 18 12 13 -4 -14 25 -10 -17 19 30 21 22 27 -24 -20 -11 33 -9 -21 32 -3 37 38 -2 -1 41 -23 -22 -12 -18 -28 -36
right_child=1 10 11 4 5 -7 -8 20 9 15 29 -13 14 -15 -16 17 39 -19 24 28 31 36 23 -25 -26 -27 40 -29 -30 -31 -32 -33 -34 -35 35 -37 -38 -39 -40 -41 -42 -43
leaf_value=0.00098317439174131741 -0.0013285179294406175 0.0036042390557265605 -4.9316174107940589e-05 0.0038446170011404578 0.0036683074970554237 -0.0019127077931957279 -0.0030010011792214845 -0.0049873851146789204 0.000443169773075237 0.00055202618219556609 0 -0.0098009626316412808 -0.0049584915177088087 -0.0054836730632983654 -0.0013204178567830776 -0.00073406281913795935 0.0087018619306661465 0.002549157054606625 0.0024739387211177434 0.005038785521542498 0.0056440025279996921 0.0091963236954136236 0.010070862379045611 0.0023454666613220857 -0.0034447286348789929 -0.0027560755376459258 -0.0046068955138206897 0.0022199355034685847 0.0016940847806588522 -0.0056451834615813025 0.0071827051375179807 -0.00062018719712620253 0.0017134400240966449 -0.0049595168995919857 0.0066168363010453788 0.0028188694572342295 0.0048343832453210198 0.001699388944501381 -0.0039739596443374948 0.0051742788798831135 -0.0079972285765668623 0.0037816268007524992
leaf_weight=60 203 184 373 225 1031 569 1018 60 118 271 63 89 490 1257 1625 476 105 761 111 189 77 252 82 72 107 484 95 64 632 65 272 88 115 113 242 102 60 112 72 105 112 63
leaf_count=60 203 184 373 225 1031 569 1018 60 118 271 63 89 490 1257 1625 476 105 761 111 189 77 252 82 72 107 484 95 64 632 65 272 88 115 113 242 102 60 112 72 105 112 63
internal_value=-0.000135545 -0.00111189 -0.00196313 -0.000508051 0.000179379 0.00168307 -0.00175477 0.00227057 0.00150246 0.000843406 0.00227139 -0.00323895 -0.00307501 -0.00424309 -0.00216958 0.000202499 0.00469561 0.00128624 0.00306978 0.0036683 0.00472483 0.00593439 0.00308706 0.00657919 -0.000433897 -0.00156986 -0.00422649 -0.00129504 0.00248081 -0.00150785 0.00577394 0.00210897 -0.000374011 -0.00266451 0.00474816 0.0052895 0.00841469 0.00337474 -0.00215805 0.00704048 -0.00653408 0.00607699
internal_weight=12664 9010 7200 3366 2843 1600 1243 3654 2787 2320 1810 3834 3745 1630 2115 1992 328 1237 1495 1277 867 590 278 154 218 755 523 124 821 315 456 277 250 316 467 407 312 189 135 210 207 305
internal_count=12664 9010 7200 3366 2843 1600 1243 3654 2787 2320 1810 3834 3745 1630 2115 1992 328 1237 1495 1277 867 590 278 154 218 755 523 124 821 315 456 277 250 316 467 407 312 189 135 210 207 305
is_linear=0
shrinkage=0.02


Tree=11
num_leaves=39
num_cat=0
split_feature=38 40 31 40 30 16 37 37 38 13 46 40 36 15 40 31 44 40 36 38 17 26 30 23 31 13 30 40 17 40 46 14 46 6 31 17 13 18
split_gain=77.49 41.7199 29.5195 20.5871 18.7084 19.9312 17.1091 15.5365 15.821 13.5096 12.1765 9.52133 8.87227 17.3364 7.71071 6.72207 6.64384 6.61499 6.58783 9.84128 10.2201 6.5328 5.89656 4.96995 4.78141 4.63276 3.10904 2.61349 2.56512 2.91868 2.54246 2.07578 1.96214 1.62654 1.3262 1.27556 0.693734 0.233919
threshold=-0.10327520594000815 1.3080088496208193 3.1912735700607304 0.63807094097137462 -0.53645780682563771 0.02408415358513594 0.027415115386247638 0.0091993757523596304 -0.19596569985151288 -0.11910221725702284 0.14343360066413882 1.5033391714096072 0.26100032031536108 0.16379310190677646 0.82366168498992931 1.2137798666954043 0.02338164392858744 0.49287867546081549 0.42842195928096777 -0.18284156173467633 0.1627929285168648 0.013908700551837684 -0.0044801868498325339 0.35192315280437475 0.83659514784812938 -0.25731857120990748 0.5475488305091859 0.82366168498992931 0.040113283321261413 1.1605594754219057 0.82868674397468578 0.38114453852176672 0.74303007125854503 0.049909031018614776 0.17884874343872073 0.90149280428886425 -0.088963367044925676 -0.003433581092394888
decision_type=2 2 2 2 2 2 2 2 2 2 2 2 2 2 2 2 2 2 2 2 2 2 2 2 2 2 2 2 2 2 2 2 2 2 2 2 2 2
left_child=6 2 3 10 21 -6 7 14 24 -4 -2 22 17 -14 34 -12 -11 -10 19 20 -8 -5 31 -22 -9 -24 -18 -21 -16 -30 -27 -3 33 -20 -1 -26 -13 -29
right_child=1 11 9 4 5 -7 18 8 12 16 15 36 13 -15 28 -17 26 -19 32 27 23 -23 25 -25 35 30 -28 37 29 -31 -32 -33 -34 -35 -36 -37 -38 -39
leaf_value=0.0021726000615453814 0.0036105864331009798 -0.01040421481103432 -0.011965096818249334 -0.0027753856481529428 -0.001293474372170746 0.0011204469738699909 -0.0020534036678842979 0.001744581532637205 -0.0067741835825701263 0.0020875751264393329 -0.0034299427310000791 -0.008798273518117088 -0.0053924205359263521 0.0039003918311161226 0.0023421502385395933 -0.0082103743386886478 -0.006457897238998981 -0.00033368614414236707 0.005194716937380218 0.0048108372376805325 0.0022853408877671968 0.0030298318100467443 0.0013704939988308722 0.0086011046671441629 0.008755358089957763 -0.0060432790336417876 -0.0013301696818105984 0.010050801484266948 0.0077305823802734496 0.003502258075075676 -0.0012393010365304308 -0.0052900035780455382 -0.00093067391188150013 0.0012838973625409371 -0.0018981186313030776 0.0047350666185544026 -0.013370557762327649 0.0074637741769959286
leaf_weight=61 77 79 107 83 4512 1960 98 99 64 61 458 63 94 468 75 161 188 1355 76 80 96 829 67 109 106 146 66 166 250 100 66 74 67 100 61 66 60 79
leaf_count=61 77 79 107 83 4512 1960 98 99 64 61 458 63 94 468 75 161 188 1355 76 80 96 829 67 109 106 146 66 166 250 100 66 74 67 100 61 66 60 79
internal_value=-0.000119737 -0.00111321 -0.000765093 -0.000494534 -0.000183764 -0.0005621 0.00233063 0.00156525 0.000827497 -0.00590305 -0.00377519 -0.00641135 0.000203631 0.00232393 0.00457968 -0.00470853 -0.00374728 -0.000638549 0.00477525 0.00585593 0.00320973 0.00249305 -0.00494828 0.00572391 0.00533212 -0.00315612 -0.00516047 0.00826803 0.00584406 0.00656535 -0.00459051 -0.00808638 0.00194096 0.00303701 0.000132534 0.00732602 -0.0113018 0.00932103
internal_weight=12727 9057 8502 8080 7384 6472 3670 2799 2252 422 696 555 1981 562 547 619 315 1419 871 628 303 912 432 205 271 279 254 325 425 350 212 153 243 176 122 172 123 245
internal_count=12727 9057 8502 8080 7384 6472 3670 2799 2252 422 696 555 1981 562 547 619 315 1419 871 628 303 912 432 205 271 279 254 325 425 350 212 153 243 176 122 172 123 245
is_linear=0
shrinkage=0.02


Tree=12
num_leaves=43
num_cat=0
split_feature=38 34 35 37 38 40 35 31 30 20 31 38 38 17 4 38 16 16 30 40 37 40 46 41 33 37 15 35 46 40 40 40 3 19 31 41 41 45 41 40 40 40
split_gain=76.9397 77.0423 29.0706 25.1005 27.341 22.1936 18.5842 18.286 15.2583 14.678 13.3581 13.1674 11.8675 11.4516 10.715 10.5976 10.5443 17.4729 7.85335 7.36746 7.32551 6.84693 6.74218 6.16451 5.55296 5.42667 4.50116 4.4794 3.44383 3.42584 3.41333 3.23612 2.46213 2.52918 2.36782 2.35599 2.26836 1.49312 1.44482 1.43817 0.996524 1.05791
threshold=-0.049811685457825654 0.14085444808006289 0.22511449456214908 0.0090392800047993677 -0.12397275865077971 1.3354960680007937 0.38581290841102606 2.0165818929672246 -0.35012269020080561 0.34669631719589239 1.1449682116508486 -0.055911861360073083 -0.075041260570287691 0.15255772322416308 0.4632741659879685 -0.19596569985151288 0.024560993537306789 0.02272752765566111 -0.51477009057998646 1.139889717102051 0.012397665996104481 0.82366168498992931 0.31474687159061437 0.22296115756034854 0.0044435882009565839 0.013353719376027586 0.78448277711868297 0.086761694401502623 0.82868674397468578 0.81102225184440624 1.1692435741424563 0.93010607361793529 0.60100480914115917 0.13926332443952563 1.3490821719169619 0.69456672668457042 0.5254177749156953 0.50531914830207836 0.6379377841949464 0.89472457766532909 0.79590699076652538 1.1455857753753664
decision_type=2 2 2 2 2 2 2 2 2 2 2 2 2 2 2 2 2 2 2 2 2 2 2 2 2 2 2 2 2 2 2 2 2 2 2 2 2 2 2 2 2 2
left_child=2 5 3 21 13 7 16 9 27 10 -2 -10 34 18 39 -15 17 26 -5 -16 29 37 -7 -11 -14 -19 -3 -6 -24 -18 31 -23 33 -8 40 -22 -32 -1 -35 -9 -4 -42
right_child=1 6 12 4 8 22 32 14 11 23 -12 -13 24 15 19 -17 20 25 -20 -21 35 30 28 -25 -26 -27 -28 -29 -30 -31 36 -33 -34 38 -36 -37 -38 -39 -40 -41 41 -43
leaf_value=0.00272096238493742 -0.0020271009373067331 0.0023217723284919434 0.0053642434873100789 0.0031245858688663864 0.00043765442368032324 -0.0017911841961196983 -0.0046428280739034987 -0.0065797632122994399 -0.0024915744161715064 -0.0052770643964193866 -0.0058511428535441548 0.0018156421268479953 0.0057286853000744061 0.0058711072959367772 -0.0051757015677164906 0.0021497927746665156 0.0024578457450920559 -0.0061483628817743845 -0.0017742919970673919 0.00027043392120809981 0.0032646190375131222 0.0042265711669251319 -0.010887372771567769 0.00096773731233120374 -0.0015656324234027583 0.00013502703376556976 0.007064533925094053 0.0034527219765519697 -0.0057026352013951984 0.0071755065478137509 0.0052458636521672212 0.0081668534354902202 -0.0060196081391639183 0.0015888404856016346 0.0044703443802747078 -0.0007935945551461117 -2.7952275371977252e-06 -0.0011916246022263619 -0.002173695567240183 -0.011192213129137823 0.0095798643607537936 0.0058649874609555041
leaf_weight=81 2577 328 60 194 600 62 68 61 1588 66 425 343 64 419 456 1147 80 121 387 126 221 147 177 752 108 98 106 292 90 359 69 241 60 88 99 75 60 70 71 111 212 60
leaf_count=81 2577 328 60 194 600 62 68 61 1588 66 425 343 64 419 456 1147 80 121 387 126 221 147 177 752 108 98 106 292 90 359 69 241 60 88 99 75 60 70 71 111 212 60
internal_value=-8.35659e-05 -0.00159253 0.00150672 0.00105847 0.000567668 -0.00285731 0.0021076 -0.00249256 -0.000725557 -0.00192746 -0.00257411 -0.00172434 0.00567017 0.00226718 -0.00533524 0.00315543 0.0030652 0.00120546 -0.000129162 -0.00399959 0.00470448 0.00468971 -0.00785693 0.000445218 0.0011945 -0.00336828 0.00352298 0.00143403 -0.00922619 0.00634058 0.00577928 0.00672046 -0.00250395 -0.00150396 0.00743338 0.00223537 0.00285247 0.000912807 -9.4253e-05 -0.00970296 0.00826601 0.00883696
internal_weight=12819 6578 6241 5638 4970 4903 1675 4574 2823 3820 3002 1931 603 2147 754 1566 1388 653 581 582 735 668 329 818 172 219 434 892 267 439 517 388 287 227 431 296 129 151 159 172 332 272
internal_count=12819 6578 6241 5638 4970 4903 1675 4574 2823 3820 3002 1931 603 2147 754 1566 1388 653 581 582 735 668 329 818 172 219 434 892 267 439 517 388 287 227 431 296 129 151 159 172 332 272
is_linear=0
shrinkage=0.02


Tree=13
num_leaves=37
num_cat=0
split_feature=38 34 35 37 38 37 40 36 36 31 4 35 36 17 38 35 11 36 43 16 40 11 40 40 43 48 40 34 40 46 11 13 41 39 5 21
split_gain=70.5861 73.2483 27.7325 23.7525 26.635 22.0667 20.569 19.8261 20.0674 16.2996 15.9395 15.9115 15.798 12.153 11.8638 10.6791 8.33958 8.17142 6.55454 6.63717 6.52319 4.81991 3.88475 3.80952 2.71002 2.67641 2.53462 2.38807 2.3818 2.28619 1.98637 1.773 1.64044 1.29409 1.62866 0.75024
threshold=-0.050292382016777985 0.14313192665576938 0.22511449456214908 0.0090392800047993677 -0.12397275865077971 0.0066867151763290176 1.3517670631408694 0.40900233387947088 0.23604474961757663 2.1181811094284062 0.17490313947200778 0.41625252366065985 0.64375591278076183 0.15255772322416308 -0.19596569985151288 0.20723006874322894 0.012314011808484794 0.233985111117363 0.44184930622577673 0.024560993537306789 0.86978447437286388 0.017120461910963062 1.5033391714096072 0.79590699076652538 0.24401767551898959 0.26724137365818029 0.81606030464172374 0.17733357846736911 1.1605594754219057 0.82868674397468578 0.012502784840762617 -0.20043265819549558 0.53210151195526134 0.79340475797653209 0.22415563464164737 42.988426208496101
decision_type=2 2 2 2 2 2 2 2 2 2 2 2 2 2 2 2 2 2 2 2 2 2 2 2 2 2 2 2 2 2 2 2 2 2 2 2
left_child=2 5 3 20 13 -2 9 8 -6 10 -7 16 23 17 -15 -11 26 -5 19 -18 30 28 29 -4 -9 -13 -3 -27 -22 -8 31 -1 -28 -25 -35 -14
right_child=1 11 12 4 7 6 22 24 -10 15 -12 25 35 14 -16 -17 18 -19 -20 -21 21 -23 -24 33 -26 27 32 -29 -30 -31 -32 -33 -34 34 -36 -37
leaf_value=0.0054931347457801592 0.0075973775012464053 0.0027797643435952153 0.0034638472663395402 -0.001266748682263574 -0.0014524549329899092 -0.003411075321735848 -0.0075755814900588985 -0.0042811605037822364 0.0023896773445748342 -0.0081106778669935205 -0.00085042079047490857 0.0009244692477425844 0.00064762680427386213 0.0059840834683705778 0.0020570851462855932 -0.0031355386050848128 0.00089258020135451338 0.0051326542365903918 -0.0030104454186712869 0.0040928056964615617 0.0079539529673977576 0.00097829803390948877 -0.01123635612661932 0.010746336367852117 -0.0088309057767813406 -0.0062313946978795488 0.0093183202528974649 -0.0015108165348438841 0.0040197836065626871 -0.0027494022607445138 -0.00095323525887135781 0.0011139436651435165 0.0049369369826714193 0.0096686297967722747 0.0061630508540894569 -0.0024177641052870995
leaf_weight=65 79 64 98 496 1570 1804 139 268 828 309 2114 63 62 422 1143 403 460 92 84 600 265 65 99 74 69 83 103 92 95 62 70 87 72 94 215 60
leaf_count=65 79 64 98 496 1570 1804 139 268 828 309 2114 63 62 422 1143 403 460 92 84 600 265 65 99 74 69 83 103 92 95 62 70 87 72 94 215 60
internal_value=-7.73675e-05 -0.00150793 0.00146769 0.00102213 0.000543905 -0.00270357 -0.00287336 -0.000765489 -0.000124069 -0.00254062 -0.00203141 0.00218421 0.00553052 0.00220647 0.00312606 -0.00532106 0.00300619 -0.000242818 0.00228362 0.00271141 0.00461435 0.00606103 -0.00792921 0.00715231 -0.00528535 -0.00256603 0.00638949 -0.00382263 0.00696033 -0.00615414 0.00179645 0.00306315 0.0076349 0.00805925 0.00731539 -0.000873787
internal_weight=12768 6630 6138 5535 4888 5009 4930 2735 2398 4630 3918 1621 603 2153 1565 712 1383 588 1144 1060 647 425 300 481 337 238 239 175 360 201 222 152 175 383 309 122
internal_count=12768 6630 6138 5535 4888 5009 4930 2735 2398 4630 3918 1621 603 2153 1565 712 1383 588 1144 1060 647 425 300 481 337 238 239 175 360 201 222 152 175 383 309 122
is_linear=0
shrinkage=0.02


Tree=14
num_leaves=41
num_cat=0
split_feature=38 34 35 36 37 37 31 20 35 38 38 20 43 36 17 41 41 16 16 11 37 37 41 38 35 26 35 33 36 48 48 34 10 38 26 11 20 20 32 36
split_gain=67.9898 71.8805 27.2006 25.7359 20.4928 20.21 18.8799 19.2789 16.6791 15.4871 14.8066 10.6931 10.2792 9.77395 9.51662 8.34764 8.42517 8.09251 11.775 7.95096 7.13648 6.15423 6.15076 5.01605 4.55828 3.89891 3.52701 3.16306 2.55723 2.44255 2.40184 2.44829 2.30459 2.36216 1.8659 1.37512 1.20614 0.880919 0.817971 0.841304
threshold=-0.049168424680829041 0.14085444808006289 0.17836615443229678 0.46091017127037054 0.0089943087659776228 0.026882612146437172 1.7721971869468691 0.20790509879589084 0.41625252366065985 -0.1893995255231857 -0.075041260570287691 0.5503390133380891 0.44184930622577673 0.52148410677909862 -0.23439563065767285 0.21283792704343799 0.51818230748176586 0.024560993537306789 0.022496481426060203 0.020674216561019424 0.012182915583252909 0.0071191173046827325 0.53210151195526134 -0.018733770586550232 0.17212299257516864 0.032832406461238868 -0.026759064756333825 0.012032174505293371 0.28602963685989385 0.90517240762710582 0.26724137365818029 0.17733357846736911 0.02285100053995848 -0.056952245533466332 0.030590431764721874 0.015984501689672474 0.36936996877193456 0.20245628058910373 1.4390265345573428 0.30508260428905493
decision_type=2 2 2 2 2 2 2 2 2 2 2 2 2 2 2 2 2 2 2 2 2 2 2 2 2 2 2 2 2 2 2 2 2 2 2 2 2 2 2 2
left_child=2 6 3 4 26 9 7 14 12 -6 13 23 17 38 24 -9 -17 18 -3 25 -19 -16 -7 36 -2 -13 -1 34 -25 -21 -10 -32 33 -12 37 -28 -8 -5 39 -4
right_child=1 8 10 27 5 22 11 15 30 -11 32 19 -14 -15 21 16 -18 20 -20 29 -22 -23 -24 28 -26 -27 35 -29 -30 -31 31 -33 -34 -35 -36 -37 -38 -39 -40 -41
leaf_value=0.0010694075429658453 0.0015397023974394759 0.0038037987532707675 0.010381773599915291 -0.0058839448889181634 0.0042721129230669013 -0.0020582940224813271 -0.0060274576914777587 -0.0063693540652959854 0.00043483781924142555 -0.00032144242122367927 0.0048763651871183691 -0.00034762681335847841 -0.0037248210810849236 0.00056911656273832322 0.0020893972853464741 0.0016039066676810914 -0.0014595473803321521 0.0065088369275204594 -0.0017915048614793258 -0.0093383623161302012 0.0024342494947578661 -0.0039906144430808949 0.0040550868249041774 -0.010650495939773899 -0.0045645427125254791 -0.00423438960092471 0.0057411092657367793 -0.00049328456883845125 -0.0068784186184831257 -0.0038970318244241952 -0.006334743682448598 -0.0015654531790168732 -0.001679412909513039 0.00020140397687043462 -0.0077674860355885413 0.0023417416019365193 -0.0021401298967776471 -0.0028535161069877767 0.0052726455297054985 0.0075376151428214492
leaf_weight=94 216 378 86 70 319 70 60 85 65 3323 73 266 87 89 67 673 763 397 246 88 313 1925 762 152 60 167 438 66 203 64 88 88 90 102 92 61 78 112 67 298
leaf_count=94 216 378 86 70 319 70 60 85 65 3323 73 266 87 89 67 673 763 397 246 88 313 1925 762 152 60 167 438 66 203 64 88 88 90 102 92 61 78 112 67 298
internal_value=-0.000151135 -0.00157594 0.00134626 0.000834047 0.00119247 0.000727583 -0.00280193 -0.00213404 0.00201221 8.38142e-05 0.00476957 -0.00513609 0.00283756 0.00666159 -0.0033012 -0.000389945 -2.27744e-05 0.00327369 0.00159835 -0.00327764 0.00473178 -0.00378278 0.003534 -0.00730617 0.000174296 -0.00186779 0.0046769 -0.00446831 -0.00857201 -0.0071735 -0.0028252 -0.00402189 0.000878977 0.00220647 -0.00540647 0.00534403 -0.00392965 -0.00410099 0.00784997 0.00825271
internal_weight=12741 6529 6212 5407 5067 4474 4867 3789 1662 3642 805 1078 1421 540 2268 1521 1436 1334 624 585 710 1992 832 493 276 433 593 340 355 152 241 176 265 175 274 499 138 182 451 384
internal_count=12741 6529 6212 5407 5067 4474 4867 3789 1662 3642 805 1078 1421 540 2268 1521 1436 1334 624 585 710 1992 832 493 276 433 593 340 355 152 241 176 265 175 274 499 138 182 451 384
is_linear=0
shrinkage=0.02


Tree=15
num_leaves=37
num_cat=0
split_feature=38 34 35 36 37 40 40 37 36 37 37 36 17 31 38 17 35 37 46 11 38 11 40 47 40 35 38 46 17 38 40 43 8 3 40 40
split_gain=65.1505 69.4492 25.4885 27.1944 22.157 22.3617 20.8282 17.7948 16.6877 15.3806 14.999 14.2063 22.6013 16.1817 8.70159 8.30925 8.03164 10.7308 5.97454 5.62446 5.18241 4.76606 4.4474 4.08619 3.43798 3.41636 3.09067 3.00061 4.20588 2.54321 2.37324 1.89734 1.70949 1.67959 1.40542 1.00945
threshold=-0.049811685457825654 0.14313192665576938 0.17836615443229678 0.46091017127037054 0.0066867151763290176 1.2712417840957644 0.73075467348098766 0.0090677323751151579 0.60071957111358654 0.026882612146437172 0.012797545641660692 0.28969728946685797 0.60482835769653331 0.42196588218212133 -0.05930406600236892 -0.17840016633272168 0.1560495123267174 0.0077163462992757567 0.71515038609504711 0.016269923187792305 -0.013072106987237929 0.017120461910963062 1.5033391714096072 0.62931033968925487 0.84739893674850475 0.28706671297550207 -0.11642570421099661 0.73275861144065868 0.53599375486373912 -0.1188991218805313 0.79590699076652538 0.24401767551898959 0.040564667433500297 -0.044913578778505318 1.0469992160797121 1.1644554734230044
decision_type=2 2 2 2 2 2 2 2 2 2 2 2 2 2 2 2 2 2 2 2 2 2 2 2 2 2 2 2 2 2 2 2 2 2 2 2
left_child=2 4 3 6 -2 11 18 21 14 -9 16 12 -6 -13 30 -7 17 -3 23 24 -12 -8 -17 -1 -18 -21 -5 28 -22 -20 -4 33 -10 -28 -29 -32
right_child=1 10 8 26 5 15 7 9 32 -11 20 13 -14 -15 -16 22 19 -19 29 25 27 -23 -24 -25 -26 -27 31 34 -30 -31 35 -33 -34 -35 -36 -37
leaf_value=5.5978667268231892e-05 0.0075130980489885105 0.0039555986253064623 0.0043422079413886301 -0.00048835356477926032 -0.0022769078049713521 -9.0126051471623429e-05 0.0056603448508416457 0.00066199522544480287 0.0010352296203218268 0.0038801508642140516 0.0038292978097532833 -0.0051424917068305809 -0.0071597267290375447 -0.00063208603537272961 0.0011606492664044102 -0.0065686016657133727 0.0034047893122352403 -0.0065457599588741476 -0.0023999195221126421 0.004058946442144106 -0.0023561607075516474 0.00027763329527069684 -0.011600556673426734 -0.0047180910123649725 0.0072858279044453458 -0.00044835520797194202 -0.0066752192750113249 -0.0044442488957665942 0.001764251182907291 -0.0072708491623029118 0.0087793795856890774 -0.0083758971464421069 -0.0028906996390584551 -0.0028717716581198338 -0.00067780209720080754 0.0056179123980948679
leaf_weight=385 82 94 89 64 1381 65 524 3079 110 734 112 373 523 2082 105 339 142 62 84 193 162 76 98 85 314 101 78 104 245 97 322 67 70 134 66 74
leaf_count=385 82 94 89 64 1381 65 524 3079 110 734 112 373 523 2082 105 339 142 62 84 193 162 76 98 85 314 101 78 104 245 97 322 67 70 134 66 74
internal_value=-5.81891e-05 -0.00144949 0.00141425 0.000927794 -0.00262017 -0.00279584 0.00129791 0.00179073 0.00481199 0.00128431 0.00217602 -0.0023319 -0.00362782 -0.00132322 0.00643122 -0.00678465 0.00386298 -0.000256486 -0.00203417 0.00471876 -4.79277e-05 0.00498497 -0.00777072 -0.000829751 0.00610959 0.00251826 -0.00449757 -0.000818164 0.000116507 -0.00509173 0.00755607 -0.00539872 -0.000508416 -0.00434942 -0.00302487 0.00823779
internal_weight=12715 6538 6177 5407 4943 4861 5064 4413 770 3813 1595 4359 1904 2455 590 502 906 156 651 750 689 600 437 470 456 294 343 577 407 181 485 279 180 212 170 396
internal_count=12715 6538 6177 5407 4943 4861 5064 4413 770 3813 1595 4359 1904 2455 590 502 906 156 651 750 689 600 437 470 456 294 343 577 407 181 485 279 180 212 170 396
is_linear=0
shrinkage=0.02


Tree=16
num_leaves=37
num_cat=0
split_feature=38 34 35 36 37 40 40 37 35 38 36 31 20 36 37 16 16 37 37 46 5 47 40 40 9 35 38 38 40 5 34 48 5 46 40 30
split_gain=63.0391 64.366 27.0286 25.6078 23.0849 21.1832 19.5177 18.2311 15.5378 14.8921 14.6117 14.1645 15.2421 11.6064 8.00204 6.61878 15.2707 6.53813 6.18753 6.05942 4.63266 3.85735 3.36001 3.28059 3.21866 2.96321 2.82692 2.71189 2.41624 2.21125 1.97754 1.88466 1.83276 2.16377 1.53335 0.723138
threshold=-0.050292382016777985 0.14411457628011706 0.17641562968492511 0.46091017127037054 0.0066867151763290176 0.73075467348098766 1.3354960680007937 0.0089943087659776228 0.38581290841102606 -0.12397275865077971 0.60071957111358654 2.055428266525269 0.36936996877193456 0.2839109748601914 0.018142022192478183 0.024560993537306789 0.02272752765566111 0.016670986078679565 0.012397665996104481 0.71515038609504711 0.10208022221922876 0.62931033968925487 0.82366168498992931 0.81102225184440624 0.03296580724418164 0.26224692165851599 -0.11642570421099661 -0.13372560590505597 0.80545616149902355 1.0775461196899416 0.17733357846736911 0.33400586247444158 0.87768915295600902 0.29548789560794836 1.0677071213722231 0.041161444038152702
decision_type=2 2 2 2 2 2 2 2 2 2 2 2 2 2 2 2 2 2 2 2 2 2 2 2 2 2 2 2 2 2 2 2 2 2 2 2
left_child=2 4 3 5 -2 19 11 22 15 -9 14 12 -6 -13 -4 16 25 -18 23 21 -8 -1 -7 -17 -22 -3 -5 -21 -16 -20 -10 -12 33 -28 -30 -32
right_child=1 8 10 26 6 7 20 9 30 -11 31 13 -14 -15 28 18 17 -19 29 27 24 -23 -24 -25 -26 -27 32 -29 34 -31 35 -33 -34 -35 -36 -37
leaf_value=-6.1059892209902746e-05 0.0073930630696856462 0.002734114228123708 0.0014501738615839159 -0.0005175666700992169 -0.0025147819933223985 0.00089124608882854743 -0.0023895434355237881 0.0025556135143293755 -0.0045880797175746977 6.9923755564704513e-05 0.0023328340762382143 -0.0086552061759907276 0.00065673886954488339 -0.0032314575091984712 0.0042800200830772515 0.0021345799285811423 -0.0050678934098054842 0.0019127711200909246 0.0031768947524746928 -0.00198072685644975 -0.010349499041291737 -0.0046622644185399017 0.0057725293325971592 0.0066562746653098482 -0.0053737800729829468 0.0067642122429855383 -0.0072401789637312058 -0.0071844025061083292 0.0092932227872949743 -0.00054697402938230278 0.00074250174680399517 -0.0019900511619250433 -0.0078672500874211165 -0.0026495706151029785 0.0064466506412133263 -0.0019718264282459303
leaf_weight=386 89 252 115 63 3089 66 62 1830 96 2036 61 227 752 529 97 84 148 81 192 68 166 87 469 346 94 106 60 109 219 93 60 106 79 141 184 102
leaf_count=386 89 252 115 63 3089 66 62 1830 96 2036 61 227 752 529 97 84 148 81 192 68 166 87 469 346 94 106 60 109 219 93 60 106 79 141 184 102
internal_value=-7.34546e-05 -0.00143723 0.00137671 0.000871328 -0.00254204 0.0012314 -0.0027264 0.00172937 0.00210695 0.00124787 0.00484475 -0.00238928 -0.00189357 -0.00488911 0.00626334 0.00299514 0.00140834 -0.00260163 0.00428514 -0.00213115 -0.00746967 -0.000933521 0.00518054 0.00579619 -0.00863621 0.00397645 -0.0043929 -0.00525714 0.00735312 0.00196523 -0.00235435 -0.000391848 -0.00524659 -0.00411112 0.00805325 -0.000965237
internal_weight=12744 6568 6176 5394 5008 5051 4919 4401 1560 3866 782 4597 3841 756 615 1302 587 229 715 650 322 473 535 430 260 358 343 177 500 285 258 167 280 201 403 162
internal_count=12744 6568 6176 5394 5008 5051 4919 4401 1560 3866 782 4597 3841 756 615 1302 587 229 715 650 322 473 535 430 260 358 343 177 500 285 258 167 280 201 403 162
is_linear=0
shrinkage=0.02


Tree=17
num_leaves=36
num_cat=0
split_feature=38 34 40 38 35 36 36 16 35 35 36 43 40 40 40 17 13 16 16 36 17 41 11 30 39 17 46 34 10 46 36 44 22 10 13
split_gain=59.0198 55.4701 31.3179 26.5323 16.3901 15.9451 34.943 15.4629 14.5974 12.6654 14.3555 10.9115 13.4348 8.4545 8.04352 7.44278 6.65903 6.45367 12.2507 6.19304 9.26126 7.64845 4.69527 4.14199 6.06149 3.84275 4.56497 2.82958 2.59311 2.67931 2.23869 1.76677 1.10097 0.512741 0.409338
threshold=-0.10454064980149268 0.14085444808006289 1.3354960680007937 -0.031274739652872079 0.22988625615835193 0.41190734505653387 0.22854358702898028 0.036993477493524558 0.41625252366065985 0.12934804707765582 0.28792537748813635 -0.20277844369411466 0.59899991750717174 0.74419647455215465 1.5033391714096072 0.95048654079437267 -0.49232041835784907 0.024560993537306789 0.02272752765566111 0.028364218771457676 0.091788396239280715 0.59875023365020763 0.016522105783224109 -0.63873890042304982 1.042510509490967 0.83497458696365368 0.31474687159061437 0.16881616413593295 0.010744726285338404 0.91434335708618175 0.44743752479553228 0.019587765447795395 0.91620683670043956 0.03467219881713391 -0.088963367044925676
decision_type=2 2 2 2 2 2 2 2 2 2 2 2 2 2 2 2 2 2 2 2 2 2 2 2 2 2 2 2 2 2 2 2 2 2 2
left_child=4 2 3 5 11 6 -2 -7 15 13 -11 16 31 -5 25 17 -1 18 -3 20 -14 -21 -19 -18 -25 26 -4 -10 -17 -30 33 -13 -29 -6 -16
right_child=1 8 14 9 30 7 -8 -9 27 10 -12 12 19 -15 34 28 23 22 -20 21 -22 -23 -24 24 -26 -27 -28 32 29 -31 -32 -33 -34 -35 -36
leaf_value=0.0050126032209955153 -0.0015214920571067002 0.0038190816119272578 -0.001403122125004513 -0.004192944153306997 0.0091976992313639594 -0.0037165045793322304 0.0031695333194616364 0.0054001359310710722 -0.005487354654252906 -0.0052536915600956812 -0.0022032691205874882 -0.000434664902155814 0.00042773854345598116 0.00045467943264093213 -0.0087165533570439692 0.0031042331777335632 0.0018823519640703912 0.006495580124553685 -0.0022727271877229214 -0.00083060055393991729 0.0049441817264235452 0.0025181987770532331 0.0030006328616756952 -0.0042136349830330195 0.00051221751978702313 -0.00041124316118657585 -0.007563192399054534 -0.0020767786761693584 0.00021488559250922305 -0.0049274767913988658 0.0035669848838709851 -0.0045792133497780333 0.0012575127810594583 0.0059965636929467563 -0.012612788294402648
leaf_weight=69 1395 455 66 198 115 665 1161 81 76 973 1707 66 243 705 67 60 116 349 183 347 729 1245 292 267 180 60 197 104 112 60 64 112 60 60 68
leaf_count=69 1395 455 66 198 115 665 1161 81 76 973 1707 66 243 705 67 60 116 349 183 347 729 1245 292 267 180 60 197 104 112 60 64 112 60 60 68
internal_value=-0.000151738 -0.00101093 -0.00177373 -0.00143493 0.00200963 -0.000140915 0.000610118 -0.00270763 0.00218495 -0.00262606 -0.00331576 0.00164694 0.00219263 -0.000573807 -0.00682219 0.00291274 -0.000718171 0.00350939 0.00206773 0.00256228 0.00382089 0.00178746 0.00492645 -0.00144513 -0.00231766 -0.00502258 -0.00605434 -0.0023724 -0.000375117 -0.00162697 0.00704174 -0.00308067 -0.000850252 0.00822535 -0.0109179
internal_weight=12707 9094 7343 6885 3613 3302 2556 746 1751 3583 2680 3374 2742 903 458 1511 632 1279 638 2564 972 1592 641 563 447 323 263 240 232 172 239 178 164 175 135
internal_count=12707 9094 7343 6885 3613 3302 2556 746 1751 3583 2680 3374 2742 903 458 1511 632 1279 638 2564 972 1592 641 563 447 323 263 240 232 172 239 178 164 175 135
is_linear=0
shrinkage=0.02


Tree=18
num_leaves=35
num_cat=0
split_feature=38 34 35 37 38 37 40 36 36 35 17 17 36 36 38 38 30 43 40 35 16 16 37 46 9 34 35 40 40 34 40 43 39 12
split_gain=57.0695 59.5839 24.6247 23.0045 23.9428 20.193 19.0067 17.9321 25.0968 14.135 13.1899 13.1529 12.4796 11.755 10.0819 8.28545 8.2204 7.6763 6.99308 5.73999 5.71264 11.8849 6.39977 5.43434 2.93455 2.54062 2.48461 2.85146 2.41258 2.14933 1.97207 1.61463 1.45761 0.893872
threshold=-0.049811685457825654 0.14313192665576938 0.17641562968492511 0.0090677323751151579 -0.12397275865077971 0.0066867151763290176 1.3354960680007937 0.36900384724140173 0.23604474961757663 0.41625252366065985 0.14164727926254275 1.1301685571670534 0.60071957111358654 0.22854358702898028 -0.19596569985151288 -0.058268651366233819 -0.49255208671092982 0.44184930622577673 0.82366168498992931 0.26051427423954016 0.024560993537306789 0.021037297323346141 0.012182915583252909 0.33400586247444158 0.03296580724418164 0.0225434759631753 -0.02869386505335569 1.1605594754219057 0.79590699076652538 0.17081402987241748 1.1644554734230044 -0.024101379327476021 0.86574083566665661 -0.022094212472438809
decision_type=2 2 2 2 2 2 2 2 2 2 2 2 2 2 2 2 2 2 2 2 2 2 2 2 2 2 2 2 2 2 2 2 2 2
left_child=2 5 3 18 10 -2 11 8 -6 17 16 13 15 -7 -12 28 -5 20 31 -13 21 -3 -22 -8 -25 -9 -20 -28 -4 -11 -30 -1 -14 -31
right_child=1 9 12 4 7 6 23 25 -10 29 14 19 32 -15 -16 -17 -18 -19 26 -21 22 -23 -24 24 -26 -27 27 -29 30 33 -32 -33 -34 -35
leaf_value=0.0023225571902249667 0.0072797367921076626 0.0045368929250431921 0.0038907178328017752 0.0026309710118862591 -0.0015410717950856542 -0.0034667448275573194 -0.0017542695819211078 -0.0051847309038996802 0.0032925253080287003 -0.0051123921623719591 0.0055044850798473743 -0.0088573693357452393 0.0021435352131957191 -0.0012687695046317002 0.0018329804634830322 0.00040667652585828787 -0.0024006888052811484 -0.0028473537949624881 0.0017129508420522955 -0.0031950861793011427 0.0060086195575805284 -0.0012475367657373785 0.0021293095295673832 -0.010091291491968813 -0.0054288417287718729 -0.0012435404265628142 0.0068019846697515316 0.0030473371069043229 0.0082699097207117218 -0.0029866013832035515 0.0045650725834071636 -0.001702625342036287 -0.0016452579515407212 4.4054820717683114e-05
leaf_weight=82 80 277 102 193 1578 1509 61 391 587 81 413 165 61 2756 1091 95 382 90 71 135 394 286 308 173 99 82 333 118 331 60 87 72 108 100
leaf_count=82 80 277 102 193 1578 1509 61 391 587 81 413 165 61 2756 1091 95 382 90 71 135 394 286 308 173 99 82 333 118 331 60 87 72 108 100
internal_value=-0.000137735 -0.00143447 0.00124221 0.000759247 0.000263395 -0.00251236 -0.00267686 -0.00100088 -0.000227327 0.00192531 0.00186722 -0.00233674 0.00454758 -0.00204856 0.00285079 0.0058647 -0.000705181 0.00271916 0.00420129 -0.0063695 0.00312179 0.00160564 0.00432431 -0.00727405 -0.00847567 -0.00451572 0.00530086 0.00584845 0.00685188 -0.00251254 0.00753921 0.00043771 -0.000258357 -0.00112036
internal_weight=12751 6574 6177 5393 4717 4978 4898 2638 2165 1596 2079 4565 784 4265 1504 615 575 1355 676 300 1265 563 702 333 272 473 522 451 520 241 418 154 169 160
internal_count=12751 6574 6177 5393 4717 4978 4898 2638 2165 1596 2079 4565 784 4265 1504 615 575 1355 676 300 1265 563 702 333 272 473 522 451 520 241 418 154 169 160
is_linear=0
shrinkage=0.02


Tree=19
num_leaves=40
num_cat=0
split_feature=38 34 31 20 38 35 35 43 39 44 20 36 35 43 41 16 16 26 24 36 38 16 17 45 39 35 11 31 17 38 48 31 48 36 34 8 12 10 35
split_gain=55.437 51.2469 28.9478 20.3391 21.46 16.3578 14.6709 10.8455 10.6255 10.6056 14.2067 10.1229 9.53273 8.07946 7.39945 7.02416 11.3566 6.9543 6.83584 6.42731 6.34672 9.46603 7.68895 5.94703 4.45947 6.19696 4.17662 4.13155 3.55785 3.02268 2.78003 3.59086 2.36851 2.14063 2.13337 1.71926 1.46985 0.679639 0.347244
threshold=-0.10327520594000815 0.14085444808006289 1.6054008603096011 0.20790509879589084 -0.03052926808595657 0.22988625615835193 0.41625252366065985 -0.21346437186002729 0.67917838692665111 0.028543121181428436 0.37451764941215521 0.233985111117363 0.13185491412878039 0.44184930622577673 0.21283792704343799 0.024560993537306789 0.02272752765566111 0.018980029039084915 26.660927772521976 0.2839109748601914 -0.19596569985151288 0.018219118937850002 0.51460179686546337 0.99137932062149059 1.0823754072189333 -0.12315919995307921 0.015580837149173023 2.1390514373779301 -0.095189787447452531 -0.066093079745769487 0.038517974317073829 0.50658103823661815 0.26724137365818029 0.44967386126518255 0.17733357846736911 0.03243884630501271 -0.21004002541303632 0.035355402156710632 0.24466089159250262
decision_type=2 2 2 2 2 2 2 2 2 2 2 2 2 2 2 2 2 2 2 2 2 2 2 2 2 2 2 2 2 2 2 2 2 2 2 2 2 2 2
left_child=5 2 3 4 11 7 13 24 30 10 27 -2 -6 15 -5 16 -3 -16 29 -12 22 -22 -10 -20 25 -1 -17 -4 -27 -11 -9 -32 -8 37 -34 36 -26 38 -7
right_child=1 6 9 14 12 33 32 8 20 18 19 -13 -14 -15 17 26 -18 -19 23 -21 21 -23 -24 -25 35 28 -28 -29 -30 -31 31 -33 34 -35 -36 -37 -38 -39 -40
leaf_value=-0.0063878258639403305 -0.0015812471031825871 0.0033658651514550542 -0.0047371529299295974 -0.0048993218416429089 -0.0016360421207734783 0.010561196151189507 0.00072127329482054203 -0.0034922588003618226 0.0019508672412771445 -0.0052173368638148533 -0.0040263907110079308 0.0014668956575817277 -0.0046629656203105961 -0.0026755298268013074 -0.0017051609664097973 0.0062468277874279231 -0.0021905280686870146 0.0014649662844728956 -0.0034479428496002342 6.2562213120821787e-05 0.0037908463890430895 0.0010101327166880396 0.0074892177981572281 -0.0098584017117108631 -0.0017640264141303836 0.0023902179052087444 0.003173754276820285 -0.010122641844521552 -0.001998143508680101 -0.010509136262374956 -0.0020222179949797433 0.002476175080207612 -0.0058618211753200733 0.0033717595192470718 -0.001436649175263786 0.0042203479554818969 0.0024729148648621048 0.0057181135189177381 0.0070475245566340161
leaf_weight=93 1076 502 219 89 698 61 68 114 192 77 215 728 1050 98 333 327 205 1570 395 520 839 1181 215 67 64 105 415 82 231 145 142 136 85 60 93 68 61 64 61
leaf_count=93 1076 502 219 89 698 61 68 114 192 77 215 728 1050 98 333 327 205 1570 395 520 839 1181 215 67 64 105 415 82 231 145 142 136 85 60 93 68 61 64 61
internal_value=-9.10801e-05 -0.000932769 -0.00168024 -0.000975683 -0.00188237 0.00197531 0.00209267 0.0016151 0.00214222 -0.00394499 -0.00265458 -0.00035023 -0.00345972 0.00281418 0.000640963 0.00319092 0.00175089 0.0009079 -0.00587789 -0.00114368 0.00263537 0.0021695 0.00491236 -0.00443735 -0.000771091 -0.00190429 0.0045491 -0.006293 -0.000614814 -0.00877217 -0.000905386 0.000177818 -0.00241987 0.00692969 -0.00361745 0.00173327 0.000305287 0.00800038 0.00902367
internal_weight=12744 9057 7264 5544 3552 3687 1793 3441 2819 1720 1036 1804 1748 1547 1992 1449 707 1903 684 735 2427 2020 407 462 622 429 742 301 336 222 392 278 246 246 178 193 125 186 122
internal_count=12744 9057 7264 5544 3552 3687 1793 3441 2819 1720 1036 1804 1748 1547 1992 1449 707 1903 684 735 2427 2020 407 462 622 429 742 301 336 222 392 278 246 246 178 193 125 186 122
is_linear=0
shrinkage=0.02


Tree=20
num_leaves=42
num_cat=0
split_feature=38 34 40 40 35 37 38 37 20 17 4 37 30 38 13 34 35 35 46 40 11 47 35 38 40 40 40 40 37 27 46 17 3 44 41 17 38 40 40 35 40
split_gain=55.2131 56.7289 21.0304 18.9325 16.8916 17.9094 21.674 14.9184 12.9159 12.0789 12.4595 10.8841 10.3431 10.2744 8.7456 7.26123 6.5041 7.69354 6.45564 6.11089 5.58263 4.88665 4.8427 4.12097 3.47379 3.19805 5.83954 2.92307 2.83426 2.80983 2.7605 4.4231 2.62344 1.8937 1.57503 1.40475 1.31808 1.03361 0.696659 0.640054 0.255647
threshold=-0.049168424680829041 0.14411457628011706 0.73075467348098766 1.2712417840957644 0.17641562968492511 0.0089943087659776228 -0.12286731973290442 0.0066867151763290176 -0.084511503577232347 1.1301685571670534 0.18135225772857669 0.012978836894035341 -0.35012269020080561 -0.075041260570287691 -0.25731857120990748 -0.059732396155595772 0.15457694232463839 0.13048100471496585 0.31474687159061437 0.49287867546081549 0.017520181834697727 0.62931033968925487 0.26051427423954016 -0.013072106987237929 0.84739893674850475 0.93010607361793529 1.1605594754219057 1.5033391714096072 0.020802550017833713 -0.001814531802665442 0.73275861144065868 0.53599375486373912 0.25612005591392523 0.023485562764108184 0.59440705180168163 0.091788396239280715 -0.058268651366233819 1.0181013941764834 1.1644554734230044 0.05603041127324105 0.37382487952709204
decision_type=2 2 2 2 2 2 2 2 2 2 2 2 2 2 2 2 2 2 2 2 2 2 2 2 2 2 2 2 2 2 2 2 2 2 2 2 2 2 2 2 2
left_child=2 3 18 7 5 25 8 -2 -7 10 -9 16 -8 15 -5 -6 17 -3 34 40 24 29 -11 -13 -18 35 -27 32 36 -21 31 -25 -16 -22 39 -4 -15 -32 -17 -1 -20
right_child=1 11 4 14 13 6 12 9 -10 22 -12 23 -14 28 27 38 20 -19 19 21 33 -23 -24 30 -26 26 -28 -29 -30 -31 37 -33 -34 -35 -36 -37 -38 -39 -40 -41 -42
leaf_value=0.0010007790628704242 0.0064006878226456863 0.0036640462875680846 0.00039519087829332995 -0.00025012731992385607 0.00059616459365934146 -0.00074559068172169957 0.0014991257653159443 -0.0031713533607703693 0.0032900815555021476 -0.0084881652071482593 -0.00093612111916046214 0.0033095002875686819 -0.0013695185918655435 0.0048482772531643721 -0.0078651955410946953 0.0077865027386502649 0.0027614067438762246 -0.0058056697313586484 -0.004802102310937785 0.0028455759959343154 0.0034059034432839907 -0.0056448706982167142 -0.0032216074822337499 -0.002644477642564611 0.006259738737344242 0.0080350530289624612 0.0024694677985655938 -0.010497308212427461 -0.0016546700694545938 -0.001539400884436689 -0.0043586936730401291 0.0018235577720800984 -0.0040073143387709164 -0.00014607188227000061 -0.0014874817119940882 0.0039262034148503568 0.0012145884602773683 -0.0009240059744638746 0.0050304496711349646 0.0037530745412431544 -0.0073159047977849542
leaf_weight=77 80 71 73 85 77 403 729 1727 1464 155 2369 116 1602 68 181 326 176 61 60 75 106 92 137 140 369 202 126 95 86 230 92 230 136 132 60 121 100 60 70 64 89
leaf_count=77 80 71 73 85 77 403 729 1727 1464 155 2369 116 1602 68 181 326 176 61 60 75 106 92 137 140 369 202 126 95 86 230 92 230 136 132 60 121 100 60 70 64 89
internal_value=-9.32581e-05 -0.00137793 0.00125847 -0.00242125 0.00169018 0.00125106 0.000814597 -0.00200622 0.00241863 -0.00216399 -0.00188044 0.0019552 -0.000471173 0.00452293 -0.00611592 0.00625772 0.00334969 -0.00073647 -0.00188237 -0.00300653 0.00404 -0.00168247 -0.00607849 -4.94993e-05 0.00515313 0.00473454 0.00594183 -0.00731313 0.00125317 -0.000440667 -0.000812495 0.000122597 -0.00626629 0.00145446 0.00116572 0.00262885 0.00275047 -0.00305347 0.00734331 0.00230915 -0.00642497
internal_weight=12712 6518 6194 4965 5447 4720 4198 4468 1867 4388 4096 1553 2331 727 497 473 915 132 747 546 783 397 292 638 545 522 328 412 254 305 522 370 317 238 201 194 168 152 396 141 149
internal_count=12712 6518 6194 4965 5447 4720 4198 4468 1867 4388 4096 1553 2331 727 497 473 915 132 747 546 783 397 292 638 545 522 328 412 254 305 522 370 317 238 201 194 168 152 396 141 149
is_linear=0
shrinkage=0.02


Tree=21
num_leaves=38
num_cat=0
split_feature=38 34 38 36 36 37 35 35 35 17 16 31 20 20 10 37 38 35 35 16 11 34 35 43 11 16 16 35 26 48 34 5 34 36 24 10 17
split_gain=52.6589 46.7217 25.5916 16.1259 38.0304 24.6103 17.2075 14.6307 13.729 13.5099 13.4708 13.1369 13.6525 10.5222 9.19456 10.4681 9.85734 12.3283 8.18956 7.91634 7.49332 7.19257 6.66492 5.60923 4.90838 4.54708 3.52219 3.1516 2.48966 2.07604 2.15577 1.76673 1.32571 0.803571 0.610472 0.74284 0.298643
threshold=-0.10327520594000815 0.14085444808006289 -0.021258005872368809 0.22189904749393466 0.40020677447319036 0.0089768590405583399 0.025221684947609905 0.41625252366065985 0.18673091381788257 -0.27981741726398462 0.024845681153237823 1.7721971869468691 0.34669631719589239 0.5503390133380891 0.048971733078360564 0.0091993757523596304 -0.12397275865077971 -0.10675429180264472 0.13185491412878039 0.017651316709816459 0.012443906627595426 -0.059732396155595772 0.2517565935850144 0.45229162275791174 0.020674216561019424 0.024560993537306789 0.018375191837549213 -0.026759064756333825 0.020467530936002735 0.26724137365818029 0.17733357846736911 1.1677986383438113 0.024785058572888378 -0.043949766084551804 24.499121665954593 0.03467219881713391 0.24810618907213214
decision_type=2 2 2 2 2 2 2 2 2 2 2 2 2 2 2 2 2 2 2 2 2 2 2 2 2 2 2 2 2 2 2 2 2 2 2 2 2
left_child=8 2 3 5 6 22 -5 20 14 -7 -6 12 18 31 15 27 17 -17 -4 -18 28 -10 -2 25 -15 -22 -14 33 -3 -9 -31 -13 -29 -1 -23 -36 -30
right_child=1 7 11 4 10 9 -8 29 21 -11 -12 13 26 24 -16 16 19 -19 -20 -21 23 34 -24 -25 -26 -27 -28 32 36 30 -32 -33 -34 -35 35 -37 -38
leaf_value=0.0026339199993914613 0.0057142283424301442 0.0032745002890204704 -0.0010463207341500349 -0.0035076305221211708 -0.0036809419815508381 0.0027907263101541145 0.0042492652489883841 0.00049497736289132654 0.00068265420318477682 -0.0035170647447317544 0.0010040228974988246 -0.0068413467089721257 0.0033456297783553603 -0.0017469821687230145 0.0083754144463884204 -0.00013471574806888165 0.0023945547756306904 0.0030403616474393705 -0.0037986112900467608 -0.0022756426582775753 0.0010982496384302513 0.0053613393152651349 -0.0015961067121529927 -0.0030341924892329586 -0.0065626029707017853 0.0036148397276940885 -0.00035276111696866597 0.0052096590267764276 0.0055651913081460136 -0.0056955526201152486 -0.0013138316841300656 -0.010641207648627461 0.0022749591323610562 -0.00039308771799551322 0.0092590615133321362 0.0058169392284882415 0.0082496614541218757
leaf_weight=66 186 114 628 128 697 148 927 67 87 1398 376 280 147 316 73 912 191 1050 1415 575 567 76 66 79 115 590 326 342 65 92 91 77 85 69 113 65 96
leaf_count=66 186 114 628 128 697 148 927 67 87 1398 376 280 147 316 73 912 191 1050 1415 575 567 76 66 79 115 590 326 342 65 92 91 77 85 69 113 65 96
internal_value=-0.000124132 -0.000950943 -0.00166251 -0.000569857 0.000607781 -0.00196288 0.00329992 0.00196776 0.00188172 -0.00290833 -0.00204009 -0.00295886 -0.00224767 -0.00521122 0.00149048 0.00132992 0.000815254 0.00156602 -0.00295585 -0.00110504 0.00270942 0.00569066 0.00379944 0.00203454 -0.00307068 0.00238845 0.000808374 0.00380879 0.00568441 -0.00248984 -0.00357837 -0.00774555 0.00464774 0.00110462 0.00737412 0.00812488 0.00729359
internal_weight=12695 8991 7230 3926 2128 1798 1055 1761 3704 1546 1073 3304 2516 788 3363 3290 2728 1962 2043 766 1511 341 252 1236 431 1157 473 562 275 250 183 357 427 135 254 178 161
internal_count=12695 8991 7230 3926 2128 1798 1055 1761 3704 1546 1073 3304 2516 788 3363 3290 2728 1962 2043 766 1511 341 252 1236 431 1157 473 562 275 250 183 357 427 135 254 178 161
is_linear=0
shrinkage=0.02


Tree=22
num_leaves=36
num_cat=0
split_feature=38 34 35 37 37 38 40 36 36 31 4 17 36 36 37 48 36 35 38 40 17 11 5 40 11 38 9 29 39 44 40 40 13 40 30
split_gain=48.5828 51.6424 20.239 18.5418 18.3689 19.1835 16.161 15.6555 18.191 13.6362 14.8679 13.338 11.5144 11.4074 11.2435 9.03476 8.47182 6.7764 5.63261 5.30983 5.15763 4.40634 3.92428 3.78839 3.68076 3.57837 3.52691 3.34614 3.07626 1.92673 1.88054 1.80431 0.953824 0.786484 0.50777
threshold=-0.049168424680829041 0.14411457628011706 0.22511449456214908 0.0066867151763290176 0.0090176579542458075 -0.12397275865077971 1.3354960680007937 0.41190734505653387 0.23604474961757663 2.055428266525269 0.17490313947200778 0.15255772322416308 0.64375591278076183 0.28792537748813635 0.01263051573187113 0.038517974317073829 0.233985111117363 0.15286604315042499 -0.058268651366233819 0.82366168498992931 1.2330207228660586 0.017520181834697727 0.10208022221922876 0.808283030986786 0.017120461910963062 -0.013726565986871718 0.03296580724418164 0.07764772325754167 0.98616981506347667 0.023485562764108184 0.79590699076652538 0.93010607361793529 -0.22485066205263135 1.0677071213722231 -0.042669119313359254
decision_type=2 2 2 2 2 2 2 2 2 2 2 2 2 2 2 2 2 2 2 2 2 2 2 2 2 2 2 2 2 2 2 2 2 2 2
left_child=2 3 4 -2 19 11 9 8 -7 10 -5 16 18 -11 17 -13 -6 -3 30 32 25 23 -8 -19 31 -16 -24 -9 -27 -23 -4 -21 -1 -32 -14
right_child=1 14 12 6 5 7 22 27 -10 13 -12 15 34 -15 20 -17 -18 21 -20 24 -22 29 26 -25 -26 28 -28 -29 -30 -31 33 -33 -34 -35 -36
leaf_value=0.0019477662427115241 0.0068603717975275619 -0.00093407418312611607 0.003827845718938835 -0.003017747326150266 -0.0018376759959634434 -0.001385928081008924 -0.002061268382727576 -0.0037720823638307593 0.0021840637010572448 -0.0082357810655936097 -0.0005115673435669275 -0.004213311792869435 -0.0020491366225366407 -0.0029133681729505458 0.0039781640726446275 0.0031075144107924209 0.0048755102858458795 0.0019196103770879253 0.00039508710242807868 0.0035198705291806425 -0.0049371602242888023 0.0035994546585800973 -0.0096013308298445368 0.006212038285453466 0.00030593315843078828 0.0013506863610274506 -0.0044979057243650722 -0.0090534984704535755 -0.0016545246839115167 -0.00020219270801615148 0.0085264369776570492 0.0065083029429924989 -0.0013152244880145032 0.006117443081612388 0.00046262909836150356
leaf_weight=80 84 117 80 1752 482 1665 61 260 865 236 2062 68 62 516 104 1481 86 110 63 131 71 107 167 381 60 295 94 60 248 102 187 297 60 153 61
leaf_count=80 84 117 80 1752 482 1665 61 260 865 236 2062 68 62 516 104 1481 86 110 63 131 71 107 167 381 60 295 94 60 248 102 187 297 60 153 61
internal_value=-0.000103027 -0.00130999 0.00116335 -0.0022998 0.000785798 0.000376995 -0.00246153 -0.000693792 -0.000163822 -0.00215275 -0.00166454 0.00181795 0.00462651 -0.00461111 0.00189369 0.00277797 -0.000799216 0.00349385 0.00601056 0.00400037 6.45389e-05 0.0042362 -0.00677675 0.00526992 0.0049805 0.000635204 -0.0078391 -0.00484033 -2.15772e-05 0.00176278 0.00684174 0.00562681 0.000544094 0.00750829 -0.000814172
internal_weight=12708 6507 6201 4972 5595 4967 4888 2850 2530 4566 3814 2117 606 752 1535 1549 568 817 483 628 718 700 322 491 488 647 261 320 543 209 420 428 140 340 123
internal_count=12708 6507 6201 4972 5595 4967 4888 2850 2530 4566 3814 2117 606 752 1535 1549 568 817 483 628 718 700 322 491 488 647 261 320 543 209 420 428 140 340 123
is_linear=0
shrinkage=0.02


Tree=23
num_leaves=36
num_cat=0
split_feature=38 34 35 36 37 40 40 17 37 37 36 35 36 38 46 17 35 41 11 17 47 40 10 29 9 33 34 8 40 0 36 29 40 1 46
split_gain=45.8259 49.065 21.2869 20.1212 18.7546 17.887 17.5726 13.3506 13.092 12.8053 12.4322 12.144 9.87946 9.03772 6.58525 6.03643 5.36338 4.56851 5.45206 3.75839 3.75259 3.48969 2.70275 2.38189 2.27319 2.10565 1.94724 1.89775 1.76997 1.38332 1.34505 1.11901 1.03711 0.82127 0.804934
threshold=-0.049168424680829041 0.14411457628011706 0.17836615443229678 0.46091017127037054 0.0066867151763290176 1.3354960680007937 0.67508780956268322 1.1301685571670534 0.0089943087659776228 0.024985108524560932 0.22854358702898028 0.38581290841102606 0.60071957111358654 -0.05930406600236892 0.74303007125854503 0.95048654079437267 0.26051427423954016 0.53210151195526134 0.017177220433950428 0.079526308923959746 0.61023476719856273 0.86978447437286388 0.014962526503950359 0.082245521247386946 0.035723950713872916 0.0014515536604449155 0.16881616413593295 0.040564667433500297 0.79590699076652538 0.024515860714018348 0.38952781260013586 0.084916587918996825 1.0677071213722231 0.053326750174164779 0.65737342834472667
decision_type=2 2 2 2 2 2 2 2 2 2 2 2 2 2 2 2 2 2 2 2 2 2 2 2 2 2 2 2 2 2 2 2 2 2 2
left_child=2 4 3 6 -2 7 14 10 21 -10 -6 15 13 28 20 17 -9 18 -3 -7 -1 -8 -17 29 -21 -19 -13 -14 -4 34 -15 33 -30 -28 -5
right_child=1 11 12 23 5 19 8 16 9 -11 -12 26 27 30 -16 22 -18 25 -20 24 -22 -23 -24 -25 -26 -27 31 -29 32 -31 -32 -33 -34 -35 -36
leaf_value=1.1671631660391677e-05 0.0068047046607153288 0.0062699370610976458 0.0037578403531256452 -0.0028954764010482715 -0.0032943865050530565 -0.0024208452150798762 0.0017367750307474511 -0.0088174016741014299 0.00035375628625190227 0.0029922823377907769 -0.0010179067203775719 -0.0051585264934286001 0.0016642976970718119 -0.0013870507492058312 -0.0069060082817688972 0.0014881981646216568 -0.0032028526455940062 0.00020990475908688763 0.0011417018909007312 -0.0092649726002734713 -0.0047573354949171235 0.0052859207935542461 -0.0031016831025177534 -0.0074989543767216118 -0.0046051011451743017 0.0028086255001853822 -0.001403109472244978 -0.002517218984049946 0.0081438385981519399 -0.00039724947760502499 0.0025635060639920787 -0.003293470654385601 0.0057582268110937043 0.001603390870965086 -0.0056109016581781601
leaf_weight=232 87 300 88 149 1469 62 162 152 3181 955 2775 60 102 64 114 113 132 167 117 185 89 385 89 62 68 506 81 71 226 60 68 61 181 61 73
leaf_count=232 87 300 88 149 1469 62 162 152 3181 955 2775 60 102 64 114 113 132 167 117 185 89 385 89 62 68 506 81 71 226 60 68 61 181 61 73
internal_value=-9.41203e-05 -0.00127228 0.00112586 0.000678232 -0.00224911 -0.00241607 0.000993856 -0.00209207 0.00135157 0.000964959 -0.00180788 0.00182242 0.00416684 0.00532935 -0.00283775 0.00261957 -0.00627206 0.00320683 0.00485189 -0.0070067 -0.0013393 0.00425183 -0.000544994 -0.00398271 -0.00808507 0.00216904 -0.00207524 -5.97895e-05 0.00656308 -0.00313533 0.000652419 -0.00109722 0.00713525 -9.82357e-05 -0.00385574
internal_weight=12747 6485 6262 5462 4930 4843 5118 4528 4683 4136 4244 1555 800 627 435 1292 284 1090 417 315 321 547 202 344 253 673 263 173 495 282 132 203 407 142 222
internal_count=12747 6485 6262 5462 4930 4843 5118 4528 4683 4136 4244 1555 800 627 435 1292 284 1090 417 315 321 547 202 344 253 673 263 173 495 282 132 203 407 142 222
is_linear=0
shrinkage=0.02


Tree=24
num_leaves=37
num_cat=0
split_feature=38 34 40 31 38 40 35 40 35 20 40 43 35 36 11 40 26 38 16 35 13 30 31 30 40 30 41 44 48 34 21 41 19 32 13 32
split_gain=46.5182 44.2182 25.9441 21.4653 15.2115 13.803 13.2623 13.0119 12.0329 11.8003 10.584 11.772 8.39328 7.65593 7.08498 6.90067 6.85209 6.43801 9.3987 6.94597 6.03042 5.56591 5.31249 4.66658 3.72166 2.81098 2.62922 2.27327 2.23871 1.77571 1.59149 1.45092 0.80163 0.698393 0.429912 0.348709
threshold=-0.10327520594000815 0.14085444808006289 1.3080088496208193 2.1181811094284062 -0.018054890446364876 0.74069702625274669 0.18673091381788257 1.139889717102051 0.41625252366065985 0.20245628058910373 0.59899991750717174 -0.23241819441318509 0.22081656754016879 0.45740690827369695 0.012314011808484794 1.5033391714096072 0.03561780974268914 -0.1188991218805313 0.017651316709816459 -0.10675429180264472 -0.49232041835784907 -0.0044801868498325339 3.7748736143112187 -0.74902421236038197 0.79955479502677929 -0.76760950684547413 0.50550198554992687 0.019587765447795395 0.26724137365818029 0.17081402987241748 56.60802078247071 0.54104247689247142 0.010116368997842075 1.4115311503410342 -0.087865389883518205 1.1149247884750368
decision_type=2 2 2 2 2 2 2 2 2 2 2 2 2 2 2 2 2 2 2 2 2 2 2 2 2 2 2 2 2 2 2 2 2 2 2 2
left_child=6 2 3 4 5 -2 10 12 14 -6 27 20 -5 33 24 21 -9 19 -19 -13 -12 30 23 -16 -3 -22 -23 -1 -10 -30 -4 -26 -29 35 -17 -8
right_child=1 8 15 7 9 -7 13 16 28 -11 11 17 -14 -15 22 34 -18 18 -20 -21 25 26 -24 -25 31 -27 -28 32 29 -31 -32 -33 -34 -35 -36 -37
leaf_value=-0.00016476196800540018 -0.0028421919230184273 0.0013216885313715623 -0.0095076181235767554 -0.0071658305257158396 -0.0033556074395910958 0.00060879418285778638 0.0063325207373186292 0.0048681006186224261 0.00085334593871246207 -0.00054860075466187693 0.0042585937507765396 0.0012624376705136853 -0.0027652982474161915 0.0005000024856799233 0.0066635443452952641 -0.0077739974698746829 -0.0035401569688825736 0.0029587857819878076 -0.0016550999507552761 0.0037216041543339357 0.0015463083350175137 -0.0061182988468721942 -0.003195760188893856 0.0019022004352785493 0.0083878792504302607 -0.0027462705836912614 -0.0015250259586197361 -0.0028424597169505426 -0.0060416782332831645 -0.0017970811466944691 -0.0049654182138045627 0.0045667175222402333 -0.0062230024993419645 0.0050383403654319838 -0.011577992575902205 0.009090748003097596
leaf_weight=74 551 66 81 411 1270 2838 76 84 69 1136 68 752 310 90 87 64 67 334 368 1202 71 65 73 1101 116 360 203 69 61 116 72 84 62 65 62 105
leaf_count=74 551 66 81 411 1270 2838 76 84 69 1136 68 752 310 90 87 64 67 334 368 1202 71 65 73 1101 116 360 203 69 61 116 72 84 62 65 62 105
internal_value=-0.00013245 -0.000909259 -0.00160478 -0.00125952 -0.00081796 4.54039e-05 0.00175533 -0.00417998 0.00191805 -0.00203302 0.00137312 0.00166011 -0.00529446 0.00552855 0.00257943 -0.00578122 0.0011345 0.00218945 0.000541941 0.00277909 -0.00115161 -0.00449115 0.00194373 0.00226763 0.00553405 -0.00203104 -0.00269815 -0.00299923 -0.00216498 -0.00334178 -0.00751312 0.00687912 -0.00455338 0.00733605 -0.00987928 0.00806016
internal_weight=12683 8987 7214 6667 5795 3389 3696 872 1773 2406 3360 3155 721 336 1527 547 151 2656 702 1954 499 421 1261 1188 266 431 268 205 246 177 153 200 131 246 126 181
internal_count=12683 8987 7214 6667 5795 3389 3696 872 1773 2406 3360 3155 721 336 1527 547 151 2656 702 1954 499 421 1261 1188 266 431 268 205 246 177 153 200 131 246 126 181
is_linear=0
shrinkage=0.02


Tree=25
num_leaves=23
num_cat=0
split_feature=40 40 31 43 37 13 16 41 36 30 46 13 46 47 30 36 41 13 46 13 43 37
split_gain=31.7072 25.4829 25.951 22.6702 17.9636 17.6723 17.5619 15.6667 15.499 12.139 11.448 10.4212 6.42779 7.0329 4.74406 4.46488 4.10132 3.51507 3.04486 2.89866 1.53097 0.967313
threshold=1.5033391714096072 0.6514890491962434 3.1912735700607304 -0.21346437186002729 0.023608304560184482 -0.49232041835784907 0.016566904261708263 0.58051139116287243 0.5289275348186494 -0.61392408609390248 0.74303007125854503 -0.22863939404487607 0.14343360066413882 0.46680118143558508 0.51785358786582958 0.27129377424716955 0.61929354071617138 -0.12282230705022811 0.95286133885383617 -0.16478354483842847 0.08841967955231668 0.014252758584916593
decision_type=2 2 2 2 2 2 2 2 2 2 2 2 2 2 2 2 2 2 2 2 2 2
left_child=1 10 3 5 6 16 -5 11 -6 -7 12 -4 -1 19 -15 -13 -3 -2 -9 -14 -12 -22
right_child=17 2 7 4 8 9 -8 18 -10 -11 20 15 13 14 -16 -17 -18 -19 -20 -21 21 -23
leaf_value=0.0026875412033170189 -0.0048418310963190513 0.0096938029625822635 -0.013599062754994349 0.0024258664923899969 0.0041912737684069619 0.0018245387511225662 8.060564217638438e-05 -0.0013576574871852381 -0.0015721269823721071 -0.0022596097483183562 -0.0038560134728510792 0.00017229889288093104 0.0028716864204169179 -0.0064862167254011215 -0.00012378424502094276 -0.0057215352134236987 0.0023043282744333602 -0.011355987267758773 0.0043536016287693338 -0.0016253304069628939 -0.0092997042222642441 -0.005619082005023957
leaf_weight=106 62 60 60 1638 1048 341 5766 70 225 1902 62 63 66 206 61 265 63 95 74 337 99 72
leaf_count=106 62 60 60 1638 1048 341 5766 70 225 1902 62 63 66 206 61 265 63 95 74 337 99 72
internal_value=-8.15765e-05 3.08251e-05 0.000296917 0.00050528 0.000978507 -0.00122884 0.000600359 -0.0040049 0.00317052 -0.00163665 -0.00301256 -0.00608374 -0.00182935 -0.00255425 -0.00505386 -0.00459517 0.00606187 -0.00892879 0.00159944 -0.000870606 -0.0068756 -0.00787932
internal_weight=12741 12584 11575 11043 8677 2366 7404 532 1273 2243 1009 388 776 670 267 328 123 157 144 403 233 171
internal_count=12741 12584 11575 11043 8677 2366 7404 532 1273 2243 1009 388 776 670 267 328 123 157 144 403 233 171
is_linear=0
shrinkage=0.02


Tree=26
num_leaves=42
num_cat=0
split_feature=38 34 31 38 36 36 20 35 37 43 17 39 35 44 20 38 16 34 36 41 35 35 13 16 16 45 19 41 35 37 17 39 35 48 31 4 17 30 39 10 36
split_gain=47.1724 42.1132 25.1614 17.2772 16.2939 25.6887 15.0693 12.9849 12.9819 10.8351 10.1144 9.64461 9.00936 8.97994 12.9301 7.75442 7.68141 6.6764 6.529 6.39535 6.26321 6.21797 5.27319 5.16374 11.1468 5.02487 4.51796 3.73225 3.64983 3.50128 3.27967 2.97966 2.74674 2.40601 3.57484 2.17004 1.95212 1.84758 0.906997 0.380559 0.306217
threshold=-0.10327520594000815 0.14085444808006289 1.6054008603096011 -0.03052926808595657 0.23131252825260165 0.40020677447319036 0.20245628058910373 0.18673091381788257 0.0088286441750824469 -0.20277844369411466 0.95048654079437267 0.7055976688861848 0.13185491412878039 0.028543121181428436 0.36936996877193456 -0.1188991218805313 0.017651316709816459 -0.059732396155595772 0.2839109748601914 0.63631796836853038 0.38581290841102606 -0.10675429180264472 -0.49232041835784907 0.024560993537306789 0.02272752765566111 0.99137932062149059 0.076268587261438384 0.53887122869491588 -0.11595639586448668 0.027415115386247638 1.376909136772156 1.0029062628746035 0.13313134759664538 0.038517974317073829 0.50658103823661815 0.71033143997192394 0.54176047444343578 0.08847323060035707 0.97021797299385082 0.035355402156710632 0.30508260428905493
decision_type=2 2 2 2 2 2 2 2 2 2 2 2 2 2 2 2 2 2 2 2 2 2 2 2 2 2 2 2 2 2 2 2 2 2 2 2 2 2 2 2 2
left_child=7 2 3 4 8 -6 12 9 -2 22 20 33 -5 14 32 21 -17 -9 -16 -8 23 -13 -1 24 -3 26 -15 -25 31 -30 35 -24 -4 -11 -35 37 -22 -12 -38 40 -19
right_child=1 10 13 6 5 -7 19 17 -10 11 30 15 -14 25 18 16 -18 39 -20 -21 36 -23 28 27 -26 -27 -28 -29 29 -31 -32 -33 -34 34 -36 -37 38 -39 -40 -41 -42
leaf_value=0.004265909652837685 0.0033683122862037743 0.0034961206832614233 -0.0021302647857051908 -0.0013447490003215218 0.0040678861392297863 -0.0014242872976158796 0.0007237348856712042 0.00056951458408113786 -0.0021414463134061508 -0.0032811845534629269 0.0011602919403286209 0.0016923058151577439 -0.0043250893274889611 -0.0069884071487717201 -0.0038864129342244605 0.0029548403030488081 -0.0015639498363918393 0.0090615179914803733 0.00023527802836556359 -0.002817347094048901 -0.0034481348827215177 0.0042100760291866558 -0.0066699497522028205 0.0062417360295875723 -0.002171654898739819 -0.0097964010872739447 -0.0033439184553701665 0.0030230094274561223 -0.0013954450986818987 0.0035268662567047963 -0.0050895514159540953 -0.00079725572301281831 -0.0069966484414722679 -0.0018461122165620326 0.0022830710819798017 0.0022423989785896551 0.0023008406085188171 -0.0031620356172012789 -0.0010166730533237569 0.0051636146953687647 0.0065042114017996944
leaf_weight=67 198 475 63 672 806 586 822 82 1149 107 60 655 1040 221 217 281 317 81 508 268 67 1006 83 259 193 91 383 351 353 66 69 60 229 172 158 88 65 105 61 62 109
leaf_count=67 198 475 63 672 806 586 822 82 1149 107 60 655 1040 221 217 281 317 81 508 268 67 1006 83 259 193 91 383 351 353 66 69 60 229 172 158 88 65 105 61 62 109
internal_value=-9.05481e-05 -0.000865676 -0.0015442 -0.000888184 0.000241101 0.001757 -0.00199151 0.00182464 -0.00132512 0.00144355 0.00187651 0.00199473 -0.00316022 -0.00366159 -0.00245059 0.00252043 0.000561915 0.00556879 -0.00100794 -0.000151345 0.0025787 0.00322266 -0.000915591 0.00308508 0.0018547 -0.00541407 -0.00470701 0.00441514 -0.00155446 -0.000598163 -0.00132243 -0.00427975 -0.00598244 -0.000719149 0.000130645 -0.000243528 -0.000765201 -0.00159168 0.000700698 0.00716578 0.00772352
internal_weight=12705 9046 7253 5541 2739 1392 2802 3659 1347 3325 1793 2696 1712 1712 1017 2259 598 334 725 1090 1471 1661 629 1278 668 695 604 610 562 419 322 143 292 437 330 253 193 165 126 252 190
internal_count=12705 9046 7253 5541 2739 1392 2802 3659 1347 3325 1793 2696 1712 1712 1017 2259 598 334 725 1090 1471 1661 629 1278 668 695 604 610 562 419 322 143 292 437 330 253 193 165 126 252 190
is_linear=0
shrinkage=0.02


Tree=27
num_leaves=35
num_cat=0
split_feature=38 34 35 36 40 40 37 37 37 36 5 15 35 36 13 43 16 16 38 37 47 35 12 40 19 33 34 40 47 10 40 5 5 17
split_gain=44.088 46.2538 18.1906 19.2298 15.313 15.3086 12.9044 12.2874 11.8373 10.9855 19.7123 13.5423 10.1793 9.76739 7.80981 6.33303 6.47591 11.6452 6.32319 5.40094 4.25869 3.19213 3.10371 2.85663 3.23265 2.46827 2.0428 2.02348 1.77147 1.67058 1.65594 1.57612 1.2282 1.61457
threshold=-0.049811685457825654 0.14313192665576938 0.17641562968492511 0.46091017127037054 1.2712417840957644 0.73075467348098766 0.0090677323751151579 0.024985108524560932 0.0066867151763290176 0.29300558567047125 0.58857229351997387 0.38793103396892553 0.38581290841102606 0.60071957111358654 -0.25731857120990748 0.52608624100685131 0.024560993537306789 0.02272752765566111 -0.058268651366233819 0.012182915583252909 0.62931033968925487 -0.030227610841393467 -0.21761135756969449 1.5033391714096072 0.011530952528119089 0.012032174505293371 0.17733357846736911 0.79590699076652538 0.5524578094482423 0.028139567933976654 1.0677071213722231 1.1244222521781924 0.87768915295600902 0.59448012709617626
decision_type=2 2 2 2 2 2 2 2 2 2 2 2 2 2 2 2 2 2 2 2 2 2 2 2 2 2 2 2 2 2 2 2 2 2
left_child=2 4 3 5 8 20 21 -8 -2 10 -10 -11 15 18 -6 16 17 -3 27 -18 22 -7 -1 24 -16 32 -14 -4 -15 -22 -29 -28 33 -5
right_child=1 12 13 25 14 6 7 -9 9 11 -12 -13 26 28 23 -17 19 -19 -20 -21 29 -23 -24 -25 -26 -27 31 30 -30 -31 -32 -33 -34 -35
leaf_value=0.0031693873618814077 0.0062007788323114746 0.0033780140611304817 0.0033610494466111908 -0.0059407913422653471 -2.5018715402009066e-05 4.0033007519585751e-05 0.00039154520346318443 0.0030677302792122226 -0.0016148272910450018 -0.0034688707978027715 -0.0059292595146949682 -0.00013997039237153327 -0.0037065242651229103 0.0012468163581465239 -0.0095545218949966305 -0.0037020807874578168 0.0055227782035777674 -0.0024485117033250965 0.0004737222613397949 0.0018865378511894546 -0.0060626298208473206 0.004686762677803046 -0.0015015784517663942 -0.0096731025597639395 -0.0044646232705420029 -0.00042596492471671859 0.0012664634404489057 0.0078324074410993181 -0.0029443957599855604 -0.0017827900507254527 0.005017118773015028 -0.0027216215701046163 -0.0067608103363097395 -0.0020570790174543824
leaf_weight=63 70 362 103 74 88 67 2910 896 1266 668 637 1804 117 109 65 61 411 217 98 279 106 534 411 97 257 68 101 236 60 61 175 61 85 111
leaf_count=63 70 362 103 74 88 67 2910 896 1266 668 637 1804 117 109 65 61 411 217 98 279 106 534 411 97 257 68 101 236 60 61 175 61 85 111
internal_value=-7.30974e-05 -0.0012141 0.00114064 0.000725647 -0.00217112 0.00103577 0.00145602 0.00102375 -0.00179268 -0.00192496 -0.0030666 -0.00104305 0.00172925 0.00398757 -0.00545705 0.00245747 0.00276237 0.00119124 0.0051579 0.00406845 -0.00184534 0.00417317 -0.000862629 -0.00658725 -0.00557388 -0.00387139 -0.00172785 0.00604113 -0.000260776 -0.00456427 0.00668114 -0.000251343 -0.00472124 -0.00368589
internal_weight=12728 6561 6167 5386 4952 5048 4407 3806 4445 4375 1903 2472 1609 781 507 1330 1269 579 612 690 641 601 474 419 322 338 279 514 169 167 411 162 270 185
internal_count=12728 6561 6167 5386 4952 5048 4407 3806 4445 4375 1903 2472 1609 781 507 1330 1269 579 612 690 641 601 474 419 322 338 279 514 169 167 411 162 270 185
is_linear=0
shrinkage=0.02


Tree=28
num_leaves=46
num_cat=0
split_feature=38 34 40 16 40 17 37 37 38 40 17 17 3 40 36 41 9 36 36 48 40 30 37 17 40 40 30 34 37 40 40 40 17 8 42 40 36 41 11 24 46 3 45 8 39
split_gain=43.1794 37.8708 25.9153 19.1537 15.7444 15.9209 12.3694 10.6773 11.9674 9.30323 8.87988 8.69985 6.91069 6.90195 5.88459 5.40092 6.05007 5.39257 8.07655 9.79306 9.86084 5.20038 5.23579 4.88807 4.7672 4.60843 4.92092 4.59576 4.36752 4.28186 4.26355 4.04745 2.71454 2.69952 2.43674 2.07693 1.94842 1.8729 1.85425 1.83159 1.78603 1.68079 0.983273 0.911829 0.884376
threshold=-0.10327520594000815 0.14085444808006289 1.3080088496208193 0.015344067476689817 1.0860809683799746 0.60974743962287914 0.027415115386247638 0.0090677323751151579 -0.1893995255231857 0.74419647455215465 0.95048654079437267 -0.26405790448188776 -0.020005351863801476 0.68893930315971386 0.52148410677909862 0.53210151195526134 0.034171482548117645 0.33024065196514135 0.22854358702898028 0.71515038609504711 0.95702731609344494 0.018127736635506157 0.019795806147158149 0.51973077654838573 0.93213921785354625 1.5033391714096072 -0.0044801868498325339 0.079309627413749709 0.017459953203797344 0.71992748975753795 1.148793697357178 1.1605594754219057 1.376909136772156 0.035287292674183852 0.097069684416055693 0.82600829005241405 0.50640758872032177 0.57242012023925792 0.012502784840762617 23.707173347473148 0.73275861144065868 -0.012267841026186941 0.26724137365818029 0.044834991917014129 0.75314456224441539
decision_type=2 2 2 2 2 2 2 2 2 2 2 2 2 2 2 2 2 2 2 2 2 2 2 2 2 2 2 2 2 2 2 2 2 2 2 2 2 2 2 2 2 2 2 2 2
left_child=6 2 3 9 5 -5 7 24 23 39 15 -4 28 -14 -6 16 29 18 19 20 -8 22 -17 -9 38 26 -13 -11 -10 -3 32 37 36 -23 40 -20 -12 -26 44 -2 42 -25 -19 -37 -1
right_child=1 10 11 4 14 -7 17 8 12 27 30 25 13 -15 -16 21 -18 34 35 -21 -22 33 -24 41 31 -27 -28 -29 -30 -31 -32 -33 -34 -35 -36 43 -38 -39 -40 -41 -42 -43 -44 -45 -46
leaf_value=0.00067067614979746321 -0.0041205605613344378 0.00052667887590825558 0.0012394425790868144 -0.0012528193181675421 0.0007038875236993514 -0.0037628802212244508 0.00302636622208828 0.00067065850909974465 -0.00037642599540569749 0.0036416973877308485 -0.0027025773913860319 -0.0081683068285081668 -0.0037330902732004797 0.0017842349684372872 -0.0039827101064416077 0.0021659262380127769 -0.0008344282501831998 0.0016979306208855117 0.0035942489139950619 0.0083099197152577634 -0.0064437506224100409 0.00073838618619726003 0.0082632552626378392 0.0041049412757819216 0.009716308294789559 -0.009864662334135221 -0.0033432297909887082 -0.00018219263246282933 -0.0032233378352683707 0.0059047369922847386 0.0028940092121045309 0.0021954055167910345 -0.0060562364056531807 -0.0034560634430406065 -0.0018878364144766238 0.0088244077436631114 0.0015300669710971971 0.0051809781938384385 -0.0014041230448020193 -0.00020074999397130388 -0.0003703070552737424 0.0079588397695156549 0.004787367025886973 0.0054283298652838255 0.0038348474176698611
leaf_weight=60 98 72 64 2898 1270 1555 133 114 760 515 122 144 99 820 114 361 83 78 62 76 62 449 65 121 76 126 220 165 299 360 74 103 61 68 61 178 64 100 62 92 63 89 102 65 92
leaf_count=60 98 72 64 2898 1270 1555 133 114 760 515 122 144 99 820 114 361 83 78 62 76 62 449 65 121 76 126 220 165 299 360 74 103 61 68 61 178 64 100 62 92 63 89 102 65 92
internal_value=-0.000101065 -0.000844233 -0.00148502 -0.00114 -0.00155273 -0.00213151 0.00172595 0.00107217 0.000497476 0.00162376 0.00176866 -0.00563156 -8.78399e-05 0.00117858 0.000309352 0.00243109 0.0040756 0.00379065 0.00492607 0.00236944 -3.1606e-05 0.00152185 0.00314988 0.00404187 0.00373435 -0.00653311 -0.00530594 0.00271565 -0.001188 0.00502051 -0.00123169 0.0054466 -0.00249163 0.000168019 0.00160894 0.00714925 -0.00123972 0.00727502 0.00145297 -0.00226035 0.00250311 0.00583205 0.00350386 0.00799733 0.00262944
internal_weight=12715 9040 7261 6707 5837 4453 3675 2795 2302 870 1779 554 1978 919 1384 1458 515 880 576 271 195 943 426 324 493 490 364 680 1059 432 321 279 247 517 304 305 186 176 214 190 243 210 180 243 152
internal_count=12715 9040 7261 6707 5837 4453 3675 2795 2302 870 1779 554 1978 919 1384 1458 515 880 576 271 195 943 426 324 493 490 364 680 1059 432 321 279 247 517 304 305 186 176 214 190 243 210 180 243 152
is_linear=0
shrinkage=0.02


Tree=29
num_leaves=37
num_cat=0
split_feature=38 34 40 16 31 36 35 40 43 40 17 13 11 46 13 35 38 40 20 40 30 30 37 16 40 26 40 13 46 36 24 8 5 5 41 40
split_gain=40.8468 35.0037 22.607 19.4712 16.5233 13.2451 11.7392 9.78397 11.788 7.54571 7.28179 5.85089 5.66008 5.49884 5.17735 5.08238 8.79449 5.63433 4.88576 4.62747 4.53848 4.44751 7.16242 4.85862 4.17133 3.32732 3.12988 2.75133 2.58446 2.15151 1.88441 1.6134 1.36273 1.77479 1.32644 1.15888
threshold=-0.10454064980149268 0.14085444808006289 1.3080088496208193 0.015344067476689817 3.1912735700607304 0.22189904749393466 0.38581290841102606 0.59899991750717174 -0.21346437186002729 0.74419647455215465 -0.26405790448188776 -0.11910221725702284 0.012372604571282865 0.10491563007235528 -0.49232041835784907 -0.070703461766242967 -0.16257522255182263 0.81102225184440624 -0.17416042089462277 1.5033391714096072 -0.0044801868498325339 -0.035983825102448457 0.018142022192478183 0.024560993537306789 1.2218323945999148 0.034129271283745773 0.79955479502677929 -0.25731857120990748 0.31474687159061437 0.079195074737072005 23.707173347473148 0.035481659695506103 1.1449307799339297 0.88372671604156505 0.53210151195526134 0.47328618168830877
decision_type=2 2 2 2 2 2 2 2 2 2 2 2 2 2 2 2 2 2 2 2 2 2 2 2 2 2 2 2 2 2 2 2 2 2 2 2
left_child=7 2 3 9 5 -5 12 28 14 30 -4 -6 26 27 -9 16 -15 -17 29 20 -12 22 -14 -23 -11 -20 -3 -10 -1 -16 -2 32 33 -8 -28 -30
right_child=1 6 10 4 11 -7 31 8 13 24 19 -13 21 15 18 17 -18 -19 25 -21 -22 23 -24 -25 -26 -27 34 -29 35 -31 -32 -33 -34 -35 -36 -37
leaf_value=0.0011733308858092643 -0.0037138395339858777 0.0012038454800045917 0.0009266239854041487 -0.0025759123655743048 -0.010667044452895576 -0.0005385781023510358 -0.0019564032880201314 0.0045298601062968369 0.0010860579828059094 0.0032995139216511617 -0.0078074104456042036 -0.00422517080241438 0.0019369312254421719 0.003407008392531905 -0.0020481472030197353 0.00082169986704232851 -0.00027141636495130151 0.0040293996076098066 -0.00091339587377217159 -0.0095560613194660814 -0.0031015179021762012 -0.00093561781555167342 0.0075856796519830827 0.002337762466738932 -0.0015105056852012513 0.0036712852933361555 0.0076171052474454642 -0.0043677763445155015 -0.0051967970042692858 -0.0070142096592829776 0.00022317503252047664 -0.0047029974321046702 -0.0035153104731284858 0.0021045609542813437 0.0040275551367464453 -0.0017263854647782155
leaf_weight=61 95 67 65 1957 82 3671 93 69 87 592 135 195 374 550 85 266 489 1310 316 121 223 329 117 397 80 76 123 60 84 62 95 62 64 75 83 79
leaf_count=61 95 67 65 1957 82 3671 93 69 87 592 135 195 374 550 85 266 489 1310 316 121 223 329 117 397 80 76 123 60 84 62 95 62 64 75 83 79
internal_value=-6.55572e-05 -0.000778947 -0.0013919 -0.00107504 -0.00148507 -0.00124818 0.00173055 0.00173862 0.00200812 0.00172804 -0.00530403 -0.00622958 0.00245102 0.00256266 -0.000509578 0.00277432 0.00167902 0.00349122 -0.00117805 -0.00615211 -0.00492899 0.00185736 0.00332288 0.000855254 0.00272124 -8.65179e-07 0.00504491 -0.00117616 -0.00228455 -0.00424774 -0.00176728 -0.00190532 -0.00110291 -0.000132509 0.00625419 -0.00358244
internal_weight=12689 9095 7311 6767 5905 5628 1784 3594 3370 862 544 277 1490 2762 608 2615 1039 1576 539 479 358 1217 491 726 672 392 273 147 224 147 190 294 232 168 206 163
internal_count=12689 9095 7311 6767 5905 5628 1784 3594 3370 862 544 277 1490 2762 608 2615 1039 1576 539 479 358 1217 491 726 672 392 273 147 224 147 190 294 232 168 206 163
is_linear=0
shrinkage=0.02


Tree=30
num_leaves=37
num_cat=0
split_feature=38 34 35 40 36 40 37 37 37 41 15 36 35 47 11 46 16 16 16 37 35 13 38 47 38 40 12 26 24 40 3 41 19 21 40 30
split_gain=37.53 44.1538 18.4771 15.0516 14.914 15.7146 12.2275 10.5786 11.3149 10.1847 9.87604 9.78146 8.97155 5.8988 5.86234 4.62929 4.21634 3.87016 7.14888 4.62594 3.15724 3.15103 3.01481 2.99256 2.63248 2.27147 2.04399 1.71167 1.46924 1.46054 1.37047 1.33243 1.30596 1.05354 0.823986 0.00444914
threshold=-0.049168424680829041 0.14313192665576938 0.22511449456214908 1.3517670631408694 0.46091017127037054 0.73075467348098766 0.0066867151763290176 0.0089768590405583399 0.024985108524560932 0.19992601871490481 0.92241379618644725 0.64375591278076183 0.41625252366065985 0.8479457199573518 0.012314011808484794 0.71515038609504711 0.026717389933764938 0.024560993537306789 0.02272752765566111 0.012397665996104481 -0.030227610841393467 -0.12806834280490872 -0.1188991218805313 0.62931033968925487 -0.05930406600236892 0.81606030464172374 -0.025737585499882695 0.030444839969277385 29.778776168823246 0.80226609110832225 0.52602005004882824 0.5450846552848817 -0.04476474039256572 42.988426208496101 1.0653823018074038 -0.010725869331508873
decision_type=2 2 2 2 2 2 2 2 2 2 2 2 2 2 2 2 2 2 2 2 2 2 2 2 2 2 2 2 2 2 2 2 2 2 2 2
left_child=2 3 4 6 5 15 -2 20 -9 13 -11 24 14 -8 25 23 27 18 -16 -19 -7 -5 -17 -1 29 -3 -14 32 35 -4 -28 -27 -6 -13 -31 -23
right_child=1 12 11 21 16 7 9 8 -10 10 -12 33 26 -15 17 22 -18 19 -20 -21 -22 28 -24 -25 -26 31 30 -29 -30 34 -32 -33 -34 -35 -36 -37
leaf_value=-0.00010623368815838764 0.0060842342021731801 0.0017394548621442582 0.0035341919761193892 -0.0028225130797747302 -0.0050291577801765764 0 -0.0035431866690340125 0.00048360354003844732 0.0030281182254723194 -0.0015335702108361449 -0.0082394124101433496 0.0010587167115747064 -0.0043008255896040759 -0.01015415695151862 0.0024618043689941201 -0.0015385468519856166 0.00070625208557844373 0.0044381629874121892 -0.0023461210212010032 0.0010171303038973469 0.004753016866148852 -0.0074937092597995485 -0.0068136895847383831 -0.0041349316558872279 0.0017796095931036794 0.0078225392130408609 0.0012133811871013181 -0.0064835344901711667 -0.0054998566453210752 0.0077398968553954841 -0.0026147643516270013 0.0039050424897836312 -0.0016941849709007522 -0.0025184075474620812 0.005407305665268489 -0.010400310658775861
leaf_weight=393 75 60 84 82 82 64 166 3169 895 4194 87 66 84 82 292 78 88 329 210 308 430 60 103 88 68 106 85 94 104 187 62 69 119 60 160 60
leaf_count=393 75 60 84 82 82 64 166 3169 895 4194 87 66 84 82 292 78 88 329 210 308 430 60 103 88 68 106 85 94 104 187 62 69 119 60 160 60
internal_value=-5.90433e-05 -0.00112007 0.00105073 -0.00206126 0.000685494 0.000965668 -0.0017728 0.00138411 0.00104604 -0.00190707 -0.00167576 0.00430444 0.00175706 -0.00582829 0.00237016 -0.0019071 -0.0031083 0.00176647 0.000446552 0.00279812 0.00414017 -0.0063389 -0.00460801 -0.00086642 0.00555537 0.0052328 -0.00186903 -0.00424521 -0.00756744 0.00613236 -0.000414548 0.00637539 -0.00311357 -0.000655878 0.00672277 -0.00917336
internal_weight=12743 6515 6228 4910 5603 5220 4604 4558 4064 4529 4281 625 1605 248 1374 662 383 1139 502 637 494 306 181 481 499 235 231 295 224 431 147 175 201 126 347 120
internal_count=12743 6515 6228 4910 5603 5220 4604 4558 4064 4529 4281 625 1605 248 1374 662 383 1139 502 637 494 306 181 481 499 235 231 295 224 431 147 175 201 126 347 120
is_linear=0
shrinkage=0.02


Tree=31
num_leaves=40
num_cat=0
split_feature=38 34 35 37 38 40 37 40 17 44 30 38 17 38 35 13 9 38 43 34 40 40 11 4 16 41 40 19 40 45 11 34 40 37 39 38 41 39 1
split_gain=38.6076 41.6098 17.5954 15.5487 19.23 14.8379 11.7572 11.4455 17.7833 11.6114 10.4559 11.1783 10.3224 10.6138 9.74403 7.32277 7.14661 7.04494 6.4795 5.98192 4.89708 5.61071 4.7798 3.67061 3.26358 2.7218 2.47514 2.45796 3.18885 2.06148 1.95726 1.64809 1.51596 1.48251 1.42382 1.37286 1.23207 1.17801 1.05167
threshold=-0.049168424680829041 0.14313192665576938 0.17641562968492511 0.0090392800047993677 -0.12397275865077971 1.2712417840957644 0.0066867151763290176 1.139889717102051 0.60482835769653331 0.015411083120852711 -0.35012269020080561 -0.055911861360073083 0.30450567603111273 -0.19596569985151288 0.41625252366065985 -0.29845407605171198 0.042881326749920852 -0.075041260570287691 0.44184930622577673 -0.059732396155595772 0.93010607361793529 1.1509618759155276 0.012443906627595426 0.097509495913982405 0.024560993537306789 0.66334629058837902 0.81606030464172374 0.0092472434043884295 1.5033391714096072 0.78154808282852184 0.012502784840762617 0.17081402987241748 0.76477390527725231 0.027504092082381252 0.70078405737876903 -0.0541920568794012 0.5254177749156953 0.74463918805122387 0.027616823092103008
decision_type=2 2 2 2 2 2 2 2 2 2 2 2 2 2 2 2 2 2 2 2 2 2 2 2 2 2 2 2 2 2 2 2 2 2 2 2 2 2 2
left_child=2 5 3 20 12 6 -2 8 -8 -9 23 -12 16 -14 18 -7 -5 19 22 -4 30 25 26 -6 -24 -22 -3 -17 -29 33 34 -16 -21 35 -1 -19 -23 -34 -33
right_child=1 14 17 4 10 15 7 9 -10 -11 11 -13 13 -15 31 27 -18 29 -20 32 21 36 24 -25 -26 -27 -28 28 -30 -31 -32 38 37 -35 -36 -37 -38 -39 -40
leaf_value=0.00031233698050181068 0.0060355096818544927 0.0015185973655170528 0.00026449240025960737 -0.00064237422656292285 -0.00023321518341315464 0.00086204772200161486 -0.0012476592221162752 -0.0047534540773630143 -0.0041914070450265444 0.0020576390553822196 -0.0023996911766901961 0.0017345720528259495 0.0056630904851124562 0.0016465490792286922 -0.0043036121777094462 -0.0094899197069161084 0.0061310285397750486 0.0052365323575979022 -0.0029510538491383403 0.0029104357674064585 0.0085673756236926864 0.003781490326413642 0.00079618355043442742 0.0024754147276568115 0.0030613603217021328 0.0035035831853550609 0.0062557483506750881 -0.0042676830897965283 -0.008916351564317233 -0.0018534242370692286 -0.00097573498007567504 -0.0027804573717876337 0.0091676890691047286 -0.00019971017720731528 0.0038031390996084414 0.0011794939591416292 1.3835345520763783e-05 0.0058697384214131745 0.00053059552578876422
leaf_weight=72 75 61 87 741 423 65 2485 122 1227 500 1527 313 369 918 82 82 65 70 85 64 153 66 462 375 575 68 190 259 81 66 82 61 64 71 137 67 71 336 93
leaf_count=72 75 61 87 741 423 65 2485 122 1227 500 1527 313 369 918 82 82 65 70 85 64 153 66 462 375 575 68 190 259 81 66 82 61 64 71 137 67 71 336 93
internal_value=-4.09158e-05 -0.00111731 0.00108735 0.000668998 0.000269556 -0.00203412 -0.00166546 -0.00180304 -0.00222358 0.000703697 -0.000865598 -0.0016942 0.00169996 0.00280941 0.00167043 -0.00533904 -7.4186e-05 0.00380199 0.00231581 0.00510087 0.00356463 0.00512524 0.00267021 0.00104289 0.00205836 0.00708154 0.00513996 -0.00629588 -0.00544637 0.00115945 0.0016086 -0.002062 0.00599802 0.00213295 0.00262672 0.00332737 0.00187819 0.00646421 -0.000802625
internal_weight=12710 6505 6205 5380 4731 4896 4409 4334 3712 622 2638 1840 2093 1287 1609 487 806 825 1373 551 649 358 1288 798 1037 221 251 422 340 274 291 236 464 208 209 137 137 400 154
internal_count=12710 6505 6205 5380 4731 4896 4409 4334 3712 622 2638 1840 2093 1287 1609 487 806 825 1373 551 649 358 1288 798 1037 221 251 422 340 274 291 236 464 208 209 137 137 400 154
is_linear=0
shrinkage=0.02


Tree=32
num_leaves=38
num_cat=0
split_feature=38 34 35 37 37 38 31 4 30 38 17 17 35 38 31 11 4 3 39 11 38 24 11 43 34 4 16 12 17 13 17 41 43 16 38 39 4
split_gain=35.9553 41.2117 17.3292 16.3824 14.69 15.4235 11.804 16.0056 11.1594 11.5592 9.8738 9.57514 8.83858 8.57669 8.34301 7.95225 9.3739 7.85358 7.62676 5.65166 5.34842 4.64174 4.19987 4.01774 3.29722 2.99649 2.94284 1.83835 1.82837 2.93252 1.61105 1.47785 1.11582 1.1093 0.600156 0.561092 0.386669
threshold=-0.049168424680829041 0.14411457628011706 0.18095520138740542 0.0066867151763290176 0.0090677323751151579 -0.12397275865077971 1.6054008603096011 0.17490313947200778 -0.35012269020080561 -0.055911861360073083 0.50247034430503856 -0.29306232929229731 0.41625252366065985 -0.19596569985151288 2.6553721427917485 0.020674216561019424 0.46743929386138922 0.12334446236491205 1.2786082029342654 0.012314011808484794 -0.075041260570287691 35.053186416625984 0.018676893785595897 0.46753449738025671 -0.058639941737055772 0.097509495913982405 0.024560993537306789 -0.03670301474630832 0.091788396239280715 -0.23421649634838101 0.49719831347465521 0.63934782147407543 -0.092150181531906114 0.024560993537306789 -0.10677763819694518 0.77358096837997448 0.5134367346763612
decision_type=2 2 2 2 2 2 2 2 2 2 2 2 2 2 2 2 2 2 2 2 2 2 2 2 2 2 2 2 2 2 2 2 2 2 2 2 2
left_child=2 3 4 -2 22 10 7 11 25 -10 18 -5 19 -12 20 16 -8 -9 -6 33 24 -17 28 26 -4 -7 -21 -14 29 -1 -30 -29 -22 -3 -26 -35 -34
right_child=1 12 14 6 5 8 15 17 9 -11 13 -13 27 -15 -16 21 -18 -19 -20 23 32 -23 -24 -25 34 -27 -28 31 30 -31 -32 -33 36 35 -36 -37 -38
leaf_value=0.0040280783316550342 0.0063238023493979723 0.0035233656540751839 0.00138984795195395 0.0012441508142130061 -0.00039173482269173687 -2.6204938961869491e-05 -0.0056303517823204268 -0.0022165323576398463 -0.0023646973815098465 0.0018128495611064717 0.0060151389093306678 -0.0033877370657984618 -0.0048256968904345759 0.0018138959703069054 -0.0025195948210024795 -0.0087014893766078679 -0.0015282080182474032 0.00070028096476463413 0.0048777770898530198 0.00081933006753369592 0.0035485678235818814 -0.0035427657476619118 -0.0013974758875282373 -0.0028028816712290252 0.00728839850654882 0.0023779433952147914 0.0029547728629552889 0.0010887104822539313 0.0059283146213632652 -0.0009814271937734825 0.0033165733663391484 -0.0025687104282532255 -0.00061579518381393319 0.0080319507945742878 0.0054247511265135551 0.0046614489341445728 0.001531256237628815
leaf_weight=127 90 114 70 199 960 421 334 527 1523 318 268 1601 60 708 74 177 671 1214 121 463 74 126 65 71 162 404 594 83 205 71 210 88 63 60 286 61 65
leaf_count=127 90 114 70 199 960 421 334 527 1523 318 268 1601 60 708 74 177 671 1214 121 463 74 126 65 71 162 404 594 83 205 71 210 88 63 60 286 61 65
internal_value=-5.98846e-05 -0.00109485 0.00103138 -0.00199712 0.000624539 0.000228205 -0.00215558 -0.00155308 -0.000775156 -0.00164078 0.00152834 -0.00287388 0.0016987 0.00298343 0.00378483 -0.00377859 -0.0029052 -0.000184358 0.000209044 0.00231184 0.00444194 -0.00661531 0.0033708 0.00171388 0.00551593 0.00115424 0.00202529 -0.00189804 0.00388238 0.00223893 0.00464239 -0.000799561 0.00164255 0.00512008 0.00614488 0.00649472 0.000476969
internal_weight=12728 6533 6195 4939 5401 4723 4849 3541 2666 1841 2057 1800 1594 976 794 1308 1005 1741 1081 1363 720 303 678 1128 518 825 1057 231 613 198 415 171 202 235 448 121 128
internal_count=12728 6533 6195 4939 5401 4723 4849 3541 2666 1841 2057 1800 1594 976 794 1308 1005 1741 1081 1363 720 303 678 1128 518 825 1057 231 613 198 415 171 202 235 448 121 128
is_linear=0
shrinkage=0.02


Tree=33
num_leaves=41
num_cat=0
split_feature=38 34 40 31 16 20 40 37 37 38 35 35 35 40 40 17 44 43 43 31 27 37 16 16 37 14 4 40 30 5 3 40 48 34 13 14 46 35 24 24
split_gain=33.1998 32.2429 22.7605 18.554 13.3578 12.3303 11.1855 10.9133 9.74309 10.3844 8.93973 8.71346 8.22808 7.76668 7.35283 7.27593 7.2431 6.90552 6.24149 5.82283 5.17436 5.69968 5.13454 9.49271 4.9782 4.10637 4.73675 3.88244 3.83417 2.95999 2.92817 2.61051 2.28745 2.27716 1.80146 1.67574 1.56982 0.956328 0.76555 0.734194
threshold=-0.10327520594000815 0.13686104863882068 1.3080088496208193 2.1181811094284062 0.015344067476689817 0.12926349043846133 1.139889717102051 0.027415115386247638 0.010161631274968387 -0.1893995255231857 0.41625252366065985 0.18673091381788257 0.2154425382614136 0.74419647455215465 0.81606030464172374 -0.26405790448188776 0.025975605472922329 -0.22428128868341443 0.44184930622577673 0.83659514784812938 0.0022658088710159068 0.027717288583517078 0.024560993537306789 0.02272752765566111 0.012182915583252909 0.52457812428474437 0.14871504157781604 1.5033391714096072 -0.0044801868498325339 1.0000000180025095e-35 -0.24404083937406537 1.1644554734230044 0.26724137365818029 0.17617398500442508 -0.26434317231178278 0.74303007125854503 0.71515038609504711 -0.018113198690116402 22.269133567810062 30.777867317199711
decision_type=2 2 2 2 2 2 2 2 2 2 2 2 2 2 2 2 2 2 2 2 2 2 2 2 2 2 2 2 2 2 2 2 2 2 2 2 2 2 2 2
left_child=7 2 3 4 13 -6 12 8 14 19 18 17 -5 -2 34 -4 -8 -11 22 38 21 -9 23 -3 -24 37 -27 28 -17 -16 -23 -31 -12 -34 -1 -32 -21 -22 -10 -28
right_child=1 10 15 6 5 -7 16 20 9 11 32 -13 -14 -15 29 27 -18 -19 -20 36 25 30 24 -25 -26 26 39 -29 -30 31 35 -33 33 -35 -36 -37 -38 -39 -40 -41
leaf_value=0.001644949263369199 -0.0017243414466916838 0.0028158564057657715 0.0010520471623584407 -0.0065948077203505026 -0.0021487100156141361 -0.00012415160260747723 0.0062117081793831358 0.007093597308517649 0.0015731272031331348 -0.0032974164391700068 0.0010869472829524328 0.005533272370046082 -0.0023345570195089644 0.0028666001942803838 0.00063159088775077297 -0.0075969210358591182 -0.0023971451683802172 -4.5418584797859685e-05 -0.0023899358874774194 0.0071960005966567363 0.0087252706487828471 -0.0024080437056223552 0.0052170215360381215 -0.0021454333290141666 0.0019493668669053501 -0.0015162896630428141 0.0035095471225653745 -0.0092165085085463248 -0.0032740519429988119 0.0057219757682515637 0.0028414931445631263 0.0020760322377379788 -0.0054254273031563924 -0.00082656946029190147 -0.0027776790293169091 -0.00014831013410189828 0.0034876836139336228 0.0053573682603736718 -0.0015446640449975218 0.0068611487482511807
leaf_weight=61 190 509 64 405 2052 2907 64 75 60 319 71 93 337 626 82 136 91 1387 108 110 104 72 400 218 360 60 71 120 226 323 246 111 84 89 84 106 97 87 60 60
leaf_count=61 190 509 64 405 2052 2907 64 75 60 319 71 93 337 626 82 136 91 1387 108 110 104 72 400 218 360 60 71 120 226 323 246 111 84 89 84 106 97 87 60 60
internal_value=-5.94503e-05 -0.000709634 -0.00131201 -0.000989238 -0.000572445 -0.000962894 -0.00366064 0.00154497 0.000929154 0.000267733 0.00165242 -0.00032947 -0.00467843 0.00179401 0.00304418 -0.00522746 0.0012016 -0.000658806 0.00219798 0.00352942 0.0034822 0.00211766 0.00253601 0.00132408 0.00368425 0.00523169 0.00307439 -0.00606466 -0.00494994 0.00415745 0.00119148 0.00481243 -0.00189321 -0.00311964 -0.000914739 0.00194469 0.0055377 0.00730292 6.44861e-06 0.00517133
internal_weight=12725 9057 7218 6672 5775 4959 897 3668 2787 2126 1839 1799 742 816 661 546 155 1706 1595 327 881 499 1487 727 760 382 191 482 362 516 424 434 244 173 145 352 207 191 120 131
internal_count=12725 9057 7218 6672 5775 4959 897 3668 2787 2126 1839 1799 742 816 661 546 155 1706 1595 327 881 499 1487 727 760 382 191 482 362 516 424 434 244 173 145 352 207 191 120 131
is_linear=0
shrinkage=0.02


Tree=34
num_leaves=27
num_cat=0
split_feature=40 30 40 43 31 13 31 11 37 47 31 44 36 44 40 34 26 40 44 13 45 35 40 14 44 36
split_gain=25.593 23.5818 15.9834 17.801 20.6034 11.4209 12.3057 9.91061 9.45824 9.14869 7.89448 6.98054 6.49989 6.93056 5.84366 5.69844 4.84115 4.39491 3.90225 3.02046 3.00837 2.63339 2.17756 1.67825 1.66632 1.28354
threshold=1.5033391714096072 -0.44224575161933893 0.67508780956268322 -0.20573949813842771 2.1967362165451054 -0.49232041835784907 0.48126049339771276 0.034644436091184623 0.018142022192478183 0.97212031483650219 1.184853792190552 0.032970510423183448 0.19732930511236194 0.015705170109868053 1.2586367726325991 -0.040281521156430238 0.035204017534852035 0.92294371128082286 0.016648469492793087 -0.12130547314882277 0.3706896454095841 0.26051427423954016 1.1814149022102358 0.45689655840396887 0.036446470767259605 0.23884811252355578
decision_type=2 2 2 2 2 2 2 2 2 2 2 2 2 2 2 2 2 2 2 2 2 2 2 2 2 2
left_child=1 8 10 5 7 -4 -7 -5 11 -6 12 14 18 -14 17 16 20 -1 -3 -2 -10 24 25 -18 -12 -17
right_child=19 2 3 4 9 6 -8 -9 15 -11 21 -13 13 -15 -16 22 23 -19 -20 -21 -22 -23 -24 -25 -26 -27
leaf_value=0.00022842935689670199 -0.0042687584920571399 -0.00063799132229964235 0.0061580140205181166 0.00074222528368532643 -0.001346380602922126 -0.0037852804428350696 -0.00050889401253883875 0.008369003061583077 -0.0028985722515811607 -0.0068948485826170356 -0.0085307086531288372 -0.0055494062157777635 -0.0031818261770745265 0.0028073807110198033 -0.004017918592546044 0.0028293448774967082 0.0061269136286643613 0.0025869395254026891 -0.0048843412890732605 -0.010296153038432919 0.0019117280610846082 -0.0026976358669056565 0.0011338179623708129 0.0018361198322014197 -0.0041018381866124963 0.0057647972735696352
leaf_weight=592 62 134 66 6000 1241 909 926 66 102 129 118 62 125 192 79 83 80 679 250 94 100 86 60 73 62 385
leaf_count=592 62 134 66 6000 1241 909 926 66 102 129 118 62 125 192 79 83 80 679 250 94 100 86 60 73 62 385
internal_value=-5.87829e-05 4.17588e-05 -0.000366636 -0.000112635 0.000328945 -0.00183825 -0.00213598 0.000829468 0.00187387 -0.00188348 -0.00281021 0.000854436 -0.00168179 0.000434892 0.00116093 0.00349451 0.00151295 0.00149231 -0.00342156 -0.00803268 -0.00051923 -0.00572835 0.00480884 0.00416076 -0.00710292 0.00526765
internal_weight=12755 12599 10304 9337 7436 1901 1835 6066 2295 1370 967 1412 701 317 1350 883 355 1271 384 156 202 266 528 153 180 468
internal_count=12755 12599 10304 9337 7436 1901 1835 6066 2295 1370 967 1412 701 317 1350 883 355 1271 384 156 202 266 528 153 180 468
is_linear=0
shrinkage=0.02


Tree=35
num_leaves=35
num_cat=0
split_feature=38 34 35 36 37 40 40 37 36 17 34 20 36 35 38 11 46 40 31 30 47 46 34 47 40 29 40 34 29 41 47 39 12 41
split_gain=35.0245 34.8036 16.6968 16.3813 14.7835 13.2154 10.2857 9.79891 9.7034 16.4039 15.518 9.55582 8.35884 7.68652 6.0748 4.48609 4.11267 3.42185 2.81937 3.07168 2.68701 2.44318 2.36236 2.04014 1.94834 1.9341 1.91647 1.61529 1.45437 1.32351 1.05819 0.881855 0.818766 1.22655
threshold=-0.049168424680829041 0.14411457628011706 0.19675867259502414 0.46091017127037054 0.0066867151763290176 0.73075467348098766 1.3354960680007937 0.0089943087659776228 0.22854358702898028 -0.026056527160108086 0.0094698136672377604 0.016257722862064842 0.62076303362846386 0.38581290841102606 -0.058268651366233819 0.012256777845323088 0.71515038609504711 0.93010607361793529 3.2918670177459721 -0.096724085509777055 0.62931033968925487 0.38114453852176672 -0.041329428553581231 0.73275861144065868 0.80226609110832225 0.083238895982503905 0.90078678727149974 0.17081402987241748 0.059290945529937751 0.5254177749156953 0.33400586247444158 0.89516741037368786 -0.025128199718892571 0.66503292322158825
decision_type=2 2 2 2 2 2 2 2 2 2 2 2 2 2 2 2 2 2 2 2 2 2 2 2 2 2 2 2 2 2 2 2 2 2
left_child=2 4 3 5 -2 16 8 17 9 -6 -10 -9 14 15 24 26 20 -7 19 -17 -1 -8 -18 -23 -4 28 -3 -15 30 -26 -5 -14 -29 -34
right_child=1 13 12 25 6 7 21 11 10 -11 -12 -13 31 27 -16 18 22 -19 -20 -21 -22 23 -24 -25 29 -27 -28 32 -30 -31 -32 -33 33 -35
leaf_value=-4.9287109353412099e-05 0.0061318980150678187 0.0026024771030334864 0.0030082120281283036 -0.0020944351375318309 0.00036662119479972857 0.0016938511929883954 -0.001912110509723425 -0.00038103231323083353 0.0034768031580910946 -0.0043816704442361624 -0.001634867622856348 0.0016483180915214393 0.0010509403292645715 -0.0042422274380814334 0.0003177408757936029 0.0034205419787224876 -0.00095478074347170512 0.0050540089782484037 -0.0020093849073221652 0.0010668528647649687 -0.0039160397696012461 -0.0090257990618546821 -0.0057797604852406559 -0.0049790838016835611 0.0091912361564698494 -0.0068395366835452259 0.0065442766876698576 -0.0025611834072227042 -0.00042912331890040191 0.005745629791122751 -0.005044995464613301 -0.0020961119170349678 0.0018161566637824348 -0.0018873057481832802
leaf_weight=396 86 99 95 100 391 199 62 1448 257 1126 2759 2574 64 66 100 338 62 330 78 653 85 87 126 162 64 60 113 60 75 332 111 73 78 61
leaf_count=396 86 99 95 100 391 199 62 1448 257 1126 2759 2574 64 66 100 338 62 330 78 653 85 87 126 162 64 60 113 60 75 332 111 73 78 61
internal_value=-9.83321e-05 -0.00113074 0.000963804 0.000590022 -0.00195163 0.0008702 -0.00209906 0.00125625 -0.00185472 -0.00315885 -0.00119594 0.000917724 0.00380607 0.00148505 0.00483355 0.00212624 -0.0017484 0.00380854 0.00158909 0.00187853 -0.000754705 -0.0056056 -0.00423377 -0.00648758 0.00574373 -0.00360521 0.00477018 -0.0015998 -0.00285927 0.00636992 -0.00370026 -0.000627796 -0.000668482 0.000178318
internal_weight=12770 6476 6294 5566 4930 5220 4844 4551 4533 1517 3016 4022 728 1546 591 1281 669 529 1069 991 481 311 188 249 491 346 212 265 286 396 211 137 199 139
internal_count=12770 6476 6294 5566 4930 5220 4844 4551 4533 1517 3016 4022 728 1546 591 1281 669 529 1069 991 481 311 188 249 491 346 212 265 286 396 211 137 199 139
is_linear=0
shrinkage=0.02


Tree=36
num_leaves=31
num_cat=0
split_feature=38 40 31 34 38 33 36 35 23 13 35 9 13 43 35 38 30 30 4 48 26 40 3 36 37 41 20 40 48 34
split_gain=31.174 26.7074 21.4469 22.3492 19.0967 14.865 12.2136 10.0654 11.9645 9.7489 7.99202 6.93243 6.79904 6.70429 4.7438 4.69702 4.06815 4.00259 3.76901 4.73545 3.74333 3.54818 3.81325 3.12655 6.34439 2.63293 2.26058 2.23744 1.98439 1.82062
threshold=-0.11751413717865943 1.3080088496208193 3.1912735700607304 0.14085444808006289 -0.018054890446364876 -0.0032082959078252311 0.28792537748813635 -0.10675429180264472 0.52370953559875499 -0.11354198679327963 0.38581290841102606 0.049258232116699226 -0.20364619791507718 -0.13078916817903516 0.1560495123267174 -0.16257522255182263 -0.38406533002853388 -0.020833394490182396 -0.24253133684396741 0.038517974317073829 0.028834870085120205 1.5033391714096072 0.15020127594470981 0.35645231604576116 0.022841309197247032 0.56830063462257396 0.30047465860843664 0.89699313044548046 0.48606015741825109 0.16881616413593295
decision_type=2 2 2 2 2 2 2 2 2 2 2 2 2 2 2 2 2 2 2 2 2 2 2 2 2 2 2 2 2 2
left_child=7 2 3 4 5 -2 -6 8 11 -4 14 13 17 16 -5 -15 -1 -3 25 -20 -11 22 -14 24 -21 -9 -24 -25 -22 -12
right_child=1 12 9 10 6 -7 -8 18 -10 20 29 -13 21 15 -16 -17 -18 -19 19 23 28 -23 26 27 -26 -27 -28 -29 -30 -31
leaf_value=-0.00032405954402881665 -0.0015470084234512163 -0.0048077436053793722 -0.009817504225020075 0.00031936193880081524 -0.0036784858000692478 0.00096151899890439178 -0.0008757095317179144 0.0033277901809159959 0.0071106628257295371 0.00026970802315415065 -0.0038089681479369143 0.0053587231275439261 -0.0076738338832344332 0.001424870804336624 0.0032537214741768954 -0.0023831915208114398 -0.0057323766107761102 0.0012936067830505117 -0.0022401910423659362 0.0028629945294205289 -0.0025808581239561627 -0.0088263163274386897 0.00019630119850715764 0.0034358391472992644 0.0061849239695771939 -0.0017140790411494364 -0.0043874177222057963 0.00032434554998438022 -0.0065142240120718876 -9.6993894274632696e-05
leaf_weight=88 1319 70 106 278 958 3309 1774 60 89 104 73 72 109 391 1088 190 152 102 62 815 128 125 62 163 326 118 133 212 93 176
leaf_count=88 1319 70 106 278 958 3309 1774 60 89 104 73 72 109 391 1088 190 152 102 62 815 128 125 62 163 326 118 133 212 93 176
internal_value=-2.36155e-05 -0.000541165 -0.000279175 -6.9063e-05 -0.00053684 0.000245823 -0.00186185 0.00186611 0.000242153 -0.00462144 0.00205915 -0.000462791 -0.00461805 -0.00099219 0.00265928 0.000171992 -0.00378193 -0.00122364 0.00277174 0.00308238 -0.00284939 -0.00595872 -0.00470162 0.00330471 0.00382672 6.8907e-06 -0.00294409 0.00169599 -0.00430562 -0.0012216
internal_weight=12745 10007 9406 8975 7360 4628 2732 2738 982 431 1615 893 601 821 1366 581 240 172 1756 1578 325 429 304 1516 1141 178 195 375 221 249
internal_count=12745 10007 9406 8975 7360 4628 2732 2738 982 431 1615 893 601 821 1366 581 240 172 1756 1578 325 429 304 1516 1141 178 195 375 221 249
is_linear=0
shrinkage=0.02


Tree=37
num_leaves=37
num_cat=0
split_feature=38 34 35 36 40 40 33 40 11 44 17 36 30 35 36 17 11 46 38 31 29 30 26 40 3 39 38 47 12 40 21 30 5 19 17 35
split_gain=32.9806 32.238 15.1553 13.1696 13.1635 11.6127 10.0853 8.76098 13.438 10.4062 8.28441 10.2645 8.462 8.06348 7.46333 6.86613 4.67365 4.61831 4.19839 3.09284 2.8833 2.56348 2.53339 2.52683 2.5211 2.37088 2.36159 2.35757 2.10993 2.00628 1.3429 1.29229 1.20442 1.06205 0.860215 0.850169
threshold=-0.049811685457825654 0.14411457628011706 0.22511449456214908 0.46091017127037054 0.73075467348098766 1.2712417840957644 0.025180556811392311 1.139889717102051 0.019354284740984443 0.015411083120852711 0.13741329312324527 0.030322590842843059 -0.51477009057998646 0.41625252366065985 0.64375591278076183 -0.24836134165525434 0.012314011808484794 0.71515038609504711 -0.12010642513632773 3.2918670177459721 0.094807241111993804 -0.035983825102448457 0.030590431764721874 0.79590699076652538 0.36991214752197271 0.79340475797653209 -0.1188991218805313 0.62931033968925487 -0.03670301474630832 0.81606030464172374 43.642440795898445 -0.048329593613743775 0.22415563464164737 -0.04476474039256572 0.16805537790060046 0.18095520138740542
decision_type=2 2 2 2 2 2 2 2 2 2 2 2 2 2 2 2 2 2 2 2 2 2 2 2 2 2 2 2 2 2 2 2 2 2 2 2
left_child=2 5 3 4 17 6 7 8 -2 -9 12 -12 -6 16 23 -7 29 27 -5 21 24 -18 33 -4 -17 -25 -19 -1 -15 -3 -16 -30 -27 -20 -31 -8
right_child=1 13 14 18 10 15 35 9 -10 -11 11 -13 -14 28 30 20 19 26 22 -21 -22 -23 -24 25 -26 32 -28 -29 31 34 -32 -33 -34 -35 -36 -37
leaf_value=8.8088117816921645e-07 -0.0012259737155003649 0.0014681780430488289 0.0021246284240773777 0.0010106156737421685 0.0023750630403235602 0.0015512984930519164 -0.0085908508074070723 -0.0041558830313720646 -0.0047560472929036477 0.0021234896187827417 0.0036444066189382186 0.0011410835433086821 -0.0010588917007921543 -0.0049960266992901308 0.0015890501010397526 -0.0071270118516427788 0.0030957935452792175 -0.0016942075058551773 -0.0045920816152846735 -0.0020449392386401692 -0.0017482396644629436 0.0010247915616816627 -0.0067916557205996179 0.0090798812859381253 -0.002810300743134765 0.006841878187444821 -0.0063256927532727063 -0.0036887487488177911 0.0015188877269392833 0.003712734798448426 -0.0023785822054342137 -0.0020560730583627116 0.003998229455631999 -0.0014949321340151775 0.0070135250824675402 -0.0048115250304724801
leaf_weight=392 3232 62 98 81 411 60 67 130 496 509 921 2276 933 63 70 293 391 81 73 87 70 626 93 75 74 100 104 81 61 67 61 107 214 121 100 65
leaf_count=392 3232 62 98 81 411 60 67 130 496 509 921 2276 933 63 70 293 391 81 73 87 70 626 93 75 74 100 104 81 61 67 61 107 214 121 100 65
internal_value=-4.71464e-05 -0.00103488 0.0010003 0.000669115 0.000928575 -0.00181921 -0.0014963 -0.00132856 -0.00169935 0.000830988 0.00131187 0.0018653 -5.0828e-06 0.00146861 0.00396444 -0.00471376 0.00206662 -0.00170903 -0.00297164 0.00151788 -0.00558093 0.00182876 -0.00409782 0.00509826 -0.00628916 0.00582286 -0.00436257 -0.000648124 -0.00196024 0.00465395 -0.0002629 -0.0007483 0.00496318 -0.00271761 0.00578403 -0.00688551
internal_weight=12745 6560 6185 5567 5199 4996 4499 4367 3728 639 4541 3197 1344 1564 618 497 1333 658 368 1104 437 1017 287 487 367 389 185 473 231 229 131 168 314 194 167 132
internal_count=12745 6560 6185 5567 5199 4996 4499 4367 3728 639 4541 3197 1344 1564 618 497 1333 658 368 1104 437 1017 287 487 367 389 185 473 231 229 131 168 314 194 167 132
is_linear=0
shrinkage=0.02


Tree=38
num_leaves=41
num_cat=0
split_feature=38 34 38 15 36 35 37 34 35 23 36 35 16 36 15 5 30 38 11 20 31 36 31 37 38 41 37 34 40 11 40 31 11 39 36 40 34 30 39 30
split_gain=30.8013 23.8704 22.3768 15.9206 18.9082 23.09 15.1687 15.0904 10.3582 12.0914 9.29797 9.03848 8.71529 10.374 10.0748 6.59338 6.52854 6.20879 5.81862 5.19833 5.26489 4.96629 4.60392 4.05158 3.77862 3.44953 3.30252 3.25141 2.85575 2.81354 2.78485 2.09826 1.98543 1.97623 1.8959 1.8067 1.79423 1.37124 1.26245 0.788426
threshold=-0.11751413717865943 0.14085444808006289 -0.018733770586550232 0.3189655095338822 0.22854358702898028 0.025221684947609905 0.0089464145712554472 0.0094698136672377604 -0.10675429180264472 0.5507185459136964 -0.023579191416501995 0.41625252366065985 0.018375191837549213 0.28969728946685797 0.80172413587570202 0.055011471733450897 -0.48172117769718165 -0.16257522255182263 0.012372604571282865 0.022580961696803573 1.9733523130416872 0.32796934247016912 3.7748736143112187 0.022976452484726909 -0.013726565986871718 0.58703225851058971 0.0090176579542458075 -0.0033805128186941143 0.79955479502677929 0.023192954249680046 0.71135449409484874 0.38754710555076605 0.028163962066173557 0.85431334376335155 0.36470000445842748 1.0011192560195925 0.17081402987241748 0.0089766061864793318 0.75314456224441539 0.018127736635506157
decision_type=2 2 2 2 2 2 2 2 2 2 2 2 2 2 2 2 2 2 2 2 2 2 2 2 2 2 2 2 2 2 2 2 2 2 2 2 2 2 2 2
left_child=8 2 3 10 6 -6 -5 -4 9 15 -2 18 14 -14 -9 16 -1 25 28 23 30 -12 24 26 -20 -17 35 -19 -3 -18 -21 -25 37 -28 -32 -10 -13 -22 -30 -38
right_child=1 11 7 4 5 -7 -8 12 19 -11 21 36 13 -15 -16 17 29 27 22 20 32 -23 -24 31 -26 -27 33 -29 38 -31 34 -33 -34 -35 -36 -37 39 -39 -40 -41
leaf_value=0.0012626342835111751 0.0038154166573943684 0.0010359244191212634 0.0067893562919237238 0.0028316708272478237 -0.0025560875386598015 0.0031430611366751473 -0.0017084752013368371 -0.0016102925684413417 0.00075242621674745662 0.00728121872879993 -0.0016331301400702969 -0.0042191267420227333 -0.0052087788574777241 -0.0022881016849677425 0.005031904481817037 -0.0013142911566763507 -0.0023306359838269931 -0.0038539638596561711 0.0037747021196060421 0.000270956732697137 -0.0002561652744605915 -0.0043411509676858345 -0.0033494662039888065 0.0068382479298481902 0.0011522383646360721 0.002975743212558426 -0.002472838104633667 0.0011679142906330527 0.0082009121575720711 -0.0075682474652341769 0.0051404018534797861 0.0016375086129643023 -0.00198905160665246 0.00059072835706920949 0.002832385100602533 0.0048560300426310809 0.0009620497942189961 0.0034395643767470923 0.0045714167848283013 -0.0018410543535755262
leaf_weight=87 95 66 68 357 355 1385 1612 748 93 84 771 90 701 1617 101 95 76 145 290 66 64 422 71 66 908 324 139 77 68 99 609 62 67 204 206 80 65 101 136 95
leaf_count=87 95 66 68 357 355 1385 1612 748 93 84 771 90 701 1617 101 95 76 145 290 66 64 422 71 66 908 324 139 77 68 99 609 62 67 204 206 80 65 101 136 95
internal_value=-7.57005e-05 -0.000589933 -0.00104506 -0.000205483 0.00045978 0.00197733 -0.000881737 -0.00234023 0.00180049 0.000158925 -0.00211861 0.00150201 -0.00254281 -0.00317738 -0.000804004 -0.000524427 -0.00317904 0.000568811 0.00207522 0.00272023 0.00354741 -0.00260036 0.00149986 0.00127929 0.00179573 0.00199826 0.000476727 -0.00211535 0.00472956 -0.00537686 0.0042518 0.00442196 0.000848162 -0.000658561 0.00457078 0.00270616 -0.00200547 0.00202114 0.0058874 -0.000699411
internal_weight=12765 10021 8232 4997 3709 1740 1969 3235 2744 987 1288 1789 3167 2318 849 903 262 641 1539 1757 1113 1193 1269 644 1198 419 516 222 270 175 881 128 232 343 815 173 250 165 204 160
internal_count=12765 10021 8232 4997 3709 1740 1969 3235 2744 987 1288 1789 3167 2318 849 903 262 641 1539 1757 1113 1193 1269 644 1198 419 516 222 270 175 881 128 232 343 815 173 250 165 204 160
is_linear=0
shrinkage=0.02


Tree=39
num_leaves=47
num_cat=0
split_feature=38 34 31 20 30 47 37 44 20 35 5 36 20 26 38 35 11 35 36 35 47 17 29 48 38 35 48 25 36 31 14 48 16 30 42 13 26 34 4 8 6 29 46 17 10 10
split_gain=28.8259 26.911 16.933 14.4745 10.3521 9.76495 9.30594 8.70246 12.7965 7.9852 7.64707 8.84629 6.37118 6.03988 5.93952 6.84502 5.58393 5.12143 4.74544 6.10427 9.68281 5.95873 4.14221 3.77989 3.73074 3.52262 3.3808 3.28453 2.85456 2.70449 2.47517 2.37062 2.34842 2.23187 1.98954 1.76576 1.74301 1.70505 1.66576 1.58193 1.46851 1.26673 0.850551 0.689186 0.650581 0.946452
threshold=-0.10327520594000815 0.14085444808006289 1.6054008603096011 0.36936996877193456 -0.50432568788528431 0.90517240762710582 0.027415115386247638 0.028855149634182457 0.36936996877193456 0.41625252366065985 -0.007028312422335147 0.028364218771457676 0.80474746227264415 0.013908700551837684 -0.17025320976972577 0.0043891870882362136 0.012314011808484794 0.29036118090152746 0.32663589715957647 -0.070703461766242967 0.76228907704353344 0.1627929285168648 0.09502428770065309 0.14343360066413882 -0.016761953011155125 -0.018113198690116402 0.10491563007235528 -14.398594379425047 0.52148410677909862 2.1390514373779301 0.63362070918083202 0.26724137365818029 0.023557327687740329 -0.44224575161933893 0.095163390040397658 -0.30518421530723566 0.019855699501931671 0.17081402987241748 0.7874000370502473 0.037165721878409393 0.049909031018614776 0.036953857168555267 0.57171678543090831 0.24810618907213214 0.03467219881713391 0.025241362862288955
decision_type=2 2 2 2 2 2 2 2 2 2 2 2 2 2 2 2 2 2 2 2 2 2 2 2 2 2 2 2 2 2 2 2 2 2 2 2 2 2 2 2 2 2 2 2 2 2
left_child=6 2 3 4 13 -6 10 8 29 16 25 32 -10 -2 30 -16 36 23 19 20 21 -8 24 -9 -18 33 -5 -27 -28 -4 -13 -11 35 -1 40 -12 -3 -33 -19 -24 -20 -35 -42 -38 45 -21
right_child=1 9 7 26 5 -7 18 17 12 31 11 14 -14 -15 15 -17 22 38 34 44 -22 -23 39 -25 -26 27 28 -29 -30 -31 -32 37 -34 41 -36 -37 43 -39 -40 -41 42 -43 -44 -45 -46 -47
leaf_value=0 -0.003216243813908858 0.0024846842137411377 -0.0039872577481500403 -0.0023224032168204971 -0.0016901269187264369 0.0031697371423317152 -0.003857147160585613 -0.0092202196275012211 -0.0011943813715066054 0.001365442951422717 0.0015089048966865394 0.0012697823211769172 0.0039791659251996528 0.0016939687151408622 -0.0010185264619930155 0.0024489798339538626 0.0040978191607705166 -2.3386969353363972e-05 0.0039596315124871759 0.0043974253489345687 0.0084534062867013503 0.0029443295874812627 0.00031570721045136454 -0.0048212461791734646 0.001283209223060935 -0.0029095583453567493 0.0029627619970955454 0.0027304605461036164 -0.0012944576999353661 -0.008270713248352211 0.0050039293534720128 -0.0055344711541017487 -7.5877316756529757e-05 -0.0020401858544809 -0.0017377200911057667 0.0039446020739152196 0.004032259203519465 -0.0014594907419552328 -0.0038672528428480373 -0.0039730635325917422 0.002072032457908218 -0.0052101604601368316 -0.00090008126355721355 0.00708073114013613 0.0040399123701499772 0.0076836834293160152
leaf_weight=86 114 103 219 62 3832 170 91 106 666 67 160 159 108 697 932 298 238 96 96 66 68 111 68 364 899 60 553 117 69 87 131 64 86 100 68 553 69 117 83 65 86 117 65 98 61 167
leaf_count=86 114 103 219 62 3832 170 91 106 666 67 160 159 108 697 932 298 238 96 96 66 68 111 68 364 899 60 553 117 69 87 131 64 86 100 68 553 69 117 83 65 86 117 65 98 61 167
internal_value=-6.79391e-05 -0.000676842 -0.00122048 -0.000676483 -0.0010637 -0.00148122 0.00142342 -0.00294526 -0.00183554 0.00151801 0.000857348 0.0013331 -0.000458628 0.000993216 0.000434703 -0.000173706 0.00205452 -0.00477347 0.00321577 0.00431125 0.0020999 -0.000126431 0.00149118 -0.00586766 0.00188248 -0.00143304 0.0020395 0.000796406 0.00248495 -0.00527681 0.00299396 -0.00179429 0.00303291 -0.0027337 0.00122903 0.00340803 0.00465514 -0.00297255 -0.0018456 -0.00181436 0.00206084 -0.00380163 0.000793541 0.00592045 0.00629698 0.00682478
internal_weight=12692 9014 7226 5497 4813 4002 3678 1729 1080 1788 2799 2319 774 811 1520 1230 1540 649 879 564 270 202 1270 470 1137 480 684 177 622 306 290 248 799 303 315 713 270 181 179 133 247 217 151 167 294 233
internal_count=12692 9014 7226 5497 4813 4002 3678 1729 1080 1788 2799 2319 774 811 1520 1230 1540 649 879 564 270 202 1270 470 1137 480 684 177 622 306 290 248 799 303 315 713 270 181 179 133 247 217 151 167 294 233
is_linear=0
shrinkage=0.02


Tree=40
num_leaves=37
num_cat=0
split_feature=38 34 35 36 37 40 40 41 26 43 40 17 36 13 31 41 44 16 47 40 27 46 38 46 33 26 47 17 31 37 40 19 9 40 40 21
split_gain=30.263 30.5384 14.2837 13.6486 13.1903 13.1494 11.1265 9.00907 9.633 8.31257 7.83845 7.33571 5.66626 5.5388 4.64784 4.10527 4.88455 4.06994 3.85271 3.45312 2.92725 2.86627 2.70672 2.65774 2.29146 2.21374 2.07458 1.92499 1.90905 1.7761 1.74066 1.49552 1.40192 1.35306 0.82351 0.684971
threshold=-0.049168424680829041 0.14411457628011706 0.22511449456214908 0.46091017127037054 0.0066867151763290176 0.73075467348098766 1.3354960680007937 0.19992601871490481 0.015830273739993576 -0.25177238881587977 1.4666939973831179 0.95048654079437267 0.64375591278076183 -0.51446783542633046 1.0665365457534792 0.53210151195526134 0.03105833008885384 0.026717389933764938 0.62931033968925487 1.139889717102051 -0.0024212204152718182 0.18103448301553729 -0.058268651366233819 0.3706896454095841 0.0044435882009565839 0.030444839969277385 0.73275861144065868 1.2788254618644717 2.5513314008712773 0.013082516845315697 0.84443899989128124 -0.04476474039256572 0.03862325847148896 0.80226609110832225 1.1644554734230044 42.988426208496101
decision_type=2 2 2 2 2 2 2 2 2 2 2 2 2 2 2 2 2 2 2 2 2 2 2 2 2 2 2 2 2 2 2 2 2 2 2 2
left_child=2 4 3 5 -2 18 7 14 -9 13 -11 15 22 -7 -6 16 30 25 20 27 -1 29 33 -8 -23 31 -25 28 -13 -17 -3 -5 -20 -4 -35 -14
right_child=1 11 12 17 6 9 23 8 -10 10 -12 19 35 -15 -16 21 -18 -19 32 -21 -22 24 -24 26 -26 -27 -28 -29 -30 -31 -32 -33 -34 34 -36 -37
leaf_value=0.0019979884582180286 0.0060193349391351944 0.0028391383866880351 0.002898880266433116 -0.0049164284714670091 -0.00093513969499107509 0.0048226386449215083 -0.0015310827874918543 -0.0036689646714299861 -0.0010128430088371364 0.0017869208875161394 -0.005223463558176389 -0.003599244602769613 0.0014092174681683185 -0.0012622435705870857 -0.0070900116106071935 0.00090780867274458472 -0.00061291101681334634 0.00071270184727605958 -0.005965238578116862 0.0023835605375392183 -0.0016245593105945785 -0.0002919550325108955 0.00072665385615139735 -0.0087721884089211628 0.0025664735959697003 -0.006575593262349722 -0.0048365768680402217 -0.0051776205148582957 0.00095619054058662212 -0.0030501464084861265 0.0057078093245524269 -0.0013214319511124296 -0.002209154650568962 0.0063957170207450224 0.0036754294163915081 -0.0015062082081160966
leaf_weight=113 83 154 87 78 70 63 60 641 3647 3773 62 67 63 638 173 92 88 90 90 70 384 146 60 93 465 97 172 75 75 84 227 118 81 281 73 60
leaf_count=113 83 154 87 78 70 63 60 641 3647 3773 62 67 63 638 173 92 88 90 90 70 384 146 60 93 465 97 172 75 75 84 227 118 81 281 73 60
internal_value=-2.69509e-05 -0.000982743 0.000970377 0.000648552 -0.00174992 0.000917382 -0.00188656 -0.00162744 -0.00141242 0.00130339 0.00166933 0.00147092 0.00383335 -0.000695744 -0.00535409 0.00212967 0.00360756 -0.00298032 -0.00169638 -0.00140075 -0.000791876 0.00123733 0.00477261 -0.00544814 0.00188373 -0.00411379 -0.00630422 -0.0026419 -0.00121631 -0.000995089 0.00458214 -0.00280967 -0.00426055 0.0053122 0.00587315 -7.00607e-06
internal_weight=12693 6482 6211 5587 4939 5204 4856 4531 4288 4536 3835 1543 624 701 243 1256 469 383 668 287 497 787 501 325 611 293 265 217 142 176 381 196 171 441 354 123
internal_count=12693 6482 6211 5587 4939 5204 4856 4531 4288 4536 3835 1543 624 701 243 1256 469 383 668 287 497 787 501 325 611 293 265 217 142 176 381 196 171 441 354 123
is_linear=0
shrinkage=0.02


Tree=41
num_leaves=38
num_cat=0
split_feature=38 34 35 37 37 38 36 36 40 17 33 36 36 35 38 11 38 16 16 37 37 40 46 40 40 40 41 41 3 35 25 3 40 41 41 8 35
split_gain=25.6972 29.762 13.6593 13.1451 12.907 12.5576 12.6965 18.2482 9.79313 8.62957 8.34517 8.99954 7.88132 7.64996 7.18494 6.42561 4.14512 4.14038 10.3934 6.98477 5.13127 3.93205 3.45791 2.87986 4.12076 2.61375 2.40236 2.34432 2.2556 1.96668 1.5593 1.69457 1.39404 1.9963 1.33838 1.32665 0.825927
threshold=-0.049811685457825654 0.14490271359682086 0.17836615443229678 0.0066867151763290176 0.0089943087659776228 -0.12397275865077971 0.37193049490451818 0.23604474961757663 1.3354960680007937 0.21046189963817599 0.025180556811392311 0.29300558567047125 0.60071957111358654 0.41625252366065985 -0.19596569985151288 0.028848512098193172 -0.05930406600236892 0.024560993537306789 0.02272752765566111 0.016670986078679565 0.012397665996104481 0.78244343400001537 0.33400586247444158 1.1509618759155276 0.98796579241752636 0.85494980216026317 0.69618824124336254 0.48640666902065283 0.36991214752197271 0.26344901323318487 12.495612144470217 0.55549857020378124 0.79328009486198436 0.5254177749156953 0.5254177749156953 0.040564667433500297 0.17999824136495593
decision_type=2 2 2 2 2 2 2 2 2 2 2 2 2 2 2 2 2 2 2 2 2 2 2 2 2 2 2 2 2 2 2 2 2 2 2 2 2
left_child=2 3 4 -2 21 9 7 -7 10 15 11 -5 16 17 -11 -6 32 18 29 -20 25 -1 -10 24 -23 -19 -22 -8 -24 -3 -15 -32 -4 -34 -25 -14 -12
right_child=1 13 12 8 5 6 27 -9 22 14 36 -13 35 30 -16 -17 -18 20 19 -21 26 23 28 34 -26 -27 -28 -29 -30 -31 31 -33 33 -35 -36 -37 -38
leaf_value=-0.00012212840394957601 0.0056456415272935082 0.0019652314644858886 0.0028244838804643798 -0.0024173164611238111 -0.0013904212862499571 -0.0011863467586819808 -0.0072919444061928631 0.0028637077943780695 -0.00073704418993835894 0.004596215105308366 -0.0083791792123090649 -0.00060993087543230278 0.0010166577069898285 -0.0045755595286036763 0.0013711734414642365 0.0035704764679830988 0.00092946173523649064 0.0019790796132446676 -0.0051017704089486825 0.001885173683946437 0.0020697995550653411 0.0029357082958511031 -0.0071517648023722118 0.0035525262842384664 0.0073028127025885374 0.005392657559407963 -0.0018938856875841939 -0.0031161707373428623 -0.0026436160066401334 0.0053134833917302905 0.00079907745041647097 -0.0032781623425920878 0.0091104944439461596 0.0050370134231378831 -0.00039358840621001013 -0.0024936522720122914 -0.0046176074149353163
leaf_weight=110 94 233 92 1970 564 1642 63 607 60 379 60 2507 104 60 1021 125 113 133 145 91 239 196 201 62 164 317 79 394 64 103 99 65 62 342 71 69 67
leaf_count=110 94 233 92 1970 564 1642 63 607 60 379 60 2507 104 60 1021 125 113 133 145 91 239 196 201 62 164 317 79 394 64 103 99 65 62 342 71 69 67
internal_value=-3.06096e-05 -0.000899606 0.000895442 -0.00164968 0.000536416 0.0001885 -0.00071025 -9.04435e-05 -0.00179236 0.00135253 -0.00155294 -0.00140654 0.00336094 0.00150727 0.00225291 -0.000477381 0.00442663 0.00207935 0.000782901 -0.00241362 0.00303683 0.00328674 -0.00513572 0.00404549 0.00497183 0.00440575 0.0010735 -0.0037378 -0.00610852 0.00303252 -0.00189282 -0.000840773 0.00521098 0.00572715 0.00147639 -0.000396367 -0.00655478
internal_weight=12767 6587 6180 5023 5398 4795 2706 2249 4929 2089 4604 4477 782 1564 1400 689 609 1340 572 236 768 603 325 493 360 450 318 457 265 336 224 164 496 404 133 173 127
internal_count=12767 6587 6180 5023 5398 4795 2706 2249 4929 2089 4604 4477 782 1564 1400 689 609 1340 572 236 768 603 325 493 360 450 318 457 265 336 224 164 496 404 133 173 127
is_linear=0
shrinkage=0.02


Tree=42
num_leaves=35
num_cat=0
split_feature=38 34 40 38 33 34 34 33 35 10 17 9 40 43 15 30 34 46 32 34 36 35 37 37 40 17 31 9 44 40 19 32 24 43
split_gain=27.844 24.0434 17.275 15.9055 15.7547 13.8459 12.5188 8.67619 8.3489 7.49895 6.71014 6.48394 6.19905 7.65568 5.82541 5.08481 4.60368 4.22547 3.8413 4.91225 5.04261 3.72113 3.17583 3.09605 2.88723 2.8581 3.18969 2.46866 1.95968 1.775 0.608083 0.543946 0.653793 0.113046
threshold=-0.10327520594000815 0.14085444808006289 1.3080088496208193 -0.018054890446364876 -0.0066819034982472649 -0.040281521156430238 0.0094698136672377604 0.015821800567209724 0.18673091381788257 0.048971733078360564 -0.27981741726398462 0.03360716067254544 0.59899991750717174 -0.21346437186002729 0.14343360066413882 0.041161444038152702 -0.085150595754384981 0.10491563007235528 1.0046340227127077 0.16881616413593295 0.16679119318723681 -0.11595639586448668 0.012513828929513695 0.018142022192478183 0.93010607361793529 0.89504539966583263 1.5610205531120303 0.030585921369493011 0.019587765447795395 0.89699313044548046 0.010116368997842075 1.425439774990082 24.499121665954593 0.083126999437809004
decision_type=2 2 2 2 2 2 2 2 2 2 2 2 2 2 2 2 2 2 2 2 2 2 2 2 2 2 2 2 2 2 2 2 2 2
left_child=8 2 3 4 14 -6 -5 -8 9 12 -4 18 28 21 -2 23 -10 -15 19 20 -3 -14 -21 -13 -17 26 -12 29 -1 -20 -30 32 -18 -34
right_child=1 11 10 6 5 -7 7 -9 16 -11 25 15 13 17 -16 24 31 -19 27 22 -22 -23 -24 -25 -26 -27 -28 -29 30 -31 -32 -33 33 -35
leaf_value=0.00024564577068214295 0.00033846214273582586 0.003724372635932123 0.0015865596036801436 0.0065623404933000673 -0.0034553285844280924 0.001039443037851036 -0.001797995949526357 -0.0053324650292341149 -0.00012595578444165152 0.0075961963887725562 -0.0047797638900199772 -0.00074339515484669915 -0.0037617555956855632 -0.001704953428830153 -0.0037216339708147812 -0.0067141071884104847 0.0041998290806512031 0.0018769629485812572 0.0024962969753245003 0.0038951429115001313 -0.001900080876665359 1.7954527635997415e-05 0.00067505439029799566 0.0044928062630719256 -0.0013762355556628189 -0.0013437827132475467 -0.0087989305610622261 0.00063701211817694453 -0.0023483310731252033 0.0051252569938115044 -0.005258670817944221 0.0035848653479620364 0.005760295451857609 0.0081719171723816549
leaf_weight=74 190 80 61 64 301 2787 2525 311 71 67 298 109 135 137 539 62 72 2348 193 277 272 423 222 73 115 64 118 110 72 252 61 63 74 61
leaf_count=74 190 80 61 64 301 2787 2525 311 71 67 298 109 135 137 539 62 72 2348 193 277 272 423 222 73 115 64 118 110 72 252 61 63 74 61
internal_value=-4.76222e-05 -0.000644405 -0.00115357 -0.000875331 -2.64859e-05 0.000598067 -0.00199106 -0.00219117 0.00142348 0.00111432 -0.00458249 0.00144723 0.000973504 0.00120209 -0.00266503 -0.000943701 0.0043919 0.00167727 0.00205914 0.00120624 -0.000598308 -0.000909935 0.00247715 0.00139023 -0.00333229 -0.00537353 -0.00597704 0.00335161 -0.00235126 0.00401164 -0.00377706 0.00557192 0.00611206 0.0070112
internal_weight=12681 9023 7258 6717 3817 3088 2900 2836 3658 3317 541 1765 3250 3043 729 359 341 2485 1406 851 352 558 499 182 177 480 416 555 207 445 133 270 207 135
internal_count=12681 9023 7258 6717 3817 3088 2900 2836 3658 3317 541 1765 3250 3043 729 359 341 2485 1406 851 352 558 499 182 177 480 416 555 207 445 133 270 207 135
is_linear=0
shrinkage=0.02


Tree=43
num_leaves=36
num_cat=0
split_feature=38 34 37 35 36 40 40 36 5 34 43 40 36 17 37 13 35 46 16 38 40 36 38 47 34 34 46 45 26 40 39 2 14 40 42
split_gain=25.1426 25.0796 14.7768 13.5767 12.2191 12.2084 10.4332 10.4566 15.2907 12.6262 9.13927 7.65881 6.74343 6.61098 6.17566 5.99681 5.34692 4.52459 4.13294 3.65518 3.50188 3.34522 3.07528 2.82781 2.54734 2.26358 2.1947 4.43205 1.88194 1.3331 1.89495 1.30416 1.08492 0.981115 0.74288
threshold=-0.049168424680829041 0.14593986421823504 0.0066867151763290176 0.22511449456214908 0.46091017127037054 0.73075467348098766 1.2712417840957644 0.29300558567047125 0.58857229351997387 0.0094698136672377604 -0.25177238881587977 1.4666939973831179 0.64375591278076183 -0.21997464448213574 0.012797545641660692 -0.51446783542633046 0.15286604315042499 0.71515038609504711 0.026717389933764938 -0.058268651366233819 0.808283030986786 0.36900384724140173 -0.013072106987237929 0.62931033968925487 0.038223022595047958 -0.042860193178057664 0.73275861144065868 0.67663240432739269 0.030444839969277385 0.79590699076652538 0.79340475797653209 0.10601211711764337 0.51393982768058788 0.9662875533103944 0.032393168658018119
decision_type=2 2 2 2 2 2 2 2 2 2 2 2 2 2 2 2 2 2 2 2 2 2 2 2 2 2 2 2 2 2 2 2 2 2 2
left_child=3 2 -2 4 5 17 7 8 -4 -9 15 -12 19 -8 16 -7 -3 23 28 29 31 -22 -16 -1 -15 -19 27 -24 32 -5 -31 -18 -6 -28 -14
right_child=1 14 6 12 18 10 13 9 -10 -11 11 -13 34 24 22 -17 20 25 -20 -21 21 -23 26 -25 -26 -27 33 -29 -30 30 -32 -33 -34 -35 -36
leaf_value=2.9261003946321714e-05 0.0059408162482740244 -0.0016547548979703737 -0.0012785623665626739 0.0028800288327265437 -0.0042427895828243342 0.0048841834499908149 0.0016329206596646046 0.0036821482371553844 -0.0050460043804118953 -0.0010613226463249818 0.0016613271034124702 -0.0053742442554424678 0.0010179136239587226 -0.0082237903156189944 0.002819062796487872 -0.0015429111374354726 -0.0016108320551791362 -0.0010495384701742576 0.00091230375892840899 0.00032317706189401776 0.0058902566865844134 0.0026551872365415479 -0.001134773590337511 -0.0039194688571468836 -0.0044495847707818814 -0.0057637928096492862 -0.0043861212936505949 0.0042969512882593429 -0.0061649850834653063 0.0089391099992642813 0.0050811664971826612 0.0018867291848969842 -0.001233055790125106 -0.001017267535508111 -0.0019418889477092309
leaf_weight=410 99 109 1283 79 97 61 60 246 649 2274 3798 60 69 99 109 626 67 62 88 66 198 387 284 85 334 129 78 73 103 72 270 106 101 66 61
leaf_count=410 99 109 1283 79 97 61 60 246 649 2274 3798 60 69 99 109 626 67 62 88 66 198 387 284 85 334 129 78 73 103 72 270 106 101 66 61
internal_value=-5.86073e-05 -0.000926781 -0.00159788 0.000848947 0.000538568 0.000793534 -0.00175252 -0.00144445 -0.0025505 -0.000594045 0.00116913 0.00154756 0.00365816 -0.00450698 0.00136296 -0.000952034 0.00244486 -0.00168776 -0.00286731 0.00473276 0.00303989 0.0037763 -0.00017756 -0.000666322 -0.00536545 -0.00427856 -0.000844403 0 -0.0039737 0.00541451 0.00596693 0.000522132 -0.00275381 -0.00290114 -0.000375873
internal_weight=12758 6521 5044 6237 5620 5231 4945 4452 1932 2520 4545 3858 617 493 1477 687 867 686 389 487 758 585 610 495 433 191 501 357 301 421 342 173 198 144 130
internal_count=12758 6521 5044 6237 5620 5231 4945 4452 1932 2520 4545 3858 617 493 1477 687 867 686 389 487 758 585 610 495 433 191 501 357 301 421 342 173 198 144 130
is_linear=0
shrinkage=0.02


Tree=44
num_leaves=39
num_cat=0
split_feature=38 40 31 34 38 34 36 13 39 20 30 41 17 44 44 29 41 30 30 40 47 46 36 40 38 43 40 40 48 27 30 22 26 12 1 32 40 26
split_gain=24.5542 22.7619 19.6088 17.0083 16.0172 15.487 10.7264 10.6386 6.64942 7.86685 6.00489 6.79455 5.93295 5.33155 5.2283 5.09174 4.51923 6.10107 4.30946 6.47188 3.68779 3.24421 3.14119 3.04525 2.9682 2.83013 2.74666 3.81994 2.31486 2.24197 2.22781 1.75009 1.25035 1.09784 0.859938 0.592305 0.343497 0.169602
threshold=-0.11751413717865943 1.3080088496208193 3.1912735700607304 0.14411457628011706 -0.018054890446364876 -0.037708057090640061 0.29300558567047125 -0.11910221725702284 1.0672014951705935 0.019459926523268226 -0.40120433270931238 0.76373004913330089 -0.27981741726398462 0.031769772991538055 0.023713683709502224 0.090116929262876524 0.53210151195526134 -0.015002797357738016 -0.0044801868498325339 1.5033391714096072 0.61023476719856273 0.82868674397468578 0.18636251986026767 0.63807094097137462 -0.1254615634679794 -0.19324881583452222 0.71135449409484874 0.88592875003814708 0.88646370172500621 0.0030795631464570765 0.53899490833282482 0.4102275967597962 0.038534775376319892 -0.043675368651747697 0.0016125662368722262 0.90811836719512951 1.3635550737380984 0.022422583773732189
decision_type=2 2 2 2 2 2 2 2 2 2 2 2 2 2 2 2 2 2 2 2 2 2 2 2 2 2 2 2 2 2 2 2 2 2 2 2 2 2
left_child=8 2 3 4 5 -2 -6 -4 9 10 29 24 -3 26 -9 20 23 -18 33 21 34 -20 28 -5 -12 -22 -11 -28 -17 35 -16 -27 -15 36 37 -1 -14 -10
right_child=1 12 7 16 6 -7 -8 14 15 13 11 -13 18 32 30 22 17 -19 19 -21 25 -23 -24 -25 -26 31 27 -29 -30 -31 -32 -33 -34 -35 -36 -37 -38 -39
leaf_value=0.0015011941886006563 -0.0025993163938330872 0.001314017242499228 -0.0097735514748203862 -0.00040592740714932098 -0.003191036877455828 0.00073693517195053528 -0.00066338684437235336 0.00233769091080342 0.006312930690927001 -0.00057653252049988401 -0.0015601784502317214 -0.0064998809118189073 -0.009709065804736957 -0.0037167884513284216 -0.004918775142741764 0.0088787685178220287 0.0029116381727342581 -0.0003066260290338103 -0.0033549681867007164 -0.0083919567453061682 -0.0022952203365590642 0.0014613608045066582 0.0023954985639653525 0.0039022602797925193 0.0026942589944455681 0.002993003744936299 0.0044179678861798822 0.0016918250220263021 0.0038663699056391844 0.0039577968441759761 -0.00059220919544425085 0.00015235102074636015 0.0001991559200440392 -0.0045904022604227063 0.0023789415362958062 -0.001101738466281597 -0.0066232151527052061 0.004064223118481182
leaf_weight=64 644 67 108 75 1091 3977 1748 67 62 99 325 99 67 63 191 102 401 563 181 79 82 78 101 474 79 199 376 467 70 112 65 154 63 63 71 70 76 60
leaf_count=64 644 67 108 75 1091 3977 1748 67 62 99 325 99 67 63 191 102 401 563 181 79 82 78 101 474 79 199 376 467 70 112 65 154 63 63 71 70 76 60
internal_value=-5.05623e-05 -0.00050824 -0.000264443 -6.34885e-05 -0.000455894 0.000270382 -0.00163743 -0.00441645 0.00163417 0.000934121 -0.00063497 -0.00188497 -0.00423931 0.00203417 -0.00254869 0.00303704 0.00186772 0.00103594 -0.00492855 -0.00348119 0.00202669 -0.00190055 0.00531032 0.00331289 -0.000712062 0.000989525 0.00255107 0.00292029 0.0069458 0.00190883 -0.00384368 0.00176827 -0.00179197 -0.00721452 0.00430831 0.000139804 -0.00824568 0.00533909
internal_weight=12733 10015 9404 8973 7460 4621 2839 431 2718 1817 749 503 611 1068 323 901 1513 964 544 338 628 259 273 549 404 435 942 843 172 246 256 353 126 206 193 134 143 122
internal_count=12733 10015 9404 8973 7460 4621 2839 431 2718 1817 749 503 611 1068 323 901 1513 964 544 338 628 259 273 549 404 435 942 843 172 246 256 353 126 206 193 134 143 122
is_linear=0
shrinkage=0.02


Tree=45
num_leaves=37
num_cat=0
split_feature=38 34 40 37 35 36 38 31 20 26 36 34 36 4 11 37 36 46 36 34 9 35 30 36 40 35 11 11 39 38 17 5 38 46 40 39
split_gain=25.4141 24.8336 12.6327 12.2072 9.8279 11.9895 9.63556 9.44977 13.6916 9.33743 9.20845 18.2782 14.1062 7.51149 8.59396 6.66766 6.60322 5.38039 4.60465 4.07714 3.96836 3.62946 3.51975 5.53308 3.08183 2.94657 2.54645 2.26766 2.19865 1.86743 1.71829 1.64694 1.3165 1.23354 1.04908 0.775888
threshold=-0.049168424680829041 0.14411457628011706 0.59899991750717174 0.0066867151763290176 0.22511449456214908 0.37193049490451818 -0.12114493548870085 1.6054008603096011 0.34669631719589239 0.01595163065940142 0.23604474961757663 -0.040281521156430238 0.03307782486081124 0.46743929386138922 0.015815461985766891 0.012978836894035341 0.64375591278076183 0.19057226926088336 0.21143719553947452 0.081052266061306014 0.034171482548117645 0.30609396100044256 0.041161444038152702 0.28122091293334966 0.808283030986786 0.17212299257516864 0.012256777845323088 0.020062838681042198 0.88115841150283825 -0.05930406600236892 1.2076817750930788 0.870486080646515 -0.14371515065431592 0.59097579121589672 0.80226609110832225 0.94463178515434276
decision_type=2 2 2 2 2 2 2 2 2 2 2 2 2 2 2 2 2 2 2 2 2 2 2 2 2 2 2 2 2 2 2 2 2 2 2 2
left_child=2 3 17 -2 5 10 30 8 9 -5 12 -12 -4 21 -15 18 29 -1 -3 -8 24 -9 23 -17 -20 -10 -19 28 -24 34 -7 -25 -28 -34 -6 -18
right_child=1 15 4 7 16 6 19 13 25 -11 11 -13 -14 14 -16 22 35 26 20 -21 -22 -23 27 31 -26 -27 32 -29 -30 -31 -32 -33 33 -35 -36 -37
leaf_value=0.0027312546548782846 0.005657816149666906 -0.0015204531126740304 0.0021237138630036726 -0.0037812312551603554 0.0026256473415895648 0.0021051243609295058 -0.0040574184538748137 -0.0063731349790783452 0.0038625937006408575 -0.001153663888274922 -0.0010669135057444993 0.0045697209762551524 -0.00045772762786079526 0.00026273973015679175 -0.0037354711893525204 0.0059261883740560914 0.00097557217548327414 -0.00036825311424422863 0.00088860339677296254 0.0011491292259241974 -0.0015026037913849941 -0.0009558669150407825 0.001418236901730299 -0.0024694947407635694 0.0039967428021543249 0.00067659052317726814 -0.0020730626679548664 -0.0042345290363907974 -0.0020041782561023322 0.001306454878099836 -0.0013971625860730137 0.0014785628207693144 -0.0038280480602756141 -0.0073640266848077254 0.0056080719801924516 -0.0020913798223373306
leaf_weight=61 87 107 1513 707 66 231 401 330 165 2303 333 733 1915 344 567 76 65 76 168 69 74 60 122 82 569 385 70 89 185 62 71 81 107 80 330 61
leaf_count=61 87 107 1513 707 66 231 401 330 165 2303 333 733 1915 344 567 76 65 76 168 69 74 60 122 82 569 385 70 89 185 62 71 81 107 80 330 61
internal_value=-7.75839e-05 -0.000952705 0.000833416 -0.0016451 0.00106736 0.00079298 -0.00150484 -0.00177942 -0.00124406 -0.00177432 0.00118867 0.00280995 0.0006822 -0.00323736 -0.00222872 0.00125162 0.00352311 -0.00261946 0.00233891 -0.0032885 0.00285306 -0.00555591 -0.000322291 0.00158042 0.00329606 0.00164997 -0.00361823 -0.0014764 -0.000640342 0.00463249 0.00127282 -0.000510288 -0.00456013 -0.00543842 0.00513699 -0.000515577
internal_weight=12745 6501 6244 4948 5850 5266 772 4861 3560 3010 4494 1066 3428 1301 911 1553 584 394 918 470 811 390 635 239 737 550 333 396 307 458 302 163 257 187 396 126
internal_count=12745 6501 6244 4948 5850 5266 772 4861 3560 3010 4494 1066 3428 1301 911 1553 584 394 918 470 811 390 635 239 737 550 333 396 307 458 302 163 257 187 396 126
is_linear=0
shrinkage=0.02


Tree=46
num_leaves=40
num_cat=0
split_feature=38 40 31 34 30 16 13 35 29 41 38 43 17 30 35 15 5 44 38 5 31 41 17 36 36 40 43 16 30 44 5 36 35 3 40 34 41 40 43
split_gain=24.524 22.1971 19.6223 15.3407 15.5286 12.5413 9.3166 9.12188 11.641 6.58703 6.2566 5.43837 5.08217 4.8338 4.75832 4.52954 4.63684 4.50465 4.37137 4.26213 3.63856 7.48359 3.38625 2.98608 5.72796 3.84073 3.0301 2.93875 2.65425 2.47685 2.39007 2.38 2.15882 1.8867 1.823 1.66666 1.15279 0.513064 0.433844
threshold=-0.11751413717865943 1.3080088496208193 3.1912735700607304 0.14411457628011706 -0.37641181051731104 0.015344067476689817 -0.11910221725702284 -0.070703461766242967 0.078340675681829466 0.58928972482681286 -0.027401291765272614 -0.16168831288814542 -0.27981741726398462 0.12203380465507509 0.38581290841102606 0.19827586412429812 0.12701163440942767 0.023713683709502224 -0.16299469769001004 1.0362440347671511 1.6054008603096011 0.64127504825592052 0.30450567603111273 -0.071390423923730836 0.27466741204261785 0.83923715353012096 -0.097601562738418565 0.024560993537306789 -0.54728135466575611 0.026461020112037662 1.1449307799339297 0.3966910988092423 -0.09280348569154738 -0.24404083937406537 0.76724120974540722 -0.06228994391858577 0.53424108028411876 1.3920173645019533 0.091034714132547392
decision_type=2 2 2 2 2 2 2 2 2 2 2 2 2 2 2 2 2 2 2 2 2 2 2 2 2 2 2 2 2 2 2 2 2 2 2 2 2 2 2
left_child=7 2 3 4 10 -6 -4 8 11 -10 -2 28 -3 29 27 16 -9 -8 22 20 21 -14 -13 25 34 -17 -27 -5 -1 -11 -26 -19 -20 -30 -25 38 -16 -22 -18
right_child=1 12 6 14 5 -7 17 15 9 13 -12 18 19 -15 36 23 35 31 32 -21 37 -23 -24 24 30 26 -28 -29 33 -31 -32 -33 -34 -35 -36 -37 -38 -39 -40
leaf_value=0.00026178608921593023 0.0020250488603873714 0.001228098668512844 -0.0093047989946308338 0.001227871017268125 0.0014322547605031836 -0.0012998369767811527 0.0021110478450615819 -0.0036588465046608841 -0.00091349283457562629 0.0038920766265913178 -0.00085703985971365593 -0.00067715832973261933 0.00014503990662084003 0.00095078006820366182 0.00118758452107509 -0.0021308922418232621 0.0019944848254323006 -0.0015468222177945649 -0.0027456506488443768 8.6722838706695119e-05 -0.010093059422448279 -0.0061791373866365894 0.0032259000813026194 0.0018415638705612059 0.0025877166310672365 -0.00017202506356956332 0.0045317192678245395 0.0031751237937630988 -0.0062443599937653006 0.0091780823005898175 -0.0013765510043860238 -0.0054457059014489922 0.0008305890397780171 -0.0020248782468377611 0.0054421890488678256 -0.00064200283691752706 -0.0018132119537043717 -0.0064363587710146719 0.0045745671619735065
leaf_weight=60 1178 60 113 607 771 5106 62 80 95 67 402 151 104 74 72 84 62 114 213 62 61 260 209 69 268 86 145 649 107 98 76 148 96 77 488 61 159 62 60
leaf_count=60 1178 60 113 607 771 5106 62 80 95 67 402 151 104 74 72 84 62 114 213 62 61 260 209 69 268 86 145 649 107 98 76 148 96 77 488 61 159 62 60
internal_value=-8.23037e-05 -0.000541242 -0.000300269 -9.72739e-05 -0.000467402 -0.000940698 -0.00442368 0.00159795 0.000335615 0.00351371 0.00129089 -0.000833626 -0.00423187 0.00526711 0.00175538 0.00265877 0.000270928 -0.00264851 0.000100857 -0.00483383 -0.00545901 -0.00438309 0.00159396 0.00317246 0.00375911 0.00147169 0.00279651 0.00224002 -0.00336995 0.00714543 0.00170468 -0.00378974 -0.00163408 -0.00454476 0.00501019 0.00202554 -0.000870391 -0.00845491 0.00335071
internal_weight=12716 9990 9381 8944 7457 5877 437 2726 1247 334 1580 913 609 239 1487 1479 263 324 669 549 487 364 360 1216 901 315 231 1256 244 165 344 262 309 184 557 183 231 123 122
internal_count=12716 9990 9381 8944 7457 5877 437 2726 1247 334 1580 913 609 239 1487 1479 263 324 669 549 487 364 360 1216 901 315 231 1256 244 165 344 262 309 184 557 183 231 123 122
is_linear=0
shrinkage=0.02


Tree=47
num_leaves=32
num_cat=0
split_feature=31 26 36 40 40 43 47 13 5 30 41 46 40 34 40 16 16 35 40 37 4 37 14 30 13 37 3 32 19 17 43
split_gain=18.9407 18.8125 17.076 11.2251 11.7213 13.584 11.1939 11.085 10.3885 9.02201 6.87719 6.7214 6.61237 6.46871 5.93538 5.91491 5.64186 6.97872 5.41812 5.1833 4.4412 3.81874 4.43263 3.025 2.96327 2.78661 2.75739 2.19621 1.98813 2.60028 1.77111
threshold=1.7338141202926638 0.019934497773647312 -0.017733156681060788 1.4666939973831179 0.63807094097137462 -0.16486763209104535 0.95286133885383617 -0.49232041835784907 0.69866064190864574 -0.49255208671092982 0.43134327232837683 0.14343360066413882 0.6514890491962434 0.16881616413593295 0.99428975582122814 0.014781584497541191 0.02408415358513594 0.12682235985994342 1.1644554734230044 0.010513653047382833 1.17460572719574 0.013452707324177028 0.45689655840396887 0.57294365763664257 -0.14030720293521878 0.0090392800047993677 0.052473183721303947 0.55284443497657787 0.081471342593431487 1.0467672944068911 0.08589233830571176
decision_type=2 2 2 2 2 2 2 2 2 2 2 2 2 2 2 2 2 2 2 2 2 2 2 2 2 2 2 2 2 2 2
left_child=1 2 14 4 11 7 8 -6 30 21 -7 -3 -10 15 24 -11 17 -14 26 -18 28 27 -23 -13 25 -1 -16 -4 -8 -30 -2
right_child=6 3 9 -5 5 10 20 -9 12 13 -12 23 16 -15 18 -17 19 -19 -20 -21 -22 22 -24 -25 -26 -27 -28 -29 29 -31 -32
leaf_value=0.0013301257828904722 -0.0088102764542613704 0.0034835675510407334 -0.0032876574310805947 -0.0054698975652190188 0.0063601111281016958 0.0037430652332270608 -0.0058684890255726006 -0.00057145193237578644 -0.0053012324224271995 0.00054306977787836608 0.0015912680982499447 -0.0043922557602216515 0.00054089745669577693 0.0027881122634804867 0.0087164115438382456 -0.0025324875365548504 0.0051395088546770688 -0.0024906213854399561 -0.00014660609096480424 0.00017782136929944076 -0.0098066320961980695 0.0048069014544660851 -0.00075746513810008771 -7.7322644120143673e-05 0.0033455672470231851 -0.0026876094088904923 0.0032737929134393556 0.00025746153602409372 -0.0047554068453053927 0.0009035088153323159 -0.0037755537626217119
leaf_weight=156 67 68 84 102 95 720 101 1578 119 283 3438 252 482 108 100 2058 91 812 65 817 64 147 91 88 117 119 68 352 64 61 61
leaf_count=156 67 68 84 102 95 720 101 1578 119 283 3438 252 482 108 100 2058 91 812 65 817 64 147 91 88 117 119 68 352 64 61 61
internal_value=-4.81201e-05 0.000352301 -0.000770494 0.00101616 0.00112494 0.00135458 -0.00152219 -0.000166572 -0.00107818 -0.00137474 0.00196654 -0.00214046 -0.00076736 -0.00193828 0.00223938 -0.00216004 -0.000515009 -0.00136201 0.00474687 0.000691468 -0.00521896 0.00067091 0.00269226 -0.00328881 0.000721695 -0.000415102 0.00661538 -0.000441065 -0.00380398 -0.00202959 -0.00655996
internal_weight=12828 10089 3748 6341 6239 5831 2739 1673 2449 3123 4158 408 2321 2449 625 2341 2202 1294 233 908 290 674 238 340 392 275 168 436 226 125 128
internal_count=12828 10089 3748 6341 6239 5831 2739 1673 2449 3123 4158 408 2321 2449 625 2341 2202 1294 233 908 290 674 238 340 392 275 168 436 226 125 128
is_linear=0
shrinkage=0.02


Tree=48
num_leaves=36
num_cat=0
split_feature=38 40 31 40 34 38 13 35 29 46 38 45 40 30 37 5 44 40 46 3 46 41 4 46 11 40 27 37 39 14 35 21 37 13 30
split_gain=23.0983 20.155 16.4244 15.968 12.5106 14.5057 8.98415 8.32286 10.706 7.5097 5.70899 5.09072 5.06655 5.93515 4.84903 4.55925 4.44096 4.06047 5.10953 4.05668 3.79314 3.62181 3.24366 3.68876 2.98947 5.158 2.97777 2.88659 2.47246 2.19266 1.93283 1.91062 1.24466 0.427319 0.22552
threshold=-0.11751413717865943 1.3080088496208193 3.1912735700607304 0.67508780956268322 0.16881616413593295 -0.018054890446364876 -0.14030720293521878 -0.10675429180264472 0.095287144184112563 0.74303007125854503 -0.160966582596302 0.33400586247444158 1.5033391714096072 -0.0044801868498325339 0.01263051573187113 0.06974313780665399 0.023649182170629505 0.74419647455215465 0.16269258409738543 -0.21257597208023069 0.14343360066413882 0.55286127328872692 0.067577511072158827 0.82868674397468578 0.015695456415414814 0.89699313044548046 -0.0119649744592607 0.014098901301622392 0.91597720980644237 0.29548789560794836 0.14731754362583163 49.134843826293952 0.016217829659581188 -0.088963367044925676 -0.14027722924947736
decision_type=2 2 2 2 2 2 2 2 2 2 2 2 2 2 2 2 2 2 2 2 2 2 2 2 2 2 2 2 2 2 2 2 2 2 2
left_child=7 2 3 9 5 -5 -4 8 10 20 11 15 13 29 -6 -1 -8 31 24 -20 -2 -13 -15 -24 -19 -26 -21 -12 -18 -3 -11 32 -9 -14 -29
right_child=1 12 6 4 14 -7 16 17 -10 30 27 21 33 22 -16 -17 28 18 19 26 -22 -23 23 -25 25 -27 -28 34 -30 -31 -32 -33 -34 -35 -36
leaf_value=-0.0049045960028185967 0.0021457356094666149 -0.0085823015205065412 -0.0095037079875667906 0.00062817440313205606 0.0038863788616848968 -0.0012084892542363987 0.0020489687329644096 -0.00057305423248357875 0.0073413428897472722 -0.0075604018168740498 -0.00057592791159692994 -0.0028153180697216436 -0.0056897853307987323 0.0020660769358277322 0.00087178120234770735 0.0013775653436357972 -0.0019245181249192684 -0.0037532907179556787 -0.00064399083903131707 -0.00023945478073976657 -0.0022219819876403328 0.0022729412633427158 -0.0043259641777069592 0.0012460567334693082 0.0058272864799059562 -0.001483867242289707 0.0037788077711002101 -0.0036832594289262959 -0.005792298457844825 -0.0038311637139896737 -0.0032384899588988013 -0.0025628832276533577 0.003169052142163981 -0.0087770871933963556 -0.0057800766388934688
leaf_weight=108 89 72 93 4312 446 2857 66 71 72 126 114 62 70 82 413 77 157 61 100 78 598 408 145 68 60 97 1138 74 119 103 73 81 66 69 73
leaf_count=108 89 72 93 4312 446 2857 66 71 72 126 114 62 70 82 413 77 157 61 100 78 598 408 145 68 60 97 1138 74 119 103 73 81 66 69 73
internal_value=-8.05125e-05 -0.000528087 -0.000297695 -0.000111751 0.00016971 -0.000103835 -0.00407891 0.00154455 7.49734e-05 -0.00265514 -0.000517195 0.00048021 -0.0040445 -0.00301466 0.00244622 -0.00230428 -0.00253103 0.00237116 0.00273352 0.00320234 -0.00164783 0.00158601 -0.00125556 -0.00254987 -9.71868e-05 0.00136083 0.00352028 -0.00300106 -0.00364008 -0.00590324 -0.00605157 -0.000176577 0.00125185 -0.00738243 -0.00482598
internal_weight=12698 9958 9349 8914 8028 7169 435 2740 988 886 916 655 609 470 859 185 342 1752 1534 1316 687 470 295 213 218 157 1216 261 276 175 199 218 137 139 147
internal_count=12698 9958 9349 8914 8028 7169 435 2740 988 886 916 655 609 470 859 185 342 1752 1534 1316 687 470 295 213 218 157 1216 261 276 175 199 218 137 139 147
is_linear=0
shrinkage=0.02


Tree=49
num_leaves=39
num_cat=0
split_feature=38 40 31 34 38 40 35 35 23 13 4 38 35 40 30 37 36 40 11 0 46 31 41 46 26 30 40 17 37 36 17 41 44 18 40 25 34 42
split_gain=20.6923 18.3479 16.4905 14.6035 14.4998 12.5296 10.5615 9.73843 9.30327 8.96057 5.46487 5.22888 5.22712 5.12527 5.57396 4.13293 5.33599 4.29205 4.67238 4.15083 3.43188 4.58449 3.02825 3.02051 2.98373 2.74614 2.57904 2.33687 2.31169 2.18539 2.15502 2.13659 2.07134 2.06323 1.98627 1.62013 1.48818 0.69638
threshold=-0.12010642513632773 1.3080088496208193 3.1912735700607304 0.14411457628011706 -0.018733770586550232 0.73719319701194774 0.13048100471496585 -0.10675429180264472 0.52370953559875499 -0.11910221725702284 -0.037628075107932084 -0.160966582596302 0.41625252366065985 1.5033391714096072 -0.0044801868498325339 0.015205972362309696 0.35805968940258032 0.83923715353012096 0.019799477420747284 -0.039303021505475037 0.8479457199573518 1.6648983955383303 0.53424108028411876 0.24834922701120379 0.028978140093386177 -0.42061828076839441 1.3635550737380984 1.2330207228660586 0.013968693092465402 0.3966910988092423 0.55305615067482006 0.74781286716461193 0.023999472148716453 0.049812365323305137 0.88806429505348217 12.495612144470217 -0.014103526249527929 -0.032327918335795396
decision_type=2 2 2 2 2 2 2 2 2 2 2 2 2 2 2 2 2 2 2 2 2 2 2 2 2 2 2 2 2 2 2 2 2 2 2 2 2 2
left_child=7 2 3 4 5 -2 -6 8 10 -4 25 30 22 14 26 17 19 36 23 -17 21 -16 -5 -19 -11 -1 -3 34 -13 -26 -12 -27 -20 -21 -18 -14 -9 -15
right_child=1 13 9 12 6 -7 -8 15 -10 24 11 28 35 37 20 16 27 18 32 33 -22 -23 -24 -25 29 31 -28 -29 -30 -31 -32 -33 -34 -35 -36 -37 -38 -39
leaf_value=-0.00037469644818235846 -0.0021756592558033732 -0.0080708203970200638 -0.0089409696791054958 0.0034097983614358317 0.00069254302137829421 0.00069740353675343139 -0.0022009075032124524 -0.0027821439631041827 0.0061098155421780397 0.00046096293621186946 0.0002850874985321793 0.00045148507052141684 -0.0039368143910135604 -0.005100102981610689 -0.00056027092843715634 -0.00035955821332754568 0.0042657006505427749 -0.00028825711601070667 -0.0032683794304524385 0.0055928701830439123 0.0027527900902738034 -0.0068857758899648035 0.0014207059706198017 0.0041963057576678694 -0.0012625495607736616 -0.0021572247241502225 -0.0031132144707149453 -0.0017283719103880131 -0.0041436782660782337 -0.0053208696681433 0.0030546515285583861 -0.0071720562863313124 0.0016633299712848384 0.0015565647884213832 0.00074217715475095229 -6.993590510359758e-05 0.00069520688019954354 -0.0086601163272101156
leaf_weight=82 714 85 109 495 650 3959 2227 105 86 103 288 66 60 61 172 61 109 73 70 451 68 60 824 317 95 66 94 74 122 127 183 78 61 61 155 141 88 75
leaf_count=82 714 85 109 495 650 3959 2227 105 86 103 288 66 60 61 172 61 109 73 70 451 68 60 824 317 95 66 94 74 122 127 183 78 61 61 155 141 88 75
internal_value=-6.16816e-05 -0.00047048 -0.000253149 -7.01769e-05 -0.000430508 0.000257093 -0.0015468 0.0015301 -5.39449e-05 -0.00404799 -0.000672653 0.000249726 0.00171629 -0.00380989 -0.00280211 0.0024756 0.00336839 0.00132575 0.00226674 0.00454127 -0.00111024 -0.00226745 0.00217398 0.00335855 -0.00233714 -0.00333465 -0.00556711 0.00135466 -0.00254349 -0.00362864 0.00137579 -0.00497133 -0.000978646 0.00512579 0.00223229 -0.00127005 -0.00120514 -0.00721508
internal_weight=12715 10119 9504 9070 7550 4673 2877 2596 971 434 885 659 1520 615 479 1625 911 714 521 573 300 232 1319 390 325 226 179 338 188 222 471 144 131 512 264 201 193 136
internal_count=12715 10119 9504 9070 7550 4673 2877 2596 971 434 885 659 1520 615 479 1625 911 714 521 573 300 232 1319 390 325 226 179 338 188 222 471 144 131 512 264 201 193 136
is_linear=0
shrinkage=0.02


Tree=50
num_leaves=40
num_cat=0
split_feature=38 34 37 35 37 30 38 17 3 31 26 17 13 30 17 35 41 9 40 40 38 2 20 40 43 30 40 33 41 46 17 11 41 37 31 39 10 26 9
split_gain=20.9997 20.1589 11.3131 11.1446 11.5118 9.75596 10.8403 10.6264 9.25969 11.2427 8.26053 7.99845 6.63596 6.50967 6.04943 5.62557 4.51155 5.18928 3.68509 5.19214 3.59513 3.39791 3.70373 3.26465 2.66538 2.54444 2.36696 2.34431 2.28062 1.92954 1.86831 1.585 1.46244 1.33706 1.33317 1.26321 1.17946 1.12421 0.693621
threshold=-0.049811685457825654 0.14411457628011706 0.0066867151763290176 0.22511449456214908 0.0090392800047993677 -0.35012269020080561 -0.16737131774425504 0.29966948926448828 0.12162828445434572 2.055428266525269 0.019189310260117057 -0.23439563065767285 -0.13511697947978971 -0.24291629344224927 0.95048654079437267 0.2154425382614136 0.53210151195526134 0.034171482548117645 0.93010607361793529 1.1509618759155276 -0.075041260570287691 -0.28105409443378443 0.051499178633093841 1.1426841616630556 -0.20573949813842771 0.037411326542496688 0.71992748975753795 0.0044435882009565839 0.66334629058837902 0.19057226926088336 1.2788254618644717 0.012502784840762617 0.50550198554992687 0.01289518876001239 2.5513314008712773 0.70078405737876903 0.03467219881713391 0.04077358357608319 0.02552034612745047
decision_type=2 2 2 2 2 2 2 2 2 2 2 2 2 2 2 2 2 2 2 2 2 2 2 2 2 2 2 2 2 2 2 2 2 2 2 2 2 2 2
left_child=3 2 -2 4 18 21 7 -7 11 10 -10 24 -8 -13 16 -11 17 26 31 28 36 -6 -23 30 -4 29 -3 -22 -20 -18 34 35 -21 -27 -16 -1 37 38 -5
right_child=1 14 8 20 5 6 12 -9 9 15 -12 13 -14 -15 23 -17 25 -19 19 32 27 22 -24 -25 -26 33 -28 -29 -30 -31 -32 -33 -34 -35 -36 -37 -38 -39 -40
leaf_value=5.6249956625538912e-05 0.0056195636282601715 0.00054632542260102369 -0.00059318906082331236 0.005987244728600254 0.0055743922431212966 -0.0022834351928789675 -0.001720944112983969 0.0037565977240792306 -0.0021847687514937905 -0.0049806487652247402 0.00052707004377590199 -0.0013327461685314534 0.00025511863898816168 -0.0040291693120311665 -0.0033186509253626518 -0.0014806184678056906 -0.00054499930323546994 -0.0015622364201812774 0.0075500732836366272 0.0035364964036414255 0.0038183851886141513 0.00024328379085766048 0.0022526095239185327 0.0021226685220499834 0.0041223181599987224 0.00081390688612229282 0.0047762526489919677 -0.00081057851394622505 0.0028778989081320637 0.0028005482016962013 -0.0051881404821819896 -0.000969984903069086 -0.00047779620867446964 -0.0014126975457836391 0.00058680535102883982 0.0033602526849526638 0.0022867543979350909 0.0072896755041820666 0.0034897490131102155
leaf_weight=71 86 64 145 71 75 159 1693 415 610 326 1679 535 1132 1114 63 427 89 74 156 62 67 717 753 72 68 222 346 114 65 284 76 85 80 204 72 134 101 67 200
leaf_count=71 86 64 145 71 75 159 1693 415 610 326 1679 535 1132 1114 63 427 89 74 156 62 67 717 753 72 68 222 346 114 65 284 76 85 80 204 72 134 101 67 200
internal_value=-3.97669e-05 -0.000829355 -0.00145055 0.000792713 0.000509759 0.000179123 -0.0004197 0.00207858 -0.0015781 -0.000896233 -0.000197091 -0.00268831 -0.000929336 -0.00315896 0.00114841 -0.00301098 0.00173215 0.00325097 0.00299929 0.00433709 0.0033307 0.00149544 0.00127572 -0.00148491 0.000943947 0.000802142 0.00412716 0.00093179 0.00623732 0.00200164 -0.0027331 0.00129406 0.00130493 -0.000252446 -0.00126102 0.00223806 0.00430447 0.00487904 0.00420611
internal_weight=12773 6556 4990 6217 5597 4944 3399 574 4904 3042 2289 1862 2825 1649 1566 753 1283 484 653 363 620 1545 1470 283 213 799 410 181 221 373 211 290 142 426 135 205 439 338 271
internal_count=12773 6556 4990 6217 5597 4944 3399 574 4904 3042 2289 1862 2825 1649 1566 753 1283 484 653 363 620 1545 1470 283 213 799 410 181 221 373 211 290 142 426 135 205 439 338 271
is_linear=0
shrinkage=0.02


Tree=51
num_leaves=41
num_cat=0
split_feature=38 40 31 40 30 19 13 35 26 17 20 40 30 35 44 41 40 20 31 30 26 2 13 37 37 40 40 30 30 42 13 47 34 40 40 1 5 47 40 42
split_gain=21.3854 17.3032 16.9143 14.8256 9.94642 14.2242 8.45422 7.58008 8.31602 6.00977 5.59725 5.1713 5.24419 4.60733 4.37377 4.33212 5.43483 4.11695 4.29722 3.88602 3.83299 3.52158 2.82842 2.77873 3.39397 2.38935 2.2456 2.19789 2.06747 2.05015 1.96984 1.77661 1.71179 1.56981 1.43117 1.40282 1.26747 1.21969 1.10361 0.563314
threshold=-0.11751413717865943 1.3080088496208193 3.1912735700607304 0.66295796632766735 -0.35905937850475306 0.0056514353491365918 -0.11354198679327963 -0.10675429180264472 0.037968639284372337 0.091788396239280715 -0.084511503577232347 1.5033391714096072 -0.0044801868498325339 0.15930587798357013 0.023713683709502224 0.57648310065269481 0.82366168498992931 0.016257722862064842 2.0165818929672246 -0.43113437294960016 0.017057271674275402 -0.25778657197952265 -0.14694797992706296 0.022662520408630375 0.0090176579542458075 0.71135449409484874 1.3635550737380984 0.53899490833282482 -0.020833394490182396 0.021337593905627731 -0.22485066205263135 0.78154808282852184 0.051445227116346366 1.0011192560195925 0.88135215640068065 0.0073841994162648925 0.27228303253650671 0.48606015741825109 1.0140563249588015 -0.040292304009199136
decision_type=2 2 2 2 2 2 2 2 2 2 2 2 2 2 2 2 2 2 2 2 2 2 2 2 2 2 2 2 2 2 2 2 2 2 2 2 2 2 2 2
left_child=7 2 3 9 20 -6 -4 8 10 37 19 12 26 -11 -8 -12 -17 23 25 -1 -5 -10 36 24 33 -19 -3 -16 -25 -26 -20 -23 -24 -9 -32 -27 -14 -2 -21 -13
right_child=1 11 6 4 5 -7 14 17 21 13 15 39 22 -15 27 16 -18 18 30 38 -22 31 32 28 29 35 -28 -29 -30 -31 34 -33 -34 -35 -36 -37 -38 -39 -40 -41
leaf_value=0.00026710659146986221 0.0022347884486035373 -0.007901080878608557 -0.0089924347750428655 -0.00023842585000872447 -0.0017796511690257736 0.00037539884245058801 0.0020323556154912365 0.0005074976117634732 0.0062762069514580065 -0.0049058006878066928 -0.003853280269095431 -0.0051080064830021001 -0.00080172577081248175 -0.0016587238637784157 -0.0047090893843952496 0.0046091190112786274 -0.00034085348873092228 0.00016780768286485173 -0.0024668842152884558 -0.0036086802184041858 0.0020162414178164696 -0.0012135423850268127 -0.0051153560312805881 0.0059087749173598629 -0.0019349638793336897 0.0045494647373371276 -0.0031191267672035358 -0.00042652066942194805 0.00092378182314735446 0.001742084149180389 0.0039257111210814297 0.0034190341081956157 -0.0010765520524546768 0.0042894114651211091 0.00019174355544457469 0.002753617627614531 0.0031710137065213456 -0.0012939451714120214 -0.0076122051538173655 -0.0083995782231659072
leaf_weight=63 101 80 105 385 1646 4762 66 87 97 365 89 61 61 344 193 115 355 74 60 66 1367 61 68 67 231 544 89 65 67 79 65 66 110 89 106 290 62 60 65 78
leaf_count=63 101 80 105 385 1646 4762 66 87 97 365 89 61 61 344 193 115 355 74 60 66 1367 61 68 67 231 544 89 65 67 79 65 66 110 89 106 290 62 60 65 78
internal_value=-4.82197e-05 -0.000474445 -0.000263377 -7.82841e-05 0.000186558 -0.000178579 -0.00412948 0.00151865 0.000104302 -0.00255557 -0.000902978 -0.00373376 -0.00269722 -0.00334538 -0.00248242 0.000116279 0.000889747 0.00230214 0.00301552 -0.00380203 0.00152065 0.00346197 -0.00108893 0.00098178 0.00026865 0.00363369 -0.00548691 -0.00365128 0.00349839 -0.000986999 0.00056596 0.00120959 -0.0026842 0.00246537 0.00166005 0.00393831 0.00122068 0.000914021 -0.00572857 -0.00710055
internal_weight=12804 10068 9459 9030 8160 6408 429 2736 977 870 753 609 470 709 324 559 470 1759 1139 194 1752 224 301 620 486 908 169 258 134 310 231 127 178 176 171 834 123 161 131 139
internal_count=12804 10068 9459 9030 8160 6408 429 2736 977 870 753 609 470 709 324 559 470 1759 1139 194 1752 224 301 620 486 908 169 258 134 310 231 127 178 176 171 834 123 161 131 139
is_linear=0
shrinkage=0.02


Tree=52
num_leaves=36
num_cat=0
split_feature=38 34 37 35 36 37 37 38 36 17 34 3 34 47 36 35 17 41 38 30 34 26 35 22 17 44 45 3 4 8 44 47 48 41 46
split_gain=18.6114 20.2833 11.2409 10.808 10.7472 8.28767 9.11342 8.65924 8.19183 16.2865 11.625 8.41978 7.93497 7.84329 5.86897 5.54608 5.02417 4.50186 4.24359 3.16206 2.43072 2.1513 2.85058 1.8159 1.61079 1.96273 1.30909 1.71112 1.26148 1.08528 0.928429 0.914977 1.58714 0.775081 0.690618
threshold=-0.049811685457825654 0.14490271359682086 0.0066867151763290176 0.17836615443229678 0.46091017127037054 0.0089768590405583399 0.026882612146437172 -0.1893995255231857 0.22854358702898028 0.01376036833971739 0.0081228339113295096 0.12162828445434572 -0.0066579668782651416 0.86720469594001781 0.60071957111358654 0.23798348754644397 0.95048654079437267 0.53210151195526134 -0.05930406600236892 0.87372383475303661 -0.028463463298976418 0.017548909410834316 0.38581290841102606 0.89901974797248851 1.376909136772156 0.028715422376990322 0.8479457199573518 -0.056685307994484894 0.68617358803749096 0.040564667433500297 0.014905802439898254 0.86720469594001781 0.67663240432739269 0.48072105646133428 0.65737342834472667
decision_type=2 2 2 2 2 2 2 2 2 2 2 2 2 2 2 2 2 2 2 2 2 2 2 2 2 2 2 2 2 2 2 2 2 2 2
left_child=3 2 -2 4 5 20 7 -7 9 13 12 -12 -10 -4 18 -11 19 -8 31 21 -1 30 -23 -22 25 28 27 -6 -18 -16 -3 32 -5 -21 -29
right_child=1 16 8 14 26 6 17 -9 10 15 11 -13 -14 -15 29 -17 24 -19 -20 33 23 22 -24 -25 -26 -27 -28 34 -30 -31 -32 -33 -34 -35 -36
leaf_value=-0.00085739832942093182 0.0055005630235518176 0.000633054474509801 -0.00056354002523917638 0.004913152390075972 -0.0047006908462265094 0.0030755988208559688 -0.0025124941186545646 -0.00035870299770635874 0.00037183769003550977 -0.0046194330687735919 -0.0027760621444830754 -0.00051854143659463617 0.0075904250733008754 0.0067940014361111975 0.0009850031252212402 -0.0013694327662308371 -0.0029496655334351643 0.0026999875017499641 0.00031001572461555833 0.006447132405662347 0.0027354950317808329 0.0022072324362605619 -0.00059566722167338334 0.0057977720599086714 -0.0040122221947780671 0.0025914783874177371 -0.0056141259221985816 -0.0003890026829415179 0.00066766099911183129 -0.0021827175336928198 -0.0027665282687734044 0.0069872725554255416 0.0019849786248958938 0.0029550742156570775 -0.0028600064506107527
leaf_weight=60 90 63 426 335 84 319 70 3334 160 935 995 1966 96 64 103 276 96 766 112 60 425 848 173 98 60 61 61 128 61 70 60 64 104 61 69
leaf_count=60 90 63 426 335 84 319 70 3334 160 935 995 1966 96 64 103 276 96 766 112 60 425 848 173 98 60 61 61 128 61 70 60 64 104 61 69
internal_value=-2.98777e-05 -0.000773187 -0.00139085 0.000755092 0.000435561 0.0006677 0.000375162 -5.62497e-05 -0.00152045 -0.00264241 -0.000924986 -0.00127953 0.00313923 0.000430912 0.0029392 -0.00388476 0.00122969 0.00225492 0.00385087 0.00176443 0.00290504 0.00142982 0.00173097 0.003341 -0.00119289 -0.00036847 -0.00298013 -0.00235155 -0.00155179 -0.000306409 -0.00104373 0.0046308 0.00423991 0.00480882 -0.0012894
internal_weight=12753 6551 5008 6202 5414 5072 4489 3653 4918 1701 3217 2961 256 490 788 1211 1543 836 615 1265 583 1144 1021 523 278 218 342 281 157 173 123 503 439 121 197
internal_count=12753 6551 5008 6202 5414 5072 4489 3653 4918 1701 3217 2961 256 490 788 1211 1543 836 615 1265 583 1144 1021 523 278 218 342 281 157 173 123 503 439 121 197
is_linear=0
shrinkage=0.02


Tree=53
num_leaves=40
num_cat=0
split_feature=38 40 17 40 34 37 35 26 20 40 41 17 40 11 46 30 4 20 41 9 20 31 30 41 36 40 15 40 30 34 40 1 40 11 36 40 29 27 29
split_gain=19.4654 15.3714 14.7639 12.9507 9.67567 10.6157 7.83415 9.31134 7.06196 7.03981 5.21591 4.99581 4.54961 4.45041 6.35928 4.14901 3.94974 3.90281 3.86243 4.0391 3.78181 4.33325 3.7648 4.33699 4.11063 2.6602 2.64199 3.13842 3.19373 2.57677 2.4993 2.00858 1.71581 1.69425 1.46163 1.34813 1.18983 1.07903 0.776601
threshold=-0.11751413717865943 1.3080088496208193 1.1301685571670534 0.72322645783424389 -0.037708057090640061 0.023608304560184482 -0.10675429180264472 0.03823473863303662 -0.084511503577232347 1.1455857753753664 0.57648310065269481 -0.27981741726398462 0.81370130181312572 0.011596529744565489 0.14343360066413882 -0.50432568788528431 1.17460572719574 0.45036819577217108 0.59624266624450695 0.043496891856193549 0.022580961696803573 1.9733523130416872 0.076354317367076888 0.72606748342514049 0.31840151548385626 0.47328618168830877 0.18103448301553729 0.99653515219688427 -0.40120433270931238 -0.059732396155595772 1.1966907382011416 0.0011293993447907271 1.0140563249588015 0.028163962066173557 0.36470000445842748 0.88135215640068065 0.054441694170236594 0.00084750296082347642 0.039241159334778793
decision_type=2 2 2 2 2 2 2 2 2 2 2 2 2 2 2 2 2 2 2 2 2 2 2 2 2 2 2 2 2 2 2 2 2 2 2 2 2 2 2
left_child=6 2 3 13 29 -6 7 8 15 16 -10 -3 -12 25 -15 -1 17 -4 -9 -20 26 31 36 24 -24 -2 -8 28 -28 -5 -29 34 -17 35 -22 -23 38 -33 -13
right_child=1 11 9 4 5 -7 20 18 10 -11 12 22 -14 14 -16 32 -18 -19 19 -21 21 33 23 -25 -26 -27 27 30 -30 -31 -32 37 -34 -35 -36 -37 -38 -39 -40
leaf_value=0.00012550387215433699 -0.002923275230950676 0.0014630558721514212 -0.0063822358612101093 -0.00097722223049978595 0.00026907171440267706 0.0035150817001777992 -0.0021319424033690764 -0.00054178159592243344 -0.004091222047752429 0.0016406658199893381 0.0046063743604842682 -0.0060693145740325707 -4.6993044938932623e-05 0.0020052290873229504 -0.0033842575132922619 -0.0033994510967550531 -0.008629281785119982 -0.0022673959107046399 0.0025759236712331822 0.0092196904180455019 0.0050392080771156835 0.0039064542542078659 0.0016527862585910141 -0.0065654489099979396 -0.003781956189411862 0.00088009982429639087 0.0042110472456204579 0.0048633752784132964 -0.00066312954167583747 -0.003837395158469677 0.00041754101162753358 0.0011688436801757728 -0.0080528797398592474 -0.0020859436999849032 0.0026688874523233003 0.00014800595485733127 -0.0076457909142841479 0.0034762083236927156 -0.0026550358088215944
leaf_weight=63 97 69 126 262 6689 426 88 62 93 101 106 63 365 97 742 67 65 352 95 61 384 60 106 79 111 275 64 147 269 247 78 168 76 68 162 99 112 166 61
leaf_count=63 97 69 126 262 6689 426 88 62 93 101 106 63 365 97 742 67 65 352 95 61 384 60 106 79 111 275 64 147 269 247 78 168 76 68 162 99 112 166 61
internal_value=-3.58502e-05 -0.000442358 -0.000245045 -3.13559e-05 0.000273933 0.000464962 0.00145756 3.1759e-05 -0.00100234 -0.00316135 0.000158808 -0.00353606 0.00102068 -0.00195009 -0.00275505 -0.00414285 -0.00406049 -0.00338718 0.00365287 0.00530504 0.00225916 0.00296846 -0.00419088 -0.00263999 -0.00113632 -0.000124426 0.00103404 0.00154384 0.000299908 -0.00238147 0.00335231 0.00360237 -0.0059941 0.000491744 0.00435617 0.00161854 -0.00607432 0.00233932 -0.00449998
internal_weight=12821 10080 9479 8835 7624 7115 2741 988 770 644 564 601 471 1211 839 206 543 478 218 156 1753 1107 532 296 217 372 646 558 333 509 225 880 143 227 546 159 236 334 124
internal_count=12821 10080 9479 8835 7624 7115 2741 988 770 644 564 601 471 1211 839 206 543 478 218 156 1753 1107 532 296 217 372 646 558 333 509 225 880 143 227 546 159 236 334 124
is_linear=0
shrinkage=0.02


end of trees

feature_importances:
source_beta_universe58_252=258
universe58_loo_drawdown_252=163
universe58_loo_log_return_126=148
universe58_loo_log_return_60=143
universe58_loo_realized_volatility_20=140
universe58_loo_log_return_20=110
source_momentum_12_1=90
cross_section_return_dispersion=75
source_return_skewness_60=70
source_distance_from_252_session_low=69
source_correlation_universe58_60=66
cross_section_momentum_252_percentile=53
source_downside_volatility_60=51
source_drawdown_from_252_session_peak=47
source_close_ma200_ratio=42
source_residual_momentum_126=40
cross_section_volatility_60_percentile=34
source_parkinson_volatility_20=33
source_log_return_252=31
source_idiosyncratic_volatility_60=31
cross_section_beta_60_percentile=29
source_beta_universe58_60=28
source_log_return_60=25
source_log_return_126=25
source_realized_volatility_60=20
source_downside_volatility_20=17
universe58_loo_log_return_1=17
cross_section_positive_return_breadth=15
source_max_daily_log_return_20=15
source_realized_volatility_20=11
source_close_ma50_ratio=11
source_adx_14=11
cross_section_momentum_126_percentile=10
source_drawdown_from_60_session_peak=9
cross_section_momentum_20_percentile=9
source_volatility_ratio_20_60=9
source_residual_momentum_20=7
source_rsi_14=6
source_overnight_gap_1=6
source_log_return_5=5
source_bollinger_bandwidth_20=5
source_log_return_20=3
source_intraday_log_range=3
source_bollinger_pct_b_20=3
source_directional_index_spread_14=3
source_log_return_1=2
source_ma5_ma20_ratio=2

parameters:
[boosting: gbdt]
[objective: huber]
[metric: huber]
[tree_learner: serial]
[device_type: cpu]
[data_sample_strategy: bagging]
[data: ]
[valid: ]
[num_iterations: 54]
[learning_rate: 0.02]
[num_leaves: 47]
[num_threads: 12]
[seed: 122058]
[deterministic: 1]
[force_col_wise: 1]
[force_row_wise: 0]
[histogram_pool_size: -1]
[max_depth: 6]
[min_data_in_leaf: 60]
[min_sum_hessian_in_leaf: 0.001]
[bagging_fraction: 0.9]
[pos_bagging_fraction: 1]
[neg_bagging_fraction: 1]
[bagging_freq: 1]
[bagging_seed: 122058]
[bagging_by_query: 0]
[feature_fraction: 0.9]
[feature_fraction_bynode: 1]
[feature_fraction_seed: 122058]
[extra_trees: 0]
[extra_seed: 3056]
[early_stopping_round: 0]
[early_stopping_min_delta: 0]
[first_metric_only: 0]
[max_delta_step: 0]
[lambda_l1: 0.05]
[lambda_l2: 3]
[linear_lambda: 0]
[min_gain_to_split: 0]
[drop_rate: 0.1]
[max_drop: 50]
[skip_drop: 0.5]
[xgboost_dart_mode: 0]
[uniform_drop: 0]
[drop_seed: 5254]
[top_rate: 0.2]
[other_rate: 0.1]
[min_data_per_group: 100]
[max_cat_threshold: 32]
[cat_l2: 10]
[cat_smooth: 10]
[max_cat_to_onehot: 4]
[top_k: 20]
[monotone_constraints: ]
[monotone_constraints_method: basic]
[monotone_penalty: 0]
[feature_contri: ]
[forcedsplits_filename: ]
[refit_decay_rate: 0.9]
[cegb_tradeoff: 1]
[cegb_penalty_split: 0]
[cegb_penalty_feature_lazy: ]
[cegb_penalty_feature_coupled: ]
[path_smooth: 0]
[interaction_constraints: ]
[verbosity: -1]
[saved_feature_importance_type: 0]
[use_quantized_grad: 0]
[num_grad_quant_bins: 4]
[quant_train_renew_leaf: 0]
[stochastic_rounding: 1]
[linear_tree: 0]
[max_bin: 255]
[max_bin_by_feature: ]
[min_data_in_bin: 3]
[bin_construct_sample_cnt: 200000]
[data_random_seed: 122058]
[is_enable_sparse: 1]
[enable_bundle: 1]
[use_missing: 1]
[zero_as_missing: 0]
[feature_pre_filter: 1]
[pre_partition: 0]
[two_round: 0]
[header: 0]
[label_column: ]
[weight_column: ]
[group_column: ]
[ignore_column: ]
[categorical_feature: ]
[forcedbins_filename: ]
[precise_float_parser: 0]
[parser_config_file: ]
[objective_seed: 5851]
[num_class: 1]
[is_unbalance: 0]
[scale_pos_weight: 1]
[sigmoid: 1]
[boost_from_average: 1]
[reg_sqrt: 0]
[alpha: 0.9]
[fair_c: 1]
[poisson_max_delta_step: 0.7]
[tweedie_variance_power: 1.5]
[lambdarank_truncation_level: 30]
[lambdarank_norm: 1]
[label_gain: ]
[lambdarank_position_bias_regularization: 0]
[eval_at: ]
[multi_error_top_k: 1]
[auc_mu_weights: ]
[num_machines: 1]
[local_listen_port: 12400]
[time_out: 120]
[machine_list_filename: ]
[machines: ]
[gpu_platform_id: -1]
[gpu_device_id: -1]
[gpu_use_dp: 0]
[num_gpu: 1]

end of parameters

pandas_categorical:[]
