tree
version=v4
num_class=1
num_tree_per_iteration=1
label_index=0
max_feature_idx=48
objective=quantile
feature_names=source_log_return_1 source_log_return_5 source_log_return_20 source_log_return_60 source_log_return_126 source_log_return_252 source_intraday_log_range source_close_to_open_log_return source_realized_volatility_20 source_realized_volatility_60 source_downside_volatility_20 source_downside_volatility_60 source_drawdown_from_60_session_peak source_drawdown_from_252_session_peak cross_section_momentum_20_percentile cross_section_positive_return_breadth cross_section_return_dispersion source_momentum_12_1 source_ma5_ma20_ratio source_close_ma50_ratio source_close_ma200_ratio source_rsi_14 source_bollinger_pct_b_20 source_bollinger_bandwidth_20 source_adx_14 source_directional_index_spread_14 source_parkinson_volatility_20 source_overnight_gap_1 source_positive_day_ratio_20 source_max_daily_log_return_20 source_return_skewness_60 source_distance_from_252_session_low source_volatility_ratio_20_60 universe58_loo_log_return_1 universe58_loo_log_return_20 universe58_loo_log_return_60 universe58_loo_log_return_126 universe58_loo_realized_volatility_20 universe58_loo_drawdown_252 source_beta_universe58_60 source_beta_universe58_252 source_correlation_universe58_60 source_residual_momentum_20 source_residual_momentum_126 source_idiosyncratic_volatility_60 cross_section_momentum_126_percentile cross_section_momentum_252_percentile cross_section_volatility_60_percentile cross_section_beta_60_percentile
feature_infos=[-0.11604969203472137:0.182477205991745] [-0.54819971323013306:0.44636186957359314] [-1.1351611614227295:1.0206978321075439] [-1.1748896837234497:1.5560240745544434] [-1.0489567518234253:2.3170430660247803] [-1.092519998550415:2.9264204502105713] [0:0.27988538146018982] [-0.16868740320205688:0.25632256269454956] [0.0055763972923159599:0.11531444638967514] [0.0079651456326246262:0.088721774518489838] [0.00095409812638536096:0.092050075531005859] [0.0049325018189847469:0.063900329172611237] [-0.71968960762023926:0] [-0.71968960762023926:0] [0.017241379246115685:1] [0.017241379246115685:1] [0.0096504408866167068:0.043657612055540085] [-1.1019096374511719:2.8910765647888184] [-0.47595494985580444:0.52646303176879883] [-0.62940984964370728:1.3056344985961914] [-0.57781422138214111:3.874976634979248] [0:100] [-0.36075755953788757:1.4870842695236206] [0.022536909207701683:1.7820020914077759] [6.7111873626708984:84.119827270507812] [-54.177944183349609:71.899559020996094] [0.0063288267701864243:0.099167443811893463] [-0.22113896906375885:0.095378585159778595] [0.10000000149011612:0.89999997615814209] [0.005115102045238018:0.18252909183502197] [-3.2178730964660645:3.2514040470123291] [0:18.523586273193359] [0.28278514742851257:1.6446642875671387] [-0.092919811606407166:0.057573974132537842] [-0.39400303363800049:0.26549568772315979] [-0.32455301284790039:0.55794161558151245] [-0.14465788006782532:0.86915600299835205] [0.005578002892434597:0.041373930871486664] [-0.35748890042304993:0] [-0.96327811479568481:2.3354122638702393] [0.20776782929897308:1.7303366661071777] [-0.25081929564476013:0.94294917583465576] [-1.1516678333282471:1.0071370601654053] [-1.3436253070831299:1.9539748430252075] [0.0059593440964818001:0.072794802486896515] [0.017241379246115685:1] [0.017241379246115685:1] [0.017241379246115685:1] [0.017241379246115685:1]
tree_sizes=1219 885 1249 1068 1067 1157 1157 1251 1069 1527 1248 711 891 1251 980 977 972 980 711 704 891 1253 1338 977 711 1526 1243 1443 974 1073 1338 1161 1435 973 1427 1527 1528 1257 1433 977 707 1247 974 975 1434 1161 1337 976 715 976 1339 982 713 1338 1522 1539 884 1248 974 972 1071 1436 1530 1540 975 1433 1524 1167 976 1520 1246 1546 1243 1336 1355 1252 1346 1520 1531 1518 976 1256 1528 1156 1255 1160 1334 1251 1440 1344 884 1436 1440 1440 1436 883 1354 974 1353 885 1345 1431 1254 989 1249 1437 1350 1071 1442 1443 1536 1346 1363 1535 1155 1254 1449 1537 900 1531 1349 1263 986 1447 884 1446 889 1538 1441 1261 1454 1353 985 1433 1450 1253 1251 1264 1246 1256 1362 981 1345 1528 1355 892 1172 1345 896 1443 1256 1536 1440 979 1540 1256 1258 986 975 1346 1345 1348 891 715 1353 895 1348 982 1160 1442 988 1354 1252 894 1439 980 800 1428 885 979 1158 1174 1450 1176 984 984 1243 985 985 884 1170 1532 805 901 1250 801 1347 902 892 990 1081 988 891 710 894 1163 1262 893 720 1256 983 1432 995 1449 714 1432 1433 986 1362 1255 1443 1430 1535 1258 1338 983 1535 1537 1434 1346 1257 1164 1261 882 1076 1159 1530 1354 1162 1512 1440 1069 888 720 1263 1514 1159 1440 1438 992 976 993 890 1546 986 716 807 1349 994 1262 999 1443 1271 808 1450 1535 989 898 1168 1345 1352 1534 1447 1351 1348 807 982 1531 1455 1363 1448 1357 1543 1448 805 1444 1254 1346 1075 1541 1262 1528 892 1167 805 1435 1356 1082 1167 1357 1357 1437 1454 627 1339 806 719 992 983 896 1537 993 1251 810 718 898 1347 720 1259 801 985 1539 1265 992 894 625 899 1358 1455 721 896 1255 1074 1461 1163 894 991 1537 1070 1533 1250 1270 1367 1544 1542 719 991 1455 898 1446 1155 991 1534 710 1448 1347 990 1357 978 1164 974 1353 1548 719 1254 898 1447 994 984 1446 1261 899 1252 987 1352 988 894 1443 1543 1163 1355 1349 803 1074 1258 1452 1160 1453 898 1260 990 712 717 1083 1549 1159 894 975 718 1262 901 1273 904 1355 1157 975 1540 1360 627 895 891 804 802 1082 901 987 986 900 1452 1261 1550 1532 1256 1168 986 803 1345 900 1539 1537 1089 1075 1351 1073 1441 1261 1348 1173 1173 720 1157 1083 987 1348 1530 1178 1534 802 901 1353 1161 1550 901 1170 899 898 1362 891 1341 981 892 902 1084 722 1266 980 1356 1262 814 1528 897 1274 981 1164 899 1434 990 1528 1446 993 1519 1176 1358 1257 1254 1360 999 984 990 1537 1545 888 898 1184 904 983 1167 1162 719 806 897 1088 628 711 721 893 982 1536 1453 1548 1356 1532 1531 978 1260 1071 1269 902 1257 1359 705 1078 1170 1359 1083 1075 1178 1440 978 1175 997 908 722 888 711 1541 1179 1000 983 985 1456 1248 1075 1455 1263 896 1549 891 1449 1355 1079 896 811 1448 892 1085 625 1353 1091 894 1448 891 1272 1445 1352 893 1369 802 811 989 1551 991 721 1265 1537 1261 1164 1357 1176 963 1167 1097 1168 1076 811 1174 1259 805 1537 984 1357 894 1362 1364 1271 1079 1542 1074 1172 1370 883 717 1524 804 996 1551 1435 722 893 1264 1542 810 715 989 1076 1168 1269 809 1451 992 1354 1347 1456 1088 900 1091 895 1281 1443 1080 1542 895 1081 997 1170 981 904 895 1530 802 1447 983 1276 1457 1349 1170 897 1265 1450 1275 897 1454 1375 1360 899 807 1183 1260 1544 909 1081 1453 1549 985 1447 1262 1365 722 898 1178 986 1449 1073 1269 993 1353 1454 806 894 1449 898 901 808 1076 1354 906 1359 896 1551 1262 1457 908 1535 1451 998 1173 991 809 1350 894 816 994 991 1268 892 1086 904 993 991 1173 983 991 990 1179 1174 1093 1368 1074 1556 1436 709 1536 1452 1184 1262 989 1451 981 1459 901 721 721 1355 809 1277 1446 1174 1357 1174 899 1446 901 1364 1448 1179 998 1271 1176 902 1453 1084 721 905 1366 1243 1450 1544 1468 1169 908 1175 988 1164 1354 1276 1349 1167 1254

Tree=0
num_leaves=12
num_cat=0
split_feature=40 38 13 34 5 25 44 36 16 41 44
split_gain=36.6047 19.7712 18.506 14.3478 11.4768 5.31375 4.39057 3.82148 4.23686 2.37208 1.74324
threshold=1.3232291340827944 -0.049811685457825654 -0.12432457506656645 0.14411457628011706 0.6755434274673463 -0.30445946753025049 0.017147042788565162 0.46494646370410925 0.022393968887627128 0.50809744000434887 0.03130674175918103
decision_type=2 2 2 2 2 2 2 2 2 2 2
left_child=1 7 5 4 -3 -2 -4 9 -9 -1 -5
right_child=2 3 6 10 -6 -7 -8 8 -10 -11 -12
leaf_value=-0.097109444093548714 -0.10451949573273138 -0.09950820056687866 -0.10524480604456106 -0.091538386866946125 -0.10314216998429107 -0.097335706735866431 -0.10988716392026215 -0.10172939031213665 -0.092009138233705934 -0.092992269091747626 -0.10136903515827822
leaf_weight=1065 135 2898 122 1295 1440 180 158 282 279 3946 156
leaf_count=1065 135 2898 122 1295 1440 180 158 282 279 3946 156
internal_value=-0.0985695 -0.0982513 -0.104587 -0.0992735 -0.0999938 -0.100357 -0.10921 -0.0971885 -0.0991329 -0.0969693 -0.097127
internal_weight=11956 11361 595 5789 4338 315 280 5572 561 5011 1451
internal_count=11956 11361 595 5789 4338 315 280 5572 561 5011 1451
is_linear=0
shrinkage=1


Tree=1
num_leaves=8
num_cat=0
split_feature=40 31 13 40 13 30 47
split_gain=34.9135 18.6362 13.0617 11.5878 7.59715 7.19249 3.20044
threshold=1.5033391714096072 3.4057991504669194 -0.12035192176699637 1.3232291340827944 -0.13619397580623624 -0.41039139032363886 0.71515038609504711
decision_type=2 2 2 2 2 2 2
left_child=1 3 -3 5 -5 -1 -4
right_child=-2 2 6 4 -6 -7 -8
leaf_value=0.0049701304435462645 -0.0084367008237164302 -0.009872869743352811 0.0030916487066416296 -0.00019991333417385023 -0.0089683178927375228 0.00052806806239748434 -0.0047454691173394892
leaf_weight=2261 141 120 152 234 202 8790 147
leaf_count=2261 141 120 152 234 202 8790 147
internal_value=5.27922e-05 0.000202229 -0.00494399 0.000392556 -0.00357993 0.000551398 -0.00204359
internal_weight=12047 11906 419 11487 436 11051 299
internal_count=12047 11906 419 11487 436 11051 299
is_linear=0
shrinkage=0.025


Tree=2
num_leaves=12
num_cat=0
split_feature=38 34 11 39 39 5 44 36 35 38 35
split_gain=28.1489 20.4551 12.5766 12.9828 8.43287 5.68507 2.6971 2.39542 2.50686 1.81358 0.50622
threshold=-0.049168424680829041 0.14411457628011706 0.016457310877740387 1.3558334112167361 0.69580107927322399 1.411512076854706 0.03130674175918103 0.46494646370410925 0.19496338069438937 -0.076117679476737962 0.434720128774643
decision_type=2 2 2 2 2 2 2 2 2 2 2
left_child=5 2 3 -2 -4 7 10 9 -9 -1 -3
right_child=1 6 4 -5 -6 -7 -8 8 -10 -11 -12
leaf_value=0.0049726827536727735 -0.0013121933695627085 0.0083285412341996337 -0.0066493762942043712 -0.0040446004178809813 -0.0042548939308235398 -0.006749640376801572 -0.0034735536795724013 -0.0020822282295683264 0.0063167214106776368 0.0010258748588418017 0.00083780726674936618
leaf_weight=4124 2895 1157 208 163 1419 137 159 315 224 1097 171
leaf_count=4124 2895 1157 208 163 1419 137 159 315 224 1097 171
internal_value=-3.83045e-06 -0.00118403 -0.00199494 -0.00104432 -0.00376915 0.0012303 0.00136478 0.00135191 -0.000222886 0.00151574 0.00173575
internal_weight=12069 6172 4685 3058 1627 5897 1487 5760 539 5221 1328
internal_count=12069 6172 4685 3058 1627 5897 1487 5760 539 5221 1328
is_linear=0
shrinkage=0.025


Tree=3
num_leaves=10
num_cat=0
split_feature=40 31 13 38 36 13 22 36 41
split_gain=30.0713 20.3401 19.3167 16.6726 10.3031 9.70364 3.51097 3.09386 2.57701
threshold=1.3232291340827944 3.7748736143112187 -0.12432457506656645 -0.049811685457825654 0.29735016822814947 -0.087865389883518205 0.41490824520587927 0.46494646370410925 0.64304032921791088
decision_type=2 2 2 2 2 2 2 2 2
left_child=1 3 6 7 -5 -3 -2 -1 -4
right_child=2 5 8 4 -6 -7 -8 -9 -10
leaf_value=0.0043581162288611813 -0.0055649378686058607 -0.0095688432137166057 -0.013602745071538212 -0.0030684950355240157 0.00093180855866961643 -0.0033515311699682492 0.0011124687049048859 -0.0011474189738786302 -0.0075873928358693599
leaf_weight=4998 132 121 124 2385 3239 169 178 522 156
leaf_count=4998 132 121 124 2385 3239 169 178 522 156
internal_value=2.73299e-05 0.000312855 -0.00545168 0.000484685 -0.000472331 -0.00616525 -0.00109127 0.00146041 -0.0101535
internal_weight=12024 11434 590 11144 5624 290 310 5520 280
internal_count=12024 11434 590 11144 5624 290 310 5520 280
is_linear=0
shrinkage=0.025


Tree=4
num_leaves=10
num_cat=0
split_feature=40 31 13 38 34 13 40 41 21
split_gain=32.7907 20.9071 17.6716 17.5845 12.9869 9.83179 4.11347 2.70535 2.25722
threshold=1.3232291340827944 3.7748736143112187 -0.14377978444099423 -0.049811685457825654 0.14411457628011706 -0.090086527168750749 1.4666939973831179 0.47043840587139135 50.360843658447273
decision_type=2 2 2 2 2 2 2 2 2
left_child=1 3 8 7 -5 -3 -4 -1 -2
right_child=2 5 6 4 -6 -7 -8 -9 -10
leaf_value=0.00049000552794320094 -0.0042273699422388797 -0.0092477226233304583 -0.0087564973963806057 -0.0020818991146077585 0.0056539593408118068 -0.0031845373777627736 -0.0078852538474855471 0.0045002618905320112 0.0012653834182409051
leaf_weight=858 129 128 206 4296 1384 175 122 4617 150
leaf_count=858 129 128 206 4296 1384 175 122 4617 150
internal_value=-5.1772e-07 0.000299987 -0.0056393 0.000477711 -0.000495822 -0.00612419 -0.00953078 0.00148837 -0.000955106
internal_weight=12065 11458 607 11155 5680 303 328 5475 279
internal_count=12065 11458 607 11155 5680 303 328 5475 279
is_linear=0
shrinkage=0.025


Tree=5
num_leaves=11
num_cat=0
split_feature=40 13 38 34 31 43 40 36 44 22
split_gain=30.0184 18.7038 16.9188 12.2311 12.657 4.63893 4.01143 2.27215 2.26926 2.05411
threshold=1.3232291340827944 -0.14377978444099423 -0.049811685457825654 0.14411457628011706 2.0322006940841679 0.59090504050254833 1.4666939973831179 0.46494646370410925 0.03130674175918103 0.42422178387641912
decision_type=2 2 2 2 2 2 2 2 2 2
left_child=2 9 5 4 -4 7 -3 -1 -5 -2
right_child=1 6 3 8 -6 -7 -8 -9 -10 -11
leaf_value=0.0043926473368262452 -0.0032158838544538966 -0.0081909351643403121 -0.0010357881588536778 0.0065871048489116683 -0.0053876639362878884 -0.0044405569248861581 -0.0088555297588116724 -2.7731611867452476e-05 -0.0030208702365521248 0.0012319590289083062
leaf_weight=4941 120 208 3647 1301 726 149 128 526 160 169
leaf_count=4941 120 208 3647 1301 726 149 128 526 160 169
internal_value=0.000103994 -0.00520833 0.000396661 -0.000545256 -0.00120746 0.00137587 -0.00917522 0.00149603 0.00142991 -0.000497449
internal_weight=12075 625 11450 5834 4373 5616 336 5467 1461 289
internal_count=12075 625 11450 5834 4373 5616 336 5467 1461 289
is_linear=0
shrinkage=0.025


Tree=6
num_leaves=11
num_cat=0
split_feature=40 38 13 34 31 31 40 36 18 44
split_gain=24.9524 17.5823 14.2686 12.4293 14.7622 5.19216 2.80713 2.80592 2.05899 1.8199
threshold=1.3232291340827944 -0.049811685457825654 -0.14377978444099423 0.14411457628011706 2.0322006940841679 3.1912735700607304 1.432354271411896 0.46494646370410925 -0.010166174732148646 0.027587856166064743
decision_type=2 2 2 2 2 2 2 2 2 2
left_child=1 5 8 4 -3 7 -4 -1 -2 -5
right_child=2 3 6 9 -6 -7 -8 -9 -10 -11
leaf_value=0.0042511514202133328 -0.0040277043280700113 -0.0010406817249245456 -0.0069981013440099955 0.0064143146653334654 -0.0055103798171829586 -0.0044695583969539656 -0.0092378778393804994 -0.00090916161888504328 0.00098042215764446573 -0.001074763157891934
leaf_weight=4949 120 3681 149 1131 747 159 172 499 165 327
leaf_count=4949 120 3681 149 1131 747 159 172 499 165 327
internal_value=8.80908e-05 0.00035017 -0.00483429 -0.000603251 -0.00126297 0.00135179 -0.00840874 0.00148336 -0.000711207 0.00139354
internal_weight=12099 11493 606 5886 4428 5607 321 5448 285 1458
internal_count=12099 11493 606 5886 4428 5607 321 5448 285 1458
is_linear=0
shrinkage=0.025


Tree=7
num_leaves=12
num_cat=0
split_feature=40 38 13 34 31 36 16 38 30 13 41
split_gain=23.3723 14.4874 12.7439 10.9218 12.6865 5.16868 3.68579 2.70622 1.68938 1.62396 1.09673
threshold=1.3232291340827944 -0.066811744123697267 -0.14377978444099423 0.14411457628011706 1.134398400783539 0.46494646370410925 0.023985079489648346 -0.018733770586550232 0.092806853353977217 -0.19022581726312635 0.45273120701313024
decision_type=2 2 2 2 2 2 2 2 2 2 2
left_child=1 5 8 4 -3 10 -7 -4 -2 -5 -1
right_child=2 3 7 9 -6 6 -8 -9 -10 -11 -12
leaf_value=0.0011070244207449687 -0.0026362353414799504 2.4458930446658155e-05 -0.0049450839953911249 -0.0016061279492719843 -0.0035905327633154399 -0.0030556392918839109 0.0058156760317140529 -0.0089391896684218337 0.0018209727550858494 0.0056267896195861663 0.0050226214573317694
leaf_weight=568 142 3222 122 188 1935 272 193 205 127 1287 3697
leaf_count=568 142 3222 122 188 1935 272 193 205 127 1287 3697
internal_value=9.72792e-05 0.000351786 -0.00470674 -0.000401348 -0.000944643 0.00140839 -0.00107713 -0.00798569 -0.000625 0.00149071 0.00168179
internal_weight=11958 11362 596 6632 5157 4730 465 327 269 1475 4265
internal_count=11958 11362 596 6632 5157 4730 465 327 269 1475 4265
is_linear=0
shrinkage=0.025


Tree=8
num_leaves=10
num_cat=0
split_feature=40 38 13 12 41 36 5 44 36
split_gain=23.207 15.4273 12.9993 12.1488 7.75834 6.40141 4.50141 3.89527 2.63045
threshold=1.3232291340827944 -0.049811685457825654 -0.19368980824947354 -0.13258507102727887 0.55286127328872692 0.29300558567047125 1.3742053508758547 0.016648469492793087 0.46494646370410925
decision_type=2 2 2 2 2 2 2 2 2
left_child=1 6 -2 4 -3 -5 8 -4 -1
right_child=2 3 7 5 -6 -7 -8 -9 -10
leaf_value=0.0040224599876874899 0.00014217759844864153 -0.0049220294760123628 -0.0049391153614224241 -0.0024743693453543737 -0.0015429459966237494 0.0012462463378713087 -0.0051949672262001775 -0.0086500821358546781 -0.00086395129954998547
leaf_weight=4891 223 385 136 2075 335 3085 148 228 508
leaf_count=4891 223 385 136 2075 335 3085 148 228 508
internal_value=9.39139e-05 0.000344319 -0.00473184 -0.000546941 -0.00357759 -0.000119797 0.00128985 -0.00761179 0.00140937
internal_weight=12014 11427 587 5880 720 5160 5547 364 5399
internal_count=12014 11427 587 5880 720 5160 5547 364 5399
is_linear=0
shrinkage=0.025


Tree=9
num_leaves=15
num_cat=0
split_feature=38 12 46 35 35 5 9 44 4 3 47 3 35 11
split_gain=21.6805 10.7764 7.9925 5.10275 4.65927 11.5918 3.64135 3.36089 4.48804 3.16655 2.99612 2.2898 2.99655 1.45391
threshold=-0.049168424680829041 -0.080760892480611787 0.73275861144065868 0.21008271723985675 0.20559851080179217 1.0843480825424197 0.034171482548117645 0.028543121181428436 0.60069370269775402 0.038527213037014015 0.93360236287117015 0.030908269807696346 0.040947223082184799 0.028848512098193172
decision_type=2 2 2 2 2 2 2 2 2 2 2 2 2 2
left_child=7 2 9 -4 5 -3 -6 11 13 -2 -10 12 -1 -9
right_child=1 4 3 -5 6 -7 -8 8 10 -11 -12 -13 -14 -15
leaf_value=0.0028628416131915367 -0.0036409505288182557 -0.0011809188212095385 -0.0076034541664974269 -0.0048364752051030073 0.0012115779571980881 -0.0069531064485721652 -0.0050028192567055383 -0.00068352563920993513 -0.00089809116768364708 -0.00076982782758157169 -0.0055790190684581846 0.0061047648210889611 -0.0013381040958836538 0.0041747039590318965
leaf_weight=2234 658 1823 197 179 2182 213 338 294 191 591 126 2148 590 290
leaf_count=2234 658 1823 197 179 2182 213 338 294 191 591 126 2148 590 290
internal_value=4.3847e-05 -0.000988724 -0.0027339 -0.00591535 -0.000362585 -0.00125122 0.00035396 0.00113155 -0.00026628 -0.0017514 -0.00264363 0.00138613 0.000911541 0.00102504
internal_weight=12054 6181 1625 376 4556 2036 2520 5873 901 1249 317 4972 2824 584
internal_count=12054 6181 1625 376 4556 2036 2520 5873 901 1249 317 4972 2824 584
is_linear=0
shrinkage=0.025


Tree=10
num_leaves=12
num_cat=0
split_feature=40 38 5 38 17 35 4 41 43 40 36
split_gain=22.4514 13.8956 9.47674 9.47151 8.19818 7.80121 7.06037 3.74047 3.53855 2.07889 2.01659
threshold=1.3232291340827944 -0.048177722841501229 0.1380484998226166 -0.052614752203226083 1.1189377307891848 0.21008271723985675 0.11552209779620172 0.50809744000434887 0.39570516347885137 1.4666939973831179 0.46494646370410925
decision_type=2 2 2 2 2 2 2 2 2 2 2
left_child=1 7 -2 -4 6 -6 -3 8 -1 -5 -9
right_child=2 4 3 9 5 -7 -8 10 -10 -11 -12
leaf_value=0.0013601548005207145 0.00060331274829938844 -0.002629121869281598 -0.0035031316278069575 -0.0076538578646493747 -0.0088633598727756464 -0.0024124687685206782 0.00079034409761961964 0.004479470401500857 -0.0038426253518947756 -0.0069558416899200481 3.9037361727481294e-05
leaf_weight=964 144 1504 154 164 150 285 3771 3994 241 128 467
leaf_count=964 144 1504 154 164 150 285 3771 3994 241 128 467
internal_value=8.00895e-05 0.000328069 -0.00465336 -0.00643847 -0.000541338 -0.00382102 -0.000266335 0.00120503 -2.58264e-05 -0.00905303 0.00153857
internal_weight=11966 11376 590 446 5710 435 5275 5666 1205 292 4461
internal_count=11966 11376 590 446 5710 435 5275 5666 1205 292 4461
is_linear=0
shrinkage=0.025


Tree=11
num_leaves=6
num_cat=0
split_feature=40 46 35 34 36
split_gain=24.3065 15.4033 9.24921 8.08888 1.33213
threshold=1.5033391714096072 0.99137932062149059 0.040947223082184799 0.14411457628011706 0.47109559178352362
decision_type=2 2 2 2 2
left_child=1 2 4 -4 -1
right_child=-2 -3 3 -5 -6
leaf_value=0.0036456029459452383 -0.0075858923058301974 -0.0075625045807923251 -0.00098944378509224946 0.0049267316804644228 -0.0013795135944856807
leaf_weight=3629 138 209 6354 1536 131
leaf_count=3629 138 209 6354 1536 131
internal_value=0.000113419 0.000237378 0.000359824 -0.000125871 0.00137948
internal_weight=11997 11859 11650 7890 3760
internal_count=11997 11859 11650 7890 3760
is_linear=0
shrinkage=0.025


Tree=12
num_leaves=8
num_cat=0
split_feature=46 35 30 3 4 45 3
split_gain=11.9484 9.2794 8.18763 7.73465 2.10255 1.53117 0.856867
threshold=0.99137932062149059 0.040947223082184799 -0.44224575161933893 -0.059565704315900796 0.72054967284202587 0.54310345649719249 -0.017706964164972302
decision_type=2 2 2 2 2 2 2
left_child=1 4 6 -4 5 -1 -3
right_child=-2 2 3 -5 -6 -7 -8
leaf_value=0.0019753433334567193 -0.0077288015855755485 0.00063012513663361549 -0.0032191884908133734 -0.0006746890586710008 -0.0017183987461230456 0.0049026795856834463 0.0049213715116330952
leaf_weight=1996 208 269 509 6302 158 1657 964
leaf_count=1996 208 269 509 6302 158 1657 964
internal_value=0.000122328 0.000228183 -0.000252671 -0.000592906 0.00124378 0.00136721 0.00161652
internal_weight=12063 11855 8044 6811 3811 3653 1233
internal_count=12063 11855 8044 6811 3811 3653 1233
is_linear=0
shrinkage=0.025


Tree=13
num_leaves=12
num_cat=0
split_feature=38 34 31 35 4 31 30 37 13 9 23
split_gain=17.2985 13.8696 14.6364 12.1084 7.33704 3.7679 1.64023 2.21962 1.59529 0.896795 0.768855
threshold=-0.049168424680829041 0.14411457628011706 1.6054008603096011 0.20723006874322894 0.12699592113494876 3.2918670177459721 -0.35012269020080561 0.0092462850734591501 -0.16478354483842847 0.032602420076727874 0.091495916247367873
decision_type=2 2 2 2 2 2 2 2 2 2 2
left_child=5 2 4 -4 -2 6 10 -8 -3 -10 -1
right_child=1 8 3 -5 -6 -7 7 -9 9 -11 -12
leaf_value=0.0026059554640718314 -0.002503530464809433 -0.0012579037467717053 -0.0065657310033290636 -0.0025730925824703921 0.00068010149356379803 -0.0044820804633571567 0.010980808190767306 0.0011070527751557899 0.0064677052845680668 0.001311631503021226 0.0058593703311637692
leaf_weight=250 1485 218 530 702 1979 154 631 3319 962 300 1548
leaf_count=250 1485 218 530 702 1979 154 631 3319 962 300 1548
internal_value=9.42441e-05 -0.00082976 -0.00149516 -0.00383084 -0.000658331 0.00106209 0.001167 0.000877054 0.00127525 0.00161701 0.00179631
internal_weight=12078 6176 4696 1232 3464 5902 5748 3950 1480 1262 1798
internal_count=12078 6176 4696 1232 3464 5902 5748 3950 1480 1262 1798
is_linear=0
shrinkage=0.025


Tree=14
num_leaves=9
num_cat=0
split_feature=40 46 13 38 12 40 25 41
split_gain=22.7373 13.4852 10.8028 9.5524 6.35365 4.7679 2.44617 1.88195
threshold=1.3232291340827944 0.99137932062149059 -0.14377978444099423 -0.049168424680829041 -0.13258507102727887 1.4666939973831179 1.0000000180025095e-35 0.50809744000434887
decision_type=2 2 2 2 2 2 2 2
left_child=1 3 6 7 -5 -4 -2 -1
right_child=2 -3 5 4 -6 -7 -8 -9
leaf_value=0.00060192461959991065 -0.0038486110828606342 -0.0063576729064665346 -0.0065190322498676553 -0.003302852038343804 0.00018141150708869851 -0.0073639179358198047 0.0011216108276988028 0.0035995455131125238
leaf_weight=1121 120 213 210 664 5015 127 145 4404
leaf_count=1121 120 213 210 664 5015 127 145 4404
internal_value=0.000119865 0.000370885 -0.00459432 0.000491012 -0.000228052 -0.00753289 -0.000763889 0.00123079
internal_weight=12019 11417 602 11204 5679 337 265 5525
internal_count=12019 11417 602 11204 5679 337 265 5525
is_linear=0
shrinkage=0.025


Tree=15
num_leaves=9
num_cat=0
split_feature=40 46 13 38 34 40 22 36
split_gain=21.0448 12.845 12.0863 10.0219 9.10151 3.65263 2.71356 2.33887
threshold=1.3232291340827944 0.99137932062149059 -0.12806834280490872 -0.048752663657069199 0.14411457628011706 1.432354271411896 0.41490824520587927 0.46494646370410925
decision_type=2 2 2 2 2 2 2 2
left_child=1 3 6 7 -5 -4 -2 -1
right_child=2 -3 5 4 -6 -7 -8 -9
leaf_value=0.0035425085015391832 -0.0039858201896838417 -0.0068270962054099993 -0.0063079824235625914 -0.0015032448102161415 0.0046858007637990209 -0.0075863971518053026 0.0011453922727160224 -0.00059786997958482862
leaf_weight=4977 133 209 144 4235 1403 164 184 550
leaf_count=4977 133 209 144 4235 1403 164 184 550
internal_value=0.000111734 0.000358445 -0.00433532 0.000475045 -0.000265594 -0.00782348 -0.000857919 0.00123125
internal_weight=11999 11374 625 11165 5638 308 317 5527
internal_count=11999 11374 625 11165 5638 308 317 5527
is_linear=0
shrinkage=0.025


Tree=16
num_leaves=9
num_cat=0
split_feature=40 13 31 35 35 31 39 30
split_gain=17.2368 12.3862 11.3239 6.14744 7.91917 4.13549 1.84484 1.66418
threshold=1.3232291340827944 -0.12806834280490872 4.4905183315277108 0.040947223082184799 0.21891198307275775 1.6648983955383303 1.042510509490967 0.092806853353977217
decision_type=2 2 2 2 2 2 2 2
left_child=2 7 3 6 -5 -3 -1 -2
right_child=1 5 -4 4 -6 -7 -8 -9
leaf_value=0.0021138874216541054 -0.0025248831730382837 -0.0033190255236678029 -0.0069476096304404659 -0.0012203091784901807 0.0021511343325432827 -0.011230986144731142 0.004869434134191942 0.0023155266802658294
leaf_weight=2384 169 184 214 4264 3315 123 1235 136
leaf_count=2384 169 184 214 4264 3315 123 1235 136
internal_value=0.000116697 -0.00395259 0.000337107 0.000447536 4.16997e-05 -0.00745593 0.0012945 -0.000342742
internal_weight=12024 612 11412 11198 7579 307 3619 305
internal_count=12024 612 11412 11198 7579 307 3619 305
is_linear=0
shrinkage=0.025


Tree=17
num_leaves=9
num_cat=0
split_feature=40 46 13 38 34 19 10 40
split_gain=18.6479 11.5719 10.8428 8.81485 9.75448 3.34231 2.30492 1.63147
threshold=1.3232291340827944 0.99137932062149059 -0.12806834280490872 -0.049168424680829041 0.14411457628011706 0.10684205591678621 0.02009154669940472 0.49287867546081549
decision_type=2 2 2 2 2 2 2 2
left_child=1 3 6 7 -5 -4 -2 -1
right_child=2 -3 5 4 -6 -7 -8 -9
leaf_value=-0.0012081169636492411 0.00072929809243329298 -0.0070714611172184669 -0.0073402170945658599 -0.0013361111669439119 0.0048189351415884492 -0.0058695692232923133 -0.0046308936287933469 0.0030377147426556804
leaf_weight=214 179 201 160 4244 1443 145 120 5270
leaf_count=214 179 201 160 4244 1443 145 120 5270
internal_value=0.000100889 0.000329503 -0.00416051 0.000438104 -0.000250571 -0.00743952 -0.000727796 0.00115299
internal_weight=11976 11372 604 11171 5687 305 299 5484
internal_count=11976 11372 604 11171 5687 305 299 5484
is_linear=0
shrinkage=0.025


Tree=18
num_leaves=6
num_cat=0
split_feature=40 46 38 34 41
split_gain=14.8336 13.6575 11.3309 10.8741 1.78561
threshold=1.5033391714096072 0.99137932062149059 -0.049168424680829041 0.14411457628011706 0.47043840587139135
decision_type=2 2 2 2 2
left_child=1 2 4 -4 -1
right_child=-2 -3 3 -5 -6
leaf_value=0.00017291078606768812 -0.0057822780876992733 -0.0067218276733746786 -0.0017160260103431238 0.0044173436929434576 0.0031467580774402386
leaf_weight=874 141 209 4505 1456 4851
leaf_count=874 141 209 4505 1456 4851
internal_value=0.000102463 0.000200105 0.000315093 -0.000446907 0.00110929
internal_weight=12036 11895 11686 5961 5725
internal_count=12036 11895 11686 5961 5725
is_linear=0
shrinkage=0.025


Tree=19
num_leaves=6
num_cat=0
split_feature=40 46 38 34 41
split_gain=15.1478 12.3365 10.898 9.9175 2.75074
threshold=1.5033391714096072 0.99137932062149059 -0.049168424680829041 0.14313192665576938 0.44396075606346136
decision_type=2 2 2 2 2
left_child=1 2 4 -4 -1
right_child=-2 -3 3 -5 -6
leaf_value=-0.00033313846903013962 -0.005640995121201124 -0.0062313528964486366 -0.0016417027000305371 0.004283901441660137 0.0032535753333126
leaf_weight=721 144 214 4461 1491 4971
leaf_count=721 144 214 4461 1491 4971
internal_value=0.000143562 0.000243509 0.00035443 -0.000392605 0.00113634
internal_weight=12002 11858 11644 5952 5692
internal_count=12002 11858 11644 5952 5692
is_linear=0
shrinkage=0.025


Tree=20
num_leaves=8
num_cat=0
split_feature=40 44 5 38 34 38 43
split_gain=15.796 10.3738 7.9782 6.44316 8.02815 5.75553 2.25934
threshold=1.5033391714096072 0.027587856166064743 1.6656902432441714 -0.032719317823648446 0.14313192665576938 -0.10327520594000815 -0.27341382205486292
decision_type=2 2 2 2 2 2 2
left_child=1 3 5 6 -5 -3 -1
right_child=-2 2 -4 4 -6 -7 -8
leaf_value=-0.00015209575038838661 -0.0061011980265036382 0.0027450402396617265 -0.006752142408026531 -0.0013584870852404046 0.0053673996935559437 -0.0031228540031045704 0.003322892739381958
leaf_weight=817 143 573 140 3008 1103 1472 4708
leaf_count=817 143 573 140 3008 1103 1472 4708
internal_value=0.000100572 0.000202626 -0.00134989 0.000555829 -0.000192238 -0.000942073 0.00111325
internal_weight=11964 11821 2185 9636 4111 2045 5525
internal_count=11964 11821 2185 9636 4111 2045 5525
is_linear=0
shrinkage=0.025


Tree=21
num_leaves=12
num_cat=0
split_feature=38 40 45 34 13 36 16 47 16 31 44
split_gain=12.4958 11.8671 11.304 7.40893 5.24963 2.80264 2.99118 1.94198 1.87671 1.13623 1.26979
threshold=-0.072625271975994096 1.3354960680007937 0.99137932062149059 0.14411457628011706 -0.12806834280490872 0.46494646370410925 0.023985079489648346 0.52457812428474437 0.020047869533300403 0.034507069736719138 0.029032828286290172
decision_type=2 2 2 2 2 2 2 2 2 2 2
left_child=5 2 3 -2 -3 9 7 -7 -6 -1 -11
right_child=1 4 -4 -5 8 6 -8 -9 -10 10 -12
leaf_value=-0.0013871286898384091 -0.0010733218014182808 -0.0011115887165127809 -0.0058397953702245212 0.004348566337923747 -0.0037156752818988618 -0.0012495010523055692 0.0066776348259977667 -0.0039835812043694649 -0.0085910711118919476 0.0039301646612199337 0.00046491344003343527
leaf_weight=135 5252 139 127 1506 120 154 179 131 126 3576 593
leaf_count=135 5252 139 127 1506 120 154 179 131 126 3576 593
internal_value=7.17223e-05 -0.000579897 -0.000338353 -0.000195734 -0.00482372 0.00106615 -0.000764925 -0.00234914 -0.00698705 0.00126566 0.00133954
internal_weight=12038 7270 6885 6758 385 4768 464 285 246 4304 4169
internal_count=12038 7270 6885 6758 385 4768 464 285 246 4304 4169
is_linear=0
shrinkage=0.025


Tree=22
num_leaves=13
num_cat=0
split_feature=38 40 17 35 34 31 44 31 43 43 39 40
split_gain=13.0301 13.4207 8.70587 8.43751 6.45637 5.71998 4.12894 6.50147 2.53404 1.93738 2.44693 1.40095
threshold=-0.049811685457825654 1.3232291340827944 1.1189377307891848 0.21008271723985675 0.14411457628011706 1.5166607499122622 0.032970510423183448 1.5439035296440127 0.38963606953620916 -0.26512935757637018 0.88631597161293041 1.3232291340827944
decision_type=2 2 2 2 2 2 2 2 2 2 2 2
left_child=6 2 4 -4 -2 -3 9 -8 -9 10 -1 -11
right_child=1 5 3 -5 -6 -7 7 8 -10 11 -12 -13
leaf_value=-0.0024828489372436032 -0.00095111907004070137 -0.002200299113736899 -0.0073063644339308054 -0.0021291390539526084 0.0042934268274778392 -0.010481536204063861 0.0033523925855214257 -0.00080099778180014927 -0.0046312437228281508 0.0036814324517701496 0.00089824634333831243 -0.0012442616773079183
leaf_weight=259 4075 218 154 295 1304 122 202 134 157 4449 492 191
leaf_count=259 4075 218 154 295 1304 122 202 134 157 4449 492 191
internal_value=0.000105644 -0.000696379 -0.000411238 -0.00373623 -0.000129318 -0.00548913 0.000947317 -0.00122741 -0.0036022 0.0011483 -2.14946e-05 0.00133881
internal_weight=12052 6168 5828 449 5379 340 5884 493 291 5391 751 4640
internal_count=12052 6168 5828 449 5379 340 5884 493 291 5391 751 4640
is_linear=0
shrinkage=0.025


Tree=23
num_leaves=9
num_cat=0
split_feature=40 31 38 34 13 19 41 22
split_gain=12.4519 11.5675 8.46679 7.72906 7.21486 2.96908 2.94976 2.08017
threshold=1.3232291340827944 4.4905183315277108 -0.049811685457825654 0.14411457628011706 -0.12806834280490872 0.090902578085660948 0.45273120701313024 0.41490824520587927
decision_type=2 2 2 2 2 2 2 2
left_child=1 2 6 -4 7 -6 -1 -2
right_child=4 -3 3 -5 5 -7 -8 -9
leaf_value=-0.000346252951145659 -0.0038806324747188365 -0.0059144481673657021 -0.0014119461750681278 0.0040766771135992081 -0.0058307810717495769 -0.0044110877283222707 0.003061178914876405 0.0011219982626990003
leaf_weight=779 127 213 4290 1407 147 144 4723 170
leaf_count=779 127 213 4290 1407 147 144 4723 170
internal_value=7.65307e-05 0.000260467 0.000371854 -0.000302745 -0.00345489 -0.00622044 0.00107114 -0.000666391
internal_weight=12000 11412 11199 5697 588 291 5502 297
internal_count=12000 11412 11199 5697 588 291 5502 297
is_linear=0
shrinkage=0.025


Tree=24
num_leaves=6
num_cat=0
split_feature=40 17 30 11 9
split_gain=13.5928 9.77307 7.32439 4.07805 1.41863
threshold=1.5033391714096072 1.4812478423118594 -0.35012269020080561 0.016217282973229889 0.023633828386664394
decision_type=2 2 2 2 2
left_child=1 2 4 -4 -1
right_child=-2 -3 3 -5 -6
leaf_value=0.0012444440830842551 -0.0051156141626091823 -0.0058308179654564633 0.00084354137739281465 -0.00095662868942589642 0.0043383095172932346
leaf_weight=848 143 232 4618 4431 1801
leaf_count=848 143 232 4618 4431 1801
internal_value=2.08024e-05 0.000114684 0.000216932 -0.000121079 0.00137199
internal_weight=12073 11930 11698 9049 2649
internal_count=12073 11930 11698 9049 2649
is_linear=0
shrinkage=0.025


Tree=25
num_leaves=15
num_cat=0
split_feature=31 41 35 34 30 45 13 8 47 38 34 3 13 31
split_gain=12.4243 11.2199 7.65689 8.84702 4.22022 4.27428 4.05398 2.68074 2.65121 1.88391 2.45496 0.694714 1.06631 0.250423
threshold=1.7338141202926638 0.61016863584518444 0.2154425382614136 0.056324915960431106 -0.54728135466575611 0.20983126014471057 -0.13879257440567014 0.020320714451372627 0.27622890472412115 -0.070828016847372041 0.076391145586967482 0.095414139330387129 -0.20720976591110227 1.955366909503937
decision_type=2 2 2 2 2 2 2 2 2 2 2 2 2 2
left_child=4 2 3 -2 11 7 -4 -6 -7 13 -11 12 -1 -3
right_child=1 9 6 -5 5 8 -8 -9 -10 10 -12 -13 -14 -15
leaf_value=0.0047076450264111501 -0.0030828823566506789 0.0035111807200468624 -0.0038345137825915609 -0.0061354606703883843 0.00021374411715217685 0.0033830285038191237 -0.00065129131789684255 -0.0020605106956077201 0.00043407705241815602 -0.0053317496846529084 0.002334388985865543 0.0076263854821287912 0.0013607870441969842 0.0054310359276812702
leaf_weight=636 490 132 120 335 790 1720 714 1046 4335 120 355 474 505 298
leaf_count=636 490 132 120 335 790 1720 714 1046 4335 120 355 474 505 298
internal_value=5.95239e-05 -0.00148258 -0.00270207 -0.00440512 0.000476685 0.000236987 -0.000993742 -0.000816811 0.000557962 0.000748626 -0.000325521 0.00163966 0.00128381 0.00193966
internal_weight=12070 2564 1659 825 9506 7891 834 1836 6055 905 475 1615 1141 430
internal_count=12070 2564 1659 825 9506 7891 834 1836 6055 905 475 1615 1141 430
is_linear=0
shrinkage=0.025


Tree=26
num_leaves=12
num_cat=0
split_feature=40 31 41 36 13 38 3 31 18 31 43
split_gain=12.6034 9.90497 9.4389 12.0659 7.31367 4.20338 4.70336 4.0764 1.65564 1.39593 1.04512
threshold=1.3232291340827944 2.055428266525269 0.61173170804977428 0.29896464943885809 -0.14377978444099423 -0.10327520594000815 0.023786781355738643 1.6834636330604555 -0.0070840131957083932 0.38321316242218023 0.045286174863576896
decision_type=2 2 2 2 2 2 2 2 2 2 2
left_child=1 5 3 -3 8 9 -7 -6 -2 -1 -4
right_child=4 2 10 -5 7 6 -8 -9 -10 -11 -12
leaf_value=0.0012326175888473473 -0.0025687324362686516 -0.0058517253660327218 -0.0011746180798876205 -0.0016225105048597807 -0.0020152593953034017 -0.0010392621306592562 0.0011271017915371005 -0.010785186456584375 0.001240609013791691 0.00475316493462639 0.0046002440384308703
leaf_weight=1066 121 400 148 728 201 1827 4928 126 157 1927 386
leaf_count=1066 121 400 148 728 201 1827 4928 126 157 1927 386
internal_value=0.000129472 0.000317017 -0.00146296 -0.00275706 -0.0033709 0.000621732 0.000274593 -0.00587726 -0.00034894 0.00140135 0.00125928
internal_weight=12015 11410 1662 1128 605 9748 6755 327 278 2993 534
internal_count=12015 11410 1662 1128 605 9748 6755 327 278 2993 534
is_linear=0
shrinkage=0.025


Tree=27
num_leaves=14
num_cat=0
split_feature=38 31 20 36 20 41 31 36 16 26 3 41 3
split_gain=11.5224 10.0183 9.40059 6.97279 6.05237 3.9487 3.58647 3.43876 3.86495 2.32739 1.65068 1.39525 0.978318
threshold=-0.072625271975994096 1.7338141202926638 0.25880980491638189 0.3121714740991593 0.087986841797828688 0.5157909393310548 1.0454068183898928 0.46494646370410925 0.023985079489648346 0.028034516610205177 0.014890164136886598 0.40729318559169775 0.45703676342964178
decision_type=2 2 2 2 2 2 2 2 2 2 2 2 2
left_child=7 4 -3 -4 5 -2 -6 10 9 -9 11 -1 -12
right_child=1 2 3 -5 6 -7 -8 8 -10 -11 12 -13 -14
leaf_value=-0.0016610149441204762 -0.0044432681929730189 -0.0066042665222808359 -0.0041475332903958785 -0.0007689018685827603 0.0020666939175479778 -0.00062888826112875455 -0.00059539078952551951 -0.0011104119432043915 0.0054232392480032818 -0.0038922134799874841 0.0051303698832944923 0.0020353097449559128 -0.0010598662471100609
leaf_weight=157 399 126 552 1137 2258 1314 1444 149 175 128 1680 2330 125
leaf_count=157 399 126 552 1137 2258 1314 1444 149 175 128 1680 2330 125
internal_value=8.58795e-05 -0.000541638 -0.00214629 -0.00163592 -1.15304e-06 -0.0012289 0.000566159 0.00104311 -0.00101477 -0.00284131 0.00126222 0.000837179 0.00184047
internal_weight=11974 7230 1815 1689 5415 1713 3702 4744 452 277 4292 2487 1805
internal_count=11974 7230 1815 1689 5415 1713 3702 4744 452 277 4292 2487 1805
is_linear=0
shrinkage=0.025


Tree=28
num_leaves=9
num_cat=0
split_feature=40 46 38 13 34 25 31 35
split_gain=11.2887 11.2644 6.53054 5.94641 5.73416 3.18397 2.81745 1.22338
threshold=1.3232291340827944 0.99137932062149059 -0.10327520594000815 -0.1499059051275253 0.16881616413593295 -1.4552511572837827 1.5747554898262026 -0.12315919995307921
decision_type=2 2 2 2 2 2 2 2
left_child=1 2 7 5 -4 -2 -5 -1
right_child=3 -3 4 6 -6 -7 -8 -9
leaf_value=0.00060111683783144556 -0.003873674659509939 -0.0057003582424515952 -0.00038942067557702636 -0.0021756325490973395 0.0061702432146551398 0.0018051253691151296 -0.0077687401541213577 0.0040991678670250836
leaf_weight=654 121 217 7018 198 946 159 126 2603
leaf_count=654 121 217 7018 198 946 159 126 2603
internal_value=9.95062e-05 0.000276479 0.000387159 -0.00321634 4.70667e-07 -0.000504386 -0.00549772 0.00132932
internal_weight=12042 11438 11221 604 7964 280 324 3257
internal_count=12042 11438 11221 604 7964 280 324 3257
is_linear=0
shrinkage=0.025


Tree=29
num_leaves=10
num_cat=0
split_feature=40 38 46 13 30 31 18 3 41
split_gain=11.3278 7.95875 9.22192 6.47889 5.31135 3.75029 2.18283 1.50097 0.984996
threshold=1.3232291340827944 -0.10327520594000815 0.99137932062149059 -0.13511697947978971 -0.44224575161933893 1.6648983955383303 -0.0081174164079129679 -0.31594105064868921 0.55883419513702404
decision_type=2 2 2 2 2 2 2 2 2
left_child=1 7 4 6 -3 -5 -2 -1 -9
right_child=3 2 -4 5 -6 -7 -8 8 -10
leaf_value=-0.0012910149420518849 -0.0036440213874260486 0.0034425730206441006 -0.0059220623565612827 -0.0018765479620192584 -0.00052566666121741962 -0.0093793055937995157 0.0013007524007681731 0.0017096162688710369 0.0044256082398855283
leaf_weight=228 129 1225 147 190 6675 123 172 846 2282
leaf_count=228 129 1225 147 190 6675 123 172 846 2282
internal_value=8.82758e-05 0.000267466 -0.000158501 -0.00320477 -4.03225e-05 -0.00569575 -0.000543301 0.00128942 0.00143273
internal_weight=12017 11403 8047 614 7900 313 301 3356 3128
internal_count=12017 11403 8047 614 7900 313 301 3356 3128
is_linear=0
shrinkage=0.025


Tree=30
num_leaves=13
num_cat=0
split_feature=38 46 34 38 5 30 11 44 36 35 5 35
split_gain=10.1837 9.47938 6.21579 6.07926 1.06762 1.71153 3.60965 1.05128 1.43639 0.909571 0.40085 0.239448
threshold=-0.10327520594000815 0.99137932062149059 0.16881616413593295 -0.018733770586550232 0.06974313780665399 -0.36818897724151606 0.023192954249680046 0.031508222222328193 0.15018133819103244 0.41625252366065985 0.65127119421958934 -0.086244590580463396
decision_type=2 2 2 2 2 2 2 2 2 2 2 2
left_child=4 2 3 -2 5 11 -7 10 -9 -4 -6 -1
right_child=1 -3 9 -5 7 6 -8 8 -10 -11 -12 -13
leaf_value=0.0024852137312258086 0.00041911035057156987 -0.0056699909586028418 0.0080834467389366959 -0.0018723365737863679 0.0035483080415836575 0.0013681975080897112 -0.0042478131632391674 0.003081199779051099 -0.001369156271784787 5.8686921746322484e-05 0.0061669751096159004 0.0074202021415131119
leaf_weight=171 3927 144 776 3502 1378 353 125 170 179 156 961 185
leaf_count=171 3927 144 776 3502 1378 353 125 170 179 156 961 185
internal_value=0.000117291 -0.000350323 -0.000238017 -0.000480394 0.00124716 0.00045143 -0.00051501 0.00149044 0.000187147 0.00167956 0.00168142 0.00175554
internal_weight=12027 8505 8361 7429 3522 834 478 2688 349 932 2339 356
internal_count=12027 8505 8361 7429 3522 834 478 2688 349 932 2339 356
is_linear=0
shrinkage=0.025


Tree=31
num_leaves=11
num_cat=0
split_feature=40 41 13 17 34 4 38 25 36 16
split_gain=11.8757 7.40046 7.3607 7.07419 4.75824 2.87959 3.94108 2.51097 2.50209 1.71567
threshold=1.3232291340827944 0.55883419513702404 -0.12806834280490872 1.4812478423118594 0.14313192665576938 0.1990248039364815 -0.032719317823648446 -1.6384117007255552 0.48833210766315466 0.019876984879374508
decision_type=2 2 2 2 2 2 2 2 2 2
left_child=1 3 7 4 -1 6 -3 -2 -7 -4
right_child=2 5 9 -5 -6 8 -8 -9 -10 -11
leaf_value=-0.00093887093377655766 -0.0035301956321270897 0.0018088611587684196 -0.002586281842353281 -0.0056332831224755369 0.0057497012405110992 0.0038427900273836539 -0.0011022243215959031 0.0010082207876190236 0.00027893908522148657 -0.0070926561651128818
leaf_weight=3813 121 2412 143 173 619 2563 1136 187 754 156
leaf_count=3813 121 2412 143 173 619 2563 1136 187 754 156
internal_value=8.16298e-05 0.000263072 -0.00331087 -0.000511117 -0.000312993 0.000783297 0.000285322 -0.000555112 0.00131284 -0.00607319
internal_weight=12077 11470 607 4605 4432 6865 3548 308 3317 299
internal_count=12077 11470 607 4605 4432 6865 3548 308 3317 299
is_linear=0
shrinkage=0.025


Tree=32
num_leaves=14
num_cat=0
split_feature=31 41 35 35 24 4 36 30 31 39 43 35 41
split_gain=9.3765 7.25063 6.55399 9.99734 7.04764 4.89122 5.69039 4.70028 2.35852 2.51113 1.26106 1.06322 0.109936
threshold=1.7338141202926638 0.72133547067642223 0.2154425382614136 0.10275781899690629 23.375610351562504 0.11552209779620172 0.04010071977972985 -0.53645780682563771 1.0454068183898928 0.5259184241294862 -0.18953785300254819 0.078679505735635771 0.75121971964836132
decision_type=2 2 2 2 2 2 2 2 2 2 2 2 2
left_child=5 2 3 -2 -4 6 11 -8 10 -10 -7 -1 -3
right_child=1 12 4 -5 -6 8 7 -9 9 -11 -12 -13 -14
leaf_value=0.0047309177167869183 -0.00070338927354174493 0.0046829928370616704 -0.0054499998098583788 -0.0056661461880696696 0.00079984808121644235 8.7949067805651198e-05 0.0028490873440831649 -0.0018761531920548824 -0.0023617212906173416 0.0010381368580474083 0.0036140969732934183 2.2477478273225964e-05 0.0056415186357556511
leaf_weight=997 538 122 120 579 940 366 619 2113 200 2007 2723 381 246
leaf_count=997 538 122 120 579 940 366 619 2113 200 2007 2723 381 246
internal_value=0.000106327 -0.00123774 -0.00178792 -0.00312054 -0.000369718 0.000471124 -0.000174666 -0.000836226 0.000973166 0.000344146 0.00141928 0.00113069 0.00198056
internal_weight=11951 2545 2177 1117 1060 9406 4110 2732 5296 2207 3089 1378 368
internal_count=11951 2545 2177 1117 1060 9406 4110 2732 5296 2207 3089 1378 368
is_linear=0
shrinkage=0.025


Tree=33
num_leaves=9
num_cat=0
split_feature=40 46 13 38 36 36 25 25
split_gain=10.7515 9.72476 7.9442 5.45776 7.48023 2.39588 1.99955 1.72154
threshold=1.3232291340827944 0.99137932062149059 -0.13511697947978971 -0.028247521258890625 0.29300558567047125 0.46494646370410925 11.099387645721437 1.6475312113761904
decision_type=2 2 2 2 2 2 2 2
left_child=1 3 7 5 -5 -1 -4 -2
right_child=2 -3 6 4 -6 -7 -8 -9
leaf_value=0.0022759050467433344 -0.0021165928976196466 -0.0050520051988898057 -0.0090319735683736368 -0.002505329250747635 0.00082119728132253956 -0.00076755564868083795 -0.004143658536393916 0.0015572654454217702
leaf_weight=5808 138 219 130 1783 2826 727 186 148
leaf_count=5808 138 219 130 1783 2826 727 186 148
internal_value=8.82415e-05 0.00026181 -0.0031528 0.00036584 -0.000291775 0.000830466 -0.0058528 -9.87972e-05
internal_weight=11965 11363 602 11144 4609 6535 316 286
internal_count=11965 11363 602 11144 4609 6535 316 286
is_linear=0
shrinkage=0.025


Tree=34
num_leaves=14
num_cat=0
split_feature=31 41 20 35 30 4 36 3 41 9 41 4 35
split_gain=11.4306 9.93432 11.4991 4.72776 4.61864 4.67781 5.84187 4.49421 0.901326 0.811457 1.43615 0.662471 0.451531
threshold=2.055428266525269 0.61173170804977428 0.33701261878013616 0.2154425382614136 -0.50432568788528431 0.11552209779620172 0.04010071977972985 0.58521619439125072 0.72606748342514049 0.023633828386664394 0.65086185932159435 0.73159390687942516 0.099719431251287474
decision_type=2 2 2 2 2 2 2 2 2 2 2 2 2
left_child=4 2 -2 -4 9 6 -6 -7 11 10 -1 -3 -11
right_child=1 8 3 -5 5 7 -8 -9 -10 12 -12 -13 -14
leaf_value=0.0049293753588197185 -0.006383332920902202 -0.001012808965636942 -0.0040549550508522233 -0.0016446175693007913 0.0018693341136712801 0.0012421651600911746 -0.001850162413896685 -0.0042360128084822672 0.0059491002098595929 0.002784757657546062 -0.00034731433504689338 0.0046942509347889091 0.0083101622783065023
leaf_weight=233 163 211 495 544 1170 4970 2129 135 205 647 346 126 644
leaf_count=233 163 211 495 544 1170 4970 2129 135 205 647 346 126 644
internal_value=7.60003e-05 -0.00179174 -0.00305613 -0.00205579 0.000394372 0.00014315 -0.000589059 0.000617662 0.0010032 0.00151667 0.000712757 0.000179094 0.00186825
internal_weight=12018 1744 1202 1039 10274 8404 3299 5105 542 1870 579 337 1291
internal_count=12018 1744 1202 1039 10274 8404 3299 5105 542 1870 579 337 1291
is_linear=0
shrinkage=0.025


Tree=35
num_leaves=15
num_cat=0
split_feature=31 41 35 34 38 19 29 3 44 17 3 41 43 38
split_gain=9.46646 8.92884 8.50138 8.05248 5.08415 5.22663 4.83231 3.14238 2.29271 1.3844 1.39266 0.999917 0.906918 0.469771
threshold=2.055428266525269 0.60821127891540538 0.21008271723985675 0.057500030845403678 -0.10327520594000815 0.0012174936127848925 0.081114403903484358 0.58521619439125072 0.026712152175605301 0.60016688704490673 0.023786781355738643 0.72606748342514049 0.11542044579982759 -0.11751413717865943
decision_type=2 2 2 2 2 2 2 2 2 2 2 2 2 2
left_child=4 2 3 -2 9 6 -6 -7 -4 10 -1 12 -3 -11
right_child=1 11 8 -5 5 7 -8 -9 -10 13 -12 -13 -14 -15
leaf_value=0.00066303732204966873 -0.0029550171272147915 -0.0019967306378585385 0.0051240816064347505 -0.0054652161050331455 -0.00088220560398198948 0.00084491814189475143 -0.004416173022016536 -0.0035872154249778953 -0.003957820968881115 0.006500816355643914 0.0046889089655842093 0.0056353566337903286 0.00282903297507444 0.0017101317975800952
leaf_weight=1480 344 127 187 239 1763 5081 121 140 435 780 667 210 233 244
leaf_count=1480 344 127 187 239 1763 5081 121 140 435 780 667 210 233 244
internal_value=6.39724e-05 -0.00161868 -0.00283574 -0.00499362 0.000355875 -1.49436e-05 -0.0011428 0.000391552 -0.000779505 0.00118742 0.000818425 0.000945652 0.000119863 0.00194728
internal_weight=12051 1775 1205 583 10276 7105 1884 5221 622 3171 2147 570 360 1024
internal_count=12051 1775 1205 583 10276 7105 1884 5221 622 3171 2147 570 360 1024
is_linear=0
shrinkage=0.025


Tree=36
num_leaves=15
num_cat=0
split_feature=38 31 35 24 38 3 44 41 3 39 35 38 27 41
split_gain=8.66819 7.52775 8.93663 7.21956 6.016 4.70511 4.13601 2.29192 1.23123 1.51994 1.46423 0.745993 0.944252 0.271873
threshold=-0.10327520594000815 1.7338141202926638 0.2033398970961571 21.843753814697269 -0.028247521258890625 0.023786781355738643 0.020101470872759823 0.21283792704343799 0.023786781355738643 1.0983708500862124 -0.12315919995307921 -0.1220044083893299 -0.0010140017839148638 0.74153327941894542
decision_type=2 2 2 2 2 2 2 2 2 2 2 2 2 2
left_child=8 5 4 -4 -3 6 -2 -7 9 10 -1 -10 -13 -11
right_child=1 2 3 -5 -6 7 -8 -9 11 13 -12 12 -14 -15
leaf_value=-0.0013032765366884653 -0.00033906245254775025 -0.0017528921065972935 -0.0049842597067859548 0.00065243629687783628 -0.0053146654283184403 -0.0017560865787956835 -0.003119223801134296 0.0010495506899766424 0.0060036971492947958 0.0061552224746086702 0.0024009508568969915 -0.0019689548144687327 0.00362690857364084 0.0052337436738627363
leaf_weight=424 1353 386 124 1084 408 199 489 4480 877 312 1069 121 364 340
leaf_count=424 1353 386 124 1084 408 199 489 4480 877 312 1069 121 364 340
internal_value=0.000117885 -0.00031206 -0.0016511 -0.00028751 -0.00370307 9.90271e-05 -0.000968462 0.000521189 0.00116351 0.000781977 0.000334613 0.00175475 0.000931123 0.00178653
internal_weight=12030 8523 2002 1208 794 6521 1842 4679 3507 2145 1493 1362 485 652
internal_count=12030 8523 2002 1208 794 6521 1842 4679 3507 2145 1493 1362 485 652
is_linear=0
shrinkage=0.025


Tree=37
num_leaves=12
num_cat=0
split_feature=40 41 11 13 40 45 39 19 38 22 38
split_gain=9.92466 6.62425 11.9406 6.35461 5.72616 2.92236 2.85202 2.67661 1.89083 1.77045 1.3612
threshold=1.3232291340827944 0.56078222393989574 0.019645461812615398 -0.12806834280490872 1.0889607071876528 0.20983126014471057 0.87590640783309948 0.090902578085660948 -0.080179728567600236 0.41490824520587927 -0.047253534197807305
decision_type=2 2 2 2 2 2 2 2 2 2 2
left_child=1 2 8 9 -4 6 -3 -5 -1 -2 -7
right_child=3 5 4 7 -6 10 -8 -9 -10 -11 -12
leaf_value=0.0043093434084080697 -0.0027366929860682429 -0.0023018097176995575 -0.0034290268894702769 -0.0048165203888928306 0.0012484541622957345 0.0033776324486401266 0.0004503805425283532 -0.0039861444332714782 -4.148090540028513e-05 0.0012180884607093274 0.00097915639830210475
leaf_weight=679 129 387 850 150 238 3137 1319 156 2843 180 1983
leaf_count=679 129 387 850 150 238 3137 1319 156 2843 180 1983
internal_value=0.000126182 0.000293571 -0.000437432 -0.00295363 -0.00272072 0.000788135 -0.000104471 -0.0054783 0.000268996 -0.000386146 0.00108659
internal_weight=12051 11436 4610 615 1088 6826 1706 306 3522 309 5120
internal_count=12051 11436 4610 615 1088 6826 1706 306 3522 309 5120
is_linear=0
shrinkage=0.025


Tree=38
num_leaves=14
num_cat=0
split_feature=31 41 20 30 38 12 45 3 4 13 35 0 41
split_gain=8.01357 8.99387 10.6499 4.62827 3.94923 6.32904 3.66594 2.90619 1.00568 1.67607 0.601381 0.187189 0.173043
threshold=2.1390514373779301 0.61555966734886181 0.33701261878013616 -0.48172117769718165 -0.12010642513632773 -0.10679881274700163 0.99137932062149059 -0.20523060113191602 0.20554950088262561 -0.20720976591110227 0.34960561990737921 0.0085453549399971979 0.57466790080070507
decision_type=2 2 2 2 2 2 2 2 2 2 2 2 2
left_child=3 2 -2 8 7 -6 -4 -5 9 -1 11 -3 -10
right_child=1 10 6 4 5 -7 -8 -9 12 -11 -12 -13 -14
leaf_value=0.0043622644368049848 -0.0063438148705109946 0.0020996216680301896 -0.0022550173863853172 -0.001316222575712241 -0.0014842183575623155 0.00057524939510761634 -0.0046647694355685517 0.0039070398367755943 0.0013374761493319108 -7.7364413553843311e-05 -0.00022280641808129282 0.0076620275375836296 0.0072618839493973205
leaf_weight=677 133 208 796 331 1879 4857 139 1368 121 477 126 166 637
leaf_count=677 133 208 796 331 1879 4857 139 1368 121 477 126 166 637
internal_value=0.00013685 -0.00152495 -0.00281803 0.000389901 0.000136997 -0.000134068 -0.00184176 0.00121259 0.00149909 0.00101704 0.00122525 0.00172493 0.0022133
internal_weight=11915 1568 1068 10347 8435 6736 935 1699 1912 1154 500 374 758
internal_count=11915 1568 1068 10347 8435 6736 935 1699 1912 1154 500 374 758
is_linear=0
shrinkage=0.025


Tree=39
num_leaves=9
num_cat=0
split_feature=40 31 16 43 43 40 30 17
split_gain=11.7449 8.2413 5.36948 5.00306 3.73123 3.67231 2.47777 2.10628
threshold=1.5033391714096072 2.055428266525269 0.024560993537306789 0.037458229809999473 -0.19608555734157559 0.72322645783424389 -0.3409303873777389 1.376909136772156
decision_type=2 2 2 2 2 2 2 2
left_child=1 4 3 -3 6 -6 -1 -4
right_child=-2 2 7 -5 5 -7 -8 -9
leaf_value=0.0019684965674180571 -0.0039478996535782475 -0.0058020717319180659 0.00176523389052135 -0.0025683175510938013 -0.00065835631511345228 0.0020125425880589136 -0.00094761492466212622 -0.002701405136019362
leaf_weight=715 141 132 563 903 1175 6431 1764 160
leaf_count=715 141 132 563 903 1175 6431 1764 160
internal_value=8.58079e-05 0.000173131 -0.00140315 -0.00255409 0.000449083 0.000723788 -0.000391002 0.000242102
internal_weight=11984 11843 1758 1035 10085 7606 2479 723
internal_count=11984 11843 1758 1035 10085 7606 2479 723
is_linear=0
shrinkage=0.025


Tree=40
num_leaves=6
num_cat=0
split_feature=40 17 38 31 5
split_gain=7.7679 6.96203 5.78863 6.23228 1.26845
threshold=1.5033391714096072 1.6840490102767947 -0.10327520594000815 1.0454068183898928 0.64024576544761669
decision_type=2 2 2 2 2
left_child=1 2 4 -4 -1
right_child=-2 -3 3 -5 -6
leaf_value=0.0017104382549645398 -0.0037197663399889387 -0.0049995897812707656 0.00080697953418386011 -0.0013725902051920729 0.0041002770828720871
leaf_weight=2300 141 137 4577 3734 1155
leaf_count=2300 141 137 4577 3734 1155
internal_value=0.000139327 0.000210048 0.000276846 -8.01165e-05 0.0011362
internal_weight=12044 11903 11766 8311 3455
internal_count=12044 11903 11766 8311 3455
is_linear=0
shrinkage=0.025


Tree=41
num_leaves=12
num_cat=0
split_feature=40 41 11 40 13 31 31 30 38 4 5
split_gain=9.36188 5.3693 10.3162 5.66095 5.32325 2.91804 2.83973 2.58228 2.62224 1.84278 0.933371
threshold=1.3232291340827944 0.54272356629371654 0.019723508507013324 1.0889607071876528 -0.19492087513208387 1.6834636330604555 0.31417633593082434 -0.35012269020080561 -0.10088701546192168 0.1990248039364815 0.35837796330451971
decision_type=2 2 2 2 2 2 2 2 2 2 2
left_child=1 2 6 -4 -2 10 -1 9 -9 -3 -6
right_child=4 7 3 -5 5 -7 -8 8 -10 -11 -12
leaf_value=-0.0027689657100563028 0.00054497353728280953 0.0013556803671245501 -0.0032481117654711506 0.001189988139591107 -0.0019901838284050659 -0.0084649673411385084 0.0011412518709943158 0.0027610129192879957 -4.2171818823181845e-05 0.0054261805198010521 -0.00076898995062061205
leaf_weight=376 213 1168 773 225 124 147 2803 1681 3432 976 121
leaf_count=376 213 1168 773 225 124 147 2803 1681 3432 976 121
internal_value=9.68325e-05 0.000258218 -0.000454627 -0.00266575 -0.00292008 -0.00463161 0.000240656 0.000669409 0.000361714 0.00139774 -0.002825
internal_weight=12039 11434 4177 998 605 392 3179 7257 5113 2144 245
internal_count=12039 11434 4177 998 605 392 3179 7257 5113 2144 245
is_linear=0
shrinkage=0.025


Tree=42
num_leaves=9
num_cat=0
split_feature=40 17 17 9 31 30 45 40
split_gain=9.52861 5.16811 4.90901 4.85513 5.27282 4.6335 3.70007 1.37378
threshold=1.3080088496208193 1.4812478423118594 0.13741329312324527 0.039622640237212188 1.4177635312080386 -0.51477009057998646 0.057776963338255889 0.74419647455215465
decision_type=2 2 2 2 2 2 2 2
left_child=1 5 -2 4 -4 7 -7 -1
right_child=2 -3 3 -5 -6 6 -8 -9
leaf_value=-0.00047908701837960844 0.00075131158109746957 -0.0042044372583957311 -0.0021387405494954865 0.00037104932116127848 -0.0090544062223608061 -0.0021863159833775585 0.00046659606375090826 0.0042826301074354233
leaf_weight=223 175 224 253 142 127 453 8873 1557
leaf_count=223 175 224 253 142 127 453 8873 1557
internal_value=0.000117291 0.000292788 -0.00270833 -0.00391603 -0.00537338 0.000369791 0.000145617 0.00153711
internal_weight=12027 11330 697 522 380 11106 9326 1780
internal_count=12027 11330 697 522 380 11106 9326 1780
is_linear=0
shrinkage=0.025


Tree=43
num_leaves=9
num_cat=0
split_feature=40 31 31 30 35 41 41 40
split_gain=9.22163 6.27526 5.52219 4.59223 3.66459 2.44148 3.38074 1.25181
threshold=1.3159634470939638 4.4905183315277108 1.4686585664749148 -0.50432568788528431 0.040947223082184799 0.67908561229705822 0.75973534584045421 0.74419647455215465
decision_type=2 2 2 2 2 2 2 2
left_child=1 3 5 7 -5 -2 -7 -1
right_child=2 -3 -4 4 -6 6 -8 -9
leaf_value=-0.00037646296361746559 0.0059293714490334824 -0.0041119042677878071 -0.0060838924564695467 0.0016173221532339921 -0.00035620025667828847 -0.0025004832797134082 -3.4603213743118217e-05 0.004035205663608008
leaf_weight=229 133 220 216 2854 6493 121 173 1589
leaf_count=229 133 220 216 2854 6493 121 173 1589
internal_value=0.000105024 0.000270522 -0.00279514 0.000354185 0.000129518 -0.00110243 -0.0023704 0.00150233
internal_weight=12028 11385 643 11165 9347 427 294 1818
internal_count=12028 11385 643 11165 9347 427 294 1818
is_linear=0
shrinkage=0.025


Tree=44
num_leaves=14
num_cat=0
split_feature=31 16 40 38 35 44 4 38 31 10 13 5 4
split_gain=6.57986 5.58328 3.93193 3.82039 5.44041 3.12696 3.07724 5.18181 3.2704 2.47727 1.55687 1.32021 1.27204
threshold=2.055428266525269 0.024515003897249702 1.3232291340827944 -0.05930406600236892 0.18673091381788257 0.029032828286290172 0.11552209779620172 -0.045632025226950639 0.99518096446990978 0.01618131343275309 -0.095193602144718156 1.5002441406250002 0.47503533959388738
decision_type=2 2 2 2 2 2 2 2 2 2 2 2 2
left_child=2 3 6 5 -5 -2 7 -1 -8 10 -4 12 -3
right_child=1 11 9 4 -6 -7 8 -9 -10 -11 -12 -13 -14
leaf_value=0.0013231696345994037 0.0046760942152171197 -0.0014633469743927287 0.0011416890454314106 -0.0049725547612531158 -0.0031526831950672908 -0.0021509802031900623 0.0033218053521277256 -0.0017961664779201328 0.00035237076368550439 -0.0028841162649138477 -0.0025423532316953658 -0.0022016299204971404 0.0030946646646674032
leaf_weight=2464 200 120 165 279 395 162 2789 1489 2972 226 128 136 474
leaf_count=2464 200 120 165 279 395 162 2789 1489 2972 226 128 136 474
internal_value=0.000105486 -0.00130082 0.000349311 -0.00247719 -0.00358431 -0.000378065 0.000463397 -7.23218e-05 0.000831816 -0.00175811 -0.000205537 0.000365646 0.000882721
internal_weight=11999 1766 10233 1036 674 362 9714 3953 5761 519 293 730 594
internal_count=11999 1766 10233 1036 674 362 9714 3953 5761 519 293 730 594
is_linear=0
shrinkage=0.025


Tree=45
num_leaves=11
num_cat=0
split_feature=31 20 45 43 4 39 5 3 36 38
split_gain=6.76447 6.8704 4.53201 4.48702 3.05842 2.88795 2.82507 2.66705 2.33609 2.22018
threshold=2.1181811094284062 0.32721309363842016 0.99137932062149059 -0.19608555734157559 0.65286889672279369 1.034003794193268 -0.28154319524765009 0.60100480914115917 0.28969728946685797 -0.018733770586550232
decision_type=2 2 2 2 2 2 2 2 2 2
left_child=3 -2 4 5 -3 6 -1 8 -5 -7
right_child=1 2 -4 7 -6 9 -8 -9 -10 -11
leaf_value=0.003538859302787026 -0.0044973048913957399 -0.0028683038970266973 -0.003835905796948052 0.0005805278484485322 0.0013449332207791584 0.0018540391427512186 -0.002144532360478396 -0.0032544541015798478 0.0029824388847523569 -0.00062088120857857704
leaf_weight=240 219 515 161 4654 753 647 1145 133 3106 499
leaf_count=240 219 515 161 4654 753 647 1145 133 3106 499
internal_value=0.000109609 -0.00137553 -0.000729602 0.000345551 -0.000215043 -0.000568316 -0.00133543 0.000639561 0.000701063 0.000355126
internal_weight=12072 1648 1429 10424 1268 2531 1385 7893 7760 1146
internal_count=12072 1648 1429 10424 1268 2531 1385 7893 7760 1146
is_linear=0
shrinkage=0.025


Tree=46
num_leaves=13
num_cat=0
split_feature=31 4 44 38 30 40 3 45 24 9 25 40
split_gain=8.25368 4.96963 4.78892 4.49504 4.28844 3.84686 3.43445 2.33777 1.79446 0.79304 0.729331 0.380263
threshold=2.1181811094284062 0.45847183465957647 0.028855149634182457 -0.018054890446364876 -0.50432568788528431 1.4666939973831179 0.60100480914115917 0.99137932062149059 43.211128234863288 0.023633828386664394 10.41193199157715 0.74419647455215465
decision_type=2 2 2 2 2 2 2 2 2 2 2 2
left_child=4 3 8 -2 9 6 -6 -4 -3 10 -1 -11
right_child=1 2 7 -5 5 -7 -8 -9 -10 11 -12 -13
leaf_value=0.00013813994366699878 -0.0024402861290839187 0.0035617584117440398 -0.0022713373613810943 -0.0050426415509748738 0.00039671675456846059 -0.003017417272864747 -0.0036645817739412809 -0.0044354389454959019 -0.0018650930321249155 0.00097018182194874385 0.0029464338980214394 0.0046036275266381583
leaf_weight=401 180 442 448 184 8254 135 133 133 268 123 176 1162
leaf_count=401 180 442 448 184 8254 135 133 133 268 123 176 1162
internal_value=0.000111363 -0.00152485 -0.000784143 -0.00408875 0.000373352 0.000134719 0.000203915 -0.00245947 0.000585664 0.00145889 0.00066366 0.00180717
internal_weight=12039 1655 1291 364 10384 8522 8387 581 710 1862 577 1285
internal_count=12039 1655 1291 364 10384 8522 8387 581 710 1862 577 1285
is_linear=0
shrinkage=0.025


Tree=47
num_leaves=9
num_cat=0
split_feature=40 31 41 35 30 4 35 40
split_gain=7.44337 5.64564 6.66103 7.63376 3.93652 4.4317 1.26142 0.798816
threshold=1.5033391714096072 2.055428266525269 0.63631796836853038 0.21008271723985675 -0.53645780682563771 0.11552209779620172 0.34960561990737921 0.74419647455215465
decision_type=2 2 2 2 2 2 2 2
left_child=1 4 3 -3 7 -6 -4 -1
right_child=-2 2 6 -5 5 -7 -8 -9
leaf_value=0.00014842621847122918 -0.0036615707253562532 -0.0038236297836142319 0.0052799076917071077 -0.00038004665415385721 -0.00070832980329630269 0.0010355688404117727 -0.00078037932406830864 0.0038108442285050416
leaf_weight=214 138 614 341 660 3341 5110 131 1483
leaf_count=214 138 614 341 660 3341 5110 131 1483
internal_value=8.29734e-05 0.000151588 -0.00115862 -0.00209832 0.00037809 0.00015625 0.00136006 0.00147547
internal_weight=12032 11894 1746 1274 10148 8451 472 1697
internal_count=12032 11894 1746 1274 10148 8451 472 1697
is_linear=0
shrinkage=0.025


Tree=48
num_leaves=6
num_cat=0
split_feature=40 17 38 36 41
split_gain=7.28894 5.30298 4.06248 7.85398 2.02201
threshold=1.5033391714096072 1.6840490102767947 -0.021967580541968342 0.29735016822814947 0.47043840587139135
decision_type=2 2 2 2 2
left_child=1 2 4 -4 -1
right_child=-2 -3 3 -5 -6
leaf_value=-0.00056348972874447657 -0.0032146956088885494 -0.0039169016357918649 -0.0023051617301666828 0.00057235031071436191 0.0016684019029057631
leaf_weight=1338 145 141 1612 2857 5911
leaf_count=1338 145 141 1612 2857 5911
internal_value=0.000100237 0.000169947 0.000229357 -0.000362371 0.000595017
internal_weight=12004 11859 11718 4469 7249
internal_count=12004 11859 11718 4469 7249
is_linear=0
shrinkage=0.025


Tree=49
num_leaves=9
num_cat=0
split_feature=40 46 31 30 43 41 41 40
split_gain=6.97236 5.48674 5.33235 3.73138 3.27355 2.40267 3.01011 0.885214
threshold=1.3232291340827944 0.99137932062149059 1.6834636330604555 -0.54728135466575611 -0.19608555734157559 0.64712300896644603 0.75973534584045421 0.73075467348098766
decision_type=2 2 2 2 2 2 2 2
left_child=1 3 5 7 -5 -2 -7 -1
right_child=2 -3 -4 4 -6 6 -8 -9
leaf_value=-5.842768376388512e-05 0.0063311495623996159 -0.0034111282507052684 -0.0076234884950408645 -0.00080161731868841454 0.0007826782970996335 -0.0029001893623547162 -7.003940383190145e-06 0.0037690368050580444
leaf_weight=186 127 210 156 1960 7679 147 180 1453
leaf_count=186 127 210 156 1960 7679 147 180 1453
internal_value=0.000123007 0.000262225 -0.00246951 0.000338009 0.000149445 -0.00105392 -0.0021875 0.00143932
internal_weight=12098 11488 610 11278 9639 454 327 1639
internal_count=12098 11488 610 11278 9639 454 327 1639
is_linear=0
shrinkage=0.025


Tree=50
num_leaves=13
num_cat=0
split_feature=31 41 20 4 30 45 40 11 4 13 41 40
split_gain=6.74187 6.89702 8.35201 4.14537 3.51241 3.75354 3.0771 2.96063 2.12616 2.34447 0.60101 0.252138
threshold=2.055428266525269 0.64712300896644603 0.32721309363842016 0.65286889672279369 -0.35012269020080561 0.20983126014471057 0.47328618168830877 0.016217282973229889 0.21377068012952807 -0.20720976591110227 0.72606748342514049 0.85722246766090404
decision_type=2 2 2 2 2 2 2 2 2 2 2 2
left_child=4 2 -2 -4 8 7 -7 -6 9 -1 -3 -10
right_child=1 10 3 -5 5 6 -8 -9 11 -11 -12 -13
leaf_value=0.0030619259623179897 -0.0050017493842219075 0.0010118136651418286 -0.0036799983937326943 -0.00053316131896579734 5.8262097306769012e-05 -0.0036210777003220329 0.00090602284556579981 -0.002114829680882324 0.0022157053433163455 -0.00065533079216802798 0.0051029678553983007 0.0048078249803745476
leaf_weight=851 175 232 380 766 882 229 5796 802 212 644 212 817
leaf_count=851 175 232 380 766 882 229 5796 802 212 644 212 817
internal_value=9.27894e-05 -0.00133121 -0.00223699 -0.00143679 0.000339544 7.34056e-05 0.000365879 -0.000967288 0.00114818 0.0005375 0.00134465 0.00202249
internal_weight=11998 1765 1321 1146 10233 7709 6025 1684 2524 1495 444 1029
internal_count=11998 1765 1321 1146 10233 7709 6025 1684 2524 1495 444 1029
is_linear=0
shrinkage=0.025


Tree=51
num_leaves=9
num_cat=0
split_feature=46 38 34 11 36 16 36 37
split_gain=6.10601 5.43347 7.60216 4.97659 2.63222 4.86865 2.15698 0.801407
threshold=0.99137932062149059 -0.032719317823648446 0.16881616413593295 0.016217282973229889 0.46494646370410925 0.022393968887627128 0.23604474961757663 0.012513828929513695
decision_type=2 2 2 2 2 2 2 2
left_child=1 4 3 -3 6 -6 -1 -4
right_child=-2 2 7 -5 5 -7 -8 -9
leaf_value=0.00070216528205348868 -0.003425553412834478 -0.00040822482892733107 0.011768711891198928 -0.0024549044788566361 -0.0026104075739284971 0.0022550310279118055 0.0043431331411141402 0.0013871548467112972
leaf_weight=3828 218 2752 437 1511 360 393 2163 447
leaf_count=3828 218 2752 437 1511 360 393 2163 447
internal_value=6.73808e-05 0.000144692 -0.000466081 -0.000904698 0.000611757 -0.000773417 0.0007874 0.00163526
internal_weight=12109 11891 5147 4263 6744 753 5991 884
internal_count=12109 11891 5147 4263 6744 753 5991 884
is_linear=0
shrinkage=0.025


Tree=52
num_leaves=6
num_cat=0
split_feature=40 46 30 37 9
split_gain=6.11968 6.23002 4.17315 3.49653 0.945474
threshold=1.5033391714096072 0.99137932062149059 -0.54728135466575611 0.0093609988689422625 0.023633828386664394
decision_type=2 2 2 2 2
left_child=1 2 4 -4 -1
right_child=-2 -3 3 -5 -6
leaf_value=0.0010654920225414628 -0.0033927524351544977 -0.0033018232578470464 0.0013799126404327264 -0.00025880364664752231 0.0043350722248083123
leaf_weight=487 138 214 2202 7816 1174
leaf_count=487 138 214 2202 7816 1174
internal_value=7.86184e-05 0.000140885 0.000219638 2.63146e-05 0.0013783
internal_weight=12031 11893 11679 10018 1661
internal_count=12031 11893 11679 10018 1661
is_linear=0
shrinkage=0.025


Tree=53
num_leaves=13
num_cat=0
split_feature=31 41 35 34 30 40 41 31 40 43 40 16
split_gain=6.45268 5.58948 6.66975 5.94114 3.60245 3.31158 3.22936 2.0019 1.22032 0.97269 0.633111 0.394977
threshold=2.1390514373779301 0.61555966734886181 0.2154425382614136 0.056324915960431106 -0.49255208671092982 1.4666939973831179 0.11106013506650926 3.4057991504669194 0.74419647455215465 0.063080660998821272 1.2549499273300173 0.02408415358513594
decision_type=2 2 2 2 2 2 2 2 2 2 2 2
left_child=4 2 3 -2 8 6 -6 -4 -1 -3 -10 -11
right_child=1 9 7 -5 5 -7 -8 -9 10 11 -12 -13
leaf_value=-0.00054959852979650364 -0.0022315665798743256 -0.0010324502360441557 0.0027465600242727634 -0.0046610121232507681 -0.0027130164651032003 -0.002636126712192462 0.00028402840970222231 -0.0031172950045850901 0.0036422827296283822 0.0019750397450737384 -0.00011829091902269633 0.0051543701779336619
leaf_weight=228 322 142 369 227 164 136 8217 171 1507 192 131 158
leaf_count=228 322 142 369 227 164 136 8217 171 1507 192 131 158
internal_value=3.99993e-05 -0.00144467 -0.00244173 -0.00437049 0.000267256 4.82575e-05 0.000112837 -0.000447248 0.00126069 0.000752012 0.00149954 0.00146127
internal_weight=11964 1581 1089 549 10383 8517 8381 540 1866 492 1638 350
internal_count=11964 1581 1089 549 10383 8517 8381 540 1866 492 1638 350
is_linear=0
shrinkage=0.025


Tree=54
num_leaves=15
num_cat=0
split_feature=31 41 4 47 38 30 36 4 5 35 47 41 2 11
split_gain=6.04355 4.97684 6.59586 5.12584 4.6133 3.53092 2.96324 5.38964 1.47879 0.895346 0.854364 1.12514 0.295388 0.0974933
threshold=2.1390514373779301 0.63631796836853038 0.67014649510383617 0.95286133885383617 -0.021258005872368809 -0.54728135466575611 -0.029704597778618332 0.11552209779620172 -0.088333595544099794 0.33820772171020513 0.33400586247444158 0.76174390316009533 -0.10679637640714644 0.022764851339161399
decision_type=2 2 2 2 2 2 2 2 2 2 2 2 2 2
left_child=5 2 4 -4 -2 10 8 -8 -7 13 11 -1 -12 -3
right_child=1 9 3 -5 -6 6 7 -9 -10 -11 12 -13 -14 -15
leaf_value=3.7710158993882462e-05 -0.0016736198887605577 0.0058755531966874063 0.0015122035199112854 -0.0032232125897659648 -0.0047563400822835085 -0.00070777057870013949 -0.0011003743354285997 0.00065153544843679027 0.0087077058307296184 -0.0011483937444786217 0.0016589813727844412 0.0040576132398046595 0.004149627428618209 0.0036491151502788585
leaf_weight=490 173 145 504 178 290 139 2785 5257 601 127 151 275 732 150
leaf_count=490 173 145 504 178 290 139 2785 5257 601 127 151 275 732 150
internal_value=7.59249e-05 -0.00136848 -0.00222283 -0.000638646 -0.00451122 0.000294083 9.37465e-05 -4.52031e-05 0.00160235 0.000933841 0.00135436 0.000722403 0.00188767 0.0016875
internal_weight=11997 1567 1145 682 463 10430 8782 8042 740 422 1648 765 883 295
internal_count=11997 1567 1145 682 463 10430 8782 8042 740 422 1648 765 883 295
is_linear=0
shrinkage=0.025


Tree=55
num_leaves=15
num_cat=0
split_feature=38 12 31 40 41 40 20 40 3 39 40 40 27 40
split_gain=5.36679 6.98947 5.17517 5.6037 5.15731 4.22185 4.07291 1.92294 1.78136 1.85053 3.06056 0.704312 0.458913 0.538922
threshold=-0.10327520594000815 -0.12740401923656461 1.3088943958282473 1.3232291340827944 0.49692499637603765 1.0677071213722231 0.12926349043846133 0.78739589452743541 0.026233253069221977 1.0983708500862124 0.97310829162597667 1.3080088496208193 -0.0045653725974261752 0.71992748975753795
decision_type=2 2 2 2 2 2 2 2 2 2 2 2 2 2
left_child=8 4 6 -4 5 -2 -3 -6 9 10 -1 -11 -10 -14
right_child=1 2 3 -5 7 -7 -8 -9 12 11 -12 -13 13 -15
leaf_value=0.0020431802553686775 -0.0030918474648447504 -0.00046023594171365809 -0.00064195416079423332 -0.0068253464070706371 -0.0035632156059060443 0.00053892251001951463 0.0022903963873969766 -0.00049818775357092038 0.0011638592908006669 0.0050424168763454685 -0.0019573484804514623 -0.00020984649589292646 0.00068693616463652313 0.0062119134215916682
leaf_weight=1015 372 1729 2447 133 136 121 2498 1113 236 526 490 122 141 958
leaf_count=1015 372 1729 2447 133 136 121 2498 1113 236 526 490 122 141 958
internal_value=6.52924e-05 -0.000271364 8.97314e-05 -0.000790619 -0.00168217 -0.00383785 0.00062884 -0.000814394 0.000891426 0.000440802 -3.72516e-05 0.00155245 0.00160914 0.00182631
internal_weight=12037 8549 6807 2580 1742 493 4227 1249 3488 2153 1505 648 1335 1099
internal_count=12037 8549 6807 2580 1742 493 4227 1249 3488 2153 1505 648 1335 1099
is_linear=0
shrinkage=0.025


Tree=56
num_leaves=8
num_cat=0
split_feature=46 40 31 30 34 47 39
split_gain=5.73662 5.12588 6.00619 3.55836 3.47968 1.76885 0.970559
threshold=0.99137932062149059 1.3232291340827944 1.6834636330604555 -0.50432568788528431 0.16881616413593295 0.74303007125854503 1.0761417150497439
decision_type=2 2 2 2 2 2 2
left_child=1 3 5 6 -5 -3 -1
right_child=-2 2 -4 4 -6 -7 -8
leaf_value=0.0022352846036760485 -0.003086305255314197 -0.0013500541331338475 -0.0071795480277355153 -8.0907928775941535e-05 0.0048848442155200811 0.00066639111707540288 0.0054287919184078832
leaf_weight=1251 214 200 161 8506 897 257 566
leaf_count=1251 214 200 161 8506 897 257 566
internal_value=8.69828e-05 0.000161593 -0.00204454 0.000284521 8.78243e-05 -0.000543831 0.00129597
internal_weight=12052 11838 618 11220 9403 457 1817
internal_count=12052 11838 618 11220 9403 457 1817
is_linear=0
shrinkage=0.025


Tree=57
num_leaves=12
num_cat=0
split_feature=40 41 11 40 31 31 4 36 41 41 30
split_gain=4.47829 4.89614 7.94962 4.93044 4.67531 2.97664 2.92069 3.27219 2.34866 3.2155 2.11727
threshold=1.3232291340827944 0.56078222393989574 0.019645461812615398 1.0889607071876528 1.7338141202926638 0.31417633593082434 0.20554950088262561 0.04010071977972985 0.68383544683456432 0.75973534584045421 -0.048329593613743775
decision_type=2 2 2 2 2 2 2 2 2 2 2
left_child=1 2 5 -4 8 -1 7 -3 -2 -10 -8
right_child=4 6 3 -5 -6 -7 10 -9 9 -11 -12
leaf_value=-0.0026963537434203464 0.0047920082071215044 0.0033114828108931553 -0.0028110457734067968 0.0015684707436583374 -0.0065808979973677175 0.00081518167832169699 0.0039320164873352225 -0.00040451722314815931 -0.0024472553595493727 0.00016630061647243311 0.0011573163408171809
leaf_weight=457 163 905 853 243 150 3076 1617 2639 121 179 1624
leaf_count=457 163 905 853 243 150 3076 1617 2639 121 179 1624
internal_value=7.158e-05 0.000184233 -0.000441573 -0.00229678 -0.0020004 0.00013461 0.000612113 0.000113765 -0.000718483 -0.00202869 0.00115411
internal_weight=12027 11414 4629 1096 613 3533 6785 3544 463 300 3241
internal_count=12027 11414 4629 1096 613 3533 6785 3544 463 300 3241
is_linear=0
shrinkage=0.025


Tree=58
num_leaves=9
num_cat=0
split_feature=40 31 31 13 30 34 18 35
split_gain=5.3103 4.85839 3.69957 3.7243 3.07528 3.41334 1.69926 0.718776
threshold=1.3354960680007937 1.7173609137535097 4.0976910591125497 -0.076800446957349763 -0.54728135466575611 0.17081402987241748 0.020815880037844185 0.078679505735635771
decision_type=2 2 2 2 2 2 2 2
left_child=2 6 4 -4 7 -6 -2 -1
right_child=1 -3 3 -5 5 -7 -8 -9
leaf_value=0.0012242588666965259 -0.0015945651149228302 -0.0069597747512323629 -0.0029558141781042303 0.00028422971843530527 -6.5565124275660373e-05 0.0044231428998025421 0.00035789345726147019 0.0057469769986231494
leaf_weight=822 197 146 122 137 8736 848 203 806
leaf_count=822 197 146 122 137 8736 848 203 806
internal_value=7.57986e-05 -0.00232078 0.000191378 -0.00273201 0.000260654 8.90344e-05 -0.000848765 0.00126378
internal_weight=12017 546 11471 259 11212 9584 400 1628
internal_count=12017 546 11471 259 11212 9584 400 1628
is_linear=0
shrinkage=0.025


Tree=59
num_leaves=9
num_cat=0
split_feature=40 31 46 34 35 40 37 48
split_gain=4.26995 4.79107 3.67753 2.70366 3.83283 1.43145 1.03714 0.780995
threshold=1.3232291340827944 1.6834636330604555 0.99137932062149059 0.17081402987241748 0.11915075406432153 1.4666939973831179 0.013082516845315697 0.88646370172500621
decision_type=2 2 2 2 2 2 2 2
left_child=2 5 3 4 -1 7 -5 -2
right_child=1 -3 -4 6 -6 -7 -8 -9
leaf_value=0.0011472348785704848 0.001451787826378115 -0.0054399612326899265 -0.0026630842928461068 0.010494674081743528 -0.00050282141355550254 -0.0016671004828964315 0.00059680161396806757 -0.0014224049196390363
leaf_weight=5159 158 163 200 490 5098 151 459 127
leaf_count=5159 158 163 200 490 5098 151 459 127
internal_value=6.71316e-05 -0.00198055 0.000176036 0.000237156 0.000118033 -0.000575397 0.00151074 0.000452586
internal_weight=12005 599 11406 11206 10257 436 949 285
internal_count=12005 599 11406 11206 10257 436 949 285
is_linear=0
shrinkage=0.025


Tree=60
num_leaves=10
num_cat=0
split_feature=31 20 45 4 38 41 4 36 40
split_gain=6.90668 5.01574 3.12836 3.26476 3.01625 2.97787 3.05042 3.66944 3.62854
threshold=2.1181811094284062 0.3544952273368836 0.99137932062149059 0.67014649510383617 -0.048177722841501229 0.11106013506650926 0.11552209779620172 -0.0083278417587280256 1.3354960680007937
decision_type=2 2 2 2 2 2 2 2 2
left_child=5 4 3 -3 -2 -1 7 -7 -8
right_child=1 2 -4 -5 -6 6 8 -9 -10
leaf_value=-0.0023858755917749732 -0.0012837929021558331 -0.00216294233900808 -0.003256797043595805 0.0012911156317811246 -0.0049151173381746906 0.0044026060267944407 0.0018637928184852459 -0.0006879115641284392 -0.0017049911424560306
leaf_weight=172 120 512 159 700 121 825 5816 3355 277
leaf_count=172 120 512 159 700 121 825 5816 3355 277
internal_value=7.34746e-05 -0.00144635 -0.000847565 -0.000401602 -0.00474085 0.000309211 0.000364979 -0.000153823 0.000721753
internal_weight=12057 1612 1371 1212 241 10445 10273 4180 6093
internal_count=12057 1612 1371 1212 241 10445 10273 4180 6093
is_linear=0
shrinkage=0.025


Tree=61
num_leaves=14
num_cat=0
split_feature=31 41 20 40 47 43 46 40 35 30 41 45 16
split_gain=5.57027 5.09687 6.02588 2.97779 4.58027 3.47349 3.22252 2.51292 2.21138 2.2045 0.889643 0.932398 0.0482563
threshold=2.1181811094284062 0.61016863584518444 0.3544952273368836 0.72322645783424389 0.077035948634147658 -0.19908536225557324 0.74303007125854503 1.4666939973831179 0.2154425382614136 -0.50432568788528431 0.72133547067642223 0.74303007125854503 0.021935493685305122
decision_type=2 2 2 2 2 2 2 2 2 2 2 2 2
left_child=3 2 -2 4 12 9 -6 -7 -4 -5 11 -3 -1
right_child=1 10 8 5 6 7 -8 -9 -10 -11 -12 -13 -14
leaf_value=0.0020025680258574695 -0.0046343158878992957 -0.0017542064662694073 -0.0025611252034429769 0.0025081989165685586 -0.00091607959185289491 0.0017124668879324621 -0.0051215690395522984 -0.0015085515110492792 -0.0011387524454459922 -0.0007497162870559517 0.0049641026177714362 0.0021914485054726879 0.0023802528857340996
leaf_weight=155 158 125 440 480 855 6565 217 147 512 1833 209 186 121
leaf_count=155 158 125 440 480 855 6565 217 147 512 1833 209 186 121
internal_value=2.92514e-05 -0.00132645 -0.00228139 0.000243424 -0.000849039 0.000407669 -0.00159123 0.000695809 -0.0015034 -0.000425474 0.000702381 -0.000130538 0.00198843
internal_weight=12003 1630 1110 10373 1348 9025 1072 6712 952 2313 520 311 276
internal_count=12003 1630 1110 10373 1348 9025 1072 6712 952 2313 520 311 276
is_linear=0
shrinkage=0.025


Tree=62
num_leaves=15
num_cat=0
split_feature=38 12 39 38 31 4 16 31 17 35 39 39 38 37
split_gain=4.9083 5.41701 4.1061 4.36965 3.74134 5.32443 3.72579 1.89398 1.60012 2.54177 1.3582 1.12508 0.995341 1.83903
threshold=-0.10327520594000815 -0.12740401923656461 0.99188268184661876 -0.025763808749616143 1.3088943958282473 0.19262292981147769 0.02408415358513594 0.97600719332695018 0.27315992116928106 -0.094074569642543779 1.0452913641929629 0.7318093776702882 -0.1188991218805313 0.015291549265384676
decision_type=2 2 2 2 2 2 2 2 2 2 2 2 2 2
left_child=8 2 3 -2 5 -3 -6 -4 9 10 -1 -11 -10 -14
right_child=1 4 7 -5 6 -7 -8 -9 12 11 -12 -13 13 -15
leaf_value=-0.0026719899390283265 -0.0013093716251957109 -0.00035195021728994869 0.00060224064520160176 -0.0034910799308313306 -0.0018569682472975254 0.0027694490109998918 0.0011143746209996881 -0.002121072472511927 0.0042220253231629963 -0.00075416949684008606 0.0010525028506198854 0.0030064847957221377 0.0030022227511500819 -0.00075948149604901307
leaf_weight=311 574 2225 534 256 1535 2038 1012 386 1582 202 131 684 233 313
leaf_count=311 574 2225 534 256 1535 2038 1012 386 1582 202 131 684 233 313
internal_value=5.27203e-05 -0.000267805 -0.00150641 -0.00277695 5.04403e-05 0.000504042 -0.000705819 -0.000344594 0.00084766 0.000160353 -0.00137304 0.000935746 0.00127227 0.000333485
internal_weight=12016 8560 1750 830 6810 4263 2547 920 3456 1328 442 886 2128 546
internal_count=12016 8560 1750 830 6810 4263 2547 920 3456 1328 442 886 2128 546
is_linear=0
shrinkage=0.025


Tree=63
num_leaves=15
num_cat=0
split_feature=38 31 35 4 40 48 40 3 31 35 40 38 34 41
split_gain=4.69423 5.44019 7.91129 6.12765 4.45573 4.40011 3.63222 3.10327 1.71704 2.59314 1.84592 1.18765 1.78196 0.927376
threshold=-0.10327520594000815 1.3088943958282473 0.21753814071416858 0.11552209779620172 0.73719319701194774 0.1241746135056019 1.2767330408096316 -0.017706964164972302 0.38321316242218023 -0.094074569642543779 0.9923573136329652 -0.16515156626701352 -0.034104479476809495 0.50809744000434887
decision_type=2 2 2 2 2 2 2 2 2 2 2 2 2 2
left_child=8 3 5 4 -2 -3 -4 -5 9 10 -1 -10 -13 -11
right_child=1 2 6 7 -6 -7 -8 -9 11 13 -12 12 -14 -15
leaf_value=-0.00014324110070781454 -0.0041157987599920063 -0.0032504548542109423 0.00093177502926868039 -0.0010998327596536872 -0.00026527305552660876 -0.0024243898903231606 -0.0039080202510747954 0.0021611082488585914 0.0057614498194771399 -0.0023411258626534919 -0.0038217276535931128 -0.00061994748472585194 0.0033119436300079355 0.0019822752718678927
leaf_weight=215 409 242 1484 354 1939 1206 130 2823 632 144 157 620 1149 591
leaf_count=215 409 242 1484 354 1939 1206 130 2823 632 144 157 620 1149 591
internal_value=3.77067e-05 -0.000276565 -0.00112121 0.000191004 -0.000775074 -0.00245957 7.95245e-05 0.000907055 0.00080807 -1.12401e-06 -0.0016943 0.00118298 0.000840615 0.000853041
internal_weight=12095 8587 3062 5525 2348 1448 1614 3177 3508 1107 372 2401 1769 735
internal_count=12095 8587 3062 5525 2348 1448 1614 3177 3508 1107 372 2401 1769 735
is_linear=0
shrinkage=0.025


Tree=64
num_leaves=9
num_cat=0
split_feature=40 3 13 41 13 45 22 19
split_gain=4.60948 4.11013 4.0492 3.06211 4.7513 2.65279 2.41937 2.34364
threshold=1.3232291340827944 0.71032688021659862 -0.11354198679327963 0.56078222393989574 -0.11241113767027854 0.19057226926088336 0.4102275967597962 0.10684205591678621
decision_type=2 2 2 2 2 2 2 2
left_child=1 3 6 4 -1 -5 -2 -4
right_child=2 -3 7 5 -6 -7 -8 -9
leaf_value=-0.0015250883675860145 -0.0023009318287730814 -0.0034500935747136217 -0.004503308483055502 -0.00028841983738753447 0.00078826498348572981 0.0017342206627142254 0.001163675259966987 -0.0026093538040248502
leaf_weight=1743 147 180 128 1553 2677 5257 196 120
leaf_count=1743 147 180 128 1553 2677 5257 196 120
internal_value=0.00010172 0.000214082 -0.00204069 0.000275367 -0.000235876 0.000608034 -0.000247845 -0.0044417
internal_weight=12001 11410 591 11230 4420 6810 343 248
internal_count=12001 11410 591 11230 4420 6810 343 248
is_linear=0
shrinkage=0.025


Tree=65
num_leaves=14
num_cat=0
split_feature=31 43 36 38 34 31 16 35 35 9 44 31 37
split_gain=5.80188 4.17945 4.6347 3.38849 3.81672 3.65758 2.85632 2.56493 2.08152 1.83825 1.44734 0.470885 0.364103
threshold=2.1390514373779301 0.050331844016909606 0.49448882043361669 -0.12010642513632773 0.17081402987241748 1.0454068183898928 0.023419733159244064 0.18095520138740542 -0.08118868991732596 0.037272607907652862 0.028715422376990322 0.27102009952068334 0.013150781858712437
decision_type=2 2 2 2 2 2 2 2 2 2 2 2 2
left_child=3 2 -2 8 5 -5 7 -3 9 -1 -8 -10 -6
right_child=1 6 -4 4 12 -7 10 -9 11 -11 -12 -13 -14
leaf_value=-0.00040480783842226296 -0.0063763124642922707 -0.002294203490032481 -0.00025512072269337147 0.00043934291998899423 0.01105851080733096 -0.00089842082048451695 0.00375600269354352 0.00025158512728562217 0.0016101770492899002 0.0033346464887996094 -0.0015389199769028253 0.0070371053319932125 0.0017299171556320306
leaf_weight=743 137 412 122 5006 429 2506 347 263 296 258 277 975 273
leaf_count=743 137 412 122 5006 429 2506 347 263 296 258 277 975 273
internal_value=0.000141402 -0.00127879 -0.00415246 0.000353517 0.000116042 -4.83902e-05 -0.000687308 -0.00181066 0.00120718 0.000344185 0.000522655 0.00187794 0.00187235
internal_weight=12044 1558 259 10486 8214 7512 1299 675 2272 1001 624 1271 702
internal_count=12044 1558 259 10486 8214 7512 1299 675 2272 1001 624 1271 702
is_linear=0
shrinkage=0.025


Tree=66
num_leaves=15
num_cat=0
split_feature=38 44 34 38 10 9 24 35 9 40 5 5 37 48
split_gain=4.78835 4.77858 3.42887 3.93303 3.0503 3.3986 3.02914 2.01339 2.19441 3.78175 0.421032 0.482005 0.396284 0.189987
threshold=-0.1188991218805313 0.025975605472922329 0.16881616413593295 -0.018054890446364876 0.023232261650264267 0.040137633681297309 21.843753814697269 -0.070703461766242967 0.037272607907652862 0.98796579241752636 1.1041986346244814 0.062457596883177764 0.013150781858712437 0.69589141011238109
decision_type=2 2 2 2 2 2 2 2 2 2 2 2 2 2
left_child=7 2 3 -2 6 -6 -3 8 9 -1 11 -9 -4 -10
right_child=1 4 12 -5 5 -7 -8 10 13 -11 -12 -13 -14 -15
leaf_value=0.0020006502456410436 0.00075660965979877388 -0.0037817242722702686 0.010001896230821327 -0.00097407651344833728 -0.0039782107075775524 -0.00030140461501559283 0.00023849433800003821 0.0017507676077721504 0.0018721669856397345 -0.0022883549670442752 0.0013136893282991371 0.0066932499457480702 0.0015635876343476655 0.0053328130424861219
leaf_weight=513 3942 291 413 2684 506 288 1119 278 125 310 124 958 289 214
leaf_count=513 3942 291 413 2684 506 288 1119 278 125 310 124 958 289 214
internal_value=6.04321e-05 -0.000195423 0.000110971 -6.46583e-05 -0.00121492 -0.0024515 -0.00050795 0.00102839 0.000255998 -0.000436292 0.0016804 0.0018201 0.00176627 0.00193677
internal_weight=12054 9532 7328 6626 2204 794 1410 2522 1162 823 1360 1236 702 339
internal_count=12054 9532 7328 6626 2204 794 1410 2522 1162 823 1360 1236 702 339
is_linear=0
shrinkage=0.025


Tree=67
num_leaves=11
num_cat=0
split_feature=31 13 4 36 3 5 5 47 31 5
split_gain=3.38178 2.99682 2.89903 4.06461 3.41487 3.3278 2.39996 2.89314 2.30915 1.69384
threshold=2.1390514373779301 -0.2358627915382385 0.20554950088262561 -0.017733156681060788 0.60100480914115917 -0.14009514451026914 0.9275575876235963 0.91434335708618175 0.91824060678482067 -0.072269614785909639
decision_type=2 2 2 2 2 2 2 2 2 2
left_child=2 -2 3 9 8 -5 -3 -8 -4 -1
right_child=1 6 4 5 -6 -7 7 -9 -10 -11
leaf_value=-0.00085602096408378143 -0.0025111077695627593 -0.0057860146261248246 0.0027863776238189887 0.0011792244025686657 -0.0036541061158376523 -0.0009632167866604896 0.00039621150126856484 -0.0038339472143334853 0.00060956730468497667 0.0077153548514892374
leaf_weight=207 156 121 1695 884 133 3805 1068 227 3064 645
leaf_count=207 156 121 1695 884 133 3805 1068 227 3064 645
internal_value=0.000102519 -0.000975745 0.000265975 -0.000124639 0.000709363 -0.000414625 -0.000600809 -0.000274038 0.000822051 0.00145712
internal_weight=12005 1572 10433 5541 4892 4689 1416 1295 4759 852
internal_count=12005 1572 10433 5541 4892 4689 1416 1295 4759 852
is_linear=0
shrinkage=0.025


Tree=68
num_leaves=9
num_cat=0
split_feature=40 38 31 20 35 17 35 5
split_gain=5.04531 3.76943 4.2686 6.63438 5.24639 1.90172 2.0057 0.721212
threshold=1.5033391714096072 -0.1188991218805313 1.0454068183898928 0.11687109246850015 0.20559851080179217 0.27315992116928106 -0.12315919995307921 1.1803088784217837
decision_type=2 2 2 2 2 2 2 2
left_child=1 5 3 -3 -4 6 -1 -7
right_child=-2 2 4 -5 -6 7 -8 -9
leaf_value=-0.0012513927188427497 -0.0029690829424742823 -0.00062106233932353479 -0.001799852339221121 0.0025654113914235365 0.00041221835765999364 0.0045105322895855242 0.0018985321836792871 -0.0001311289183733736
leaf_weight=346 148 2952 2084 2322 2097 1417 609 142
leaf_count=346 148 2952 2084 2322 2097 1417 609 142
internal_value=0.000106109 0.00016421 -6.40855e-05 0.000407985 -0.000660834 0.00102372 0.000136719 0.0015609
internal_weight=12117 11969 9455 5274 4181 2514 955 1559
internal_count=12117 11969 9455 5274 4181 2514 955 1559
is_linear=0
shrinkage=0.025


Tree=69
num_leaves=15
num_cat=0
split_feature=38 34 11 13 35 37 41 36 37 47 31 32 47 9
split_gain=4.92236 4.66688 5.1434 4.01195 2.56739 2.97659 2.83865 2.2182 1.20147 0.90995 0.322112 0.20176 0.172014 0.113245
threshold=-0.048177722841501229 0.16881616413593295 0.016217282973229889 -0.17071970552206037 0.19217287003993991 0.0090677323751151579 0.47043840587139135 0.28969728946685797 0.012738287448883058 0.33400586247444158 1.38163697719574 0.83174425363540661 0.54310345649719249 0.030878568068146709
decision_type=2 2 2 2 2 2 2 2 2 2 2 2 2 2
left_child=4 2 7 -4 5 11 -7 -2 13 -10 -6 -1 -12 -3
right_child=1 8 3 -5 10 6 -8 -9 9 -11 12 -13 -14 -15
leaf_value=0.0030407390656477522 -0.0010769899193418125 0.010540668991343396 -0.0024021527147497067 -0.0015978044088555594 0.0093112359195509486 -0.0012666788780088685 0.00066400115743680426 0.0011593320949034522 0.0042469990529111126 -0.00054174274553434379 0.0068247252895511064 0.0096660862539802959 0.0011706673087931523 0.0059449277586248453
leaf_weight=209 1648 391 581 1431 516 619 3896 1515 133 256 123 421 120 121
leaf_count=209 1648 391 581 1431 516 619 3896 1515 133 256 123 421 120 121
internal_value=8.29162e-05 -0.000415844 -0.00070584 -0.00169249 0.000597182 0.000394418 0.000167312 -7.45738e-05 0.00123758 0.000168147 0.0019519 0.00199803 0.00111391 0.00202853
internal_weight=11980 6076 5175 2012 5904 5145 4515 3163 901 389 759 630 243 512
internal_count=11980 6076 5175 2012 5904 5145 4515 3163 901 389 759 630 243 512
is_linear=0
shrinkage=0.025


Tree=70
num_leaves=12
num_cat=0
split_feature=38 46 40 46 36 35 9 40 38 40 48
split_gain=4.91992 4.17004 4.26079 3.88063 3.21044 1.48115 2.26044 4.62143 1.31355 1.47197 0.152273
threshold=-0.10327520594000815 0.99137932062149059 1.3232291340827944 0.43892149627208715 0.28969728946685797 -0.12315919995307921 0.036757482215762145 0.98315271735191356 -0.160966582596302 0.85217544436454784 0.76228907704353344
decision_type=2 2 2 2 2 2 2 2 2 2 2
left_child=5 2 4 -4 -2 6 7 -1 -7 -10 -8
right_child=1 -3 3 -5 -6 8 10 -9 9 -11 -12
leaf_value=0.0022341587882994704 -0.00075647189361527888 -0.0023927883882690743 0.0011354803004374303 -0.0030952590365013778 0.00078202762406196717 0.0076663980011063594 0.00085072168866286786 -0.0041087418929582611 -0.0002097926146414777 0.0031640387282001769 0.0055803819426197302
leaf_weight=291 3498 152 122 354 4460 494 121 166 663 1583 137
leaf_count=291 3498 152 122 354 4460 494 121 166 663 1583 137
internal_value=0.000130438 -0.000189588 -0.000113609 -0.00239865 2.37035e-05 0.000926662 -7.81249e-05 -0.00113907 0.0011908 0.0009257 0.00176331
internal_weight=12041 8586 8434 476 7958 3455 715 457 2740 2246 258
internal_count=12041 8586 8434 476 7958 3455 715 457 2740 2246 258
is_linear=0
shrinkage=0.025


Tree=71
num_leaves=15
num_cat=0
split_feature=38 16 31 13 20 10 36 36 36 11 34 33 5 11
split_gain=4.91854 4.77918 6.07045 5.38477 4.43623 2.15317 1.53828 1.7451 2.77429 1.84351 1.3913 1.15773 0.849956 0.624188
threshold=-0.049168424680829041 0.024322375655174259 1.0454068183898928 -0.078136775642633424 0.14191921055316928 0.016023812815546993 -0.029704597778618332 0.23604474961757663 0.46494646370410925 0.030126702040433887 0.12777383625507358 0.0042524973396211871 -0.088333595544099794 0.018035213463008407
decision_type=2 2 2 2 2 2 2 2 2 2 2 2 2 2
left_child=6 2 4 -4 -2 10 12 9 -9 -8 -3 -7 -1 -14
right_child=1 5 3 -5 -6 11 7 8 -10 -11 -12 -13 13 -15
leaf_value=9.1611185495731149e-05 -0.0011417650563988193 0.00032338785360214292 -0.0035002564032579719 -0.0013868530315187142 0.0015664569430978888 -0.0021007183542573935 -0.00026990053607953813 0.0039665507971015255 -0.00052319436305489522 0.0018872307854691372 0.0070285094791645332 0.00092662957367283688 0.0084220732587096947 0.00096631768862516596
leaf_weight=169 1453 500 552 1145 1100 309 2363 1814 570 275 653 443 552 131
leaf_count=169 1453 500 552 1145 1100 309 2363 1814 570 275 653 443 552 131
internal_value=7.40611e-05 -0.000419034 -0.000885723 -0.00204245 -0.000111904 0.000618456 0.000591725 0.000422469 0.000911993 -1.84449e-05 0.00129642 -0.000414465 0.0015738 0.00196403
internal_weight=12029 6155 4250 1697 2553 1905 5874 5022 2384 2638 1153 752 852 683
internal_count=12029 6155 4250 1697 2553 1905 5874 5022 2384 2638 1153 752 852 683
is_linear=0
shrinkage=0.025


Tree=72
num_leaves=12
num_cat=0
split_feature=31 41 4 24 45 41 3 11 3 35 3
split_gain=3.89388 4.52257 6.37794 4.1827 3.9829 3.84611 3.12082 3.25305 2.1682 0.69458 0.229762
threshold=2.1390514373779301 0.63631796836853038 0.67014649510383617 22.798987388610843 0.99137932062149059 0.11106013506650926 0.023786781355738643 0.030126702040433887 0.60100480914115917 0.34960561990737921 0.19371211528778079
decision_type=2 2 2 2 2 2 2 2 2 2 2
left_child=5 2 3 -2 -4 -1 7 -7 -8 10 -3
right_child=1 9 4 -5 -6 6 8 -9 -10 -11 -12
leaf_value=-0.0019231935155063101 -0.0058735425314191151 0.0027028547064805912 0.0013686537967841274 -0.0026342783900494288 -0.0026233777805711616 -0.00066794024248234389 0.0012471707353663784 0.0040553706747740162 -0.0027331205309642469 -0.00046814429516104852 0.004485303778138593
leaf_weight=164 121 147 548 339 154 3659 6214 316 142 126 166
leaf_count=164 121 147 548 339 154 3659 6214 316 142 126 166
internal_value=0.000108152 -0.00103752 -0.00185411 -0.00412634 -0.000337694 0.000283929 0.000345516 -0.000202575 0.000689161 0.00110642 0.00173349
internal_weight=12096 1601 1162 460 702 10495 10331 3975 6356 439 313
internal_count=12096 1601 1162 460 702 10495 10331 3975 6356 439 313
is_linear=0
shrinkage=0.025


Tree=73
num_leaves=13
num_cat=0
split_feature=38 34 38 33 34 17 3 40 37 18 5 5
split_gain=3.52176 3.70281 3.49904 6.02313 3.65185 2.05202 1.57208 1.05356 0.949674 0.76037 0.690665 0.736828
threshold=-0.1188991218805313 0.16881616413593295 -0.018054890446364876 0.0019473230931907894 -0.040281521156430238 0.27315992116928106 0.023786781355738643 0.98315271735191356 0.012513828929513695 0.033070908859372146 1.2057145237922671 0.6755434274673463
decision_type=2 2 2 2 2 2 2 2 2 2 2 2
left_child=5 2 4 -4 -2 6 7 -1 -3 -10 11 -7
right_child=1 8 3 -5 -6 10 -8 -9 9 -11 -12 -13
leaf_value=0.0011333056117890595 -0.0022491074878019258 0.009851017628767389 -0.0025083636288542044 -0.00034328096990478659 0.00062355457859410482 0.0030132040886578426 0.0043165030389996986 -0.0011980275638870637 -0.00051578796716059811 0.0032408244033316092 -0.00018305112243349565 0.004462414579864126
leaf_weight=397 656 428 1007 2513 4348 766 215 317 134 387 138 674
leaf_count=397 656 428 1007 2513 4348 766 215 317 134 387 138 674
internal_value=9.75178e-05 -0.00012252 -0.000288281 -0.000891844 0.000135506 0.000930036 0 -0.000568498 0.00135351 0.000610742 0.00147742 0.00163927
internal_weight=11980 9473 8524 3520 5004 2507 929 714 949 521 1578 1440
internal_count=11980 9473 8524 3520 5004 2507 929 714 949 521 1578 1440
is_linear=0
shrinkage=0.025


Tree=74
num_leaves=13
num_cat=0
split_feature=38 31 20 40 3 26 17 17 34 40 40 43
split_gain=3.84184 4.51201 5.35273 4.52604 3.87894 3.87371 2.31246 2.09571 1.70642 1.16495 1.09483 0.193625
threshold=-0.1188991218805313 1.6339816451072695 0.26171861588954931 1.3354960680007937 0.030908269807696346 0.023976945318281654 0.50247034430503856 0.65694916248321544 0.095169447362422957 1.1929764747619631 0.76724120974540722 0.38963606953620916
decision_type=2 2 2 2 2 2 2 2 2 2 2 2
left_child=6 4 -3 -4 5 -2 8 -6 9 -1 -8 -12
right_child=1 2 3 -5 7 -7 10 -9 -10 -11 11 -13
leaf_value=0.0021037083577367683 -8.4311553206053693e-05 -0.0034181482937087372 -0.00048335423535123662 -0.0055872318639498602 0.0014135110607414315 -0.0029086329954374802 -0.00044313932084163858 -0.00054621544608667483 -0.0019299299353508249 -0.0016790608258589542 0.0058317249658463612 0.0042258776013722214
leaf_weight=1001 1862 216 2038 126 3967 553 162 730 206 126 893 125
leaf_count=1001 1862 216 2038 126 3967 553 162 730 206 126 893 125
internal_value=0.000115008 -0.000114641 -0.00105608 -0.000672545 0.000200049 -0.000612087 0.000983419 0.000619152 0.000262519 0.000650398 0.00178797 0.00209066
internal_weight=12005 9492 2380 2164 7112 2415 2513 4697 1333 1127 1180 1018
internal_count=12005 9492 2380 2164 7112 2415 2513 4697 1333 1127 1180 1018
is_linear=0
shrinkage=0.025


Tree=75
num_leaves=12
num_cat=0
split_feature=40 41 11 40 40 17 45 27 36 40 13
split_gain=3.04745 2.79653 6.61536 4.29544 2.72754 2.50786 2.24147 1.90782 1.88402 1.69847 1.40657
threshold=1.3232291340827944 0.54758849740028392 0.019723508507013324 1.0889607071876528 0.71135449409484874 0.13741329312324527 0.057776963338255889 0.00067152714473195385 0.31950777769088751 0.89472457766532909 -0.10346918180584906
decision_type=2 2 2 2 2 2 2 2 2 2 2
left_child=1 2 4 -4 -1 -2 8 -7 -3 -8 -9
right_child=5 6 3 -5 -6 7 9 10 -10 -11 -12
leaf_value=-0.00090438202107023769 0.00080117839945626846 0.00048079806711618338 -0.0022526660074283947 0.0011110639859018589 0.0015147714345008041 -0.0035980015289130648 0.0027854707583476138 0.00067499712770077421 -0.0025600814305322857 0.00047675910491171082 -0.0019541681374972684
leaf_weight=807 155 212 783 216 2501 178 1829 132 212 4884 121
leaf_count=807 155 212 783 216 2501 178 1829 132 212 4884 121
internal_value=5.14126e-05 0.000142261 -0.000359752 -0.0021377 0.000177709 -0.00169839 0.000446129 -0.00267489 -0.00130245 0.000558388 -0.0012064
internal_weight=12030 11444 4307 999 3308 586 7137 431 424 6713 253
internal_count=12030 11444 4307 999 3308 586 7137 431 424 6713 253
is_linear=0
shrinkage=0.025


Tree=76
num_leaves=13
num_cat=0
split_feature=38 34 33 15 11 46 36 37 36 37 47 44
split_gain=3.56678 5.697 4.26022 6.24319 2.97907 2.7007 1.78601 3.48355 3.27614 1.3611 0.990441 0.0133143
threshold=-0.018733770586550232 0.16881616413593295 0.0019473230931907894 0.4741379320621491 0.019977751187980178 0.99137932062149059 0.21995328366756442 0.0091045871376991289 0.3966910988092423 0.01263051573187113 0.31474687159061437 0.02338164392858744
decision_type=2 2 2 2 2 2 2 2 2 2 2 2
left_child=5 2 3 -2 -4 6 7 -1 -8 11 -11 -3
right_child=1 9 4 -5 -6 -7 8 -9 -10 10 -12 -13
leaf_value=0.0056620878305140981 -0.0012938224679837716 0.010605200070420345 1.4688390699608232e-05 -0.0049341222269120326 -0.0026137712451171588 -0.0018684176817083426 0.0038709028102306385 -0.00026874829932291907 1.0261700738246868e-05 0.0024912226762836805 -0.00046697474034684431 0.0066522855641948115
leaf_weight=797 795 329 2109 249 413 137 1884 3320 1445 143 274 164
leaf_count=797 795 329 2109 249 413 137 1884 3320 1445 143 274 164
internal_value=7.80215e-05 -0.00048064 -0.000932162 -0.0022724 -0.000371488 0.000408705 0.000474265 0.00012403 0.000904694 0.00127732 0.000204384 0.00216114
internal_weight=12059 4476 3566 1044 2522 7583 7446 4117 3329 910 417 493
internal_count=12059 4476 3566 1044 2522 7583 7446 4117 3329 910 417 493
is_linear=0
shrinkage=0.025


Tree=77
num_leaves=15
num_cat=0
split_feature=38 34 31 20 4 3 36 44 31 17 37 36 47 9
split_gain=4.1885 4.68951 4.4326 4.38486 4.021 2.04936 3.13715 2.41869 2.3434 1.98731 1.3342 1.18756 0.843302 0.228197
threshold=-0.049811685457825654 0.16881616413593295 1.3088943958282473 0.60345745086669933 0.12699592113494876 0.030908269807696346 0.47109559178352362 0.02835092414170504 1.2829462289810183 0.53114429116249096 0.012978836894035341 0.23131252825260165 0.33400586247444158 0.0310792550444603
decision_type=2 2 2 2 2 2 2 2 2 2 2 2 2 2
left_child=5 2 4 -4 -2 6 9 11 -9 -1 13 -7 -12 -3
right_child=1 10 3 -5 -6 7 -8 8 -10 -11 12 -13 -14 -15
leaf_value=-6.5396722508872225e-05 -0.0012223514886218643 0.0092216623267666262 -0.0024564403771429278 -8.9337630353072625e-05 0.0011794838746649145 0.0019934246828023799 -0.0031975349766504078 0.0019751074639348929 -0.001304873691709358 0.002722427858419244 0.0032660282097939242 0.0069975717228060869 -0.00051995164941377964 0.0033794403444048558
leaf_weight=2063 1525 436 1192 717 1850 1005 177 155 415 918 121 1106 234 120
leaf_count=2063 1525 436 1192 717 1850 1005 177 155 415 918 121 1106 234 120
internal_value=0.000108294 -0.00034375 -0.000630318 -0.00159156 -8.321e-05 0.000588852 0.000154521 0.00109689 -0.000336956 0.000350385 0.00130595 0.00148689 8.68056e-05 0.00206551
internal_weight=12034 6195 5284 1909 3375 5839 3158 2681 570 2981 911 2111 355 556
internal_count=12034 6195 5284 1909 3375 5839 3158 2681 570 2981 911 2111 355 556
is_linear=0
shrinkage=0.025


Tree=78
num_leaves=15
num_cat=0
split_feature=38 31 19 4 43 9 30 17 19 34 34 38 43 30
split_gain=4.69367 4.39814 4.5028 4.38608 4.13975 3.1088 2.09365 1.92425 1.45979 1.17007 1.07556 0.448616 0.601399 0.0751203
threshold=-0.1188991218805313 1.0454068183898928 0.0024918944109231238 0.1990248039364815 -0.13999340683221814 0.034171482548117645 -0.5929550528526305 0.27315992116928106 -0.049402099102735512 0.055263347923755653 -0.085150595754384981 -0.16299469769001004 0.31431794166564947 -0.36818897724151606
decision_type=2 2 2 2 2 2 2 2 2 2 2 2 2 2
left_child=7 3 4 6 -3 -4 -2 9 -5 10 -1 13 -13 -9
right_child=1 2 5 8 -6 -7 -8 11 -10 -11 -12 12 -14 -15
leaf_value=-0.00081575636474874006 0.0031080185259676225 -0.0045593439693185165 0.00015372608356629619 -0.0012671731739543849 -0.001129756131103495 -0.0022474950541206975 -0.00053350735591518915 0.0043784365867278142 0.0026802482828963375 -0.0015837088288628304 0.0026751984865419176 0.0029022271239387675 0.00012107734958837075 0.0057307046866033919
leaf_weight=155 533 168 2541 125 555 940 2906 158 1698 214 574 738 189 474
leaf_count=155 533 168 2541 125 555 940 2906 158 1698 214 574 738 189 474
internal_value=0.000124342 -0.000129738 -0.000732656 0.000351006 -0.00252232 -0.000356067 -0.000173127 0.00108646 0.00134095 0.000185918 0.000669278 0.00162484 0.00124598 0.00215659
internal_weight=11968 9466 4204 5262 723 3481 3439 2502 1823 943 729 1559 927 632
internal_count=11968 9466 4204 5262 723 3481 3439 2502 1823 943 729 1559 927 632
is_linear=0
shrinkage=0.025


Tree=79
num_leaves=15
num_cat=0
split_feature=38 34 31 20 4 40 47 9 37 45 3 47 47 44
split_gain=3.75761 5.16646 4.05538 7.92413 4.01588 1.86023 2.98987 2.85242 1.73279 1.68443 1.95414 1.0227 0.704621 0.0429731
threshold=-0.018054890446364876 0.16881616413593295 1.7338141202926638 0.58707746863365184 0.20554950088262561 0.72322645783424389 0.27622890472412115 0.024465849623084072 0.01263051573187113 0.99137932062149059 0.014890164136886598 0.31474687159061437 0.077035948634147658 0.024189301766455177
decision_type=2 2 2 2 2 2 2 2 2 2 2 2 2 2
left_child=5 2 4 -4 -2 6 12 -8 13 10 -7 -10 -1 -3
right_child=1 8 3 -5 -6 9 7 -9 11 -11 -12 -13 -14 -15
leaf_value=0.0028317892697748131 -0.0013604066530169853 0.0096539094805133743 -0.0030747189235178457 -0.00012863317191092076 0.00082455607920060587 0.00014691743713993603 -0.0063288987779861047 -0.0003024863925790632 0.0031977151884455463 -0.0022283207058170717 0.0018427369574959441 -0.00058243560155726252 0.00018488039945655126 0.0061283672291639769
leaf_weight=168 1356 357 461 491 1241 2917 193 333 141 122 3637 277 194 142
leaf_count=168 1356 357 461 491 1241 2917 193 333 141 122 3637 277 194 142
internal_value=8.67263e-05 -0.000487307 -0.000920442 -0.00231322 -0.000404016 0.000426576 -0.000642497 -0.00184322 0.00117815 0.000570087 0.000625667 0 0.00108651 0.00216518
internal_weight=12030 4466 3549 952 2597 7564 888 526 917 6676 6554 418 362 499
internal_count=12030 4466 3549 952 2597 7564 888 526 917 6676 6554 418 362 499
is_linear=0
shrinkage=0.025


Tree=80
num_leaves=9
num_cat=0
split_feature=40 36 46 30 37 41 41 32
split_gain=3.82507 3.82143 3.2519 2.44379 2.55966 1.96207 2.14012 0.847249
threshold=1.3232291340827944 0.31840151548385626 0.99137932062149059 -0.5929550528526305 0.0094028580933809298 0.68221634626388561 0.76556718349456798 0.55284443497657787
decision_type=2 2 2 2 2 2 2 2
left_child=2 5 3 7 -5 -2 -7 -1
right_child=1 -3 -4 4 -6 6 -8 -9
leaf_value=-0.00041023071714023097 0.002010832576464961 -0.0043736872109503373 -0.0020549152856099658 0.0014900762348293217 -0.0001287899048265458 -0.0026215222824880198 -8.1761556911893356e-05 0.0032917264983356054
leaf_weight=120 164 156 192 2115 7664 120 168 1336
leaf_count=120 164 156 192 2115 7664 120 168 1336
internal_value=8.98049e-05 -0.0018332 0.000193426 0.000249666 0.000106424 -0.000631838 -0.00187287 0.0012038
internal_weight=12035 608 11427 11235 9779 452 288 1456
internal_count=12035 608 11427 11235 9779 452 288 1456
is_linear=0
shrinkage=0.025


Tree=81
num_leaves=12
num_cat=0
split_feature=31 41 43 35 3 38 44 3 36 9 41
split_gain=3.37556 3.71513 5.81011 3.37362 2.6802 3.25463 4.15019 2.62952 1.97395 1.69905 0.521931
threshold=2.1390514373779301 0.64712300896644603 0.047994831576943404 0.21277754008769992 0.030908269807696346 -0.10733162611722945 0.015705170109868053 0.60100480914115917 0.28969728946685797 0.037272607907652862 0.72606748342514049
decision_type=2 2 2 2 2 2 2 2 2 2 2
left_child=4 2 -2 -4 5 9 -7 8 -6 -1 -3
right_child=1 10 3 -5 7 6 -8 -9 -10 -11 -12
leaf_value=0.00023886924029202129 -0.0051145452740501349 0.00042589239017542076 -0.0019403899841477106 0.0010834717237346273 0.00023648039259855475 0.00070276349720934717 -0.001757940434511126 -0.0033916529729801264 0.002067191547243379 0.0049658065495756199 0.0038357871381206037
leaf_weight=1624 139 208 537 518 3027 850 1339 139 3133 343 191
leaf_count=1624 139 208 537 518 3027 850 1339 139 3133 343 191
internal_value=9.24045e-05 -0.000977002 -0.00167535 -0.00102005 0.000256334 -0.00023522 -0.000898473 0.000581575 0.000659976 0.000500127 0.0010922
internal_weight=12048 1593 1194 1055 10455 4156 2189 6299 6160 1967 399
internal_count=12048 1593 1194 1055 10455 4156 2189 6299 6160 1967 399
is_linear=0
shrinkage=0.025


Tree=82
num_leaves=15
num_cat=0
split_feature=38 34 31 35 4 35 36 37 37 3 47 36 38 26
split_gain=3.49562 4.14966 4.16962 4.7119 4.38159 2.56112 3.64011 2.30856 1.64255 1.31483 0.640381 0.47457 0.0351047 0.0121479
threshold=-0.051613446325063699 0.16881616413593295 1.2945762872695925 0.2033398970961571 0.13548293709754947 0.16481839120388034 0.46494646370410925 0.0089768590405583399 0.012738287448883058 -0.012267841026186941 0.38114453852176672 0.6127799153327943 -0.061883846297860139 0.019643683917820457
decision_type=2 2 2 2 2 2 2 2 2 2 2 2 2 2
left_child=5 2 4 -4 -2 6 7 -1 13 -8 -10 12 -7 -3
right_child=1 8 3 -5 -6 11 9 -9 10 -11 -12 -13 -14 -15
leaf_value=0.0087981328548763574 -0.0011688311668910732 0.0071887442978307908 -0.0026543050962881316 -0.00070657325226760606 0.0012247983485064434 0.011876747503622193 -0.0039287518177496625 0.00040641239910443622 0.0023438972386206508 -0.0011196771846524133 -0.0009770261106053751 0.0010706692153209549 0.0035316358668124334 0.0091199681781143054
leaf_weight=545 1696 120 798 1128 1821 438 128 4136 165 193 232 152 125 398
leaf_count=545 1696 120 798 1128 1821 438 128 4136 165 193 232 152 125 398
internal_value=0.000108133 -0.000294476 -0.000557315 -0.00149081 -4.29443e-05 0.000556842 0.000354254 0.000532704 0.00125679 -0.00219709 2.79852e-05 0.00195313 0.00229093 0.00217734
internal_weight=12075 6358 5443 1926 3517 5717 5002 4681 915 321 397 715 563 518
internal_count=12075 6358 5443 1926 3517 5717 5002 4681 915 321 397 715 563 518
is_linear=0
shrinkage=0.025


Tree=83
num_leaves=11
num_cat=0
split_feature=38 46 40 31 36 35 39 40 38 37
split_gain=3.96931 4.42627 3.40695 4.24507 3.54836 1.462 2.19697 7.41285 1.38569 1.36426
threshold=-0.10327520594000815 0.99137932062149059 1.3232291340827944 1.6834636330604555 0.28969728946685797 -0.12315919995307921 1.1017840504646303 0.98796579241752636 -0.160966582596302 0.0091461893171072024
decision_type=2 2 2 2 2 2 2 2 2 2
left_child=5 2 4 -4 -2 6 7 -1 -7 -10
right_child=1 -3 3 -5 -6 8 -8 -9 9 -11
leaf_value=0.0016391682340559583 -0.00079066461045753658 -0.001857083169744487 -0.00044319013817462955 -0.0053465117585776165 0.00075971910924087834 0.0067062173850950223 0.0042004987593447837 -0.004221650637261069 0.0075292246547433083 0.00087185809404557795
leaf_weight=373 3453 154 318 138 4454 487 200 160 505 1761
leaf_count=373 3453 154 318 138 4454 487 200 160 505 1761
internal_value=0.000122939 -0.000167361 -8.79839e-05 -0.00217733 3.30196e-05 0.000833214 -0.000150745 -0.000996747 0.00109726 0.00082948
internal_weight=12003 8517 8363 456 7907 3486 733 533 2753 2266
internal_count=12003 8517 8363 456 7907 3486 733 533 2753 2266
is_linear=0
shrinkage=0.025


Tree=84
num_leaves=12
num_cat=0
split_feature=38 34 33 15 33 45 36 37 3 37 27
split_gain=3.70802 5.29442 4.79125 7.30282 1.96526 1.82876 1.83536 3.21366 2.88185 1.79779 0.605899
threshold=-0.018054890446364876 0.16881616413593295 0.0019473230931907894 0.4741379320621491 0.015511361416429283 0.99137932062149059 0.23131252825260165 0.0090677323751151579 -0.009913857560604809 0.01263051573187113 0.0032881050137802963
decision_type=2 2 2 2 2 2 2 2 2 2 2
left_child=5 2 3 -2 -4 6 7 -1 -8 -3 -11
right_child=1 9 4 -5 -6 -7 8 -9 -10 10 -12
leaf_value=0.0042318656591735894 -0.0010332671947549765 0.0086292038279864557 3.2695232242164008e-05 -0.0046413355279138323 -0.0022750770618090925 -0.001878681071252671 -0.00038788775352625133 -0.00026258368635459441 0.0032317461505955852 0.0029397329766909942 -0.00084806301205549303
leaf_weight=785 792 476 2022 242 490 140 946 3489 2255 222 188
leaf_count=785 792 476 2022 242 490 140 946 3489 2255 222 188
internal_value=6.93869e-05 -0.000504564 -0.000937412 -0.00236646 -0.000343166 0.000404364 0.000458723 0.000117726 0.000911182 0.00121633 0
internal_weight=12047 4432 3546 1034 2512 7615 7475 4274 3201 886 410
internal_count=12047 4432 3546 1034 2512 7615 7475 4274 3201 886 410
is_linear=0
shrinkage=0.025


Tree=85
num_leaves=11
num_cat=0
split_feature=31 41 43 35 41 4 36 31 43 47
split_gain=3.46828 3.859 5.43677 2.8622 2.57098 2.65518 2.74162 1.61384 0.932816 0.224478
threshold=2.1390514373779301 0.61555966734886181 0.12082016840577127 0.2154425382614136 0.11106013506650926 0.20554950088262561 -0.029704597778618332 0.91093972325325023 0.063080660998821272 0.5524578094482423
decision_type=2 2 2 2 2 2 2 2 2 2
left_child=4 2 -2 -4 -1 6 -6 -7 -3 -10
right_child=1 8 3 -5 5 7 -8 -9 9 -11
leaf_value=-0.0013028438441299662 -0.0045573667633775723 -0.0009389268465545737 -0.0014716320828853616 0.0012450111809496559 0.0041762052427498433 0.0024408832436945871 -0.00036572565764115324 0.00071751740857797276 0.0040939749722904272 0.0015787976885425397
leaf_weight=162 204 140 456 426 783 1659 4681 3145 189 165
leaf_count=162 204 140 456 426 783 1659 4681 3145 189 165
internal_value=0.000130566 -0.000958202 -0.00179079 -0.000917418 0.000296478 0.000346905 -2.90272e-05 0.000775369 0.000859219 0.00154248
internal_weight=12010 1580 1086 882 10430 10268 5464 4804 494 354
internal_count=12010 1580 1086 882 10430 10268 5464 4804 494 354
is_linear=0
shrinkage=0.025


Tree=86
num_leaves=13
num_cat=0
split_feature=38 10 35 35 40 3 17 35 39 5 34 47
split_gain=3.00616 3.51073 3.04603 3.20726 2.67977 2.26212 2.23833 1.85398 1.98099 0.916227 0.375123 0.167091
threshold=-0.1188991218805313 0.02623376622796059 0.29036118090152746 0.11395986378192903 1.4485281109809878 0.71032688021659862 0.58206000924110424 -0.023769437335431572 1.1017840504646303 1.1803088784217837 -0.047469479963183396 0.69589141011238109
decision_type=2 2 2 2 2 2 2 2 2 2 2 2
left_child=6 4 3 -3 5 -2 7 8 -1 11 -9 -8
right_child=1 2 -4 -5 -6 -7 9 10 -10 -11 -12 -13
leaf_value=-0.0010581115375137258 0.00029162587899774335 -0.0012977514098409858 0.0024813416607360993 -0.0028729652926259581 -0.0024059230613196086 -0.0027794225549745682 0.0050977622851366032 0.00070777698587325957 0.0037507048747519862 -0.00011895096278119909 0.0079823289563292644 0.0041877186032124227
leaf_weight=722 8295 420 225 319 163 125 549 172 245 146 360 354
leaf_count=722 8295 420 225 319 163 125 549 172 245 146 360 354
internal_value=0.000124484 -7.86484e-05 -0.00150542 -0.00227991 8.16547e-05 0.000144659 0.000886702 0.00026014 -0.000387088 0.00177064 0.00144088 0.00206635
internal_weight=12095 9547 964 739 8583 8420 2548 1499 967 1049 532 903
internal_count=12095 9547 964 739 8583 8420 2548 1499 967 1049 532 903
is_linear=0
shrinkage=0.025


Tree=87
num_leaves=12
num_cat=0
split_feature=38 12 40 40 36 43 47 3 17 17 33
split_gain=3.6778 4.98505 4.39821 3.79209 4.35556 2.08267 2.97207 1.99416 2.30564 1.69023 1.42707
threshold=-0.018733770586550232 -0.14154133945703504 1.0702691674232485 1.3354960680007937 0.28969728946685797 0.38963606953620916 0.93360236287117015 0.026233253069221977 0.54176047444343578 0.87490308284759533 -0.0039137795101851216
decision_type=2 2 2 2 2 2 2 2 2 2 2
left_child=5 2 -2 4 -3 7 9 8 -1 -7 -9
right_child=1 3 -4 -5 -6 6 -8 10 -10 -11 -12
leaf_value=-0.00033269088697754877 -0.0019780349974118012 -0.0014050904324700388 0.00071996156029320568 -0.0023385416543696188 0.0011522023301106287 -0.0013295116408063969 -0.0018061934136206475 0.00045350433477478507 0.00186880151843646 0.0033298061224648814 0.002648383550304341
leaf_weight=2432 222 1291 125 225 2613 218 183 1207 974 233 2364
leaf_count=2432 222 1291 125 225 2613 218 183 1207 974 233 2364
internal_value=0.000153924 -0.000413691 -0.0032706 -0.00016842 1.37504e-05 0.00048861 -0.000874413 0.0006139 0.000178467 0.000211075 0.00102664
internal_weight=12087 4476 347 4129 3904 7611 634 6977 3406 451 3571
internal_count=12087 4476 347 4129 3904 7611 634 6977 3406 451 3571
is_linear=0
shrinkage=0.025


Tree=88
num_leaves=14
num_cat=0
split_feature=38 31 20 36 20 40 46 35 11 40 40 46 13
split_gain=3.08922 3.99409 4.99337 5.77594 4.38444 3.80797 3.62068 2.42695 2.00436 2.39797 1.36824 0.790101 0.712607
threshold=-0.1188991218805313 1.0454068183898928 0.26398786902427679 0.15655050426721576 0.15969558805227282 1.3354960680007937 0.74303007125854503 -0.10675429180264472 0.030545287765562538 0.98796579241752636 1.2549499273300173 0.10491563007235528 -0.37578603625297541
decision_type=2 2 2 2 2 2 2 2 2 2 2 2 2
left_child=7 4 3 -3 6 -4 -2 8 9 -1 -6 -9 -13
right_child=1 2 5 -5 10 -7 -8 11 -10 -11 -12 12 -14
leaf_value=0.00080637890612627857 1.0890239688723488e-05 0.0013295405695959701 -4.8454211296991101e-05 -0.0028014487240074861 0.0037281069045653203 -0.004393304316224097 -0.0060074153676734953 -7.3876619921908141e-05 0.0030631566171548633 -0.0023368815871652555 -0.00048563599348041989 -0.0001424047748610561 0.005062893333844568
leaf_weight=421 3345 338 3181 538 1647 164 142 155 224 268 120 120 1324
leaf_count=421 3345 338 3181 538 1647 164 142 155 224 268 120 120 1324
internal_value=9.47508e-05 -0.000111419 -0.000684157 -0.00235953 0.000347737 -0.000240672 -0.00016502 0.00087356 -0.00014842 -0.000823127 0.00136075 0.00145963 0.00164165
internal_weight=11987 9475 4221 876 5254 3345 3487 2512 913 689 1767 1599 1444
internal_count=11987 9475 4221 876 5254 3345 3487 2512 913 689 1767 1599 1444
is_linear=0
shrinkage=0.025


Tree=89
num_leaves=13
num_cat=0
split_feature=38 12 40 40 24 37 41 36 3 36 43 3
split_gain=3.71821 4.75804 5.37549 3.1739 2.94268 2.34494 1.76844 1.81912 3.02097 2.72384 1.49838 1.7142
threshold=-0.02988556586205959 -0.12832406908273694 1.103537976741791 1.3635550737380984 23.707173347473148 0.0094939498230814951 0.46736067533493048 0.46494646370410925 -0.012267841026186941 0.23604474961757663 0.46753449738025671 0.16120033711194995
decision_type=2 2 2 2 2 2 2 2 2 2 2 2
left_child=6 2 4 5 -2 -3 10 9 -9 -8 11 -1
right_child=1 3 -4 -5 -6 -7 7 8 -10 -11 -12 -13
leaf_value=-0.0010398877870191462 -0.0031952418048266009 0.0013043437241158896 0.002027355198169442 -0.0029311519473480254 -0.00092638183418850819 -0.00057051550642215352 0.0004338242595138069 -0.0031307667240680834 0.00040578515400690779 0.0042055230916258146 -0.001548668211995246 0.0019815342108302882
leaf_weight=613 232 1512 151 229 137 2822 3173 158 501 1975 191 410
leaf_count=613 232 1512 151 229 137 2822 3173 158 501 1975 191 410
internal_value=0.000113862 -0.000400206 -0.00265476 -0.000139284 -0.00426805 1.23877e-05 0.000486941 0.00066866 -0.000559111 0.000827431 -0.000376333 1.21605e-06
internal_weight=12104 5083 520 4563 369 4334 7021 5807 659 5148 1214 1023
internal_count=12104 5083 520 4563 369 4334 7021 5807 659 5148 1214 1023
is_linear=0
shrinkage=0.025


Tree=90
num_leaves=8
num_cat=0
split_feature=17 40 31 40 35 37 41
split_gain=2.96074 2.7287 4.14512 2.19701 2.86664 2.6905 1.64498
threshold=1.4812478423118594 1.3232291340827944 1.7927264571189883 0.72322645783424389 0.17836615443229678 0.0094939498230814951 0.63631796836853038
decision_type=2 2 2 2 2 2 2
left_child=1 3 6 4 -1 -5 -3
right_child=-2 2 -4 5 -6 -7 -8
leaf_value=-0.0017521022507087714 -0.0022944318014444902 0.0059838140977775912 -0.0051315172812460104 0.0021219772606386853 0.0010990801716122369 0.00018857404955069533 -0.0011787037847926824
leaf_weight=959 231 127 133 2088 488 7649 339
leaf_count=959 231 127 133 2088 488 7649 339
internal_value=5.43931e-05 0.000110388 -0.00152525 0.000199191 -0.000706784 0.000334762 -0.000379512
internal_weight=12014 11783 599 11184 1447 9737 466
internal_count=12014 11783 599 11184 1447 9737 466
is_linear=0
shrinkage=0.025


Tree=91
num_leaves=14
num_cat=0
split_feature=38 34 31 20 20 3 44 31 36 11 40 3 36
split_gain=3.8676 3.60795 4.19122 4.29577 4.09599 1.63949 2.31682 2.31979 2.24326 1.54013 1.08584 0.680049 0.538141
threshold=-0.051613446325063699 0.16881616413593295 1.1725360155105593 0.11906041949987413 0.26171861588954931 0.026233253069221977 0.028715422376990322 1.2829462289810183 0.47109559178352362 0.030126702040433887 0.62000468373298656 0.52602005004882824 0.35645231604576116
decision_type=2 2 2 2 2 2 2 2 2 2 2 2 2
left_child=5 2 3 -2 -4 8 10 -8 9 -1 -7 12 -3
right_child=1 11 4 -5 -6 6 7 -9 -10 -11 -12 -13 -14
leaf_value=0.00021856640941032591 -0.0011448054190293551 0.0016166661651718203 -0.0029246787753822428 0.001112754162087735 -0.0011446544776662437 -0.0017408862518022356 0.0023481243314947948 -0.0013874774720105197 -0.0028717961925875885 0.0026403696381641279 0.0039624939671248013 -0.00099479791249304787 0.0062955936305022263
leaf_weight=2530 1596 263 332 1690 1779 125 159 396 175 333 2041 132 497
leaf_count=2530 1596 263 332 1690 1779 125 159 396 175 333 2041 132 497
internal_value=0.000102775 -0.000325111 -0.000569465 -8.73585e-06 -0.00143726 0.000571001 0.0010166 -0.000412946 0.00016883 0.000340394 0.00138588 0.0011413 0.00142974
internal_weight=12048 6289 5397 3286 2111 5759 2721 555 3038 2863 2166 892 760
internal_count=12048 6289 5397 3286 2111 5759 2721 555 3038 2863 2166 892 760
is_linear=0
shrinkage=0.025


Tree=92
num_leaves=14
num_cat=0
split_feature=38 19 44 26 45 47 17 35 11 35 17 33 26
split_gain=3.60036 3.87657 3.44339 3.3267 2.73399 2.53715 2.39763 1.70669 1.76574 1.70265 0.649778 0.400416 0.371651
threshold=-0.1188991218805313 -0.091411929577589021 0.027587856166064743 0.023459969088435177 0.99137932062149059 0.80080705881118786 0.51460179686546337 -0.024833229370415207 0.030545287765562538 0.061098545789718635 1.1894873380661013 -0.0091472165659069998 0.020825490355491642
decision_type=2 2 2 2 2 2 2 2 2 2 2 2 2
left_child=6 3 5 -2 -4 -3 7 8 -1 -5 12 -9 -8
right_child=1 2 4 9 -6 -7 10 11 -10 -11 -12 -13 -14
leaf_value=-0.0011161189713800597 7.0482122216789715e-05 -8.3797629670951818e-06 -0.0013203746758179563 -0.0029704825809041663 -0.0045694330459199826 0.0027378676982869588 0.0034743546797613954 0.00027931430107371773 0.0026863991106820025 -0.0027217784084746471 0.00066701207359629879 0.0076999586073705417 0.0044727375106590637
leaf_weight=721 196 6789 1496 139 121 629 162 122 162 134 165 385 826
leaf_count=721 196 6789 1496 139 121 629 162 122 162 134 165 385 826
internal_value=9.23093e-06 -0.000213876 -9.74833e-05 -0.00241825 -0.00114134 0.000129833 0.00084429 0.000138889 -0.000519426 -0.00417716 0.00168502 0.0012915 0.00192724
internal_weight=12047 9504 9035 469 1617 7418 2543 1390 883 273 1153 507 988
internal_count=12047 9504 9035 469 1617 7418 2543 1390 883 273 1153 507 988
is_linear=0
shrinkage=0.025


Tree=93
num_leaves=14
num_cat=0
split_feature=38 34 31 35 4 35 16 38 46 35 16 36 19
split_gain=2.68412 3.46539 4.31226 5.39424 2.93784 2.3688 2.15017 2.24551 1.50802 1.39965 1.28496 0.625457 0.099559
threshold=-0.051613446325063699 0.14313192665576938 1.1642038822174074 0.2033398970961571 0.1293103098869324 0.17999824136495593 0.01804363634437323 -0.12850883603096006 0.094827588647604003 0.41625252366065985 0.024560993537306789 0.6127799153327943 0.15607514232397082
decision_type=2 2 2 2 2 2 2 2 2 2 2 2 2
left_child=5 2 4 -4 -2 6 8 -8 -1 10 -3 12 -7
right_child=1 9 3 -5 -6 11 7 -9 -10 -11 -12 -13 -14
leaf_value=-0.0012928949432530316 -0.0010213498332374662 0.0007466783495138177 -0.0023898861296455711 -0.00059533764864284954 0.0010502365696246621 0.011431251017384873 0.00099738986112870675 -0.00088794930982302788 0.002431307701743414 -0.0014915293503580504 0.006291662342873823 0.00048552470403883345 0.0059034559857622324
leaf_weight=166 1511 579 778 1054 1544 405 1476 1551 1789 211 720 156 122
leaf_count=166 1511 579 778 1054 1544 405 1476 1551 1789 211 720 156 122
internal_value=4.54754e-05 -0.000304787 -0.000628833 -0.00158615 -5.1062e-05 0.000442019 0.000250401 -0.00016532 0.000896046 0.000738449 0.00104774 0.00181868 0.00222979
internal_weight=12062 6397 4887 1832 3055 5665 4982 3027 1955 1510 1299 683 527
internal_count=12062 6397 4887 1832 3055 5665 4982 3027 1955 1510 1299 683 527
is_linear=0
shrinkage=0.025


Tree=94
num_leaves=14
num_cat=0
split_feature=38 12 40 34 40 20 3 40 34 18 37 38 40
split_gain=3.39734 3.99011 4.4845 4.49333 3.35854 2.59662 2.23648 1.92553 1.6764 0.984453 0.829244 1.2607 0.236799
threshold=-0.10327520594000815 -0.12740401923656461 1.0889607071876528 0.093238599598407759 1.3354960680007937 0.31462216377258306 0.71032688021659862 1.3080088496208193 0.094134718179702773 0.040514390915632255 0.0090677323751151579 -0.160966582596302 0.83703210949897777
decision_type=2 2 2 2 2 2 2 2 2 2 2 2 2
left_child=8 2 3 -2 6 -6 -3 -4 10 -10 12 -12 -1
right_child=1 4 7 -5 5 -7 -8 -9 9 -11 11 -13 -14
leaf_value=0.0014295980102919997 -0.0011489408569687065 0.00035888478601157979 0.0024428486530203063 -0.0029414472968430291 -0.00025037223647157708 -0.0041142366195977302 -0.0040222538880224194 -0.0032494814966454659 -0.0020529965312654263 0.00044965403057232832 0.0031768245639064992 0.00051800527263885093 0.0085378480117162831
leaf_weight=124 1026 6337 441 173 206 137 147 127 139 141 939 1797 334
leaf_count=124 1026 6337 441 173 206 137 147 127 139 141 939 1797 334
internal_value=5.29074e-05 -0.000213251 -0.00127046 -0.00213559 6.01948e-05 -0.00233118 0.000189359 0.000547557 0.000712489 -0.00111842 0.000876446 0.000705491 0.00186555
internal_weight=12068 8594 1767 1199 6827 343 6484 568 3474 280 3194 2736 458
internal_count=12068 8594 1767 1199 6827 343 6484 568 3474 280 3194 2736 458
is_linear=0
shrinkage=0.025


Tree=95
num_leaves=8
num_cat=0
split_feature=3 40 31 40 43 48 15
split_gain=2.95712 2.83768 2.71449 2.35204 3.88545 1.76886 1.44728
threshold=0.71032688021659862 1.3232291340827944 1.7927264571189883 1.1242663264274599 -0.3264548778533935 0.78154808282852184 0.50862067937850963
decision_type=2 2 2 2 2 2 2
left_child=1 3 5 4 -1 -3 -5
right_child=-2 2 -4 6 -6 -7 -8
leaf_value=-0.001207325400579988 -0.0027557407407550554 0.001389835190569972 -0.0042829254230509596 0.00072353564622191645 0.00025290887041680437 -0.0013110569482280652 0.0019365386310972515
leaf_weight=730 186 126 122 1175 8308 336 1012
leaf_count=730 186 126 122 1175 8308 336 1012
internal_value=5.46876e-05 0.000105066 -0.00158531 0.000194234 1.53435e-05 -0.000671841 0.000928946
internal_weight=11995 11809 584 11225 9038 462 2187
internal_count=11995 11809 584 11225 9038 462 2187
is_linear=0
shrinkage=0.025


Tree=96
num_leaves=13
num_cat=0
split_feature=38 34 36 36 13 40 47 36 45 40 35 33
split_gain=2.36325 4.16486 3.08969 6.39653 3.05191 1.71516 2.35017 2.34915 1.8744 1.78755 1.19605 0.747095
threshold=-0.018054890446364876 0.16881616413593295 0.28969728946685797 0.17028401792049411 -0.16308989375829694 0.73075467348098766 0.077035948634147658 -0.0083278417587280256 0.99137932062149059 0.95978605747222911 0.45402528345584875 -0.0085596800781786424
decision_type=2 2 2 2 2 2 2 2 2 2 2 2
left_child=5 2 3 -2 -4 6 -1 -8 9 -7 11 -3
right_child=1 10 4 -5 -6 8 7 -9 -10 -11 -12 -13
leaf_value=0.0025650517405131808 -0.00037464247000039896 -6.7972886047292644e-05 -0.0013014638720159606 -0.0030510056365192161 0.00031335322803502006 0.0020078452837178238 0.0038923622549167794 -0.0020442961598995404 -0.0017834774184541187 0.00030500163137432397 -0.00097927182655663226 0.0060286062158080231
leaf_weight=180 757 124 396 532 1830 2810 125 633 120 3731 120 664
leaf_count=180 757 124 396 532 1830 2810 125 633 120 3731 120 664
internal_value=6.64132e-05 -0.000392107 -0.000783025 -0.00175522 -0.00021459 0.000334199 -0.000661453 -0.00127621 0.000475735 0.000534105 0.00111035 0.00146753
internal_weight=12022 4423 3515 1289 2226 7599 938 758 6661 6541 908 788
internal_count=12022 4423 3515 1289 2226 7599 938 758 6661 6541 908 788
is_linear=0
shrinkage=0.025


Tree=97
num_leaves=9
num_cat=0
split_feature=17 44 40 4 36 13 46 20
split_gain=2.83443 2.54995 2.52788 2.69293 2.56031 1.13391 2.81483 0.248528
threshold=1.6840490102767947 0.01421447563916445 1.3232291340827944 0.10708955675363542 0.16281628608703616 -0.21904949098825452 0.18103448301553729 -0.1328967213630676
decision_type=2 2 2 2 2 2 2 2
left_child=1 5 3 -3 -4 7 -7 -1
right_child=-2 2 4 -5 -6 6 -8 -9
leaf_value=0.0015347692362197925 -0.0022845589986542586 -0.00071469096903696236 -9.0198253908131783e-06 0.00050769734687916611 -0.0037520523341336787 -0.002826166308470485 0.0013385821986145381 0.0035764799249421173
leaf_weight=166 146 2859 281 6851 220 147 923 449
leaf_count=166 146 2859 281 6851 220 147 923 449
internal_value=6.63029e-05 0.00010997 -3.82977e-05 5.08236e-05 -0.00176136 0.00100962 0.000505814 0.00186492
internal_weight=12042 11896 10211 9710 501 1685 1070 615
internal_count=12042 11896 10211 9710 501 1685 1070 615
is_linear=0
shrinkage=0.025


Tree=98
num_leaves=13
num_cat=0
split_feature=38 35 31 3 38 40 20 37 37 14 33 39
split_gain=3.47175 3.12936 5.42023 3.30549 3.18125 3.011 2.30933 1.11343 1.73542 1.68065 0.761008 0.647237
threshold=-0.10327520594000815 0.2033398970961571 0.99518096446990978 0.71032688021659862 -0.017394313588738438 0.73719319701194774 0.036595892161130912 0.0092462850734591501 0.023608304560184482 0.66810342669487011 0.0065344127360731372 0.73545059561729442
decision_type=2 2 2 2 2 2 2 2 2 2 2 2
left_child=7 2 5 6 -4 -2 -3 11 9 -9 -10 -1
right_child=1 3 4 -5 -6 -7 -8 8 10 -11 -12 -13
leaf_value=0.001045876398147479 -0.0029555022023734453 -0.0016311842272503886 -0.00061032270608644523 -0.0026398258543850624 -0.0022176950789312868 0.00061057620112644605 0.0013521768698529894 -0.00030066581658726909 0.0019690267641645706 0.0019807209910637307 0.0064390746339381758 0.0078120410395158685
leaf_weight=123 561 288 1109 139 742 2490 3208 1193 598 702 463 413
leaf_count=123 561 288 1109 139 742 2490 3208 1193 598 702 463 413
internal_value=0.000150927 -0.000120142 -0.000532657 0.000434409 -0.00159819 0.000113302 0.000588046 0.000814627 0.000619301 0.000161184 0.00142706 0.0018646
internal_weight=12029 8537 4902 3635 1851 3051 3496 3492 2956 1895 1061 536
internal_count=12029 8537 4902 3635 1851 3051 3496 3492 2956 1895 1061 536
is_linear=0
shrinkage=0.025


Tree=99
num_leaves=8
num_cat=0
split_feature=3 40 31 35 35 31 41
split_gain=2.5805 2.65688 2.57296 2.13471 4.32505 1.8693 1.70138
threshold=0.71032688021659862 1.3232291340827944 1.7927264571189883 0.22327419370412829 0.1280065327882767 0.35301476716995245 0.63631796836853038
decision_type=2 2 2 2 2 2 2
left_child=1 3 6 4 -1 -5 -3
right_child=-2 2 -4 5 -6 -7 -8
leaf_value=0.00054946319449084436 -0.0026207133405404025 0.0056633923820057584 -0.0043241844876140039 -0.0012397762132027692 -0.00090770407725611942 0.001993013471443737 -0.00090465213683589118
leaf_weight=5484 197 128 131 256 2632 2882 338
leaf_count=5484 197 128 131 256 2632 2882 338
internal_value=7.16627e-05 0.000119876 -0.00149709 0.000206835 -6.61855e-06 0.000760022 -0.000591826
internal_weight=12048 11851 597 11254 8116 3138 466
internal_count=12048 11851 597 11254 8116 3138 466
is_linear=0
shrinkage=0.025


Tree=100
num_leaves=13
num_cat=0
split_feature=38 36 5 40 13 35 37 37 36 29 40 36
split_gain=2.70879 2.77701 3.35239 3.07761 3.17199 2.39524 2.56844 2.36394 1.95115 1.91844 0.426789 0.339599
threshold=-0.072625271975994096 0.29300558567047125 0.007522690575569869 1.3354960680007937 -0.17577893286943433 0.15713522583246234 0.0090677323751151579 0.0073390507604926833 0.46494646370410925 0.057009592652320869 0.83703210949897777 0.50640758872032177
decision_type=2 2 2 2 2 2 2 2 2 2 2 2
left_child=5 2 9 4 -3 6 10 -4 -8 -2 -1 -7
right_child=1 3 7 -5 -6 11 8 -9 -10 -11 -12 -13
leaf_value=0.0013167754910592977 0.0019604251892403903 -0.00088690419455566671 0.0041964820179008723 -0.0026274746398094496 0.001585706057276165 0.0107834947471772 0.0004127882532135128 -0.0013346706821457742 -0.002186820191389193 -0.0021817974955153333 0.0089800672710421379 0.00088454046488244511
leaf_weight=154 496 627 133 173 3199 408 3318 2503 310 131 422 127
leaf_count=154 496 627 133 173 3199 408 3318 2503 310 131 422 127
internal_value=6.00742e-05 -0.000242707 -0.000783736 0.000197615 0.000348147 0.000525137 0.000321632 -0.00117522 7.25985e-05 0.000848497 0.00186532 0.00209491
internal_weight=12001 7262 3263 3999 3826 4739 4204 2636 3628 627 576 535
internal_count=12001 7262 3263 3999 3826 4739 4204 2636 3628 627 576 535
is_linear=0
shrinkage=0.025


Tree=101
num_leaves=14
num_cat=0
split_feature=38 34 35 33 15 37 38 37 38 20 35 34 9
split_gain=2.74009 3.07908 2.54687 2.44838 7.4065 2.13772 2.127 1.76266 1.60904 0.711573 0.52128 0.196622 0.0197185
threshold=-0.076117679476737962 0.16881616413593295 0.15286604315042499 0.0021828503813594584 0.4741379320621491 0.0090677323751151579 -0.001753982331138104 0.01263051573187113 -0.16515156626701352 0.35771778225898748 -0.021309540607035157 -0.054585028439760201 0.028689667582511905
decision_type=2 2 2 2 2 2 2 2 2 2 2 2 2
left_child=2 3 5 4 -2 10 -5 12 -7 -9 -1 -4 -3
right_child=1 7 11 6 -6 8 -8 9 -10 -11 -12 -13 -14
leaf_value=0.0017492683733873002 -0.00048424288447059124 0.0089872387293764948 0.0037533221104559507 0.00064403281104206218 -0.0038161195130783348 0.0020683722060529123 -0.00074760117372301392 -0.00071192985352480967 -0.00016747496342172369 0.00134774266939253 0.0080877530163902082 0.010999526067464953 0.0054746862572622353
leaf_weight=127 2266 318 143 2029 302 833 1779 196 2703 285 428 395 156
leaf_count=127 2266 318 143 2029 302 833 1779 196 2703 285 428 395 156
internal_value=5.58923e-05 -0.000244172 0.000532208 -0.000443308 -0.00103916 0.000316467 -3.90112e-05 0.00107422 8.7193e-05 0 0.00175223 0.00214319 0.0021477
internal_weight=11960 7331 4629 6376 2568 4091 3808 955 3536 481 555 538 474
internal_count=11960 7331 4629 6376 2568 4091 3808 955 3536 481 555 538 474
is_linear=0
shrinkage=0.025


Tree=102
num_leaves=12
num_cat=0
split_feature=31 5 40 47 31 16 35 43 16 9 24
split_gain=2.33965 5.21284 2.66133 3.74261 3.70659 2.51555 2.51437 2.20476 1.92687 1.44507 0.321539
threshold=1.7338141202926638 0.69866064190864574 0.72322645783424389 0.077035948634147658 0.4479957520961762 0.023083547130227092 0.434720128774643 -0.19608555734157559 0.022667651996016506 0.029477042146027092 26.413923263549808
decision_type=2 2 2 2 2 2 2 2 2 2 2
left_child=2 -2 3 10 -5 8 7 -4 -3 -7 -1
right_child=1 5 6 4 -6 9 -8 -9 -10 -11 -12
leaf_value=0.0018648977597963074 -0.0031306459999969438 -0.00083645487129269201 -0.00017988580642431815 -0.0036017225155051966 -8.9333858450523212e-05 0.0037401913452226373 -0.0036243389701263425 0.0013289053051096615 -0.0020105528686785944 -0.00015108803112370148 0.0013481979728377437
leaf_weight=165 124 1065 2197 394 585 376 142 5901 121 890 123
leaf_count=165 124 1065 2197 394 585 376 142 5901 121 890 123
internal_value=7.45575e-05 -0.000592309 0.000256124 -0.0008068 -0.00154599 -0.000331196 0.00042071 0.000479915 -0.00115764 0.000439615 0.00166809
internal_weight=12083 2576 9507 1267 979 2452 8240 8098 1186 1266 288
internal_count=12083 2576 9507 1267 979 2452 8240 8098 1186 1266 288
is_linear=0
shrinkage=0.025


Tree=103
num_leaves=9
num_cat=0
split_feature=3 34 30 11 10 10 27 6
split_gain=2.76678 2.18956 2.33998 2.54016 1.16799 0.697016 0.391528 0.0537958
threshold=0.71032688021659862 0.16881616413593295 -0.54728135466575611 0.016269923187792305 0.012033809907734396 0.012431571725755932 0.0057454395573586234 0.024459026753902439
decision_type=2 2 2 2 2 2 2 2
left_child=1 2 4 -4 -1 7 -7 -3
right_child=-2 5 3 -5 -6 6 -8 -9
leaf_value=-3.3582156328548903e-06 -0.0032424084753588122 0.0050500491393240879 0.00048031288644469737 -0.00044829177739294539 0.0032617007244637461 0.0034857728853347962 -0.00018165791241602584 0.0063569489567854801
leaf_weight=503 187 130 4537 4703 1133 278 221 375
leaf_count=503 187 130 4537 4703 1133 278 221 375
internal_value=0.000104477 0.000153029 4.90535e-05 -0.000104786 0.000919409 0.00126734 0.000577877 0.00192402
internal_weight=12067 11880 10876 9240 1636 1004 499 505
internal_count=12067 11880 10876 9240 1636 1004 499 505
is_linear=0
shrinkage=0.025


Tree=104
num_leaves=12
num_cat=0
split_feature=40 22 13 37 37 35 3 32 39 38 41
split_gain=2.62287 2.54822 3.26566 2.29855 3.12005 4.49954 2.41848 1.50025 1.09298 0.770345 0.487513
threshold=1.3232291340827944 0.32493399083614355 -0.076800446957349763 0.0090677323751151579 0.010728531051427128 0.17477824538946155 0.71032688021659862 0.74712869524955761 1.0283139348030093 -0.016761953011155125 0.65264201164245617
decision_type=2 2 2 2 2 2 2 2 2 2 2
left_child=3 -2 10 7 5 -5 -6 8 -1 -9 -3
right_child=1 2 -4 4 6 -7 -8 9 -10 -11 -12
leaf_value=-0.00084688550206182443 -0.0032156390142075333 0.0034256087175091746 -0.0025441553393088 -0.0019452780223401277 0.0003884925260075776 0.0066579095181129259 -0.0039053924210599431 0.0062883520686051256 0.0013828889394152319 0.0017356790027351892 7.2438229861309091e-05
leaf_weight=354 136 122 179 1014 8003 226 129 630 286 788 179
leaf_count=354 136 122 179 1014 8003 226 129 630 286 788 179
internal_value=8.57814e-05 -0.00149557 -0.00060567 0.000172169 5.19898e-06 -0.00115964 0.00018419 0.000927654 -6.78294e-05 0.00138001 0.000968137
internal_weight=12046 616 480 11430 9372 1240 8132 2058 640 1418 301
internal_count=12046 616 480 11430 9372 1240 8132 2058 640 1418 301
is_linear=0
shrinkage=0.025


Tree=105
num_leaves=14
num_cat=0
split_feature=44 40 36 35 13 40 10 20 13 44 48 40 40
split_gain=2.30167 2.38054 2.72691 4.86995 2.31018 2.54899 2.28551 1.87396 4.08068 4.92596 2.7249 2.27791 1.6381
threshold=0.0262166066095233 1.0921148061752322 0.28969728946685797 0.11915075406432153 -0.25266005098819727 1.2712417840957644 0.020543405786156658 0.038763601332902915 -0.21294903755187986 0.017015570774674419 0.27622890472412115 1.432354271411896 0.68317237496376049
decision_type=2 2 2 2 2 2 2 2 2 2 2 2 2
left_child=7 2 3 -2 -3 -6 -4 8 9 -1 -10 12 -9
right_child=1 4 6 -5 5 -7 -8 11 10 -11 -12 -13 -14
leaf_value=0.0019265952902928702 -0.00032265511791171677 0.0048431187950805973 0.0024337198981562807 -0.0036678722235288434 0.002624081576402839 -0.0036491873578077903 -0.0016825658903776625 -0.00087675492149706072 -0.0041885961121844615 -0.0010213644697309261 -0.00087558031589596373 -0.0010572100995412035 0.0010635171510848839
leaf_weight=1090 419 261 525 259 435 237 572 517 251 1043 469 124 5818
leaf_count=1090 419 261 525 259 435 237 572 517 251 1043 469 124 5818
internal_value=7.84824e-05 -0.000561648 -0.00109902 -0.00234078 0.000454424 -0.000315731 -0.000318739 0.000265509 -0.000266357 0.000281221 -0.00188793 0.000501431 0.000568809
internal_weight=12020 2708 1775 678 933 672 1097 9312 2853 2133 720 6459 6335
internal_count=12020 2708 1775 678 933 672 1097 9312 2853 2133 720 6459 6335
is_linear=0
shrinkage=0.025


Tree=106
num_leaves=13
num_cat=0
split_feature=31 43 41 30 3 41 3 44 46 44 32 48
split_gain=3.64907 3.2467 2.77107 2.1984 2.18731 2.8172 1.96965 1.82459 2.53597 1.17779 0.999663 0.695286
threshold=2.1390514373779301 0.047994831576943404 0.62484312057495128 -0.56936088204383839 0.030908269807696346 0.51340326666831981 0.60100480914115917 0.030802489258348945 0.93360236287117015 0.037124341353774078 0.55284443497657787 0.27622890472412115
decision_type=2 2 2 2 2 2 2 2 2 2 2 2
left_child=3 2 -2 10 5 -5 -6 8 -3 -9 -1 -12
right_child=1 7 -4 4 6 -7 -8 9 -10 -11 11 -13
leaf_value=-0.00047766310626374989 -0.0050298611343527659 -0.00058864943641368688 -0.00063178854604529621 -0.0022351449656203407 0.0005710783318266144 -9.2403571916652657e-05 -0.0032909769192623175 -0.0035942542665408968 0.003700360310306352 -0.00057494377742596818 0.0011410946512253469 0.0032434987753677705
leaf_weight=123 128 578 128 626 5492 2601 140 222 285 254 389 1072
leaf_count=123 128 578 128 626 5492 2601 140 222 285 254 389 1072
internal_value=1.35972e-05 -0.00109766 -0.00365421 0.000184366 3.00373e-05 -0.000487701 0.000327967 -0.000592448 8.78457e-05 -0.00182692 0.00104075 0.00122527
internal_weight=12038 1595 256 10443 8859 3227 5632 1339 863 476 1584 1461
internal_count=12038 1595 256 10443 8859 3227 5632 1339 863 476 1584 1461
is_linear=0
shrinkage=0.025


Tree=107
num_leaves=10
num_cat=0
split_feature=31 3 43 44 3 41 45 4 46
split_gain=2.453 2.77262 2.73197 2.98427 2.54803 2.25083 1.81698 1.80114 1.4947
threshold=2.2793539762496953 0.58521619439125072 0.067904055118560805 0.030802489258348945 0.12162828445434572 0.50091415643692028 0.99137932062149059 0.20554950088262561 0.93360236287117015
decision_type=2 2 2 2 2 2 2 2 2
left_child=1 4 -2 8 5 -1 -5 -6 -4
right_child=2 -3 3 6 7 -7 -8 -9 -10
leaf_value=-0.0015123599170311496 -0.0028313644166573157 -0.0032087024930266338 -0.00039367821279416137 -0.0010826148853345647 -6.3266989338858179e-05 0.00019142606318912458 -0.0038963155926141895 0.00210362735958725 0.0035702410377716123
leaf_weight=1093 220 180 451 292 1337 4899 133 3197 279
leaf_count=1093 220 180 451 292 1337 4899 133 3197 279
internal_value=9.89782e-05 0.00022722 -0.00089221 -0.000393319 0.000280956 -5.64865e-05 -0.00204942 0.000727859 0.000569728
internal_weight=12081 10706 1375 1155 10526 5992 425 4534 730
internal_count=12081 10706 1375 1155 10526 5992 425 4534 730
is_linear=0
shrinkage=0.025


Tree=108
num_leaves=14
num_cat=0
split_feature=37 37 33 34 30 35 8 20 35 3 32 3 40
split_gain=2.19836 6.18432 4.20129 7.36864 2.32795 2.14755 1.80011 1.6013 1.58416 3.18768 1.32724 1.13228 0.787205
threshold=0.0093609988689422625 0.010728531051427128 0.0010419613099657001 0.057500030845403678 -0.32514153420925135 0.17079783976078036 0.039936961606144912 0.12210119888186456 0.27989070117473608 0.24541325122117999 0.83174425363540661 -0.1071074604988098 0.68317237496376049
decision_type=2 2 2 2 2 2 2 2 2 2 2 2 2
left_child=8 2 3 -2 7 -4 -6 -3 10 -10 11 -1 -12
right_child=1 4 5 -5 6 -7 -8 -9 9 -11 12 -13 -14
leaf_value=-0.0019086451095145275 -0.00039492138454714381 0.00046304647521513108 -0.001255894577972894 -0.0049775945295125737 0.00012052801411404314 0.0063257722523573715 -0.0012755771379144125 0.0033751089361904181 -0.0023731703971318001 0.00073806498266628328 -0.00042666166393806989 0.00076648261778284677 0.0044681286596169635
leaf_weight=120 151 1097 598 135 5513 127 871 977 136 205 132 856 1152
leaf_count=120 151 1097 598 135 5513 127 871 977 136 205 132 856 1152
internal_value=8.43686e-05 -9.19621e-05 -0.00193529 -0.00448024 0.000128648 -0.000898972 -0.00010702 0.00085558 0.000727648 -0.000841763 0.000968543 0.000263762 0.00149632
internal_weight=12070 9469 1011 286 8458 725 6384 2074 2601 341 2260 976 1284
internal_count=12070 9469 1011 286 8458 725 6384 2074 2601 341 2260 976 1284
is_linear=0
shrinkage=0.025


Tree=109
num_leaves=14
num_cat=0
split_feature=31 41 43 19 16 4 39 5 47 35 20 29 47
split_gain=2.63604 2.61689 4.45224 3.32988 2.3142 2.10979 2.7954 2.09159 1.9278 2.40122 1.77074 1.27848 0.471932
threshold=1.9961147308349612 0.72133547067642223 0.057914366945624358 0.10548935458064081 0.023083547130227092 0.11552209779620172 1.0312372446060183 -0.28154319524765009 0.31474687159061437 0.41086395084857946 0.068343658000230803 0.035831211134791381 0.40040352940559393
decision_type=2 2 2 2 2 2 2 2 2 2 2 2 2
left_child=5 2 3 -2 -4 6 7 -1 11 -10 -8 -7 -3
right_child=1 12 4 -5 -6 8 10 -9 9 -11 -12 -13 -14
leaf_value=0.0020762574627944323 -0.0045067602615414294 0.00057961981924369976 -0.0014397281511884987 -0.00069797474748272109 0.00058301325613634841 0.00043681283495847586 0.0013481740658855257 -0.0013772594118175133 0.00037469665372019163 -0.0046670076375878401 -0.00067596249422637413 0.0030428149152890364 0.0058865463409066409
leaf_weight=284 143 124 670 130 711 584 1234 2220 3949 124 435 1270 146
leaf_count=284 143 124 670 130 711 584 1234 2220 3949 124 435 1270 146
internal_value=2.52516e-05 -0.000821021 -0.00119575 -0.00408723 -0.000606962 0.000187407 -0.000242042 -0.000770725 0.00049077 0.00018422 0.000547342 0.00115855 0.00143182
internal_weight=12024 1924 1654 273 1381 10100 4173 2504 5927 4073 1669 1854 270
internal_count=12024 1924 1654 273 1381 10100 4173 2504 5927 4073 1669 1854 270
is_linear=0
shrinkage=0.025


Tree=110
num_leaves=15
num_cat=0
split_feature=38 34 36 17 40 36 36 37 41 5 9 40 46 45
split_gain=2.56345 3.8939 2.78591 4.73197 3.05759 1.60547 1.34932 2.25793 1.33596 1.32975 1.11506 2.08168 1.04986 0.758317
threshold=-0.076117679476737962 0.14411457628011706 0.28969728946685797 -0.032082986086606972 1.2586367726325991 0.46494646370410925 0.23884811252355578 0.0090677323751151579 0.45869393646717077 0.64024576544761669 0.03360716067254544 0.94204980134964 0.67663240432739269 0.14343360066413882
decision_type=2 2 2 2 2 2 2 2 2 2 2 2 2 2
left_child=5 2 3 -2 -4 6 7 -1 -8 -7 13 -12 -11 -3
right_child=1 10 4 -5 -6 9 8 -9 -10 12 11 -13 -14 -15
leaf_value=0.0064855387535238552 0.0011349375052700313 -0.00039084524874390814 0.00030695651911627595 -0.0015127224001911335 -0.0025511248095236774 -0.0030081748865964358 -0.00065386075414634252 -5.4008808697053735e-07 0.0032019978052969141 0.0015740890497601804 -0.0050006164453389578 0.0034106895664155279 -0.0011609390841051837 0.0042947082259692732
leaf_weight=578 622 167 2670 2217 307 122 120 2211 1295 153 127 198 163 1063
leaf_count=578 622 167 2670 2217 307 122 120 2211 1295 153 127 198 163 1063
internal_value=6.66709e-05 -0.000222512 -0.000520314 -0.0010799 1.21564e-05 0.000526953 0.000678011 0.000354778 0.00130722 -0.000900113 0.000885417 -0.000397727 -1.16822e-05 0.00122976
internal_weight=12013 7371 5816 2839 2977 4642 4204 2789 1415 438 1555 325 316 1230
internal_count=12013 7371 5816 2839 2977 4642 4204 2789 1415 438 1555 325 316 1230
is_linear=0
shrinkage=0.025


Tree=111
num_leaves=13
num_cat=0
split_feature=37 15 34 16 36 19 26 44 37 34 38 38
split_gain=2.28299 3.26925 2.61876 2.69128 1.95465 1.42684 1.07958 1.57928 1.03642 0.821891 1.18557 0.370776
threshold=0.023608304560184482 0.87068966031074535 0.16881616413593295 0.016566904261708263 0.5289275348186494 -0.011319007724523543 0.029448045417666439 0.019720427691936496 0.012513828929513695 -0.040281521156430238 -0.1112704463303089 -0.13800078630447385
decision_type=2 2 2 2 2 2 2 2 2 2 2 2
left_child=1 2 3 -1 9 -6 7 -3 -4 10 -2 -11
right_child=4 6 8 -5 5 -7 -8 -9 -10 11 -12 -13
leaf_value=0.0012048762671613934 0.0034151123118891426 -0.0016496180587613853 0.0072479398564062013 -0.00035887886057397577 -0.0025540232557275068 0.00054907917994558464 7.9548174268106376e-06 -0.0028514782065307311 0.00062615318192055323 0.0028694552784856988 -0.00045293510129460255 0.0082820164899412435
leaf_weight=2103 586 228 450 6885 171 149 127 131 414 153 206 497
leaf_count=2103 586 228 450 6885 171 149 127 131 414 153 206 497
internal_value=8.82901e-05 -5.30551e-05 4.55261e-05 -8.04792e-05 0.00091893 -0.000826923 -0.0020443 -0.00273695 0.00135644 0.0013122 0.000751255 0.00197519
internal_weight=12100 10338 9852 8988 1762 320 486 359 864 1442 792 650
internal_count=12100 10338 9852 8988 1762 320 486 359 864 1442 792 650
is_linear=0
shrinkage=0.025


Tree=112
num_leaves=13
num_cat=0
split_feature=34 38 33 35 38 36 16 36 37 12 36 11
split_gain=2.41252 3.52584 3.43514 6.25946 2.31807 1.47302 2.87292 2.68065 1.30897 0.469759 0.869103 0.0216102
threshold=0.16881616413593295 -0.018054890446364876 0.0019473230931907894 0.16140945255756381 -0.0015478463028557596 0.46494646370410925 0.022393968887627128 0.23604474961757663 0.012513828929513695 -0.080760892480611787 0.34096917510032659 0.016877617686986927
decision_type=2 2 2 2 2 2 2 2 2 2 2 2
left_child=1 5 3 -3 -4 7 -7 -1 11 -10 -11 -2
right_child=8 2 4 -5 -6 6 -8 -9 9 10 -12 -13
leaf_value=-2.2847702680561967e-06 0.007688627302645511 -0.0038274590168807677 0.00099342559242364165 -0.00040894497477206543 -0.00079906200572215898 -0.0028484449637986749 0.00098339015949156102 0.0026289223109240141 -0.0012937814204163284 0.0051266745155485495 -2.1243239128844113e-06 0.0058192177929471053
leaf_weight=4329 290 341 727 676 1788 373 383 2397 120 177 302 168
leaf_count=4329 290 341 727 676 1788 373 383 2397 120 177 302 168
internal_value=4.93749e-05 -5.9783e-05 -0.000710701 -0.00193371 -0.000210813 0.000246928 -0.000793364 0.000365288 0.00118762 0.000399421 0.000756715 0.00218952
internal_weight=12071 11014 3532 1017 2515 7482 756 6726 1057 599 479 458
internal_count=12071 11014 3532 1017 2515 7482 756 6726 1057 599 479 458
is_linear=0
shrinkage=0.025


Tree=113
num_leaves=15
num_cat=0
split_feature=38 34 19 37 26 34 34 26 40 29 40 17 34 44
split_gain=2.06449 3.52552 2.39889 2.75864 2.33956 1.73385 1.67624 1.5082 0.992038 0.966691 1.65414 0.900428 1.44845 0.795722
threshold=-0.11751413717865943 -0.037708057090640061 -0.091411929577589021 0.01966839283704758 0.032120700925588615 -0.058639941737055772 0.028438601642847065 0.023284881375730041 1.0050590038299563 0.077193111181259169 0.94389003515243541 0.27315992116928106 -0.085150595754384981 0.034329775720834739
decision_type=2 2 2 2 2 2 2 2 2 2 2 2 2 2
left_child=6 4 7 -4 5 -2 11 -3 -6 10 -8 12 -1 -13
right_child=1 2 3 -5 8 -7 9 -9 -10 -11 -12 13 -14 -15
leaf_value=-0.0012857197197547875 0.001344674611510944 -9.7101356120328909e-05 -2.3083460976769049e-06 0.0041493748151152842 -0.0021263449214871475 -0.0031628423647003957 0.00033279070769280655 -0.002162587023401883 -0.0052234326228513929 0.0010846265259822577 -0.0036435756069156224 0.003730303755590083 0.0025576643234233275 -0.00059681948090760937
leaf_weight=153 236 138 7645 897 130 184 163 155 120 161 128 1262 552 137
leaf_count=153 236 138 7645 897 130 184 163 155 120 161 128 1262 552 137
internal_value=0.000105358 -6.37486e-05 6.85804e-05 0.000146104 -0.00180556 -0.000632353 0.000735553 -0.00213507 -0.00370098 -0.000631838 -0.00149071 0.00103307 0.000290493 0.00140046
internal_weight=12061 9505 8835 8542 670 420 2556 293 250 452 291 2104 705 1399
internal_count=12061 9505 8835 8542 670 420 2556 293 250 452 291 2104 705 1399
is_linear=0
shrinkage=0.025


Tree=114
num_leaves=11
num_cat=0
split_feature=40 31 39 20 44 35 31 47 48 47
split_gain=1.97558 2.53095 1.87295 2.26281 3.73502 2.89184 1.90865 1.77552 1.8076 1.0048
threshold=1.3232291340827944 1.7927264571189883 1.2390216588974001 0.038763601332902915 0.032105872407555587 0.14143698662519458 2.59534764289856 0.80080705881118786 0.82868674397468578 0.8479457199573518
decision_type=2 2 2 2 2 2 2 2 2 2
left_child=2 7 3 5 -5 -1 9 8 -2 -4
right_child=1 -3 6 4 -6 -7 -8 -9 -10 -11
leaf_value=-0.00012447209653421859 0.00047083188660020407 -0.0038034393445303414 0.00096271423387286968 0.00071175980355846658 -0.00094313211522970637 -0.0019330704977892394 -0.0024280209449330167 0.0010770809550234616 -0.0025814095010079988 0.0067540541199266613
leaf_weight=2056 128 137 997 6493 685 548 126 212 131 476
leaf_count=2056 128 137 997 6493 685 548 126 212 131 476
internal_value=7.84768e-05 -0.00130302 0.000153368 2.28621e-05 0.000252506 -0.000607033 0.000945293 -0.000401786 -0.00178504 0.00120179
internal_weight=11989 608 11381 9782 7178 2604 1599 471 259 1473
internal_count=11989 608 11381 9782 7178 2604 1599 471 259 1473
is_linear=0
shrinkage=0.025


Tree=115
num_leaves=12
num_cat=0
split_feature=44 40 40 43 36 39 41 39 26 25 36
split_gain=2.34894 2.21111 2.58989 3.36169 2.51158 1.6241 1.26884 2.78125 0.996872 0.946006 0.752885
threshold=0.01421447563916445 1.3232291340827944 1.1218935251235964 -0.33786702156066889 0.15655050426721576 1.0219669342041018 0.64127504825592052 0.87590640783309948 0.024192076176404956 -7.1801629066467276 0.32796934247016912
decision_type=2 2 2 2 2 2 2 2 2 2 2
left_child=6 2 3 -2 8 -4 9 -8 -3 -1 -9
right_child=1 4 5 -5 -6 -7 7 10 -10 -11 -12
leaf_value=1.5904122736102364e-05 -0.0017731412715104363 -0.0011877397203187965 -0.00088304444523798183 -7.6996217636729798e-05 -0.0031259946893331943 0.0018607167696820298 -0.0023653196720973151 0.0016280941973363891 0.0024313957869156067 0.0037152107979185043 -0.00036956627533315048
leaf_weight=123 504 140 461 7278 230 1621 237 699 133 490 146
leaf_count=123 504 140 461 7278 230 1621 237 699 133 490 146
internal_value=5.37624e-05 -8.68925e-05 -3.41971e-06 -0.000213657 -0.00169537 0.000778031 0.000915441 0.000389834 -4.04675e-05 0.00182241 0.00106618
internal_weight=12062 10367 9864 7782 503 2082 1695 1082 273 613 845
internal_count=12062 10367 9864 7782 503 2082 1695 1082 273 613 845
is_linear=0
shrinkage=0.025


Tree=116
num_leaves=14
num_cat=0
split_feature=38 33 10 3 35 37 23 3 40 11 11 3 5
split_gain=2.55657 2.55274 3.61416 2.24067 2.21834 2.31262 1.78817 2.08361 1.40163 1.26973 0.768388 0.253025 0.201547
threshold=-0.072625271975994096 0.0013327066553756597 0.023232261650264267 0.26911361515522009 0.15713522583246234 0.0090176579542458075 0.12272075936198236 0.68107792735099804 0.95978605747222911 0.016457310877740387 0.02188869379460812 -0.080970227718353258 0.82929307222366344
decision_type=2 2 2 2 2 2 2 2 2 2 2 2 2
left_child=4 2 3 -2 5 11 9 -8 -7 -3 -4 -1 -6
right_child=1 6 10 -5 12 8 7 -9 -10 -11 -12 -13 -14
leaf_value=0.0058256576769213564 -0.0012808949013880264 -0.00015615709034126372 -0.0031875486034414024 0.00085611798349221702 0.0088715043218128078 0.00072655692577725222 0.00075678744047868735 -0.0018393892404130194 -0.00058788722808455444 -0.0011413377844934518 -0.001366734994319736 0.0070540915588684378 0.0035611149910298075
leaf_weight=120 1534 959 128 703 420 1823 3231 141 1832 414 132 388 120
leaf_count=120 1534 959 128 703 420 1823 3231 141 1832 414 132 388 120
internal_value=5.07323e-05 -0.000243376 -0.000889788 -0.000558095 0.000504726 0.000306202 9.60527e-05 0.000406796 8.3675e-05 -0.000661284 -0.00365566 0.00187866 0.00200688
internal_weight=11945 7242 2497 2237 4703 4163 4745 3372 3655 1373 260 508 540
internal_count=11945 7242 2497 2237 4703 4163 4745 3372 3655 1373 260 508 540
is_linear=0
shrinkage=0.025


Tree=117
num_leaves=15
num_cat=0
split_feature=38 36 36 38 15 40 24 36 35 10 36 35 16 30
split_gain=1.82678 2.92907 3.97193 5.88863 2.91936 2.61036 1.64485 1.53161 3.20854 2.38803 2.17606 2.6085 2.39342 1.87626
threshold=-0.021967580541968342 0.29300558567047125 0.16679119318723681 -0.0057471282780170432 0.90517240762710582 1.3635550737380984 20.621299743652347 0.20684999227523806 0.12548054009675982 0.023408789187669757 0.40900233387947088 0.0043891870882362136 0.024845681153237823 -0.096724085509777055
decision_type=2 2 2 2 2 2 2 2 2 2 2 2 2 2
left_child=7 2 6 -4 5 -3 -2 8 13 -10 11 -9 -12 -1
right_child=1 4 3 -5 -6 -7 -8 10 9 -11 12 -13 -14 -15
leaf_value=-0.00048486674206633723 -0.0032887087227934002 0.00076232197080284788 -0.0048732003973645304 -0.0014232655509978543 -0.003012194426978304 -0.002954998253419534 0.00038319766670513511 0.0002269142291173159 -0.00076085613542175873 -0.0026674789440333038 -0.0012179103530219353 0.0055639836711492948 0.0022142242575899861 0.0011815216040253599
leaf_weight=1366 208 2746 121 561 158 120 720 842 517 121 707 1439 568 1793
leaf_count=1366 208 2746 121 561 158 120 720 842 517 121 707 1439 568 1793
internal_value=0.000121852 -0.000265952 -0.00112616 -0.00256732 0.00019107 0.000377482 -5.22507e-05 0.000367118 1.611e-05 -0.00159215 0.00073961 0.00120133 -8.30077e-05 0.000344896
internal_weight=11987 4634 1610 682 3024 2866 928 7353 3797 638 3556 2281 1275 3159
internal_count=11987 4634 1610 682 3024 2866 928 7353 3797 638 3556 2281 1275 3159
is_linear=0
shrinkage=0.025


Tree=118
num_leaves=8
num_cat=0
split_feature=3 30 12 11 43 32 9
split_gain=2.64125 2.06811 2.59458 2.43175 1.06143 0.961541 0.788777
threshold=0.75209397077560436 -0.51477009057998646 -0.031676210463047021 0.030126702040433887 -0.10031058266758917 0.55284443497657787 0.032490804791450507
decision_type=2 2 2 2 2 2 2
left_child=1 5 3 -3 -4 -1 -7
right_child=-2 2 4 -5 -6 6 -8
leaf_value=-0.00052005668059851892 -0.0038713044876305192 -0.00037811424508375763 -0.00064038138341801021 0.0015502741676960753 0.0013986122967459375 0.0017160083284170507 0.0044176953785964304
leaf_weight=138 146 6439 696 432 2507 1366 367
leaf_count=138 146 6439 696 432 2507 1366 367
internal_value=0.000113364 0.000155335 1.27742e-05 -0.000260507 0.000600452 0.000917511 0.00107955
internal_weight=12091 11945 10074 6871 3203 1871 1733
internal_count=12091 11945 10074 6871 3203 1871 1733
is_linear=0
shrinkage=0.025


Tree=119
num_leaves=15
num_cat=0
split_feature=38 24 11 39 35 37 37 37 41 35 31 32 31 19
split_gain=1.82286 2.56394 3.15896 2.77801 2.1352 2.90947 1.98033 5.00756 1.7072 1.13355 0.930238 0.681618 0.514013 0.181659
threshold=-0.049811685457825654 21.948179244995121 0.015403629280626776 0.9950300157070161 0.16481839120388034 0.0091045871376991289 0.0095706405118107813 0.01077496074140072 0.84223756194114696 0.27989070117473608 0.17884874343872073 0.72211408615112316 1.38163697719574 0.090902578085660948
decision_type=2 2 2 2 2 2 2 2 2 2 2 2 2 2
left_child=4 2 10 -4 5 11 9 -8 -7 -3 -2 -1 -6 -14
right_child=1 6 3 -5 12 8 7 -9 -10 -11 -12 -13 13 -15
leaf_value=0.00026279249572109403 0.0012126225930634829 0.0019620577112162119 -0.0028625460251574765 -0.00069672185191195155 0.0081393744977821866 -6.8363835975287918e-05 -0.0026371156837614227 0.00018527127434276409 0.0025063801191597779 -0.00016139540233956541 -0.00065035598161605388 0.0065129413503717259 1.0907675741930171e-05 0.0041576324881682685
leaf_weight=128 145 1177 319 489 499 4138 375 2727 247 290 638 537 120 121
leaf_count=128 145 1177 319 489 499 4138 375 2727 247 290 638 537 120 121
internal_value=0.000133313 -0.000165247 -0.00102835 -0.00212023 0.000451898 0.000265826 0.000134729 -0.000221677 2.98976e-05 0.000890795 9.6764e-05 0.00180037 0.00170302 0.000696138
internal_weight=11950 6160 1591 808 5790 5050 4569 3102 4385 1467 783 665 740 241
internal_count=11950 6160 1591 808 5790 5050 4569 3102 4385 1467 783 665 740 241
is_linear=0
shrinkage=0.025


Tree=120
num_leaves=13
num_cat=0
split_feature=31 5 44 35 46 30 31 46 11 48 35 32
split_gain=1.92111 5.90502 2.3688 2.02476 1.99385 1.70756 1.83074 2.51369 1.7925 1.12289 1.16801 0.824245
threshold=1.8632729053497317 0.79271295666694652 0.028543121181428436 0.2154425382614136 0.93360236287117015 -0.5929550528526305 0.4479957520961762 0.57171678543090831 0.016173209063708786 0.24834922701120379 0.064815994352102294 0.56788820028305065
decision_type=2 2 2 2 2 2 2 2 2 2 2 2
left_child=5 -2 4 -4 -3 9 7 -7 -8 10 -1 -11
right_child=1 2 3 -5 -6 6 8 -9 -10 11 -12 -13
leaf_value=-0.0013150370008276832 -0.0028802865403487307 -8.8947223127140842e-05 -0.001683680880358673 6.6028124477575571e-05 0.0038526109562191167 -0.00020126621790380212 0.0013834476027121297 -0.0035554600207341963 -3.781390937567803e-05 -0.00030663848345917268 0.0072900863738894041 0.0032786335799395334
leaf_weight=209 145 956 417 383 318 2371 2591 201 3143 123 127 1000
leaf_count=209 145 956 417 383 318 2371 2591 201 3143 123 127 1000
internal_value=7.95522e-05 -0.000582846 -0.000232684 -0.00129658 0.000432956 0.000230937 9.12948e-05 -0.000461292 0.000340434 0.00101861 -0.000230938 0.00139738
internal_weight=11984 2219 2074 800 1274 9765 8306 2572 5734 1459 336 1123
internal_count=11984 2219 2074 800 1274 9765 8306 2572 5734 1459 336 1123
is_linear=0
shrinkage=0.025


Tree=121
num_leaves=12
num_cat=0
split_feature=36 46 16 16 35 34 30 35 36 30 30
split_gain=1.90652 2.18559 2.07411 3.54112 2.75268 2.37834 1.98312 1.49256 1.40974 0.887114 0.742678
threshold=-0.023579191416501995 0.16269258409738543 0.02408415358513594 0.022642872296273712 1.0000000180025095e-35 0.11493306234478952 -0.51477009057998646 0.41625252366065985 0.23604474961757663 -0.11876210570335387 -0.41039139032363886
decision_type=2 2 2 2 2 2 2 2 2 2 2
left_child=1 -1 3 6 -5 8 -2 -7 -4 10 -3
right_child=2 9 5 4 -6 7 -8 -9 -10 -11 -12
leaf_value=-0.0015837900092763189 0.0016180800339227063 0.0043290136934086487 -0.00065602742663101285 0.00049981431443605685 -0.0020941650955496357 0.0052735293074962098 -0.00013635692385977492 -0.00052046900418770213 0.0010937899733399644 0.0062847724451804352 -0.0005789018705808323
leaf_weight=136 1112 131 745 426 872 1038 5421 257 1337 503 125
leaf_count=136 1112 131 745 426 872 1038 5421 257 1337 503 125
internal_value=0.000121924 0.00122917 3.24401e-05 -0.000190307 -0.00138047 0.00055034 4.60769e-05 0.00138942 2.3359e-05 0.00175556 0.000512452
internal_weight=12103 895 11208 7831 1298 3377 6533 1295 2082 759 256
internal_count=12103 895 11208 7831 1298 3377 6533 1295 2082 759 256
is_linear=0
shrinkage=0.025


Tree=122
num_leaves=9
num_cat=0
split_feature=5 38 34 36 3 36 40 16
split_gain=1.97921 1.8811 3.44275 2.16008 1.78837 2.55715 1.40638 1.14408
threshold=1.6656902432441714 -0.076117679476737962 0.14085444808006289 0.28969728946685797 -0.012267841026186941 0.47640329599380499 0.71613198518753063 0.024560993537306789
decision_type=2 2 2 2 2 2 2 2
left_child=1 4 3 -3 5 -1 -6 -4
right_child=-2 2 7 -5 6 -7 -8 -9
leaf_value=0.00047177558859788735 -0.0015398488233263057 -0.00078390781049711422 0.00077848269705521264 0.00011415713452983367 -0.00046168194134474583 -0.0029537451383956914 0.0028860943013488596 0.0042136523438108453
leaf_weight=2187 179 2744 768 2919 249 125 2054 840
leaf_count=2187 179 2744 768 2919 249 125 2054 840
internal_value=0.000145505 0.00018575 -6.40804e-05 -0.000354843 0.000580357 8.57791e-05 0.0010729 0.000953968
internal_weight=12065 11886 7271 5663 4615 2312 2303 1608
internal_count=12065 11886 7271 5663 4615 2312 2303 1608
is_linear=0
shrinkage=0.025


Tree=123
num_leaves=14
num_cat=0
split_feature=38 34 31 48 31 35 37 35 38 26 34 35 38
split_gain=2.63876 2.63703 2.79952 3.36199 3.08622 2.29728 2.46995 1.88428 1.87847 1.19119 0.331934 0.322687 0.235332
threshold=-0.051613446325063699 0.14085444808006289 1.0760031938552859 0.1241746135056019 0.48126049339771276 0.17836615443229678 0.0089943087659776228 0.41625252366065985 -0.16515156626701352 0.017258638516068462 -0.037708057090640061 -0.018113198690116402 -0.064852997660636888
decision_type=2 2 2 2 2 2 2 2 2 2 2 2 2
left_child=5 2 4 -4 -2 6 11 9 -8 -3 -7 -1 -12
right_child=1 7 3 -5 -6 10 8 -9 -10 -11 12 -13 -14
leaf_value=0.0035426158928616664 -0.00094952985045464167 -0.00069848718752381085 -0.001944415925447041 -0.0011454388724072629 0.00081310849658783313 0.0028515320057399085 0.0018570017203202568 -0.0018971738458768924 -0.00014447397885371057 0.0040256402244483822 0.00924919158626295 0.0077390073429922952 0.0033782472903883965
leaf_weight=148 1309 140 297 1621 1511 159 826 231 3581 1221 390 409 157
leaf_count=148 1309 140 297 1621 1511 159 826 231 3581 1221 390 409 157
internal_value=8.27781e-05 -0.000267364 -0.000563725 -0.0012994 -5.97344e-05 0.00047467 0.000282502 0.000609737 8.18791e-05 0.00096724 0.00180556 0.00184386 0.00210371
internal_weight=12000 6330 4738 1918 2820 5670 4964 1592 4407 1361 706 557 547
internal_count=12000 6330 4738 1918 2820 5670 4964 1592 4407 1361 706 557 547
is_linear=0
shrinkage=0.025


Tree=124
num_leaves=8
num_cat=0
split_feature=3 40 36 40 44 25 32
split_gain=1.94785 1.90633 2.3427 2.08403 2.47461 1.58811 1.46793
threshold=0.71032688021659862 1.3232291340827944 0.33024065196514135 1.1242663264274599 0.03130674175918103 -1.6384117007255552 1.0445687770843508
decision_type=2 2 2 2 2 2 2
left_child=1 3 5 4 -1 -3 -5
right_child=-2 2 -4 6 -6 -7 -8
leaf_value=0.00015922861612232457 -0.0025027573433402174 -0.0026990581338315334 -0.0029300518174492632 0.0017682079395424427 -0.0008195825176875543 0.00016986205642143882 -0.00010309030614289801
leaf_weight=8306 183 126 142 1478 773 335 738
leaf_count=8306 183 126 142 1478 773 335 738
internal_value=7.00191e-05 0.000110371 -0.00125206 0.000184182 1.55494e-05 -0.00035676 0.000870666
internal_weight=12081 11898 603 11295 9079 461 2216
internal_count=12081 11898 603 11295 9079 461 2216
is_linear=0
shrinkage=0.025


Tree=125
num_leaves=14
num_cat=0
split_feature=38 34 35 16 35 31 20 20 40 37 36 34 26
split_gain=1.87055 2.45098 2.27786 2.03874 2.51126 1.90005 3.58151 3.13058 1.64535 1.47565 0.981867 0.371536 0.0736968
threshold=-0.076117679476737962 0.16881616413593295 0.15286604315042499 0.017922403290867809 0.12188564985990526 1.0454068183898928 0.26398786902427679 0.11906041949987413 0.84739893674850475 0.012513828929513695 0.33487957715988165 -0.057326314970850938 0.019934497773647312
decision_type=2 2 2 2 2 2 2 2 2 2 2 2 2
left_child=2 5 3 8 -5 7 -7 -2 -1 12 -11 -4 -3
right_child=1 9 11 4 -6 6 -8 -9 -10 10 -12 -13 -14
leaf_value=-0.00018786942600375236 -0.00058965173163247548 0.0041966799643501666 0.0018821283528805276 0.00021552980215771244 -0.0021828609206925136 -0.0019652510147797463 -0.0002962626236099568 0.0011772781049465605 0.0040606176660054503 0.0048845646206567006 -0.00074795417730248454 0.0094239893631455577 0.0067396660519686959
leaf_weight=394 1953 120 120 2396 230 513 2227 1718 1093 170 333 413 331
leaf_count=394 1953 120 120 2396 230 513 2227 1718 1093 170 333 413 331
internal_value=0.000168213 -7.88669e-05 0.000560901 0.000358487 -5.84378e-05 -0.000255806 -0.000753643 0.000114595 0.00109668 0.0010988 0.000150099 0.0020934 0.00212993
internal_weight=12011 7365 4646 4113 2626 6411 2740 3671 1487 954 503 533 451
internal_count=12011 7365 4646 4113 2626 6411 2740 3671 1487 954 503 533 451
is_linear=0
shrinkage=0.025


Tree=126
num_leaves=8
num_cat=0
split_feature=3 36 4 17 17 17 30
split_gain=1.94096 1.70437 2.71005 2.80142 2.70125 2.02088 0.661592
threshold=0.75209397077560436 -0.029704597778618332 0.11552209779620172 -0.14484004676342008 0.4493048638105393 -0.07237862795591353 -0.11876210570335387
decision_type=2 2 2 2 2 2 2
left_child=1 5 3 -3 -4 -1 -7
right_child=-2 2 4 -5 -6 6 -8
leaf_value=-0.001582924803720524 -0.0034815273168507578 0.0010445406803899283 0.0016061453860231022 -0.0010500892626940578 -1.4543491040936439e-05 0.0022281327944054189 0.0060514030495319813
leaf_weight=133 139 812 2844 2725 4664 250 477
leaf_count=133 139 812 2844 2725 4664 250 477
internal_value=0.000131028 0.000166352 8.20137e-05 -0.000487366 0.000351225 0.00123555 0.00175717
internal_weight=12044 11905 11045 3537 7508 860 727
internal_count=12044 11905 11045 3537 7508 860 727
is_linear=0
shrinkage=0.025


Tree=127
num_leaves=15
num_cat=0
split_feature=38 33 35 8 24 39 40 15 36 35 39 13 8 27
split_gain=2.19262 2.59793 2.34356 1.98665 2.29982 1.82897 5.25306 1.60504 1.9592 1.14945 0.930028 1.47787 0.366995 0.336144
threshold=-0.11751413717865943 -0.0027823220007121559 -0.084580942988395677 0.040213407948613174 20.621299743652347 1.1088892817497256 0.99003323912620556 0.88793104887008678 0.28792537748813635 0.14556248486042025 0.75735583901405346 -0.18464972823858258 0.032941512763500221 -0.0040834103710949412
decision_type=2 2 2 2 2 2 2 2 2 2 2 2 2 2
left_child=2 3 5 4 -2 6 -1 8 -3 -9 11 -4 -7 -12
right_child=1 7 10 -5 -6 12 -8 9 -10 -11 13 -13 -14 -15
leaf_value=0.0008394450381269703 -0.002103391739997356 -0.00016551416209633114 -0.0013942259884056599 -0.0026908634263506505 -5.8637075011863597e-05 0.0010622568634719781 -0.0030289094406007484 -0.0022173907388691161 0.00091888502440294205 -9.2230733696091501e-05 0.001142776901040968 0.0050391795963102282 0.0047788489803811396 0.0050835471911133715
leaf_weight=549 487 2950 131 194 1501 123 226 215 3817 286 274 172 177 905
leaf_count=549 487 2950 131 194 1501 123 226 215 3817 286 274 172 177 905
internal_value=0.000136218 -3.90004e-05 0.000785031 -0.000795039 -0.000551304 -9.83795e-05 -0.000745192 0.000187509 0.000289612 -0.00116848 0.00142821 0.000166396 0.00153689 0.00174514
internal_weight=12007 9450 2557 2182 1988 1075 775 7268 6767 501 1482 303 300 1179
internal_count=12007 9450 2557 2182 1988 1075 775 7268 6767 501 1482 303 300 1179
is_linear=0
shrinkage=0.025


Tree=128
num_leaves=14
num_cat=0
split_feature=37 36 37 37 35 36 24 36 32 16 4 13 17
split_gain=1.82906 3.09114 1.97092 3.12059 3.13745 2.60178 1.48482 1.50414 1.06351 0.941954 0.709682 1.17689 0.557509
threshold=0.023608304560184482 0.50640758872032177 0.0093609988689422625 0.010728531051427128 0.17345652729272845 0.23131252825260165 19.283883094787601 0.04822350665926934 0.85113823413848888 0.022393968887627128 0.0048204683698713788 -0.35296009480953211 1.019183397293091
decision_type=2 2 2 2 2 2 2 2 2 2 2 2 2
left_child=2 10 6 4 -4 -5 7 -1 -8 -3 11 -2 -12
right_child=1 9 3 5 -6 -7 8 -9 -10 -11 12 -13 -14
leaf_value=0.0032885922924910599 0.0050963393821495308 -0.0024698738049996243 -0.0020861628880352681 -0.00063839233765056885 0.0052844236454997404 0.00071926359768373469 0.0002099504154444377 -0.001270964686717101 0.0028915434544755209 5.3842306571711855e-05 0.0057151373633931024 -0.0013096876735998293 0.00088609144537013507
leaf_weight=236 151 164 901 2914 122 3838 855 345 1136 198 810 210 204
leaf_count=236 151 164 901 2914 122 3838 855 345 1136 198 810 210 204
internal_value=8.92341e-05 0.000838835 -3.63455e-05 -0.000235379 -0.00151873 -3.90335e-05 0.000562185 -0.000539676 0.0008874 -0.0011955 0.00138134 0.00039959 0.00172105
internal_weight=12084 1737 10347 7775 1023 6752 2572 581 1991 362 1375 361 1014
internal_count=12084 1737 10347 7775 1023 6752 2572 581 1991 362 1375 361 1014
is_linear=0
shrinkage=0.025


Tree=129
num_leaves=12
num_cat=0
split_feature=38 19 26 35 16 38 9 16 40 40 34
split_gain=1.87227 2.14627 2.32613 2.06131 2.22469 2.01352 1.97791 2.44182 2.17223 1.23656 0.5937
threshold=-0.076117679476737962 -0.076348751783370958 0.021735690534114841 0.15286604315042499 0.017845361493527893 -0.12632872909307477 0.034171482548117645 0.024322375655174259 1.0889607071876528 0.84739893674850475 -0.054585028439760201
decision_type=2 2 2 2 2 2 2 2 2 2 2
left_child=3 2 -2 4 9 -6 7 -3 -8 -1 -5
right_child=1 6 -4 10 5 -7 8 -9 -10 -11 -12
leaf_value=-7.0082543321330185e-05 0.00037296577048641567 -0.00015424551344588204 -0.0025469718732899511 0.0018874055602013514 0.00066145320725044662 -0.0010517561589377092 -0.0027902143808591117 0.0018337711676985201 6.3720106944064044e-05 0.0039293040176041584 0.0086789353446254745
leaf_weight=372 145 4393 177 141 1591 1109 528 1667 456 1049 399
leaf_count=372 145 4393 177 141 1591 1109 528 1667 456 1049 399
internal_value=0.000121447 -0.000126 -0.00210627 0.000513556 0.000320225 -9.9353e-05 -3.31606e-05 0.000134996 -0.00107053 0.00111939 0.00196101
internal_weight=12027 7366 322 4661 4121 2700 7044 6060 984 1421 540
internal_count=12027 7366 322 4661 4121 2700 7044 6060 984 1421 540
is_linear=0
shrinkage=0.025


Tree=130
num_leaves=14
num_cat=0
split_feature=38 12 31 40 20 37 3 9 40 48 40 27 40
split_gain=1.87243 2.232 2.25152 3.51839 3.31672 1.84407 1.32067 2.38235 1.22905 1.7766 1.30872 0.971026 0.587403
threshold=-0.066093079745769487 -0.031676210463047021 0.96638765931129467 0.73719319701194774 0.25298717617988592 0.0090176579542458075 0.014890164136886598 0.036927955225110061 0.85936430096626293 0.3706896454095841 0.71135449409484874 -0.0011612895759753881 0.83703210949897777
decision_type=2 2 2 2 2 2 2 2 2 2 2 2 2
left_child=5 2 3 -2 -4 12 7 -7 10 -10 -3 -8 -1
right_child=1 8 4 -5 -6 6 11 -9 9 -11 -12 -13 -14
leaf_value=0.0018813531698791863 -0.0025553422203809413 -0.00013688024093412517 -0.00214765912508594 0.00044413384861303969 -0.00054550726315370356 -0.00069754028364043489 -6.4496506730564384e-05 0.0014975736458231999 -0.0015910868351536964 0.00038899079168957303 0.0044416331234105521 0.0021084973874617367 0.0072663557851204768
leaf_weight=134 418 300 480 1789 1318 1967 580 467 480 1490 713 1429 379
leaf_count=134 418 300 480 1789 1318 1967 580 467 480 1490 713 1429 379
internal_value=9.86485e-05 -0.000164271 -0.000550187 -1.1867e-05 -0.00120563 0.000470419 0.000303788 -8.55883e-05 0.000351824 -9.49358e-06 0.00105722 0.000777681 0.00188465
internal_weight=11944 6988 4005 2207 1798 4956 4443 2434 2983 1970 1013 2009 513
internal_count=11944 6988 4005 2207 1798 4956 4443 2434 2983 1970 1013 2009 513
is_linear=0
shrinkage=0.025


Tree=131
num_leaves=13
num_cat=0
split_feature=38 34 35 37 41 34 35 33 35 44 46 34
split_gain=1.87982 2.42084 2.09495 2.25449 1.71962 1.5382 2.66798 2.1177 1.37769 1.1129 0.901467 0.482402
threshold=-0.076117679476737962 0.14085444808006289 0.15286604315042499 0.010051611345261337 0.83417126536369335 0.11949115619063379 0.26460626721382147 -0.0045502039138227693 0.44355171918869024 0.025753145106136802 0.19057226926088336 -0.054585028439760201
decision_type=2 2 2 2 2 2 2 2 2 2 2 2
left_child=2 5 3 10 -5 7 -7 -2 9 -3 -1 -4
right_child=1 8 11 4 -6 6 -8 -9 -10 -11 -12 -13
leaf_value=-0.00079284829537003352 -0.0012607739981288495 0.0039625194979169632 0.0028846555591507104 -0.00011216234686470639 0.0024546746690144688 -0.0017532989162455511 0.000681787815043649 1.7498154828363713e-05 -0.0014985002489479283 -0.00012345461320654072 0.0053990457695789916 0.0090632493654007242
leaf_weight=124 1052 1060 140 3101 282 343 243 4099 172 408 573 390
leaf_count=124 1052 1060 140 3101 282 343 243 4099 172 408 573 390
internal_value=0.000128106 -0.000118701 0.000524106 0.000328947 5.94009e-05 -0.00036159 -0.00157149 -0.000221344 0.000725684 0.000976748 0.00161859 0.00199766
internal_weight=11987 7377 4610 4080 3383 5737 586 5151 1640 1468 697 530
internal_count=11987 7377 4610 4080 3383 5737 586 5151 1640 1468 697 530
is_linear=0
shrinkage=0.025


Tree=132
num_leaves=9
num_cat=0
split_feature=3 48 40 43 47 11 11 35
split_gain=1.72736 1.65419 3.12784 4.0307 3.42312 1.56448 2.10418 1.75868
threshold=0.75209397077560436 0.27622890472412115 0.93450698256492626 -0.10031058266758917 0.27622890472412115 0.016457310877740387 0.030126702040433887 0.066292215138673796
decision_type=2 2 2 2 2 2 2 2
left_child=1 2 4 -4 -1 7 -7 -3
right_child=-2 5 3 -5 -6 6 -8 -9
leaf_value=0.0016650819215673482 -0.0034820153814966019 0.003389980461720522 -0.0039287651462578928 -0.00060533718978543277 -0.00077954003049154224 -7.9174411559679509e-05 0.0021098533110465141 0.00050556719310999539
leaf_weight=1389 139 892 240 473 1300 4585 468 2556
leaf_count=1389 139 892 240 473 1300 4585 468 2556
internal_value=0.00014101 0.000174358 -0.000290211 -0.00175662 9.88308e-05 0.000361069 7.93299e-05 0.000771431
internal_weight=12042 11903 3402 713 2689 8501 5053 3448
internal_count=12042 11903 3402 713 2689 8501 5053 3448
is_linear=0
shrinkage=0.025


Tree=133
num_leaves=14
num_cat=0
split_feature=16 37 36 34 38 37 43 39 35 40 33 40 9
split_gain=2.15193 2.1414 2.5514 2.11472 1.86059 1.67384 0.9633 1.16989 0.884384 0.700066 0.640158 0.58663 0.263197
threshold=0.015581171959638597 0.023460826836526397 0.50640758872032177 0.16881616413593295 -0.018054890446364876 0.012513828929513695 0.0024594960268586878 0.76423513889312755 0.14907828718423846 1.2381936311721804 0.010714028961956503 0.78443455696105968 0.033915149047970779
decision_type=2 2 2 2 2 2 2 2 2 2 2 2 2
left_child=6 3 8 4 -2 -5 7 -1 -3 -9 -4 -8 -13
right_child=1 2 10 5 -6 -7 11 9 -10 -11 -12 12 -14
leaf_value=-0.002009415056647279 7.8510718415796737e-06 0.0016240024113563113 -0.0019156763914752021 0.0056362754361284975 -0.00067356060679619534 -0.0001358694767730617 0.00013983788478497488 0.00272458665303413 0.0075485878211440927 -0.00031667871436553329 6.9595359302784059e-05 0.0060302020764342532 0.00096049151121048242
leaf_weight=167 4578 1092 239 452 3074 543 171 521 338 149 120 475 126
leaf_count=167 4578 1092 239 452 3074 543 171 521 338 149 120 475 126
internal_value=0.000120851 -9.93669e-06 0.000775502 -0.000173515 -0.000315234 0.00090625 0.000970415 0.000369656 0.00125 0.000842593 -0.0010886 0.00160714 0.00197401
internal_weight=12045 10436 1789 8647 7652 995 1609 837 1430 670 359 772 601
internal_count=12045 10436 1789 8647 7652 995 1609 837 1430 670 359 772 601
is_linear=0
shrinkage=0.025


Tree=134
num_leaves=14
num_cat=0
split_feature=31 43 37 8 3 39 44 36 16 30 40 24 26
split_gain=1.82913 2.40394 2.22414 1.56771 1.49453 2.73522 2.14183 1.86621 2.28355 1.81059 1.55557 1.44092 1.20437
threshold=2.3391754627227788 0.12082016840577127 0.017538233660161499 0.037389965727925308 0.026233253069221977 1.2540082931518557 0.015919192694127563 0.21143719553947452 0.016566904261708263 0.013226916547864677 1.3080088496208193 42.950235366821296 0.039820475503802306
decision_type=2 2 2 2 2 2 2 2 2 2 2 2 2
left_child=4 2 -2 11 5 6 -1 8 -6 -9 -7 -3 -5
right_child=1 3 -4 12 7 10 -8 9 -10 -11 -12 -13 -14
leaf_value=0.00075225368287615681 -0.0032543708207761835 0.0016370852680108166 -0.00027204487310915045 -0.0030078948879880391 0.0014331389170547612 0.0027378501646730981 -0.0010343844439640868 0.0023524182536026309 -0.00062398004439882197 0.00074541253394975343 -0.00078025674605185311 -0.00044840348881384004 -0.00033733000483271626
leaf_weight=1200 130 409 131 138 717 393 2313 1833 1697 2434 174 241 219
leaf_count=1200 130 409 131 138 717 393 2313 1833 1697 2434 174 241 219
internal_value=0.000130152 -0.000764925 -0.00288064 -0.000198864 0.000236509 -0.000139229 -0.000401151 0.000466834 -8.62959e-05 0.000780957 0.00146198 0.000524809 -0.00152279
internal_weight=12029 1268 261 1007 10761 4080 3513 6681 2414 4267 567 650 357
internal_count=12029 1268 261 1007 10761 4080 3513 6681 2414 4267 567 650 357
is_linear=0
shrinkage=0.025


Tree=135
num_leaves=12
num_cat=0
split_feature=40 22 13 37 37 33 30 24 21 35 22
split_gain=1.87777 2.22966 2.50075 1.44139 3.92611 2.62013 1.58 1.1716 1.35771 0.984742 0.693581
threshold=1.3232291340827944 0.32493399083614355 -0.05380344204604625 0.0094028580933809298 0.010728531051427128 0.001270830456633121 -0.36818897724151606 20.834758758544925 54.805021286010749 0.27989070117473608 0.58478382229805004
decision_type=2 2 2 2 2 2 2 2 2 2 2
left_child=3 -2 10 7 5 -5 -6 8 -1 -9 -3
right_child=1 2 -4 4 6 -7 -8 9 -10 -11 -12
leaf_value=0.0013345016626514345 -0.0030600553806886654 -0.00064783319267610532 -0.0025049589811367611 -0.0027165450799268441 0.0018349650005808804 -0.00040448823741137397 3.3662758950629018e-05 0.0031542710960477133 -0.0016510122913868342 -0.00029985740783372404 0.0012489902853093247
leaf_weight=380 124 132 142 296 1902 584 6256 1453 282 280 212
leaf_count=380 124 132 142 296 1902 584 6256 1453 282 280 212
internal_value=0.000134981 -0.00120935 -0.000414969 0.000207751 6.23411e-05 -0.00151836 0.000234442 0.000752604 -0.000133058 0.00109393 0.000727077
internal_weight=12043 610 486 11433 9038 880 8158 2395 662 1733 344
internal_count=12043 610 486 11433 9038 880 8158 2395 662 1733 344
is_linear=0
shrinkage=0.025


Tree=136
num_leaves=12
num_cat=0
split_feature=40 17 46 34 38 34 11 35 16 37 36
split_gain=1.99311 2.5541 2.64107 1.69873 1.55251 2.02536 2.1546 1.99313 2.02489 1.25787 0.751105
threshold=1.3232291340827944 0.13741329312324527 0.82868674397468578 0.050646951422095306 -0.076117679476737962 0.16881616413593295 0.016269923187792305 0.15286604315042499 0.01804363634437323 0.012513828929513695 0.45420910418033605
decision_type=2 2 2 2 2 2 2 2 2 2 2
left_child=4 -2 3 -3 7 6 -6 8 -1 -7 -9
right_child=1 2 -4 -5 5 9 -8 10 -10 -11 -12
leaf_value=0.0019234716497095292 0.0011221970316584197 -0.0033814264758408093 0.00015310647998048962 -0.00075580538737329568 0.00026545562733348859 0.005954204546234191 -0.00065704154118204712 0.007938563513147678 -8.1641111828906608e-05 7.1044838048253629e-05 0.0017340694807106991
leaf_weight=1510 153 162 155 132 3503 447 2501 417 2409 523 120
leaf_count=1510 153 162 155 132 3503 447 2501 417 2409 523 120
internal_value=9.5435e-05 -0.00129942 -0.00224945 -0.00362458 0.000169983 -6.21506e-05 -0.00023444 0.000534353 0.000335436 0.00099359 0.00195803
internal_weight=12032 602 449 294 11430 6974 6004 4456 3919 970 537
internal_count=12032 602 449 294 11430 6974 6004 4456 3919 970 537
is_linear=0
shrinkage=0.025


Tree=137
num_leaves=12
num_cat=0
split_feature=30 11 40 48 11 20 39 40 32 5 48
split_gain=2.19688 2.26399 2.66694 2.89527 2.36258 3.21713 1.55523 1.44464 1.24347 0.638958 0.695364
threshold=-0.53645780682563771 0.016522105783224109 0.72322645783424389 0.057776963338255889 0.030126702040433887 -0.084511503577232347 1.3630051612854006 0.90616551041603099 0.55284443497657787 -0.088333595544099794 0.31474687159061437
decision_type=2 2 2 2 2 2 2 2 2 2 2
left_child=8 2 3 -2 5 -3 -4 -6 -1 -10 -11
right_child=1 4 6 -5 7 -7 -8 -9 9 10 -12
leaf_value=-0.00061517175567013364 0.0039125294119385498 -0.0022232047114217239 0.0013932962061003785 -0.0027107897649780947 -0.00041422810796041892 -0.00045794696076754265 -0.00061154132166189976 0.0027233417606347186 0.0084690859353538997 -0.00014457554359674697 0.002288199390219201
leaf_weight=131 185 463 4037 668 179 4182 251 298 226 395 1013
leaf_count=131 185 463 4037 668 179 4182 251 298 226 395 1013
internal_value=6.5549e-05 -7.4138e-05 0.000295618 -0.00097465 -0.000446411 -0.000619624 0.000550606 0.00121629 0.000879237 0.00107001 0.000858988
internal_weight=12028 10263 5141 853 5122 4645 4288 477 1765 1634 1408
internal_count=12028 10263 5141 853 5122 4645 4288 477 1765 1634 1408
is_linear=0
shrinkage=0.025


Tree=138
num_leaves=12
num_cat=0
split_feature=40 21 13 37 37 35 36 32 15 36 43
split_gain=1.69383 2.03228 2.01604 1.55419 4.34026 3.08071 2.5491 2.14121 1.55502 0.932756 0.893314
threshold=1.3232291340827944 52.047250747680671 -0.05380344204604625 0.0094028580933809298 0.010728531051427128 0.17079783976078036 0.21995328366756442 0.77349570393562328 0.52586206793785106 0.16281628608703616 0.0076991620007902392
decision_type=2 2 2 2 2 2 2 2 2 2 2
left_child=3 9 -3 7 5 -5 -6 8 -1 -2 -9
right_child=1 2 -4 4 6 -7 -8 10 -10 -11 -12
leaf_value=0.00066750227705596361 -0.00098459429979322311 0.00083228295043266502 -0.0015615392687765444 -0.0021006204269879646 -0.00046187395169633552 0.0048068699987823711 0.00079798582429369566 0.0011083750601262805 -0.00095389324052159411 -0.0038040482777746245 0.0042963808307276618
leaf_weight=505 124 224 128 784 3039 122 5052 776 370 126 805
leaf_count=505 124 224 128 784 3039 122 5052 776 370 126 805
internal_value=6.89263e-05 -0.00121705 0 0.000137568 -1.40246e-05 -0.00165066 0.000169374 0.000694332 -0.000291193 -0.00291667 0.00124291
internal_weight=12055 602 352 11453 8997 906 8091 2456 875 250 1581
internal_count=12055 602 352 11453 8997 906 8091 2456 875 250 1581
is_linear=0
shrinkage=0.025


Tree=139
num_leaves=12
num_cat=0
split_feature=30 11 31 38 46 48 40 17 35 36 36
split_gain=1.63085 2.10966 2.58366 2.51624 1.97681 3.0976 2.45483 1.15227 1.18787 3.46509 0.460292
threshold=-0.51477009057998646 0.016269923187792305 0.14375075697898868 -0.12114493548870085 0.20983126014471057 0.38114453852176672 0.47328618168830877 -0.05692919343709945 0.10452870279550554 0.30876837670803076 0.2412400618195534
decision_type=2 2 2 2 2 2 2 2 2 2 2
left_child=7 4 -3 -4 5 -2 -6 -1 9 -9 -10
right_child=1 2 3 -5 6 -7 -8 8 10 -11 -12
leaf_value=0.0045975833983000021 -0.0023053503113237518 -0.0016499564441804797 0.0010642343774950045 -0.00057181336507453279 -0.0036744882245322973 0.0011633996791242226 0.0013818738302862398 0.00058315613222610586 -0.00024622428148438064 -0.0030821787291103308 0.0034768732325270663
leaf_weight=289 458 215 1398 3652 133 590 3764 702 122 120 648
leaf_count=289 458 215 1398 3652 133 590 3764 702 122 120 648
internal_value=0.000144366 1.89673e-05 -0.00032851 -0.000211424 0.000390152 -0.000568613 0.000649987 0.000819857 0.00054712 -0.000107316 0.00125
internal_weight=12091 10210 5265 5050 4945 1048 3897 1881 1592 822 770
internal_count=12091 10210 5265 5050 4945 1048 3897 1881 1592 822 770
is_linear=0
shrinkage=0.025


Tree=140
num_leaves=13
num_cat=0
split_feature=30 37 37 33 3 35 32 11 22 48 35 5
split_gain=2.3109 2.53509 3.72562 2.98264 1.79197 1.36768 1.29619 1.10547 1.01828 0.678739 0.853535 0.409853
threshold=-0.56936088204383839 0.0094028580933809298 0.010728531051427128 0.0011185695766471329 0.012485699262470009 0.27989070117473608 0.55284443497657787 0.016705771908164028 0.83153104782104503 0.29548789560794836 -0.022741124965250489 0.50157001614570629
decision_type=2 2 2 2 2 2 2 2 2 2 2 2
left_child=6 5 3 -3 -4 7 -1 -2 -7 10 -8 -11
right_child=1 2 4 -5 -6 8 9 -9 -10 11 -12 -13
leaf_value=-0.00077104919978821364 0.0023070561108546315 -0.0030712563207477444 -0.00081421358220442317 -0.00061453246341195366 0.00020242022362652485 0.00027212346822186095 -0.0020992727877565411 -4.3582800714712522e-05 -0.0019261997673660379 0.0030127201696882673 0.0016293374813503014 0.00056501917056159137
leaf_weight=124 1513 265 2170 581 5021 188 176 511 132 764 250 292
leaf_count=124 1513 265 2170 581 5021 188 176 511 132 764 250 292
internal_value=8.64119e-05 -4.97062e-05 -0.000261284 -0.00182579 -7.52153e-05 0.000672095 0.000967567 0.000913627 -0.000826923 0.00117603 0.000310325 0.00151626
internal_weight=11987 10381 8037 846 7191 2344 1606 2024 320 1482 426 1056
internal_count=11987 10381 8037 846 7191 2344 1606 2024 320 1482 426 1056
is_linear=0
shrinkage=0.025


Tree=141
num_leaves=9
num_cat=0
split_feature=31 17 3 3 40 36 13 35
split_gain=1.75493 2.12206 1.60729 1.88404 2.24275 1.76832 1.59093 1.18362
threshold=2.1967362165451054 0.78236094117164623 0.60100480914115917 0.20410848408937457 0.72322645783424389 0.1149810738861561 -0.23228219896554944 0.20559851080179217
decision_type=2 2 2 2 2 2 2 2
left_child=2 -2 3 4 -1 -5 -3 -8
right_child=1 6 -4 5 -6 -7 7 -9
leaf_value=-0.0011475795339007371 -0.002919220246653499 -0.0016194234274945034 -0.0029838209689935294 -0.00045253829781935289 0.00023648541343665011 0.002173917359192464 -0.00087218271959973504 0.0014277164730150892
leaf_weight=1053 157 161 139 483 6405 2481 578 620
leaf_count=1053 157 161 139 483 6405 2481 578 620
internal_value=0.000100253 -0.000692801 0.000214958 0.00025163 3.8691e-05 0.000784355 -0.00036382 -4.05236e-05
internal_weight=12077 1516 10561 10422 7458 2964 1359 1198
internal_count=12077 1516 10561 10422 7458 2964 1359 1198
is_linear=0
shrinkage=0.025


Tree=142
num_leaves=13
num_cat=0
split_feature=43 30 40 8 40 46 31 44 3 43 30 48
split_gain=1.51995 2.19173 2.48785 2.47766 2.76642 1.95171 4.12206 1.94665 1.76638 1.99689 1.70316 1.6457
threshold=-0.19608555734157559 0.20214699953794482 1.299741864204407 0.0267880242317915 1.0921148061752322 0.69589141011238109 0.47551032900810247 0.028855149634182457 0.57085177302360546 0.027433089911937717 0.41430456936359411 0.57171678543090831
decision_type=2 2 2 2 2 2 2 2 2 2 2 2
left_child=1 2 11 10 -5 8 -7 -8 9 -2 -3 -1
right_child=5 3 -4 4 -6 6 7 -9 -10 -11 -12 -13
leaf_value=-0.00041344602504601619 0.00038700527092927359 -0.0020658313189257402 -0.0024529093972333067 -0.0038451458632596347 -0.001113360561092263 -0.0041458413705737105 0.00052437873389178755 -0.00091520273289054973 -0.0026651532053289344 0.0021053072984931307 0.00048729433478545228 0.0014070202960405557
leaf_weight=897 3297 182 122 141 120 134 2635 986 135 2258 397 718
leaf_count=897 3297 182 122 141 120 134 2635 986 135 2258 397 718
internal_value=0.000139166 -0.000397463 0.000106917 -0.00144231 -0.00344455 0.000286376 -0.000154588 5.86055e-06 0.000578358 0.000648606 -0.000507277 0.000374228
internal_weight=12022 2577 1737 840 261 9445 3755 3621 5690 5555 579 1615
internal_count=12022 2577 1737 840 261 9445 3755 3621 5690 5555 579 1615
is_linear=0
shrinkage=0.025


Tree=143
num_leaves=15
num_cat=0
split_feature=37 37 33 35 3 30 3 15 15 11 23 26 31 33
split_gain=1.93438 3.59243 2.78878 5.58281 2.2654 1.82756 1.30036 1.28072 1.2094 1.13888 1.07084 0.694369 0.533798 0.316897
threshold=0.0094028580933809298 0.010728531051427128 0.001270830456633121 0.12682235985994342 0.68107792735099804 -0.76760950684547413 0.074113078415393843 0.52586206793785106 0.38793103396892553 0.013179603032767774 0.11756280809640886 0.016608083620667461 0.3600099533796311 0.0083746323361992853
decision_type=2 2 2 2 2 2 2 2 2 2 2 2 2 2
left_child=7 2 3 -2 5 -3 -4 8 12 13 -11 -10 -1 -9
right_child=1 4 6 -5 -6 -7 -8 9 11 10 -12 -13 -14 -15
leaf_value=-0.00047234733581378793 -8.2052691833766633e-05 0.0028796753956252647 -0.0014209077139654327 -0.0041354858390868178 -0.0030642084219545404 5.8220586809815469e-05 0.00042975092772826033 0.00093366880424761644 0.00088075526962150946 -0.0006969151510960326 0.00016357779441873558 0.0047412617749717717 0.00091742578809578192 0.0067239181537268392
leaf_weight=164 171 738 275 148 176 7597 368 149 403 226 426 648 462 132
leaf_count=164 171 738 275 148 176 7597 368 149 403 226 426 648 462 132
internal_value=0.000122125 -4.33899e-05 -0.00148785 -0.00338349 0.000119921 0.000180606 -0.000518904 0.000724187 0.0011363 -1.19935e-05 -0.000591705 0.00165365 0.000251585 0.00129808
internal_weight=12083 9473 962 319 8511 8335 643 2610 1677 933 652 1051 626 281
internal_count=12083 9473 962 319 8511 8335 643 2610 1677 933 652 1051 626 281
is_linear=0
shrinkage=0.025


Tree=144
num_leaves=13
num_cat=0
split_feature=16 37 34 33 34 34 26 39 27 17 40 15
split_gain=1.95161 2.21959 1.76687 1.92723 1.57818 1.28524 1.16816 0.825779 1.21367 0.446547 0.431569 0.378054
threshold=0.015344067476689817 0.023460826836526397 0.14490271359682086 0.022177940234541896 -0.047469479963183396 -0.089737553149461732 0.017548909410834316 0.76423513889312755 0.00048748798144515609 0.96617126464843761 1.2381936311721804 0.28448276221752172
decision_type=2 2 2 2 2 2 2 2 2 2 2 2
left_child=7 2 3 -2 5 -3 -4 8 -1 -6 11 -9
right_child=1 4 6 -5 9 -7 -8 10 -10 -11 -12 -13
leaf_value=0.0046196731769623696 -0.00025643135881434352 0.0010158741104264008 -0.0011563958428995084 -0.0018683740448280741 0.0044700718256802168 -0.0010545756867323106 0.0021289953549944521 0.00086986422247734571 -0.0020949257001335337 0.00045717458777819327 0.00018722644190999972 0.0045034633936748289
leaf_weight=153 6958 544 131 300 736 321 1382 208 207 162 185 710
leaf_count=153 6958 544 131 300 736 321 1382 208 207 162 185 710
internal_value=0.000117585 -8.30156e-07 -0.000164226 -0.000326828 0.000806703 3.59196e-05 0.000610178 0.00097156 -5.13698e-05 0.00153793 0.00130979 0.00153169
internal_weight=11997 10534 8771 7258 1763 865 1513 1463 360 898 1103 918
internal_count=11997 10534 8771 7258 1763 865 1513 1463 360 898 1103 918
is_linear=0
shrinkage=0.025


Tree=145
num_leaves=8
num_cat=0
split_feature=13 45 4 40 48 17 0
split_gain=1.57361 1.82127 2.42954 1.47199 2.82225 2.69373 1.03776
threshold=-0.49232041835784907 0.057776963338255889 -0.12902899831533429 0.93450698256492626 0.38114453852176672 1.4812478423118594 -0.0079015665687620622
decision_type=2 2 2 2 2 2 2
left_child=-1 2 6 5 -5 -3 -2
right_child=1 3 -4 4 -6 -7 -8
leaf_value=0.007341298083057452 -0.0021326609899951746 0.00062634501562362777 -0.002175033910873936 -0.0014432154196970513 0.0001963158520434387 -0.0024725678634496331 0.00066969557009313534
leaf_weight=182 121 4980 184 1170 5010 120 226
leaf_count=182 121 4980 184 1170 5010 120 226
internal_value=0.000123041 8.64295e-05 -0.00133629 0.000154519 -0.000104082 0.000468903 -7.45738e-05
internal_weight=11993 11811 531 11280 6180 5100 347
internal_count=11993 11811 531 11280 6180 5100 347
is_linear=0
shrinkage=0.025


Tree=146
num_leaves=11
num_cat=0
split_feature=30 11 31 9 46 13 36 32 17 20
split_gain=1.64703 2.37384 3.04855 2.06239 1.5647 3.60232 1.49782 1.06937 0.703548 0.756189
threshold=-0.56936088204383839 0.016269923187792305 0.14375075697898868 0.040473159402608878 0.094827588647604003 -0.21294903755187986 -0.013162304647266863 0.55284443497657787 -0.11126913130283354 0.21074266731739047
decision_type=2 2 2 2 2 2 2 2 2 2
left_child=7 4 -3 -4 5 -2 -6 -1 -9 -10
right_child=1 2 3 -5 6 -7 -8 8 9 -11
leaf_value=-0.00053633236012018274 0.00054635926723666645 -0.0020916077102346438 -0.00051622149807028573 0.0011171393425715584 0.0045762200690106399 -0.0037479888584241645 0.00037115300902883252 0.0078066131272965401 0.00069101301477766182 0.0015540048683212165
leaf_weight=126 282 221 4359 775 559 161 4016 189 879 419
leaf_count=126 282 221 4359 775 559 161 4016 189 879 419
internal_value=4.65975e-05 -6.85343e-05 -0.000434935 -0.000308182 0.000321272 -0.00108538 0.00045988 0.000788783 0.00097939 0.000758826
internal_weight=11986 10373 5355 5134 5018 443 4575 1613 1487 1298
internal_count=11986 10373 5355 5134 5018 443 4575 1613 1487 1298
is_linear=0
shrinkage=0.025


Tree=147
num_leaves=13
num_cat=0
split_feature=43 13 39 13 40 30 11 3 37 11 36 46
split_gain=1.76858 1.94177 2.30102 4.15305 2.2622 2.05157 2.46878 1.6813 1.57357 2.08453 1.09401 0.978444
threshold=-0.19608555734157559 -0.2087912783026695 0.90109646320343029 -0.10475189611315726 1.2549499273300173 0.33151254057884222 0.016457310877740387 0.75209397077560436 0.023460826836526397 0.016877617686986927 0.51813128590583812 0.27622890472412115
decision_type=2 2 2 2 2 2 2 2 2 2 2 2
left_child=1 5 3 -3 -4 11 -7 8 9 -2 -10 -1
right_child=7 2 4 -5 -6 6 -8 -9 10 -11 -12 -13
leaf_value=0.0010091857809902635 0.00074981272275440091 -0.0034605633115021052 0.00049513950065886681 0.0010268060475265241 -0.0023422290263397445 0.00026269288548099097 -0.002145517743782977 -0.0032186334478623221 0.003305589736627946 -0.00033613168527941946 -0.00027538543546237737 -0.0005180531678972511
leaf_weight=878 4411 173 487 124 126 233 171 151 1086 3493 269 392
leaf_count=878 4411 173 487 124 126 233 171 151 1086 3493 269 392
internal_value=6.28178e-05 -0.00051516 -0.00144126 -0.00323262 -0.000544094 -5.21134e-06 -0.00154951 0.000222385 0.000266219 0.000130073 0.00105239 0.000485294
internal_weight=11994 2584 910 297 613 1674 404 9410 9259 7904 1355 1270
internal_count=11994 2584 910 297 613 1674 404 9410 9259 7904 1355 1270
is_linear=0
shrinkage=0.025


Tree=148
num_leaves=8
num_cat=0
split_feature=13 43 31 9 40 40 40
split_gain=1.55894 1.67919 3.42395 2.42706 2.2444 2.16778 1.71122
threshold=-0.49232041835784907 -0.043107284232974045 2.1967362165451054 0.034688377752900131 0.94036948680877697 0.47328618168830877 1.1188697814941408
decision_type=2 2 2 2 2 2 2
left_child=-1 2 4 5 -2 -3 -5
right_child=1 3 -4 6 -6 -7 -8
leaf_value=0.0074109897797612059 0.00066989254211293479 -0.0025068210281289074 -0.0035475689339138786 -0.0010221874810743944 -0.00061727761344170396 0.0010137403185319592 0.0008388097499877101
leaf_weight=175 1894 207 135 1085 3023 4933 605
leaf_count=175 1894 207 135 1085 3023 4933 605
internal_value=8.59104e-05 5.03702e-05 -0.000294394 0.000306328 -0.000183106 0.000577017 -0.000512537
internal_weight=12057 11882 5052 6830 4917 5140 1690
internal_count=12057 11882 5052 6830 4917 5140 1690
is_linear=0
shrinkage=0.025


Tree=149
num_leaves=14
num_cat=0
split_feature=30 43 46 31 11 12 31 35 34 31 26 29 23
split_gain=1.80852 1.93011 2.82246 2.43223 2.24222 4.00776 1.77801 1.23924 1.39794 0.520265 0.469256 0.451031 0.0137396
threshold=-0.5929550528526305 0.019242695532739166 0.63811445236206066 0.65841788053512584 0.030545287765562538 -0.2833248078823089 1.134398400783539 0.10452870279550554 0.067899681627750411 0.8807472586631776 0.025415546260774139 0.054067395627498634 0.23539543151855472
decision_type=2 2 2 2 2 2 2 2 2 2 2 2 2
left_child=7 4 6 -4 5 -2 -3 8 10 12 -1 -11 -9
right_child=1 2 3 -5 -6 -7 -8 9 -10 11 -12 -13 -14
leaf_value=0.0018018381880654999 -0.0026958963096132302 0.0033144701277070506 -0.0035066073507443634 3.4036579749468319e-05 0.0027909577339372349 -0.00023371180022483691 0.00012741458555829536 0.0041028211279315312 -0.00087191531379541404 -0.00039305388635006011 -0.00019949528841312471 0.0020752439374100277 0.0044221843830455848
leaf_weight=449 228 1179 151 3103 192 4955 702 334 184 120 192 120 123
leaf_count=449 228 1179 151 3103 192 4955 702 334 184 120 192 120 123
internal_value=0.00011205 -4.16063e-06 0.000341683 -0.000102409 -0.000335734 -0.000435862 0.00111148 0.000916012 0.000248494 0.00168981 0.000806889 0.000688776 0.00218885
internal_weight=12032 10510 5135 3254 5375 5183 1881 1522 825 697 641 240 457
internal_count=12032 10510 5135 3254 5375 5183 1881 1522 825 697 641 240 457
is_linear=0
shrinkage=0.025


Tree=150
num_leaves=12
num_cat=0
split_feature=31 43 37 11 45 0 36 45 46 37 33
split_gain=1.5267 2.70587 2.908 1.84636 1.76462 2.91549 2.32538 1.63116 0.881304 0.421298 0.00196685
threshold=2.4081935882568364 0.18572574108839038 0.016472292132675651 0.030126702040433887 0.057776963338255889 -0.011976707726716994 0.23131252825260165 0.99137932062149059 0.95286133885383617 0.013150781858712437 0.0063759058248251685
decision_type=2 2 2 2 2 2 2 2 2 2 2
left_child=3 2 -2 4 5 -1 -6 8 -3 -5 -11
right_child=1 7 -4 9 6 -7 -8 -9 -10 10 -12
leaf_value=-0.0023993995014668962 -0.002934873691329594 -7.4470366015190999e-05 -0.00030528568676393113 0.00071673242209298034 -0.00018492707275964733 -3.4427578159282102e-05 0.00080444130970424351 -0.0018660262043337162 0.0020552657672297295 0.0026925460740081673 0.0019627870647775146
leaf_weight=139 139 438 179 121 4662 403 5237 152 255 214 133
leaf_count=139 139 438 179 121 4662 403 5237 152 255 214 133
internal_value=9.9259e-05 -0.000758776 -0.00270511 0.000191612 0.000121697 -0.00125914 0.000198531 -7.35285e-06 0.000503224 0.0017204 0.00216264
internal_weight=12072 1163 318 10909 10441 542 9899 845 693 468 347
internal_count=12072 1163 318 10909 10441 542 9899 845 693 468 347
is_linear=0
shrinkage=0.025


Tree=151
num_leaves=15
num_cat=0
split_feature=30 11 38 5 34 13 31 10 14 35 37 26 35 10
split_gain=1.85543 1.61275 2.14971 2.18259 1.94008 1.84289 3.58768 0.819034 0.938101 0.950357 0.621215 0.487505 0.843634 0.136165
threshold=-0.56936088204383839 0.016457310877740387 -0.160966582596302 0.055011471733450897 -0.042106898501515382 -0.26960365474224085 0.4479957520961762 0.012973958160728218 0.63811445236206066 0.10452870279550554 0.011099861003458502 0.024805836379528049 0.1560495123267174 0.0086070103570818918
decision_type=2 2 2 2 2 2 2 2 2 2 2 2 2 2
left_child=7 5 3 -3 -4 10 -7 8 9 -1 -2 -9 -13 -10
right_child=1 2 4 -5 -6 6 -8 11 13 -11 -12 12 -14 -15
leaf_value=-0.0012520008076148889 0.0028439036176011942 -0.0026363907442168038 -0.0016124394438746031 0.0030402871846149492 -0.00025575281008796425 -0.0016066340141475098 0.00079427908477317703 0.0047765141621524737 0.0019913902138797269 0.0020082007842377575 0.00048087142915922304 -2.6939593128545239e-05 0.0047313765819619741 0.00041176334966319623
leaf_weight=193 421 147 675 641 3827 1101 3349 443 122 181 220 313 238 127
leaf_count=193 421 147 675 641 3827 1101 3349 443 122 181 220 313 238 127
internal_value=9.90378e-05 -2.32283e-05 -0.00032932 0.000868537 -0.000541103 0.000293613 0.000110831 0.000885481 0.000161226 -0.000616755 0.00154218 0.00133008 0.000802608 0.0013435
internal_weight=11998 10381 5290 788 4502 5091 4450 1617 623 374 641 994 551 249
internal_count=11998 10381 5290 788 4502 5091 4450 1617 623 374 641 994 551 249
is_linear=0
shrinkage=0.025


Tree=152
num_leaves=14
num_cat=0
split_feature=38 36 36 16 34 40 45 36 35 41 37 33 23
split_gain=1.71997 2.19456 2.4289 3.42114 2.20899 1.65374 1.69967 1.56181 1.85622 1.54983 1.49021 1.21102 0.888526
threshold=-0.017394313588738438 0.29300558567047125 0.17028401792049411 0.021037297323346141 0.10040597990155221 1.3354960680007937 0.057776963338255889 0.5289275348186494 0.22327419370412829 0.59875023365020763 0.0091045871376991289 -0.0085596800781786424 0.17059069871902469
decision_type=2 2 2 2 2 2 2 2 2 2 2 2 2
left_child=7 2 4 -4 -2 6 -3 8 10 -9 -1 -10 -11
right_child=1 5 3 -5 -6 -7 -8 9 11 12 -12 -13 -14
leaf_value=0.0025336813821965325 -0.0011206609132556036 -0.0015902069191336952 -0.00075089590426951226 -0.0024474143641945983 0.0039118190406812123 -0.0021899320167124911 0.00056508590329887656 0.00085790673402071397 -1.2659798553232285e-05 -0.0034573400851139074 0.00013821993740156802 0.0053028386400973977 -0.00088856467489711812
leaf_weight=860 507 162 343 297 290 136 2658 161 224 120 5394 661 174
leaf_count=860 507 162 343 297 290 136 2658 161 224 120 5394 661 174
internal_value=0.00013436 -0.000258356 -0.00105843 -0.00219961 -0.000126247 0.000129602 0.000263274 0.000362383 0.000453702 -0.0010462 0.000300168 0.00152388 -0.00211957
internal_weight=11987 4393 1437 640 797 2956 2820 7594 7139 455 6254 885 294
internal_count=11987 4393 1437 640 797 2956 2820 7594 7139 455 6254 885 294
is_linear=0
shrinkage=0.025


Tree=153
num_leaves=9
num_cat=0
split_feature=40 46 47 27 3 45 20 40
split_gain=1.91593 2.21114 2.97328 1.82004 1.70753 1.56323 1.60298 1.07687
threshold=1.3232291340827944 0.3706896454095841 0.82868674397468578 0.0015265997499227526 0.71032688021659862 0.057776963338255889 -0.043657075613737099 0.73075467348098766
decision_type=2 2 2 2 2 2 2 2
left_child=4 -2 3 -3 5 6 -1 -7
right_child=1 2 -4 -5 -6 7 -8 -9
leaf_value=-0.00011517437459045587 0.0013204291490710232 -0.0030593680325321964 3.9471963814924181e-05 -0.001409652249940921 -0.0025062614024622181 -0.00030264695723317185 -0.0026144511374839225 0.00051903111726065115
leaf_weight=407 124 125 210 134 174 1444 177 9151
leaf_count=407 124 125 210 134 174 1444 177 9151
internal_value=6.34885e-05 -0.0013148 -0.00210179 -0.00386837 0.000136578 0.000175809 -0.00107598 0.000245873
internal_weight=11946 593 469 259 11353 11179 584 10595
internal_count=11946 593 469 259 11353 11179 584 10595
is_linear=0
shrinkage=0.025


Tree=154
num_leaves=15
num_cat=0
split_feature=38 34 36 16 35 36 19 36 35 35 36 26 25 39
split_gain=1.85057 2.33204 2.409 4.23603 2.24116 1.92195 1.77704 1.65968 2.19215 2.05868 1.52426 1.35504 1.02304 0.826728
threshold=-0.02988556586205959 0.14313192665576938 0.28969728946685797 0.018485289998352531 0.38581290841102606 0.51813128590583812 0.0082232309505343455 0.23131252825260165 0.12548054009675982 0.028608522377908233 0.38377764821052557 0.017548909410834316 -6.918184518814086 0.93198764324188244
decision_type=2 2 2 2 2 2 2 2 2 2 2 2 2 2
left_child=5 2 3 -2 11 7 12 8 -1 -9 -4 -3 -7 -8
right_child=1 4 10 -5 -6 6 13 9 -10 -11 -12 -13 -14 -15
leaf_value=0.00040155176424709437 0.00015308496786923078 -0.00092314321547552758 0.0005370923778414056 -0.0020425962763887594 -0.0012222651245510398 -0.00078997075605862692 0.0031122865718329266 8.0644860803028774e-05 -0.0010311126033980872 0.0046518291495582995 -0.00088555235079069083 0.0034167709191473975 -0.0040398369373114132 -0.00052083327278673716
leaf_weight=3351 705 138 1238 898 260 142 127 975 557 1598 786 1029 124 134
leaf_count=3351 705 138 1238 898 260 142 127 975 557 1598 786 1029 124 134
internal_value=9.51977e-05 -0.000268581 -0.000606071 -0.00132851 0.000583974 0.000358442 -0.00108318 0.000477374 0.00015046 0.000970229 -2.89551e-05 0.00105482 -0.00250461 0.000361842
internal_weight=12062 5054 3627 1603 1427 7008 527 6481 3908 2573 2024 1167 266 261
internal_count=12062 5054 3627 1603 1427 7008 527 6481 3908 2573 2024 1167 266 261
is_linear=0
shrinkage=0.025


Tree=155
num_leaves=12
num_cat=0
split_feature=36 46 38 17 26 31 20 20 30 30 46
split_gain=1.58221 1.80288 1.57803 2.14191 1.78703 1.61412 3.80949 3.36388 1.10568 0.570996 0.121808
threshold=-0.029704597778618332 0.16269258409738543 -0.160966582596302 0.50247034430503856 0.033345108851790435 0.93826782703399669 0.11906041949987413 0.26398786902427679 -0.11876210570335387 -0.41039139032363886 0.81896552443504345
decision_type=2 2 2 2 2 2 2 2 2 2 2
left_child=1 -1 3 4 -2 6 -4 -7 9 -3 -5
right_child=2 8 5 10 -6 7 -8 -9 -10 -11 -12
leaf_value=-0.0016295880399710392 -0.0013122454962330883 0.0039344087427727334 -0.00024895597805063964 0.0045366107186077522 0.0033969116611639125 -0.0012520798008377489 0.0017213442329283995 -2.1283100888359698e-05 0.0052534971376600806 -0.00095983591381620546 0.0010290430837396568
leaf_weight=125 257 128 3120 349 179 1229 2081 3789 476 130 161
leaf_count=125 257 128 3120 349 179 1229 2081 3789 476 130 161
internal_value=8.76009e-05 0.00111834 7.27404e-06 0.000981861 -0.00029195 -8.27708e-05 0.000224981 -0.000402897 0.00159506 0.000242396 0.00207524
internal_weight=12024 859 11165 946 436 10219 5201 5018 734 258 510
internal_count=12024 859 11165 946 436 10219 5201 5018 734 258 510
is_linear=0
shrinkage=0.025


Tree=156
num_leaves=12
num_cat=0
split_feature=36 17 36 17 31 20 9 45 30 44 29
split_gain=1.49275 2.03124 1.92866 2.74586 2.41999 4.04214 2.2122 2.1259 0.889668 0.854632 0.610167
threshold=-0.029704597778618332 -0.064242973923683153 0.21995328366756442 -0.13503380864858625 1.0760031938552859 0.25880980491638189 0.046508917585015304 0.038517974317073829 0.013226916547864677 0.014687998220324518 0.036262731999158866
decision_type=2 2 2 2 2 2 2 2 2 2 2
left_child=1 -1 3 9 7 -6 -5 -4 10 -2 -3
right_child=2 8 4 6 5 -7 -8 -9 -10 -11 -12
leaf_value=-0.0019118198435491855 0.0024600373894522838 -0.00088318931446265984 -0.0014688522529528137 -0.00080748991473636185 -0.0015376303082951283 0.00025242522951969651 0.0028573815181014246 0.0014498419606471379 0.0051341528861878682 0.00058478768289374559 0.0039583269570883234
leaf_weight=146 235 160 191 3561 569 2948 169 3109 396 396 152
leaf_count=146 235 160 191 3561 569 2948 169 3109 396 396 152
internal_value=0.00010582 0.0011103 2.80561e-05 -0.000381642 0.000291154 -0.000163614 -0.000640897 0.000777232 0.00166725 0.00113404 0.000626972
internal_weight=12032 854 11178 4361 6817 3517 3730 3300 708 631 312
internal_count=12032 854 11178 4361 6817 3517 3730 3300 708 631 312
is_linear=0
shrinkage=0.025


Tree=157
num_leaves=9
num_cat=0
split_feature=13 43 29 31 31 44 36 31
split_gain=1.46321 1.55165 1.99194 2.2533 1.55241 1.44031 2.69557 2.67181
threshold=-0.49232041835784907 -0.19608555734157559 0.055221378803253181 0.38754710555076605 0.28899222612380987 0.029032828286290172 0.23131252825260165 1.184853792190552
decision_type=2 2 2 2 2 2 2 2
left_child=-1 2 4 -4 -2 6 -3 -7
right_child=1 5 3 -5 -6 7 -8 -9
leaf_value=0.0068258285827893887 0.00054462463345521868 -8.7295985004367632e-05 -0.0025269528443646206 -0.00025416353201164872 -0.00084108101071954291 0.0024984040737324521 0.0014656903085980763 -0.00096068420417909188
leaf_weight=170 761 3738 307 585 821 361 4046 1231
leaf_count=170 761 3738 307 585 821 361 4046 1231
internal_value=0.000122141 8.80431e-05 -0.000467426 -0.00140886 6.22244e-05 0.000235449 0.000376011 -0.000446932
internal_weight=12020 11850 2474 892 1582 9376 7784 1592
internal_count=12020 11850 2474 892 1582 9376 7784 1592
is_linear=0
shrinkage=0.025


Tree=158
num_leaves=9
num_cat=0
split_feature=40 32 4 21 3 3 48 9
split_gain=1.60326 1.82399 1.9479 2.12849 1.36362 1.53671 2.69907 1.2224
threshold=1.3232291340827944 0.78909826278686535 0.094414874911308302 59.31067085266114 0.75209397077560436 0.041121214628219611 0.81896552443504345 0.034557458013296134
decision_type=2 2 2 2 2 2 2 2
left_child=4 -2 -3 -4 5 6 -1 -7
right_child=1 2 3 -5 -6 7 -8 -9
leaf_value=-0.00043539769384846167 0.00073051010439177785 5.2717520324083601e-05 -0.0030181690451650139 -0.0005702144755030474 -0.0032378277786616737 0.00098112065654964629 0.001625234312888858 -0.00026421524608789972
leaf_weight=3608 157 166 144 144 125 5794 609 1256
leaf_count=3608 157 166 144 144 125 5794 609 1256
internal_value=0.000118775 -0.00112216 -0.00192538 -0.00315273 0.000186343 0.000216133 -0.000160173 0.000442062
internal_weight=12003 611 454 288 11392 11267 4217 7050
internal_count=12003 611 454 288 11392 11267 4217 7050
is_linear=0
shrinkage=0.025


Tree=159
num_leaves=13
num_cat=0
split_feature=38 35 37 24 31 19 36 10 15 17 28 36
split_gain=1.62765 2.39708 2.15311 1.75274 3.4019 2.0778 1.59364 1.5757 2.55525 1.37935 1.14602 0.634778
threshold=-0.072625271975994096 0.15286604315042499 0.010051611345261337 23.375610351562504 2.1181811094284062 -0.074225250631570802 0.48833210766315466 0.023232261650264267 0.4224137961864472 -0.042967382818460458 0.42499999701976782 0.50640758872032177
decision_type=2 2 2 2 2 2 2 2 2 2 2 2
left_child=1 2 9 4 5 -2 -4 10 -9 -1 -5 -3
right_child=3 11 6 7 -6 -7 -8 8 -10 -11 -12 -13
leaf_value=-0.0017008831644493468 -0.0025116848705040024 0.0065715556614289088 0.00010999782792578553 0.0016698214976753085 -0.0034186633191117181 -0.00025789920351212438 -0.0016455060074035026 -0.0022631149847611616 9.1249749678447989e-05 0.0044328686128094139 0.00012293008983171842 0.0030454518492184402
leaf_weight=124 125 444 3251 503 166 2022 251 171 315 582 4032 132
leaf_count=124 125 444 3251 503 166 2022 251 171 315 582 4032 132
internal_value=8.56843e-05 0.000444508 0.00023469 -0.00014767 -0.000716674 -0.000442031 -1.81778e-05 0.000113659 -0.00122963 0.0014891 0.000260187 0.00195138
internal_weight=12118 4784 4208 7334 2313 2147 3502 5021 486 706 4535 576
internal_count=12118 4784 4208 7334 2313 2147 3502 5021 486 706 4535 576
is_linear=0
shrinkage=0.025


Tree=160
num_leaves=13
num_cat=0
split_feature=30 37 37 35 40 35 3 10 40 37 40 37
split_gain=1.63832 1.51861 3.16966 2.86337 1.72312 1.61818 1.8707 1.39014 1.18708 0.870851 0.348465 0.0225
threshold=-0.76760950684547413 0.0093609988689422625 0.010728531051427128 0.17345652729272845 0.9525931477546693 0.27989070117473608 0.23558918386697772 0.012033809907734396 0.67508780956268322 0.0091993757523596304 0.82843303680419933 0.016015201807022098
decision_type=2 2 2 2 2 2 2 2 2 2 2 2
left_child=7 5 3 -3 -4 8 -7 9 -2 -1 -9 -12
right_child=1 2 4 -5 -6 6 -8 10 -10 -11 11 -13
leaf_value=-0.00079617218613743386 -0.00089439098132893403 -0.001781193104809475 0.00051480500394685859 0.0054222696430651085 -0.00037774106110490956 -0.0022983422021116058 0.00034103046279237824 0.0034696678943940636 0.0015340455507737922 0.00079810222283272349 0.0023665912936893592 0.0040828272479326959
leaf_weight=124 199 855 3755 126 3970 123 207 157 1886 221 153 315
leaf_count=124 199 855 3755 126 3970 123 207 157 1886 221 153 315
internal_value=0.000113364 2.66269e-05 -0.000126708 -0.00146171 4.28526e-05 0.000581095 -0.00102612 0.00109615 0.000840311 -0.000160714 0.00179563 0.00214323
internal_weight=12091 11121 8706 981 7725 2415 330 970 2085 345 625 468
internal_count=12091 11121 8706 981 7725 2415 330 970 2085 345 625 468
is_linear=0
shrinkage=0.025


Tree=161
num_leaves=13
num_cat=0
split_feature=38 24 11 40 31 9 5 47 34 38 3 29
split_gain=1.70214 1.90051 2.83143 2.326 1.76144 1.68554 3.09306 2.31777 1.50928 5.39572 1.67672 0.793301
threshold=-0.051613446325063699 18.694856643676761 0.015213367063552143 1.103537976741791 0.034507069736719138 0.034171482548117645 0.58857229351997387 0.73275861144065868 -0.034104479476809495 -0.16257522255182263 0.030908269807696346 0.028763033449649814
decision_type=2 2 2 2 2 2 2 2 2 2 2 2
left_child=4 2 11 -4 -1 7 -7 -3 9 -6 -10 -2
right_child=1 5 3 -5 8 6 -8 -9 10 -11 -12 -13
leaf_value=-0.0018379438411989255 0.0041699213548294766 -8.213513979631279e-05 -0.0023899412872414863 -8.5679223548021163e-05 0.0031503070194144945 0.004968560339755383 -0.0025556862114642382 0.0016402643491703836 0.00020331741839775238 -0.0012881289332394978 0.0021698859342647154 -0.00085098029967522581
leaf_weight=141 132 3777 356 187 709 159 612 788 1831 1213 1796 329
leaf_count=141 132 3777 356 187 709 159 612 788 1831 1213 1796 329
internal_value=5.34899e-05 -0.000227541 -0.00122275 -0.00243841 0.000367647 -3.81482e-05 -0.0011163 0.0001436 0.000439548 -0.000123897 0.000739606 0.000206545
internal_weight=12030 6340 1004 543 5690 5336 771 4565 5549 1922 3627 461
internal_count=12030 6340 1004 543 5690 5336 771 4565 5549 1922 3627 461
is_linear=0
shrinkage=0.025


Tree=162
num_leaves=8
num_cat=0
split_feature=13 40 39 47 18 3 38
split_gain=1.47335 1.60834 2.05616 1.84032 2.17855 1.82899 1.34694
threshold=-0.49232041835784907 1.3232291340827944 1.2390216588974001 0.86720469594001781 -0.0067155929282307616 0.71032688021659862 -0.0015478463028557596
decision_type=2 2 2 2 2 2 2
left_child=-1 2 5 4 -3 -2 -4
right_child=1 3 6 -5 -6 -7 -8
leaf_value=0.0064681711318726708 3.5688813100004367e-05 -0.0025356863964891502 0.0019332652009777362 0.0005680635570662699 -0.00054481853131064617 -0.002894272099588739 -0.0002885421283881265
leaf_weight=167 9600 121 1124 176 285 150 396
leaf_count=167 9600 121 1124 176 285 150 396
internal_value=9.28353e-05 5.89315e-05 0.000125832 -0.00121593 -0.00213808 -7.04757e-06 0.000979508
internal_weight=12019 11852 11270 582 406 9750 1520
internal_count=12019 11852 11270 582 406 9750 1520
is_linear=0
shrinkage=0.025


Tree=163
num_leaves=6
num_cat=0
split_feature=13 43 44 17 40
split_gain=1.62665 1.43512 1.53913 2.17371 1.75504
threshold=-0.49232041835784907 -0.52941954135894764 0.027441434562206272 0.19144133478403094 0.95040094852447521
decision_type=2 2 2 2 2
left_child=-1 -2 4 -4 -3
right_child=1 2 3 -5 -6
leaf_value=0.0063059350990952783 -0.0018354126013234791 0.0006519894696269137 0.0061596242209584076 -0.00073493035766783357 -0.00012502345741412062
leaf_weight=173 149 4597 207 1983 4931
leaf_count=173 149 4597 207 1983 4931
internal_value=2.23123e-05 -1.274e-05 1.82335e-05 -0.000578018 0.000156168
internal_weight=12040 11867 11718 2190 9528
internal_count=12040 11867 11718 2190 9528
is_linear=0
shrinkage=0.025


Tree=164
num_leaves=13
num_cat=0
split_feature=37 36 37 37 35 36 32 35 39 41 35 41
split_gain=2.13578 1.82783 1.7396 3.20089 3.31608 2.30862 1.5916 1.61099 1.23819 0.68056 0.621268 0.817351
threshold=0.023460826836526397 0.5289275348186494 0.0095706405118107813 0.010728531051427128 0.12682235985994342 0.23604474961757663 0.64734426140785228 0.29036118090152746 1.2004706263542178 0.65264201164245617 0.16140945255756381 0.5227133333683015
decision_type=2 2 2 2 2 2 2 2 2 2 2 2
left_child=2 10 6 4 -4 -5 8 -8 -1 -3 11 -2
right_child=1 9 3 5 -6 -7 7 -9 -10 -11 -12 -13
leaf_value=-0.00088090750682903209 -0.00033488970912812606 0.00034842224431890509 -0.00023670266274639819 -0.000656251833820478 -0.0030420808321077884 0.00051517599765576289 0.0012701039017347533 -0.0011219029018378999 0.00040325776942655211 -0.0013869509898457363 0.0071720853217554052 0.0020733618318705418
leaf_weight=305 142 136 429 2961 384 3772 2135 185 140 173 294 1014
leaf_count=305 142 136 429 2961 384 3772 2135 185 140 173 294 1014
internal_value=5.53831e-05 0.000859552 -8.1548e-05 -0.000278605 -0.00175581 -9.81373e-05 0.00045352 0.000717742 -0.000902778 -0.000863853 0.00123282 0.000954996
internal_weight=12070 1759 10311 7546 813 6733 2765 2320 445 309 1450 1156
internal_count=12070 1759 10311 7546 813 6733 2765 2320 445 309 1450 1156
is_linear=0
shrinkage=0.025


Tree=165
num_leaves=8
num_cat=0
split_feature=13 45 0 37 36 10 36
split_gain=1.31762 1.79698 2.18857 1.28818 1.73957 1.7066 1.24355
threshold=-0.49232041835784907 0.057776963338255889 -0.014438315294682978 0.023460826836526397 0.50640758872032177 0.02285100053995848 0.31950777769088751
decision_type=2 2 2 2 2 2 2
left_child=-1 2 -2 5 -5 -3 -4
right_child=1 3 6 4 -6 -7 -8
leaf_value=0.0061443538699038694 -0.0023099081198207192 0.00010271378485532096 0.00073803163623986168 0.0024085940232586754 -0.00082685152223592635 -0.00098141375868325336 -0.0016848097654598893
leaf_weight=168 122 8618 215 1336 344 1006 189
leaf_count=168 122 8618 215 1336 344 1006 189
internal_value=8.02925e-05 4.80567e-05 -0.00137241 0.000115284 0.000752967 2.98587e-06 -0.000449266
internal_weight=11998 11830 526 11304 1680 9624 404
internal_count=11998 11830 526 11304 1680 9624 404
is_linear=0
shrinkage=0.025


Tree=166
num_leaves=13
num_cat=0
split_feature=36 36 17 17 31 4 3 37 39 30 44 10
split_gain=1.57542 1.8264 3.02422 2.59174 1.91681 2.24158 2.05398 1.19006 1.18354 0.995076 0.819702 0.0102595
threshold=-0.023579191416501995 0.20684999227523806 -0.12908213585615155 0.90904042124748241 1.1725360155105593 0.45005325973033911 -0.056685307994484894 0.0090176579542458075 0.72738137841224682 -0.13324935734272 0.014687998220324518 0.0089557599276304262
decision_type=2 2 2 2 2 2 2 2 2 2 2 2
left_child=7 2 10 -4 6 -6 -3 11 -9 -10 -2 -1
right_child=1 4 3 -5 5 -7 -8 8 9 -11 -12 -13
leaf_value=0.0030854375973563071 0.0023791492375878596 -0.00030045080681672428 -0.00093367544533660821 0.0013153303084991891 -0.00091306605258119193 0.00035161717304989931 0.0019901789224532158 -0.000860964239648349 -0.00062262882515315789 0.0045035093340751783 0.00049358129938073536 0.0056143698794932848
leaf_weight=120 245 805 3006 421 889 2420 2881 127 173 207 412 284
leaf_count=120 245 805 3006 421 889 2420 2881 127 173 207 412 284
internal_value=0.000145373 6.23648e-05 -0.00035675 -0.000655959 0.000308036 -0.000127112 0.000700014 0.00114219 0.000314941 0.00102273 0.00118769 0.00214853
internal_weight=11990 11079 4084 3427 6995 3309 3686 911 507 380 657 404
internal_count=11990 11079 4084 3427 6995 3309 3686 911 507 380 657 404
is_linear=0
shrinkage=0.025


Tree=167
num_leaves=9
num_cat=0
split_feature=13 40 3 47 40 13 36 8
split_gain=1.39989 1.12838 2.98159 3.98247 2.34221 3.77905 2.95228 0.506977
threshold=-0.49232041835784907 0.73075467348098766 0.19930185377597812 0.077035948634147658 0.86978447437286388 -0.1583571061491966 0.04010071977972985 0.032610196620225913
decision_type=2 2 2 2 2 2 2 2
left_child=-1 2 3 -2 5 -3 -6 -4
right_child=1 4 7 -5 6 -7 -8 -9
leaf_value=0.0061596651580548738 0.0013995094269148702 -0.00055587401703422162 0.0022962937011866322 -0.0022711544816444488 0.0016361821666849548 0.0033482475407455858 -0.00022582284379254667 -1.0271931488497821e-05
leaf_weight=174 270 824 302 859 1178 1562 6775 132
leaf_count=174 270 824 302 859 1178 1562 6775 132
internal_value=6.0736e-05 2.719e-05 -0.000597098 -0.00127535 0.000122414 0.000808762 -8.30924e-05 0.00114749
internal_weight=12076 11902 1563 1129 10339 2386 7953 434
internal_count=12076 11902 1563 1129 10339 2386 7953 434
is_linear=0
shrinkage=0.025


Tree=168
num_leaves=11
num_cat=0
split_feature=36 46 38 34 37 34 47 30 30 37
split_gain=1.5134 1.91519 1.22454 2.90618 2.66576 2.13821 2.0241 1.1461 0.471069 0.313944
threshold=-0.029704597778618332 0.16269258409738543 -0.16257522255182263 -0.042106898501515382 0.01966839283704758 0.052920995280146606 0.5524578094482423 -0.12239927425980567 -0.41039139032363886 0.032811332494020469
decision_type=2 2 2 2 2 2 2 2 2 2
left_child=1 -1 5 6 -5 9 -4 8 -3 -2
right_child=2 7 3 4 -6 -7 -8 -9 -10 -11
leaf_value=-0.002244930167472649 0.0040994119390901553 0.0025873186163446601 -0.00044109872545096754 -7.7623783144775455e-05 0.0026166813096828749 -0.0011879177747175212 -0.0020188603975284112 0.0046075378963160319 -0.00077589062336509977 0.00089829711415495214
leaf_weight=128 492 126 559 8030 1257 199 440 490 121 158
leaf_count=128 492 126 559 8030 1257 199 440 490 121 158
internal_value=6.61184e-05 0.0010704 -1.17818e-05 -8.78194e-05 4.96396e-05 0.000897248 -0.00136579 0.00156503 0.000143849 0.00159351
internal_weight=12000 865 11135 10286 9287 849 999 737 247 650
internal_count=12000 865 11135 10286 9287 849 999 737 247 650
is_linear=0
shrinkage=0.025


Tree=169
num_leaves=14
num_cat=0
split_feature=16 37 15 10 36 42 35 35 40 5 24 32 40
split_gain=1.67478 1.59769 1.85552 1.8731 1.46817 1.23109 0.976327 0.85285 0.760799 0.744132 0.703748 0.623099 0.584184
threshold=0.015344067476689817 0.023460826836526397 0.85344827175140392 0.024864445440471176 0.50640758872032177 0.03339779935777188 -0.0084023736417293531 0.16140945255756381 0.72322645783424389 0.68834549188613903 29.340227127075199 0.80087769031524669 1.2447379827499392
decision_type=2 2 2 2 2 2 2 2 2 2 2 2 2
left_child=6 2 3 -2 7 -6 9 -3 -8 11 -4 -1 -10
right_child=1 4 10 -5 5 -7 8 -9 12 -11 -12 -13 -14
leaf_value=0.00063529688232158714 4.070632343860828e-05 0.0011032687476003318 -0.0026982757284998182 -0.0012699759551255058 0.00029530705465901416 -0.001863689935083312 -0.00018794206862119897 0.0066528211113137991 0.0049471440013409617 0.0025099398915820652 -0.00064552711662796587 -0.0011396326984766916 2.1725572937870103e-05
leaf_weight=142 7668 1120 279 696 223 148 149 310 758 129 200 149 133
leaf_count=142 7668 1120 279 696 223 148 149 310 758 129 200 149 133
internal_value=0.000107668 -8.2158e-07 -0.000139721 -5.18281e-05 0.000676218 -0.000708112 0.000900171 0.00104094 0.00130981 -0.000102941 -0.00164514 -0.000815034 0.00158622
internal_weight=12104 10644 8843 8364 1801 371 1460 1430 1040 420 479 291 891
internal_count=12104 10644 8843 8364 1801 371 1460 1430 1040 420 479 291 891
is_linear=0
shrinkage=0.025


Tree=170
num_leaves=9
num_cat=0
split_feature=13 37 36 30 17 36 23 23
split_gain=1.45688 1.20443 1.77961 2.74868 1.9908 1.33103 1.43341 0.463496
threshold=-0.49232041835784907 0.0090677323751151579 0.21995328366756442 -0.081982616335153566 0.91555762290954601 -0.013162304647266863 0.13292565196752551 0.078618645668029799
decision_type=2 2 2 2 2 2 2 2
left_child=-1 5 4 -4 -3 7 -7 -2
right_child=1 2 3 -5 -6 6 -8 -9
leaf_value=0.0058687584566816248 0.0018024804391302968 -0.00068988134891602491 0.0011885948248428887 -0.00022464457811792154 0.0013583638457198828 -0.00040400182139169009 0.0010703376014936056 0.0046618449984862156
leaf_weight=178 122 3583 2187 3469 453 801 975 312
leaf_count=178 122 3583 2187 3469 453 801 975 312
internal_value=4.70626e-05 1.24927e-05 -0.000107121 0.000178193 -0.000508228 0.000538939 0.000229506 0.00177392
internal_weight=12080 11902 9692 5656 4036 2210 1776 434
internal_count=12080 11902 9692 5656 4036 2210 1776 434
is_linear=0
shrinkage=0.025


Tree=171
num_leaves=13
num_cat=0
split_feature=16 38 35 35 41 18 40 40 35 43 40 17
split_gain=1.73075 1.76985 2.31568 2.3684 1.5017 1.60108 1.45351 0.965891 0.892427 0.676596 0.595478 0.491057
threshold=0.015344067476689817 -0.16299469769001004 0.19217287003993991 0.12682235985994342 0.78020307421684276 -0.030683689750730988 0.85936430096626293 0.72322645783424389 -0.0084023736417293531 -0.0047598648816347114 1.2256039977073672 0.27315992116928106
decision_type=2 2 2 2 2 2 2 2 2 2 2 2
left_child=7 4 3 -3 11 -6 -4 -1 9 -9 -10 -2
right_child=1 2 6 -5 5 -7 -8 8 10 -11 -12 -13
leaf_value=-0.0011508933816320106 0.00084401970203535747 -7.0619663437437822e-05 0.001972277665140743 -0.0011507851577213957 0.0021085044867210079 -0.0017309440923015717 2.6220806295201178e-05 -0.00087477129827406679 0.0053528748179387416 0.0024529505526942634 9.0193278238198725e-05 0.0040970408699191304
leaf_weight=191 187 3863 1288 1816 159 150 2697 186 742 180 163 441
leaf_count=191 187 3863 1288 1816 159 150 2697 186 742 180 163 441
internal_value=9.74686e-05 -1.33178e-05 -0.000114671 -0.000439171 0.00102044 -0.000386146 0.000346178 0.000902352 0.00115302 9.09704e-05 0.0015728 0.00171998
internal_weight=12063 10601 9664 5679 937 309 3985 1462 1271 366 905 628
internal_count=12063 10601 9664 5679 937 309 3985 1462 1271 366 905 628
is_linear=0
shrinkage=0.025


Tree=172
num_leaves=12
num_cat=0
split_feature=36 39 30 3 9 38 38 35 30 31 11
split_gain=1.69667 1.45049 1.36378 1.54878 2.13622 1.60916 0.568426 0.98036 0.54552 0.696075 0.314784
threshold=-0.029704597778618332 0.72738137841224682 -0.76760950684547413 -0.20523060113191602 0.036927955225110061 -0.160966582596302 -0.076117679476737962 0.11714646592736246 0.051318204030394561 0.42951589822769171 0.018345712684094909
decision_type=2 2 2 2 2 2 2 2 2 2 2
left_child=1 -1 6 4 -4 -5 10 -8 9 -3 -2
right_child=2 8 3 5 -6 -7 7 -9 -10 -11 -12
leaf_value=-0.00050502007865629482 0.00064942604936335654 0.0031506134920027302 -0.0014928726726302036 0.0027325445745809787 0.0012088521876026305 -7.9881556699964884e-05 -0.00057340571069505362 0.0020122318804048963 0.0046939118841175928 -0.0011757314897296971 0.0033103778457525394
leaf_weight=200 124 225 426 613 172 9065 124 197 321 121 436
leaf_count=200 124 225 426 613 172 9065 124 197 321 121 436
internal_value=6.88961e-05 0.00113102 -1.35503e-05 -9.51998e-05 -0.00132463 -1.79437e-05 0.000926919 6.51841e-05 0.00169085 0.000950855 0.00140487
internal_weight=12024 867 11157 10276 598 9678 881 321 667 346 560
internal_count=12024 867 11157 10276 598 9678 881 321 667 346 560
is_linear=0
shrinkage=0.025


Tree=173
num_leaves=8
num_cat=0
split_feature=13 40 31 46 14 44 47
split_gain=1.44146 1.65652 2.27811 1.56123 2.86585 1.98734 1.32097
threshold=-0.49232041835784907 1.3232291340827944 1.7173609137535097 0.10491563007235528 0.68534484505653392 0.015048978850245478 0.80080705881118786
decision_type=2 2 2 2 2 2 2
left_child=-1 3 6 4 -2 -5 -3
right_child=1 2 -4 5 -6 -7 -8
leaf_value=0.0056847874207153447 -0.00010234821833779065 -0.00080320351196957725 -0.0029726478442726103 0.0015283493901028335 -0.0038047824377288189 -2.7128954411153098e-05 0.0010995513985533169
leaf_weight=171 914 235 152 1731 160 8501 183
leaf_count=171 914 235 152 1731 160 8501 183
internal_value=5.08224e-06 -2.76701e-05 -0.00133696 3.83477e-05 -0.000865385 0.000134195 -0.000351655
internal_weight=12047 11876 570 11306 1074 10232 418
internal_count=12047 11876 570 11306 1074 10232 418
is_linear=0
shrinkage=0.025


Tree=174
num_leaves=14
num_cat=0
split_feature=37 36 48 37 0 36 35 40 40 23 34 32 12
split_gain=1.57044 1.96531 1.74576 1.92666 1.9707 1.88975 1.662 1.10275 1.03594 0.768246 0.896374 0.611305 0.0655489
threshold=0.023460826836526397 0.5289275348186494 0.19057226926088336 0.018006025813519958 -0.019289855845272538 -0.023579191416501995 0.41625252366065985 0.94634124636650097 0.84944546222686779 0.18179921060800555 -0.03212331794202327 0.98741227388381969 -0.17077417671680448
decision_type=2 2 2 2 2 2 2 2 2 2 2 2 2
left_child=2 9 3 4 -1 8 -7 -3 -4 12 -11 -5 -2
right_child=1 7 5 11 -6 6 -8 -9 -10 10 -12 -13 -14
leaf_value=-0.0023157186415823129 0.0036622168036595307 0.00072065760998414868 -0.00088404674014428634 0.0042943949725882816 -0.00050102001269779217 7.7681868470849411e-05 -0.001537680317862028 -0.0018139033899154022 0.0046150379852646735 9.257177093445647e-05 0.0042061468076087473 5.0050508533607724e-05 0.0045927304133514344
leaf_weight=203 120 146 121 150 1504 7260 370 166 484 599 451 174 292
leaf_count=203 120 146 121 150 1504 7260 370 166 484 599 451 174 292
internal_value=0.000103259 0.000789067 -1.49692e-05 -0.000671046 -0.00100832 0.00014639 3.84742e-05 -0.000989748 0.00148566 0.00117502 0.000799763 0.00107523 0.00209532
internal_weight=12040 1774 10266 2031 1707 8235 7630 312 605 1462 1050 324 412
internal_count=12040 1774 10266 2031 1707 8235 7630 312 605 1462 1050 324 412
is_linear=0
shrinkage=0.025


Tree=175
num_leaves=9
num_cat=0
split_feature=17 39 13 40 35 40 9 13
split_gain=1.41572 1.4037 2.52912 2.04657 1.45333 1.66378 1.08628 0.0661765
threshold=-0.36830811202526087 1.0696486830711367 -0.39068010449409479 0.93450698256492626 0.434720128774643 1.3080088496208193 0.027076496742665771 -0.3965256661176681
decision_type=2 2 2 2 2 2 2 2
left_child=7 2 6 -4 5 -3 -2 -1
right_child=1 4 3 -5 -6 -7 -8 -9
leaf_value=0.0041914710637707469 -0.00078644531254896738 0.0011588904230942886 0.00023946090084211587 -0.00075799738000588077 -0.0024505198430097774 -0.0007001975052089534 -0.0017650438688995929 0.00064861132754025891
leaf_weight=157 123 3326 4573 2907 147 549 121 122
leaf_count=157 123 3326 4573 2907 147 549 121 122
internal_value=7.32545e-05 3.05294e-05 -0.000166095 -8.26652e-05 0.000409424 0.000504188 -0.00264558 0.00181778
internal_weight=12025 11746 7724 7480 4022 3875 244 279
internal_count=12025 11746 7724 7480 4022 3875 244 279
is_linear=0
shrinkage=0.025


Tree=176
num_leaves=7
num_cat=0
split_feature=5 31 9 31 13 35
split_gain=1.92693 1.37741 1.93239 1.47137 0.580229 0.169878
threshold=-0.28154319524765009 0.034507069736719138 0.014707216527312996 0.4479957520961762 -0.35296009480953211 0.0090112034231424349
decision_type=2 2 2 2 2 2
left_child=4 -2 5 -4 -1 -3
right_child=1 2 3 -5 -6 -7
leaf_value=0.003842564887052544 -0.0017917546822540137 0.0013997464120728939 -0.00066386227033774978 0.00010642248942593972 3.6982462223176041e-05 0.0031438158806632623
leaf_weight=344 125 136 2383 8676 146 239
leaf_count=344 125 136 2383 8676 146 239
internal_value=7.60122e-05 1.00528e-05 3.9667e-05 -1.99972e-05 0.00160354 0.00179276
internal_weight=12049 11559 11434 11059 490 375
internal_count=12049 11559 11434 11059 490 375
is_linear=0
shrinkage=0.025


Tree=177
num_leaves=14
num_cat=0
split_feature=48 20 13 47 44 40 36 40 3 11 30 39 30
split_gain=1.42461 2.74138 4.18184 4.62314 2.17004 1.76622 1.71855 1.50158 1.3427 1.24903 0.978906 0.952908 0.564577
threshold=0.27622890472412115 0.11906041949987413 -0.25731857120990748 0.41966252028942114 0.033940259367227561 0.47328618168830877 -0.029704597778618332 0.73419106006622326 0.71032688021659862 0.030126702040433887 -0.11876210570335387 0.63692095875740062 -0.40120433270931238
decision_type=2 2 2 2 2 2 2 2 2 2 2 2 2
left_child=1 2 11 -4 5 -3 10 -6 9 -8 12 -1 -2
right_child=6 4 3 -5 7 -7 8 -9 -10 -11 -12 -13 -14
leaf_value=0.0031325406553084122 0.002717932939352353 -0.0020836316739423553 -0.0021665005152899453 -0.0058148641385325226 4.5286287473840576e-05 0.001090015785566963 7.4861517995266147e-05 -0.0017035389939128887 -0.0022665268194581806 0.0015092994889432938 0.0044026129759052414 -0.00051502746595916919 -0.0012882004765029879
leaf_weight=166 125 125 636 122 125 1884 7450 143 125 422 396 268 120
leaf_count=166 125 125 636 122 125 1884 7450 143 125 422 396 268 120
internal_value=8.96839e-05 -0.000337147 -0.00130639 -0.002423 0.00016926 0.00045494 0.000261917 -0.0019185 0.000160741 0.000202964 0.00150348 0.000634966 0.000225
internal_weight=12107 3469 1192 758 2277 2009 8638 268 7997 7872 641 434 245
internal_count=12107 3469 1192 758 2277 2009 8638 268 7997 7872 641 434 245
is_linear=0
shrinkage=0.025


Tree=178
num_leaves=8
num_cat=0
split_feature=5 40 22 20 39 3 35
split_gain=1.32141 1.45712 1.42884 1.45215 1.29246 2.33412 1.97317
threshold=-0.46231107413768763 1.3232291340827944 0.32493399083614355 0.31462216377258306 1.0696486830711367 0.023786781355738643 0.434720128774643
decision_type=2 2 2 2 2 2 2
left_child=-1 4 -3 -4 5 -2 -6
right_child=1 2 3 -5 6 -7 -8
leaf_value=0.0050799129948947627 -0.00080223502315045095 -0.002599155330598285 0.00015074306877436004 -0.00181120464133369 0.00088228672869371499 0.00032673086234373799 -0.0026435096325596839
leaf_weight=151 2630 126 312 140 3507 5060 134
leaf_count=151 2630 126 312 140 3507 5060 134
internal_value=9.2727e-05 6.22168e-05 -0.00115566 -0.000467724 0.000125375 -5.76672e-05 0.000513234
internal_weight=12060 11909 578 452 11331 7690 3641
internal_count=12060 11909 578 452 11331 7690 3641
is_linear=0
shrinkage=0.025


Tree=179
num_leaves=9
num_cat=0
split_feature=36 5 5 46 34 26 30 12
split_gain=1.55462 1.52187 1.47579 2.1163 1.82726 0.907696 0.701406 0.22825
threshold=-0.029704597778618332 -0.088333595544099794 -0.19060099124908444 0.038517974317073829 0.13460735231637957 0.023459969088435177 -0.11876210570335387 -0.11679673567414282
decision_type=2 2 2 2 2 2 2 2
left_child=1 -1 5 -4 -5 7 -3 -2
right_child=2 6 3 4 -6 -7 -8 -9
leaf_value=-0.0012312780953852853 0.0025669265195265361 0.0018593187958455529 -0.0030661552093890969 -0.00013454601588451425 0.0014808225565904466 -6.8414632667036584e-05 0.0041844113660836199 0.0012946459426058179
leaf_weight=171 285 223 128 8479 1851 231 468 224
leaf_count=171 285 223 128 8479 1851 231 468 224
internal_value=0.000103088 0.00112313 2.35429e-05 -5.24466e-05 -1.149e-05 0.00109899 0.00164691 0.00168531
internal_weight=12060 862 11198 10458 10330 740 691 509
internal_count=12060 862 11198 10458 10330 740 691 509
is_linear=0
shrinkage=0.025


Tree=180
num_leaves=11
num_cat=0
split_feature=4 45 40 35 31 44 17 30 9 40
split_gain=1.53414 3.74647 1.66094 4.3915 2.24476 1.55277 1.5193 1.73669 0.337274 0.344662
threshold=-0.12902899831533429 0.057776963338255889 0.73075467348098766 0.17477824538946155 1.0760031938552859 0.017863377928733829 0.42405791580677038 -0.32514153420925135 0.015188341960310938 1.0627425312995913
decision_type=2 2 2 2 2 2 2 2 2 2
left_child=5 -2 3 -3 -4 8 7 -7 -1 -10
right_child=1 2 4 -5 -6 6 -8 -9 9 -11
leaf_value=0.0011875139325616261 -0.0020419116852504857 -0.0019405532716196654 0.00078531400212414467 0.0014561954634063267 -0.00019502728749174803 0.001024006712928004 0.001761194841883021 -0.0016360462542052937 0.0030676074387083652 0.00045093816313816526
leaf_weight=135 194 894 4763 482 4374 125 198 274 418 195
leaf_count=135 194 894 4763 482 4374 125 198 274 418 195
internal_value=6.21009e-05 -3.74579e-05 2.62646e-05 -0.000781137 0.000148901 0.000856482 -8.51328e-05 -0.000980817 0.00161189 0.00186286
internal_weight=12052 10707 10513 1376 9137 1345 597 399 748 613
internal_count=12052 10707 10513 1376 9137 1345 597 399 748 613
is_linear=0
shrinkage=0.025


Tree=181
num_leaves=11
num_cat=0
split_feature=16 5 35 35 36 15 40 34 43 7
split_gain=1.77093 1.32915 1.51203 2.17313 1.85108 0.64137 0.625158 0.652863 0.541971 0.0443933
threshold=0.015344067476689817 -0.33825197815895075 0.21986449509859088 0.12548054009675982 0.1064651980996132 0.28448276221752172 0.73719319701194774 0.096331898123025908 -0.0047598648816347114 -0.0022106100805103775
decision_type=2 2 2 2 2 2 2 2 2 2
left_child=5 9 3 -3 -4 8 -7 -8 -1 -2
right_child=1 2 4 -5 -6 6 7 -9 -10 -11
leaf_value=-0.0010607621353841774 0.001218442629174063 8.6965851445513291e-07 -0.0018590762179706635 -0.00091140399172771999 0.00077967880557332941 -0.00050319537786417095 0.0026523154077168279 3.7673507350603969e-05 0.0013968864032513257 0.0035263235154460574
leaf_weight=172 134 4485 123 2407 3258 186 760 185 164 141
leaf_count=172 134 4485 123 2407 3258 186 760 185 164 141
internal_value=4.41973e-05 -6.85823e-05 -0.000115416 -0.000328222 0.000316376 0.000856828 0.00114107 0.00140132 -8.43108e-05 0.00162946
internal_weight=12015 10548 10273 6892 3381 1467 1131 945 336 275
internal_count=12015 10548 10273 6892 3381 1467 1131 945 336 275
is_linear=0
shrinkage=0.025


Tree=182
num_leaves=14
num_cat=0
split_feature=38 35 37 33 15 10 36 38 36 36 36 40 25
split_gain=1.61095 1.79073 2.05228 1.58698 3.4214 2.27168 1.53869 1.86838 1.54581 1.48939 1.00278 0.717282 0.0802916
threshold=-0.066093079745769487 0.15286604315042499 0.0090677323751151579 0.001270830456633121 0.4741379320621491 0.023408789187669757 0.21995328366756442 -0.001753982331138104 0.17239098250865939 0.48833210766315466 0.60921487212181102 0.82366168498992931 12.645376682281496
decision_type=2 2 2 2 2 2 2 2 2 2 2 2 2
left_child=1 2 11 4 5 -2 8 -8 -5 -4 12 -1 -3
right_child=3 10 9 6 -6 -7 7 -9 -10 -11 -12 -13 -14
leaf_value=-0.00014017423458404735 -0.00014808998828593197 0.0066003645056675097 9.2563343108949822e-05 -0.00016165971885474537 -0.00236365417125293 -0.0025189245860033319 0.0021355635062846492 -3.9416050417173437e-05 -0.0024909830656838373 -0.0014551352013677469 -0.00037715873126357947 0.0051660194174235306 0.0032563214978518912
leaf_weight=127 2003 368 3586 1343 208 168 1074 2056 190 257 121 445 120
leaf_count=127 2003 368 3586 1343 208 168 1074 2056 190 257 121 445 120
internal_value=4.62887e-05 0.000388497 0.00021069 -0.00019707 -0.000722001 -0.000421071 6.98908e-05 0.000388756 -0.000576235 3.24937e-07 0.00165513 0.00160095 0.00215771
internal_weight=12066 5024 4415 7042 2379 2171 4663 3130 1533 3843 609 572 488
internal_count=12066 5024 4415 7042 2379 2171 4663 3130 1533 3843 609 572 488
is_linear=0
shrinkage=0.025


Tree=183
num_leaves=11
num_cat=0
split_feature=44 45 11 17 9 9 10 47 29 41
split_gain=1.36349 1.91146 2.76078 2.44468 1.66477 1.66351 1.13896 1.09705 0.867579 0.838776
threshold=0.01421447563916445 0.54310345649719249 0.030126702040433887 1.0743383765220644 0.034688377752900131 0.035568024963140495 0.012973958160728218 0.019258987158536914 0.019433148205280307 0.63498926162719738
decision_type=2 2 2 2 2 2 2 2 2 2
left_child=7 2 3 -2 6 -6 -3 -1 -9 -10
right_child=1 4 -4 -5 5 -7 -8 8 9 -11
leaf_value=-0.0026772800721811896 -0.00046328837475044195 5.2513653368675288e-05 0.0020864237422498072 -0.0039106641324402882 -0.0020047079098335033 -8.6358734142013907e-05 0.0013257374360840582 -0.0011778386043864964 0.0029048976338078934 0.00075979324509822029
leaf_weight=131 4625 1594 252 163 189 1374 2182 135 422 974
leaf_count=131 4625 1594 252 163 189 1374 2182 135 422 974
internal_value=7.02516e-05 -3.5752e-05 -0.000385282 -0.000521333 0.000293086 -0.000389828 0.000577559 0.000734103 0.000925293 0.0011126
internal_weight=12041 10379 5040 4788 5339 1563 3776 1662 1531 1396
internal_count=12041 10379 5040 4788 5339 1563 3776 1662 1531 1396
is_linear=0
shrinkage=0.025


Tree=184
num_leaves=9
num_cat=0
split_feature=13 3 41 40 29 48 40 9
split_gain=1.39174 1.23172 3.18999 2.52033 2.31189 2.21254 1.75577 1.74778
threshold=-0.49232041835784907 0.20410848408937457 0.45553247630596166 0.86464822292327892 0.031592776998877532 0.1241746135056019 0.9618208408355714 0.032602420076727874
decision_type=2 2 2 2 2 2 2 2
left_child=-1 2 4 7 -2 -5 -4 -3
right_child=1 3 6 5 -6 -7 -8 -9
leaf_value=0.0055636351907210838 0.00034123653770923339 0.0032417498529754849 0.00049257707139036444 -0.0020602552423065771 -0.0014859809643945239 0.0002380057371662277 -0.00021401977349231441 -0.00022233794166952631
leaf_weight=178 293 1007 2965 161 897 2742 3527 308
leaf_count=178 293 1007 2965 161 897 2742 3527 308
internal_value=9.63131e-05 6.24738e-05 -0.000125374 0.000405813 -0.00131276 -3.86855e-06 9.2158e-05 0.00131155
internal_weight=12078 11900 7682 4218 1190 2903 6492 1315
internal_count=12078 11900 7682 4218 1190 2903 6492 1315
is_linear=0
shrinkage=0.025


Tree=185
num_leaves=9
num_cat=0
split_feature=13 44 47 40 40 47 13 34
split_gain=1.58167 1.20659 2.73668 2.76239 1.94279 2.16174 1.51141 0.366282
threshold=-0.49232041835784907 0.026096783578395847 0.80080705881118786 0.95040094852447521 1.0889607071876528 0.59097579121589672 -0.25266005098819727 -0.020377805456519123
decision_type=2 2 2 2 2 2 2 2
left_child=-1 2 3 -2 5 -3 -6 -4
right_child=1 4 7 -5 6 -7 -8 -9
leaf_value=0.0053817076244355782 0.00055214064009253617 0.0020880864339615341 0.00089010209304598491 -0.00025167832037161002 0.0040927568604323923 -0.0012398892912657894 -4.6849827736949029e-05 0.0028305439401408038
leaf_weight=180 4287 308 129 4226 221 1472 708 512
leaf_count=180 4287 308 129 4226 221 1472 708 512
internal_value=0.000103856 6.75136e-05 0.000205126 8.52607e-05 -0.000394712 -0.000878851 0.000525964 0.00177438
internal_weight=12043 11863 9154 8513 2709 1780 929 641
internal_count=12043 11863 9154 8513 2709 1780 929 641
is_linear=0
shrinkage=0.025


Tree=186
num_leaves=12
num_cat=0
split_feature=36 36 17 9 31 20 43 5 8 30 7
split_gain=1.57378 1.7896 2.15449 2.08876 2.02324 2.75803 2.16986 1.52561 1.33378 0.82318 0.0203655
threshold=-0.029704597778618332 0.20684999227523806 -0.12908213585615155 0.046508917585015304 1.2945762872695925 0.30432033538818365 -0.3108177632093429 -0.088333595544099794 0.02450218424201012 -0.11876210570335387 0.0082089174538850802
decision_type=2 2 2 2 2 2 2 2 2 2 2
left_child=7 2 8 -4 6 -6 -3 -1 -2 -9 -11
right_child=1 4 3 -5 5 -7 -8 9 -10 10 -12
leaf_value=-0.0014295940640604865 0.0016369549164839002 -0.00052759954175396386 -0.00078661051174245449 0.0034164318979028954 -0.0011993340875176639 9.3211064687186975e-05 0.0015313165189624691 0.001087302985707373 -0.00013112699212367628 0.0041965412974670751 0.0030799540718589933
leaf_weight=169 480 705 3370 160 542 2439 3332 221 191 357 120
leaf_count=169 480 705 3370 160 542 2439 3332 221 191 357 120
internal_value=7.92946e-05 0 -0.000408048 -0.00065594 0.00024402 -0.000248242 0.000608919 0.00110235 0.000882027 0.00161984 0.00220176
internal_weight=12086 11219 4201 3530 7018 2981 4037 867 671 698 477
internal_count=12086 11219 4201 3530 7018 2981 4037 867 671 698 477
is_linear=0
shrinkage=0.025


Tree=187
num_leaves=9
num_cat=0
split_feature=13 44 40 3 4 13 46 36
split_gain=1.59487 1.43057 1.61058 3.71431 1.54371 1.33078 3.55045 0.449268
threshold=-0.49232041835784907 0.01421447563916445 0.73075467348098766 0.20410848408937457 -0.041700696572661393 -0.21093431115150449 0.18103448301553729 0.21841736137866977
decision_type=2 2 2 2 2 2 2 2
left_child=-1 5 3 -3 -4 7 -7 -2
right_child=1 2 4 -5 -6 6 -8 -9
leaf_value=0.0051903430690619368 0.0031074185136424569 -0.0017887115858462304 -0.00057387133880721817 0.00079637004778753513 0.00018029024273082328 -0.0029114901565639598 0.00069998472584251908 0.00058345853432966875
leaf_weight=176 494 867 1223 414 7659 131 891 139
leaf_count=176 494 867 1223 414 7659 131 891 139
internal_value=6.69848e-05 3.07664e-05 -7.97845e-05 -0.000906882 3.92428e-05 0.000711596 0.000144839 0.00160854
internal_weight=11994 11818 10163 1281 8882 1655 1022 633
internal_count=11994 11818 10163 1281 8882 1655 1022 633
is_linear=0
shrinkage=0.025


Tree=188
num_leaves=9
num_cat=0
split_feature=13 44 31 4 31 13 46 4
split_gain=1.35454 1.29836 1.80537 2.87085 1.50723 1.27661 2.82653 0.326975
threshold=-0.49232041835784907 0.01421447563916445 0.38754710555076605 0.073500782251358046 0.93826782703399669 -0.21093431115150449 0.18103448301553729 -0.24253133684396741
decision_type=2 2 2 2 2 2 2 2
left_child=-1 5 3 -3 -4 7 -7 -2
right_child=1 2 4 -5 -6 6 -8 -9
leaf_value=0.0050700451598268328 0.00076616806958101392 -0.0014497874917043384 0.00071338997435731015 0.0017889027130968274 -0.00010917665349469888 -0.0025735462883127893 0.00068127775559639024 0.0030381996464697151
leaf_weight=174 140 1220 2969 456 5534 120 889 471
leaf_count=174 140 1220 2969 456 5534 120 889 471
internal_value=9.61138e-05 6.27966e-05 -4.13638e-05 -0.000790452 0.00010593 0.000719231 0.000163955 0.00161729
internal_weight=11973 11799 10179 1676 8503 1620 1009 611
internal_count=11973 11799 10179 1676 8503 1620 1009 611
is_linear=0
shrinkage=0.025


Tree=189
num_leaves=8
num_cat=0
split_feature=13 40 47 41 39 3 35
split_gain=1.29361 1.17498 1.91942 2.2178 1.52801 1.8671 1.2418
threshold=-0.49232041835784907 1.3232291340827944 0.86720469594001781 0.75973534584045421 1.0696486830711367 0.041121214628219611 0.434720128774643
decision_type=2 2 2 2 2 2 2
left_child=-1 4 3 -3 5 -2 -6
right_child=1 2 -4 -5 6 -7 -8
leaf_value=0.0050311993341104443 -0.00060616944595512183 -0.0027891811922340359 0.00071685471101905641 0.00033212658930023841 0.0009503084316710409 0.00030162119741119662 -0.0013911254535021048
leaf_weight=174 2930 253 175 142 3423 4831 141
leaf_count=174 2930 253 175 142 3423 4831 141
internal_value=0.000144215 0.00011187 -0.00098913 -0.00195312 0.000168248 -2.78456e-05 0.000596456
internal_weight=12069 11895 570 395 11325 7761 3564
internal_count=12069 11895 570 395 11325 7761 3564
is_linear=0
shrinkage=0.025


Tree=190
num_leaves=11
num_cat=0
split_feature=4 45 36 44 43 10 10 2 29 47
split_gain=1.38728 2.28526 1.86576 2.60547 2.24244 1.4919 1.0744 0.619227 0.483095 0.251542
threshold=-0.12902899831533429 0.057776963338255889 0.20684999227523806 0.027139664627611641 -0.045387707650661462 0.016261038370430473 0.020785266533493999 -0.1331202611327171 0.056083682924509055 0.14343360066413882
decision_type=2 2 2 2 2 2 2 2 2 2
left_child=5 -2 4 -4 -3 8 -7 -8 9 -1
right_child=1 2 3 -5 -6 6 7 -9 -10 -11
leaf_value=0.00086088751692644768 -0.0017784014848762316 -0.0013139864170646665 0.00071243544877126741 -0.00080927458482062944 -2.9226878634320609e-05 -0.001043371307241637 -0.0001734838753592828 0.0014690819267081921 5.7126230606701312e-05 0.0025888663079691124
leaf_weight=152 193 1050 5056 1581 2854 238 159 151 124 498
leaf_count=152 193 1050 5056 1581 2854 238 159 151 124 498
internal_value=4.63271e-05 -4.7374e-05 2.01508e-06 0.000257641 -0.000430737 0.000809156 -0.000178571 0.00077381 0.00151316 0.00178435
internal_weight=12056 10734 10541 6637 3904 1322 548 310 774 650
internal_count=12056 10734 10541 6637 3904 1322 548 310 774 650
is_linear=0
shrinkage=0.025


Tree=191
num_leaves=15
num_cat=0
split_feature=38 33 35 35 34 35 33 40 46 31 31 40 40 37
split_gain=1.45581 2.51025 4.08645 3.90555 1.69565 1.92691 1.90389 1.21186 1.9812 3.31439 1.49263 1.80008 1.40179 1.20295
threshold=-0.018733770586550232 0.0013327066553756597 0.16481839120388034 0.12682235985994342 0.15015578269958499 0.38581290841102606 0.015511361416429283 0.73075467348098766 0.71515038609504711 1.4582193493843081 0.034507069736719138 0.95978605747222911 0.66295796632766735 0.012978836894035341
decision_type=2 2 2 2 2 2 2 2 2 2 2 2 2 2
left_child=7 2 3 -2 6 -6 -3 8 12 -10 -9 -12 -1 -4
right_child=1 4 13 -5 5 -7 -8 10 9 -11 11 -13 -14 -15
leaf_value=0.00093364601388324763 -0.00056216907927495428 3.922402483003293e-05 0.00031605348332606076 -0.0034008036266764694 0.0047301288846641355 -0.00087136696244859862 -0.0017084711696170594 -0.0015288143893671209 -0.0045692114744460884 0.00016139309842634012 0.0015555937959588814 0.0001686052543567144 -0.00088842647342991451 -0.001100909649651113
leaf_weight=450 170 1946 446 164 712 237 424 146 121 138 2704 3777 272 360
leaf_count=450 170 1946 446 164 712 237 424 146 121 138 2704 3777 272 360
internal_value=0.000106548 -0.000251176 -0.00126092 -0.00356563 9.51415e-05 0.000986635 -0.000260526 0.000317056 -0.000498225 -0.00235322 0.00043897 0.000496647 0.00017022 -0.000282059
internal_weight=12067 4459 1140 334 3319 949 2370 7608 981 259 6627 6481 722 806
internal_count=12067 4459 1140 334 3319 949 2370 7608 981 259 6627 6481 722 806
is_linear=0
shrinkage=0.025


Tree=192
num_leaves=7
num_cat=0
split_feature=13 45 36 40 38 2
split_gain=1.56017 1.57179 1.1095 1.92333 1.478 0.0449331
threshold=-0.46252702176570887 0.019258987158536914 0.21995328366756442 0.72322645783424389 -0.018733770586550232 -0.061111234128475182
decision_type=2 2 2 2 2 2
left_child=5 -2 3 -3 -4 -1
right_child=1 2 4 -5 -6 -7
leaf_value=0.0018580281683002445 -0.0022653893282472927 -0.0015848049591822497 0.00090408818337384979 -3.5428788128878479e-06 -0.00010345736038552933 0.0049283761285893873
leaf_weight=120 133 720 3261 4288 3338 143
leaf_count=120 133 720 3261 4288 3338 143
internal_value=7.71362e-05 3.3525e-05 6.55573e-05 -0.000214193 0.000278808 0.00196362
internal_weight=12003 11740 11607 5008 6599 263
internal_count=12003 11740 11607 5008 6599 263
is_linear=0
shrinkage=0.025


Tree=193
num_leaves=8
num_cat=0
split_feature=13 3 46 13 4 40 9
split_gain=1.45143 1.53708 1.73398 1.58416 2.01824 1.61564 1.24647
threshold=-0.49232041835784907 0.026233253069221977 0.038517974317073829 -0.23421649634838101 0.43552067875862127 0.72322645783424389 0.034557458013296134
decision_type=2 2 2 2 2 2 2
left_child=-1 3 -3 4 -2 -5 -4
right_child=1 2 6 5 -6 -7 -8
leaf_value=0.0045261174381191396 0.00026034904300392204 -0.0010544007887916813 0.00061185476444641318 -0.0023001423619054572 -0.00089949828547374066 -0.00036454846343716865 -0.00042119243496848644
leaf_weight=183 2001 144 6112 330 120 1602 1478
leaf_count=183 2001 144 6112 330 120 1602 1478
internal_value=8.71608e-05 5.18361e-05 0.000258916 -0.000341609 0.000127587 -0.000858931 0.000311883
internal_weight=11970 11787 7734 4053 2121 1932 7590
internal_count=11970 11787 7734 4053 2121 1932 7590
is_linear=0
shrinkage=0.025


Tree=194
num_leaves=12
num_cat=0
split_feature=36 34 35 40 38 6 35 26 20 39 6
split_gain=1.38937 1.72862 2.01503 1.71509 1.47382 1.79032 1.7155 1.36757 0.936796 0.779039 0.020463
threshold=-0.029704597778618332 0.13686104863882068 0.38581290841102606 0.83316278457641613 -0.160966582596302 0.071677345782518401 -0.14453162997961042 0.017548909410834316 -0.1328967213630676 0.96389529109001171 0.03187674097716809
decision_type=2 2 2 2 2 2 2 2 2 2 2
left_child=3 4 7 -1 6 -6 -2 -3 -5 -4 -10
right_child=1 2 9 8 5 -7 -8 -9 10 -11 -12
leaf_value=-0.00092177995331233203 -0.00065667050082370698 -0.0010265168130091935 0.00043799200423332474 -0.00011499128921020315 -9.1726410266973262e-05 -0.0015864740392104474 0.0040413864092306634 0.0030240453298111649 0.004998581965635544 -0.0025991232675641723 0.0039507503940630715
leaf_weight=213 307 163 137 131 7870 585 554 1464 369 147 121
leaf_count=213 307 163 137 131 7870 585 554 1464 369 147 121
internal_value=6.59913e-05 -6.78855e-06 0.00067654 0.00104738 -0.000147919 -0.000248966 0.000832852 0.00101792 0.00171126 -0.00124135 0.0022096
internal_weight=12061 11227 1911 834 9316 8455 861 1627 621 284 490
internal_count=12061 11227 1911 834 9316 8455 861 1627 621 284 490
is_linear=0
shrinkage=0.025


Tree=195
num_leaves=7
num_cat=0
split_feature=17 11 11 43 35 2
split_gain=1.54569 1.21815 1.12159 1.57036 1.27976 0.0978942
threshold=-0.36830811202526087 0.0083083258941769617 0.030126702040433887 0.23454902321100238 -0.12642512470483777 0.059739502146840102
decision_type=2 2 2 2 2 2
left_child=5 -2 4 -4 -3 -1
right_child=1 2 3 -5 -6 -7
leaf_value=0.0044337602755331945 0.0036829888396757412 -0.0012666775553253939 0.0016367493613795052 -0.0004547263808798663 9.5335068166042466e-06 0.0011108888320657203
leaf_weight=158 238 445 401 199 10411 124
leaf_count=158 238 445 401 199 10411 124
internal_value=9.88024e-05 5.3744e-05 1.60327e-05 0.00106405 -4.17778e-05 0.00191202
internal_weight=11976 11694 11456 600 10856 282
internal_count=11976 11694 11456 600 10856 282
is_linear=0
shrinkage=0.025


Tree=196
num_leaves=13
num_cat=0
split_feature=30 11 40 48 40 11 3 43 38 5 40 18
split_gain=1.51465 1.30711 2.24512 2.70863 2.06734 1.50438 1.90974 1.22705 0.670623 0.70419 0.67441 0.134991
threshold=-0.78501662611961354 0.016269923187792305 0.72322645783424389 0.057776963338255889 0.85936430096626293 0.030126702040433887 -0.31594105064868921 0.30268464982509619 -0.076117679476737962 0.26581677794456487 0.85217544436454784 0.024625911377370361
decision_type=2 2 2 2 2 2 2 2 2 2 2 2
left_child=8 2 3 -2 -4 6 -3 -7 10 -10 -1 -12
right_child=1 5 4 -5 -6 7 -8 -9 9 -11 11 -13
leaf_value=0.00081369429564943766 0.0042126797428010503 -0.0021837609248872903 0.0028631318772410989 -0.0021999000011604895 0.00018826298939593445 0.0012675884930490381 -0.00026390608325291504 -0.00052622117247567719 0.003366306667000934 -0.00038803843585410151 0.0041239853521604503 0.0017887693446368169
leaf_weight=174 181 134 1180 641 3142 383 5325 174 153 158 306 120
leaf_count=174 181 134 1180 641 3142 383 5325 174 153 158 306 120
internal_value=5.55856e-05 -2.40707e-05 0.000267771 -0.000923519 0.000496591 -0.000274664 -0.000401949 0.000954182 0.00103302 6.72469e-05 0.0015186 0.00205046
internal_weight=12071 11160 5144 822 4322 6016 5459 557 911 311 600 426
internal_count=12071 11160 5144 822 4322 6016 5459 557 911 311 600 426
is_linear=0
shrinkage=0.025


Tree=197
num_leaves=8
num_cat=0
split_feature=13 38 34 35 40 31 11
split_gain=1.41621 1.0402 1.67393 2.28037 1.57931 1.49703 1.60923
threshold=-0.49232041835784907 -0.049811685457825654 0.14085444808006289 0.38581290841102606 0.86464822292327892 0.034507069736719138 0.022410891950130466
decision_type=2 2 2 2 2 2 2
left_child=-1 5 4 -4 -3 -2 -7
right_child=1 2 3 -5 -6 6 -8
leaf_value=0.0043651981117109424 -0.0016229978480333863 0.00023553769976252697 0.0021553425624351755 -0.0018170570588935454 -0.00063543306965071274 0.00096466083157418245 -0.00012606325809379039
leaf_weight=178 132 1512 1310 259 3030 3403 2172
leaf_count=178 132 1512 1310 259 3030 3403 2172
internal_value=7.78061e-05 4.34535e-05 -0.000182513 0.000518583 -0.00042638 0.000286458 0.000350583
internal_weight=11996 11818 6111 1569 4542 5707 5575
internal_count=11996 11818 6111 1569 4542 5707 5575
is_linear=0
shrinkage=0.025


Tree=198
num_leaves=8
num_cat=0
split_feature=13 9 29 36 36 44 41
split_gain=1.63714 1.14297 1.70253 1.1675 1.82916 1.00624 0.362097
threshold=-0.49232041835784907 0.017523327842354778 0.018696864135563377 -0.0404423139989376 0.21995328366756442 0.014981710817664863 0.57242012023925792
decision_type=2 2 2 2 2 2 2
left_child=-1 2 -2 6 -5 -4 -3
right_child=1 3 5 4 -6 -7 -8
leaf_value=0.0044554677679383573 -0.0020286820164986293 0.0026085213263093883 0.0022302650106815814 -0.00041403040232191029 0.00015681213008215109 -0.0028259864302033065 0.0010270097051176665
leaf_weight=177 126 244 933 3901 6309 127 186
leaf_count=177 126 244 933 3901 6309 127 186
internal_value=4.3825e-05 7.07895e-06 0.000742024 -7.45654e-05 -0.000129099 0.00107394 0.00119253
internal_weight=12003 11826 1186 10640 10210 1060 430
internal_count=12003 11826 1186 10640 10210 1060 430
is_linear=0
shrinkage=0.025


Tree=199
num_leaves=9
num_cat=0
split_feature=13 28 16 16 9 26 40 25
split_gain=1.54314 1.2732 1.87039 1.90916 1.62875 1.1075 1.48599 0.485103
threshold=-0.49232041835784907 0.42499999701976782 0.024139283224940303 0.022667651996016506 0.029383603483438495 0.020904728211462501 0.77306863665580761 -9.7353978157043439
decision_type=2 2 2 2 2 2 2 2
left_child=-1 5 3 -3 -4 7 -7 -2
right_child=1 2 4 -5 -6 6 -8 -9
leaf_value=0.0042330492442290554 0.00061190187705811925 -9.5884569572807259e-05 0.0018597945218071629 -0.0012638401732063482 -0.00017761168466004675 -0.00089379470947475569 0.0003153961061888031 0.0016695922601612295
leaf_weight=173 375 5422 1341 1058 1218 233 1468 767
leaf_count=173 375 5422 1341 1058 1218 233 1468 767
internal_value=8.34371e-05 4.82671e-05 -9.63345e-05 -0.00032286 0.000474357 0.000509568 0.000100381 0.00111051
internal_weight=12055 11882 9039 6480 2559 2843 1701 1142
internal_count=12055 11882 9039 6480 2559 2843 1701 1142
is_linear=0
shrinkage=0.025


Tree=200
num_leaves=10
num_cat=0
split_feature=17 38 36 17 11 35 37 36 13
split_gain=1.36091 1.39247 1.65523 2.15572 1.79742 1.62436 2.0804 0.980579 0.245165
threshold=-0.36830811202526087 -0.066811744123697267 0.21143719553947452 0.020449724048376087 0.016269923187792305 0.15930587798357013 0.010051611345261337 0.60921487212181102 -0.39068010449409479
decision_type=2 2 2 2 2 2 2 2 2
left_child=8 5 3 -3 -4 6 -2 -7 -1
right_child=1 2 4 -5 -6 7 -8 -9 -10
leaf_value=0.0035006680044942702 0.0026695873942256154 0.00097584389107221873 0.00061903427073607816 -0.0013713042019364359 -0.00043992025186940001 0.006622356346008303 -6.3515051973829758e-05 -0.00023055088978077886 0.00016734263058919239
leaf_weight=162 697 537 2427 1670 2197 425 3610 121 121
leaf_count=162 697 537 2427 1670 2197 425 3610 121 121
internal_value=4.27039e-05 3.20908e-07 -0.000229118 -0.000791704 3.86153e-05 0.000324465 0.000159149 0.0016039 0.00174045
internal_weight=11967 11684 6831 2207 4624 4853 4307 546 283
internal_count=11967 11684 6831 2207 4624 4853 4307 546 283
is_linear=0
shrinkage=0.025


Tree=201
num_leaves=9
num_cat=0
split_feature=13 13 29 9 30 47 40 17
split_gain=1.32829 1.2517 1.4283 1.41658 1.33146 1.35211 0.998155 0.909098
threshold=-0.49232041835784907 -0.031595164909958832 0.039526056498289115 0.031873479485511787 -0.55738130211830128 0.29548789560794836 0.85936430096626293 -0.10216405242681502
decision_type=2 2 2 2 2 2 2 2
left_child=-1 4 6 -4 7 -6 -3 -2
right_child=1 2 3 -5 5 -7 -8 -9
leaf_value=0.0041215375857357591 0.0038603487092493702 0.00014911460613337081 0.0018079568863261356 -0.00035505021019122801 0.0004722251830397942 -0.0003315045625597369 -0.0014760406982189886 0.00045334690318679747
leaf_weight=174 185 197 1620 527 2238 5649 194 1240
leaf_count=174 185 197 1620 527 2238 5649 194 1240
internal_value=0.000116697 8.38255e-05 0.0005756 0.000830042 -4.97745e-05 -0.000177553 -0.000798611 0.000651224
internal_weight=12024 11850 2538 2147 9312 7887 391 1425
internal_count=12024 11850 2538 2147 9312 7887 391 1425
is_linear=0
shrinkage=0.025


Tree=202
num_leaves=8
num_cat=0
split_feature=13 38 34 37 34 47 45
split_gain=1.4357 1.13579 2.21215 2.42562 1.69981 1.68191 0.439513
threshold=-0.49232041835784907 -0.16515156626701352 -0.034104479476809495 0.01966839283704758 0.051445227116346366 0.5524578094482423 0.3706896454095841
decision_type=2 2 2 2 2 2 2
left_child=-1 4 5 -4 6 -3 -2
right_child=1 2 3 -5 -6 -7 -8
leaf_value=0.004068476718135137 0.00065837841439959964 -0.00020890338530879385 -5.0681396499224361e-05 0.0025480315016753806 -0.00077841403486163772 -0.002052508379947849 0.0045591240697410492
leaf_weight=177 188 764 8536 1162 190 586 448
leaf_count=177 188 764 8536 1162 190 586 448
internal_value=5.56778e-05 2.13613e-05 -4.51234e-05 8.64424e-05 0.000913057 -0.000991697 0.00153471
internal_weight=12051 11874 11048 9698 826 1350 636
internal_count=12051 11874 11048 9698 826 1350 636
is_linear=0
shrinkage=0.025


Tree=203
num_leaves=6
num_cat=0
split_feature=13 45 17 40 35
split_gain=1.43266 1.24839 1.14493 3.75479 1.56323
threshold=-0.49232041835784907 0.019258987158536914 1.4175644516944887 0.87734833359718334 0.2033398970961571
decision_type=2 2 2 2 2
left_child=-1 -2 4 -4 -3
right_child=1 2 3 -5 -6
leaf_value=0.0039980376383258534 -0.0016458444144669328 -9.9622294503011756e-05 -0.0046866933091929235 0.00091497621893827849 0.00077281136301867966
leaf_weight=175 143 7826 125 150 3672
leaf_count=175 143 7826 125 150 3672
internal_value=4.30929e-05 9.12265e-06 3.8313e-05 -0.00154018 7.72625e-05
internal_weight=12091 11916 11773 275 11498
internal_count=12091 11916 11773 275 11498
is_linear=0
shrinkage=0.025


Tree=204
num_leaves=8
num_cat=0
split_feature=13 44 31 11 40 46 46
split_gain=1.45155 1.17729 1.62026 3.13937 1.49421 1.32389 0.982045
threshold=-0.49232041835784907 0.01421447563916445 0.27102009952068334 0.018226524814963344 0.44674462080001837 0.10491563007235528 0.54310345649719249
decision_type=2 2 2 2 2 2 2
left_child=-1 5 3 -3 -4 -2 -7
right_child=1 2 4 -5 -6 6 -8
leaf_value=0.003735569576580436 -0.0015670572505361267 -0.0023078472679286962 -0.0011133114738409327 0.00016567507384452636 5.0538356568863333e-05 0.001774474163040763 -8.4228037667480565e-05
leaf_weight=176 215 461 247 560 8914 1035 359
leaf_count=176 215 461 247 560 8914 1035 359
internal_value=3.64393e-05 1.80155e-06 -9.70599e-05 -0.00103923 7.77339e-06 0.000629647 0.000914046
internal_weight=11967 11791 10182 1021 9161 1609 1394
internal_count=11967 11791 10182 1021 9161 1609 1394
is_linear=0
shrinkage=0.025


Tree=205
num_leaves=11
num_cat=0
split_feature=4 45 36 31 17 44 17 32 31 36
split_gain=1.47247 2.66074 1.45457 2.91319 1.83579 1.16217 1.55514 2.39356 0.406484 0.256807
threshold=-0.12322313338518141 0.057776963338255889 0.20684999227523806 1.1549116373062136 0.90904042124748241 0.017740860581398014 0.41933019459247595 0.78626310825347911 0.052072508260607726 0.10287999734282495
decision_type=2 2 2 2 2 2 2 2 2 2
left_child=5 -2 4 -4 -3 8 7 -7 -1 -10
right_child=1 2 3 -5 -6 6 -8 -9 9 -11
leaf_value=0.00017428903149728947 -0.0019121283569907847 -0.00050476164098928091 0.0010953216991614989 -0.00025146614322560064 0.0012823202459737336 0.0018182925449385092 0.002062064676976292 -0.0015683705345131611 0.0034882348614242741 0.00064109168233071915
leaf_weight=150 171 3420 3342 3272 459 147 205 281 414 180
leaf_count=150 171 3420 3342 3272 459 147 205 281 414 180
internal_value=7.2327e-05 -2.65957e-05 2.39332e-05 0.000249849 -0.000359488 0.000840268 4.11443e-05 -0.000805427 0.00150701 0.00180092
internal_weight=12041 10664 10493 6614 3879 1377 633 428 744 594
internal_count=12041 10664 10493 6614 3879 1377 633 428 744 594
is_linear=0
shrinkage=0.025


Tree=206
num_leaves=12
num_cat=0
split_feature=16 37 36 15 34 41 39 42 34 35 23
split_gain=1.19542 1.55295 2.472 1.512 2.08128 1.14602 0.815003 0.812864 0.787883 1.42146 0.647383
threshold=0.015344067476689817 0.023460826836526397 0.5289275348186494 0.87068966031074535 0.16881616413593295 0.65264201164245617 0.59577825665473949 0.14731934666633609 0.094134718179702773 -0.0084023736417293531 0.19208621233701709
decision_type=2 2 2 2 2 2 2 2 2 2 2
left_child=6 3 7 4 -2 -4 -1 -3 9 -8 -5
right_child=1 2 5 10 -6 -7 8 -9 -10 -11 -12
leaf_value=-0.00094818141850744006 -0.00019833961559646252 0.0025089411639038109 0.00035278675711746953 -0.0022315066493903981 0.0029613970306630794 -0.0013035503058472305 -8.8045443064261632e-07 -0.00027847177716108909 -0.00039475862943871967 0.0028944070492404831 -0.0010432450455869634
leaf_weight=166 7491 1304 148 230 842 175 387 137 209 697 196
leaf_count=166 7491 1304 148 230 842 175 387 137 209 697 196
internal_value=4.16077e-05 -5.09355e-05 0.00062394 -0.000187842 -0.000112287 -0.00133003 0.000711236 0.00106933 0.000925462 0.0011972 -0.00163283
internal_weight=11982 10523 1764 8759 8333 323 1459 1441 1293 1084 426
internal_count=11982 10523 1764 8759 8333 323 1459 1441 1293 1084 426
is_linear=0
shrinkage=0.025


Tree=207
num_leaves=8
num_cat=0
split_feature=17 46 29 3 41 9 13
split_gain=1.51024 1.41088 3.33145 1.192 2.19571 1.89178 0.166873
threshold=-0.36830811202526087 0.038517974317073829 0.052049649879336364 0.10764149203896524 0.44022692739963537 0.034171482548117645 -0.39068010449409479
decision_type=2 2 2 2 2 2 2
left_child=6 2 -2 4 -3 -5 -1
right_child=1 3 -4 5 -6 -7 -8
leaf_value=0.003351112200750335 0.00032327940362660213 -0.0013778259837297616 -0.0028853824435133347 0.00088025054640453236 -8.0318335810892185e-06 -0.00066626411095388558 0.00022155744326974398
leaf_weight=164 141 686 125 4611 4806 1387 123
leaf_count=164 141 686 125 4611 4806 1387 123
internal_value=6.02798e-05 1.56238e-05 -0.00176661 5.81776e-05 -0.000207158 0.000302141 0.00183647
internal_weight=12043 11756 266 11490 5492 5998 287
internal_count=12043 11756 266 11490 5492 5998 287
is_linear=0
shrinkage=0.025


Tree=208
num_leaves=6
num_cat=0
split_feature=13 10 3 44 13
split_gain=1.56179 1.09388 1.15303 1.90327 1.51445
threshold=-0.49232041835784907 0.044873071834445007 0.026233253069221977 0.027270439080893997 -0.22863939404487607
decision_type=2 2 2 2 2
left_child=-1 2 4 -4 -2
right_child=1 -3 3 -5 -6
leaf_value=0.0037184717286123598 8.1636917806305907e-05 0.0030100886467807116 0.00047280489972173229 -0.00069192787299710847 -0.00081291646126501957
leaf_weight=173 2126 121 5995 1703 1798
leaf_count=173 2126 121 5995 1703 1798
internal_value=6.99397e-05 3.41548e-05 8.49326e-06 0.000186778 -0.000339463
internal_weight=11916 11743 11622 7698 3924
internal_count=11916 11743 11622 7698 3924
is_linear=0
shrinkage=0.025


Tree=209
num_leaves=12
num_cat=0
split_feature=4 45 23 43 47 8 17 30 39 43 8
split_gain=1.442 2.35015 1.26518 2.13573 1.57798 0.951926 1.53153 2.86869 0.29989 0.327727 0.044649
threshold=-0.12902899831533429 0.057776963338255889 0.12879149615764621 0.0024594960268586878 0.38114453852176672 0.021058207377791408 0.35159546136856085 -0.38406533002853388 0.79701370000839245 -0.37589591741561884 0.030906675383448604
decision_type=2 2 2 2 2 2 2 2 2 2 2
left_child=5 -2 3 -3 -4 8 7 -7 -1 -10 -8
right_child=1 2 4 -5 -6 6 10 -9 9 -11 -12
leaf_value=0.00088131102432498568 -0.0015107535199322087 -0.0011151070977314158 0.0012934856316048609 0.00027231492349669536 -2.3840034132125707e-05 0.0018792786805677552 0.0006428595412062317 -0.0014852540650815043 0.00034013802449570167 0.0024628694676150174 0.0031018307414041411
leaf_weight=165 199 1738 2242 1538 4926 132 120 277 162 374 121
leaf_count=165 199 1738 2242 1538 4926 132 120 277 162 374 121
internal_value=7.74024e-05 -1.98393e-05 3.14624e-05 -0.000374505 0.000218005 0.000845317 0.00014313 -0.000775966 0.00148194 0.00177218 0.0017124
internal_weight=11994 10643 10444 3276 7168 1351 650 409 701 536 241
internal_count=11994 10643 10444 3276 7168 1351 650 409 701 536 241
is_linear=0
shrinkage=0.025


Tree=210
num_leaves=9
num_cat=0
split_feature=13 12 9 36 38 31 18 39
split_gain=1.39196 1.28998 2.90998 2.5433 1.36652 1.91146 0.895642 0.816333
threshold=-0.49232041835784907 -0.27792233228683466 0.037272607907652862 0.094157941639423384 -0.1188991218805313 0.93826782703399669 -0.049994198605418198 1.1088892817497256
decision_type=2 2 2 2 2 2 2 2
left_child=-1 2 3 -2 7 -6 -4 -3
right_child=1 4 6 -5 5 -7 -8 -9
leaf_value=0.003591805778032791 2.7918679334696084e-05 0.00037206473549928655 0.0017919523644169583 -0.0024536155473691445 0.00032475566587724519 -0.00035061615136145331 -0.00036279737735043897 0.0034697787878410803
leaf_weight=176 149 1533 131 206 4712 4566 120 484
leaf_count=176 149 1533 131 206 4712 4566 120 484
internal_value=8.16298e-05 4.79801e-05 -0.00106997 -0.00251736 0.00010896 -1.87169e-05 0.000961914 0.000697948
internal_weight=12077 11901 606 355 11295 9278 251 2017
internal_count=12077 11901 606 355 11295 9278 251 2017
is_linear=0
shrinkage=0.025


Tree=211
num_leaves=14
num_cat=0
split_feature=47 5 40 35 39 39 40 20 47 12 8 40 39
split_gain=1.33861 1.681 1.27584 3.18465 3.14954 3.05379 2.49628 2.83755 2.77613 1.10216 1.34183 0.422403 0.277376
threshold=0.88646370172500621 0.65811121463775646 0.9525931477546693 -0.12642512470483777 1.1017840504646303 0.81660205125808727 0.74069702625274669 0.21627531945705417 0.69589141011238109 -0.15231762081384656 0.036646321415901191 0.89882987737655651 1.0727044939994814
decision_type=2 2 2 2 2 2 2 2 2 2 2 2 2
left_child=2 11 6 4 -4 -5 7 -1 -8 12 -11 -2 -3
right_child=1 9 3 5 -6 -7 8 -9 -10 10 -12 -13 -14
leaf_value=-0.0014309335230708947 0.00033727449337570589 0.00014380123403119242 -0.003550835712919856 -0.0019580374068440707 0.00087350009251013815 0.00013470351942996943 0.0015061286946056603 0.00089021250105072211 -0.00093563593603439288 0.00047315632494583572 -0.0025236019260867623 0.0044473233471958775 0.0020686716766083347
leaf_weight=1005 120 120 167 587 124 4473 3271 510 569 270 266 414 178
leaf_count=1005 120 120 167 587 124 4473 3271 510 569 270 266 414 178
internal_value=0.000130702 0.000865805 3.58277e-05 -0.000236417 -0.0027576 -8.7611e-05 0.000309002 -0.000546875 0.00064857 0.000153457 -0.000515249 0.00195501 0.00136551
internal_weight=12074 1368 10706 5351 291 5060 5355 1515 3840 834 536 534 298
internal_count=12074 1368 10706 5351 291 5060 5355 1515 3840 834 536 534 298
is_linear=0
shrinkage=0.025


Tree=212
num_leaves=9
num_cat=0
split_feature=13 34 35 38 33 35 26 39
split_gain=1.35104 1.15845 1.69955 1.59131 1.96374 1.59407 1.54294 0.655167
threshold=-0.49232041835784907 0.13686104863882068 0.38581290841102606 -0.11751413717865943 -0.0027823220007121559 -0.070703461766242967 0.017548909410834316 0.96389529109001171
decision_type=2 2 2 2 2 2 2 2
left_child=-1 3 6 5 -5 -2 -3 -4
right_child=1 2 7 4 -6 -7 -8 -9
leaf_value=0.0034999190569208688 -0.00017899372760846939 -0.0012301190035137186 0.00018091066315372123 -0.00099081955349663458 -1.7152193269730258e-05 0.00230643792774923 0.0029522687501812393 -0.0033005393493881611
leaf_weight=170 1024 158 141 1842 5806 1284 1434 134
leaf_count=170 1024 158 141 1842 5806 1284 1434 134
internal_value=6.88657e-05 3.60375e-05 0.000606971 -7.06504e-05 -0.000244839 0.000503135 0.000922824 -0.00118304
internal_weight=11993 11823 1867 9956 7648 2308 1592 275
internal_count=11993 11823 1867 9956 7648 2308 1592 275
is_linear=0
shrinkage=0.025


Tree=213
num_leaves=14
num_cat=0
split_feature=16 35 35 37 35 16 40 35 16 40 32 9 4
split_gain=1.79389 1.70821 2.10693 3.3187 1.71883 1.88676 1.42507 1.29516 0.843388 0.767118 0.568187 0.328432 0.235144
threshold=0.015344067476689817 0.22081656754016879 0.12548054009675982 0.0095706405118107813 0.24762298911809924 0.02702269330620766 0.76724120974540722 -0.0084023736417293531 0.013443763833492996 0.70043110847473156 0.69584321975708019 0.021681972779333595 0.041250072419643409
decision_type=2 2 2 2 2 2 2 2 2 2 2 2 2
left_child=7 2 6 -4 11 -6 -2 8 -1 -9 -11 -3 -10
right_child=1 4 3 -5 5 -7 -8 9 12 10 -12 -13 -14
leaf_value=-0.0020349130173494181 -0.00082770630135037314 0.00012933882463409406 0.00078861267721517907 -0.0013411107612698507 -0.00035831295901414257 0.0020595152297060069 0.00025600553853047061 -0.0014155390905847185 -3.6438263271067008e-05 3.5442142535921871e-05 0.0027213944454817524 0.0039326171611538084 0.0024097692523105769
leaf_weight=133 836 131 692 1843 1728 973 3841 125 156 120 788 533 142
leaf_count=133 836 131 692 1843 1728 973 3841 125 156 120 788 533 142
internal_value=5.15732e-05 -6.15431e-05 -0.000279029 -0.00085876 0.000402448 0.000118718 3.44405e-05 0.00087049 -0.000266628 0.00134995 0.00160323 0.00153774 0.000457921
internal_weight=12041 10577 7212 2535 3365 2701 4677 1464 431 1033 908 664 298
internal_count=12041 10577 7212 2535 3365 2701 4677 1464 431 1033 908 664 298
is_linear=0
shrinkage=0.025


Tree=214
num_leaves=6
num_cat=0
split_feature=5 10 4 39 46
split_gain=1.27402 1.08698 1.16351 2.97059 2.44095
threshold=-0.46231107413768763 0.044873071834445007 0.10708955675363542 1.0312372446060183 0.63811445236206066
decision_type=2 2 2 2 2
left_child=-1 2 3 -2 -4
right_child=1 -3 4 -5 -6
leaf_value=0.0044283671085146477 -0.00093335648440210413 0.0028811152330637155 0.0008712885199742876 0.00042872531431175807 -0.00019666579538836363
leaf_weight=144 2373 140 3966 1564 3841
leaf_count=144 2373 140 3966 1564 3841
internal_value=7.59371e-05 4.65768e-05 1.94698e-05 -0.000330099 0.000196653
internal_weight=12028 11884 11744 3937 7807
internal_count=12028 11884 11744 3937 7807
is_linear=0
shrinkage=0.025


Tree=215
num_leaves=14
num_cat=0
split_feature=31 43 47 20 40 41 44 46 39 20 17 17 48
split_gain=1.45401 2.26705 1.6089 1.40053 2.83667 2.06776 1.36134 1.52669 1.30875 1.17181 1.08186 0.963034 0.301561
threshold=2.4081935882568364 0.18572574108839038 0.88646370172500621 0.2138633877038956 0.86236399412155162 0.44022692739963537 0.028715422376990322 0.90517240762710582 0.98054358363151561 0.33701261878013616 1.3430367112159731 0.43406771123409277 0.26724137365818029
decision_type=2 2 2 2 2 2 2 2 2 2 2 2 2
left_child=2 8 3 5 -5 -1 7 -3 -2 12 -8 -11 -4
right_child=1 6 9 4 -6 -7 10 -9 -10 11 -12 -13 -14
leaf_value=-0.0015332329662370344 -0.0024840665066882461 -0.00069337555679376038 0.00027266912410330518 0.0023139627795440822 -6.4298342099151663e-06 3.2705942717771842e-06 0.00035813794260167631 0.0028900690981717944 -0.0015521817049864446 0.00339715094096508 -0.0017277562356500503 -0.00028991610649466018 0.0045132483618936497
leaf_weight=679 120 144 130 1176 2644 5289 255 269 206 125 189 323 443
leaf_count=679 120 144 130 1176 2644 5289 255 269 206 125 189 323 443
internal_value=8.32501e-05 -0.000746002 0.000174889 7.54366e-05 0.000449346 -0.000163025 -5.94547e-05 0.000959928 -0.00250378 0.0011172 -0.00102171 0.000140729 0.00186202
internal_weight=11992 1183 10809 9788 3820 5968 857 413 326 1021 444 448 573
internal_count=11992 1183 10809 9788 3820 5968 857 413 326 1021 444 448 573
is_linear=0
shrinkage=0.025


Tree=216
num_leaves=14
num_cat=0
split_feature=47 47 30 36 20 11 39 4 11 11 17 39 36
split_gain=1.35408 1.67295 1.73173 2.27102 1.63099 1.40611 1.79719 1.3782 1.36349 1.25714 0.978759 0.157808 0.0421093
threshold=0.88646370172500621 0.48606015741825109 0.80117341876029979 0.14181652665138247 0.2857858687639237 0.014403113164007665 1.3254218697547915 -0.13485960662364957 0.030126702040433887 0.020674216561019424 0.66662985086441051 0.73545059561729442 0.1601553484797478
decision_type=2 2 2 2 2 2 2 2 2 2 2 2 2
left_child=1 2 7 -4 11 6 -3 -1 -7 -6 -11 -2 -13
right_child=4 5 3 -5 9 8 -8 -9 -10 10 -12 12 -14
leaf_value=0.0012019101093677699 0.00036750770335081573 0.0021705052533157053 -0.0034239018087318268 1.7605833955484898e-05 0.0021494266127885897 -0.00060816632274849508 -0.0010189191410704603 0.00029132268656558612 0.0012771381854329283 0.0010327307971983192 -0.00097085273717115942 0.0055202488213607513 0.0013726177858346224
leaf_weight=664 120 779 133 307 218 3492 124 4925 243 191 417 268 146
leaf_count=664 120 779 133 307 218 3492 124 4925 243 191 417 268 146
internal_value=9.65136e-05 1.05425e-06 0.000276144 -0.00122191 0.000837912 -0.000355104 0.000524504 0.000396183 -0.000569853 0.000130867 -0.000446574 0.00190863 0.00215692
internal_weight=12027 10667 6029 440 1360 4638 903 5589 3735 826 608 534 414
internal_count=12027 10667 6029 440 1360 4638 903 5589 3735 826 608 534 414
is_linear=0
shrinkage=0.025


Tree=217
num_leaves=9
num_cat=0
split_feature=13 40 47 35 47 20 41 20
split_gain=1.21171 1.1206 3.15922 3.10148 2.82398 2.0836 1.77115 0.833725
threshold=-0.49232041835784907 0.94036948680877697 0.67663240432739269 -0.12642512470483777 0.24834922701120379 0.41415643692016607 0.60275068879127514 0.23857009410858157
decision_type=2 2 2 2 2 2 2 2
left_child=-1 4 3 -3 7 -4 -6 -2
right_child=1 2 5 -5 6 -7 -8 -9
leaf_value=0.0033394729294907791 0.00083916852470847757 -0.00267354323995923 0.0011748447374562228 -0.00040021260042191487 -0.00068226825517669757 -0.00080524676696372758 0.0010721122233032854 0.0037833031140706037
leaf_weight=169 1498 209 1631 3616 2455 817 988 531
leaf_count=169 1498 209 1631 3616 2455 817 988 531
internal_value=3.38746e-05 2.65967e-06 -0.000224793 -0.000673956 0.000264515 0.000474419 -0.000170026 0.00100356
internal_weight=11914 11745 6273 3825 5472 2448 3443 2029
internal_count=11914 11745 6273 3825 5472 2448 3443 2029
is_linear=0
shrinkage=0.025


Tree=218
num_leaves=13
num_cat=0
split_feature=34 35 38 36 16 33 15 38 36 4 35 31
split_gain=1.08617 1.88419 1.42731 1.91165 3.74699 2.19079 1.20561 2.73615 1.74713 0.87074 1.26609 1.02272
threshold=0.13686104863882068 0.44355171918869024 -0.018733770586550232 0.28969728946685797 0.022875982336699966 0.016161097213625911 0.3189655095338822 -0.1220044083893299 0.23604474961757663 0.030258384533226493 0.15830819308757785 2.4717967510223393
decision_type=2 2 2 2 2 2 2 2 2 2 2 2
left_child=2 9 6 4 -4 -5 7 -1 -8 10 -2 -11
right_child=1 -3 3 5 -6 -7 8 -9 -10 11 -12 -13
leaf_value=0.0014491050266074172 -0.0019639986762521938 -0.0023490469757856056 -0.00053160591300773581 8.9714480854420221e-05 -0.0035462705313684556 -0.0029654845378892735 -7.9828054028825205e-05 -0.0011957119761661205 0.0014543704905747193 0.0029509739161775045 0.0055301377912732839 -0.00054420370149222547
leaf_weight=844 120 173 943 1792 144 122 2926 1264 2095 1225 134 212
leaf_count=844 120 173 943 1792 144 122 2926 1264 2095 1225 134 212
internal_value=-2.81264e-06 0.000550428 -0.000105451 -0.000562625 -0.00139766 -8.27253e-05 8.63822e-05 -0.000413511 0.000297702 0.00080852 -0.000516409 0.00104802
internal_weight=11994 1864 10130 3001 1087 1914 7129 2108 5021 1691 254 1437
internal_count=11994 1864 10130 3001 1087 1914 7129 2108 5021 1691 254 1437
is_linear=0
shrinkage=0.025


Tree=219
num_leaves=12
num_cat=0
split_feature=36 17 47 31 39 3 41 36 30 32 42
split_gain=1.24915 1.57765 1.27376 1.30043 1.98129 1.24829 3.25124 1.72329 0.815534 0.867202 0.189418
threshold=-0.029704597778618332 -0.07237862795591353 0.094827588647604003 0.67435342073440563 0.69580107927322399 0.023786781355738643 0.5227133333683015 0.12093919515609743 0.070173423737287535 0.87306585907936107 0.056329987943172462
decision_type=2 2 2 2 2 2 2 2 2 2 2
left_child=1 -1 3 4 -2 6 -4 -7 9 -3 -5
right_child=2 8 5 10 -6 7 -8 -9 -10 -11 -12
leaf_value=-0.0018907162650296486 0.0016462545672733774 -0.0012190660726235064 -0.0016626116538403625 0.0031504009449728389 -0.0018849119930448401 -0.00051214584766005053 -0.000113526895651027 0.00027844491793762368 0.0037440693959782025 0.0026551731902708206 0.0023330709790553633
leaf_weight=136 303 121 520 266 324 1446 2644 5544 370 226 122
leaf_count=136 303 121 520 266 324 1446 2644 5544 370 226 122
internal_value=4.35479e-05 0.000962995 -2.65123e-05 0.000814951 9.69146e-05 -0.0001116 -0.00052343 7.41602e-05 0.00143525 0.000529119 0.00194338
internal_weight=12022 853 11169 1015 627 10154 3164 6990 717 347 388
internal_count=12022 853 11169 1015 627 10154 3164 6990 717 347 388
is_linear=0
shrinkage=0.025


Tree=220
num_leaves=14
num_cat=0
split_feature=28 26 11 38 30 46 43 33 38 31 5 18 2
split_gain=1.2091 1.70717 1.44223 1.49121 1.31619 2.75454 1.41769 1.05165 1.08355 1.00773 2.2667 0.813684 0.730681
threshold=0.42499999701976782 0.020621479488909248 0.023422298021614555 -0.053036764264106744 -0.086797107011079774 0.27622890472412115 0.35159492492675787 -0.010438507888466118 -0.160966582596302 0.91824060678482067 0.64465281367301952 -0.022342664189636704 -0.10679637640714644
decision_type=2 2 2 2 2 2 2 2 2 2 2 2 2
left_child=7 2 3 -2 6 -6 -3 8 -1 12 -11 -10 -9
right_child=1 4 -4 -5 5 -7 -8 9 11 10 -12 -13 -14
leaf_value=0.0033439219508057611 0.00042693448235691717 0.0012489607917006769 -0.0034815119141674896 -0.00067247766820915326 -0.0023260630055997084 0.00014224821768007293 -0.00090543979693975579 0.00038406307957711039 -0.0013197060098360182 -0.0018339181024981867 0.00078030954781942803 0.00012692043808344139 0.0017105578138699386
leaf_weight=149 989 1915 123 1871 642 3246 309 436 248 223 605 138 1099
leaf_count=149 989 1915 123 1871 642 3246 309 436 248 223 605 138 1099
internal_value=2.51084e-05 -0.000116071 -0.000606175 -0.000486475 0.000122405 -0.000153802 0.000607335 0.000469773 -0.000520833 0.000697318 0 -0.00122442 0.00107549
internal_weight=11993 9095 2983 2860 6112 3888 2224 2898 535 2363 828 386 1535
internal_count=11993 9095 2983 2860 6112 3888 2224 2898 535 2363 828 386 1535
is_linear=0
shrinkage=0.025


Tree=221
num_leaves=14
num_cat=0
split_feature=4 4 32 13 12 5 20 30 39 6 31 46 8
split_gain=1.12639 2.19616 1.76466 1.70072 1.48841 1.19354 1.4843 1.16735 0.794773 0.684338 0.481726 0.463466 0.354501
threshold=-0.12322313338518141 -0.041700696572661393 0.7404981553554536 -0.24445012211799619 -0.21761135756969449 -0.080808445811271654 0.043482728302478797 -0.39310279488563532 0.83883672952651989 0.019316620193421844 0.2265712767839432 0.20983126014471057 0.018108760006725792
decision_type=2 2 2 2 2 2 2 2 2 2 2 2 2
left_child=4 2 -2 -4 7 9 -7 -1 11 -3 -9 -6 -10
right_child=1 5 3 -5 8 6 -8 10 12 -11 -12 -13 -14
leaf_value=0.0010155727330733544 -0.002434738802674264 -7.3969426216766005e-05 0.00061336480926517259 -0.0015245409794723424 -0.0005382680968711829 -0.00092080705207709789 7.892083491161544e-05 -0.0010382349120457756 0.001885352856658775 0.0029586694744476948 -0.00036788239728979279 0.0019829015642495612 0.00095629280448831513
leaf_weight=129 148 155 297 307 166 956 8428 120 322 402 124 140 402
leaf_count=129 148 155 297 307 166 956 8428 120 322 402 124 140 402
internal_value=4.6174e-05 -4.07786e-05 -0.00133917 -0.000712233 0.000711115 5.74352e-05 -8.91992e-06 -0.000625 0.00120169 0.0011766 -0.00164157 0.000108521 0.00165123
internal_weight=12096 10693 752 604 1403 9941 9384 373 1030 557 244 306 724
internal_count=12096 10693 752 604 1403 9941 9384 373 1030 557 244 306 724
is_linear=0
shrinkage=0.025


Tree=222
num_leaves=15
num_cat=0
split_feature=16 16 36 40 9 34 40 48 47 16 47 31 37 1
split_gain=1.37915 1.70119 1.57524 1.751 1.44159 1.74828 1.41569 2.46331 1.35791 1.21357 1.40292 1.18362 0.21955 0.0444817
threshold=0.025258761830627922 0.02054516971111298 0.47640329599380499 0.72322645783424389 0.029383603483438495 0.12195472791790964 0.87235051393508922 0.22909024357795718 0.52457812428474437 0.026324720121920112 0.38114453852176672 0.44175994396209722 0.017763301730155948 0.066255848854780211
decision_type=2 2 2 2 2 2 2 2 2 2 2 2 2 2
left_child=1 2 3 -1 5 8 11 -8 -2 12 -11 -3 -6 -7
right_child=4 6 -4 -5 9 13 7 -9 -10 10 -12 -13 -14 -15
leaf_value=-0.0008333252339857057 0.00084597490243321213 -0.001092178903795566 -0.0012848300307390342 0.0004792943497020347 0.00050437649252289558 0.0057959134965693583 -0.0021647418335574656 -0.00049146138673688514 -0.00073149029841959156 -0.0018771294252699076 -1.723604766882439e-06 0.00062456903011613631 0.0047307450561640809 0.0035195340457706194
leaf_weight=693 747 295 211 4444 124 359 291 2312 185 180 1008 921 134 155
leaf_count=693 747 295 211 4444 124 359 291 2312 185 180 1008 921 134 155
internal_value=2.41422e-05 -0.000125518 0.000161358 0.000250146 0.000500086 0.00105703 -0.000528569 -0.000857458 0.000398879 -5.42728e-05 -0.000397108 0.000170967 0.00147814 0.00222303
internal_weight=12059 9167 5348 5137 2892 1446 3819 2603 932 1446 1188 1216 258 514
internal_count=12059 9167 5348 5137 2892 1446 3819 2603 932 1446 1188 1216 258 514
is_linear=0
shrinkage=0.025


Tree=223
num_leaves=12
num_cat=0
split_feature=43 11 31 12 9 40 1 36 41 29 16
split_gain=1.42093 1.93296 2.5029 1.82047 1.69179 2.74989 1.34461 1.8006 1.3162 0.343902 0.102447
threshold=0.027433089911937717 0.030126702040433887 2.1967362165451054 -0.27792233228683466 0.034688377752900131 0.47328618168830877 -0.019117758609354493 0.45740690827369695 0.44694916903972631 0.094718951731920256 0.022987380623817447
decision_type=2 2 2 2 2 2 2 2 2 2 2
left_child=1 2 3 -1 5 -2 9 -8 -7 -6 -3
right_child=4 10 -4 -5 6 8 7 -9 -10 -11 -12
leaf_value=-0.0015025077438691038 -0.0016852843478479254 0.0013298048741119247 -0.0032459822827355859 -6.0770997677041956e-05 0.00017211101554910095 0.0031646237414092132 -0.00018512888703839641 -0.0033315245623056519 0.0005713396179939103 0.0010425056282556335 0.0034614145364658339
leaf_weight=341 177 120 184 5728 325 1130 813 179 2666 193 150
leaf_count=341 177 120 184 5728 325 1130 813 179 2666 193 150
internal_value=8.6067e-05 -0.000162569 -0.000253475 -0.000164019 0.000382881 0.000653909 -0.000325907 -0.000866349 0.000798145 0.000695507 0.00188636
internal_weight=12006 6523 6253 6069 5483 3973 1510 992 3796 518 270
internal_count=12006 6523 6253 6069 5483 3973 1510 992 3796 518 270
is_linear=0
shrinkage=0.025


Tree=224
num_leaves=13
num_cat=0
split_feature=44 47 3 39 31 40 41 31 31 29 23 26
split_gain=1.19916 1.5042 1.59185 3.60024 1.41681 1.41241 1.25967 2.53674 3.80998 1.525 0.51012 0.198596
threshold=0.01421447563916445 0.094827588647604003 0.10435410216450693 0.65750274062156688 1.1449682116508486 0.9525931477546693 0.64127504825592052 0.2265712767839432 0.54936203360557567 0.020686591975390915 0.084236223250627532 0.017660853452980522
decision_type=2 2 2 2 2 2 2 2 2 2 2 2
left_child=6 5 3 -3 -4 11 9 10 -9 -1 -8 -2
right_child=1 2 4 -5 -6 -7 7 8 -10 -11 -12 -13
leaf_value=-0.00085976979135285415 0.0006433323217636738 -0.0023568223951964942 0.00099615794020131861 -0.00015234025873803493 -0.00017876481084881104 -0.0011304993430703032 0.00022152713488248336 -0.0018790791346503201 0.0016573004507744165 0.0022353448243504783 0.0027463190845114808 0.0046380326869707852
leaf_weight=124 131 396 2194 3926 3280 120 150 364 249 480 307 311
leaf_count=124 131 396 2194 3926 3280 120 150 364 249 480 307 311
internal_value=3.7281e-05 -6.26024e-05 -0.000135573 -0.00049428 0.000146697 0.00118827 0.000657385 0.000133721 -0.000908171 0.00156609 0.0015395 0.00184284
internal_weight=12032 10358 9796 4322 5474 562 1674 1070 613 604 457 442
internal_count=12032 10358 9796 4322 5474 562 1674 1070 613 604 457 442
is_linear=0
shrinkage=0.025


Tree=225
num_leaves=9
num_cat=0
split_feature=10 47 48 37 36 37 36 48
split_gain=1.09247 1.1983 1.36648 2.10119 1.79874 1.23042 1.58043 0.698761
threshold=0.044873071834445007 0.19057226926088336 0.19057226926088336 0.017707654275000099 0.48833210766315466 0.010831354651600124 0.39269755780696874 0.094827588647604003
decision_type=2 2 2 2 2 2 2 2
left_child=1 5 3 -3 -4 6 -1 -7
right_child=-2 2 4 -5 -6 7 -8 -9
leaf_value=-0.0010726607876434403 0.0029049621536932782 -0.0012765193587334917 0.00017656470605094046 0.00061507765082086639 -0.0011122563792112731 0.0031773963111463299 0.003171158104549049 0.00084969643791821313
leaf_weight=577 141 976 7251 412 913 311 123 1362
leaf_count=577 141 976 7251 412 913 311 123 1362
internal_value=5.04309e-05 2.35751e-05 -0.000100842 -0.000824659 2.18816e-05 0.000526178 -0.000345745 0.000894666
internal_weight=12066 11925 9552 1388 8164 2373 700 1673
internal_count=12066 11925 9552 1388 8164 2373 700 1673
is_linear=0
shrinkage=0.025


Tree=226
num_leaves=15
num_cat=0
split_feature=38 33 35 35 37 26 37 35 40 48 38 40 25 42
split_gain=1.27037 1.54903 2.655 3.22165 1.64797 1.48532 2.20835 1.3011 3.13453 7.26597 1.58572 1.46518 1.15824 0.630449
threshold=-0.018733770586550232 0.002779442816972733 0.15830819308757785 0.1280065327882767 0.012797545641660692 0.017847936600446705 0.015562216285616161 -0.12642512470483777 0.98315271735191356 0.71515038609504711 -0.15496248006820676 0.73075467348098766 17.622856140136722 0.085601519793272032
decision_type=2 2 2 2 2 2 2 2 2 2 2 2 2 2
left_child=7 2 3 -2 -4 12 -7 8 -1 -10 13 -12 -3 -9
right_child=1 5 4 -5 -6 6 -8 10 9 -11 11 -13 -14 -15
leaf_value=0.00068253400137876282 -0.00049976537931478899 -0.00028936505402353888 0.00031671785673688694 -0.0038118886779343886 -0.0012504638259713994 0.00141485864870597 -0.00053346576863063245 0.0040999173178395713 -0.0034397084436234258 0.0023934503722202777 -0.00045559997289074344 0.00045059768298715192 -0.0018369997877406554 0.00016472203080885141
leaf_weight=351 187 443 582 180 496 1382 1046 462 153 164 790 5491 160 120
leaf_count=351 187 443 582 180 496 1382 1046 462 153 164 790 5491 160 120
internal_value=6.9618e-05 -0.000263055 -0.000935345 -0.00275874 -0.000298938 5.64065e-05 0.000334464 0.000268213 -0.000778232 -0.00256599 0.000371469 0.000253937 -0.00104646 0.00161627
internal_weight=12007 4476 1445 367 1078 3031 2428 7531 668 317 6863 6281 603 582
internal_count=12007 4476 1445 367 1078 3031 2428 7531 668 317 6863 6281 603 582
is_linear=0
shrinkage=0.025


Tree=227
num_leaves=15
num_cat=0
split_feature=3 39 40 35 41 40 48 9 40 4 4 40 38 40
split_gain=1.16365 2.20278 1.71431 4.43159 2.8524 1.29719 2.58463 1.91137 1.59223 1.28233 1.27079 1.17203 1.13546 0.846593
threshold=0.10764149203896524 1.0696486830711367 0.98034101724624645 -0.12315919995307921 0.51818230748176586 0.86464822292327892 0.10491563007235528 0.031960505992174155 0.67508780956268322 0.47503533959388738 0.080753181129693999 1.3232291340827944 -0.049811685457825654 1.2416569590568545
decision_type=2 2 2 2 2 2 2 2 2 2 2 2 2 2
left_child=1 2 4 -4 -1 7 -7 8 -2 -9 13 -12 -8 -3
right_child=5 10 3 -5 -6 6 12 9 -10 -11 11 -13 -14 -15
leaf_value=-0.0012624461905703709 -0.00018328152078415195 0.0019560109519915748 -0.0035112739323843729 -0.00069001955468925953 0.00033380914569631565 -0.0015840359752255775 0.0014137340588332029 -0.0024519792862675452 0.0036929340532581264 0.00028607806557354285 0.00016696547077349932 -0.00093860484364979987 -0.00010860702619559669 6.0547901233786785e-05
leaf_weight=882 327 679 137 1025 1867 160 1269 121 1151 325 841 140 2786 293
leaf_count=882 327 679 137 1025 1867 160 1269 121 1151 325 841 140 2786 293
internal_value=7.92181e-05 -0.000171878 -0.000514875 -0.00131855 -0.000171115 0.000320028 7.25712e-05 0.00085731 0.00129046 -0.000562638 0.000511364 -0.000117901 0.000198584 0.0011502
internal_weight=12003 5864 3911 1162 2749 6139 4215 1924 1478 446 1953 981 4055 972
internal_count=12003 5864 3911 1162 2749 6139 4215 1924 1478 446 1953 981 4055 972
is_linear=0
shrinkage=0.025


Tree=228
num_leaves=14
num_cat=0
split_feature=47 20 47 11 30 13 48 48 29 44 31 29 48
split_gain=1.17482 1.69238 1.51771 1.9693 1.70419 2.45041 1.54412 1.30176 1.11753 1.40996 1.09644 0.555762 0.18162
threshold=0.88646370172500621 0.2857858687639237 0.50531914830207836 0.014403113164007665 0.80117341876029979 -0.1583571061491966 0.78154808282852184 0.35326485335826879 0.087558418512344374 0.035231618210673339 1.9961147308349612 0.063695654273033156 0.54310345649719249
decision_type=2 2 2 2 2 2 2 2 2 2 2 2 2
left_child=2 12 4 6 10 -6 -4 -5 11 -10 -1 -3 -2
right_child=1 8 3 7 5 -7 -8 -9 9 -11 -12 -13 -14
leaf_value=0.00047611601209641757 0.00081016974938497304 9.610957382827639e-06 0.002672192880312502 -0.0014076240606535183 -0.0027931392553327671 0.00014796085074761018 -0.00099781384884072119 -0.00030592193502785572 -0.0024113544778980103 0.00016010149301830723 -0.00045157164012002237 0.0022706165990498584 0.0040531381020162301
leaf_weight=5198 190 138 624 672 146 299 223 2943 186 324 563 194 343
leaf_count=5198 190 138 624 672 146 299 223 2943 186 324 563 194 343
internal_value=7.89551e-05 0.000765399 -9.25223e-06 -0.00036126 0.000242916 -0.00123611 0.00071743 -0.000616367 5.75562e-05 -0.000667476 0.000359218 0.00118323 0.00186106
internal_weight=12043 1375 10668 4462 6206 445 847 3615 842 510 5761 332 533
internal_count=12043 1375 10668 4462 6206 445 847 3615 842 510 5761 332 533
is_linear=0
shrinkage=0.025


Tree=229
num_leaves=13
num_cat=0
split_feature=40 47 39 41 20 9 34 17 41 36 40 6
split_gain=1.12691 2.81836 3.29532 3.87361 2.47364 2.33024 2.29591 1.96547 1.39958 1.34296 1.24892 0.276433
threshold=0.94802120327949535 0.69589141011238109 0.84739369153976452 0.65696442127227794 0.41415643692016607 0.029477042146027092 0.036457434296607978 1.4812478423118594 0.75611001253128063 0.12179111316800119 1.3080088496208193 0.037357050925493247
decision_type=2 2 2 2 2 2 2 2 2 2 2 2
left_child=7 2 3 -2 10 -4 -6 8 9 -1 -3 -10
right_child=1 4 5 -5 6 -7 -8 -9 11 -11 -12 -13
leaf_value=-0.00020154371455647756 -0.0012747996912758548 0.0023267233034307598 0.00017567777295525352 -0.0032405844993960661 -0.0019507564697576136 -0.0010801337000480842 0.00032034169083897601 -0.0029477316153361899 0.0035942287263777484 0.00045202680954267477 -5.7184180769112942e-05 0.0013083067397790644
leaf_weight=1707 523 1215 2368 120 298 881 521 141 281 3510 378 156
leaf_count=1707 523 1215 2368 120 298 881 521 141 281 3510 378 156
internal_value=9.8418e-05 -0.000132152 -0.000548819 -0.00217785 0.00053734 -0.00022165 -0.000571905 0.000350216 0.000424766 0.00030855 0.00111155 0.00177885
internal_weight=12099 6304 3892 643 2412 3249 819 5795 5654 5217 1593 437
internal_count=12099 6304 3892 643 2412 3249 819 5795 5654 5217 1593 437
is_linear=0
shrinkage=0.025


Tree=230
num_leaves=12
num_cat=0
split_feature=36 5 36 9 43 5 30 29 26 24 1
split_gain=1.33428 1.57011 1.8825 1.96581 1.68241 1.3592 0.818642 0.749071 0.692078 0.145435 0.0752766
threshold=-0.017733156681060788 -0.25019858777523035 0.20684999227523806 0.048331063240766532 -0.13685614615678784 -0.072269614785909639 -0.11876210570335387 0.033427927643060691 0.023976945318281654 18.934409141540531 -0.022339697927236554
decision_type=2 2 2 2 2 2 2 2 2 2 2
left_child=5 8 3 -3 -4 -1 7 -7 9 -2 -8
right_child=1 2 4 -5 -6 6 10 -9 -10 -11 -12
leaf_value=-0.00069325547420291905 0.0010315085067717506 -0.00046094060341260917 -0.00032134555924555943 0.0028879658070334563 0.00048757639039189718 -0.0010091057771520777 0.0022199653409021372 0.002425095271376083 -2.5321346294573444e-06 0.0023280605333281757 0.0035114190688291594
leaf_weight=201 126 3570 1960 153 4856 122 137 126 154 263 380
leaf_count=201 126 3570 1960 153 4856 122 137 126 154 263 380
internal_value=9.8627e-05 2.01814e-05 -4.70646e-05 -0.000499262 0.000199201 0.000987384 0.00146916 0.000251976 0.00132527 0.00188135 0.00203305
internal_weight=12048 11082 10539 3723 6816 966 765 248 543 389 517
internal_count=12048 11082 10539 3723 6816 966 765 248 543 389 517
is_linear=0
shrinkage=0.025


Tree=231
num_leaves=11
num_cat=0
split_feature=4 45 44 47 32 36 40 31 46 20
split_gain=1.10137 2.18363 1.6862 1.50949 1.55282 1.46265 2.5969 2.34709 0.343095 0.108046
threshold=-0.12322313338518141 0.057776963338255889 0.017015570774674419 0.88646370172500621 0.71105635166168224 0.20684999227523806 0.72322645783424389 1.2729864120483401 0.10491563007235528 -0.1328967213630676
decision_type=2 2 2 2 2 2 2 2 2 2
left_child=2 -2 8 4 -4 6 -3 -7 -1 -10
right_child=1 5 3 -5 -6 7 -8 -9 9 -11
leaf_value=0.00025233825175634348 -0.0014836448431445901 -0.002081347542778284 0.0012500331204458653 0.0045094937654048374 -0.00081529097468660918 0.00081406767506672715 -8.183100656283423e-05 -0.00032641001374983717 0.0017529751239679691 0.0033544773611670063
leaf_weight=211 182 575 130 133 449 3642 3310 2992 149 307
leaf_count=211 182 575 130 133 449 3642 3310 2992 149 307
internal_value=1.60324e-05 -6.92368e-05 0.000680094 -0.000158647 -0.000721318 -2.10233e-05 -0.000406491 0.000203909 0.00157924 0.00197126
internal_weight=12080 10701 1379 712 579 10519 3885 6634 667 456
internal_count=12080 10701 1379 712 579 10519 3885 6634 667 456
is_linear=0
shrinkage=0.025


Tree=232
num_leaves=12
num_cat=0
split_feature=4 45 5 4 10 0 20 2 32 9 29
split_gain=1.2881 2.74212 1.32405 1.98756 1.32324 0.725105 0.6044 0.555353 0.324023 0.58942 0.0312568
threshold=-0.12902899831533429 0.057776963338255889 -0.28154319524765009 0.030258384533226493 0.016261038370430473 -0.0038771760882809754 -0.16114409267902371 -0.061111234128475182 0.81620407104492199 0.019895968027412895 0.025976106524467472
decision_type=2 2 2 2 2 2 2 2 2 2 2
left_child=4 -2 -3 -4 8 6 -6 -7 10 -10 -1
right_child=1 2 3 -5 5 7 -8 -9 9 -11 -12
leaf_value=0.0011171097444039101 -0.0015389622247864165 0.0041064951797296339 -0.00082290632873911426 0.00010191931967236869 -0.0012526332336810632 0.00068178843042921258 9.8108605503726657e-05 -5.057547462182092e-05 0.0024558661679096793 -0.00038245638715447237 0.0017459905996577514
leaf_weight=175 188 214 1411 8871 134 179 120 130 271 138 185
leaf_count=175 188 214 1411 8871 134 179 120 130 271 138 185
internal_value=7.14376e-05 -1.95293e-05 3.41635e-05 -6.19705e-06 0.000803104 -0.000107834 -0.00109556 0.000688694 0.00147448 0.000945048 0.00203767
internal_weight=12016 10684 10496 10282 1332 563 254 309 769 409 360
internal_count=12016 10684 10496 10282 1332 563 254 309 769 409 360
is_linear=0
shrinkage=0.025


Tree=233
num_leaves=8
num_cat=0
split_feature=13 40 39 21 13 3 43
split_gain=1.14538 1.12583 1.26354 1.25113 1.3626 1.12157 0.586987
threshold=-0.51446783542633046 1.3232291340827944 1.4358321428298952 52.895322799682624 -0.0565856285393238 0.71032688021659862 0.057914366945624358
decision_type=2 2 2 2 2 2 2
left_child=-1 2 5 -3 -5 -2 -4
right_child=1 3 6 4 -6 -7 -8
leaf_value=0.0044607182222328725 2.5653407818649124e-05 -0.0019888567126267877 0.0025979917669089699 0.00094408038668877261 -0.0012570883100396931 -0.001773647359445503 0.00039711727979497885
leaf_weight=126 10777 233 273 200 121 155 161
leaf_count=126 10777 233 273 200 121 155 161
internal_value=3.18439e-05 5.76529e-06 6.01311e-05 -0.001089 -4.98465e-05 6.74326e-06 0.00137528
internal_weight=12046 11920 11366 554 321 10932 434
internal_count=12046 11920 11366 554 321 10932 434
is_linear=0
shrinkage=0.025


Tree=234
num_leaves=10
num_cat=0
split_feature=9 29 44 11 35 35 38 41 4
split_gain=1.20811 1.4251 1.32002 1.29623 1.43317 1.98875 1.70201 0.79655 0.530482
threshold=0.017523327842354778 0.018696864135563377 0.014981710817664863 0.032051945105195052 0.2033398970961571 0.12548054009675982 -0.073792267590761171 0.63498926162719738 0.38371863961219793
decision_type=2 2 2 2 2 2 2 2 2
left_child=1 -1 7 4 5 -2 -6 -3 -5
right_child=3 2 -4 8 6 -7 -8 -9 -10
leaf_value=-0.0014612710514076267 -2.9571613740832846e-06 0.0021532806256121906 -0.0024525179529278031 0.0027546573995771272 0.0044805438188172822 -0.00072883781033386097 9.4536788047490196e-05 0.0013087843259447422 0.00021632601026628929
leaf_weight=122 4711 582 123 217 434 2113 3172 346 158
leaf_count=122 4711 582 123 217 434 2113 3172 346 158
internal_value=4.70459e-05 0.000807513 0.00110914 -3.52682e-05 -8.80449e-05 -0.000301472 0.000313971 0.00143489 0.00139803
internal_weight=11978 1173 1051 10805 10430 6824 3606 928 375
internal_count=11978 1173 1051 10805 10430 6824 3606 928 375
is_linear=0
shrinkage=0.025


Tree=235
num_leaves=11
num_cat=0
split_feature=5 46 42 44 40 36 9 31 20 21
split_gain=1.39752 1.41976 1.89577 1.93618 1.78713 1.79161 1.56106 0.510739 0.901257 0.422684
threshold=-0.28154319524765009 0.10491563007235528 -0.084096461534500108 0.015278893522918226 1.3232291340827944 -0.023579191416501995 0.039063910022377975 0.13843113929033282 -0.15553282946348188 40.023977279663093
decision_type=2 2 2 2 2 2 2 2 2 2
left_child=7 2 9 -4 5 -3 -6 8 -1 -2
right_child=1 4 3 -5 6 -7 -8 -9 -10 -11
leaf_value=0.0025366414722672536 0.0012428912554242205 0.0019979724631031081 -0.0043628280543862386 -0.0010149224661078942 -0.0011950139860435532 8.699281638325826e-05 0.002014678448440116 0.0026963785141760838 -0.00049750246413270951 -5.3948735886961155e-05
leaf_weight=129 125 758 144 398 419 9453 121 241 120 138
leaf_count=129 125 758 144 398 419 9453 121 241 120 138
internal_value=0.000100303 4.40058e-05 -0.000964506 -0.00180759 0.000120514 0.000195404 -0.00127294 0.00140152 0.000556102 0.000750933
internal_weight=12046 11556 805 542 10751 10211 540 490 249 263
internal_count=12046 11556 805 542 10751 10211 540 490 249 263
is_linear=0
shrinkage=0.025


Tree=236
num_leaves=15
num_cat=0
split_feature=40 47 39 9 5 20 47 35 48 41 31 13 40 40
split_gain=1.25714 2.71802 2.47779 2.29281 2.28827 2.01203 1.91089 1.43577 2.02389 1.36615 1.3325 1.84857 1.11138 0.305554
threshold=0.94204980134964 0.69589141011238109 0.84739369153976452 0.019255156628787521 0.55036208033561718 0.41415643692016607 0.24834922701120379 0.41625252366065985 0.29548789560794836 0.46427278220653539 0.4479957520961762 -0.21093431115150449 0.98796579241752636 0.88592875003814708
decision_type=2 2 2 2 2 2 2 2 2 2 2 2 2 2
left_child=6 2 4 -4 -2 12 10 8 -8 -7 11 -1 -3 -12
right_child=1 5 3 -5 -6 9 7 -9 -10 -11 13 -13 -14 -15
leaf_value=0.0019533465099057577 -0.0026391539603092757 -0.0017183699864394934 0.0017526526773973658 -0.00032392167478910016 -0.00037580575212491606 0.0010746351894841107 -0.00060516522105528785 -0.0033157484950983997 0.00072602189430544511 -0.0017009755892355698 0.0026082466990377078 -0.00076915519959836821 0.0014216903810745374 0.00073394978163480139
leaf_weight=381 389 126 419 2867 306 275 1463 173 1982 540 885 555 1488 206
leaf_count=381 389 126 419 2867 306 275 1463 173 1982 540 885 555 1488 206
internal_value=9.17289e-05 -0.000147116 -0.000549736 -0.00025942 -0.00190179 0.000509963 0.000363938 1.7596e-05 0.000132246 -0.000495427 0.000977485 0.000274974 0.00102146 0.00157048
internal_weight=12055 6410 3981 3286 695 2429 5645 3618 3445 815 2027 936 1614 1091
internal_count=12055 6410 3981 3286 695 2429 5645 3618 3445 815 2027 936 1614 1091
is_linear=0
shrinkage=0.025


Tree=237
num_leaves=13
num_cat=0
split_feature=38 11 31 13 40 46 40 43 41 18 11 29
split_gain=1.3793 1.5681 2.25881 3.13314 1.84724 2.2764 1.87981 1.4076 1.25337 0.929357 0.132549 0.182455
threshold=-0.16737131774425504 0.016269923187792305 0.77563831210136425 -0.37578603625297541 0.71135449409484874 0.74303007125854503 0.87235051393508922 0.050331844016909606 0.78020307421684276 -0.030683689750730988 0.023192954249680046 0.094718951731920256
decision_type=2 2 2 2 2 2 2 2 2 2 2 2
left_child=8 4 3 -3 5 -2 -6 -4 10 -10 -1 -12
right_child=1 2 7 -5 6 -7 -8 -9 9 -11 11 -13
leaf_value=0.0043165230510199297 -5.2120100324578813e-05 -0.0010229450513783809 -0.0011599761015316649 0.00071324924973421334 0.0022848159089799212 -0.0046056105870883549 0.00014451757359301826 -0.00016307424950307684 0.0011783253239641708 -0.0011829232896002943 0.0013453783064207028 0.0028407542637915112
leaf_weight=206 650 259 1495 1843 1422 144 3114 2350 155 129 236 123
leaf_count=206 650 259 1495 1843 1422 144 3114 2350 155 129 236 123
internal_value=7.49115e-05 9.97257e-07 -0.000277428 0.000379094 0.000312793 -0.000793179 0.000508423 -0.000637987 0.00104362 -0.000289792 0.00172149 0.00134959
internal_weight=12126 11277 5947 2102 5330 794 4536 3845 849 284 565 359
internal_count=12126 11277 5947 2102 5330 794 4536 3845 849 284 565 359
is_linear=0
shrinkage=0.025


Tree=238
num_leaves=11
num_cat=0
split_feature=29 37 10 47 24 10 30 42 24 35
split_gain=1.05291 1.14275 1.73147 1.52205 1.45385 0.897893 1.09686 0.600042 0.482297 0.0651926
threshold=0.095260854810476317 0.023460826836526397 0.024252675473690036 0.80080705881118786 29.097740173339847 0.020295040681958202 -0.317567229270935 0.22577849030494693 26.039749145507816 0.14907828718423846
decision_type=2 2 2 2 2 2 2 2 2 2
left_child=1 2 3 -1 -4 -3 -7 8 -2 -10
right_child=7 5 4 -5 -6 6 -8 -9 9 -11
leaf_value=-5.5292713830464633e-05 0.00034265497337820173 0.0043091388687828353 -9.2331397824276309e-05 0.00099174143043490709 -0.0021183397044842876 0.0021206366711078442 -0.00014074590339397381 -0.00037222711730338655 0.0020385730574498727 0.0048283537922393129
leaf_weight=7751 120 229 395 1293 317 645 747 131 121 205
leaf_count=7751 120 229 395 1293 317 645 747 131 121 205
internal_value=9.8566e-05 4.49175e-05 -5.67308e-05 3.63301e-05 -0.00123954 0.000658825 0.000410702 0.00113617 0.00157151 0.00206571
internal_weight=11954 11377 9756 9044 712 1621 1392 577 446 326
internal_count=11954 11377 9756 9044 712 1621 1392 577 446 326
is_linear=0
shrinkage=0.025


Tree=239
num_leaves=15
num_cat=0
split_feature=23 4 4 39 40 8 8 29 40 39 30 39 31 39
split_gain=1.09589 1.08921 2.02416 3.32841 1.19217 1.09276 0.902701 1.12879 0.893286 0.689959 0.613136 0.530852 0.517026 0.443439
threshold=0.31124928593635565 -0.11751165241003035 0.030258384533226493 1.0060803294181826 1.3232291340827944 0.020599409937858585 0.032941512763500221 0.095176760107278838 0.87502557039260875 0.83883672952651989 -0.317567229270935 0.90872204303741466 1.8276776671409609 1.1279404163360598
decision_type=2 2 2 2 2 2 2 2 2 2 2 2 2 2
left_child=1 5 3 -3 -4 9 11 10 -7 -1 -8 -2 -13 -9
right_child=6 2 4 -5 -6 8 7 13 -10 -11 -12 12 -14 -15
leaf_value=9.6464074131277617e-05 0.0041548621293476737 -0.0016464477945510169 6.5214410212858205e-05 0.00036986413657167727 -0.0010214506737439212 0.0010544098339509999 0.0010532774092794346 0.0001906643110050661 -0.00043361492728914692 0.0012688283227032878 -0.00080314618401652969 0.0032682727727301169 -0.0012261961771097771 0.004222393652385587
leaf_weight=217 239 884 7339 595 371 162 252 207 411 499 455 226 121 146
leaf_count=217 239 884 7339 595 371 162 252 207 411 499 455 226 121 146
internal_value=2.71046e-05 -6.66554e-05 -0.000162742 -0.00100825 0 0.000611476 0.000626136 0.000181925 -0.000192474 0.0012604 -0.000387991 0.00141074 0.000742188 0.00133031
internal_weight=12124 10478 9189 1479 7710 1289 1646 1060 573 716 707 586 347 353
internal_count=12124 10478 9189 1479 7710 1289 1646 1060 573 716 707 586 347 353
is_linear=0
shrinkage=0.025


Tree=240
num_leaves=14
num_cat=0
split_feature=34 34 36 5 35 37 40 44 9 24 40 32 33
split_gain=0.990252 1.87821 2.79575 3.00058 2.50028 2.58987 1.79049 1.68684 1.36786 1.27224 0.905431 0.697035 0.123729
threshold=0.14085444808006289 0.091338682919740691 0.48833210766315466 0.49659587442874914 0.19217287003993991 0.0094939498230814951 1.2673363089561465 0.018160440027713779 0.025882319547235969 23.707173347473148 1.1366943717002871 0.81308230757713329 0.00095508489175699662
decision_type=2 2 2 2 2 2 2 2 2 2 2 2 2
left_child=1 2 6 -4 5 -3 -1 -6 11 -10 -11 -2 -13
right_child=8 4 3 -5 7 -7 -8 -9 9 10 -12 12 -14
leaf_value=0.00039081444822852679 -6.4166368125980595e-05 -6.7834286620096636e-05 -0.003220878624173102 -0.00048492077623083705 -0.00069415449622994136 -0.001568092007703698 -0.00073268276564708633 0.0012419255959118143 -0.0012030317210285904 6.4904533308758036e-05 0.0037528254073079408 0.0040230508245065657 0.0060783396767151556
leaf_weight=6975 125 431 131 584 201 628 704 606 224 734 257 146 333
leaf_count=6975 125 431 131 584 201 628 704 606 224 734 257 146 333
internal_value=6.13415e-05 -3.34875e-05 0.000125461 -0.00136285 -0.000750267 -0.00154723 0.000265649 0.000290948 0.000598273 0.000107582 0.000498243 0.00156609 0.00199638
internal_weight=12079 10260 8394 715 1866 1059 7679 807 1819 1215 991 604 479
internal_count=12079 10260 8394 715 1866 1059 7679 807 1819 1215 991 604 479
is_linear=0
shrinkage=0.025


Tree=241
num_leaves=10
num_cat=0
split_feature=5 16 16 16 36 16 36 9 31
split_gain=1.05896 1.10968 2.5356 1.9427 1.92944 1.49833 1.45066 1.33863 0.326484
threshold=-0.33825197815895075 0.025258761830627922 0.022642872296273712 0.022964132018387321 0.23757700622081759 0.026098176836967472 0.46494646370410925 0.029477042146027092 0.11780133098363878
decision_type=2 2 2 2 2 2 2 2 2
left_child=8 2 6 -4 5 -3 -2 -6 -1
right_child=1 4 3 -5 7 -7 -8 -9 -10
leaf_value=0.00036657798706869575 0.00014864321148829035 0.0019465961178032445 -0.0024165651258570655 -0.00051553324208349072 0.0031304224408896931 -0.0006715373480569737 -0.0012830658297850548 0.0003901149118757444 0.0022597538400947284
leaf_weight=154 6483 179 264 1631 874 811 447 979 183
leaf_count=154 6483 179 264 1631 874 811 447 979 183
internal_value=5.04789e-05 9.7448e-06 -0.000128114 -0.0009375 0.000439343 -0.00044598 9.28263e-05 0.000915635 0.00142178
internal_weight=12005 11668 8825 1895 2843 990 6930 1853 337
internal_count=12005 11668 8825 1895 2843 990 6930 1853 337
is_linear=0
shrinkage=0.025


Tree=242
num_leaves=8
num_cat=0
split_feature=3 29 4 4 8 46 34
split_gain=1.20304 1.39545 1.15097 1.82955 1.24655 0.690554 0.0346865
threshold=0.75209397077560436 0.095260854810476317 -0.12902899831533429 0.10708955675363542 0.017471064813435081 0.81896552443504345 0.045371355488896377
decision_type=2 2 2 2 2 2 2
left_child=1 2 4 -4 -1 6 -3
right_child=-2 5 3 -5 -6 -7 -8
leaf_value=0.0014408662226699316 -0.0025591796764217849 0.0029943706691191859 -0.00045300360139866134 0.00011766864449936025 4.6461354461979314e-05 9.9186047625369044e-05 0.0054045297773653231
leaf_weight=463 133 137 2749 7298 854 179 185
leaf_count=463 133 137 2749 7298 854 179 185
internal_value=6.363e-05 9.10911e-05 3.33144e-05 -5.73268e-05 0.000727118 0.00137599 0.0020604
internal_weight=11998 11865 11364 10047 1317 501 322
internal_count=11998 11865 11364 10047 1317 501 322
is_linear=0
shrinkage=0.025


Tree=243
num_leaves=6
num_cat=0
split_feature=37 13 46 42 44
split_gain=1.00657 0.946238 1.22015 2.02097 1.27858
threshold=0.0071191173046827325 -0.51446783542633046 0.10491563007235528 -0.052852483466267579 0.015048978850245478
decision_type=2 2 2 2 2
left_child=-1 -2 3 -3 -4
right_child=1 2 4 -5 -6
leaf_value=0.0037083324328354046 0.0033279194168221345 0.00016961268186233081 0.00081760517398288778 -0.0016941554586259022 -1.2545510938418074e-06
leaf_weight=136 127 488 1809 608 8747
leaf_count=136 127 488 1809 608 8747
internal_value=8.86117e-05 6.29032e-05 3.84963e-05 -0.000752725 0.000121556
internal_weight=11915 11779 11652 1096 10556
internal_count=11915 11779 11652 1096 10556
is_linear=0
shrinkage=0.025


Tree=244
num_leaves=12
num_cat=0
split_feature=36 29 16 35 36 5 39 43 47 25 30
split_gain=1.03879 1.93311 1.24704 1.67565 1.94399 1.37035 1.19336 1.09188 1.04173 0.738685 0.347811
threshold=-0.017733156681060788 0.020133377984166149 0.025451495312154297 0.41086395084857946 0.13360325992107394 -0.063631575554609285 0.87827846407890331 -0.067948300391435609 0.24834922701120379 -12.92357301712036 -0.042669119313359254
decision_type=2 2 2 2 2 2 2 2 2 2 2
left_child=1 -1 5 4 -4 8 -5 -7 -2 -3 -11
right_child=2 9 3 6 -6 7 -8 -9 -10 10 -12
leaf_value=-0.0019993610695561667 0.0013877769072224409 -0.00036268093942247014 -0.00058038339317439025 0.00077510548332852163 0.0018018645087923863 -0.0005964517506491738 -0.0017623861595675143 -4.8237331645865927e-05 3.8855766722570124e-05 0.0014262660723392193 0.0030237891677819227
leaf_weight=124 354 151 446 124 1888 2388 238 4877 719 241 434
leaf_count=124 354 151 446 124 1888 2388 238 4877 719 241 434
internal_value=3.99325e-05 0.000831152 -2.79689e-05 0.000438264 0.000685656 -0.000179642 -0.00112738 -0.000303473 0.00065051 0.00127407 0.00162684
internal_weight=11984 950 11034 2696 2334 8338 362 7265 1073 826 675
internal_count=11984 950 11034 2696 2334 8338 362 7265 1073 826 675
is_linear=0
shrinkage=0.025


Tree=245
num_leaves=15
num_cat=0
split_feature=31 44 3 40 46 44 47 20 12 34 37 41 48 3
split_gain=1.04165 1.91928 2.20654 2.17508 1.98176 2.07365 1.16098 1.19438 1.3168 1.0359 1.37628 1.24751 0.645065 0.171909
threshold=2.4081935882568364 0.028543121181428436 0.55549857020378124 1.0367208719253542 0.91434335708618175 0.023215798661112789 0.88646370172500621 0.39636430144310003 -0.042185030877590173 0.16881616413593295 0.01268177153542638 0.84223756194114696 0.26724137365818029 0.29786281287670141
decision_type=2 2 2 2 2 2 2 2 2 2 2 2 2 2
left_child=6 4 3 -3 5 -2 9 12 -9 11 -11 -1 -8 -6
right_child=1 2 -4 -5 13 -7 7 8 -10 10 -12 -13 -14 -15
leaf_value=-2.5495474916300336e-05 -0.001610293790691652 -0.0013161911468054042 0.00053422819249098808 -0.0038708565378164474 0.0011703295168534352 0.0011303189321650435 1.4479605398389395e-05 -0.00053015817056166991 0.004560626263394236 0.0046343635908077645 -0.00011639979017591799 0.0022443296946700196 0.0038994566758148263 0.0030791504111899563
leaf_weight=8794 140 215 217 128 122 197 149 234 129 386 384 293 507 167
leaf_count=8794 140 215 217 128 122 197 149 234 129 386 384 293 507 167
internal_value=8.89824e-05 -0.000611881 -0.00167035 -0.00290589 0.000330824 -0.000953947 0.00016623 0.000968018 -0.00016644 8.22603e-05 0.000959677 6.73678e-06 0.00160174 0.00184099
internal_weight=12062 1186 560 343 626 337 10876 1019 363 9857 770 9087 656 289
internal_count=12062 1186 560 343 626 337 10876 1019 363 9857 770 9087 656 289
is_linear=0
shrinkage=0.025


Tree=246
num_leaves=11
num_cat=0
split_feature=36 17 37 36 9 11 41 7 30 32
split_gain=1.43579 1.5242 1.25271 1.65034 1.19536 1.22521 0.76278 0.723868 0.587643 1.29408
threshold=-0.029704597778618332 -0.07237862795591353 0.023460826836526397 0.5289275348186494 0.014707216527312996 0.032051945105195052 0.65264201164245617 -0.0039436039514839641 0.070173423737287535 0.87306585907936107
decision_type=2 2 2 2 2 2 2 2 2 2
left_child=1 -1 4 7 -2 -6 -5 -4 9 -3
right_child=2 8 3 6 5 -7 -8 -9 -10 -11
leaf_value=-0.001473362693429621 0.0015092106412357953 -0.0021178838014832913 0.00083215508900117351 0.0004818530358715113 -0.00014303870936528752 0.0010659394631150226 -0.0010176316799148583 0.0023253182721809026 0.0033785452456786946 0.0022421567671465979
leaf_weight=132 223 121 592 150 9093 261 170 733 371 235
leaf_count=132 223 121 592 150 9093 261 170 733 371 235
internal_value=4.9334e-05 0.00103154 -2.57192e-05 0.000609849 -0.000135801 -0.000179907 -0.000980769 0.00100094 0.00148395 0.000716759
internal_weight=12081 859 11222 1645 9577 9354 320 1325 727 356
internal_count=12081 859 11222 1645 9577 9354 320 1325 727 356
is_linear=0
shrinkage=0.025


Tree=247
num_leaves=14
num_cat=0
split_feature=31 46 4 26 11 13 26 11 6 10 11 31 8
split_gain=0.944221 1.54923 1.77986 1.32266 1.2649 1.00855 1.36574 1.26773 1.20416 0.947818 0.637281 0.626559 0.534301
threshold=2.4081935882568364 0.95286133885383617 0.7874000370502473 0.034129271283745773 0.023653480224311355 -0.031595164909958832 0.018269866704940799 0.030126702040433887 0.068921152502298369 0.0080504100769758242 0.010627646464854481 3.0958909988403325 0.033523643389344222
decision_type=2 2 2 2 2 2 2 2 2 2 2 2 2
left_child=5 2 4 -3 -2 7 9 8 -1 -7 -8 -4 -9
right_child=1 3 11 -5 -6 6 10 12 -10 -11 -12 -13 -14
leaf_value=3.7249756697365529e-05 -0.0018665816161135879 0.0019694767531282442 0.0034246446573735212 -0.00053959220841011 1.2428367779703399e-05 0.00036512164460851017 -0.00038721986844660321 6.6958119693990999e-06 -0.00066838402555675913 -0.001670461029804389 0.0019541509005963566 -0.0011690790977396338 0.0013936335243330301
leaf_weight=7820 355 216 137 191 121 227 238 156 566 166 1403 148 311
leaf_count=7820 355 216 137 191 121 227 238 156 566 166 1403 148 311
internal_value=7.72182e-05 -0.000595695 -0.00126142 0.000634102 -0.00219075 0.000150225 0.000651668 3.40089e-05 -3.61994e-05 -0.000656407 0.000969775 0.000280172 0.00129502
internal_weight=12055 1168 761 407 476 10887 2034 8853 8386 393 1641 285 467
internal_count=12055 1168 761 407 476 10887 2034 8853 8386 393 1641 285 467
is_linear=0
shrinkage=0.025


Tree=248
num_leaves=14
num_cat=0
split_feature=4 4 39 11 24 46 31 43 8 17 41 38 3
split_gain=1.25373 2.2875 2.16453 1.71757 1.66796 1.3126 2.83254 1.40666 0.668569 0.924406 1.10774 0.911016 0.429346
threshold=-0.12322313338518141 0.0048204683698713788 0.93700402975082409 0.01361448271200061 32.787298202514656 0.63811445236206066 0.54936203360557567 0.050331844016909606 0.022461938671767715 0.35159546136856085 0.6809452772140504 -0.13051185756921765 -0.16182453185319898
decision_type=2 2 2 2 2 2 2 2 2 2 2 2 2
left_child=8 2 4 -4 -2 7 -7 -3 11 10 -10 -1 -13
right_child=1 5 3 -5 -6 6 -8 -9 9 -11 -12 12 -14
leaf_value=-0.00013922286015762776 -0.0022429642048908322 5.8716054649905415e-05 0.0043148441839855551 -0.00047336984797014176 0.00066156855795283841 -0.0021589597622690805 -7.8605769799540773e-05 0.0015485620310990377 -0.0013904278082238774 0.0010448849169961735 0.00013429034992334921 0.00029237652120063268 0.0012130544415148051
leaf_weight=158 481 3506 164 553 130 188 3947 1656 176 226 200 126 495
leaf_count=158 481 3506 164 553 130 188 3947 1656 176 226 200 126 495
internal_value=1.11357e-05 -8.05502e-05 -0.00104932 -0.000105609 -0.00213677 5.7649e-05 -0.000273249 0.000323931 0.000718795 8.03131e-05 -0.00066601 0.00120057 0.00163139
internal_weight=12006 10625 1328 717 611 9297 4135 5162 1381 602 376 779 621
internal_count=12006 10625 1328 717 611 9297 4135 5162 1381 602 376 779 621
is_linear=0
shrinkage=0.025


Tree=249
num_leaves=9
num_cat=0
split_feature=37 38 35 37 37 36 36 41
split_gain=0.968076 0.998998 1.58185 2.72672 1.50595 1.02975 1.80956 1.10634
threshold=0.0071191173046827325 -0.028247521258890625 0.15830819308757785 0.011597041040658953 0.01289518876001239 0.52148410677909862 0.23131252825260165 0.60821127891540538
decision_type=2 2 2 2 2 2 2 2
left_child=-1 5 3 -3 -4 6 -2 -7
right_child=1 2 4 -5 -6 7 -8 -9
leaf_value=0.003562020045321657 -3.0600987052801505e-05 -0.0014270225223988468 0.00077669020574881124 0.00054564544645729516 -0.00030396168390536452 0.00068813648614343692 0.0010935962731697547 -0.0011670360148274392
leaf_weight=145 3910 999 1501 415 1956 180 2603 312
leaf_count=145 3910 999 1501 415 1956 180 2603 312
internal_value=4.54225e-05 1.96744e-05 -0.000254563 -0.00095754 3.21347e-05 0.000211305 0.000295528 -0.000882797
internal_weight=12021 11876 4871 1414 3457 7005 6513 492
internal_count=12021 11876 4871 1414 3457 7005 6513 492
is_linear=0
shrinkage=0.025


Tree=250
num_leaves=9
num_cat=0
split_feature=38 35 40 38 34 22 6 30
split_gain=1.1817 1.01795 1.85271 1.088 2.00894 0.765179 0.413617 0.193659
threshold=-0.23094126582145688 -0.12642512470483777 0.98315271735191356 -0.160966582596302 -0.042106898501515382 0.41490824520587927 0.034033978357911117 -0.17959719896316526
decision_type=2 2 2 2 2 2 2 2
left_child=7 2 6 5 -5 -3 -2 -1
right_child=1 3 -4 4 -6 -7 -8 -9
leaf_value=0.001359658984549201 0.00077854838565756773 0.0044305207546740076 -0.0019411798962019973 -0.0010549948257843201 8.8986693443382717e-05 8.5821196859326235e-05 -0.00075862916277659031 0.0038058998417667294
leaf_weight=165 143 270 224 1022 9772 164 120 126
leaf_count=165 143 270 224 1022 9772 164 120 126
internal_value=3.195e-05 -6.9325e-06 -0.00112043 4.12847e-05 -7.75525e-06 0.00126139 0.000284515 0.00159206
internal_weight=12006 11715 487 11228 10794 434 263 291
internal_count=12006 11715 487 11228 10794 434 263 291
is_linear=0
shrinkage=0.025


Tree=251
num_leaves=9
num_cat=0
split_feature=37 38 20 17 40 11 39 25
split_gain=1.09989 0.953208 1.47925 1.78406 1.32784 1.0437 2.30731 1.13369
threshold=0.0071191173046827325 -0.02988556586205959 0.2138633877038956 0.19666542112827304 1.3635550737380984 0.022410891950130466 1.1088892817497256 -9.7353978157043439
decision_type=2 2 2 2 2 2 2 2
left_child=-1 5 3 -3 -4 7 -7 -2
right_child=1 2 4 -5 -6 6 -8 -9
leaf_value=0.0033731511203879206 -0.00025045921679464161 -5.4140320597881616e-05 0.00015681008655167342 -0.0010171981685975283 -0.0021699211379908505 -0.00063483113686364832 0.00092216088481191383 0.00083632867980740146
leaf_weight=139 866 1074 2838 902 124 1369 1001 3777
leaf_count=139 866 1074 2838 902 124 1369 1001 3777
internal_value=2.4287e-05 -1.35906e-06 -0.000267803 -0.000796946 8.3839e-05 0.000185416 -0.000239474 0.000403668
internal_weight=12090 11951 4938 1976 2962 7013 2370 4643
internal_count=12090 11951 4938 1976 2962 7013 2370 4643
is_linear=0
shrinkage=0.025


Tree=252
num_leaves=8
num_cat=0
split_feature=3 40 46 46 39 3 17
split_gain=1.14636 0.954586 1.71796 2.02516 1.36145 1.5381 1.04778
threshold=0.75209397077560436 1.3232291340827944 0.3706896454095841 0.65737342834472667 1.0696486830711367 0.10764149203896524 0.4493048638105393
decision_type=2 2 2 2 2 2 2
left_child=1 4 -3 -4 5 -1 -6
right_child=-2 2 3 -5 6 -7 -8
leaf_value=-0.00029192530179423224 -0.0024547026845077066 0.00066007908149159867 -0.0026476620003203434 -9.6720528683572366e-05 0.0010568517835353266 0.00034602812528742915 0.00010112919245184106
leaf_weight=3875 140 127 156 328 1707 3758 1851
leaf_count=3875 140 127 156 328 1707 3758 1851
internal_value=1.03583e-05 3.80072e-05 -0.000919237 -0.00160276 9.12157e-05 -9.63929e-05 0.000495018
internal_weight=11942 11802 611 484 11191 7633 3558
internal_count=11942 11802 611 484 11191 7633 3558
is_linear=0
shrinkage=0.025


Tree=253
num_leaves=15
num_cat=0
split_feature=28 16 16 43 36 31 16 3 37 37 20 30 37 26
split_gain=1.31218 1.91546 2.16537 2.29708 1.34877 1.22929 1.66054 1.86254 1.12511 1.29274 0.863513 1.40024 0.763251 0.717578
threshold=0.42499999701976782 0.02408415358513594 0.022667651996016506 -0.029444374144077298 0.46494646370410925 0.81814804673194896 0.020782148465514187 -0.10370982065796851 0.010367441456764938 0.018673998303711418 -0.0050546471029520026 0.62789866328239452 0.016280683688819412 0.020004986785352234
decision_type=2 2 2 2 2 2 2 2 2 2 2 2 2 2
left_child=5 2 4 -4 -2 10 12 -8 13 -10 11 -1 -7 -3
right_child=1 8 3 -5 -6 6 7 -9 9 -11 -12 -13 -14 -15
leaf_value=0.00056195525851847285 -1.4545449166423242e-05 9.989116348332823e-05 -0.0018465938552932049 -0.00062018893935334059 -0.0018131372363439293 0.0022719019315138905 -0.0019825016247707198 -0.00020746801260595376 -0.00012480516624410799 0.0021835138964186422 0.0019709944388547631 -0.0018618989758821031 -0.00027263650244177372 0.0045645533835811476
leaf_weight=913 5156 177 434 601 363 316 123 603 1299 769 678 126 178 327
leaf_count=913 5156 177 434 601 363 316 123 603 1299 769 678 126 178 327
internal_value=4.56787e-05 -0.000101714 -0.000329128 -0.0013762 -0.000130567 0.000505184 -9.69387e-05 -0.000860123 0.000474874 0.00021165 0.000935685 0.000470546 0.00100952 0.00152996
internal_weight=12063 9126 6554 1035 5519 2937 1220 726 2572 2068 1717 1039 494 504
internal_count=12063 9126 6554 1035 5519 2937 1220 726 2572 2068 1717 1039 494 504
is_linear=0
shrinkage=0.025


Tree=254
num_leaves=9
num_cat=0
split_feature=39 47 31 11 47 23 11 22
split_gain=1.14006 1.26001 1.99828 1.28825 1.21582 1.85432 1.62359 0.172814
threshold=0.10712066665291788 0.88646370172500621 1.3702891469001772 0.020824886858463291 0.48606015741825109 0.12976632267236712 0.014403113164007665 0.80476874113082897
decision_type=2 2 2 2 2 2 2 2
left_child=-1 4 7 -4 5 -2 -6 -3
right_child=1 2 3 -5 6 -7 -8 -9
leaf_value=-0.00065464808741713849 -0.00021244431620981585 0.0043451141302832475 0.0018799862091270934 -0.00033927339321475472 0.00082221385585237977 0.00067642740281529355 -0.00044933105619013644 0.003961122186761621
leaf_weight=120 2621 424 182 567 900 3335 3709 140
leaf_count=120 2621 424 182 567 900 3335 3709 140
internal_value=2.40566e-05 4.95457e-05 0.000778642 -6.13394e-05 -4.07993e-05 0.000194389 -0.000345958 0.00189587
internal_weight=11998 11878 1313 749 10565 5956 4609 564
internal_count=11998 11878 1313 749 10565 5956 4609 564
is_linear=0
shrinkage=0.025


Tree=255
num_leaves=6
num_cat=0
split_feature=39 13 45 0 46
split_gain=1.05616 1.01337 1.25307 1.60377 0.903244
threshold=0.10712066665291788 -0.51446783542633046 0.057776963338255889 -0.011976707726716994 0.077035948634147658
decision_type=2 2 2 2 2
left_child=-1 -2 3 -3 -4
right_child=1 2 4 -5 -6
leaf_value=-0.000389701911773089 0.0031229632284579842 -0.0012306836311948856 -0.00040291065304067918 -6.3866947876432321e-05 0.00016725194477920164
leaf_weight=125 138 136 549 403 10686
leaf_count=125 138 136 549 403 10686
internal_value=7.56727e-05 0.000100592 7.46032e-05 -0.00109605 0.000131784
internal_weight=12037 11912 11774 539 11235
internal_count=12037 11912 11774 539 11235
is_linear=0
shrinkage=0.025


Tree=256
num_leaves=7
num_cat=0
split_feature=31 9 5 36 42 30
split_gain=0.957751 1.23205 1.14107 1.22349 0.420332 0.311574
threshold=0.023493722081184391 0.014356910251080992 -0.25019858777523035 0.20684999227523806 0.0057166244369000205 -0.010725869331508873
decision_type=2 2 2 2 2 2
left_child=-1 5 4 -4 -3 -2
right_child=1 2 3 -5 -6 -7
leaf_value=-0.00079954610005862593 0.0011801611963164094 0.0022459752848221484 -0.00026236085521257882 0.00019844222251659598 -7.9930206613367503e-05 0.0033766313382864021
leaf_weight=129 148 412 4270 6725 125 206
leaf_count=129 148 412 4270 6725 125 206
internal_value=7.53953e-05 9.95502e-05 5.40653e-05 -5.68089e-07 0.00117389 0.00154248
internal_weight=12015 11886 11532 10995 537 354
internal_count=12015 11886 11532 10995 537 354
is_linear=0
shrinkage=0.025


Tree=257
num_leaves=13
num_cat=0
split_feature=37 36 29 11 31 46 41 34 38 46 30 15
split_gain=1.11265 1.81255 1.35677 1.65806 2.08242 1.39992 1.16841 1.06146 1.27332 0.455154 0.348177 0.0853195
threshold=0.023460826836526397 0.5289275348186494 0.095253404229879393 0.016269923187792305 0.54936203360557567 0.95286133885383617 0.65264201164245617 -0.042860193178057664 -0.11397054791450499 0.81896552443504345 0.16293097287416461 0.45689655840396887
decision_type=2 2 2 2 2 2 2 2 2 2 2 2
left_child=2 7 3 4 -1 -5 -3 8 -2 11 -9 -4
right_child=1 6 9 5 -6 -7 -8 10 -10 -11 -12 -13
leaf_value=-0.00033402726023705373 0.0016608500807374724 0.0006590630270944778 0.0010512818521442571 -0.00037349364471194195 0.0009707620615413185 0.00039409503319691577 -0.0012981916295067629 0.0042170071810291301 -0.00067174362927659723 0.00022687011632289598 0.0011260349325662685 0.0055004002240100804
leaf_weight=2130 561 143 126 4443 2896 268 172 581 204 192 120 143
leaf_count=2130 561 143 126 4443 2896 268 172 581 204 192 120 143
internal_value=9.70053e-06 0.000585806 -9.0537e-05 -0.000154101 0.000160753 -0.000491147 -0.00111328 0.000957682 0.000300325 0.00122586 0.00165899 0.00188412
internal_weight=11979 1781 10198 9737 5026 4711 315 1466 765 461 701 269
internal_count=11979 1781 10198 9737 5026 4711 315 1466 765 461 701 269
is_linear=0
shrinkage=0.025


Tree=258
num_leaves=9
num_cat=0
split_feature=37 38 33 35 38 36 36 5
split_gain=0.991342 1.08188 1.66854 2.61125 1.6145 1.33163 1.93683 1.38751
threshold=0.0071191173046827325 -0.019290159456431862 0.0013327066553756597 0.15930587798357013 -0.00059619295643642534 0.46494646370410925 0.23131252825260165 0.49140687286853796
decision_type=2 2 2 2 2 2 2 2
left_child=-1 5 3 -3 -4 6 -2 -7
right_child=1 2 4 -5 -6 7 -8 -9
leaf_value=0.0031467479745072996 -1.7261394754199187e-05 -0.0017650332380874335 0.0010520471016056384 -0.00021929268351867672 -0.0002230078837576994 -0.0028083052997584061 0.0013237835817188311 -0.00016928334254158516
leaf_weight=146 4275 311 813 863 2394 142 2460 621
leaf_count=146 4275 311 813 863 2394 142 2460 621
internal_value=3.16917e-05 5.57482e-06 -0.000305802 -0.00111005 -8.17238e-06 0.000188425 0.000301372 -0.000795898
internal_weight=12025 11879 4381 1174 3207 7498 6735 763
internal_count=12025 11879 4381 1174 3207 7498 6735 763
is_linear=0
shrinkage=0.025


Tree=259
num_leaves=12
num_cat=0
split_feature=36 17 36 17 17 3 40 13 40 46 19
split_gain=0.92966 1.9631 1.34699 2.3437 2.08018 1.59719 1.93859 1.81027 0.941238 0.790812 0.764697
threshold=-0.029704597778618332 -0.064242973923683153 0.20684999227523806 -0.14484004676342008 0.90904042124748241 -0.0030871991766616698 1.3635550737380984 -0.3857585340738296 0.79590699076652538 0.077035948634147658 -0.070347018539905534
decision_type=2 2 2 2 2 2 2 2 2 2 2
left_child=1 -1 3 9 -5 7 -7 -4 -3 -2 -10
right_child=2 8 5 4 -6 6 -8 -9 10 -11 -12
leaf_value=-0.0014544935835302704 -3.5992340128858479e-05 -9.6890724345385026e-05 -0.0010948967797929667 -0.00064029325267690479 0.0011090732876683107 0.00065370697257451766 -0.0019682974002031969 -7.7693855036864963e-05 0.00037011461917916373 0.0025341848965272432 0.004113278873141466
leaf_weight=142 203 143 160 3105 416 5338 166 1336 140 398 452
leaf_count=142 203 143 160 3105 416 5338 166 1336 140 398 452
internal_value=5.34198e-05 0.000834751 -7.976e-06 -0.000366792 -0.000614365 0.000202534 0.000400027 -0.000518821 0.0013598 0.00106642 0.00179858
internal_weight=11999 877 11122 4122 3521 7000 5504 1496 735 601 592
internal_count=11999 877 11122 4122 3521 7000 5504 1496 735 601 592
is_linear=0
shrinkage=0.025


Tree=260
num_leaves=9
num_cat=0
split_feature=37 28 36 38 29 26 26 17
split_gain=0.955291 0.987972 1.49114 1.71525 1.62185 1.13668 1.21054 0.521266
threshold=0.0071191173046827325 0.42499999701976782 0.21456083655357364 -0.069866463541984544 0.039989603683352477 0.021043414250016216 0.039154464378952987 1.0000000180025095e-35
decision_type=2 2 2 2 2 2 2 2
left_child=-1 5 3 -3 -4 7 -7 -2
right_child=1 2 4 -5 -6 6 -8 -9
leaf_value=0.0030206796396297763 0.00025719541846758799 2.3958035200652645e-05 -0.00046950879096534481 -0.0010305580381544264 0.00037336483194900296 -0.00020347546541386722 0.0014625935539640672 0.0015573772969102288
leaf_weight=143 405 1717 1222 1746 4337 1450 284 777
leaf_count=143 405 1717 1222 1746 4337 1450 284 777
internal_value=3.89915e-05 1.37111e-05 -0.000115071 -0.000522275 0.000137716 0.000413814 2.1565e-06 0.0010099
internal_weight=12081 11938 9022 3463 5559 2916 1734 1182
internal_count=12081 11938 9022 3463 5559 2916 1734 1182
is_linear=0
shrinkage=0.025


Tree=261
num_leaves=14
num_cat=0
split_feature=33 38 24 10 41 16 32 35 26 17 5 36 5
split_gain=0.967562 2.5612 2.11842 2.22048 1.5515 1.02231 1.24116 1.09874 1.79452 1.00981 0.924712 0.738424 0.488424
threshold=-0.0027823220007121559 -0.12286731973290442 18.434027671813968 0.024864445440471176 0.5227133333683015 0.015149041544646026 0.65753352642059337 0.20559851080179217 0.017145956866443161 0.13741329312324527 1.1677986383438113 0.26864442229270941 0.4325734823942185
decision_type=2 2 2 2 2 2 2 2 2 2 2 2 2
left_child=1 9 4 -4 -3 6 -2 10 -9 -1 -7 -11 -8
right_child=5 2 3 -5 -6 7 12 8 -10 11 -12 -13 -14
leaf_value=-0.00051881869256168518 -0.00036065043223962984 -0.0030169836348344784 -4.0660049277075998e-05 -0.0018401325755686524 -0.0012496521401147783 -2.2511640681721314e-05 0.0010443635024479305 -0.00070998186683991164 0.0011223699520250742 0.0035659263770334362 -0.0011574950590034013 0.00025068827924626554 0.0034521504021511177
leaf_weight=230 129 123 1531 364 253 4581 548 302 2651 432 297 349 277
leaf_count=230 129 123 1531 364 253 4581 548 302 2651 432 297 349 277
internal_value=3.40665e-05 -0.000331229 -0.000798001 -0.000450658 -0.00250328 0.00017136 0.000942388 7.60912e-05 0.000456812 0.000709892 -0.000153338 0.00114027 0.00130271
internal_weight=12067 3282 2271 1895 376 8785 954 7831 2953 1011 4878 781 825
internal_count=12067 3282 2271 1895 376 8785 954 7831 2953 1011 4878 781 825
is_linear=0
shrinkage=0.025


Tree=262
num_leaves=12
num_cat=0
split_feature=27 28 16 16 9 31 11 37 37 39 31
split_gain=1.12987 1.10156 1.86668 1.68076 1.21785 1.08704 1.80774 0.942567 1.41637 1.04853 0.650419
threshold=-0.010840844828635452 0.42499999701976782 0.024139283224940303 0.022667651996016506 0.029383603483438495 0.83659514784812938 0.023108567111194137 0.01651884708553553 0.024154240265488628 0.75735583901405346 0.42951589822769171
decision_type=2 2 2 2 2 2 2 2 2 2 2
left_child=5 7 3 -3 -4 10 -7 9 -9 -2 -1
right_child=1 2 4 -5 -6 6 -8 8 -10 -11 -12
leaf_value=-0.00086249791227390154 -0.00021187799375556025 -6.4520929878947563e-05 0.0018082789198237395 -0.001013693513125196 -3.5621807585980968e-05 -0.0029251719677875804 0.00083079576466122686 -0.00057932891508219171 0.00083937192178082539 0.0010300059882779027 0.002426702540158112
leaf_weight=121 374 5374 1214 1038 1150 190 125 515 525 1297 125
leaf_count=121 374 5374 1214 1038 1150 190 125 515 525 1297 125
internal_value=1.14089e-06 5.53647e-05 -8.01445e-05 -0.000302127 0.000518679 -0.00108878 -0.00205078 0.000495674 -8.97128e-05 0.000862918 0.000134462
internal_weight=12048 11487 8776 6412 2364 561 315 2711 1040 1671 246
internal_count=12048 11487 8776 6412 2364 561 315 2711 1040 1671 246
is_linear=0
shrinkage=0.025


Tree=263
num_leaves=7
num_cat=0
split_feature=17 46 3 39 9 13
split_gain=1.05735 1.3774 1.17872 1.93906 1.40501 0.277574
threshold=-0.32650528848171229 0.038517974317073829 0.10435410216450693 0.99789655208587658 0.034303413704037673 -0.37578603625297541
decision_type=2 2 2 2 2 2
left_child=5 -2 3 -3 -4 -1
right_child=1 2 4 -5 -6 -7
leaf_value=0.0028433983525946618 -0.00077059550463729311 -0.00047500501105870855 0.00066954259466833429 0.00025260256747084358 -0.00031842779692569696 0.00022375228963984764
leaf_weight=214 239 3027 4721 2370 1361 169
leaf_count=214 239 3027 4721 2370 1361 169
internal_value=7.19685e-05 2.88963e-05 6.89003e-05 -0.000199232 0.000307828 0.00135631
internal_weight=12101 11718 11479 5397 6082 383
internal_count=12101 11718 11479 5397 6082 383
is_linear=0
shrinkage=0.025


Tree=264
num_leaves=14
num_cat=0
split_feature=28 26 41 44 48 46 44 37 37 25 48 36 47
split_gain=1.15089 1.31421 2.04077 2.26306 1.73007 1.56886 1.45905 0.889258 1.33783 0.978239 0.801553 0.855949 0.808221
threshold=0.42499999701976782 0.019051222130656246 0.64712300896644603 0.010610850527882578 0.18103448301553729 0.057776963338255889 0.027270439080893997 0.016549868509173397 0.018093765713274482 -11.878111839294432 0.26724137365818029 0.37587220966815954 0.19057226926088336
decision_type=2 2 2 2 2 2 2 2 2 2 2 2 2
left_child=7 2 4 -4 -2 -3 -7 10 -9 -10 12 -12 -1
right_child=1 5 3 -5 -6 6 -8 8 9 -11 11 -13 -14
leaf_value=0.0010996179261744266 -0.0011068674577294462 -0.0012505672348808014 0.0027058692620781912 -0.0011252582797407482 0.001088835148273162 0.00038512258806175994 -0.00037180633617318079 -0.0016240453159551056 -0.0002617012310530623 0.0013947995835918092 0.0014713142755920601 -0.00034514390102432081 -0.00049751472206121443
leaf_weight=153 448 239 126 909 805 4991 1683 222 434 486 1115 196 271
leaf_count=153 448 239 126 909 805 4991 1683 222 434 486 1115 196 271
internal_value=1.13806e-06 -0.00013483 -0.00065362 -0.00147236 2.08665e-05 3.63184e-05 0.000109111 0.00043763 -9.91717e-05 0.000317568 0.000793822 0.00109897 -0.000136946
internal_weight=12078 9201 2288 1035 1253 6913 6674 2877 1142 920 1735 1311 424
internal_count=12078 9201 2288 1035 1253 6913 6674 2877 1142 920 1735 1311 424
is_linear=0
shrinkage=0.025


Tree=265
num_leaves=15
num_cat=0
split_feature=16 38 34 25 17 41 18 33 46 34 41 8 40 39
split_gain=1.03295 1.27028 2.3006 1.43013 1.37873 0.899406 0.972232 0.743513 1.13029 1.07085 0.869617 0.776674 0.758414 0.34535
threshold=0.015344067476689817 -0.16515156626701352 -0.042106898501515382 7.8095023632049569 -0.36830811202526087 0.78020307421684276 -0.030683689750730988 -0.0027823220007121559 0.65737342834472667 0.094134718179702773 0.56403538584709179 0.017919648438692096 0.78244343400001537 0.77632379531860363
decision_type=2 2 2 2 2 2 2 2 2 2 2 2 2 2
left_child=7 5 3 -3 -4 13 -7 8 11 12 -11 -1 -9 -2
right_child=1 2 4 -5 -6 6 -8 9 -10 10 -12 -13 -14 -15
leaf_value=8.9319457850767258e-05 0.00053525014809614085 -0.00064139921964474029 0.0030045814484652373 -0.0032007927554435337 -3.3566003449411428e-05 0.0010561624427372165 -0.0018854680188233838 5.5187433756843108e-06 0.0021601062350687632 0.0016067297422009863 -0.00099461012475161523 -0.000708185575202713 0.0028358242660510785 0.0026905764619321957
leaf_weight=124 188 966 212 146 8329 148 136 176 148 122 120 121 656 394
leaf_count=124 188 966 212 146 8329 148 136 176 148 122 120 121 656 394
internal_value=1.53241e-05 -7.09093e-05 -0.000153888 -0.0012209 -1.36028e-05 0.000842423 -0.000289792 0.000636039 -0.000279523 0.000976599 -0.000460526 -0.001325 0.00140233 0.00140332
internal_weight=11986 10519 9653 1112 8541 866 284 1467 393 1074 242 245 832 582
internal_count=11986 10519 9653 1112 8541 866 284 1467 393 1074 242 245 832 582
is_linear=0
shrinkage=0.025


Tree=266
num_leaves=9
num_cat=0
split_feature=10 11 40 3 46 36 3 47
split_gain=0.922396 0.850722 2.02845 2.55163 1.94946 1.59836 1.82242 1.39639
threshold=0.044873071834445007 0.016269923187792305 0.72322645783424389 0.19930185377597812 0.10491563007235528 0.46494646370410925 -0.012267841026186941 0.094827588647604003
decision_type=2 2 2 2 2 2 2 2
left_child=1 2 3 -1 -4 7 -7 -3
right_child=-2 5 4 -5 -6 6 -8 -9
leaf_value=-0.0016337182719977428 0.0027572836019940021 0.0028785377871877412 -0.00084239369836304793 0.0016149145032541782 0.00079449558752559424 -0.0027447978599625263 -0.00089761964598826212 -6.4288598043823954e-05
leaf_weight=656 136 209 500 230 3940 180 953 5237
leaf_count=656 136 209 500 230 3940 180 953 5237
internal_value=1.76416e-06 -2.15154e-05 0.000212671 -0.000874018 0.000431665 -0.000212067 -0.00106437 -3.27921e-05
internal_weight=12041 11905 5326 886 4440 6579 1133 5446
internal_count=12041 11905 5326 886 4440 6579 1133 5446
is_linear=0
shrinkage=0.025


Tree=267
num_leaves=8
num_cat=0
split_feature=37 36 40 36 35 45 20
split_gain=1.12756 1.0721 1.61382 1.56639 2.61526 1.59491 1.24273
threshold=0.0071191173046827325 -0.017733156681060788 0.81870886683464061 0.21995328366756442 0.10721940174698831 0.019258987158536914 -0.11693769693374632
decision_type=2 2 2 2 2 2 2
left_child=-1 2 -2 4 -3 -5 -4
right_child=1 3 6 5 -6 -7 -8
leaf_value=0.0031820984928669048 -0.00058260401111790794 1.9516502987570069e-05 -6.9427164975077989e-05 -0.0018278256656070896 -0.0009982028492797146 0.00020350763082749117 0.0034000712408521032
leaf_weight=142 235 2572 196 124 1591 6671 518
leaf_count=142 235 2572 196 124 1591 6671 518
internal_value=2.62362e-05 -1.04843e-07 0.000803197 -7.05782e-05 -0.000452555 0.000162684 0.00139604
internal_weight=12049 11907 949 10958 4163 6795 714
internal_count=12049 11907 949 10958 4163 6795 714
is_linear=0
shrinkage=0.025


Tree=268
num_leaves=11
num_cat=0
split_feature=38 33 38 36 39 40 22 36 41 24
split_gain=1.31155 1.90184 1.39132 1.47192 1.3468 1.1793 1.16802 1.03636 0.636853 0.147743
threshold=-0.16737131774425504 -0.0027823220007121559 -0.018733770586550232 0.29300558567047125 0.3718161433935166 0.95702731609344494 0.81749999523162853 0.60071957111358654 0.79361820220947277 32.967800140380866
decision_type=2 2 2 2 2 2 2 2 2 2
left_child=6 4 7 -4 -2 -6 8 -3 9 -1
right_child=1 2 3 -5 5 -7 -8 -9 -10 -11
leaf_value=0.0035210170969206147 -0.003246621302697034 0.00059299212856216317 -0.00091558684376481694 0.00014307536585373768 1.4502522726393654e-05 -0.0007186351999318762 -0.00093752521962762775 -0.0011100965948011873 0.0003040534620187827 0.0010633324972792156
leaf_weight=388 121 4211 1293 2573 1311 1475 137 187 210 120
leaf_count=388 121 4211 1293 2573 1311 1475 137 187 210 120
internal_value=5.47545e-05 -1.71125e-05 0.000175807 -0.000168884 -0.00056705 -0.000449212 0.00099564 0.00048007 0.00140214 0.00187866
internal_weight=12026 11171 8264 3866 2907 2786 855 4398 718 508
internal_count=12026 11171 8264 3866 2907 2786 855 4398 718 508
is_linear=0
shrinkage=0.025


Tree=269
num_leaves=13
num_cat=0
split_feature=39 11 37 40 35 41 35 40 9 48 39 14
split_gain=1.21708 1.87366 1.93289 1.88476 4.24923 3.52825 1.5029 1.65806 1.37111 1.36384 1.34628 1.30553
threshold=1.0696486830711367 0.021801508963108066 0.018820399418473247 0.98034101724624645 0.066292215138673796 0.63498926162719738 0.434720128774643 1.299741864204407 0.039332214742898948 0.33400586247444158 0.93462777137756359 0.28879310190677648
decision_type=2 2 2 2 2 2 2 2 2 2 2 2
left_child=1 2 9 5 -5 -3 7 11 -9 -1 -4 -2
right_child=6 3 10 4 -6 -7 -8 8 -10 -11 -12 -13
leaf_value=-0.00051687501343875225 0.0013794639252882887 -0.0010447190310155625 0.0022117319122810391 -0.0029288437308317801 0.0018754957336231477 0.00078527638389118805 -0.002204411376010045 -0.0008055188769522418 0.0015025625237044538 0.0003065552062870118 -0.00047898740351428796 0.00048031700067870239
leaf_weight=2672 999 561 916 349 144 545 144 494 158 2456 276 2410
leaf_count=2672 999 561 916 349 144 545 144 494 158 2456 276 2410
internal_value=4.3594e-05 -0.000138345 5.43479e-05 -0.000901652 -0.00218122 -0.000318407 0.00038747 0.000478665 -0.000667808 -0.000155611 0.000959691 0.000700425
internal_weight=12124 7919 6320 1599 493 1106 4205 4061 652 5128 1192 3409
internal_count=12124 7919 6320 1599 493 1106 4205 4061 652 5128 1192 3409
is_linear=0
shrinkage=0.025


Tree=270
num_leaves=13
num_cat=0
split_feature=34 9 34 26 10 41 31 35 29 40 19 11
split_gain=0.856413 1.77508 1.47614 1.73476 1.54308 1.51125 1.26018 1.22872 1.10316 0.459115 0.345956 0.158395
threshold=0.13686104863882068 0.025882319547235969 0.091338682919740691 0.027438309043645862 0.0081333764828741568 0.84223756194114696 1.0665365457534792 0.41625252366065985 0.048931196331977851 0.95978605747222911 0.10289844870567323 0.014085048343986275
decision_type=2 2 2 2 2 2 2 2 2 2 2 2
left_child=2 10 5 4 -4 6 -1 8 -3 -5 -2 -12
right_child=1 7 3 9 -6 -7 -8 -9 -10 -11 11 -13
leaf_value=0.00026587094349183715 0.0021100026500541626 -0.0010798369316407145 0.00023430271086801615 -9.4966904925890039e-05 -0.00095497571123095797 0.0025501049237459383 -0.00025255219527987237 -0.0016368412434483372 0.0012177564254834518 0.0017483823332562938 0.0056283286115180776 0.0010762924868013197
leaf_weight=5016 208 144 336 228 959 235 3124 221 890 276 297 120
leaf_count=5016 208 144 336 228 959 235 3124 221 890 276 297 120
internal_value=0.000103968 0.000593501 1.26487e-05 -0.000635393 -0.00112019 0.000152894 9.43831e-05 4.46429e-05 0.000412656 0.000596758 0.00167659 0.00210012
internal_weight=12054 1880 10174 1799 1295 8375 8140 1255 1034 504 625 417
internal_count=12054 1880 10174 1799 1295 8375 8140 1255 1034 504 625 417
is_linear=0
shrinkage=0.025


Tree=271
num_leaves=15
num_cat=0
split_feature=31 5 13 20 39 36 5 8 17 47 36 36 17 26
split_gain=1.00903 2.29279 2.47614 2.08881 2.40595 2.18027 2.8776 1.59551 1.93555 1.44916 1.29851 1.26123 1.23113 0.649541
threshold=1.1549116373062136 0.69866064190864574 -0.045800082385540002 0.15969558805227282 1.034003794193268 0.12280745804309846 0.49140687286853796 0.037389965727925308 0.78236094117164623 0.50531914830207836 0.37982495129108435 0.035716563463211067 -0.17840016633272168 0.018586126156151298
decision_type=2 2 2 2 2 2 2 2 2 2 2 2 2 2
left_child=3 2 10 4 12 6 -5 11 -9 -6 -2 -3 -1 -7
right_child=1 7 -4 5 9 13 -8 8 -10 -11 -12 -13 -14 -15
leaf_value=0.00066888860535296185 -0.001162324256337446 0.0027384102811565778 0.0016539641375950152 0.00056073861118955055 0.0019550626157141099 8.7128015478990116e-05 -0.0021589220135953017 -0.0020903714899777495 -0.00011982006106721848 5.3308009244534458e-05 -0.003554477945210157 7.4112385053841999e-05 -0.00066391858863231812 0.0028156016777965537
leaf_weight=490 313 270 261 300 692 396 177 228 674 1166 192 2750 2645 1533
leaf_count=490 313 270 261 300 692 396 177 228 674 1166 192 2750 2645 1533
internal_value=3.60777e-05 -0.000250106 -0.00149643 0.000218294 -7.22788e-05 0.000822791 -0.000676867 -3.50131e-06 -0.000924752 0.000638084 -0.00251225 0.000270661 -0.000495621 0.00119765
internal_weight=12087 4688 766 7399 4993 2406 477 3922 902 1858 505 3020 3135 1929
internal_count=12087 4688 766 7399 4993 2406 477 3922 902 1858 505 3020 3135 1929
is_linear=0
shrinkage=0.025


Tree=272
num_leaves=14
num_cat=0
split_feature=4 4 47 31 5 46 23 10 17 47 19 46 13
split_gain=1.46069 1.60743 2.20134 1.77761 2.28107 1.31981 1.20509 1.07807 0.760512 0.993667 0.501701 0.471666 0.339546
threshold=-0.12902899831533429 0.11552209779620172 0.81896552443504345 0.86335718631744396 0.35348242521286016 0.78154808282852184 0.13229203969240191 0.01618131343275309 0.41481427848339086 0.50531914830207836 0.020624440163373951 0.057776963338255889 -0.36574561893939966
decision_type=2 2 2 2 2 2 2 2 2 2 2 2 2
left_child=7 2 6 5 -5 -3 -2 11 9 -9 -4 -1 -13
right_child=1 3 10 4 -6 -7 -8 8 -10 -11 -12 12 -14
leaf_value=0.00021710064915358247 -0.0011460496910854789 0.0011142172083640975 0.0022963625532764344 -0.0029491511009695614 7.9250263313666165e-06 -0.0030159156080930821 -0.00014551165433431768 0.00018710585140529955 0.00096337746412760317 -0.00091453087222935828 0.00019513334545516716 0.00058129680115976659 0.0021053051288132687
leaf_weight=138 1259 2306 166 180 5204 137 1365 212 185 184 140 154 476
leaf_count=138 1259 2306 166 180 5204 137 1365 212 185 184 140 154 476
internal_value=8.74206e-05 -9.40801e-06 -0.000508944 0.000176998 -7.58489e-05 0.000735805 -0.000745055 0.000861337 3.62629e-05 -0.000570449 0.00147508 0.00147316 0.00176181
internal_weight=12106 10757 2930 7827 5384 2443 2624 1349 581 396 306 768 630
internal_count=12106 10757 2930 7827 5384 2443 2624 1349 581 396 306 768 630
is_linear=0
shrinkage=0.025


Tree=273
num_leaves=13
num_cat=0
split_feature=39 4 47 4 40 29 32 35 40 42 40 21
split_gain=0.902711 1.82581 1.77094 1.64993 2.29623 1.87812 1.53293 1.20518 1.13432 1.10669 1.22718 1.03464
threshold=1.0696486830711367 0.10708955675363542 0.14343360066413882 -0.12322313338518141 0.74069702625274669 0.055435199290513999 0.77035370469093334 0.434720128774643 0.87502557039260875 0.0040187304839491853 1.3080088496208193 75.954093933105483
decision_type=2 2 2 2 2 2 2 2 2 2 2 2
left_child=1 3 8 5 -5 -1 -4 9 -3 10 -2 -11
right_child=7 2 6 4 -6 -7 -8 -9 -10 11 -12 -13
leaf_value=0.00091081312375064646 0.0010938329045445548 0.003120457831115914 -0.00069792374462426506 -0.0020337226567216224 -0.00048468596427579956 -0.0009769974632582478 0.00019426971182512907 -0.0021171943197225347 1.1887045889247077e-05 -0.00038833932826285095 -0.00047605493617354933 0.0013770910834203156
leaf_weight=623 2120 564 882 483 1339 258 3436 131 371 1204 353 347
leaf_count=623 2120 564 882 483 1339 258 3436 131 371 1204 353 347
internal_value=5.12753e-05 -0.000104101 0.000166651 -0.000631924 -0.00106117 0.000249718 -4.59749e-05 0.00035006 0.00115027 0.000429077 0.000757163 -9.07775e-05
internal_weight=12111 7956 5253 2703 1822 881 4318 4155 935 4024 2473 1551
internal_count=12111 7956 5253 2703 1822 881 4318 4155 935 4024 2473 1551
is_linear=0
shrinkage=0.025


Tree=274
num_leaves=13
num_cat=0
split_feature=36 47 40 31 48 35 11 46 43 30 29 12
split_gain=1.20661 1.31398 1.84351 2.18274 1.56299 2.5857 1.31731 1.19719 1.17059 0.871621 0.903753 0.0384242
threshold=-0.023579191416501995 0.14343360066413882 0.88806429505348217 0.65011158585548412 0.10491563007235528 0.29375608265399938 0.013273796997964384 0.16269258409738543 -0.28674268722534174 0.0089766061864793318 0.032864661887288101 -0.052658241242170327
decision_type=2 2 2 2 2 2 2 2 2 2 2 2
left_child=7 2 8 -4 5 -3 -6 -1 -2 10 -9 -11
right_child=1 4 3 -5 6 -7 -8 9 -10 11 -12 -13
leaf_value=-0.0013964772666632331 -0.00097798523416085434 -0.0011877064461618201 -0.0019023454633624783 0.0013401291533116503 0.00087810355683831404 0.0014553745511822467 -0.00011636012676836392 -0.00077324771876867828 0.0026668365669269625 0.0026194391114980637 0.0011533932411722772 0.0039068260188785675
leaf_weight=132 122 618 336 313 1458 157 7282 153 853 280 191 135
leaf_count=132 122 618 336 313 1458 157 7282 153 853 280 191 135
internal_value=6.1799e-05 -8.63684e-06 0.000646869 -0.000376529 -0.000121455 -0.00119391 -2.50142e-05 0.000944476 0.00133291 0.00133017 0.000368911 0.00209821
internal_weight=12030 11139 1624 649 9515 775 8740 891 975 759 344 415
internal_count=12030 11139 1624 649 9515 775 8740 891 975 759 344 415
is_linear=0
shrinkage=0.025


Tree=275
num_leaves=7
num_cat=0
split_feature=36 22 15 29 33 29
split_gain=0.879091 0.804446 1.34865 0.956022 0.874409 0.911123
threshold=-0.11548355221748351 0.82805645465850841 0.92241379618644725 0.092112816870212569 0.03780751861631871 0.094953939318656935
decision_type=2 2 2 2 2 2
left_child=-1 4 3 -3 5 -2
right_child=1 2 -4 -5 -6 -7
leaf_value=0.0024634391568759584 3.4923018125331698e-05 8.7496116640163447e-05 -0.0018888969339169186 -0.00093585216460041428 0.003550976255889435 0.00059241525773896027
leaf_weight=191 7548 2521 170 591 203 791
leaf_count=191 7548 2521 170 591 203 791
internal_value=0.000104513 7.64013e-05 -0.000255172 -0.00013274 0.000204604 0.000163741
internal_weight=12015 11824 3282 3112 8542 8339
internal_count=12015 11824 3282 3112 8542 8339
is_linear=0
shrinkage=0.025


Tree=276
num_leaves=9
num_cat=0
split_feature=9 47 45 40 48 3 48 35
split_gain=0.9373 1.02226 2.00189 1.28117 2.04085 2.02293 1.00469 0.376435
threshold=0.014356910251080992 0.88646370172500621 0.99137932062149059 0.93450698256492626 0.27622890472412115 0.1911372393369675 0.19057226926088336 0.0090112034231424349
decision_type=2 2 2 2 2 2 2 2
left_child=7 3 6 5 -5 -2 -3 -1
right_child=1 2 -4 4 -6 -7 -8 -9
leaf_value=5.9169370379939286e-05 -5.7877470146505022e-05 -9.0215334400094654e-05 -0.0023216357579513621 -0.0017341192587476161 -8.2733735722803585e-05 0.001247383471351023 0.0017078720857668719 0.0018844494859349198
leaf_weight=134 2962 229 147 593 4957 1676 988 242
leaf_count=134 2962 229 147 593 4957 1676 988 242
internal_value=0.000114284 7.34404e-05 0.000714938 -1.21406e-05 -0.000268902 0.000293722 0.00105258 0.0013353
internal_weight=11928 11552 1364 10188 5550 4638 1217 376
internal_count=11928 11552 1364 10188 5550 4638 1217 376
is_linear=0
shrinkage=0.025


Tree=277
num_leaves=15
num_cat=0
split_feature=47 31 40 5 47 40 40 44 40 3 28 47 40 8
split_gain=1.08277 1.62358 2.8888 4.61203 1.26349 1.8212 2.01292 1.69195 1.94913 1.63507 1.17401 0.423083 0.78732 0.100082
threshold=0.19057226926088336 0.65011158585548412 0.96409136056900036 0.049385132268071182 0.67663240432739269 0.47328618168830877 1.1929764747619631 0.023822365328669552 1.0950488448143008 -0.15699160844087598 0.47499999403953558 0.094827588647604003 0.86693340539932262 0.017648332752287391
decision_type=2 2 2 2 2 2 2 2 2 2 2 2 2 2
left_child=1 2 10 -4 5 -2 -7 9 -9 -6 -1 13 -13 -3
right_child=4 11 3 -5 7 6 -8 8 -10 -11 -12 12 -14 -15
leaf_value=0.0014785494597124103 -0.0028881130408776466 0.0014039397044138923 0.00012553586211473891 -0.0034982689135623526 -0.00096564750331572236 -1.1736329786798692e-05 -0.00070349398665904149 -0.00059016845201104141 0.00099413796270697119 0.0012962426632119701 -6.5251988931816133e-05 0.0025899976464266289 5.5522102599528768e-05 0.003677583529667855
leaf_weight=481 123 122 175 123 129 5008 708 1587 1111 1023 635 260 299 288
leaf_count=481 123 122 175 123 129 5008 708 1587 1111 1023 635 260 299 288
internal_value=8.89088e-05 0.00056585 2.02608e-05 -0.00214109 -2.79811e-05 -0.00026031 -0.000192929 0.000322633 -1.80354e-05 0.00112252 0.000609947 0.00135139 0.000871011 0.00197289
internal_weight=12072 2383 1414 298 9689 5839 5716 3850 2698 1152 1116 969 559 410
internal_count=12072 2383 1414 298 9689 5839 5716 3850 2698 1152 1116 969 559 410
is_linear=0
shrinkage=0.025


Tree=278
num_leaves=14
num_cat=0
split_feature=28 26 9 13 10 44 31 46 0 45 16 6 43
split_gain=1.28593 1.38642 1.66899 2.65428 2.16248 1.15406 1.701 1.43003 1.05557 1.18866 0.878366 0.777326 0.474145
threshold=0.42499999701976782 0.019189310260117057 0.019895968027412895 -0.20720976591110227 0.010381437838077547 0.026096783578395847 1.2729864120483401 0.93360236287117015 -0.0038771760882809754 0.094827588647604003 0.029545474797487262 0.068921152502298369 -0.25613562762737269
decision_type=2 2 2 2 2 2 2 2 2 2 2 2 2
left_child=8 2 3 -2 -4 7 -7 -3 9 -1 -11 12 -10
right_child=1 5 4 -5 -6 6 -8 -9 11 10 -12 -13 -14
leaf_value=-0.00091688444025615236 0.0030548577908293935 0.00017589333008622028 -0.0012606096786754357 -0.0007029606443630154 -0.00013279563167811404 0.00061460431183349342 -0.00078738427223993364 0.003417955128014983 0.0012699777472045589 0.00066061965304608128 -0.00085253857312309533 -0.00032005691848109921 0.0010095902790313875
leaf_weight=215 296 4409 549 899 583 623 1443 312 325 1106 143 148 977
leaf_count=215 296 4409 549 899 583 623 1443 312 325 1106 143 148 977
internal_value=9.25581e-05 -5.30485e-05 -0.000579438 6.77084e-05 -0.00126539 0.000126804 -0.000363955 0.000343049 0.000549418 7.06264e-05 0.00037181 0.00102663 0.00122322
internal_weight=12028 9114 2327 1195 1132 6787 2066 4721 2914 1464 1249 1450 1302
internal_count=12028 9114 2327 1195 1132 6787 2066 4721 2914 1464 1249 1450 1302
is_linear=0
shrinkage=0.025


Tree=279
num_leaves=13
num_cat=0
split_feature=34 28 46 13 24 8 38 6 36 27 38 26
split_gain=0.911181 1.45584 1.59756 2.48892 1.40824 1.35 1.29044 1.02968 0.908988 0.884982 0.794994 0.724375
threshold=0.13686104863882068 0.42499999701976782 0.10491563007235528 -0.21294903755187986 22.056466102600101 0.037389965727925308 -0.12286731973290442 0.066176734864711775 0.3966910988092423 0.0059453302528709182 -0.13463294506072995 0.017660853452980522
decision_type=2 2 2 2 2 2 2 2 2 2 2 2
left_child=1 7 3 -3 9 11 -4 8 -1 -2 -9 -6
right_child=4 2 6 -5 5 -7 -8 10 -10 -11 -12 -13
leaf_value=0.00069054917815712137 -0.0019840875979245235 -5.2033583604941583e-05 0.00047431895765290689 -0.0032895915761504317 -0.00078276537521272172 -0.00099940990232212862 -0.00020916892095339709 0.00053247044144030245 -0.00029916235725004075 0.00082684673651463921 -0.0010300356030604747 0.0028648751675834586
leaf_weight=2059 143 394 1244 190 121 189 5504 133 482 122 150 1322
leaf_count=2059 143 394 1244 190 121 189 5504 133 482 122 150 1322
internal_value=2.91301e-05 -6.4339e-05 -0.000250613 -0.00150042 0.000531677 0.000808644 -0.000140493 0.000416667 0.000577867 -0.00113426 -0.000993923 0.00107131
internal_weight=12053 10156 7332 584 1897 1632 6748 2824 2541 265 283 1443
internal_count=12053 10156 7332 584 1897 1632 6748 2824 2541 265 283 1443
is_linear=0
shrinkage=0.025


Tree=280
num_leaves=14
num_cat=0
split_feature=28 36 36 35 29 30 40 26 31 4 37 31 40
split_gain=1.24598 1.5808 2.4072 1.70189 1.65129 1.53902 2.51989 1.49824 0.983537 1.15108 1.4298 1.06602 0.87903
threshold=0.42499999701976782 0.20684999227523806 0.17239098250865939 0.2517565935850144 0.054441694170236594 -0.070689350366592393 0.86464822292327892 0.01595163065940142 0.77563831210136425 0.66145488619804393 0.011597041040658953 0.052072508260607726 0.73075467348098766
decision_type=2 2 2 2 2 2 2 2 2 2 2 2 2
left_child=8 2 3 -2 -4 7 -7 -3 11 10 -10 -1 -13
right_child=1 5 4 -5 -6 6 -8 -9 9 -11 -12 12 -14
leaf_value=-0.00035475067378044586 -4.3036403768551796e-05 -0.00038814527470807671 -0.0009302679760979423 -0.0010146279778536049 -0.0034370972404718005 0.0012673972918562898 -0.00069190661439122415 0.0009962951300935231 0.000836733087817048 0.0018999575866176155 -0.00097121044322771876 -8.5969838469016416e-05 0.001367656699368211
leaf_weight=182 2918 252 212 296 142 1125 2239 1974 252 186 812 207 1249
leaf_count=182 2918 252 212 296 142 1125 2239 1974 252 186 812 207 1249
internal_value=3.5993e-05 -0.00010627 -0.000517422 -0.000297841 -0.0024617 0.000155273 -0.000180692 0.000665061 0.00048868 -3.48605e-05 -0.00035898 0.000890901 0.00111824
internal_weight=12046 9158 3568 3214 354 5590 3364 2226 2888 1250 1064 1638 1456
internal_count=12046 9158 3568 3214 354 5590 3364 2226 2888 1250 1064 1638 1456
is_linear=0
shrinkage=0.025


Tree=281
num_leaves=13
num_cat=0
split_feature=28 43 30 8 24 44 31 47 34 47 0 37
split_gain=0.94185 1.38784 2.15313 1.63905 1.39919 1.25325 2.51843 1.3649 0.984771 0.768855 0.788893 0.514806
threshold=0.42499999701976782 -0.19608555734157559 0.20214699953794482 0.024913136847317222 17.703474044799808 0.027270439080893997 1.240816652774811 0.74303007125854503 0.11624594032764436 0.8479457199573518 -0.0038771760882809754 0.017538233660161499
decision_type=2 2 2 2 2 2 2 2 2 2 2 2
left_child=8 2 4 -4 -2 7 -7 -3 9 10 -1 -11
right_child=1 5 3 -5 -6 6 -8 -9 -10 11 -12 -13
leaf_value=-5.0366142007179031e-05 -0.00061481072723342379 7.8557841196777477e-05 -0.00053110032211110749 -0.0032114810332443768 0.00017419671822960079 0.0017496227152317446 -0.0010281432532315202 0.0018221100481370434 -0.00098549826399748491 0.0013953736174509021 0.0007091663064897534 0.00014599845581487309
leaf_weight=1178 289 5080 302 229 858 378 1216 809 121 310 1172 143
leaf_count=1178 289 5080 302 229 858 378 1216 809 121 310 1172 143
internal_value=4.60092e-05 -7.8142e-05 -0.000727124 -0.00203591 -0.000109592 6.69405e-05 -0.000552689 0.000236045 0.000436583 0.000534633 0.000347665 0.00147653
internal_weight=12085 9161 1678 531 1147 7483 1594 5889 2924 2803 2350 453
internal_count=12085 9161 1678 531 1147 7483 1594 5889 2924 2803 2350 453
is_linear=0
shrinkage=0.025


Tree=282
num_leaves=15
num_cat=0
split_feature=28 36 9 37 37 36 37 3 26 38 34 30 17 48
split_gain=0.992038 1.53189 2.55463 2.84429 1.39393 1.28187 2.313 1.21412 0.893476 1.27209 1.39709 0.783995 0.5631 0.901891
threshold=0.42499999701976782 0.20684999227523806 0.019255156628787521 0.018673998303711418 0.013325985055416824 0.34096917510032659 0.010831354651600124 0.68107792735099804 0.020904728211462501 -0.11642570421099661 -0.034104479476809495 0.08847323060035707 1.0000000180025095e-35 0.33400586247444158
decision_type=2 2 2 2 2 2 2 2 2 2 2 2 2 2
left_child=8 2 4 -4 -2 6 -3 -7 12 11 -11 -10 13 -1
right_child=1 5 3 -5 -6 7 -8 -9 9 10 -12 -13 -14 -15
leaf_value=-0.0016733777054943029 0.0021524289674664712 -0.00046731002815026957 -0.00074623178919251286 0.0010591937132531308 -0.0022569862772811463 -2.6980959211068489e-06 0.0016158952896035571 -0.0022749330122936789 0.00018216159510831302 -0.0021780466613558493 2.9917313562110025e-05 0.0023363578349862297 0.0013463779834433295 0.00049824111523568283
leaf_weight=122 711 563 2075 623 132 3124 1750 141 426 257 782 273 740 268
leaf_count=122 711 563 2075 623 132 3124 1750 141 426 257 782 273 740 268
internal_value=7.8073e-05 -4.89094e-05 -0.000455795 -0.000831946 0.000738502 0.000208445 0.000658434 -0.000108945 0.00048338 0.000122633 -0.000427442 0.000946378 0.00102974 0.000237342
internal_weight=11987 9119 3541 2698 843 5578 2313 3265 2868 1738 1039 699 1130 390
internal_count=11987 9119 3541 2698 843 5578 2313 3265 2868 1738 1039 699 1130 390
is_linear=0
shrinkage=0.025


Tree=283
num_leaves=14
num_cat=0
split_feature=3 39 47 36 28 40 19 35 47 20 19 40 40
split_gain=1.05121 2.02642 1.70727 1.78147 1.7429 1.32007 1.79625 1.47468 1.37925 1.56941 1.17071 1.06007 0.759433
threshold=0.098011791706085219 1.0696486830711367 0.24834922701120379 -0.0028331945650279518 0.52500000596046459 0.86464822292327892 0.34510858356952673 0.12682235985994342 0.46680118143558508 0.30432033538818365 0.13073828071355822 1.299741864204407 0.71613198518753063
decision_type=2 2 2 2 2 2 2 2 2 2 2 2 2
left_child=1 2 4 -4 -1 8 7 -7 12 -10 11 -3 -2
right_child=5 10 3 -5 -6 6 -8 -9 9 -11 -12 -13 -14
leaf_value=0.00044595713611126259 0.00052884605649779486 0.00080806026453646759 0.0005249090956257411 -0.00095003533393380303 -0.00099239032893113765 0.00087128325496971769 -0.0019115644418874944 -7.4212600245580278e-05 -0.0017521683271536428 0.00064218726713597372 -0.0010131741216338676 -0.00050657120650895407 0.0039390603982760444
leaf_weight=1175 307 1455 322 1758 528 1031 202 3030 257 687 124 304 738
leaf_count=1175 307 1455 322 1758 528 1031 202 3030 257 687 124 304 738
internal_value=5.56698e-05 -0.000190222 -0.000524353 -0.0010042 5.928e-05 0.000279487 2.95807e-05 0.000146643 0.000810557 0.000109326 0.000477357 0.000646967 0.00143452
internal_weight=11918 5666 3783 2080 1703 6252 4263 4061 1989 944 1883 1759 1045
internal_count=11918 5666 3783 2080 1703 6252 4263 4061 1989 944 1883 1759 1045
is_linear=0
shrinkage=0.025


Tree=284
num_leaves=7
num_cat=0
split_feature=13 45 36 44 37 22
split_gain=1.08132 1.27418 0.845843 1.6211 1.47083 0.177179
threshold=-0.46252702176570887 0.019258987158536914 0.21995328366756442 0.042453670874238021 0.0089943087659776228 0.36232399940490728
decision_type=2 2 2 2 2 2
left_child=5 -2 4 -4 -3 -1
right_child=1 2 3 -5 -6 -7
leaf_value=0.00098661919626113169 -0.0011999384960279479 0.00071495684190909809 0.00030444395195338033 -0.0010710829535625203 -0.00026308980974531847 0.0034170080701023038
leaf_weight=131 130 989 6516 134 4020 128
leaf_count=131 130 989 6516 134 4020 128
internal_value=8.82561e-05 5.22512e-05 8.06971e-05 0.000265778 -0.000163791 0.0016714
internal_weight=12048 11789 11659 6650 5009 259
internal_count=12048 11789 11659 6650 5009 259
is_linear=0
shrinkage=0.025


Tree=285
num_leaves=14
num_cat=0
split_feature=33 39 40 16 17 7 28 5 46 3 30 21 40
split_gain=1.03544 1.42386 1.54448 1.30392 1.06051 0.958255 0.836322 0.781569 1.58301 1.00443 0.57379 0.765257 0.490862
threshold=-0.0027823220007121559 0.5259184241294862 0.95702731609344494 0.015149041544646026 0.0068553355522453794 -0.0070045308675616971 0.42499999701976782 1.1677986383438113 0.95286133885383617 0.60100480914115917 -0.10919801890850066 65.025875091552749 0.7697410285472871
decision_type=2 2 2 2 2 2 2 2 2 2 2 2 2
left_child=1 5 4 10 -3 -1 -4 9 -9 -5 11 -2 -12
right_child=3 2 6 7 -6 -7 -8 8 -10 -11 12 -13 -14
leaf_value=-0.00020299374190494766 0.0018446011313368175 -0.00077538422619713313 1.7692044113853198e-05 0.00015825635104289103 0.00074849896089354139 -0.0022845233974782219 -0.00075677290390056167 -0.001102139785102776 0.00030846619306295226 -0.001892468312534451 0.00016083589275177259 -0.00033314564630283804 0.0032285904853680265
leaf_weight=120 274 219 576 6984 1203 134 1046 437 273 148 135 124 440
leaf_count=120 274 219 576 6984 1203 134 1046 437 273 148 135 124 440
internal_value=9.70664e-05 -0.00027967 -0.000125861 0.000238804 0.000472144 -0.00206081 -0.000653811 0.000130464 -0.000655594 0.000209997 0.00110046 0.000344293 0.0016056
internal_weight=12113 3298 3044 8815 1422 254 1622 7842 710 7132 973 398 575
internal_count=12113 3298 3044 8815 1422 254 1622 7842 710 7132 973 398 575
is_linear=0
shrinkage=0.025


Tree=286
num_leaves=12
num_cat=0
split_feature=29 29 41 29 48 40 30 41 31 1 32
split_gain=1.13558 1.08388 1.61449 1.41049 1.07598 1.2723 0.713874 0.622886 0.547291 0.300404 0.0440743
threshold=0.095260854810476317 0.084916587918996825 0.73238089680671703 0.094360750168561949 0.077035948634147658 0.74069702625274669 0.033192934468388564 0.80271160602569591 2.9312397241592412 0.075972300022840514 1.1921540498733523
decision_type=2 2 2 2 2 2 2 2 2 2 2
left_child=1 4 3 -3 6 -6 -1 -4 9 10 -2
right_child=8 2 7 -5 5 -7 -8 -9 -10 -11 -12
leaf_value=0.0030653873270886176 0.0018657255301134667 -0.0018262531289650057 0.0025607620273415668 -0.00034115387212532169 -0.00089303039606611573 8.6755090948812126e-05 0.00013637397269633555 -0.00016902188692759088 -0.00034390545645531645 0.0012943563743417494 0.0051101437058759282
leaf_weight=267 155 474 205 953 1010 8080 376 129 122 141 156
leaf_count=267 155 474 205 953 1010 8080 376 129 122 141 156
internal_value=4.87659e-05 -5.10905e-06 -0.000575453 -0.00094361 9.76844e-05 2.68005e-05 0.00108218 0.000969764 0.0011291 0.00152899 0.00196598
internal_weight=12068 11494 1761 1427 9733 9090 643 334 574 452 311
internal_count=12068 11494 1761 1427 9733 9090 643 334 574 452 311
is_linear=0
shrinkage=0.025


Tree=287
num_leaves=13
num_cat=0
split_feature=38 34 4 6 35 7 31 36 5 40 30 32
split_gain=1.06608 1.54615 1.71474 1.74144 1.54597 1.4184 0.856927 1.02273 1.22414 0.857233 0.640014 0.396974
threshold=-0.00059619295643642534 0.16881616413593295 0.20554950088262561 0.043610915541648872 0.29375608265399938 0.0091818599030375498 0.034507069736719138 -0.0404423139989376 -0.096587687730789171 0.83316278457641613 0.041161444038152702 0.8186967968940736
decision_type=2 2 2 2 2 2 2 2 2 2 2 2
left_child=6 2 5 -4 11 -2 -1 9 -9 -8 -6 -3
right_child=1 4 3 -5 10 -7 7 8 -10 -11 -12 -13
leaf_value=-0.00051045895196428787 -0.0015761742896280729 0.0013912695996312491 0.00039337615114168675 -0.0020616966327057342 0.00070372728813871603 -2.7281322836377299e-06 -0.00016609806661842792 0.00071700622465961834 4.374512067142936e-05 0.0028812064766200822 -0.0017280939069943086 0.0043304920602628911
leaf_weight=172 474 143 868 279 120 217 196 917 7637 579 203 259
leaf_count=172 474 143 868 279 120 217 196 917 7637 579 203 259
internal_value=0.000105953 -0.000345113 -0.000731823 -0.000131293 0.000625 -0.00171157 0.000228408 0.000261544 0.000181534 0.00112981 -0.000644055 0.00165541
internal_weight=12064 2563 1838 1147 725 691 9501 9329 8554 775 323 402
internal_count=12064 2563 1838 1147 725 691 9501 9329 8554 775 323 402
is_linear=0
shrinkage=0.025


Tree=288
num_leaves=10
num_cat=0
split_feature=17 37 42 46 14 16 36 34 10
split_gain=1.0261 0.977641 1.22308 1.10932 2.20517 1.20871 0.905803 0.683795 0.0156441
threshold=-0.40648134052753443 0.023460826836526397 0.091345433145761504 0.077035948634147658 0.42828319966793066 0.018108302727341655 0.5289275348186494 -0.046543752774596207 0.013781702611595394
decision_type=2 2 2 2 2 2 2 2 2
left_child=8 3 6 4 -2 -5 -3 -4 -1
right_child=1 2 7 5 -6 -7 -8 -9 -10
leaf_value=0.0026842840204681106 5.7758165323533521e-05 0.00189343337854249 -0.00080977178294083698 0.00025526980953312215 -0.0026242459779765178 -0.00012081979315015589 -0.00064204251270367769 0.00030748094161516773 0.00074109545051496137
leaf_weight=124 343 1166 166 2888 195 6618 260 163 120
leaf_count=124 343 1166 166 2888 195 6618 260 163 120
internal_value=3.33044e-05 0 0.000543324 -9.54074e-05 -0.00119475 -3.19366e-05 0.000862159 -0.000812126 0.00162149
internal_weight=12043 11799 1755 10044 538 9506 1426 329 244
internal_count=12043 11799 1755 10044 538 9506 1426 329 244
is_linear=0
shrinkage=0.025


Tree=289
num_leaves=15
num_cat=0
split_feature=39 11 40 35 47 41 41 40 35 23 31 31 40 30
split_gain=0.947778 1.82097 2.45037 3.63379 3.22335 1.31087 1.80544 2.25939 1.46702 1.20058 1.1694 0.916217 0.599284 0.67107
threshold=1.0696486830711367 0.021801508963108066 0.98034101724624645 0.066292215138673796 0.69589141011238109 0.73367923498153698 0.65086185932159435 1.3080088496208193 0.13048100471496585 0.14017202705144885 1.6491979956626894 0.052072508260607726 1.0438672304153445 0.24741335958242419
decision_type=2 2 2 2 2 2 2 2 2 2 2 2 2 2
left_child=1 9 4 -4 -3 6 8 -8 -2 11 -11 -1 -7 -14
right_child=5 2 3 -5 -6 12 7 -9 -10 10 -12 -13 13 -15
leaf_value=-0.0013161744675039729 0.0019029913787295784 0.00091949100913989569 -0.0029204931713124262 0.0015076576709986021 -0.00096573096340339193 0.0032632005892572029 -0.00022132260609037397 -0.0024693645008488341 -8.380173888147298e-05 0.0010184250686264141 -0.00011170799255043065 -9.4293403177054839e-05 0.0007512210348183362 -0.0002183847802972512
leaf_weight=140 626 650 349 142 458 364 984 138 856 2287 1008 2869 990 228
leaf_count=140 626 650 349 142 458 364 984 138 856 2287 1008 2869 990 228
internal_value=7.36937e-05 -8.67791e-05 -0.000839308 -0.00230091 -0.000178571 0.000377893 3.01841e-05 -0.00072205 0.000604405 0.000103622 0.000433712 -0.000255889 0.000944392 0.000665372
internal_weight=12089 7903 1599 491 1108 4186 2604 1122 1482 6304 3295 3009 1582 1218
internal_count=12089 7903 1599 491 1108 4186 2604 1122 1482 6304 3295 3009 1582 1218
is_linear=0
shrinkage=0.025


Tree=290
num_leaves=12
num_cat=0
split_feature=4 4 40 40 31 46 41 44 40 46 44
split_gain=1.18353 1.38851 3.08021 4.04424 1.56584 2.2149 1.52116 1.45205 0.767317 0.813268 1.09614
threshold=-0.12902899831533429 0.10708955675363542 0.75783196091651928 0.62000468373298656 0.86335718631744396 0.80080705881118786 0.65696442127227794 0.02004531025886536 0.74763861298561107 0.59097579121589672 0.017740860581398014
decision_type=2 2 2 2 2 2 2 2 2 2 2
left_child=8 2 3 -2 5 -3 -4 -6 -1 10 -10
right_child=1 4 6 -5 7 -7 -8 -9 9 -11 -12
leaf_value=0.0017180138051275243 5.0795054855736263e-05 0.0010754987455531253 0.00082672637784211671 -0.0025150369386866844 0.00076436125532040769 -0.0031761485732819381 -0.00045406387108371817 -0.00023177480466527736 0.00059892307252090119 0.003220019883325459 -0.00033012018293671405
leaf_weight=185 260 2425 933 283 1385 127 1266 3947 582 170 396
leaf_count=185 260 2425 933 283 1385 127 1266 3947 582 170 396
internal_value=8.49424e-05 -2.70426e-06 -0.00048735 -0.00216469 0.000165262 0.00067413 -6.63565e-05 -7.75247e-05 0.000785688 0.000532307 0.000242879
internal_weight=11959 10626 2742 543 7884 2552 2199 5332 1333 1148 978
internal_count=11959 10626 2742 543 7884 2552 2199 5332 1333 1148 978
is_linear=0
shrinkage=0.025


Tree=291
num_leaves=15
num_cat=0
split_feature=47 20 44 40 46 13 36 21 34 29 40 41 24 29
split_gain=0.989191 1.83996 1.33488 2.03118 1.60325 5.08724 1.49514 1.47481 1.06733 1.46333 0.903089 0.832261 0.136553 0.11672
threshold=0.88646370172500621 0.2857858687639237 0.014981710817664863 1.3232291340827944 0.1241746135056019 -0.25266005098819727 0.20684999227523806 50.825468063354499 0.016286190599203113 0.090930365025997176 1.0775657296180727 0.51340326666831981 23.608868598937992 0.062424454838037498
decision_type=2 2 2 2 2 2 2 2 2 2 2 2 2 2
left_child=2 12 4 6 5 -1 -4 -5 9 -3 -10 -6 13 -2
right_child=1 8 3 7 11 -7 -8 -9 10 -11 -12 -13 -14 -15
leaf_value=0.00069385808576767757 0.0001459254745076892 0.00019784541912860334 -0.00044817500626625822 -0.0028209353021173065 0.0023677080738399993 -0.0041623123921034934 8.7049002360945897e-05 -0.00023998006381213807 -0.00048828405702216625 -0.0018609659416995558 0.0015848308391168292 0.00039991051018963079 0.0042350844127267877 0.00052481530084391996
leaf_weight=226 124 131 2992 131 269 132 5245 180 311 145 264 1505 264 132
leaf_count=226 124 131 2992 131 269 132 5245 180 311 145 264 1505 264 132
internal_value=1.7627e-06 0.000633176 -7.89657e-05 -0.000219075 0.00047906 -0.00102961 -0.000142714 -0.0021875 -7.73948e-05 -0.00134786 0.000528017 0.000789067 0.00179762 0.00127874
internal_weight=12051 1371 10680 8548 2132 358 8237 311 851 276 575 1774 520 256
internal_count=12051 1371 10680 8548 2132 358 8237 311 851 276 575 1774 520 256
is_linear=0
shrinkage=0.025


Tree=292
num_leaves=8
num_cat=0
split_feature=10 8 37 19 47 37 44
split_gain=0.898277 1.12196 1.341 2.10874 1.16611 1.62603 1.62102
threshold=0.044873071834445007 0.039936961606144912 0.014760157559067013 0.20712061971426013 0.80080705881118786 0.023608304560184482 0.0262166066095233
decision_type=2 2 2 2 2 2 2
left_child=1 4 -3 -4 5 -1 -6
right_child=-2 2 3 -5 6 -7 -8
leaf_value=-7.3035029065155821e-05 0.0023958188036887081 0.00060541472343254019 -0.00044880078675287499 -0.0020877808053479893 0.0021415527066224287 0.0016819235528469712 4.5877042163573293e-05
leaf_weight=8125 139 222 713 172 627 969 1060
leaf_count=8125 139 222 713 172 627 969 1060
internal_value=5.91133e-05 3.47895e-05 -0.000720548 -0.00115871 0.000113226 4.12226e-07 0.000715869
internal_weight=12027 11888 1107 885 10781 9094 1687
internal_count=12027 11888 1107 885 10781 9094 1687
is_linear=0
shrinkage=0.025


Tree=293
num_leaves=11
num_cat=0
split_feature=47 48 45 47 30 14 31 30 36 30
split_gain=1.07441 1.08742 1.03821 1.19516 1.70178 1.23383 0.977666 0.795291 0.643291 0.516355
threshold=0.86720469594001781 0.19057226926088336 0.97212031483650219 0.48606015741825109 0.80117341876029979 0.97212031483650219 1.3702891469001772 -0.11375863850116728 0.27129377424716955 -0.33240820467472071
decision_type=2 2 2 2 2 2 2 2 2 2
left_child=2 8 3 4 -1 -5 9 -8 -2 -3
right_child=1 6 -4 5 -6 -7 7 -9 -10 -11
leaf_value=0.00020859769638771646 7.6525408838420099e-05 0.00072142952768361002 0.0015591894051173558 -0.00028621711037549457 -0.0010847314511357173 -0.001719990540902566 -0.00087477882646147575 0.00050077939453329365 -0.001200696081814417 0.0039218061424043148
leaf_weight=5506 193 142 158 4184 439 129 159 531 131 449
leaf_count=5506 193 142 158 4184 439 129 159 531 131 449
internal_value=3.9186e-05 0.000640528 -5.31378e-05 -8.51358e-05 0.000143908 -0.000402096 0.00096909 0.000314748 -0.000634498 0.00171351
internal_weight=12021 1605 10416 10258 5945 4313 1281 690 324 591
internal_count=12021 1605 10416 10258 5945 4313 1281 690 324 591
is_linear=0
shrinkage=0.025


Tree=294
num_leaves=7
num_cat=0
split_feature=2 12 44 33 38 36
split_gain=0.93207 1.27837 2.48293 0.864808 2.3184 0.946886
threshold=-0.2389637008309364 -0.31190413236618036 0.026806076057255272 -0.0027823220007121559 -0.12286731973290442 0.21841736137866977
decision_type=2 2 2 2 2 2
left_child=-1 2 -2 4 -3 -5
right_child=1 3 -4 5 -6 -7
leaf_value=0.0010658648068183898 -0.0023537273510482 0.00077417611613534755 0.00054313992493999709 -3.9597020992062025e-05 -0.00058235119987358897 0.00040796394923434668
leaf_weight=239 129 896 131 3507 2171 4922
leaf_count=239 129 896 131 3507 2171 4922
internal_value=7.34376e-05 4.11318e-05 -0.00167453 8.11887e-05 -0.0002771 0.000212384
internal_weight=11995 11756 260 11496 3067 8429
internal_count=11995 11756 260 11496 3067 8429
is_linear=0
shrinkage=0.025


Tree=295
num_leaves=14
num_cat=0
split_feature=37 36 41 10 9 40 40 3 40 14 43 40 40
split_gain=0.994812 1.98172 1.07457 0.99074 1.98835 2.06447 1.06691 2.27849 1.56661 0.599664 0.750522 0.598215 0.50513
threshold=0.023608304560184482 0.52148410677909862 0.65416795015335094 0.02285100053995848 0.04100442677736283 1.2632256150245669 0.72322645783424389 0.19930185377597812 0.85936430096626293 0.74303007125854503 0.20372528582811358 1.0412343144416811 1.1735216379165652
decision_type=2 2 2 2 2 2 2 2 2 2 2 2 2
left_child=3 9 -3 6 5 -5 7 -1 -8 12 -11 -6 -2
right_child=1 2 -4 4 11 -7 8 -9 -10 10 -12 -13 -14
leaf_value=-0.00097798717991606668 0.0029106028671523534 0.00082175569324440412 -0.00092855781385199577 -0.00061692951887748167 -0.00010929204726395003 -0.0021602048083317186 0.0012403969037934567 0.0013909324050309048 2.706036880405196e-06 -0.00071517957273931391 0.0032500157399705607 0.0011711695089970883 0.00016974622130877908
leaf_weight=863 866 153 190 692 125 126 1837 325 6199 222 146 172 182
leaf_count=863 866 153 190 692 125 126 1837 325 6199 222 146 172 182
internal_value=9.82195e-05 0.000646967 -0.00103807 3.98791e-06 -0.000697545 -0.00133505 8.97986e-05 -0.000606664 0.00019385 0.00106175 0.000170912 0.00103063 0.00136633
internal_weight=12098 1759 343 10339 1115 818 9224 1188 8036 1416 368 297 1048
internal_count=12098 1759 343 10339 1115 818 9224 1188 8036 1416 368 297 1048
is_linear=0
shrinkage=0.025


Tree=296
num_leaves=13
num_cat=0
split_feature=16 33 16 28 34 9 37 33 24 36 38 43
split_gain=0.853423 1.26238 1.06616 1.587 1.37215 2.06708 1.16142 1.07171 0.962773 0.552628 0.795655 0.0351374
threshold=0.014954317361116411 -0.0027823220007121559 0.02408415358513594 0.42499999701976782 0.11410204693675043 0.027496237307786945 0.032050855457782752 -0.0081529826857149584 29.340227127075199 0.12654812633991244 -0.069866463541984544 -0.065288782119750963
decision_type=2 2 2 2 2 2 2 2 2 2 2 2
left_child=1 -1 3 8 7 -6 -5 -4 -2 10 -3 -11
right_child=2 9 4 6 5 -7 -8 -9 -10 11 -12 -13
leaf_value=-0.0009397198873503991 0.00011418269202612321 0.0024768442691038678 -0.00057945883778546289 -0.00029374027822029014 0.0041276148132409459 0.0001651799597166808 0.0032331566302850967 0.00023952580085637569 0.001904756553379584 0.0017388932778010483 -0.000121984134826554 0.0065153040534220823
leaf_weight=184 1350 334 660 5452 533 750 182 1517 402 150 295 189
leaf_count=184 1350 334 660 5452 533 750 182 1517 402 150 295 189
internal_value=0.000109452 0.000755186 3.99734e-05 -0.000129042 0.000402237 0.00104911 -0.000334057 1.66133e-05 0.000525754 0.00111896 0.000656546 0.00193677
internal_weight=11998 1152 10846 7386 3460 1283 5634 2177 1752 968 629 339
internal_count=11998 1152 10846 7386 3460 1283 5634 2177 1752 968 629 339
is_linear=0
shrinkage=0.025


Tree=297
num_leaves=10
num_cat=0
split_feature=24 38 34 33 36 39 37 35 30
split_gain=1.05505 1.49348 1.21868 2.05499 1.66766 1.18547 1.29429 2.1161 1.35767
threshold=21.948179244995121 -0.19596569985151288 0.11949115619063379 0.0054235204588621863 0.48833210766315466 0.20583245158195498 0.0094028580933809298 0.21986449509859088 -0.68057790398597706
decision_type=2 2 2 2 2 2 2 2 2
left_child=1 -1 4 -4 -3 -2 8 -8 -7
right_child=5 2 3 -5 -6 6 7 -9 -10
leaf_value=0.0047314559977515141 -0.00080190710016545767 -2.4793036054136542e-05 -0.0019137815323027546 -0.00043492038838108385 -0.0016574668016119322 -0.00056448276862766861 -0.00017141374681512055 0.0012377743320811916 0.0011482444467423975
leaf_weight=172 148 3256 120 270 275 125 3691 2350 1636
leaf_count=172 148 3256 120 270 275 125 3691 2350 1636
internal_value=5.40547e-05 -0.000271169 -0.000373472 -0.00169304 -0.00022377 0.000222345 0.000265627 9.03491e-05 0.00086141
internal_weight=12043 4093 3921 390 3531 7950 7802 6041 1761
internal_count=12043 4093 3921 390 3531 7950 7802 6041 1761
is_linear=0
shrinkage=0.025


Tree=298
num_leaves=11
num_cat=0
split_feature=4 45 10 11 35 40 36 12 39 40
split_gain=0.809504 1.68782 1.58987 1.1732 1.16159 1.97603 1.91401 0.881799 0.445956 0.371771
threshold=-0.12322313338518141 0.057776963338255889 0.016512106172740463 0.026566041633486751 0.18219835311174395 0.73075467348098766 0.21143719553947452 -0.22029312700033185 0.84160640835762035 1.2077193856239321
decision_type=2 2 2 2 2 2 2 2 2 2
left_child=2 -2 8 7 5 -3 -6 -4 -1 -10
right_child=1 4 3 -5 6 -7 -8 -9 9 -11
leaf_value=0.00040160265065706412 -0.00099633261493991924 -0.0010861741962457975 -0.00055564585207018135 0.00092506239261350902 -0.00054223759360725319 -8.1239531858855225e-06 0.00072048468911220227 -1.9605804352315107e-05 0.0018561261599737554 1.12178000531349e-05
leaf_weight=221 187 921 168 141 508 5640 3465 248 474 120
leaf_count=221 187 921 168 141 508 5640 3465 248 474 120
internal_value=4.55655e-05 -2.71536e-05 0.000616376 -0.00040258 1.45888e-05 -0.000189042 0.00035225 -0.00107779 0.0013186 0.00167571
internal_weight=12093 10721 1372 557 10534 6561 3973 416 815 594
internal_count=12093 10721 1372 557 10534 6561 3973 416 815 594
is_linear=0
shrinkage=0.025


Tree=299
num_leaves=13
num_cat=0
split_feature=47 31 43 41 45 46 46 9 9 46 43 16
split_gain=0.994698 1.13839 1.00181 3.17462 3.14904 1.83197 1.97946 1.28797 1.1366 0.781874 1.0818 0.0413632
threshold=0.88646370172500621 0.89016696810722362 0.040282635018229491 0.43427601456642156 0.41966252028942114 0.63811445236206066 0.88646370172500621 0.034557458013296134 0.025799307972192768 0.48606015741825109 0.27489188313484197 0.017651316709816459
decision_type=2 2 2 2 2 2 2 2 2 2 2 2
left_child=2 11 3 4 -1 7 -7 -4 -5 -3 -11 -2
right_child=1 9 5 8 -6 6 -8 -9 -10 10 -12 -13
leaf_value=-0.00052103954297768359 0.0029831285499884569 -0.0011892290549231294 0.0018444907875787083 0.00016131348734203026 -0.0030708946362706878 -0.0005346691759190688 0.00062419799116830731 -0.00042718493216716984 -0.00026937842084889894 0.0015155138299904197 -8.9639163232307066e-05 0.004801234248256416
leaf_weight=420 120 120 1408 3222 217 1730 948 226 2547 371 556 206
leaf_count=420 120 120 1408 3222 217 1730 948 226 2547 371 556 206
internal_value=7.61616e-05 0.000708454 -4.54621e-06 -0.000203361 -0.00187111 0.000289263 -0.000111349 0.000947987 -1.66695e-05 0.000295865 0.000548552 0.00199018
internal_weight=12091 1373 10718 6406 637 4312 2678 1634 5769 1047 927 326
internal_count=12091 1373 10718 6406 637 4312 2678 1634 5769 1047 927 326
is_linear=0
shrinkage=0.025


Tree=300
num_leaves=13
num_cat=0
split_feature=28 36 35 37 32 30 40 36 33 45 45 37
split_gain=1.48592 1.11214 1.94591 3.75538 2.04818 1.615 2.93498 0.798815 0.663053 0.858136 1.98544 0.345202
threshold=0.42499999701976782 0.21456083655357364 0.12934804707765582 0.018820399418473247 0.59115040302276622 0.013226916547864677 0.86693340539932262 0.6166227161884309 0.025180556811392311 0.69589141011238109 0.48606015741825109 0.016848192550241951
decision_type=2 2 2 2 2 2 2 2 2 2 2 2
left_child=8 2 4 -4 -2 7 -7 -3 9 10 -1 -11
right_child=1 5 3 -5 -6 6 -8 -9 -10 11 -12 -13
leaf_value=0.00064175258710189292 -0.001540603163835536 0.00074116311813531 -0.0015337708013207427 0.0050466983023418855 0.0001015210297887111 0.0012545536761460296 -0.00084784427097235431 -0.0011698381307796077 -0.00050836504818891682 0.0020067399075456406 -0.00095029025379093533 0.00036672342071951018
leaf_weight=1605 211 2389 819 190 2377 1013 1973 148 212 393 529 186
leaf_count=1605 211 2389 819 190 2377 1013 1973 148 212 393 529 186
internal_value=7.52076e-05 -8.15068e-05 -0.000423723 -0.00135232 -5.73659e-05 0.000140422 -0.000252006 0.000604347 0.000565273 0.00067191 0.000434198 0.00152611
internal_weight=12045 9120 3597 1009 2588 5523 2986 2537 2925 2713 2134 579
internal_count=12045 9120 3597 1009 2588 5523 2986 2537 2925 2713 2134 579
is_linear=0
shrinkage=0.025


Tree=301
num_leaves=14
num_cat=0
split_feature=34 38 32 37 34 15 33 41 26 8 9 11 25
split_gain=1.16591 3.06254 2.02491 1.68907 1.31912 1.25806 1.59405 0.92024 0.801907 0.678875 0.408961 0.347146 0.300462
threshold=-0.042106898501515382 -0.16515156626701352 0.89364835619926464 0.022976452484726909 -0.054585028439760201 0.85344827175140392 0.013598987832665445 0.7762964963912965 0.029314553365111354 0.03243884630501271 0.037867911159992225 0.024358634836971763 -3.6440905332565303
decision_type=2 2 2 2 2 2 2 2 2 2 2 2 2
left_child=1 7 12 5 -4 6 -2 11 -7 -5 -11 -1 -3
right_child=3 2 4 9 -6 8 -8 -9 -10 10 -12 -13 -14
leaf_value=0.0037509360083947808 5.1539385813895792e-06 0.0010684875159301822 -0.00070481872671308572 0.0041420314165034082 -0.0025987501196817284 -0.0017685858621201871 0.0017207539279780637 -0.00029797610490344594 0.00026924662939909236 0.00058912930838697435 0.0016913606724553163 0.0017670679065864778 -0.00042729394850121564
leaf_weight=219 7953 191 641 295 191 374 974 215 129 399 154 214 120
leaf_count=219 7953 191 641 295 191 374 974 215 129 399 154 214 120
internal_value=4.8969e-05 -0.000538001 -0.00131642 0.000152071 -0.00195789 5.49815e-05 0.000124412 0.000825038 -0.00115404 0.00121776 0.000674283 0.00148687 0.000383703
internal_weight=12069 1791 1143 10278 832 9430 8927 648 503 848 553 433 311
internal_count=12069 1791 1143 10278 832 9430 8927 648 503 848 553 433 311
is_linear=0
shrinkage=0.025


Tree=302
num_leaves=14
num_cat=0
split_feature=35 35 31 3 36 36 17 13 4 33 11 26 41
split_gain=1.02617 1.90451 2.23381 2.15016 1.88226 2.78622 1.85313 1.74349 1.71607 1.39996 1.06176 0.786867 0.0702339
threshold=0.18487631529569629 0.12682235985994342 2.4717967510223393 0.10764149203896524 0.21670749038457873 0.31840151548385626 -0.0077010013628751031 -0.23421649634838101 0.35093422234058386 0.0013327066553756597 0.013126503676176073 0.032832406461238868 0.69766378402709972
decision_type=2 2 2 2 2 2 2 2 2 2 2 2 2
left_child=1 3 9 7 8 12 -7 -1 10 -3 -2 -5 -6
right_child=4 2 -4 11 5 6 -8 -9 -10 -11 -12 -13 -14
leaf_value=0.00022521400846263291 -0.00060227467977910765 -0.0012369620580245724 -0.0020985732580721824 0.0015029510299135922 0.0045319484597511174 -0.0012990521912619206 0.00038514882452947798 -0.00058724299621949012 -0.0017877304159228261 7.3293422200699849e-06 0.0011071428861376127 -3.8993755787656584e-05 0.0014516917614183541
leaf_weight=2083 191 685 166 1138 582 244 2580 2256 138 1160 292 402 177
leaf_count=2083 191 685 166 1138 582 244 2580 2256 138 1160 292 402 177
internal_value=4.16358e-05 -0.000125871 -0.00078931 0.000100484 0.00035727 0.000578665 0.000213415 -0.000183299 -0.000904553 -0.000530405 -0.000176742 0.000902104 0.00191918
internal_weight=12094 7890 2011 5879 4204 3583 2824 4339 621 1845 483 1540 759
internal_count=12094 7890 2011 5879 4204 3583 2824 4339 621 1845 483 1540 759
is_linear=0
shrinkage=0.025


Tree=303
num_leaves=5
num_cat=0
split_feature=31 16 5 46
split_gain=1.0703 0.991669 0.897714 1.55869
threshold=0.034507069736719138 0.012221025303006174 -0.46231107413768763 0.019258987158536914
decision_type=2 2 2 2
left_child=-1 -2 -3 -4
right_child=1 2 3 -5
leaf_value=-0.00047983380801390691 0.003449382773488309 0.0026417189013278543 -0.0012044373619023376 -1.3141966099557568e-05
leaf_weight=177 143 131 124 11461
leaf_count=177 143 131 124 11461
internal_value=-2.73025e-05 1.36978e-06 -2.3782e-05 -4.79939e-05
internal_weight=12036 11859 11716 11585
internal_count=12036 11859 11716 11585
is_linear=0
shrinkage=0.025


Tree=304
num_leaves=13
num_cat=0
split_feature=44 9 43 31 39 46 31 39 40 31 39 16
split_gain=1.01835 1.30666 2.38006 2.39868 1.95478 1.1832 1.67606 2.13776 1.28307 1.20734 1.14614 0.295031
threshold=0.025890424847602848 0.042881326749920852 0.050331844016909606 1.2729864120483401 1.3399474024772646 0.93360236287117015 2.3093971014022832 1.0696486830711367 0.94802120327949535 1.7173609137535097 1.0588727593421938 0.023419733159244064
decision_type=2 2 2 2 2 2 2 2 2 2 2 2
left_child=5 2 3 -2 -4 6 8 -8 -1 -7 -3 -12
right_child=1 10 4 -5 -6 9 7 -9 -10 -11 11 -13
leaf_value=0.0006238736134047822 -0.00020576924914846316 -0.00015915747543390142 0.00024738543415736986 -0.0032708699327167801 -0.0021558918170507635 -0.00079060177513344564 -0.0015284564009639509 0.00042515366294598847 -2.2632390190887219e-05 0.0027566419394417382 0.00051047303983253213 0.003133426927944077
leaf_weight=3976 450 239 1319 291 144 120 185 134 4477 298 196 219
leaf_count=3976 450 239 1319 291 144 120 185 134 4477 298 196 219
internal_value=8.82561e-05 -0.000322651 -0.000615097 -0.00176441 -2.46934e-05 0.00021683 0.000153669 -0.0016088 0.000221831 0.00151005 0.000650607 0.00144345
internal_weight=12048 2858 2204 741 1463 9190 8772 319 8453 418 654 415
internal_count=12048 2858 2204 741 1463 9190 8772 319 8453 418 654 415
is_linear=0
shrinkage=0.025


Tree=305
num_leaves=7
num_cat=0
split_feature=41 48 11 35 47 21
split_gain=1.11298 1.19494 1.03583 1.22731 0.952437 0.340666
threshold=0.059287043288350112 0.057776963338255889 0.037996152415871627 -0.12642512470483777 0.38114453852176672 56.928609848022468
decision_type=2 2 2 2 2 2
left_child=-1 4 3 -3 -2 -6
right_child=1 2 -4 -5 5 -7
leaf_value=-0.0004453173756607256 0.0033558760972157314 -0.00062696133040588233 0.0030385691347495137 2.7347066653625935e-05 -0.00042820468926549115 0.00064901804618904479
leaf_weight=128 267 572 130 10654 126 125
leaf_count=128 267 572 130 10654 126 125
internal_value=2.69635e-05 5.29296e-05 -3.29983e-07 -2.70456e-05 0.00122132 8.30079e-05
internal_weight=12002 11874 11356 11226 518 251
internal_count=12002 11874 11356 11226 518 251
is_linear=0
shrinkage=0.025


Tree=306
num_leaves=6
num_cat=0
split_feature=10 39 3 39 40
split_gain=1.28581 0.937075 1.00886 1.36507 1.10103
threshold=0.044873071834445007 0.10712066665291788 0.067125704139471068 1.0696486830711367 0.86464822292327892
decision_type=2 2 2 2 2
left_child=1 -1 3 -3 -4
right_child=-2 2 4 -5 -6
leaf_value=-0.0004960072742835797 0.0022736718947287218 -0.00030415374694517166 0.00098783249849078067 0.00016542998328893064 -1.2587048903622839e-05
leaf_weight=126 137 3317 2108 1609 4758
leaf_count=126 137 3317 2108 1609 4758
internal_value=2.5913e-06 -2.50565e-05 -1.16546e-06 -0.000274539 0.000194113
internal_weight=12055 11918 11792 4926 6866
internal_count=12055 11918 11792 4926 6866
is_linear=0
shrinkage=0.025


Tree=307
num_leaves=9
num_cat=0
split_feature=41 11 46 38 47 41 47 44
split_gain=1.07431 1.01773 2.08746 2.07326 1.05727 1.41458 1.26471 0.967043
threshold=0.059287043288350112 0.014403113164007665 0.16269258409738543 -0.092517293989658342 0.14343360066413882 0.69766378402709972 0.88646370172500621 0.015486516524106266
decision_type=2 2 2 2 2 2 2 2
left_child=-1 2 3 -2 5 -3 -6 -4
right_child=1 4 7 -5 6 -7 -8 -9
leaf_value=-0.00027456651628419033 -0.0022909865647420466 0.0030916152775793365 0.0013538216265980042 -9.3736973687147984e-05 -0.00023421160306157074 -2.3270230686898334e-05 0.00031417669881359704 0.0002135691725954665
leaf_weight=122 123 262 1364 471 6212 403 1252 1825
leaf_count=122 123 262 1364 471 6212 403 1252 1825
internal_value=1.27711e-05 3.76564e-05 0.000376518 -0.000974541 -0.000119406 0.000830224 -0.000205349 0.000631262
internal_weight=12034 11912 3783 594 8129 665 7464 3189
internal_count=12034 11912 3783 594 8129 665 7464 3189
is_linear=0
shrinkage=0.025


Tree=308
num_leaves=9
num_cat=0
split_feature=13 43 36 40 40 32 48 36
split_gain=0.982764 1.02258 1.35619 1.95169 1.09542 0.973336 1.46047 0.933158
threshold=-0.49232041835784907 -0.19608555734157559 0.32796934247016912 0.79087653756141674 0.76148080825805675 0.65210086107254039 0.81896552443504345 -0.029704597778618332
decision_type=2 2 2 2 2 2 2 2
left_child=-1 2 4 -4 -2 6 -3 -7
right_child=1 5 3 -5 -6 7 -8 -9
leaf_value=0.0025449216300135933 0.0016274905216242279 -0.00060599214935311773 -0.0026389565397224152 -0.00025480307846161487 -5.4412360291910334e-05 0.0010163561643283198 0.0010875373902248535 0.00012544834703917676
leaf_weight=166 165 703 122 835 1321 669 182 7883
leaf_count=166 165 703 122 835 1321 669 182 7883
internal_value=6.91852e-05 4.15441e-05 -0.000413092 -0.00114475 5.61704e-05 0.000160056 -0.000625 0.000242346
internal_weight=12046 11880 2443 957 1486 9437 885 8552
internal_count=12046 11880 2443 957 1486 9437 885 8552
is_linear=0
shrinkage=0.025


Tree=309
num_leaves=8
num_cat=0
split_feature=41 31 46 26 9 44 3
split_gain=0.908755 0.990942 1.87095 1.52032 1.06536 1.01387 0.902528
threshold=0.059287043288350112 2.3391754627227788 0.95286133885383617 0.040290730074048049 0.048331063240766532 0.028855149634182457 0.18620660901069644
decision_type=2 2 2 2 2 2 2
left_child=-1 4 3 -3 6 -4 -2
right_child=1 2 5 -5 -6 -7 -8
leaf_value=-0.00027796678052514445 -1.8359474906376518e-05 -0.0013723754276376084 0.002442556781808112 0.00043957417735175489 0.0022395536069974723 -0.00028847616722099228 0.00058619541348937563
leaf_weight=130 7130 678 198 160 185 223 3439
leaf_count=130 7130 678 198 160 185 223 3439
internal_value=4.74359e-05 7.08313e-05 -0.000590388 -0.00127372 0.000149061 0.000754108 0.000115023
internal_weight=12143 12013 1259 838 10754 421 10569
internal_count=12143 12013 1259 838 10754 421 10569
is_linear=0
shrinkage=0.025


Tree=310
num_leaves=15
num_cat=0
split_feature=39 11 40 47 41 38 29 33 9 40 10 26 40 43
split_gain=0.980921 2.51089 1.95227 3.21834 2.56125 1.3442 1.74651 1.47557 1.2855 1.47511 1.983 1.31771 0.414473 0.129399
threshold=1.0696486830711367 0.021962095983326439 0.98034101724624645 0.69589141011238109 0.79643496870994579 -0.066093079745769487 0.020133377984166149 -0.00070681591751053918 0.04146269895136357 1.299741864204407 0.021418794058263305 0.026223636232316497 1.103537976741791 0.23454902321100238
decision_type=2 2 2 2 2 2 2 2 2 2 2 2 2 2
left_child=1 5 3 -3 -4 6 -1 -7 9 11 -11 -2 -10 -14
right_child=8 2 4 -5 -6 7 -8 -9 12 10 -12 -13 13 -15
leaf_value=-0.0013029452992899867 0.00069495402214902373 0.0008215170769756739 -0.00063452387391259399 -0.0010228693514939817 -0.0033813587995411586 -0.00083495176072615634 0.00087775866937905985 3.065211417259088e-05 0.00056019717583599986 -5.388875799415221e-05 -0.0025549150874059831 -0.00023360255710857476 0.0048346273277840614 0.00035533688822886171
leaf_weight=154 1800 616 349 451 121 1126 1949 3089 173 380 123 1315 212 121
leaf_count=154 1800 616 349 451 121 1126 1949 3089 173 380 123 1315 212 121
internal_value=-1.7731e-06 -0.000166189 -0.00107085 -0.000467584 -0.00240789 5.35743e-05 0.000569853 -0.000202903 0.0003097 0.000141802 -0.00110482 0.000346555 0.00148483 0.00200074
internal_weight=11979 7855 1537 1067 470 6318 2103 4215 4124 3618 503 3115 506 333
internal_count=11979 7855 1537 1067 470 6318 2103 4215 4124 3618 503 3115 506 333
is_linear=0
shrinkage=0.025


Tree=311
num_leaves=9
num_cat=0
split_feature=30 28 16 16 34 47 26 29
split_gain=0.930303 0.93135 1.40118 1.61475 1.35113 0.798093 0.934596 0.0553654
threshold=-1.4521878361701963 0.42499999701976782 0.02408415358513594 0.022642872296273712 -0.085150595754384981 0.094827588647604003 0.039820475503802306 0.029842099174857143
decision_type=2 2 2 2 2 2 2 2
left_child=-1 5 3 -3 -4 7 -7 -2
right_child=1 2 4 -5 -6 6 -8 -9
leaf_value=0.0024256440407409911 0.00083886580536316206 -8.4362529419043398e-05 -0.00088479089629374017 -0.00080985723103147833 0.00075971985301122584 5.1834775495575327e-05 0.002017491186875929 0.0016167872910129869
leaf_weight=192 120 5326 218 1057 2360 2372 249 135
leaf_count=192 120 5326 218 1057 2360 2372 249 135
internal_value=6.57513e-05 3.68393e-05 -8.825e-05 -0.000287453 0.000402149 0.000428237 0.000293698 0.00175481
internal_weight=12029 11837 8961 6383 2578 2876 2621 255
internal_count=12029 11837 8961 6383 2578 2876 2621 255
is_linear=0
shrinkage=0.025


Tree=312
num_leaves=12
num_cat=0
split_feature=31 4 38 23 10 9 35 38 7 25 17
split_gain=0.88111 1.37053 1.14295 1.54607 1.40825 1.03205 1.53217 1.8956 1.27786 1.01818 1.09652
threshold=2.4081935882568364 0.7874000370502473 -0.011185207404196261 0.25662623345851904 0.023408789187669757 0.048331063240766532 -0.12315919995307921 -0.15258118510246274 -0.021624572575092312 6.1598646640777597 1.4175644516944887
decision_type=2 2 2 2 2 2 2 2 2 2 2
left_child=5 2 4 -4 -2 6 8 -8 -1 -3 -11
right_child=1 9 3 -5 -6 -7 7 -9 -10 10 -12
leaf_value=0.00016388617506831425 0.00091225158163848281 0.0018962938693602993 -0.0029005358377373496 -0.00021779740246725683 -0.001467061933612296 0.0021744742044553541 0.0030132117253366866 3.8250372298997263e-05 -0.00096866118718849788 0.00038625393639670771 -0.0012496785438426226
leaf_weight=127 192 132 162 127 152 194 494 9617 475 295 123
leaf_count=127 192 132 162 127 152 194 494 9617 475 295 123
internal_value=4.70237e-05 -0.000598695 -0.00138911 -0.00253827 -0.000383238 0.000117875 8.40876e-05 0.000157795 -0.00113468 0.000304054 -0.000292553
internal_weight=12090 1183 633 289 344 10907 10713 10111 602 550 418
internal_count=12090 1183 633 289 344 10907 10713 10111 602 550 418
is_linear=0
shrinkage=0.025


Tree=313
num_leaves=7
num_cat=0
split_feature=17 46 3 31 4 42
split_gain=0.976816 1.30184 1.62746 1.06126 0.886878 0.0781234
threshold=-0.36830811202526087 0.038517974317073829 0.0056478057522326717 0.034507069736719138 -0.12322313338518141 -0.014565470162779091
decision_type=2 2 2 2 2 2
left_child=5 2 -2 -3 -5 -1
right_child=1 3 -4 4 -6 -7
leaf_value=0.0028026083930231321 5.1413554497679154e-05 -0.0013083747846655354 -0.0029282719745822709 0.00045771274098639695 2.4726017514538373e-05 0.00063155336240210819
leaf_weight=139 140 140 120 1058 10301 138
leaf_count=139 140 140 120 1058 10301 138
internal_value=9.20813e-05 5.66347e-05 -0.00167453 9.70316e-05 0.000124626 0.00154699
internal_weight=12036 11759 260 11499 11359 277
internal_count=12036 11759 260 11499 11359 277
is_linear=0
shrinkage=0.025


Tree=314
num_leaves=6
num_cat=0
split_feature=13 45 36 35 31
split_gain=0.800445 1.17147 0.819061 2.47416 1.78723
threshold=-0.51446783542633046 0.019258987158536914 0.21995328366756442 0.13185491412878039 1.0760031938552859
decision_type=2 2 2 2 2
left_child=-1 -2 3 -3 -4
right_child=1 2 4 -5 -6
leaf_value=0.0027635947218384647 -0.001051501708010473 5.1889536925573227e-05 0.00070489145830838693 -0.00080463854846727972 -0.00013724378488046591
leaf_weight=126 153 3805 3170 1336 3474
leaf_count=126 153 3805 3170 1336 3474
internal_value=3.13821e-05 9.5245e-06 3.86981e-05 -0.000197483 0.000222402
internal_weight=12064 11938 11785 5141 6644
internal_count=12064 11938 11785 5141 6644
is_linear=0
shrinkage=0.025


Tree=315
num_leaves=8
num_cat=0
split_feature=41 47 45 17 8 10 37
split_gain=1.00519 1.07505 1.48513 1.00662 0.978919 2.08742 1.18453
threshold=0.059287043288350112 0.88646370172500621 0.99137932062149059 0.2873129695653916 0.039936961606144912 0.029981781728565696 0.018673998303711418
decision_type=2 2 2 2 2 2 2
left_child=-1 4 3 -3 6 -6 -2
right_child=1 2 -4 -5 5 -7 -8
leaf_value=-0.00028305219590632285 -9.0654696669631831e-05 0.0045242623605287798 -0.00098105642270922234 0.00027864065833229891 -0.0014751822890861749 0.00035981458269383109 0.00064773693112798938
leaf_weight=125 7805 268 132 935 268 443 2032
leaf_count=125 7805 268 132 935 268 443 2032
internal_value=2.19555e-05 4.63704e-05 0.000713619 0.000994412 -3.77854e-05 -0.000930517 2.65445e-05
internal_weight=12008 11883 1335 1203 10548 711 9837
internal_count=12008 11883 1335 1203 10548 711 9837
is_linear=0
shrinkage=0.025


Tree=316
num_leaves=13
num_cat=0
split_feature=33 38 24 10 34 16 40 35 35 5 41 35
split_gain=0.978902 2.14914 1.44107 2.443 1.49059 1.06401 1.0278 0.942232 1.4772 1.08535 0.661062 0.25305
threshold=-0.0027823220007121559 -0.18284156173467633 20.297837257385257 0.023828611709177498 0.018372288905084137 0.015149041544646026 0.78244343400001537 0.2033398970961571 0.35517708957195288 1.0205347537994387 0.63311776518821727 -0.11595639586448668
decision_type=2 2 2 2 2 2 2 2 2 2 2 2
left_child=1 11 4 -4 -3 6 -2 9 -9 -7 -8 -1
right_child=5 2 3 -5 -6 7 10 8 -10 -11 -12 -13
leaf_value=0.0003591185242953463 -0.00016084637190896746 -0.00027049587942065841 0.00016128230075653513 -0.0013422448078543865 -0.0016139048357740309 -2.3637858984519344e-06 0.0037822129519341965 0.0013110995430947443 -0.0004948538394776473 -0.0006519723969522403 0.00044165469638592992 0.0045385462339129906
leaf_weight=123 219 584 1597 464 290 4322 397 2129 841 521 368 195
leaf_count=123 219 584 1597 464 290 4322 397 2129 841 521 368 195
internal_value=2.85152e-05 -0.000341083 -0.000554847 -0.000189376 -0.00140358 0.000166013 0.00093908 6.73127e-05 0.000418067 -0.00014671 0.00137175 0.00159056
internal_weight=12050 3253 2935 2061 874 8797 984 7813 2970 4843 765 318
internal_count=12050 3253 2935 2061 874 8797 984 7813 2970 4843 765 318
is_linear=0
shrinkage=0.025


Tree=317
num_leaves=6
num_cat=0
split_feature=37 12 3 29 30
split_gain=0.805392 0.822236 1.27052 0.898042 0.866335
threshold=0.0071191173046827325 -0.39291308820247645 -0.28105714917182917 0.027929934673011306 -0.49255208671092982
decision_type=2 2 2 2 2
left_child=-1 -2 4 -4 -3
right_child=1 2 3 -5 -6
leaf_value=0.0027090268632627215 0.0022040220375323509 0.00016508479045584392 0.00051868118776627746 5.2483568078692736e-06 -0.00094253269310189645
leaf_weight=147 130 122 1105 10312 222
leaf_count=147 130 122 1105 10312 222
internal_value=7.37981e-05 5.0122e-05 2.73033e-05 7.32141e-05 -0.00145774
internal_weight=12038 11891 11761 11417 344
internal_count=12038 11891 11761 11417 344
is_linear=0
shrinkage=0.025


Tree=318
num_leaves=12
num_cat=0
split_feature=28 13 17 23 29 17 44 34 21 20 12
split_gain=1.16446 1.16383 1.17296 1.11067 1.07288 1.34006 1.06025 0.805631 0.573089 0.815446 0.573918
threshold=0.42499999701976782 -0.031595164909958832 1.3430367112159731 0.12714981287717822 0.039837205782532699 0.40644305944442755 0.03130674175918103 0.11624594032764436 52.494588851928718 0.3544952273368836 -0.1404175981879234
decision_type=2 2 2 2 2 2 2 2 2 2 2
left_child=7 2 3 -2 5 -3 -6 8 9 -1 -10
right_child=1 4 -4 -5 6 -7 -8 -9 10 -11 -12
leaf_value=7.3266534054489216e-05 -0.0004596579681538379 -0.0025181764408401877 -0.0016482984711336458 4.2049381865715938e-05 0.0010380920231784173 0.00026427156173057601 -0.0005733461018253257 -0.00075804602268560531 0.0016791938573174057 0.001833056689334406 0.00098883574829343457
leaf_weight=1965 2321 206 170 4143 1850 198 201 125 196 235 398
leaf_count=1965 2321 206 170 4143 1850 198 201 125 196 235 398
internal_value=8.43878e-05 -5.45689e-05 -0.000227256 -0.000171394 0.000409045 -0.00075489 0.000642631 0.000518553 0.0006087 0.000416667 0.00130008
internal_weight=12008 9089 6634 6464 2455 404 2051 2919 2794 2200 594
internal_count=12008 9089 6634 6464 2455 404 2051 2919 2794 2200 594
is_linear=0
shrinkage=0.025


Tree=319
num_leaves=7
num_cat=0
split_feature=42 29 5 46 24 41
split_gain=1.06706 1.12761 1.04491 1.03089 0.640918 0.244916
threshold=0.26414151489734655 0.095260854810476317 -0.46231107413768763 0.094827588647604003 25.794914245605472 0.43134327232837683
decision_type=2 2 2 2 2 2
left_child=1 2 -1 -4 -3 -6
right_child=-2 4 3 -5 5 -7
leaf_value=0.0029145355049221898 -0.0012910083736591899 -0.00023565338770174674 -0.00046072548636619709 7.6280240530611646e-06 0.0010145126516162648 0.004445084024400762
leaf_weight=147 231 123 849 10265 141 215
leaf_count=147 231 123 849 10265 141 215
internal_value=5.94949e-06 3.99107e-05 -1.03186e-05 -3.90097e-05 0.00122159 0.00175554
internal_weight=11971 11740 11261 11114 479 356
internal_count=11971 11740 11261 11114 479 356
is_linear=0
shrinkage=0.025


Tree=320
num_leaves=9
num_cat=0
split_feature=41 3 10 10 29 26 24 13
split_gain=0.976975 1.01979 1.3387 1.6158 0.863966 1.24604 0.784576 0.609347
threshold=0.84223756194114696 -0.11067358404397963 0.010116325691342356 0.016512106172740463 0.028763033449649814 0.019189310260117057 19.804020881652836 -0.18133119493722913
decision_type=2 2 2 2 2 2 2 2
left_child=1 2 -1 -4 6 -6 -3 -2
right_child=7 4 3 -5 5 -7 -8 -9
leaf_value=-0.0021670748775904631 0.0025181418765609057 0.0016977041994932496 0.00097961256903963674 -0.00046959613330917714 -0.00049498599570540732 0.00011412880255969084 4.816341328701013e-05 0.00016829172202015603
leaf_weight=147 191 432 528 1005 1831 7116 561 149
leaf_count=147 191 432 528 1005 1831 7116 561 149
internal_value=4.75346e-05 8.06461e-06 -0.000560089 -0.000332412 0.000104952 2.63908e-05 0.000802856 0.0013587
internal_weight=11960 11620 1680 1533 9940 8947 993 340
internal_count=11960 11620 1680 1533 9940 8947 993 340
is_linear=0
shrinkage=0.025


Tree=321
num_leaves=15
num_cat=0
split_feature=27 31 4 40 35 28 16 16 36 5 47 40 20 20
split_gain=0.855142 1.7057 1.66514 1.3988 1.50507 0.888587 1.29747 1.5906 1.45581 0.816905 0.769355 1.05994 0.328767 0.0954211
threshold=-0.0058482503518462172 0.81814804673194896 0.030258384533226493 0.86978447437286388 0.13185491412878039 0.42499999701976782 0.024139283224940303 0.022642872296273712 0.14181652665138247 -0.022551094181835648 0.19057226926088336 0.77559348940849315 0.025427171960473064 0.13920184969902041
decision_type=2 2 2 2 2 2 2 2 2 2 2 2 2 2
left_child=1 2 9 -3 -5 10 7 -7 -8 -1 12 -12 -2 -4
right_child=5 3 13 4 -6 6 8 -9 -10 -11 11 -13 -14 -15
leaf_value=-0.0010666782381624676 0.00055629174155857864 0.00048435704571478112 0.0016219866402167251 -0.00024638924913487442 -0.0020164266638985312 7.882490587122374e-07 -0.00058843618654477097 -0.00076212383910641713 0.0013382880439334794 2.8826050466881093e-05 -0.00082364959086704157 0.00035422031861762293 0.0021944100174923734 0.0037483002343802634
leaf_weight=121 297 140 170 171 293 5054 404 1034 1831 136 284 1770 188 138
leaf_count=121 297 140 170 171 293 5054 404 1034 1831 136 284 1770 188 138
internal_value=6.82329e-05 -0.000571763 0.000405702 -0.0014922 -0.00215085 0.000137918 1.21579e-05 -0.000176227 0.000527344 -0.00105439 0.000546875 0.00032965 0.00144133 0.00164137
internal_weight=12031 1169 565 604 464 10862 8323 6088 2235 257 2539 2054 485 308
internal_count=12031 1169 565 604 464 10862 8323 6088 2235 257 2539 2054 485 308
is_linear=0
shrinkage=0.025


Tree=322
num_leaves=12
num_cat=0
split_feature=38 4 40 40 17 29 31 30 3 44 47
split_gain=0.943823 1.17236 1.64498 3.28275 1.55966 1.53614 1.14473 0.848903 0.766863 1.96381 0.936981
threshold=-0.019290159456431862 0.20954451709985736 0.79955479502677929 0.9618208408355714 -0.32650528848171229 0.085557691752910628 2.4081935882568364 -1.5510051846504209 0.030908269807696346 0.028715422376990322 0.90517240762710582
decision_type=2 2 2 2 2 2 2 2 2 2 2
left_child=7 4 6 -4 -2 -6 -3 -1 10 -10 -9
right_child=1 2 3 -5 5 -7 -8 8 9 -11 -12
leaf_value=0.0035603490802698827 0.003021023562329769 0.0020925086688426669 -0.0013210683563381167 0.00026132845018832885 -0.000381741480474206 -0.0030169304887083513 -0.00085660550671849071 -0.00010251040704922114 0.00084734763559056014 -0.00033417792611438885 0.00060044500915470598
leaf_weight=131 130 503 805 1411 1398 155 121 3202 3205 748 239
leaf_count=131 130 503 805 1411 1398 155 121 3202 3205 748 239
internal_value=4.46985e-05 -0.000239896 6.8102e-05 -0.000249325 -0.000761996 -0.00098604 0.00119833 0.000216634 0.000179585 0.000417193 -9.1773e-05
internal_weight=12048 4523 2840 2216 1683 1553 624 7525 7394 3953 3441
internal_count=12048 4523 2840 2216 1683 1553 624 7525 7394 3953 3441
is_linear=0
shrinkage=0.025


Tree=323
num_leaves=9
num_cat=0
split_feature=13 3 36 41 36 29 29 35
split_gain=1.08337 1.05075 1.7404 1.43464 1.22915 1.17786 3.18981 1.03364
threshold=-0.49232041835784907 0.10764149203896524 0.32796934247016912 0.77405995130538952 0.23604474961757663 0.087558418512344374 0.094360750168561949 0.12548054009675982
decision_type=2 2 2 2 2 2 2 2
left_child=-1 2 4 -4 -2 7 -7 -3
right_child=1 5 3 -5 -6 6 -8 -9
leaf_value=0.0021728698573865979 -8.4497693962721246e-05 0.0011652489473222005 -0.00067986562482001537 0.0007500523240140984 0.00094032869147788866 -0.0015916656966842172 0.00021349992854189268 0.00011246900269524805
leaf_weight=168 3396 1129 1125 301 955 326 1232 3469
leaf_count=168 3396 1129 1125 301 955 326 1232 3469
internal_value=-5.4724e-06 -3.44487e-05 -0.000276937 -0.00103337 -2.66872e-05 0.000192136 -0.000399072 0.000394037
internal_weight=12101 11933 5777 1426 4351 6156 1558 4598
internal_count=12101 11933 5777 1426 4351 6156 1558 4598
is_linear=0
shrinkage=0.025


Tree=324
num_leaves=8
num_cat=0
split_feature=45 4 12 2 12 44 13
split_gain=0.853533 1.76736 1.01424 0.873883 1.32544 2.04689 0.93895
threshold=0.038517974317073829 -0.17725949734449384 -0.20539487153291699 -0.2389637008309364 -0.29268248379230494 0.023577143438160423 -0.23421649634838101
decision_type=2 2 2 2 2 2 2
left_child=1 2 -1 -2 5 -5 -6
right_child=3 -3 -4 4 6 -7 -8
leaf_value=-0.00017896965308708058 0.0014342689192622686 -0.0021574095009583758 0.0011343796170191934 -0.0029783624920292511 0.00038402501321297214 3.9439183656075509e-05 1.2949050700098065e-05
leaf_weight=120 224 121 141 136 2111 188 8977
leaf_count=120 224 121 141 136 2111 188 8977
internal_value=8.43176e-05 -0.00106912 7.98873e-05 0.000123164 9.18587e-05 -0.00147036 0.000138714
internal_weight=12018 382 261 11636 11412 324 11088
internal_count=12018 382 261 11636 11412 324 11088
is_linear=0
shrinkage=0.025


Tree=325
num_leaves=5
num_cat=0
split_feature=22 13 31 29
split_gain=0.879046 0.80075 0.93789 1.195
threshold=1.1596739292144778 -0.51446783542633046 0.023493722081184391 0.027929934673011306
decision_type=2 2 2 2
left_child=1 -1 -3 -4
right_child=-2 2 3 -5
leaf_value=0.0023402875919644258 -0.0010444858678292485 -0.00055929294982976603 0.00059614311937923961 -1.2418666392519395e-05
leaf_weight=128 228 121 1067 10489
leaf_count=128 228 121 1067 10489
internal_value=2.29483e-05 5.34506e-05 3.09237e-05 5.4818e-05
internal_weight=12033 11805 11677 11556
internal_count=12033 11805 11677 11556
is_linear=0
shrinkage=0.025


Tree=326
num_leaves=8
num_cat=0
split_feature=13 45 4 23 46 13 11
split_gain=1.19043 0.890729 1.16941 1.36665 0.985478 2.40251 1.33356
threshold=-0.51446783542633046 0.057776963338255889 -0.12322313338518141 0.17822903394699099 0.10491563007235528 -0.22485066205263135 0.014403113164007665
decision_type=2 2 2 2 2 2 2
left_child=-1 2 3 -2 5 -3 -6
right_child=1 4 -4 -5 6 -7 -8
leaf_value=0.0024676018139593234 0.00035886439587935574 0.00021039678809052351 -0.0012994516156559011 -0.00065951721485475365 0.00058899881177774331 -0.0019313699473199289 -2.6049903299073203e-05
leaf_weight=132 220 523 184 133 3366 355 7089
leaf_count=132 220 523 184 133 3366 355 7089
internal_value=4.57026e-05 1.84211e-05 -0.000970941 -0.000101257 6.62596e-05 -0.000734711 0.000134441
internal_weight=12002 11870 537 353 11333 878 10455
internal_count=12002 11870 537 353 11333 878 10455
is_linear=0
shrinkage=0.025


Tree=327
num_leaves=13
num_cat=0
split_feature=24 37 26 29 28 38 26 11 11 35 13 39
split_gain=0.777609 1.33664 1.50226 1.48078 1.45466 1.16147 0.748164 0.697276 1.08479 1.11703 0.844078 0.31304
threshold=20.921958923339847 0.022662520408630375 0.030030595138669017 0.027929934673011306 0.62500000000000011 -0.10677763819694518 0.012395139783620836 0.031646994873881347 0.022410891950130466 0.16668710857629779 -0.27696114778518671 1.2540082931518557
decision_type=2 2 2 2 2 2 2 2 2 2 2 2
left_child=1 3 -3 6 -5 -4 -1 8 10 -10 -2 -9
right_child=7 2 5 4 -6 -7 -8 11 9 -11 -12 -13
leaf_value=-9.8974776053620785e-05 0.00087852364290678042 0.0056020993370102246 0.0014527581502412948 -0.00033539401052159513 -0.0020211521913224332 -0.0016733187009653169 0.00066567683722510362 0.00010676695687298903 -0.00066411827974801132 0.00065873672263712401 0.00017710797421976887 0.004164249724687953
leaf_weight=153 640 252 190 2340 150 129 408 158 1010 432 6033 150
leaf_count=153 640 252 190 2340 150 129 408 158 1010 432 6033 150
internal_value=0.000108403 -0.000196788 0.000904948 -0.000406168 -0.000668838 -0.000219907 0.000744258 0.000240419 0.000194735 -0.000424153 0.000329627 0.00140176
internal_weight=12045 3622 571 3051 2490 319 561 8423 8115 1442 6673 308
internal_count=12045 3622 571 3051 2490 319 561 8423 8115 1442 6673 308
is_linear=0
shrinkage=0.025


Tree=328
num_leaves=14
num_cat=0
split_feature=28 43 40 24 41 9 36 29 47 47 36 7 36
split_gain=0.84835 1.10503 1.23734 2.72964 1.41271 1.22763 2.44721 1.55954 0.735668 1.60413 0.948975 0.443339 0.376518
threshold=0.42499999701976782 -0.024101379327476021 0.94802120327949535 16.257797241210941 0.48640666902065283 0.032490804791450507 0.48465976119041448 0.039241159334778793 0.27622890472412115 0.33400586247444158 -0.0404423139989376 0.011180891189724209 -0.0028331945650279518
decision_type=2 2 2 2 2 2 2 2 2 2 2 2 2
left_child=8 2 4 -4 -2 7 -7 -3 11 -10 -11 12 -1
right_child=1 5 3 -5 -6 6 -8 -9 9 10 -12 -13 -14
leaf_value=8.9519852465472298e-05 -0.00072157918405070032 -0.00033536954834565883 -0.0016203104070424792 -0.00033633875378641219 0.00078456297871728824 3.1183984550300434e-05 -0.0036617307308664127 0.0010355962090166505 -0.001463131044670239 0.0028043397894500807 3.7161578793697234e-05 -3.2171065205035254e-05 0.0014285409164220334
leaf_weight=124 350 949 303 1951 1251 1357 288 2679 162 243 1666 149 548
leaf_count=124 350 949 303 1951 1251 1357 288 2679 162 243 1666 149 548
internal_value=4.93764e-05 -6.82962e-05 -0.00039022 -0.000767486 0.000137765 0.000166019 -0.000397727 0.000423548 0.00042242 0.000166787 0.000374216 0.00105478 0.00132755
internal_weight=12020 9128 3855 2254 1601 5273 1645 3628 2892 2071 1909 821 672
internal_count=12020 9128 3855 2254 1601 5273 1645 3628 2892 2071 1909 821 672
is_linear=0
shrinkage=0.025


Tree=329
num_leaves=6
num_cat=0
split_feature=37 31 36 5 40
split_gain=0.938963 0.765883 0.894445 0.940082 0.808057
threshold=0.0071191173046827325 0.023493722081184391 -0.080900985747575746 -0.25019858777523035 0.83518108725547802
decision_type=2 2 2 2 2
left_child=-1 -2 4 -4 -3
right_child=1 2 3 -5 -6
leaf_value=0.0027234395744750177 -0.00060023935673792753 -0.00016647559110924483 0.00076494884686643103 -1.3856095274291011e-05 0.0028264377153371122
leaf_weight=144 129 128 511 10773 363
leaf_count=144 129 128 511 10773 363
internal_value=6.54402e-05 4.02008e-05 6.20756e-05 1.58341e-05 0.00110131
internal_weight=12048 11904 11775 11284 491
internal_count=12048 11904 11775 11284 491
is_linear=0
shrinkage=0.025


Tree=330
num_leaves=8
num_cat=0
split_feature=13 46 14 16 17 34 48
split_gain=0.967588 0.935694 2.99582 1.65973 1.08124 0.880588 0.242033
threshold=-0.51446783542633046 0.077035948634147658 0.68534484505653392 0.016855205409228805 -0.23439563065767285 0.14085444808006289 0.65737342834472667
decision_type=2 2 2 2 2 2 2
left_child=-1 2 3 -2 6 -6 -3
right_child=1 4 -4 -5 5 -7 -8
leaf_value=0.0024143703369859729 -0.0014302004886076443 0.0052552527365273723 -0.0023866576495067387 0.0001869252988101095 -3.2002509676327743e-05 0.00066194453741486177 0.0015663230657973208
leaf_weight=142 121 156 124 503 9237 1672 126
leaf_count=142 121 156 124 503 9237 1672 126
internal_value=1.62379e-05 -8.05835e-06 -0.000861554 -0.000133148 4.87898e-05 8.36091e-06 0.00156359
internal_weight=12081 11939 748 624 11191 10909 282
internal_count=12081 11939 748 624 11191 10909 282
is_linear=0
shrinkage=0.025


Tree=331
num_leaves=12
num_cat=0
split_feature=38 34 40 9 41 41 41 6 34 24 31
split_gain=0.898736 3.21059 1.24892 2.697 1.16656 1.27925 1.1099 0.91626 0.899715 0.507265 0.334955
threshold=-0.160966582596302 -0.042106898501515382 0.74069702625274669 0.023486243560910228 0.78020307421684276 0.82717937231063854 0.17027907818555835 0.065139401704072966 -0.054585028439760201 16.920052528381351 0.38321316242218023
decision_type=2 2 2 2 2 2 2 2 2 2 2
left_child=4 7 3 -3 9 -6 -4 8 -2 -1 -11
right_child=1 2 6 -5 5 -7 -8 -9 -10 10 -12
leaf_value=-1.289447993408905e-05 -9.3989026257615884e-05 -0.0012518784538252594 -0.0018018350004201126 0.00039568693985583939 -0.0016100621808413232 0.0015884870781313013 0.00014176453366902906 -0.0014733572498106433 -0.001728261036925036 0.00014478130175025203 0.0026726209357587644
leaf_weight=122 598 831 121 646 213 142 8413 190 282 159 421
leaf_count=122 598 831 121 646 213 142 8413 190 282 159 421
internal_value=2.17204e-05 -4.43126e-05 9.44739e-05 -0.000574393 0.000716808 -0.000434028 0.000211237 -0.00134302 -0.000981638 0.00130658 0.00161325
internal_weight=12138 11081 10011 1477 1057 355 8534 1070 880 702 580
internal_count=12138 11081 10011 1477 1057 355 8534 1070 880 702 580
is_linear=0
shrinkage=0.025


Tree=332
num_leaves=10
num_cat=0
split_feature=47 45 48 45 45 48 41 47 45
split_gain=0.952 1.59612 1.27411 1.15878 0.947993 0.76716 0.696689 0.564575 0.490616
threshold=0.88646370172500621 0.99137932062149059 0.057776963338255889 0.97212031483650219 0.057776963338255889 0.1241746135056019 0.50091415643692028 0.16269258409738543 0.61023476719856273
decision_type=2 2 2 2 2 2 2 2 2
left_child=2 5 7 4 -4 -2 -7 -1 -9
right_child=1 -3 3 -5 -6 6 -8 8 -10
leaf_value=0.0026825785027805166 -0.00019292492069362008 -0.00085853664771519368 -0.00043421341943571573 0.0013963892089619515 -5.0651143332233533e-05 0.002912420534094779 0.00037126857284659054 -0.00053601256374151678 0.0014234171739177306
leaf_weight=206 200 141 511 163 9459 523 526 132 148
leaf_count=206 200 141 511 163 9459 523 526 132 148
internal_value=2.63235e-05 0.000640681 -5.37697e-05 -0.000114544 -0.000149749 0.000930024 0.00120138 0.0011889 0.000416667
internal_weight=12009 1390 10619 10133 9970 1249 1049 486 280
internal_count=12009 1390 10619 10133 9970 1249 1049 486 280
is_linear=0
shrinkage=0.025


Tree=333
num_leaves=14
num_cat=0
split_feature=28 34 9 23 38 44 48 6 19 0 11 23 18
split_gain=0.918506 1.07664 1.62519 1.91737 1.32016 1.49291 1.43938 0.682285 0.670042 0.791542 0.558912 0.54272 0.525585
threshold=0.42499999701976782 0.14085444808006289 0.025962841697037223 0.14096402376890185 -0.027401291765272614 0.028855149634182457 0.3706896454095841 0.068921152502298369 -0.016125151887536045 -0.0038771760882809754 0.016877617686986927 0.17911502718925479 -0.063958033919334398
decision_type=2 2 2 2 2 2 2 2 2 2 2 2 2
left_child=7 4 11 -4 5 -2 -6 8 9 -1 -10 -3 -9
right_child=1 2 3 -5 6 -7 -8 12 10 -11 -12 -13 -14
leaf_value=-9.6571414123164357e-05 0.00027000327757324656 0.0012798115659039117 -0.00090271456993939103 0.00035209189274375318 -0.0011937773332570515 -0.00031654380713505125 -0.00014995160601372938 0.00044028537500788152 0.0015617355389721578 0.0005817549325095794 0.00030684051679237101 0.0043546144859878799 -0.00073072396098453269
leaf_weight=898 3861 260 180 1012 1082 653 1801 123 532 773 416 329 143
leaf_count=898 3861 260 180 1012 1082 653 1801 123 532 773 416 329 143
internal_value=4.56787e-05 -7.60916e-05 0.000473824 -5.32581e-05 -0.000209572 5.61519e-05 -0.000627164 0.000434689 0.000558784 0.000251343 0.00108998 0.00154251 -0.000751845
internal_weight=12063 9178 1781 1192 7397 4514 2883 2885 2619 1671 948 589 266
internal_count=12063 9178 1781 1192 7397 4514 2883 2885 2619 1671 948 589 266
is_linear=0
shrinkage=0.025


Tree=334
num_leaves=11
num_cat=0
split_feature=35 39 41 35 36 36 35 41 40 45
split_gain=1.23236 2.36061 1.70066 1.66984 2.14326 2.05071 1.37808 2.2255 1.45935 1.03553
threshold=0.41086395084857946 0.86850675940513622 0.65984201431274425 0.20559851080179217 0.12280745804309846 0.32430498301982885 0.13048100471496585 0.7381645441055299 0.76724120974540722 0.73275861144065868
decision_type=2 2 2 2 2 2 2 2 2 2
left_child=3 -2 -3 6 9 -6 8 -8 -1 -5
right_child=1 2 -4 4 5 -7 7 -9 -10 -11
leaf_value=-0.00055974563067253574 0.0015459145481687715 -0.0038805971748225193 -0.00021123838499433387 -9.5732985433221918e-05 0.0025403355423519614 0.00047861472490958406 -0.00081298857230550415 0.00083780809911922552 0.0001431310769629385 -0.0015944401462328695
leaf_weight=1074 178 171 178 236 811 2156 1844 361 4920 122
leaf_count=1074 178 171 178 236 811 2156 1844 361 4920 122
internal_value=4.53095e-05 -0.00113017 -0.00231992 0.000100074 0.000572448 0.000794499 -9.09616e-05 -0.000625 0.000104809 -0.00123623
internal_weight=12051 527 349 11524 3325 2967 8199 2205 5994 358
internal_count=12051 527 349 11524 3325 2967 8199 2205 5994 358
is_linear=0
shrinkage=0.025


Tree=335
num_leaves=8
num_cat=0
split_feature=37 29 46 29 29 48 37
split_gain=0.80402 0.710573 1.09048 1.03659 2.31088 1.32783 0.252179
threshold=0.0071191173046827325 0.095260854810476317 0.91434335708618175 0.088954497128725066 0.094360750168561949 0.057776963338255889 0.018548030406236652
decision_type=2 2 2 2 2 2 2
left_child=-1 3 6 5 -5 -2 -3
right_child=1 2 -4 4 -6 -7 -8
leaf_value=0.0023294701892103398 0.001191665948927442 0.0034242217613258451 -0.00055497397629552083 -0.0013745751514647674 8.8528718590891313e-09 1.0843498123849161e-05 0.0014211057548076107
leaf_weight=147 508 273 131 413 1164 9303 168
leaf_count=147 508 273 131 413 1164 9303 168
internal_value=7.52354e-05 5.17134e-05 0.000907712 7.78996e-06 -0.000585493 0.000104039 0.00150504
internal_weight=12107 11960 572 11388 1577 9811 441
internal_count=12107 11960 572 11388 1577 9811 441
is_linear=0
shrinkage=0.025


Tree=336
num_leaves=9
num_cat=0
split_feature=13 36 35 29 37 31 13 4
split_gain=0.77314 0.879321 2.44449 2.95141 2.10504 1.44878 1.70582 1.54942
threshold=-0.49232041835784907 0.20684999227523806 0.12934804707765582 0.084916587918996825 0.0089768590405583399 1.1449682116508486 -0.29083099961280817 0.4632741659879685
decision_type=2 2 2 2 2 2 2 2
left_child=-1 2 4 -4 -2 6 -3 -7
right_child=1 5 3 -5 -6 7 -8 -9
leaf_value=0.002170302852121807 0.0018281977053563672 -0.00035192694845221631 -0.0003074052713914498 -0.0028837197495848788 -9.3242563534948794e-05 -0.00062484807551386275 0.00081165421230804536 8.6762130248949342e-05
leaf_weight=171 692 427 1060 229 2881 987 3189 2380
leaf_count=171 692 427 1060 229 2881 987 3189 2380
internal_value=3.81625e-05 1.31857e-05 -0.000244247 -0.00117562 9.11823e-05 0.000193367 0.000540942 -0.000178307
internal_weight=12016 11845 4862 1289 3573 6983 3616 3367
internal_count=12016 11845 4862 1289 3573 6983 3616 3367
is_linear=0
shrinkage=0.025


Tree=337
num_leaves=15
num_cat=0
split_feature=16 9 16 34 37 36 36 35 34 25 36 35 40 44
split_gain=0.861385 1.90287 1.59466 2.29268 3.97147 1.84061 1.51576 1.32755 1.27907 1.2262 0.931086 0.899396 1.17906 1.12312
threshold=0.02408415358513594 0.027076496742665771 0.022642872296273712 0.12971211224794391 0.016711207106709484 0.46494646370410925 0.23884811252355578 -0.0017152473446913061 0.12195472791790964 0.69093182682991039 0.23757700622081759 0.34960561990737921 1.1366943717002871 0.021350491791963581
decision_type=2 2 2 2 2 2 2 2 2 2 2 2 2 2
left_child=2 8 5 7 -5 6 -1 -4 10 -7 -2 13 -13 -3
right_child=1 11 3 4 -6 9 -8 -9 -10 -11 -12 12 -14 -15
leaf_value=-9.0532209917895885e-05 -0.00021041637813572542 -0.00057536323037247724 0.00059363183870927343 -0.0027198050681272292 0.001838653673389222 -2.3205796177458579e-05 0.00051281208066403076 -0.00085085774737764404 0.0049701609031432298 -0.0022189472400240538 0.001840056151152983 -0.0015053468912675459 0.001023217674777188 0.00039922131325685265
leaf_weight=3936 391 378 506 195 121 217 2837 589 425 229 525 421 139 1200
leaf_count=3936 391 378 506 195 121 217 2837 589 425 229 525 421 139 1200
internal_value=2.40425e-05 0.000356272 -0.000109293 -0.000876589 -0.00273754 4.03171e-05 0.000144032 -0.000323864 0.00109305 -0.00150499 0.000552389 -0.00010441 -0.000962389 0.0001982
internal_weight=12109 3479 8630 1411 316 7219 6773 1095 1341 446 916 2138 560 1578
internal_count=12109 3479 8630 1411 316 7219 6773 1095 1341 446 916 2138 560 1578
is_linear=0
shrinkage=0.025


Tree=338
num_leaves=10
num_cat=0
split_feature=47 17 45 31 43 20 20 36 46
split_gain=0.8851 1.11824 0.884186 0.95452 3.52782 1.16785 0.620123 1.4206 0.390405
threshold=0.88646370172500621 1.3022539615631106 0.97212031483650219 2.1967362165451054 0.012207318563014271 0.36190459132194525 0.33701261878013616 0.22854358702898028 0.62931033968925487
decision_type=2 2 2 2 2 2 2 2 2
left_child=2 6 3 5 -5 -1 8 -8 -2
right_child=1 -3 -4 4 -6 -7 7 -9 -10
leaf_value=-4.0377813542528601e-05 0.0010279893191954832 -0.000528301722918855 0.0013475234965998598 -0.0028225892869567096 -0.00014360958100286043 0.0010223443950349664 -0.0014174490216261623 0.00090169336120132521 0.0024167286846226137
leaf_weight=7906 328 145 176 136 847 1623 168 461 255
leaf_count=7906 328 145 176 136 847 1623 168 461 255
internal_value=5.03113e-05 0.000650698 -2.56008e-05 -5.59807e-05 -0.000795799 2.00599e-05 0.000902835 0.000341088 0.00149022
internal_weight=12045 1357 10688 10512 983 9529 1212 629 583
internal_count=12045 1357 10688 10512 983 9529 1212 629 583
is_linear=0
shrinkage=0.025


Tree=339
num_leaves=15
num_cat=0
split_feature=28 36 17 4 36 35 16 31 17 43 3 36 22 39
split_gain=1.22023 1.13884 1.65319 2.32908 1.24059 2.61587 1.66076 0.900083 1.23806 1.39152 1.20914 1.16958 0.608644 0.462608
threshold=0.42499999701976782 0.21456083655357364 0.90904042124748241 0.38371863961219793 0.32796934247016912 0.19217287003993991 0.027128291316330436 0.91824060678482067 0.71709588170051586 -0.13685614615678784 -0.044913578778505318 0.31734605133533483 0.32493399083614355 0.79340475797653209
decision_type=2 2 2 2 2 2 2 2 2 2 2 2 2 2
left_child=7 2 3 -2 5 -3 -6 10 11 -10 12 -9 -1 -12
right_child=1 4 -4 -5 6 -7 -8 8 9 -11 13 -13 -14 -15
leaf_value=-0.0001052665657739387 -0.00028179556404074759 -1.3032366755637824e-05 0.001286128380793771 -0.0012363932635007266 -0.00032487290494078081 0.0023880721254949892 0.0011336722857511825 9.3746466441448013e-06 -0.0024474206862847032 0.00090046745300176106 0.0011805293218138005 -0.002730366771187685 0.0006951601516072695 0.002014100098107376
leaf_weight=578 2893 1302 325 380 2498 794 934 162 127 676 246 140 358 618
leaf_count=578 2893 1302 325 380 2498 794 934 162 127 676 246 140 358 618
internal_value=3.70764e-05 -0.000104452 -0.000450666 -0.000621187 0.000119962 0.00059912 -0.000171298 0.000483248 -7.31981e-05 0.000434715 0.000827562 -0.00142915 0.000195271 0.00150029
internal_weight=12031 9126 3598 3273 5528 2096 3432 2905 1105 803 1800 302 936 864
internal_count=12031 9126 3598 3273 5528 2096 3432 2905 1105 803 1800 302 936 864
is_linear=0
shrinkage=0.025


Tree=340
num_leaves=12
num_cat=0
split_feature=29 45 47 40 48 39 35 3 48 35 5
split_gain=1.17633 1.11554 1.00839 1.59979 1.68027 1.30992 2.7848 2.13444 0.950776 0.61233 0.673656
threshold=0.095197182148695006 0.97212031483650219 0.27622890472412115 0.94204980134964 0.50531914830207836 0.81428316235542308 0.434720128774643 0.21424667537212375 0.077035948634147658 0.2033398970961571 0.8107334077358247
decision_type=2 2 2 2 2 2 2 2 2 2 2
left_child=2 9 3 8 -5 7 -7 -4 -1 10 -2
right_child=1 -3 5 4 -6 6 -8 -9 -10 -11 -12
leaf_value=0.0020717952321928821 0.0023750368284917792 -0.00047015921961797175 -0.0012553905597286598 -0.00071109122154277844 0.0011952468860959775 4.1789693671584768e-05 -0.0035500631721571995 5.7889692072620601e-05 0.00065855576906444094 0.0035643195776146781 -0.00075283511304168667
leaf_weight=364 237 131 812 771 420 6136 176 798 1885 271 120
leaf_count=364 237 131 812 771 420 6136 176 798 1885 271 120
internal_value=5.32947e-05 0.00100295 -1.00069e-05 0.000346517 -0.000389841 -0.000165731 -2.17657e-06 -0.000801083 0.000739241 0.00144352 0.000721685
internal_weight=12121 759 11362 3440 1191 7922 6312 1610 2249 628 357
internal_count=12121 759 11362 3440 1191 7922 6312 1610 2249 628 357
is_linear=0
shrinkage=0.025


Tree=341
num_leaves=12
num_cat=0
split_feature=6 28 26 11 9 40 46 33 33 37 39
split_gain=1.05727 1.11671 1.20351 1.10711 1.01655 1.01342 1.30876 0.978395 1.15727 0.812722 0.594274
threshold=0.071677345782518401 0.42499999701976782 0.020621479488909248 0.023422298021614555 0.027076496742665771 1.2297810316085818 0.73275861144065868 -0.022715432569384571 -0.001294072833843529 0.014525401871651413 0.99188268184661876
decision_type=2 2 2 2 2 2 2 2 2 2 2
left_child=1 5 3 -3 -4 10 -7 -2 -9 -10 -1
right_child=7 2 4 -5 -6 6 -8 8 9 -11 -12
leaf_value=0.0001614152750846078 0.0017962813981686554 -0.00017629443515722372 0.00071539549868892519 -0.001898198541085039 -9.7416308055984151e-06 -0.0010326044306422655 0.00077011546614833622 -0.0019348950321362982 0.00051878560274965847 -0.00058378107961549802 0.00099799953407293872
leaf_weight=1364 208 2877 1948 121 3453 223 121 189 191 387 966
leaf_count=1364 208 2877 1948 121 3453 223 121 189 191 387 966
internal_value=6.54402e-05 0.000135516 -5.50324e-06 -0.000407509 0.000216658 0.000579974 -0.000669771 -0.000720663 -0.00113504 -0.000555317 0.000768201
internal_weight=12048 11073 8399 2998 5401 2674 344 975 767 578 2330
internal_count=12048 11073 8399 2998 5401 2674 344 975 767 578 2330
is_linear=0
shrinkage=0.025


Tree=342
num_leaves=13
num_cat=0
split_feature=33 38 0 13 40 38 34 16 3 27 46 25
split_gain=0.786196 1.595 1.44959 1.8545 0.891582 0.846216 1.21308 1.80348 1.03187 1.48406 1.26784 0.31129
threshold=-0.0027823220007121559 -0.18284156173467633 0.0069879686925560245 -0.065166216343641267 1.0438672304153445 -0.00059619295643642534 0.047411743551492698 0.024560993537306789 0.10223662853240968 -0.0040834103710949412 0.69589141011238109 -5.2676019668579093
decision_type=2 2 2 2 2 2 2 2 2 2 2 2
left_child=1 11 4 -4 -3 8 -7 -8 10 -10 -2 -1
right_child=5 2 3 -5 -6 6 7 -9 9 -11 -12 -13
leaf_value=0.0015433682032840194 0.00013136768242234052 8.3616304519651757e-05 -0.0024819244939207259 5.6110608310979879e-05 -0.00038598370009770562 -0.0023802111632742423 -0.00052044455152509817 0.0011856433136416056 -0.0007344986294278269 0.00097656163399167581 -0.00047194818047697953 0.0040846948936164055
leaf_weight=182 2717 1554 300 233 854 185 1542 868 321 2424 763 126
leaf_count=182 2717 1554 300 233 854 185 1542 868 321 2424 763 126
internal_value=4.06867e-05 -0.000290796 -0.00047225 -0.0016473 -0.000206693 0.000163598 -0.000213942 -5.95237e-05 0.000322031 0.000684091 3.40747e-05 0.00140176
internal_weight=12069 3249 2941 533 2408 8820 2595 2410 6225 2745 3480 308
internal_count=12069 3249 2941 533 2408 8820 2595 2410 6225 2745 3480 308
is_linear=0
shrinkage=0.025


Tree=343
num_leaves=15
num_cat=0
split_feature=39 11 40 35 47 40 48 38 47 11 37 14 35 31
split_gain=0.917351 1.08937 2.2027 3.72429 1.91776 1.14683 2.54097 1.24669 0.98536 1.27428 1.73674 0.787044 0.66312 0.423797
threshold=1.105116665363312 0.022216049022972587 0.98034101724624645 0.064815994352102294 0.69589141011238109 0.71992748975753795 0.057776963338255889 -0.018733770586550232 0.48606015741825109 0.021615372039377693 0.015291549265384676 0.91434335708618175 0.27143506705760961 0.8807472586631776
decision_type=2 2 2 2 2 2 2 2 2 2 2 2 2 2
left_child=1 5 4 -4 -3 6 -1 -7 12 10 -10 -11 13 -2
right_child=8 2 3 -5 -6 7 -8 -9 9 11 -12 -13 -14 -15
leaf_value=0.0015242641535304843 0.0030002919947508056 0.00066887688393459522 -0.0028271591258591071 0.0013604903370928935 -0.00045816458550971043 0.0006251474782749517 -0.00082499166598507315 -0.00015881218611402679 7.5372146289057836e-05 0.00088431166871454558 -0.0013982432429682202 -0.00075553892490680093 -3.5336880247856459e-05 0.00091166166425133213
leaf_weight=306 389 622 390 161 457 3306 828 2315 1137 1214 397 139 195 149
leaf_count=306 389 622 390 161 457 3306 828 2315 1137 1214 397 139 195 149
internal_value=3.79893e-05 -0.000105036 -0.000684251 -0.00196268 -1.96032e-05 3.42087e-05 -0.000688103 0.000181523 0.00037069 0.000159492 -0.000330572 0.000718888 0.00118733 0.00163674
internal_weight=12005 8385 1630 551 1079 6755 1134 5621 3620 2887 1534 1353 733 538
internal_count=12005 8385 1630 551 1079 6755 1134 5621 3620 2887 1534 1353 733 538
is_linear=0
shrinkage=0.025


Tree=344
num_leaves=15
num_cat=0
split_feature=43 9 40 36 13 48 39 40 43 41 31 40 40 41
split_gain=0.881389 1.614 1.81936 1.50463 3.17017 1.48398 1.46585 2.02465 2.12926 1.74622 1.26053 3.84586 3.03851 1.01455
threshold=0.027433089911937717 0.031873479485511787 0.47328618168830877 0.42039321362972265 -0.12035192176699637 0.97212031483650219 0.93700402975082409 0.95040094852447521 -0.36187361180782313 0.46736067533493048 0.8807472586631776 1.2297810316085818 1.1366943717002871 0.50550198554992687
decision_type=2 2 2 2 2 2 2 2 2 2 2 2 2 2
left_child=6 2 -2 5 -5 -3 7 9 -9 -1 11 -8 -12 -4
right_child=1 3 13 4 -6 -7 10 8 -10 -11 12 -13 -14 -15
leaf_value=-0.0012019073200705472 -0.0018891129263037846 0.00027785939413908642 0.0021129190287033899 0.00032275997680791325 -0.0025989524010218553 -0.0015886807208766451 0.00097697165341495483 0.00047496185477252791 -0.0017832425054842488 0.00046095966667355305 -0.0016508880374374755 -0.00042602495911775391 0.00086359517232231602 0.00022896061408354311
leaf_weight=579 167 1396 1312 230 366 130 1953 149 734 1314 583 538 668 1896
leaf_count=579 167 1396 1312 230 366 130 1953 149 734 1314 583 538 668 1896
internal_value=2.75583e-05 0.000261042 0.000600962 -0.000276798 -0.00133735 0.000136349 -0.000168442 -0.00060365 -0.00158925 -0.000137645 0.000153123 0.000479267 -0.000490645 0.000735683
internal_weight=12015 5497 3375 2122 596 1526 6518 2776 883 1893 3742 2491 1251 3208
internal_count=12015 5497 3375 2122 596 1526 6518 2776 883 1893 3742 2491 1251 3208
is_linear=0
shrinkage=0.025


Tree=345
num_leaves=6
num_cat=0
split_feature=31 5 13 9 44
split_gain=0.896421 0.866801 0.797851 1.11449 0.748999
threshold=0.023493722081184391 -0.46231107413768763 -0.031595164909958832 0.016942017711699012 0.03130674175918103
decision_type=2 2 2 2 2
left_child=-1 -2 3 -3 -4
right_child=1 2 4 -5 -6
leaf_value=-0.00058337230231532704 0.0025519292324420375 0.00075674926098184673 0.00039056479157572189 -8.6932805635893813e-05 -0.0010745027982160501
leaf_weight=129 133 750 2340 8480 211
leaf_count=129 133 750 2340 8480 211
internal_value=8.40398e-06 3.17771e-05 8.16656e-06 -9.94856e-05 0.00039955
internal_weight=12043 11914 11781 9230 2551
internal_count=12043 11914 11781 9230 2551
is_linear=0
shrinkage=0.025


Tree=346
num_leaves=9
num_cat=0
split_feature=47 45 48 45 36 9 31 37
split_gain=0.925339 1.32792 1.39489 0.887883 1.14722 1.92131 1.36973 0.840045
threshold=0.88646370172500621 0.99137932062149059 0.057776963338255889 0.019258987158536914 0.21995328366756442 0.018623499199748043 2.1967362165451054 0.014760157559067013
decision_type=2 2 2 2 2 2 2 2
left_child=3 2 -2 -1 5 -5 -6 -4
right_child=1 -3 7 4 6 -7 -8 -9
leaf_value=-0.00079823576223301575 -0.00039248388419477502 -0.00078102549080489637 0.0022268323228861343 0.0013465861649178232 0.00035374416584992116 -0.00034013810317975069 -0.00063514024582655092 0.00012150805164376979
leaf_weight=149 138 144 637 1076 4995 3478 894 451
leaf_count=149 138 144 637 1076 4995 3478 894 451
internal_value=3.95881e-05 0.00065 0.000920999 -3.9044e-05 -1.06479e-05 -0.000309004 0.000219079 0.00122484
internal_weight=11962 1370 1226 10592 10443 4554 5889 1088
internal_count=11962 1370 1226 10592 10443 4554 5889 1088
is_linear=0
shrinkage=0.025


Tree=347
num_leaves=14
num_cat=0
split_feature=37 14 24 29 48 36 37 26 33 3 11 24 5
split_gain=1.13312 1.17228 0.969429 2.27785 1.27982 2.53105 2.14992 1.22594 0.805381 0.702045 0.521873 0.348074 0.310832
threshold=0.023608304560184482 0.86720469594001781 16.148763656616214 0.027929934673011306 0.19057226926088336 0.097702659666538252 0.017538233660161499 0.016183388419449333 0.0079495031386613863 -0.012267841026186941 0.022316996939480308 27.140655517578129 0.14394418150186541
decision_type=2 2 2 2 2 2 2 2 2 2 2 2 2
left_child=2 8 3 12 5 -4 -6 -5 9 -2 -3 -10 -1
right_child=1 10 4 7 6 -7 -8 -9 11 -11 -12 -13 -14
leaf_value=0.00077635064867480244 -0.00014113329063139484 0.00012717123185931184 -0.0017021517205250054 -0.0025122291597863802 0.00024416015357988144 -1.5611426186751546e-05 -0.00066910853276580735 -0.00039878232769915398 0.0040530028331545558 0.0019465568805223554 -0.00099097883803729516 0.0012589333241483291 8.4187931082511382e-05
leaf_weight=161 433 122 347 195 5812 1369 1405 854 307 464 129 271 137
leaf_count=161 433 122 347 195 5812 1369 1405 854 307 464 129 271 137
internal_value=1.94614e-05 0.000611641 -7.96061e-05 -0.000703587 1.41252e-05 -0.000597763 0.000160793 -0.00125356 0.000882601 0.000400499 -0.000942383 0.00161021 0.0012005
internal_weight=12006 1726 10280 1347 8933 1716 7217 1049 1475 897 251 578 298
internal_count=12006 1726 10280 1347 8933 1716 7217 1049 1475 897 251 578 298
is_linear=0
shrinkage=0.025


Tree=348
num_leaves=8
num_cat=0
split_feature=26 36 36 9 45 17 0
split_gain=0.818163 0.991501 1.02497 2.06409 1.35953 0.384553 0.206909
threshold=0.011039863806217911 -0.085672669112682329 0.20684999227523806 0.048331063240766532 0.038517974317073829 0.15255772322416308 0.0047686526086181411
decision_type=2 2 2 2 2 2 2
left_child=-1 5 3 -3 -4 -2 -7
right_child=1 2 4 -5 -6 6 -8
leaf_value=-0.00087528409616311582 0.00016650415913966547 -0.00025188164870195291 -0.00090797855411091756 0.0035012823874739163 0.00013170003173534041 0.0028859349456859655 0.00070581185979578577
leaf_weight=139 147 4329 243 179 6727 173 121
leaf_count=139 147 4329 243 179 6727 173 121
internal_value=-1.02585e-05 1.18459e-05 -3.2548e-05 -0.000326557 0.00015681 0.00116872 0.00168478
internal_weight=12058 11919 11478 4508 6970 441 294
internal_count=12058 11919 11478 4508 6970 441 294
is_linear=0
shrinkage=0.025


Tree=349
num_leaves=14
num_cat=0
split_feature=47 20 40 47 41 40 41 27 9 17 20 12 36
split_gain=0.987732 1.17782 0.93213 1.50233 1.53629 1.33705 3.07172 1.68274 1.12633 0.859884 0.655956 0.36587 0.275341
threshold=0.88646370172500621 0.33022429049015051 0.94036948680877697 0.24834922701120379 0.5450846552848817 0.99428975582122814 0.74635374546051036 -0.009864144027233122 0.01935618091374636 0.45425654947757726 0.67114400863647472 -0.070610869675874696 0.1601553484797478
decision_type=2 2 2 2 2 2 2 2 2 2 2 2 2
left_child=2 11 3 8 -5 6 -4 -7 -1 -3 -11 12 -2
right_child=1 9 5 4 -6 7 -8 -9 -10 10 -12 -13 -14
leaf_value=1.0933664080142383e-05 0.0036668475906616255 0.0022320124549047218 -0.0012353075056529535 -0.00049772663877173807 0.00029221942721844224 -0.0011984915557199478 0.0020048722883915259 4.5015669373736957e-06 0.0013602193660360124 -0.00096595646301139151 0.00075738350350568477 0.00010788522252467231 0.00023612987599841578
leaf_weight=916 289 143 848 1618 1451 268 197 4216 1126 338 284 120 201
leaf_count=916 289 143 848 1618 1451 268 197 4216 1126 338 284 120 201
internal_value=8.83953e-06 0.000638587 -7.22169e-05 0.000170299 -0.0001777 -0.000297479 -0.00110119 -0.000107763 0.00069553 -8.11679e-06 -0.000420654 0.00145325 0.00175505
internal_weight=12015 1375 10640 5111 3069 5529 1045 4484 2042 765 622 610 490
internal_count=12015 1375 10640 5111 3069 5529 1045 4484 2042 765 622 610 490
is_linear=0
shrinkage=0.025


Tree=350
num_leaves=11
num_cat=0
split_feature=35 48 41 34 36 41 9 23 23 32
split_gain=0.840888 1.69246 1.51004 0.952628 1.56969 1.32418 1.24823 1.24721 1.00664 0.551116
threshold=0.41086395084857946 0.22909024357795718 0.65984201431274425 0.14227169752120974 0.60071957111358654 0.84223756194114696 0.025882319547235969 0.14096402376890185 0.19623058289289477 0.81620407104492199
decision_type=2 2 2 2 2 2 2 2 2 2
left_child=3 -2 -3 4 5 -1 9 -8 -6 -5
right_child=1 2 -4 6 8 -7 7 -9 -10 -11
leaf_value=-1.0743878087674155e-05 0.0015822224322086722 -0.0023261172203481685 -1.2016050780503351e-05 6.719085125373803e-05 -0.0030446047885807014 0.0018646533333633267 -0.0010519961765752799 0.00074167020887527509 -0.00062135095148169043 0.0049048243769444083
leaf_weight=9412 120 212 176 124 120 260 139 837 157 449
leaf_count=9412 120 212 176 124 120 260 139 837 157 449
internal_value=1.738e-05 -0.000972222 -0.00177799 6.20491e-05 -2.72503e-05 2.57054e-05 0.00063787 8.53722e-05 -0.00186613 0.00155926
internal_weight=12006 508 388 11498 9949 9672 1549 976 277 573
internal_count=12006 508 388 11498 9949 9672 1549 976 277 573
is_linear=0
shrinkage=0.025


Tree=351
num_leaves=9
num_cat=0
split_feature=3 3 13 40 35 44 31 38
split_gain=0.798624 0.904849 1.28855 1.98069 1.64706 0.84866 2.68873 1.21492
threshold=0.71032688021659862 0.098011791706085219 -0.23421649634838101 0.73419106006622326 -0.11595639586448668 0.028715422376990322 1.240816652774811 -0.061883846297860139
decision_type=2 2 2 2 2 2 2 2
left_child=1 2 4 -4 -1 7 -7 -3
right_child=-2 5 3 -5 -6 6 -8 -9
leaf_value=-0.00068116686377414312 -0.0015753840353388586 0.0013761240316427484 -0.0011600407802622953 -0.0001179914753412055 0.00024706236720818962 0.0018793141071900285 -0.00098462515325149378 8.3506189744526863e-05
leaf_weight=437 187 1247 574 2619 2099 277 934 3670
leaf_count=437 187 1247 574 2619 2099 277 934 3670
internal_value=2.93594e-05 5.57453e-05 -0.000169384 -0.00050383 0.00024941 0.000267202 -0.000321752 0.000413704
internal_weight=12044 11857 5729 3193 2536 6128 1211 4917
internal_count=12044 11857 5729 3193 2536 6128 1211 4917
is_linear=0
shrinkage=0.025


Tree=352
num_leaves=15
num_cat=0
split_feature=35 35 37 37 40 48 36 36 43 36 40 31 31 26
split_gain=1.01512 1.66363 2.33912 3.47652 1.61738 2.21182 1.98276 1.54994 1.71476 1.42254 2.35983 1.19026 0.726929 0.453383
threshold=0.16140945255756381 0.13185491412878039 0.0097745764069259184 0.013229451142251493 0.72322645783424389 0.057776963338255889 0.36470000445842748 0.11280040815472604 0.22206911444664004 0.32796934247016912 1.2712417840957644 2.3093971014022832 0.6960093379020692 0.019051222130656246
decision_type=2 2 2 2 2 2 2 2 2 2 2 2 2 2
left_child=1 4 13 -4 5 -1 -6 8 12 11 -11 -9 -2 -3
right_child=7 2 3 -5 6 -7 -8 9 -10 10 -12 -13 -14 -15
leaf_value=0.00047156660763620473 -0.00065513029842485283 -0.00071634361007820533 -0.0027906196374886229 -0.00019845743987636848 0.00023955124915009371 -0.0012716768123060638 -0.0006461126381424458 0.0011462001546472429 -0.0017391477265738858 0.00014758898228356724 -0.0017916555386565201 -0.0012040748596335018 0.0014004560914738825 0.0021877099993041949
leaf_weight=248 183 123 343 383 4368 538 874 1527 125 2598 161 151 183 195
leaf_count=248 183 123 343 383 4368 538 874 1527 125 2598 161 151 183 195
internal_value=5.72687e-06 -0.000185636 -0.00110462 -0.00188611 -2.4656e-05 -0.00107933 0.000133171 0.000281522 -0.00104083 0.000430268 7.82382e-05 0.00100342 -0.000144879 0.000661765
internal_weight=12000 7072 1044 726 6028 786 5242 4928 491 4437 2759 1678 366 318
internal_count=12000 7072 1044 726 6028 786 5242 4928 491 4437 2759 1678 366 318
is_linear=0
shrinkage=0.025


Tree=353
num_leaves=6
num_cat=0
split_feature=24 19 13 24 5
split_gain=0.841687 1.32678 0.752917 0.693077 0.424606
threshold=55.876953125000007 0.34510858356952673 -0.51446783542633046 18.543002128601078 0.90291088819503795
decision_type=2 2 2 2 2
left_child=1 2 -1 -4 -2
right_child=4 -3 3 -5 -6
leaf_value=0.0024275605267200847 0.0024306743641686669 -0.0017252985312692427 -9.7839276306504569e-05 6.5470125443253788e-05 0.0002374932984544412
leaf_weight=122 191 182 2550 8812 185
leaf_count=122 191 182 2550 8812 185
internal_value=4.76261e-05 9.31806e-06 4.38464e-05 2.18836e-05 0.00120407
internal_weight=12042 11666 11484 11362 376
internal_count=12042 11666 11484 11362 376
is_linear=0
shrinkage=0.025


Tree=354
num_leaves=14
num_cat=0
split_feature=22 13 9 26 21 47 30 29 33 44 21 26 6
split_gain=1.04504 1.05645 1.61631 1.50864 1.00923 0.846521 1.38061 1.22077 0.794534 1.26879 0.720881 0.410062 0.361162
threshold=0.86587679386138927 -0.032373772934079163 0.01679316442459822 0.019189310260117057 74.087749481201186 0.48606015741825109 0.81765529513359081 0.094360750168561949 -0.0011207688949070869 0.02289488818496466 67.089344024658217 0.019282544963061813 0.04020472243428231
decision_type=2 2 2 2 2 2 2 2 2 2 2 2 2
left_child=4 2 -2 -4 5 6 -1 -7 9 -3 -10 -6 -13
right_child=1 8 3 -5 11 7 -8 -9 10 -11 -12 12 -14
leaf_value=0.00034794961478497565 0.0033971916596439709 0.00024823914087274775 -0.001627419820958102 -0.00039199134643903448 3.2059466687526269e-05 -0.00016390114460186278 -0.00076716097532818607 0.00032672337722692169 0.0012039611912039111 -0.0017215304049168713 -2.5547797804847696e-05 0.0027180030955641738 0.00025376574679537097
leaf_weight=3971 120 158 362 759 125 3474 293 924 288 137 926 317 131
leaf_count=3971 120 158 362 759 125 3474 293 924 288 137 926 317 131
internal_value=2.97124e-05 -0.000397005 -0.000935995 -0.00123557 0.000157603 8.92755e-05 0.000340537 -0.000153021 4.37583e-05 -0.00110417 0.000331214 0.00116998 0.00152042
internal_weight=11985 2750 1241 1121 9235 8662 4264 4398 1509 295 1214 573 448
internal_count=11985 2750 1241 1121 9235 8662 4264 4398 1509 295 1214 573 448
is_linear=0
shrinkage=0.025


Tree=355
num_leaves=13
num_cat=0
split_feature=34 9 41 41 46 38 30 23 20 26 37 13
split_gain=1.13663 1.85849 1.43607 1.06337 1.92256 1.54947 0.973646 0.996913 0.822117 0.34032 0.200999 0.0746945
threshold=0.13686104863882068 0.025882319547235969 0.84223756194114696 0.80056104063987743 0.62931033968925487 -0.16737131774425504 0.070173423737287535 0.16352925449609759 0.37451764941215521 0.017548909410834316 0.017538233660161499 -0.046622192487120621
decision_type=2 2 2 2 2 2 2 2 2 2 2 2
left_child=2 9 3 5 -5 -1 7 -3 -8 -2 -4 -11
right_child=1 6 10 4 -6 -7 8 -9 -10 11 -12 -13
leaf_value=0.0012428545679363389 0.00055309032960952262 -0.00040359387531432937 0.00083326410237381766 -0.00012099925715417415 -0.0012493795728459357 -4.8408358366486796e-05 -0.001088816259673439 0.001344496698791056 0.00015004118959258161 0.0024146632239698779 0.0046278855382531799 0.0048011360600733995
leaf_weight=597 128 120 121 400 132 8677 260 449 418 212 167 287
leaf_count=597 128 120 121 400 132 8677 260 449 418 212 167 287
internal_value=4.91732e-05 0.000614023 -5.53272e-05 -0.000107405 -0.00118948 -4.4051e-05 4.89218e-05 0.000812282 -0.000583821 0.00171875 0.00166809 0.00201637
internal_weight=11968 1874 10094 9806 532 9274 1247 569 678 627 288 499
internal_count=11968 1874 10094 9806 532 9274 1247 569 678 627 288 499
is_linear=0
shrinkage=0.025


Tree=356
num_leaves=9
num_cat=0
split_feature=41 29 31 46 9 37 35 33
split_gain=1.3869 0.996574 0.947689 2.93393 1.54754 0.526197 0.430388 0.106841
threshold=0.059287043288350112 0.095260854810476317 0.48858132958412176 0.69589141011238109 0.026210803538560871 0.017602158710360531 0.062079774215817458 0.00032840463973116135
decision_type=2 2 2 2 2 2 2 2
left_child=-1 2 3 -2 -4 7 -7 -3
right_child=1 5 4 -5 -6 6 -8 -9
leaf_value=-0.00059793088733213766 -8.7480610641736743e-05 0.0020171793669290206 0.00050688418312729326 -0.002909203628481908 -8.4496074859206818e-05 0.0025887603231543274 -0.0015450007489297335 0.0019518072373871879
leaf_weight=124 3306 123 3111 131 4726 124 124 187
leaf_count=124 3306 123 3111 131 4726 124 124 187
internal_value=-8.67393e-06 1.89027e-05 -3.18068e-05 -0.00037805 0.000119389 0.00104574 0.000153162 0.00172619
internal_weight=11956 11832 11274 3437 7837 558 248 310
internal_count=11956 11832 11274 3437 7837 558 248 310
is_linear=0
shrinkage=0.025


Tree=357
num_leaves=13
num_cat=0
split_feature=36 36 37 37 3 9 45 9 5 47 14 5
split_gain=0.731373 2.06121 2.04052 2.82728 1.60432 1.48578 1.44019 1.33715 1.75574 1.35855 1.11484 0.673244
threshold=0.23604474961757663 0.31734605133533483 0.010831354651600124 0.0097745764069259184 0.10764149203896524 0.046508917585015304 0.59097579121589672 0.018743911758065227 0.6931576430797578 0.077035948634147658 0.97212031483650219 1.1244222521781924
decision_type=2 2 2 2 2 2 2 2 2 2 2 2
left_child=5 2 3 -2 6 7 -3 9 -9 -1 -6 -4
right_child=1 4 11 -5 10 -7 -8 8 -10 -11 -12 -13
leaf_value=-0.0010358295476174935 0.0007396713951222316 -0.0001929321582276263 0.0029964659313389702 -0.0026325868389100171 0.00035033233921135488 0.0026769757182351331 -0.0011838437234704896 -0.00039710477873739392 0.00030023475926156196 0.0017736707669352314 -0.0016985205282552933 -0.00011811339840425868
leaf_weight=243 294 1358 1259 166 2885 211 281 3015 1178 898 139 120
leaf_count=243 294 1358 1259 166 2885 211 281 3015 1178 898 139 120
internal_value=1.5454e-05 0.000195751 0.000903606 -0.000524193 -8.27441e-05 -0.00019482 -0.000712439 -0.000277908 -0.000485052 0.000476658 0.000257098 0.00138457
internal_weight=12047 6502 1839 460 4663 5545 1639 5334 4193 1141 3024 1379
internal_count=12047 6502 1839 460 4663 5545 1639 5334 4193 1141 3024 1379
is_linear=0
shrinkage=0.025


Tree=358
num_leaves=9
num_cat=0
split_feature=41 47 43 17 46 39 31 19
split_gain=1.09591 0.948321 1.25119 1.32485 1.07529 2.96992 2.08144 0.593189
threshold=0.059287043288350112 0.88646370172500621 0.29788765311241155 0.70772165060043346 0.88646370172500621 0.65750274062156688 2.4081935882568364 0.19299571216106418
decision_type=2 2 2 2 2 2 2 2
left_child=-1 4 7 -4 6 -6 -2 -3
right_child=1 2 3 -5 5 -7 -8 -9
leaf_value=-0.0006164209033541003 -1.2508177527633661e-05 0.0015680846292602819 0.0017210687712845823 -0.00071894954596086178 -0.0011656633381833825 0.0012727692288854488 -0.0012101103224157704 -8.9768880888629796e-06
leaf_weight=122 9190 666 171 366 208 812 319 127
leaf_count=122 9190 666 171 366 208 812 319 127
internal_value=3.51453e-05 6.03718e-05 0.000688202 -0.000232933 -1.86301e-05 0.00075 -0.000102086 0.00131736
internal_weight=11981 11859 1330 537 10529 1020 9509 793
internal_count=11981 11859 1330 537 10529 1020 9509 793
is_linear=0
shrinkage=0.025


Tree=359
num_leaves=11
num_cat=0
split_feature=22 29 34 47 25 31 29 24 28 4
split_gain=0.937226 1.26649 1.0041 1.34323 2.19423 1.52011 0.791503 0.821828 0.744326 0.717606
threshold=1.0860151052474978 0.086440198123455061 -0.042106898501515382 0.5524578094482423 6.1598646640777597 0.36544629931449896 0.095253404229879393 30.379077911376957 0.42499999701976782 0.31814162433147436
decision_type=2 2 2 2 2 2 2 2 2 2
left_child=2 9 3 5 -5 -1 8 -8 -4 -2
right_child=1 -3 6 4 -6 -7 7 -9 -10 -11
leaf_value=-0.00064950955336885751 -0.00069621888504677986 -0.0024897631467888921 0.00031136831456075994 -0.00041214842349491105 -0.0025731780554100266 0.0012965115625034327 -0.00015299431725052616 0.0019970760999740043 9.9138827433530203e-06 0.0013530186280217105
leaf_weight=324 208 137 1904 646 122 690 123 334 7307 160
leaf_count=324 208 137 1904 646 122 690 123 334 7307 160
internal_value=5.48705e-05 -0.000992647 0.00010203 -0.000441382 -0.00122736 0.000150883 0.000203014 0.00121483 0.000151503 -0.000197721
internal_weight=11955 505 11450 1782 768 1014 9668 457 9211 368
internal_count=11955 505 11450 1782 768 1014 9668 457 9211 368
is_linear=0
shrinkage=0.025


Tree=360
num_leaves=9
num_cat=0
split_feature=22 24 40 41 46 43 30 40
split_gain=1.06422 1.0158 0.912962 1.16656 0.752064 0.597736 0.641897 0.33726
threshold=1.0860151052474978 55.876953125000007 1.3354960680007937 0.75973534584045421 0.077035948634147658 0.182178869843483 0.076354317367076888 0.88592875003814708
decision_type=2 2 2 2 2 2 2 2
left_child=1 2 4 -4 -1 6 -2 -3
right_child=5 7 3 -5 -6 -7 -8 -9
leaf_value=-0.00019145466918944659 -8.5296827740044331e-05 0.002740107032349952 -0.00097168844989939059 0.00029800645324170981 9.4952651270202205e-05 4.6729185463411331e-05 -0.003218354994180635 0.00095726684658902677
leaf_weight=740 144 163 361 163 9906 185 179 191
leaf_count=740 144 163 361 163 9906 185 179 191
internal_value=4.35118e-05 9.35685e-05 5.08949e-05 -0.00096172 0.000101751 -0.00106969 -0.00171113 0.0014032
internal_weight=12032 11524 11170 524 10646 508 323 354
internal_count=12032 11524 11170 524 10646 508 323 354
is_linear=0
shrinkage=0.025


Tree=361
num_leaves=13
num_cat=0
split_feature=28 34 35 35 35 34 35 24 23 26 21 30
split_gain=1.09555 1.04366 1.99504 1.0307 0.892083 2.91168 1.12476 0.683125 0.962034 1.28989 0.625362 0.557165
threshold=0.42499999701976782 0.14085444808006289 0.38581290841102606 0.1560495123267174 0.22202219814062121 0.12971211224794391 0.24594809859991076 41.819429397583015 0.2825333327054978 0.035829942673444755 59.504440307617195 0.17340437322854999
decision_type=2 2 2 2 2 2 2 2 2 2 2 2
left_child=7 4 3 -3 5 -2 -6 8 10 -10 -1 -4
right_child=1 2 11 -5 6 -7 -8 -9 9 -11 -12 -13
leaf_value=0.00018781607958889135 -0.00016237960758313364 -0.00018116600345213356 -6.3864775251406958e-05 0.0025532808916524652 0.0015950674327634689 -0.0016655411699986256 -4.338314479258105e-05 0.001631344152434668 -0.0011622023756818712 0.00031113601162386203 0.0013531213407882194 -0.0020958522552738941
leaf_weight=2127 5237 412 125 1089 407 124 1522 169 169 184 259 144
leaf_count=2127 5237 412 125 1089 407 124 1522 169 169 184 259 144
internal_value=1.15887e-05 -0.000123414 0.000419014 0.000777723 -0.000256169 -0.000422335 0.000202301 0.000433831 0.00033391 -0.000869413 0.000515998 -0.00153741
internal_weight=11968 9060 1770 1501 7290 5361 1929 2908 2739 353 2386 269
internal_count=11968 9060 1770 1501 7290 5361 1929 2908 2739 353 2386 269
is_linear=0
shrinkage=0.025


Tree=362
num_leaves=15
num_cat=0
split_feature=33 38 24 10 47 17 33 4 47 47 48 48 34 19
split_gain=0.877005 1.67404 1.96245 2.4243 1.02477 1.00216 1.61919 1.21635 0.863944 1.12261 1.33722 1.14825 1.02984 0.965243
threshold=-0.0034102437784895297 -0.11264681816101073 17.703474044799808 0.026447523385286335 0.45689655840396887 0.21046189963817599 -0.010145985987037419 0.4541019350290299 0.71515038609504711 0.48606015741825109 0.27622890472412115 0.057776963338255889 -0.046543752774596207 -0.050748500972986214
decision_type=2 2 2 2 2 2 2 2 2 2 2 2 2 2
left_child=1 5 4 -4 -3 6 -1 -7 9 11 -11 -2 13 -10
right_child=8 2 3 -5 -6 7 -8 -9 12 10 -12 -13 -14 -15
leaf_value=-0.0024834896429520555 0.0027997817709477409 -0.001491657867448364 -2.2913605868389068e-05 -0.0014433460370694698 -0.0021886513029790418 0.0019560288432071138 0.00020897504312959882 -0.00077559026249665488 0.00029131382861621435 -0.0014338881691655508 -8.2667113827851468e-05 5.4733432456972196e-05 0.0005321323484099188 -0.0012429730418049869
leaf_weight=132 238 129 1474 201 127 602 177 271 121 337 1631 4214 2301 121
leaf_count=132 238 129 1474 201 127 602 177 271 121 337 1631 4214 2301 121
internal_value=4.4181e-05 -0.000316308 -0.000770274 -0.000450149 -0.00279215 0.000420177 -0.000784236 0.000855638 0.000170189 1.45915e-05 -0.000480867 0.000235304 0.000559753 -0.000966599
internal_weight=12076 3113 1931 1675 256 1182 309 873 8963 6420 1968 4452 2543 242
internal_count=12076 3113 1931 1675 256 1182 309 873 8963 6420 1968 4452 2543 242
is_linear=0
shrinkage=0.025


Tree=363
num_leaves=6
num_cat=0
split_feature=5 46 37 36 15
split_gain=0.711821 1.4926 0.897035 1.59589 0.932283
threshold=-0.46231107413768763 0.019258987158536914 0.023608304560184482 0.50640758872032177 0.85344827175140392
decision_type=2 2 2 2 2
left_child=-1 -2 4 -4 -3
right_child=1 2 3 -5 -6
leaf_value=0.0021802101957068827 -0.0006163896720568189 -7.3926811990192518e-06 0.0014796079781391363 -0.00056808317003608129 -0.0012141070892085328
leaf_weight=146 147 9477 1330 355 534
leaf_count=146 147 9477 1330 355 534
internal_value=7.60806e-06 -1.36098e-05 1.78404e-05 0.000551036 -7.15105e-05
internal_weight=11989 11843 11696 1685 10011
internal_count=11989 11843 11696 1685 10011
is_linear=0
shrinkage=0.025


Tree=364
num_leaves=12
num_cat=0
split_feature=40 22 30 13 35 40 48 12 46 6 14
split_gain=0.972974 1.40762 1.30773 1.17782 1.04109 2.00298 2.22856 1.03925 1.24078 1.19113 0.40129
threshold=1.3232291340827944 0.5958039164543153 0.08847323060035707 -0.05380344204604625 -0.12642512470483777 0.90252739191055309 0.71515038609504711 -0.17559140920639035 0.10491563007235528 0.064323391765356078 0.54310345649719249
decision_type=2 2 2 2 2 2 2 2 2 2 2
left_child=4 2 -2 -3 5 10 -7 9 -9 -6 -1
right_child=1 3 -4 -5 7 6 -8 8 -10 -11 -12
leaf_value=0.00090118761986823543 -0.0016596024224585335 0.00062378161797981598 -0.00035140965961750039 -0.00081372159239147311 0.00067133876341151299 -0.0024752951804249464 0.00081606770939202143 -0.00058027813951372256 6.0635298428175148e-05 -0.00028395970808581369 -0.00012873531540914747
leaf_weight=128 120 194 150 130 1514 239 146 802 8273 230 120
leaf_count=128 120 194 150 130 1514 239 146 802 8273 230 120
internal_value=4.84401e-05 -0.000932805 -0.00225 0.000163374 0.000100266 -0.000879702 -0.0020032 0.00015856 5.02479e-05 0.000716838 0.000844862
internal_weight=12046 594 270 324 11452 633 385 10819 9075 1744 248
internal_count=12046 594 270 324 11452 633 385 10819 9075 1744 248
is_linear=0
shrinkage=0.025


Tree=365
num_leaves=8
num_cat=0
split_feature=37 43 25 13 36 13 31
split_gain=0.913361 0.796261 1.31211 1.16236 0.972452 2.12057 1.60673
threshold=0.0071191173046827325 -0.19608555734157559 24.874952316284183 -0.2087912783026695 0.20684999227523806 -0.23421649634838101 0.94742006063461315
decision_type=2 2 2 2 2 2 2
left_child=-1 2 3 -2 5 -3 -6
right_child=1 4 -4 -5 6 -7 -8
leaf_value=0.0026297554782716594 3.4089235987063236e-05 0.00071903687305993201 -0.0020615018807869927 -0.0006067045293677712 0.001374189752977025 -0.000267187023040382 1.227314594758191e-05
leaf_weight=141 1630 988 123 814 1819 2931 3559
leaf_count=141 1630 988 123 814 1819 2931 3559
internal_value=6.29685e-05 3.82299e-05 -0.000350408 -0.000217946 0.00014634 -0.000151949 0.000364806
internal_weight=12005 11864 2567 2444 9297 3919 5378
internal_count=12005 11864 2567 2444 9297 3919 5378
is_linear=0
shrinkage=0.025


Tree=366
num_leaves=14
num_cat=0
split_feature=28 36 35 37 41 46 14 31 31 30 34 6 46
split_gain=0.819408 1.28057 1.96316 3.34043 2.03418 1.1713 3.16386 1.66569 0.762269 1.28493 0.966743 0.782595 0.564898
threshold=0.42499999701976782 0.21456083655357364 0.12934804707765582 0.018820399418473247 0.80056104063987743 0.26724137365818029 0.66810342669487011 1.3088943958282473 0.11780133098363878 0.12633479386568072 0.11624594032764436 0.03090964071452618 0.16269258409738543
decision_type=2 2 2 2 2 2 2 2 2 2 2 2 2
left_child=8 2 4 -4 -2 6 -3 -7 9 12 11 -10 -1
right_child=1 5 3 -5 -6 7 -8 -9 10 -11 -12 -13 -14
leaf_value=-5.6088594695341158e-05 6.2496714493624536e-05 6.3744018602896789e-05 -0.001290837567737917 0.0048694935853614216 -0.00120255197469694 0.0010692211486964889 -0.0035499263154278125 -3.8926843495960321e-05 0.00084830443777377928 -0.0011934575869161925 -0.00060530563439427148 9.8243781511698537e-05 0.0021940188487946507
leaf_weight=183 2347 952 819 185 267 1951 304 2342 1164 122 120 1210 137
leaf_count=183 2347 952 819 185 267 1951 304 2342 1164 122 120 1210 137
internal_value=4.75926e-05 -6.82784e-05 -0.000434377 -0.00137141 -7.01603e-05 0.000169473 -0.000498612 0.00036674 0.000411 -0.000534116 0.000581733 0.000695145 0.000288462
internal_weight=12103 9167 3618 1004 2614 5549 1256 4293 2936 442 2494 2374 320
internal_count=12103 9167 3618 1004 2614 5549 1256 4293 2936 442 2494 2374 320
is_linear=0
shrinkage=0.025


Tree=367
num_leaves=9
num_cat=0
split_feature=12 40 47 10 41 3 44 47
split_gain=0.781426 0.689384 1.98074 1.59239 1.5535 1.9439 1.32391 1.09724
threshold=-0.39291308820247645 0.95478481054306041 0.69589141011238109 0.021702207624912265 0.53021183609962474 0.19371211528778079 0.014466040767729284 0.69589141011238109
decision_type=2 2 2 2 2 2 2 2
left_child=-1 4 6 -4 5 -2 -3 -6
right_child=1 2 3 -5 7 -7 -8 -9
leaf_value=0.0025472882084093267 -0.00051749472811219832 0.00024291473286702344 0.00089883852653601715 -0.00022234715004484254 0.00064720799003557795 0.00035884073253616684 -0.00052236180916624404 -0.00069931309466973713
leaf_weight=126 1348 807 1384 897 2852 1316 2956 357
leaf_count=126 1348 807 1384 897 2852 1316 2956 357
internal_value=5.40547e-05 3.23982e-05 -0.000154364 0.000424869 0.00022563 -0.000218715 -0.000507232 0.00059622
internal_weight=12043 11917 6044 2281 5873 2664 3763 3209
internal_count=12043 11917 6044 2281 5873 2664 3763 3209
is_linear=0
shrinkage=0.025


Tree=368
num_leaves=9
num_cat=0
split_feature=37 3 9 17 43 5 43 1
split_gain=0.79963 0.81369 1.34157 1.66782 1.03869 2.88261 1.03508 0.932077
threshold=0.0071191173046827325 0.19641098380088809 0.034171482548117645 0.45425654947757726 0.35159492492675787 0.82293429970741283 0.027433089911937717 -0.0099983471445739252
decision_type=2 2 2 2 2 2 2 2
left_child=-1 4 7 -4 6 -6 -2 -3
right_child=1 2 3 -5 5 -7 -8 -9
leaf_value=0.002648622557910308 -0.00011337472589368058 0.0014490211738880524 0.0017724516432765019 -0.0010794131639599754 -0.0021399939428226465 0.0002354673951865888 0.00025841840189515063 0.00023814068576289793
leaf_weight=144 5119 761 218 944 138 198 2153 2369
leaf_count=144 5119 761 218 944 138 198 2153 2369
internal_value=5.0108e-05 2.67746e-05 0.000302246 -0.000418809 -0.000127906 -0.00147727 -6.37281e-05 0.000572169
internal_weight=12044 11900 4292 1162 7608 336 7272 3130
internal_count=12044 11900 4292 1162 7608 336 7272 3130
is_linear=0
shrinkage=0.025


Tree=369
num_leaves=14
num_cat=0
split_feature=4 43 41 13 45 9 40 41 10 37 38 6 10
split_gain=1.01349 1.11308 2.67332 1.83862 1.3932 1.3088 1.48239 1.07313 0.99707 0.984747 0.583019 0.571997 0.152129
threshold=-0.12322313338518141 0.027433089911937717 0.44022692739963537 -0.22863939404487607 0.057776963338255889 0.034688377752900131 0.47328618168830877 0.78896051645278942 0.014236741699278356 0.013150781858712437 -0.12850883603096006 0.046761434525251395 0.012566480319947006
decision_type=2 2 2 2 2 2 2 2 2 2 2 2 2
left_child=8 2 3 -2 -4 6 -3 -7 10 -10 -1 -11 -12
right_child=1 5 4 -5 -6 7 -8 -9 9 11 12 -13 -14
leaf_value=-3.9927695202887417e-05 0.00015423129215236822 -0.0012388141886478755 -0.001041978122283518 -0.0021793915636143598 2.2745253157015784e-06 -5.0802571318907852e-05 0.00058382588818178122 -0.0015033812536314555 -0.00070123427475054633 0.00032202540856241104 0.0016270468085065428 -0.0002338899837985096 0.0011866818371470849
leaf_weight=139 124 180 169 482 4357 1371 3799 150 219 360 358 172 137
leaf_count=139 124 180 169 482 4357 1371 3799 150 219 360 358 172 137
internal_value=5.29239e-05 -2.9496e-05 -0.000294676 -0.00184738 -8.35907e-05 0.000216848 0.000455886 -0.000403833 0.00068795 6.11773e-05 0.00141432 0.000649441 0.0018125
internal_weight=12017 10632 5132 606 4526 5500 3979 1521 1385 751 634 532 495
internal_count=12017 10632 5132 606 4526 5500 3979 1521 1385 751 634 532 495
is_linear=0
shrinkage=0.025


Tree=370
num_leaves=12
num_cat=0
split_feature=27 31 11 4 36 17 4 29 37 31 44
split_gain=0.68915 1.12112 1.97715 1.12916 0.894093 1.52685 2.87585 1.43123 2.52917 1.66711 0.696788
threshold=-0.009864144027233122 0.81814804673194896 0.023769203573465351 0.080753181129693999 0.21995328366756442 0.90904042124748241 0.3439376056194306 0.039989603683352477 0.010665526147931816 1.2729864120483401 0.028035835362970832
decision_type=2 2 2 2 2 2 2 2 2 2 2
left_child=1 3 -3 -1 5 6 -2 8 -6 -9 -7
right_child=4 2 -4 -5 7 10 -8 9 -10 -11 -12
leaf_value=-0.00039721569715104617 -2.9918467217576186e-05 -0.0016845037562639644 0.0010904096218550842 0.003520312288752134 -0.00087025845017626622 0.0023747435543224052 -0.00096235067612362535 0.0011114797699753301 0.00036311476350227371 1.9520388532243612e-05 2.1180081155949789e-05
leaf_weight=126 4057 237 150 139 561 291 519 2362 955 2461 189
leaf_count=126 4057 237 150 139 561 291 519 2362 955 2461 189
internal_value=4.24204e-05 -0.000743912 -0.00159758 0.000486111 8.82676e-05 -0.000158812 -0.000300971 0.000286294 -0.000380506 0.000497359 0.00117268
internal_weight=12047 652 387 265 11395 5056 4576 6339 1516 4823 480
internal_count=12047 652 387 265 11395 5056 4576 6339 1516 4823 480
is_linear=0
shrinkage=0.025


Tree=371
num_leaves=8
num_cat=0
split_feature=2 12 41 34 46 38 3
split_gain=0.749806 1.40776 1.1796 0.672652 2.40059 1.0834 0.210905
threshold=-0.2389637008309364 -0.31190413236618036 0.70299944281578075 -0.042106898501515382 0.1241746135056019 -0.051613446325063699 -0.24404083937406537
decision_type=2 2 2 2 2 2 2
left_child=6 2 -2 4 -3 -5 -1
right_child=1 3 -4 5 -6 -7 -8
leaf_value=0.0026555118932730694 -9.9318341287943395e-05 -0.0024745153723778127 -0.0016543998536115859 0.00036003437642189795 -3.9096030741710873e-05 -1.7014968684227131e-05 0.00023896297289014288
leaf_weight=121 139 143 120 3795 1374 6263 121
leaf_count=121 139 143 120 3795 1374 6263 121
internal_value=4.83198e-05 1.93218e-05 -0.00178504 6.09889e-05 -0.000427891 0.000135521 0.00141194
internal_weight=12076 11834 259 11575 1517 10058 242
internal_count=12076 11834 259 11575 1517 10058 242
is_linear=0
shrinkage=0.025


Tree=372
num_leaves=12
num_cat=0
split_feature=35 40 39 38 34 26 44 37 12 46 40
split_gain=0.905868 2.01942 3.03195 1.31203 1.48567 1.65772 1.12138 1.10322 0.822841 0.469532 0.0668966
threshold=-0.12642512470483777 0.90252739191055309 1.1155243515968325 -0.160966582596302 -0.042106898501515382 0.032120700925588615 0.019099364057183269 0.020150145515799526 -0.16501443833112714 0.59097579121589672 0.89472457766532909
decision_type=2 2 2 2 2 2 2 2 2 2 2
left_child=1 9 6 8 5 -5 -3 -6 10 -1 -2
right_child=3 2 -4 4 7 -7 -8 -9 -10 -11 -12
leaf_value=-2.3818158690534337e-05 0.0015146471040314935 -0.0015326335097370818 0.0010715971408468128 -2.8321744423774768e-05 2.14256646430135e-05 -0.0019034199875097449 -0.0024792853210528366 0.0018052715428459845 3.2627032366765475e-05 0.0023245765654254249 0.0038489800994106955
leaf_weight=132 121 121 176 655 8739 364 128 1060 178 125 211
leaf_count=132 121 121 176 655 8739 364 128 1060 178 125 211
internal_value=5.98211e-05 -0.000820597 -0.001875 0.000113717 5.43981e-05 -0.00085083 -0.00362697 0.000149556 0.00134709 0.000901718 0.00207344
internal_weight=12010 682 425 11328 10818 1019 249 9799 510 257 332
internal_count=12010 682 425 11328 10818 1019 249 9799 510 257 332
is_linear=0
shrinkage=0.025


Tree=373
num_leaves=9
num_cat=0
split_feature=48 26 47 17 40 31 36 48
split_gain=0.670277 1.3333 1.12963 1.14807 0.977408 2.65856 0.917923 0.883463
threshold=0.97212031483650219 0.031502917408943183 0.86720469594001781 1.3430367112159731 1.2256039977073672 0.50170695781707775 0.48833210766315466 0.1241746135056019
decision_type=2 2 2 2 2 2 2 2
left_child=2 -2 4 7 6 -6 -1 -4
right_child=1 -3 3 -5 5 -7 -8 -9
leaf_value=8.9351316133035269e-05 0.00022108143550533997 -0.0019457920140850038 -0.00014924107584385571 -0.00022446934488932281 -0.00099838761486878728 4.2289289335397154e-05 -0.00042243915903587164 0.0022821319724327244
leaf_weight=8104 205 181 234 140 286 729 1203 994
leaf_count=8104 205 181 234 140 286 729 1203 994
internal_value=4.83198e-05 -0.00096867 8.28346e-05 0.000756555 -6.17305e-06 -0.000741421 7.36953e-05 0.00100466
internal_weight=12076 386 11690 1368 10322 1015 9307 1228
internal_count=12076 386 11690 1368 10322 1015 9307 1228
is_linear=0
shrinkage=0.025


Tree=374
num_leaves=13
num_cat=0
split_feature=4 20 13 40 44 31 46 47 40 41 8 0
split_gain=0.802583 1.09861 2.71276 2.18008 1.89916 1.7128 2.1994 1.81337 0.853941 0.746414 0.880571 0.539355
threshold=-0.12902899831533429 0.016257722862064842 -0.21093431115150449 0.86236399412155162 0.013243393506854774 0.86335718631744396 0.74303007125854503 0.14343360066413882 0.74763861298561107 0.72743585705757152 0.01911214925348759 -0.0075681037269532672
decision_type=2 2 2 2 2 2 2 2 2 2 2 2
left_child=8 2 4 -4 -2 6 -3 -7 -1 10 -10 -11
right_child=1 5 3 -5 -6 7 -8 -9 9 11 -12 -13
leaf_value=0.001390109389236715 0.0036771012743873482 0.00070163205372518933 -0.0020247792950982583 -2.3626053458452973e-05 -0.00028717717931117198 0.001526162027327036 -0.001684306139537713 -0.00015306669972350921 0.00048984616420552922 1.558005370377776e-05 -0.0002598956475024334 0.00086090220233265798
leaf_weight=195 203 3176 245 163 931 484 246 5202 361 127 404 250
leaf_count=195 203 3176 245 163 931 484 246 5202 361 127 404 250
internal_value=6.55646e-05 -6.45228e-06 -0.00062298 -0.00235775 3.29245e-06 9.75256e-05 0.000539466 -0.000167589 0.000641766 0.000369442 -7.30519e-05 0.00127291
internal_weight=11987 10650 1542 408 1134 9108 3422 5686 1337 1142 765 377
internal_count=11987 10650 1542 408 1134 9108 3422 5686 1337 1142 765 377
is_linear=0
shrinkage=0.025


Tree=375
num_leaves=9
num_cat=0
split_feature=27 31 11 5 26 29 36 45
split_gain=0.830184 1.214 1.42943 0.874184 0.833737 0.955188 0.782804 0.573733
threshold=-0.009864144027233122 0.81814804673194896 0.023769203573465351 0.087701089680194869 0.011039863806217911 0.027929934673011306 0.21995328366756442 0.1241746135056019
decision_type=2 2 2 2 2 2 2 2
left_child=1 3 -3 -1 -2 7 -7 -6
right_child=4 2 -4 -5 5 6 -8 -9
leaf_value=-0.00078373544304311091 -0.00081890837860464365 -0.0017531266333057549 0.00041213389836641193 0.0023741130743141644 -0.00010776165565285364 -9.6119295374371804e-05 0.00014083639604484693 0.0012088778994692332
leaf_weight=120 143 224 142 158 192 4332 5924 780
leaf_count=120 143 224 142 158 192 4332 5924 780
internal_value=4.62771e-05 -0.000822419 -0.00176213 0.000401944 9.63652e-05 0.000121406 4.9581e-05 0.000868731
internal_weight=12015 644 366 278 11371 11228 10256 972
internal_count=12015 644 366 278 11371 11228 10256 972
is_linear=0
shrinkage=0.025


Tree=376
num_leaves=8
num_cat=0
split_feature=37 22 43 41 17 21 41
split_gain=0.77321 0.714654 0.740207 1.39528 1.34799 0.732541 0.75262
threshold=0.0071191173046827325 1.0860151052474978 0.050331844016909606 0.44022692739963537 0.4493048638105393 67.978408813476577 0.47376342117786413
decision_type=2 2 2 2 2 2 2
left_child=-1 2 3 -2 -4 -3 -7
right_child=1 5 4 -5 -6 6 -8
leaf_value=0.0023534303052808059 -0.00085818663772372272 0.00084002019416687986 0.0010293929654350813 1.0858866399337541e-06 8.0249576936576398e-06 -0.0027403345372110882 -0.00061130414443850544
leaf_weight=138 792 128 1378 5840 3377 122 259
leaf_count=138 792 128 1378 5840 3377 122 259
internal_value=1.69243e-05 -4.51633e-06 3.61e-05 -0.000133908 0.000274422 -0.000916829 -0.00146697
internal_weight=12034 11896 11387 6632 4755 509 381
internal_count=12034 11896 11387 6632 4755 509 381
is_linear=0
shrinkage=0.025


Tree=377
num_leaves=14
num_cat=0
split_feature=6 34 35 29 37 26 43 15 35 40 35 6 24
split_gain=0.968677 1.21564 1.56287 1.20502 0.978722 1.16645 1.47734 0.911878 1.21583 1.06108 0.668952 0.340322 0.178738
threshold=0.068921152502298369 0.045371355488896377 -0.016042220406234261 0.074138369411230101 0.022976452484726909 0.028834870085120205 -0.14529926329851148 0.87068966031074535 0.14030418545007708 1.3080088496208193 0.38020190596580511 0.078828133642673506 21.534283638000492
decision_type=2 2 2 2 2 2 2 2 2 2 2 2 2
left_child=4 2 -2 -4 7 12 -7 9 -9 -1 11 -3 -6
right_child=1 10 3 -5 5 6 -8 8 -10 -11 -12 -13 -14
leaf_value=3.8999467294464548e-05 5.0203292252535595e-05 -0.00071492297828769748 -0.0005757340508002266 -0.0019838420657322217 0.0043993331394375241 -0.00082202972664374761 0.00069677387401964304 -0.0016754180667022723 0.00034642272751391872 -0.00044334282148012806 -0.0010405081414799362 0.0013378720492292077 0.0021314819359380412
leaf_weight=8503 236 123 159 182 186 259 791 226 193 555 127 237 221
leaf_count=8503 236 123 159 182 186 259 791 226 193 555 127 237 221
internal_value=-1.44755e-05 -0.000733162 -0.00150558 -0.00257587 5.51925e-05 0.00065749 0.000207346 -3.70438e-05 -0.0011704 1.53096e-05 0.000175305 0.000736301 0.00178701
internal_weight=11998 1064 577 341 10934 1457 1050 9477 419 9058 487 360 407
internal_count=11998 1064 577 341 10934 1457 1050 9477 419 9058 487 360 407
is_linear=0
shrinkage=0.025


Tree=378
num_leaves=15
num_cat=0
split_feature=43 39 40 13 43 31 40 39 43 32 18 9 36 10
split_gain=0.973542 1.64144 1.47832 1.99179 1.59744 1.37315 2.68947 2.23118 0.89481 1.72415 3.17481 1.20015 2.14675 0.823597
threshold=0.027433089911937717 0.93700402975082409 0.95478481054306041 -0.25731857120990748 -0.097601562738418565 0.80925706028938305 1.2256039977073672 1.4017913937568667 0.17153660207986834 0.72612774372100841 0.023534774780273441 0.035164739936590202 0.3074974417686463 0.0073569961823523053
decision_type=2 2 2 2 2 2 2 2 2 2 2 2 2 2
left_child=1 2 3 -1 -4 6 -3 -7 11 10 -10 -2 -13 -11
right_child=8 5 4 -5 -6 7 -8 -9 9 13 -12 12 -14 -15
leaf_value=0.00069361776724743605 0.001121684405150594 0.0011301427929095893 -0.0017863902748606088 -0.00059182513804077318 0.00011298604471508041 -0.00061897391234944088 -0.00041501682477272574 0.0031446039414361562 0.00020194081517788218 0.0037610817309456294 -0.0011509060530206906 0.0036656884269547665 -0.0014380684438562398 8.4269495092066305e-05
leaf_weight=547 1925 1824 604 1395 241 1217 510 177 258 128 231 210 224 2509
leaf_count=547 1925 1824 604 1395 241 1217 510 177 258 128 231 210 224 2509
internal_value=2.8634e-05 -0.000177339 -0.000636193 -0.000251027 -0.00150735 0.000164412 0.00053602 -0.000453002 0.000274363 -1.19761e-06 -0.00135881 0.000641392 -0.00053246 0.000250284
internal_weight=12000 6515 2787 1942 845 3728 2334 1394 5485 3126 489 2359 434 2637
internal_count=12000 6515 2787 1942 845 3728 2334 1394 5485 3126 489 2359 434 2637
is_linear=0
shrinkage=0.025


Tree=379
num_leaves=11
num_cat=0
split_feature=35 40 48 38 34 35 37 36 36 12
split_gain=0.756795 1.9039 3.45297 1.42086 1.27908 1.17479 1.14743 0.765264 0.716759 0.105048
threshold=-0.12642512470483777 0.98315271735191356 0.74303007125854503 -0.160966582596302 -0.042106898501515382 -0.013721846509724854 0.01966839283704758 0.30984233319759374 0.12020405381917955 -0.17077417671680448
decision_type=2 2 2 2 2 2 2 2 2 2
left_child=1 8 -3 7 5 -5 -6 9 -1 -2
right_child=3 2 -4 4 6 -7 -8 -9 -10 -11
leaf_value=0.00063767833534777996 0.0043903775072952666 -0.0027245355022280471 0.0010494030343521552 0.00014666015328000534 1.2108215477187623e-05 -0.0010449956519415363 0.0012624112443451931 0.00035032504354030094 -0.00013075382712742349 0.0035838619166679536
leaf_weight=226 219 170 149 351 8592 651 1251 169 136 133
leaf_count=226 219 170 149 351 8592 651 1251 169 136 133
internal_value=5.27922e-05 -0.000752551 -0.00214892 0.000101904 3.97466e-05 -0.000808093 0.000127056 0.0013712 0.000473433 0.00202731
internal_weight=12047 681 319 11366 10845 1002 9843 521 362 352
internal_count=12047 681 319 11366 10845 1002 9843 521 362 352
is_linear=0
shrinkage=0.025


Tree=380
num_leaves=13
num_cat=0
split_feature=4 45 36 35 35 10 37 0 39 21 40 20
split_gain=0.914189 1.30333 1.11808 2.66589 1.48062 1.01554 0.94644 0.614518 0.35119 0.468482 0.275422 0.0894953
threshold=-0.12322313338518141 0.057776963338255889 0.20684999227523806 0.12934804707765582 0.15930587798357013 0.01618131343275309 0.020802550017833713 0.0023264711489900951 0.93462777137756359 46.122762680053718 0.9618208408355714 -0.1328967213630676
decision_type=2 2 2 2 2 2 2 2 2 2 2 2
left_child=5 -2 3 -3 -4 8 7 -7 9 -1 -8 -10
right_child=1 2 4 -5 -6 6 10 -9 11 -11 -12 -13
leaf_value=-0.00020630299337310042 -0.0013215883525758902 4.0025196696587041e-05 -0.00011610260806446622 -0.0010092138370307233 0.00052186369514970431 -1.7234404981460227e-05 0.0007777167201934509 -0.00049384683438699227 0.00014955777278096829 0.001286268325131358 3.6555905794888231e-05 0.0020950027119414007
leaf_weight=166 180 2824 2715 1072 3891 176 155 144 155 218 121 238
leaf_count=166 180 2824 2715 1072 3891 176 155 144 155 218 121 238
internal_value=2.95399e-05 -4.80723e-05 -1.0826e-05 -0.000347026 0.000186621 0.000635885 -0.000131032 -0.00105769 0.00122922 0.000652314 0.000920819 0.00176193
internal_weight=12055 10682 10502 3896 6606 1373 596 320 777 384 276 393
internal_count=12055 10682 10502 3896 6606 1373 596 320 777 384 276 393
is_linear=0
shrinkage=0.025


Tree=381
num_leaves=13
num_cat=0
split_feature=28 31 46 40 40 17 48 6 18 21 21 24
split_gain=1.0706 1.58378 2.62643 2.75681 1.45448 1.93788 1.49506 0.787582 0.98501 0.688808 0.708142 0.235571
threshold=0.42499999701976782 0.48858132958412176 0.57171678543090831 1.2182211279869082 0.86464822292327892 1.3022539615631106 0.10491563007235528 0.068921152502298369 -0.063958033919334398 52.494588851928718 46.94660949707032 20.621299743652347
decision_type=2 2 2 2 2 2 2 2 2 2 2 2
left_child=7 2 3 -2 5 -3 -6 9 -9 10 -1 -11
right_child=1 4 -4 -5 6 -7 -8 8 -10 11 -12 -13
leaf_value=0.00027720475545938388 -3.4693907896658293e-05 0.0010173588997398598 -0.0035111696239069692 -0.001187161413508421 -0.0018110999885659598 -0.00201315376598927 -2.7882039524308893e-07 0.00047351926403302758 -0.00064084961574055249 0.0001806093372434778 -0.00068989571207811755 0.0014781516597635643
leaf_weight=1709 1912 1915 192 196 145 130 4610 132 133 226 314 373
leaf_count=1709 1912 1915 192 196 145 130 4610 132 133 226 314 373
internal_value=9.47508e-05 -3.77539e-05 -0.000604664 -0.000342522 0.00015338 0.000710366 -8.53465e-05 0.000513918 -0.000763889 0.00064665 0.000419749 0.0013928
internal_weight=11987 9100 2300 2108 6800 2045 4755 2887 265 2622 2023 599
internal_count=11987 9100 2300 2108 6800 2045 4755 2887 265 2622 2023 599
is_linear=0
shrinkage=0.025


Tree=382
num_leaves=7
num_cat=0
split_feature=13 46 14 30 36 47
split_gain=0.769752 1.16057 1.97423 0.940311 0.972378 0.852516
threshold=-0.51446783542633046 0.038517974317073829 0.46680118143558508 0.500807285308838 0.12093919515609743 0.48606015741825109
decision_type=2 2 2 2 2 2
left_child=-1 2 -2 5 -5 -3
right_child=1 3 -4 4 -6 -7
leaf_value=0.001930776400142871 5.7295244888954553e-05 0.0001218672604804917 -0.001964280448074081 -0.00015226021091214317 0.0011148573619016266 -0.00016880246726409234
leaf_weight=139 233 4740 132 674 1559 4559
leaf_count=139 233 4740 132 674 1559 4559
internal_value=3.18704e-05 9.34726e-06 -0.00136824 5.40653e-05 0.00051441 -5.60242e-05
internal_weight=12036 11897 365 11532 2233 9299
internal_count=12036 11897 365 11532 2233 9299
is_linear=0
shrinkage=0.025


Tree=383
num_leaves=10
num_cat=0
split_feature=17 46 44 36 3 3 30 46 13
split_gain=0.808176 1.15646 2.98706 1.0748 1.24463 1.06537 0.736579 0.46471 1.10073
threshold=-0.26405790448188776 0.10491563007235528 0.015278893522918226 -0.080900985747575746 -0.28105714917182917 0.064796704798936858 -0.11876210570335387 0.077035948634147658 -0.36136460304260248
decision_type=2 2 2 2 2 2 2 2 2
left_child=7 2 -2 6 -5 -4 -3 8 -1
right_child=1 3 5 4 -6 -7 -8 -9 -10
leaf_value=0.0017650105798159696 -0.0033738910703647522 -0.00020273860621606665 0.00037460651675046949 -0.00069286920167575252 2.869217033890061e-05 -0.00051383827662933128 0.002454877468674321 0.0042247453135718363 -0.0010189386113680179
leaf_weight=220 211 156 309 313 9889 265 335 219 122
leaf_count=220 211 156 309 313 9889 265 335 219 122
internal_value=4.28638e-05 -2.06818e-06 -0.000925633 6.55497e-05 9.67483e-06 6.47678e-06 0.00120212 0.000965106 0.000356628
internal_weight=12039 11478 785 10693 10202 574 491 561 342
internal_count=12039 11478 785 10693 10202 574 491 561 342
is_linear=0
shrinkage=0.025


Tree=384
num_leaves=12
num_cat=0
split_feature=4 3 26 9 5 10 36 1 40 39 10
split_gain=0.909781 1.12443 0.94657 2.26316 1.17235 0.920491 0.840561 0.6573 0.652104 0.464576 0.181985
threshold=-0.12902899831533429 -0.31594105064868921 0.016961313784122471 0.024783589877188209 -0.080808445811271654 0.014236741699278356 0.1064651980996132 -0.0055841987486928693 1.1814149022102358 0.84160640835762035 0.012566480319947006
decision_type=2 2 2 2 2 2 2 2 2 2 2
left_child=5 -2 3 -3 -4 9 8 -8 -7 -1 -11
right_child=1 2 4 -5 -6 6 7 -9 -10 10 -12
leaf_value=0.00026497648378908837 -0.0012506537819007878 -6.5030831817694347e-05 0.0014356104535446512 -0.0017362442307560029 2.9711356666049668e-05 0.00086675069824792249 -0.00085443110581484853 0.00026154740877527485 -0.00042510877611229389 0.0013960551559482916 0.00038236611241379353
leaf_weight=185 148 1354 565 196 8467 305 149 128 121 305 135
leaf_count=185 148 1354 565 196 8467 305 149 128 121 305 135
internal_value=8.8183e-05 1.1062e-05 4.2387e-05 -0.000526527 0.000140948 0.000704239 7.23871e-05 -0.00097961 0.000774362 0.00139881 0.00183989
internal_weight=12058 10730 10582 1550 9032 1328 703 277 426 625 440
internal_count=12058 10730 10582 1550 9032 1328 703 277 426 625 440
is_linear=0
shrinkage=0.025


Tree=385
num_leaves=14
num_cat=0
split_feature=43 39 0 9 40 37 45 32 18 36 22 27 13
split_gain=0.912218 1.69569 1.53249 1.25853 1.55296 1.185 0.922628 1.37652 1.59422 1.24268 1.0181 0.736892 0.323899
threshold=0.029811400920152668 0.93700402975082409 0.032329259440302856 0.018841168843209747 0.78739589452743541 0.011736339423805477 0.81896552443504345 0.71105635166168224 0.023534774780273441 0.5289275348186494 1.0860151052474978 0.0018293076427653434 -0.17405591160058972
decision_type=2 2 2 2 2 2 2 2 2 2 2 2 2
left_child=1 2 5 12 -5 -1 10 8 -8 -9 11 -2 -3
right_child=6 3 -4 4 -6 -7 7 9 -10 -11 -12 -13 -14
leaf_value=-0.00090776590116768956 0.00018610463155585168 0.0024632491830412122 -0.002108882392558561 -0.0021535386602438296 7.4452108879864243e-05 -4.289489609160999e-06 5.1760171398173838e-05 0.00015634320144557829 -0.0011422811342514782 -0.0015820368724547191 -0.00058437879855587549 0.0011439081353138603 0.00061776737597768569
leaf_weight=993 1609 204 204 143 3263 1600 158 1875 147 153 151 1398 120
leaf_count=993 1609 204 204 143 3263 1600 158 1875 147 153 151 1398 120
internal_value=5.72861e-05 -0.000141802 -0.000607155 0.000205823 6.11992e-05 -0.000437356 0.000294987 -7.9662e-05 -0.00163306 0.000154329 0.000573427 0.000676046 0.00168313
internal_weight=12018 6527 2797 3730 3406 2593 5491 2333 305 2028 3158 3007 324
internal_count=12018 6527 2797 3730 3406 2593 5491 2333 305 2028 3158 3007 324
is_linear=0
shrinkage=0.025


Tree=386
num_leaves=11
num_cat=0
split_feature=35 16 36 36 24 48 26 39 6 35
split_gain=0.99332 1.44677 1.18901 2.0752 1.19926 1.18502 1.97894 1.29718 1.08178 0.457322
threshold=0.22202219814062121 0.032484035938978202 0.12280745804309846 0.31840151548385626 18.543002128601078 0.97212031483650219 0.03111367113888264 1.0696486830711367 0.036737620830535896 0.36367388069629675
decision_type=2 2 2 2 2 2 2 2 2 2
left_child=1 5 8 9 -5 7 -7 -1 -2 -4
right_child=2 -3 3 4 -6 6 -8 -9 -10 -11
leaf_value=-6.7446529772549496e-05 -0.0010670760169552444 -0.0009654965493629098 0.0033549104667397983 -0.00087805282261970677 0.00029685367495130586 0.00015684900338798209 -0.0019885420369595316 0.00021417814717877457 0.00088305021888750255 7.7580115072605225e-05
leaf_weight=5570 195 236 533 206 2229 160 131 2556 122 120
leaf_count=5570 195 236 533 206 2229 160 131 2556 122 120
internal_value=6.5386e-05 -7.63744e-05 0.000427053 0.000578322 0.000238217 -2.09272e-05 -0.00157517 3.48974e-05 -0.0010132 0.00182561
internal_weight=12058 8653 3405 3088 2435 8417 291 8126 317 653
internal_count=12058 8653 3405 3088 2435 8417 291 8126 317 653
is_linear=0
shrinkage=0.025


Tree=387
num_leaves=14
num_cat=0
split_feature=35 13 46 9 36 38 33 42 31 38 36 31 43
split_gain=1.02968 2.00666 2.92136 2.40025 1.6041 1.44233 1.40426 1.53168 1.10292 1.07912 1.02773 0.937523 0.659924
threshold=0.17212299257516864 -0.23421649634838101 0.1241746135056019 0.027144512161612514 0.11872935295104982 -0.017394313588738438 0.0075751892291009435 0.016024600714445118 0.31417633593082434 -0.12850883603096006 0.52148410677909862 0.9290863871574403 -0.41374517977237696
decision_type=2 2 2 2 2 2 2 2 2 2 2 2 2
left_child=1 3 -3 12 6 10 7 -2 -7 -4 -6 -5 -1
right_child=4 2 9 11 5 8 -8 -9 -10 -11 -12 -13 -14
leaf_value=-3.6220631358997339e-05 -0.00017293131266301229 -0.0035961110894529359 0.00036037134658780724 -0.00066825473367451444 0.0024763668283975309 -0.0011220213984834387 0.00016090085534622718 -0.0018430916411008654 0.00013186877682498416 -0.00030591137571389751 -6.0169801824420241e-05 0.00026029615944126052 0.0011095556565801172
leaf_weight=151 137 184 920 770 1179 135 229 122 2556 3801 284 476 1048
leaf_count=151 137 184 920 770 1179 135 229 122 2556 3801 284 476 1048
internal_value=4.1573e-05 -0.00014191 -0.000434063 0.000441327 0.00033328 0.000493809 -0.00101166 -0.00225852 0.000146977 -0.000310252 0.00112483 -0.000322742 0.00123858
internal_weight=11992 7350 4905 2445 4642 4154 488 259 2691 4721 1463 1246 1199
internal_count=11992 7350 4905 2445 4642 4154 488 259 2691 4721 1463 1246 1199
is_linear=0
shrinkage=0.025


Tree=388
num_leaves=8
num_cat=0
split_feature=2 35 20 45 38 44 42
split_gain=0.969525 0.888216 1.35138 1.21894 1.08112 0.862227 0.566857
threshold=-0.25778657197952265 -0.12642512470483777 -0.091588918119668947 0.59097579121589672 -0.15496248006820676 0.026096783578395847 0.082291346043348326
decision_type=2 2 2 2 2 2 2
left_child=-1 2 -2 -4 6 -6 -3
right_child=1 4 3 -5 5 -7 -8
leaf_value=0.0014092699746091947 -0.0017303913241724018 0.0024429016381534822 0.001611344896286967 -0.00034941901174610128 5.9626131354211533e-05 -0.00023335702831567807 -6.1082579148587075e-05
leaf_weight=194 129 437 168 274 8394 2321 121
leaf_count=194 129 437 168 274 8394 2321 121
internal_value=4.68115e-05 1.71956e-05 -0.00093967 -0.000254474 6.66121e-05 9.91147e-06 0.00113455
internal_weight=12038 11844 571 442 11273 10715 558
internal_count=12038 11844 571 442 11273 10715 558
is_linear=0
shrinkage=0.025


Tree=389
num_leaves=12
num_cat=0
split_feature=29 21 22 34 18 14 10 41 4 35 16
split_gain=0.831441 0.927255 1.11433 1.06559 1.00647 0.825254 0.786145 0.55747 0.329243 0.552282 0.171629
threshold=0.095260854810476317 78.031425476074233 0.82805645465850841 0.14313192665576938 0.075318742543458952 0.97212031483650219 0.019385661929845813 0.44694916903972631 0.40711972117424017 0.21986449509859088 0.024139283224940303
decision_type=2 2 2 2 2 2 2 2 2 2 2
left_child=1 2 6 7 -4 8 -1 -3 -2 -10 -5
right_child=5 3 4 10 -6 -7 -8 -9 9 -11 -12
leaf_value=0.00013245445085989128 0.0053168481539745552 0.0035481023296076671 -0.00012572242792584392 0.0008005708775944084 -0.00092135839912005379 -0.00045035528331510894 -0.00013658410860042992 -0.00029666516738143027 -0.00010881824158757763 0.0028587620640710271 0.0043545735711413066
leaf_weight=5152 191 152 1786 162 443 128 2992 550 120 123 203
leaf_count=5152 191 152 1786 162 443 128 2992 550 120 123 203
internal_value=3.32099e-05 -1.256e-05 -8.53969e-05 0.0006868 -0.000580237 0.000967813 4.9546e-05 0.000104314 0.00148918 0.000811492 0.00177365
internal_weight=12002 11440 10373 1067 2229 562 8144 702 434 243 365
internal_count=12002 11440 10373 1067 2229 562 8144 702 434 243 365
is_linear=0
shrinkage=0.025


Tree=390
num_leaves=9
num_cat=0
split_feature=29 38 38 38 34 35 36 36
split_gain=0.91222 0.821624 1.25129 1.59793 1.42176 0.985568 1.75485 1.6252
threshold=0.099531304091215148 -0.018733770586550232 -0.0098126814700663072 -0.011185207404196261 0.16881616413593295 0.17999824136495593 0.40653789043426519 0.12179111316800119
decision_type=2 2 2 2 2 2 2 2
left_child=1 5 3 -3 -4 6 -1 -7
right_child=-2 2 4 -5 -6 7 -8 -9
leaf_value=9.8758953308732592e-05 0.002500538016475937 -4.9212048338186836e-05 -0.0001617042159199252 -0.0009220109004666314 0.0012309711336230093 -0.0011329269554018991 -0.00080000551342649837 0.0017304421031232012
leaf_weight=5255 121 347 3091 183 813 189 679 1360
leaf_count=5255 121 347 3091 183 813 189 679 1360
internal_value=3.6432e-05 1.35255e-05 -0.000255407 -0.00139019 -9.81708e-05 0.000173778 2.58883e-05 0.000734395
internal_weight=12038 11917 4434 530 3904 7483 5934 1549
internal_count=12038 11917 4434 530 3904 7483 5934 1549
is_linear=0
shrinkage=0.025


Tree=391
num_leaves=6
num_cat=0
split_feature=2 3 3 43 40
split_gain=0.804386 0.755252 0.99848 1.57563 1.38648
threshold=-0.25778657197952265 0.71032688021659862 0.20410848408937457 0.35159492492675787 0.85936430096626293
decision_type=2 2 2 2 2
left_child=-1 2 3 -2 -4
right_child=1 -3 4 -5 -6
leaf_value=0.0011718017301664484 -1.4394621580150067e-05 -0.0014401271176905112 0.0012482513288222022 -0.00096083404974564655 4.077757957273304e-05
leaf_weight=191 7331 197 1204 350 2781
leaf_count=191 7331 197 1204 350 2781
internal_value=5.00664e-05 2.3277e-05 5.00172e-05 -0.000115957 0.000371241
internal_weight=12054 11863 11666 7681 3985
internal_count=12054 11863 11666 7681 3985
is_linear=0
shrinkage=0.025


Tree=392
num_leaves=6
num_cat=0
split_feature=36 41 48 40 29
split_gain=0.939079 0.949808 0.833288 2.71421 1.04241
threshold=-0.11288800090551375 0.059287043288350112 0.057776963338255889 0.47328618168830877 0.065145969390869155
decision_type=2 2 2 2 2
left_child=-1 -2 4 -4 -3
right_child=1 2 3 -5 -6
leaf_value=0.0021380524227278099 -0.00063942220247474851 0.0020720413639622143 -0.001982716858028595 2.5468000583688446e-05 -0.00016438022246246804
leaf_weight=236 127 347 146 11002 192
leaf_count=236 127 347 146 11002 192
internal_value=4.71797e-05 1.5124e-05 3.94501e-05 -6.61248e-06 0.000994945
internal_weight=12050 11814 11687 11148 539
internal_count=12050 11814 11687 11148 539
is_linear=0
shrinkage=0.025


Tree=393
num_leaves=10
num_cat=0
split_feature=17 43 11 44 9 30 36 16 41
split_gain=1.19736 0.89229 1.21107 1.76603 1.01914 1.39729 1.11547 0.403528 0.129125
threshold=-0.36830811202526087 0.027433089911937717 0.029787535779178146 0.025753145106136802 0.034688377752900131 -0.61392408609390248 0.14181652665138247 0.023461837321519855 0.65984201431274425
decision_type=2 2 2 2 2 2 2 2 2
left_child=8 2 3 -2 6 -6 -3 -4 -1
right_child=1 4 7 -5 5 -7 -8 -9 -10
leaf_value=0.0054024380176484555 -5.6920127267281454e-05 -4.5010645536069055e-05 0.00010275256427741274 -0.001461350556738476 -0.0012486673253341712 -3.7717934453750806e-05 0.00097216077500115322 0.0025646291557196443 0.00049982312289872086
leaf_weight=135 5353 1455 139 645 122 1401 2538 149 153
leaf_count=135 5353 1455 139 645 122 1401 2538 149 153
internal_value=3.61729e-06 -3.50427e-05 -0.000239032 -0.0003163 0.000196296 -0.000350949 0.000406766 0.00132679 0.00158276
internal_weight=12090 11802 6286 5998 5516 1523 3993 288 288
internal_count=12090 11802 6286 5998 5516 1523 3993 288 288
is_linear=0
shrinkage=0.025


Tree=394
num_leaves=15
num_cat=0
split_feature=28 16 16 28 36 37 6 3 36 31 36 37 30 32
split_gain=0.812658 0.902986 1.33293 1.72245 1.46307 1.06758 1.08548 0.695168 1.89733 0.982093 0.886403 1.10966 0.796452 0.631033
threshold=0.42499999701976782 0.024139283224940303 0.022667651996016506 0.62500000000000011 0.48658607900142675 0.010309265460819008 0.045519854873418815 -0.044913578778505318 0.31531766057014471 0.81814804673194896 0.11280040815472604 0.011350933462381365 0.58990773558616649 0.81308230757713329
decision_type=2 2 2 2 2 2 2 2 2 2 2 2 2 2
left_child=7 2 4 -4 -2 -3 -7 8 12 -10 11 -9 -1 -12
right_child=1 5 3 -5 -6 6 -8 10 9 -11 13 -13 -14 -15
leaf_value=0.00045920129188680358 2.0891815964372787e-05 0.0021425103814023123 -0.00032360940315768073 -0.0026681229424204049 -0.0012054153939051989 0.00059803442380483617 -0.00036351010617398854 0.00078062979731459165 -7.2151811409586921e-05 -0.0025166508106359521 0.00010150809197474362 -0.0011256079427930062 -0.00071130622216955433 0.0016986856988595166
leaf_weight=844 5186 483 849 202 296 1231 872 305 164 140 340 267 121 716
leaf_count=844 5186 483 849 202 296 1231 872 305 164 140 340 267 121 716
internal_value=5.27203e-05 -6.26095e-05 -0.000219677 -0.00103338 -6.17367e-05 0.000331436 8.36101e-05 0.000417385 -1.66797e-05 -0.00172735 0.000758573 -2.38301e-05 0.000521907 0.00118638
internal_weight=12016 9119 6533 1051 5482 2586 2103 2897 1269 304 1628 572 965 1056
internal_count=12016 9119 6533 1051 5482 2586 2103 2897 1269 304 1628 572 965 1056
is_linear=0
shrinkage=0.025


Tree=395
num_leaves=11
num_cat=0
split_feature=35 48 5 42 41 27 13 24 46 23
split_gain=0.935424 1.9721 1.66115 1.44831 1.19535 0.908893 0.720676 1.0962 0.362945 0.161803
threshold=0.41086395084857946 0.26724137365818029 0.98991194367408764 -0.10209163278341292 0.84223756194114696 -0.009864144027233122 -0.27466306090354914 32.967800140380866 0.54310345649719249 0.18623474240303042
decision_type=2 2 2 2 2 2 2 2 2 2
left_child=3 -2 -3 6 5 -5 7 -1 -8 -6
right_child=1 2 -4 4 9 -7 8 -9 -10 -11
leaf_value=-0.0001208943533537069 0.0023091003116712818 -0.0032512218515814983 -0.00010068606648930875 -0.00088566806698076896 0.0024045015141307101 7.6857388884514563e-06 0.0015169028560027404 0.0013695619815483067 0.00011159780204707303 0.0002115418873858254
leaf_weight=378 138 191 170 501 168 9299 527 134 385 120
leaf_count=378 138 191 170 501 168 9299 527 134 385 120
internal_value=6.83465e-05 -0.000984623 -0.00195697 0.000114939 8.79332e-06 -3.76083e-05 0.000859867 9.42941e-05 0.00127999 0.00158276
internal_weight=12011 499 361 11512 10088 9800 1424 512 912 288
internal_count=12011 499 361 11512 10088 9800 1424 512 912 288
is_linear=0
shrinkage=0.025


Tree=396
num_leaves=8
num_cat=0
split_feature=41 47 45 40 8 40 31
split_gain=1.1292 1.03949 1.74858 0.859677 1.85367 0.895491 0.607913
threshold=0.059287043288350112 0.86720469594001781 0.99137932062149059 1.3232291340827944 0.023361343890428547 0.71992748975753795 0.87268576025962841
decision_type=2 2 2 2 2 2 2
left_child=-1 3 6 5 -5 -2 -3
right_child=1 2 -4 4 -6 -7 -8
leaf_value=-0.00069132850384450849 -0.00025664807171387827 0.0033226100864998118 -0.0014970900926478867 2.7647592266174562e-05 -0.0018444108367777039 6.0211463938516358e-05 0.00028364252669979301
leaf_weight=128 1185 344 137 231 203 8770 1012
leaf_count=128 1185 344 137 231 203 8770 1012
internal_value=4.31753e-05 6.92985e-05 0.00068508 -1.8881e-05 -0.00110194 2.8238e-05 0.000961609
internal_weight=12010 11882 1493 10389 434 9955 1356
internal_count=12010 11882 1493 10389 434 9955 1356
is_linear=0
shrinkage=0.025


Tree=397
num_leaves=9
num_cat=0
split_feature=31 17 40 20 3 29 17 38
split_gain=0.897621 1.40231 1.2969 1.208 1.1782 1.11296 1.08174 0.314229
threshold=2.4081935882568364 0.88747718930244457 0.808283030986786 0.65901455283164989 0.60100480914115917 0.095253404229879393 0.84763151407241832 -0.072625271975994096
decision_type=2 2 2 2 2 2 2 2
left_child=4 -2 -3 -4 5 6 -1 -7
right_child=1 2 3 -5 -6 7 -8 -9
leaf_value=1.2480410305171501e-05 -0.0015926619235399821 -0.0011381473554720458 -0.00068402480267695592 0.0020695642358356066 -0.0016138570082939883 0.00018011287348810575 0.00072481619702493476 0.003832651636297587
leaf_weight=9037 178 235 375 371 167 182 1330 205
leaf_count=9037 178 235 375 371 167 182 1330 205
internal_value=8.22301e-05 -0.000576675 -0.000193965 0.000311252 0.000152961 0.00018624 0.000136064 0.00149554
internal_weight=12080 1159 981 746 10921 10754 10367 387
internal_count=12080 1159 981 746 10921 10754 10367 387
is_linear=0
shrinkage=0.025


Tree=398
num_leaves=6
num_cat=0
split_feature=2 37 36 36 17
split_gain=0.933084 0.732423 0.789486 1.66796 1.43989
threshold=-0.28105409443378443 0.0071191173046827325 0.23131252825260165 0.31316432356834417 0.97379055619239818
decision_type=2 2 2 2 2
left_child=-1 -2 4 -4 -3
right_child=1 2 3 -5 -6
leaf_value=0.0015371453055337977 0.0025215194929503696 -0.00015199603339262214 0.00066883551453860747 -2.1270371145651896e-05 0.0013257377300818969
leaf_weight=143 151 4785 1742 4815 374
leaf_count=143 151 4785 1742 4815 374
internal_value=6.19019e-05 3.67462e-05 1.35442e-05 0.000196015 -0.000217128
internal_weight=12010 11867 11716 6557 5159
internal_count=12010 11867 11716 6557 5159
is_linear=0
shrinkage=0.025


Tree=399
num_leaves=12
num_cat=0
split_feature=38 22 16 35 38 18 24 15 41 27 14
split_gain=0.798046 1.73267 0.96055 1.05551 1.15832 1.14526 0.887141 0.616572 0.591858 0.315953 0.156471
threshold=-0.16737131774425504 0.81749999523162853 0.014987379312515261 0.17836615443229678 -0.055911861360073083 -0.089405409991741167 23.375610351562504 0.71551722288131725 0.80271160602569591 0.0029378249309957032 0.42828319966793066
decision_type=2 2 2 2 2 2 2 2 2 2 2
left_child=1 8 6 5 -5 -4 7 -2 10 -8 -1
right_child=2 -3 3 4 -6 -7 9 -9 -10 -11 -12
leaf_value=0.0018878082538873423 -0.00020683338561189172 -0.00092645308250949635 -0.00080200691237895772 0.0022046185843165042 1.1874258117627953e-05 -0.00010517280775063922 0.0023613769498277881 0.0036298565464823631 9.6240715824520007e-05 0.00039742673987047607 0.0010454081066190678
leaf_weight=226 492 129 134 617 3727 5447 350 133 180 238 321
leaf_count=226 492 129 134 617 3727 5447 350 133 180 238 321
internal_value=3.15652e-05 0.000765099 -2.45669e-05 -0.000106369 0.000184813 -0.000334094 0.000637315 -9.92054e-06 0.00124488 0.0013301 0.00165082
internal_weight=11994 856 11138 9925 4344 5581 1213 625 727 588 547
internal_count=11994 856 11138 9925 4344 5581 1213 625 727 588 547
is_linear=0
shrinkage=0.025


Tree=400
num_leaves=8
num_cat=0
split_feature=46 48 35 26 16 16 37
split_gain=0.81772 0.718417 1.64729 2.01599 0.768118 0.95294 0.630559
threshold=0.019258987158536914 0.97212031483650219 0.20559851080179217 0.029660051688551906 0.014954317361116411 0.025451495312154297 0.0087030599825084227
decision_type=2 2 2 2 2 2 2
left_child=-1 4 3 -3 6 -6 -2
right_child=1 2 -4 -5 5 -7 -8
leaf_value=-0.00032378029865244378 0.0023060595053629837 5.0646469677616816e-05 0.0038196700651885167 -0.0020847047670749523 -4.8874346663327161e-05 0.00026907063482638341 0.00017728750717711827
leaf_weight=202 398 134 121 129 7606 2699 709
leaf_count=202 398 134 121 129 7606 2699 709
internal_value=4.07191e-05 6.85324e-05 -0.000986504 -0.00209422 0.000104997 3.69788e-05 0.000729541
internal_weight=11998 11796 384 263 11412 10305 1107
internal_count=11998 11796 384 263 11412 10305 1107
is_linear=0
shrinkage=0.025


Tree=401
num_leaves=12
num_cat=0
split_feature=28 26 46 34 31 31 18 26 8 19 45
split_gain=0.909497 0.957628 1.49964 1.01366 1.00144 1.1777 0.884286 0.665693 1.86806 1.0338 0.256338
threshold=0.42499999701976782 0.020621479488909248 0.038517974317073829 0.078070748597383513 0.20583738386631015 0.47551032900810247 0.011911137960851194 0.037968639284372337 0.037389965727925308 -0.00099969597067683913 0.65737342834472667
decision_type=2 2 2 2 2 2 2 2 2 2 2
left_child=7 4 -3 -4 6 -6 -2 8 9 -1 -9
right_child=1 2 3 -5 5 -7 -8 10 -10 -11 -12
leaf_value=5.5965666266166076e-05 -0.00018575703816407549 -0.0010901075636185924 -6.7942524924411576e-05 0.00040208290344781282 -0.00097115911032424939 -9.5874851502124179e-05 0.00074677799177499547 0.0023638695019780418 -0.0016308624688551095 0.0010287478100321867 0.00023146575081072623
leaf_weight=1708 281 166 3355 2626 890 1606 244 178 143 709 152
leaf_count=1708 281 166 3355 2626 890 1606 244 178 143 709 152
internal_value=3.42992e-05 -8.70761e-05 9.12306e-05 0.000158077 -0.000451504 -0.000661235 0.00053066 0.000420985 0.000280215 0.000448493 0.00147388
internal_weight=12058 9168 6147 5981 3021 2496 525 2890 2560 2417 330
internal_count=12058 9168 6147 5981 3021 2496 525 2890 2560 2417 330
is_linear=0
shrinkage=0.025


Tree=402
num_leaves=8
num_cat=0
split_feature=31 9 36 40 36 44 44
split_gain=0.793023 0.83445 0.877616 1.51502 1.23183 0.676313 0.718848
threshold=0.023493722081184391 0.017523327842354778 0.22429378330707553 0.58263176679611217 0.31316432356834417 0.014981710817664863 0.012296299915760757
decision_type=2 2 2 2 2 2 2
left_child=-1 5 3 -3 -4 6 -2
right_child=1 2 4 -5 -6 -7 -8
leaf_value=-0.00037025312458706145 0.00025691078266000224 -0.0011640459298230029 0.00060622242251963843 -5.0233318322953268e-05 -1.082682906737902e-05 -0.0017356876979760479 0.0015716513552430406
leaf_weight=128 533 277 1740 4145 4574 127 478
leaf_count=128 533 277 1740 4145 4574 127 478
internal_value=4.77847e-05 6.97661e-05 8.14729e-07 -0.000268523 0.000190497 0.000711942 0.000931348
internal_weight=12002 11874 10736 4422 6314 1138 1011
internal_count=12002 11874 10736 4422 6314 1138 1011
is_linear=0
shrinkage=0.025


Tree=403
num_leaves=13
num_cat=0
split_feature=38 34 23 35 26 11 39 35 12 17 32 42
split_gain=0.875447 1.29184 1.60851 1.1834 1.17318 0.982613 1.28156 0.793 1.33027 1.14857 0.790748 0.259896
threshold=-0.16737131774425504 -0.031133387237787243 0.27353714406490331 -0.11959445476531981 0.035829942673444755 0.030126702040433887 0.90373605489730846 0.2033398970961571 -0.085241548717021928 0.071522340178489699 1.1118931174278261 0.041273629292845733
decision_type=2 2 2 2 2 2 2 2 2 2 2 2
left_child=3 2 10 5 -4 6 -1 9 -9 -3 -2 -5
right_child=1 7 4 11 -6 -7 -8 8 -10 -11 -12 -13
leaf_value=0.00038715359136781398 7.7343777472861151e-05 0.00034002844116839362 -0.0018437661161992266 0.0028740429593663171 -0.0001006771610641328 0.00074268287179084756 -0.0013156918147792394 0.0011546370414207221 7.4152883332316761e-05 -0.00011090920822747663 -0.0014926223085354779 0.003990988958498521
leaf_weight=181 823 1681 138 252 132 153 132 890 2764 4408 354 123
leaf_count=181 823 1681 138 252 132 153 132 890 2764 4408 354 123
internal_value=4.74619e-05 -1.06073e-05 -0.000706784 0.000822991 -0.00243182 -7.96169e-06 -0.000821541 9.2455e-05 0.000383643 -8.14325e-05 -0.000297166 0.00185855
internal_weight=12031 11190 1447 841 270 466 313 9743 3654 6089 1177 375
internal_count=12031 11190 1447 841 270 466 313 9743 3654 6089 1177 375
is_linear=0
shrinkage=0.025


Tree=404
num_leaves=11
num_cat=0
split_feature=38 34 37 29 22 40 5 24 5 39
split_gain=0.828468 1.10825 1.45529 1.12493 1.08836 0.992692 0.90056 0.756718 0.521683 0.142312
threshold=-0.16737131774425504 -0.042106898501515382 0.024621151387691501 0.094851560890674605 0.81749999523162853 0.94802120327949535 -0.2022278010845184 33.331874847412116 0.43826192617416387 1.064375162124634
decision_type=2 2 2 2 2 2 2 2 2 2
left_child=4 3 6 5 7 -2 -3 9 -4 -1
right_child=1 2 8 -5 -6 -7 -8 -9 -10 -11
leaf_value=0.0011346022907848369 0.00017035281995284374 0.00078216814536216867 0.0044700913212245407 -0.0018950218852175874 -0.0008639086817593208 -0.00071821724580252303 -2.5232241017549914e-05 -2.792439364651945e-05 0.00074836185390191403 0.0023790867236812398
leaf_weight=339 486 600 277 131 130 557 8787 199 296 191
leaf_count=339 486 600 277 131 130 557 8787 199 296 191
internal_value=5.428e-05 -3.0298e-06 8.21627e-05 -0.000728371 0.000800058 -0.000440124 6.5216e-06 0.00118018 0.00129974 0.00167056
internal_weight=11993 11134 9960 1174 859 1043 9387 729 573 530
internal_count=11993 11134 9960 1174 859 1043 9387 729 573 530
is_linear=0
shrinkage=0.025


Tree=405
num_leaves=9
num_cat=0
split_feature=30 35 36 17 14 35 17 3
split_gain=0.706351 0.763297 1.3147 1.29312 1.22039 1.01361 1.6 1.3844
threshold=-1.4521878361701963 0.17999824136495593 0.1064651980996132 1.4175644516944887 0.48606015741825109 0.12934804707765582 0.25816486775875097 0.19930185377597812
decision_type=2 2 2 2 2 2 2 2
left_child=-1 5 4 -4 -3 7 -7 -2
right_child=1 2 3 -5 -6 6 -8 -9
leaf_value=0.0020768103645689069 -3.9180801701173615e-05 0.00085889006761984913 0.00046086989725474954 -0.0016408898081417872 -0.001689803967282906 0.00018717528017266814 -0.0010719952513745124 0.00051276199180995603
leaf_weight=195 5030 123 3961 130 144 627 1064 805
leaf_count=195 5030 123 3961 130 144 627 1064 805
internal_value=5.72038e-05 3.18573e-05 0.000295382 0.00040802 -0.00138327 -0.000120004 -0.000658166 3.53169e-05
internal_weight=12079 11884 4358 4091 267 7526 1691 5835
internal_count=12079 11884 4358 4091 267 7526 1691 5835
is_linear=0
shrinkage=0.025


Tree=406
num_leaves=15
num_cat=0
split_feature=39 32 47 43 40 44 43 40 40 32 43 35 38 13
split_gain=1.04807 1.30939 1.27732 1.05901 1.02675 1.25957 1.01726 1.89645 1.02315 0.976973 1.70872 1.14849 0.971172 0.409545
threshold=1.0696486830711367 0.7441602647304536 0.48606015741825109 -0.36943022906780237 1.0412343144416811 0.014754174277186395 0.024343061260879043 1.2256039977073672 0.47328618168830877 0.75783559679985057 0.2599580585956574 0.063288077712059035 -0.03455661237239837 -0.093837495893239961
decision_type=2 2 2 2 2 2 2 2 2 2 2 2 2 2
left_child=1 4 3 -2 5 -1 7 -3 -8 10 -4 -11 -6 -5
right_child=2 6 9 13 12 -7 8 -9 -10 11 -12 -13 -14 -15
leaf_value=-0.0015682909332732156 -0.00062249065426266625 -9.163934207731528e-05 0.0012003148515823681 0.0023283544217244834 -0.0024926222057572926 -3.133969847142308e-05 -0.00081507102636757295 -0.002508970091172662 0.00035411644282695227 0.00021092003146025353 -0.0010287318724415658 -0.0003818846199875965 -0.00090033496592536511 0.0015344371481782308
leaf_weight=200 129 3045 598 486 128 1006 179 151 3062 945 121 1541 120 355
leaf_count=200 129 3045 598 486 128 1006 179 151 3062 945 121 1541 120 355
internal_value=3.38622e-05 -0.000135037 0.000354366 0.00114744 -0.000811343 -0.000498555 1.72696e-05 -0.000297954 0.000330022 0.000110981 0.000920235 -0.000121939 -0.00226779 0.00147311
internal_weight=12066 7891 4175 970 1454 1206 6437 3196 3241 3205 719 2486 248 841
internal_count=12066 7891 4175 970 1454 1206 6437 3196 3241 3205 719 2486 248 841
is_linear=0
shrinkage=0.025


Tree=407
num_leaves=13
num_cat=0
split_feature=36 16 23 40 16 35 34 34 36 10 17 11
split_gain=0.897738 2.03943 2.3754 2.54715 1.41527 1.17372 1.16058 1.72575 1.22953 0.858831 0.619158 0.407779
threshold=0.37587220966815954 0.027128291316330436 0.15125241130590442 0.95978605747222911 0.032330494374036796 0.38581290841102606 0.088816870003938689 0.14085444808006289 0.23604474961757663 0.012300153262913229 1.1531603932380678 0.016269923187792305
decision_type=2 2 2 2 2 2 2 2 2 2 2 2
left_child=4 2 3 -2 6 10 8 -8 -1 -4 -3 -7
right_child=1 5 9 -5 -6 11 7 -9 -10 -11 -12 -13
leaf_value=4.7773880140835537e-05 -0.00025425954299352976 0.0026382325589912282 0.0024315746827350947 -0.0022364188607107522 -0.0007153050945140993 0.00048460803389334156 -0.00037632125340823774 0.00075194238186746356 0.0010199041337478948 -0.00017065407859725659 -3.5249366887251591e-05 -0.0011324335996736289
leaf_weight=3945 470 650 279 401 231 121 1644 909 2123 1018 132 144
leaf_count=3945 470 650 279 401 231 121 1644 909 2123 1018 132 144
internal_value=1.33574e-05 -0.000343556 -0.000781753 -0.00178796 0.000143813 0.000557272 0.000196644 -0.000248729 0.000385106 -9.69661e-05 0.0010467 -0.000856481
internal_weight=12067 3215 2168 871 8852 1047 8621 2553 6068 1297 782 265
internal_count=12067 3215 2168 871 8852 1047 8621 2553 6068 1297 782 265
is_linear=0
shrinkage=0.025


Tree=408
num_leaves=5
num_cat=0
split_feature=37 13 45 17
split_gain=0.835502 0.654513 0.808667 0.657503
threshold=0.0071191173046827325 -0.51446783542633046 0.019258987158536914 1.4812478423118594
decision_type=2 2 2 2
left_child=-1 -2 -3 -4
right_child=1 2 3 -5
leaf_value=0.0022484763484018804 0.0018260973712523995 -0.00077811175649773225 2.0933707886845832e-05 -0.001068913001804894
leaf_weight=148 126 155 11379 220
leaf_count=148 126 155 11379 220
internal_value=5.10057e-05 2.68196e-05 6.69709e-06 3.15625e-05
internal_weight=12028 11880 11754 11599
internal_count=12028 11880 11754 11599
is_linear=0
shrinkage=0.025


Tree=409
num_leaves=8
num_cat=0
split_feature=13 31 46 20 5 13 47
split_gain=0.801377 0.665567 2.4092 2.1077 1.80146 1.75395 1.4726
threshold=-0.51446783542633046 0.8807472586631776 0.80080705881118786 0.038763601332902915 0.41159164905548101 -0.12951202690601346 0.14343360066413882
decision_type=2 2 2 2 2 2 2
left_child=-1 2 3 -2 5 -3 -6
right_child=1 4 -4 -5 6 -7 -8
leaf_value=0.0020223094944760178 -8.3921538736166529e-05 -0.0032381542822572038 -0.0025823370451844088 0.00065109751554479501 0.0014171119359082322 -0.00023176434120068253 -0.00011346822756970947
leaf_weight=138 2680 135 201 3096 498 187 5179
leaf_count=138 2680 135 201 3096 498 187 5179
internal_value=-1.5162e-05 -3.78724e-05 0.000148153 0.000243686 -0.000224225 -0.00202982 -0.000119016
internal_weight=12114 11976 5977 5776 5999 322 5677
internal_count=12114 11976 5977 5776 5999 322 5677
is_linear=0
shrinkage=0.025


Tree=410
num_leaves=8
num_cat=0
split_feature=5 46 14 9 9 47 13
split_gain=0.898742 0.895549 3.16102 2.07 0.857225 1.18801 0.612328
threshold=-0.46231107413768763 0.10491563007235528 0.68534484505653392 0.019724255427718166 0.017523327842354778 0.10491563007235528 -0.21093431115150449
decision_type=2 2 2 2 2 2 2
left_child=-1 2 3 -2 6 -6 -3
right_child=1 4 -4 -5 5 -7 -8
leaf_value=0.0024763115426662684 -0.0016527270489171426 0.0035560781457109852 -0.0020607977448346203 0.00021157490789779131 0.0012946126147160017 -1.0816127185153466e-05 0.00031716814799406459
leaf_weight=139 194 289 168 696 662 9083 763
leaf_count=139 194 289 168 696 662 9083 763
internal_value=5.86508e-05 3.42539e-05 -0.000657338 -4.88826e-05 0.000102875 2.88462e-05 0.000779328
internal_weight=11994 11855 1058 890 10797 9745 1052
internal_count=11994 11855 1058 890 10797 9745 1052
is_linear=0
shrinkage=0.025


Tree=411
num_leaves=7
num_cat=0
split_feature=2 35 2 38 16 22
split_gain=1.1479 1.11751 1.49717 1.19292 0.896602 0.819709
threshold=-0.2389637008309364 -0.12642512470483777 -0.040893120691180222 -0.19279731810092923 0.014954317361116411 0.72387400269508373
decision_type=2 2 2 2 2 2
left_child=-1 2 -2 -3 -5 -4
right_child=1 3 5 4 -6 -7
leaf_value=0.0009955737591510732 -0.0015409529889627988 0.0031186927147234564 0.0009144285003945974 0.00069018393988495212 -1.9867408430890594e-05 -0.00068806951565803811
leaf_weight=244 156 236 174 1135 9910 200
leaf_count=244 156 236 174 1135 9910 200
internal_value=4.19777e-05 6.03005e-06 -0.00110981 5.94764e-05 2.09277e-05 -0.000220976
internal_weight=12055 11811 530 11281 11045 374
internal_count=12055 11811 530 11281 11045 374
is_linear=0
shrinkage=0.025


Tree=412
num_leaves=7
num_cat=0
split_feature=2 17 46 25 3 48
split_gain=0.952042 0.762012 1.44609 1.75631 0.796077 0.349392
threshold=-0.25778657197952265 -0.36830811202526087 0.038517974317073829 0.86368206143379223 0.20410848408937457 0.45689655840396887
decision_type=2 2 2 2 2 2
left_child=-1 5 3 -3 -4 -2
right_child=1 2 4 -5 -6 -7
leaf_value=0.0012679760334422161 0.00018327786841093997 3.626210355829238e-05 -4.6198085889393695e-05 -0.0020888707872461338 0.00018337263261027043 0.0017140079849371631
leaf_weight=190 120 122 7192 124 4149 171
leaf_count=190 120 122 7192 124 4149 171
internal_value=3.01293e-05 1.15721e-06 -3.0301e-05 -0.00190737 1.06867e-05 0.00125422
internal_weight=12068 11878 11587 246 11341 291
internal_count=12068 11878 11587 246 11341 291
is_linear=0
shrinkage=0.025


Tree=413
num_leaves=10
num_cat=0
split_feature=24 38 30 21 48 30 5 36 2
split_gain=0.835207 0.968997 1.05124 1.13858 1.10217 0.94165 0.813571 0.732915 0.702793
threshold=52.10882759094239 -0.019290159456431862 0.47949020564556127 64.116134643554702 0.38114453852176672 -1.4521878361701963 0.71502161026000988 0.28122091293334966 0.32588496804237371
decision_type=2 2 2 2 2 2 2 2 2
left_child=1 5 4 -4 -3 -1 -7 -2 -9
right_child=7 2 3 -5 -6 6 -8 8 -10
leaf_value=0.0024028135062443856 -5.4522533218110173e-05 -0.00091647238972363703 0.00064693902238986949 -0.00054116754713101341 -5.7238607130510047e-05 -3.4956858208059429e-05 0.00032560140075669591 0.0040203721699554728 -0.00011097438220550929
leaf_weight=166 190 1069 601 548 1875 5089 2091 283 127
leaf_count=166 190 1069 601 548 1875 5089 2091 283 127
internal_value=-5.91572e-06 -5.4286e-05 -0.000362677 0.000274047 -0.000613343 0.000116821 7.21991e-05 0.00089876 0.00149096
internal_weight=12039 11439 4093 1149 2944 7346 7180 600 410
internal_count=12039 11439 4093 1149 2944 7346 7180 600 410
is_linear=0
shrinkage=0.025


Tree=414
num_leaves=8
num_cat=0
split_feature=3 31 46 26 12 11 35
split_gain=0.718906 1.83462 0.792555 1.22774 0.735238 1.4179 1.01277
threshold=-0.28105714917182917 0.28899222612380987 0.038517974317073829 0.023976945318281654 -0.16632898896932599 0.022216049022972587 -0.12642512470483777
decision_type=2 2 2 2 2 2 2
left_child=1 -1 3 -2 6 -6 -4
right_child=2 -3 4 -5 5 -7 -8
leaf_value=0.00024941055673551222 0.00017204002582089847 -0.00088330032202543806 -0.00057674694438960466 -0.0011418009575246777 6.8598424459597729e-05 -0.00044054715107286473 0.00041113091197324367
leaf_weight=212 198 226 244 154 7943 1305 1729
leaf_count=212 198 226 244 154 7943 1305 1729
internal_value=3.08964e-05 -0.000956546 6.92046e-05 -0.00108894 0.000106561 1.22934e-05 0.00054411
internal_weight=12011 438 11573 352 11221 9248 1973
internal_count=12011 438 11573 352 11221 9248 1973
is_linear=0
shrinkage=0.025


Tree=415
num_leaves=9
num_cat=0
split_feature=37 16 36 39 33 35 31 24
split_gain=0.815404 0.767953 1.98714 1.71746 1.42105 1.16116 0.967091 0.819844
threshold=0.0071191173046827325 0.02702269330620766 0.49448882043361669 0.76423513889312755 0.005092102801427246 0.14329016953706744 3.0958909988403325 28.988999366760257
decision_type=2 2 2 2 2 2 2 2
left_child=-1 2 3 -2 -4 7 -7 -3
right_child=1 5 4 -5 -6 6 -8 -9
leaf_value=0.0024237878193350488 -0.00033958403572871147 0.00020907661194231902 -0.0017042671476563123 7.853254262976374e-05 -0.00055136889320433796 0.0013900751657726388 -0.0015416079183009131 -0.00073020102557662999
leaf_weight=145 2150 395 279 6983 442 1205 138 312
leaf_count=145 2150 395 279 6983 442 1205 138 312
internal_value=4.28282e-05 1.92083e-05 -7.18885e-05 2.74952e-05 -0.00133092 0.000459246 0.000891135 -0.000352879
internal_weight=12049 11904 9854 9133 721 2050 1343 707
internal_count=12049 11904 9854 9133 721 2050 1343 707
is_linear=0
shrinkage=0.025


Tree=416
num_leaves=9
num_cat=0
split_feature=41 47 17 44 47 48 4 41
split_gain=0.894456 1.07023 1.22533 1.08264 0.866444 1.21835 1.16253 0.44004
threshold=0.059287043288350112 0.86720469594001781 0.45425654947757726 0.026096783578395847 0.48606015741825109 0.35326485335826879 -0.11751165241003035 0.61555966734886181
decision_type=2 2 2 2 2 2 2 2
left_child=-1 4 7 -4 6 -6 -2 -3
right_child=1 2 3 -5 5 -7 -8 -9
leaf_value=-0.000742051074649298 0.00059917032444085157 0.0032750156924915572 0.0025879147748397338 -5.6099558075597642e-05 -0.00065846052739360972 -1.695288177072693e-05 1.1650871854568359e-05 0.00040693694715085389
leaf_weight=123 813 353 139 899 879 3572 5195 136
leaf_count=123 813 353 139 899 879 3572 5195 136
internal_value=3.64249e-05 5.91069e-05 0.000676403 0.000180968 -3.07004e-05 -0.000295388 0.000164435 0.00170294
internal_weight=12109 11986 1527 1038 10459 4451 6008 489
internal_count=12109 11986 1527 1038 10459 4451 6008 489
is_linear=0
shrinkage=0.025


Tree=417
num_leaves=8
num_cat=0
split_feature=41 47 17 43 41 47 41
split_gain=0.879323 0.699052 1.52106 0.979714 0.921651 0.897881 0.701051
threshold=0.059287043288350112 0.86720469594001781 1.3430367112159731 0.46753449738025671 0.49920457601547247 0.48606015741825109 0.42200826108455664
decision_type=2 2 2 2 2 2 2
left_child=-1 3 4 5 -3 -2 -5
right_child=1 2 -4 6 -6 -7 -8
leaf_value=-0.00072349979778306536 5.5010758029764741e-05 0.0012908908593104776 -0.0012243848677374243 -2.2459303019128577e-05 8.6759513037803335e-05 -0.0001518880071113286 0.0019081536225826945
leaf_weight=123 5894 698 147 123 656 4174 189
leaf_count=123 5894 698 147 123 656 4174 189
internal_value=1.90483e-05 4.17509e-05 0.000545319 -3.06932e-05 0.000812178 -7.43323e-05 0.00133675
internal_weight=12004 11881 1501 10380 1354 10068 312
internal_count=12004 11881 1501 10380 1354 10068 312
is_linear=0
shrinkage=0.025


Tree=418
num_leaves=14
num_cat=0
split_feature=28 40 48 41 3 35 41 17 9 11 38 22 16
split_gain=1.02225 0.986944 2.28078 2.03302 1.49325 1.43807 1.39437 0.930109 0.67132 0.931939 1.50489 1.19148 0.232337
threshold=0.42499999701976782 0.86978447437286388 0.20983126014471057 0.5029105842113496 -0.28105714917182917 0.14556248486042025 0.60065317153930675 1.1189377307891848 0.038331065326929099 0.016812501475214962 -0.047253534197807305 0.1666371896862984 0.023083547130227092
decision_type=2 2 2 2 2 2 2 2 2 2 2 2 2
left_child=8 5 3 -3 -4 6 -2 -7 9 11 -11 -1 -10
right_child=1 2 4 -5 -6 7 -8 -9 12 10 -12 -13 -14
leaf_value=-0.00029397192101258257 -0.00063840482237670707 -0.00025390784192072551 -0.0013191490935135332 -0.0025804381014889544 -3.476365199390596e-05 0.0013526718306485002 0.0011119942211355164 -0.00095731591775709301 0.00044883483921277225 7.9368865169043913e-05 -0.0015134504403791962 0.0012675312760492114 0.001669856724437011
leaf_weight=321 1024 368 148 207 5309 1393 546 161 183 1078 273 838 188
leaf_count=321 1024 368 148 207 5309 1393 546 161 183 1078 273 838 188
internal_value=-1.25601e-05 -0.000142315 -0.000329427 -0.00182112 -0.000169581 0.000216922 -0.000313492 0.000756094 0.000397176 0.000246024 -0.000196349 0.000765679 0.0013863
internal_weight=12037 9156 6032 575 5457 3124 1570 1554 2881 2510 1351 1159 371
internal_count=12037 9156 6032 575 5457 3124 1570 1554 2881 2510 1351 1159 371
is_linear=0
shrinkage=0.025


Tree=419
num_leaves=12
num_cat=0
split_feature=43 11 31 17 41 29 11 17 15 1 15
split_gain=0.760575 1.9325 2.45014 1.49276 1.7284 1.53714 1.3057 1.57135 1.09195 0.619064 0.14118
threshold=0.040282635018229491 0.029787535779178146 2.1967362165451054 0.4493048638105393 0.69456672668457042 0.05779180862009526 0.0098367366008460539 0.87490308284759533 0.50862067937850963 0.055046828463673599 0.45689655840396887
decision_type=2 2 2 2 2 2 2 2 2 2 2
left_child=1 2 8 4 9 -6 -5 -8 -1 -2 -3
right_child=3 10 -4 6 5 -7 7 -9 -10 -11 -12
leaf_value=-0.00023539956305485005 0.0027172922129822547 0.00193165505931651 -0.0021797539362600851 -0.00090276719130996457 -0.00096828625157351967 0.00067720891946279616 -0.00024367960767734256 0.00045743866411843782 9.5325955757839136e-05 0.00039266366741099666 0.0012471909379946655
leaf_weight=3486 919 152 199 121 174 162 1884 1692 2771 349 153
leaf_count=3486 919 152 199 121 174 162 1884 1692 2771 349 153
internal_value=4.34036e-05 -0.000131725 -0.000225004 0.000267857 0.000903512 -0.000670821 -7.09067e-06 7.92377e-05 -0.000135939 0.00132659 0.00179435
internal_weight=12062 6761 6456 5301 1604 336 3697 3576 6257 1268 305
internal_count=12062 6761 6456 5301 1604 336 3697 3576 6257 1268 305
is_linear=0
shrinkage=0.025


Tree=420
num_leaves=15
num_cat=0
split_feature=38 40 40 47 42 11 14 40 35 36 32 37 36 47
split_gain=0.795684 1.10136 3.13275 1.9042 1.536 1.17345 1.31044 0.936589 0.847503 1.64334 1.15206 1.21454 0.819149 0.808595
threshold=-0.018733770586550232 0.86693340539932262 0.99428975582122814 0.71515038609504711 -0.026101247407495972 0.013017563149333002 0.29548789560794836 0.71613198518753063 0.17836615443229678 0.12179111316800119 0.94125387072563182 0.0090392800047993677 0.30508260428905493 0.76228907704353344
decision_type=2 2 2 2 2 2 2 2 2 2 2 2 2 2
left_child=8 5 4 -4 -3 7 -7 -2 10 -10 12 -12 -1 -11
right_child=1 2 3 -5 -6 6 -8 -9 9 13 11 -13 -14 -15
leaf_value=0.0003472337082436288 -2.5961585124320569e-05 -6.1649802712852235e-05 -0.00023508076319845285 0.00082090798724761445 -0.0017907319894952855 -0.0010648735589155786 0.00044547421936834224 0.0034605195337700486 -0.00091294777849620858 0.0023251632269504579 0.0013560896993360144 -0.00030515521715832554 -0.00029646375332165344 -6.6919282661302473e-05
leaf_weight=2360 264 424 1250 700 588 275 586 384 184 1089 316 2581 681 311
leaf_count=2360 264 424 1250 700 588 275 586 384 184 1089 316 2581 681 311
internal_value=8.439e-06 -0.000254971 -0.000535473 4.79541e-05 -0.00166052 0.000291447 -0.000307448 0.00109303 0.000165903 0.000678886 2.75535e-05 -0.000327791 0.000368106 0.000974199
internal_weight=11993 4471 2962 1950 1012 1509 861 648 7522 1584 5938 2897 3041 1400
internal_count=11993 4471 2962 1950 1012 1509 861 648 7522 1584 5938 2897 3041 1400
is_linear=0
shrinkage=0.025


Tree=421
num_leaves=15
num_cat=0
split_feature=28 46 14 5 26 40 31 24 38 41 23 9 31 12
split_gain=1.03493 1.1107 1.68723 0.956773 1.07514 0.82735 0.825589 0.978394 1.64003 0.77695 0.713114 0.566711 0.818516 0.610631
threshold=0.42499999701976782 0.077035948634147658 0.46680118143558508 -0.063631575554609285 0.019189310260117057 0.94036948680877697 0.81814804673194896 26.660927772521976 -0.076117679476737962 0.6717163920402528 0.10258065164089204 0.023407393135130409 0.35301476716995245 -0.27213080227375025
decision_type=2 2 2 2 2 2 2 2 2 2 2 2 2 2
left_child=6 2 5 10 -5 -2 11 8 -8 -9 -3 12 -1 -13
right_child=1 3 -4 4 -6 -7 7 9 -10 -11 -12 13 -14 -15
leaf_value=-5.948269032278604e-05 0.0016995543261185608 -5.5174078531730297e-05 -0.0013793698644539683 -0.00039976582395753757 3.1630132806350288e-05 -0.00044597068750941768 0.00013685206617685964 0.0023187706603712012 -0.00173889139465204 -0.00044884188245668298 0.0023090979410339339 0.00014311828631528858 0.0014262374370844436 0.0018791778620949739
leaf_weight=566 147 183 235 1905 6235 128 437 298 326 122 335 258 277 578
leaf_count=566 147 183 235 1905 6235 128 437 298 326 122 335 258 277 578
internal_value=5.55672e-05 -7.34492e-05 -0.00120146 -5.62729e-06 -7.28974e-05 0.000111607 0.00047044 -3.05134e-05 -0.000568034 0.000926471 0.00103011 0.000826158 0.000355248 0.00128864
internal_weight=12030 9168 510 8658 8140 275 2862 1183 763 420 518 1679 843 836
internal_count=12030 9168 510 8658 8140 275 2862 1183 763 420 518 1679 843 836
is_linear=0
shrinkage=0.025


Tree=422
num_leaves=12
num_cat=0
split_feature=6 33 33 37 24 28 26 26 32 37 24
split_gain=0.789372 0.850544 1.15384 0.796151 1.32545 1.63775 1.15601 1.0936 0.882195 0.714344 0.335087
threshold=0.068921152502298369 -0.022715432569384571 -0.0011207688949070869 0.022976452484726909 21.843753814697269 0.62500000000000011 0.031976953148841865 0.035400539636611945 1.2830717563629153 0.014525401871651413 19.982842445373539
decision_type=2 2 2 2 2 2 2 2 2 2 2
left_child=3 -2 -3 4 5 -1 10 -8 -6 -4 -5
right_child=1 2 9 6 8 -7 7 -9 -10 -11 -12
leaf_value=-7.2722869927745006e-05 0.00088198021521031667 -0.0014125298811450105 0.0003801102762098811 0.0041607403530393283 0.00013440003191485218 -0.0011731582629634742 -0.0013764937697104279 0.00040534234723271041 -0.00051415074868890764 -0.00053146649659067079 0.00091263529910238237
leaf_weight=3132 210 221 227 254 5744 192 215 607 384 423 401
leaf_count=3132 210 221 227 254 5744 192 215 607 384 423 401
internal_value=2.86102e-05 -0.00061349 -0.000960331 9.29441e-05 7.79855e-06 -0.000393136 0.000631748 0 0.000226439 -0.000410305 0.00141098
internal_weight=12010 1081 871 10929 9452 3324 1477 822 6128 650 655
internal_count=12010 1081 871 10929 9452 3324 1477 822 6128 650 655
is_linear=0
shrinkage=0.025


Tree=423
num_leaves=11
num_cat=0
split_feature=5 40 43 38 4 4 38 5 10 23
split_gain=0.764447 1.14887 2.08026 1.29486 1.08736 1.1363 0.940412 0.566478 0.497071 0.487168
threshold=-0.14009514451026914 1.2767330408096316 -0.20573949813842771 -0.11443170532584189 -0.17045179754495618 0.10708955675363542 -0.13051185756921765 -0.022551094181835648 0.020653969608247284 0.085975855588912978
decision_type=2 2 2 2 2 2 2 2 2 2
left_child=6 4 -3 -4 7 -6 -1 -2 9 -8
right_child=1 2 3 -5 5 -7 8 -9 -10 -11
leaf_value=-0.00029982077369695688 -5.1829855936251721e-05 -0.0011042034853821984 0.0033225912093817209 -0.00044204289367693033 -0.00034533010019960277 6.6352971091936658e-05 6.8880657061889128e-05 0.0010805929252669629 -0.00022343114343447037 0.0020449329399153111
leaf_weight=188 144 195 140 468 2362 7286 181 431 140 547
leaf_count=188 144 195 140 468 2362 7286 181 431 140 547
internal_value=2.67851e-05 -3.4335e-05 -0.000942141 -0.000201876 3.67864e-05 -2.57691e-05 0.000668002 0.00108836 0.00101804 0.0012807
internal_weight=12082 11026 803 608 10223 9648 1056 575 868 728
internal_count=12082 11026 803 608 10223 9648 1056 575 868 728
is_linear=0
shrinkage=0.025


Tree=424
num_leaves=9
num_cat=0
split_feature=5 46 3 17 29 24 30 48
split_gain=0.691483 1.46489 0.913461 1.3789 1.10641 0.616024 0.697554 0.641705
threshold=-0.2022278010845184 0.038517974317073829 -0.044913578778505318 0.66193199157714855 0.029842099174857143 16.257797241210941 -0.35012269020080561 0.43892149627208715
decision_type=2 2 2 2 2 2 2 2
left_child=5 -2 3 -3 -4 -1 -7 -8
right_child=1 2 4 -5 -6 6 7 -9
leaf_value=-0.00031542318879105869 -0.0016461228819008686 -0.00038200625225519026 0.00071002785102365672 0.00022739374300371061 2.3427761164313847e-05 0.0023548378012231393 -0.00028508484763459344 0.00078419597322035924
leaf_weight=138 135 1733 856 601 7950 206 128 287
leaf_count=138 135 1733 856 601 7950 206 128 287
internal_value=4.59964e-05 -2.7703e-06 2.86004e-05 -0.000409897 0.000145699 0.000773888 0.00111222 0.000491072
internal_weight=12034 11275 11140 2334 8806 759 621 415
internal_count=12034 11275 11140 2334 8806 759 621 415
is_linear=0
shrinkage=0.025


Tree=425
num_leaves=7
num_cat=0
split_feature=39 48 40 29 47 14
split_gain=1.07603 0.965398 2.15598 0.994976 0.789288 0.0261729
threshold=0.20583245158195498 0.057776963338255889 0.47328618168830877 0.065145969390869155 0.86720469594001781 0.48606015741825109
decision_type=2 2 2 2 2 2
left_child=-1 3 -3 5 -4 -2
right_child=1 2 4 -5 -6 -7
leaf_value=-0.0004636400307400028 0.0025379271804352715 -0.0016480033907447116 -5.3680887478560702e-06 -9.127235991254263e-05 0.00036391617535877632 0.0016975689202494795
leaf_weight=210 162 142 9844 164 1399 138
leaf_count=210 162 142 9844 164 1399 138
internal_value=3.65759e-05 6.88587e-05 2.24979e-05 0.0011807 6.23445e-05 0.00202869
internal_weight=12059 11849 11385 464 11243 300
internal_count=12059 11849 11385 464 11243 300
is_linear=0
shrinkage=0.025


Tree=426
num_leaves=13
num_cat=0
split_feature=38 34 40 20 3 37 11 41 39 23 24 4
split_gain=1.1076 1.8832 1.24723 1.4749 1.25668 0.933317 0.926427 0.761713 1.27989 0.664979 0.227579 0.226942
threshold=-0.16737131774425504 -0.042106898501515382 0.94802120327949535 0.038763601332902915 0.13459887355566028 0.024621151387691501 0.016336321830749515 0.78020307421684276 1.0452913641929629 0.24256674200296405 17.703474044799808 0.033525563776493079
decision_type=2 2 2 2 2 2 2 2 2 2 2 2
left_child=7 2 3 -2 -4 6 -3 10 -9 -7 -1 -12
right_child=1 5 4 -5 -6 9 -8 8 -10 -11 11 -13
leaf_value=0.00054649041403026695 -0.0013459711291400186 0.00010166218070380876 -0.00052694467744502499 0.00031265147381058685 -0.001886302340924934 0.0042083053511292896 -6.8082245231691646e-05 -0.0022060308396158008 0.0010141473975565248 7.4369034783525499e-05 0.00057310586493608204 0.0025340106729853191
leaf_weight=120 174 4990 447 376 189 323 4389 122 167 243 151 287
leaf_count=120 174 4990 447 376 189 323 4389 122 167 243 151 287
internal_value=-4.06817e-06 -7.10532e-05 -0.00101071 -0.000123874 -0.00176092 4.08292e-05 -1.82491e-05 0.000864143 -0.000157313 0.00102233 0.00140098 0.00166761
internal_weight=11978 11131 1186 550 636 9945 9379 847 289 566 558 438
internal_count=11978 11131 1186 550 636 9945 9379 847 289 566 558 438
is_linear=0
shrinkage=0.025


Tree=427
num_leaves=8
num_cat=0
split_feature=13 43 31 9 40 9 16
split_gain=0.831683 0.847544 1.51812 1.40753 1.93481 1.33605 1.21595
threshold=-0.51446783542633046 0.027433089911937717 2.1967362165451054 0.034688377752900131 0.47328618168830877 0.04100442677736283 0.02408415358513594
decision_type=2 2 2 2 2 2 2
left_child=-1 2 6 4 -3 -5 -2
right_child=1 3 -4 5 -6 -7 -8
leaf_value=0.0017737188427699273 -0.00015472471349233549 -0.0012738443062125953 -0.0015816582707593209 -0.00079279378538999075 0.00054506345722907126 0.0001015278166573172 0.00029713063069922694
leaf_weight=126 4551 177 197 895 3818 592 1696
leaf_count=126 4551 177 197 895 3818 592 1696
internal_value=-5.28729e-06 -2.75542e-05 -0.000222321 0.000200246 0.000445313 -0.000453251 -0.000152151
internal_weight=12052 11926 6444 5482 3995 1487 6247
internal_count=12052 11926 6444 5482 3995 1487 6247
is_linear=0
shrinkage=0.025


Tree=428
num_leaves=15
num_cat=0
split_feature=28 31 40 46 40 36 46 45 39 3 45 3 31 4
split_gain=0.804988 1.03782 2.39085 2.01207 1.71592 2.11449 1.23945 0.827615 1.80314 1.63167 0.958987 0.522801 0.664901 0.582247
threshold=0.42499999701976782 0.47551032900810247 1.2032297849655154 0.57171678543090831 0.86464822292327892 0.035716563463211067 0.61023476719856273 0.41966252028942114 0.7055976688861848 0.10223662853240968 0.59097579121589672 -0.059565704315900796 0.70416897535324108 0.0048204683698713788
decision_type=2 2 2 2 2 2 2 2 2 2 2 2 2 2
left_child=7 2 3 -2 6 -6 -3 11 9 -9 -10 12 -1 -13
right_child=1 4 -4 -5 5 -7 -8 8 10 -11 -12 13 -14 -15
leaf_value=0.00017403876053014754 1.3157754998835214e-05 0.001749209666267649 -0.0010382769496754744 -0.0031511244435743027 0.0026660641490410058 -0.00013506865783659839 4.1934858822078837e-05 -0.0021634184371844534 -0.00026021576579004249 0.00036562905769863354 0.00078758021924173974 0.00017663944624145947 -0.00067221620120277558 0.0021248201263315198
leaf_weight=609 1841 935 226 177 420 4423 1178 131 405 120 742 412 178 312
leaf_count=609 1841 935 226 177 420 4423 1178 131 405 120 742 412 178 312
internal_value=5.49984e-05 -5.90711e-05 -0.000526345 -0.00024654 9.1043e-05 -0.000167337 0.000685198 0.000417382 -1.69279e-05 -0.00191895 0.000400391 0.000822065 0.000361427 0.0013083
internal_weight=12109 9200 2244 2018 6956 4843 2113 2909 1398 251 1147 1511 787 724
internal_count=12109 9200 2244 2018 6956 4843 2113 2909 1398 251 1147 1511 787 724
is_linear=0
shrinkage=0.025


Tree=429
num_leaves=15
num_cat=0
split_feature=28 45 30 11 40 47 47 41 13 41 8 36 36 6
split_gain=0.818893 1.05822 1.97118 3.41935 2.6313 0.901393 1.38969 1.2046 0.819221 0.802059 0.711055 2.41469 1.14964 0.399027
threshold=0.42499999701976782 0.20983126014471057 0.21867906302213672 0.016572960652410988 1.2218323945999148 0.27622890472412115 0.65737342834472667 0.51079675555229198 -0.32821679115295405 0.51818230748176586 0.039936961606144912 0.48113402724266058 0.20684999227523806 0.031052997335791591
decision_type=2 2 2 2 2 2 2 2 2 2 2 2 2 2
left_child=5 2 4 -4 -2 8 7 -7 -1 -8 12 -12 -3 -10
right_child=1 10 3 -5 -6 6 9 -9 13 -11 11 -13 -14 -15
leaf_value=-0.00030797753915472886 0.00018134578947798187 -0.00011854948276323124 -0.00044027165495095138 -0.0029422404243649135 -0.00096854283690610732 -0.0022072905695843946 0.0008132610489059094 -4.3127617979305909e-06 0.0015194710271952945 4.4400256127944735e-05 1.2055426556938762e-05 -0.0018084659758529102 0.00043850869469015371 0.00056245586483963752
leaf_weight=172 924 2815 304 142 122 233 407 877 402 581 682 152 3984 219
leaf_count=172 924 2815 304 142 122 233 407 877 402 581 682 152 3984 219
internal_value=4.64813e-05 -6.91401e-05 -0.000677188 -0.00205931 -7.49285e-05 0.00041307 0.000137304 -0.000465247 0.00112939 0.000819486 4.92604e-05 -0.000636174 0.000134664 0.00155152
internal_weight=12016 9125 1492 446 1046 2891 2098 1110 793 988 7633 834 6799 621
internal_count=12016 9125 1492 446 1046 2891 2098 1110 793 988 7633 834 6799 621
is_linear=0
shrinkage=0.025


Tree=430
num_leaves=10
num_cat=0
split_feature=22 17 33 38 48 35 17 16 35
split_gain=1.14595 0.783398 0.758767 1.26354 1.03462 0.854106 1.29507 0.912208 0.663918
threshold=1.1071756482124331 0.48026105761528021 0.0061895044054836043 -0.16737131774425504 0.27622890472412115 0.093098565936088576 -0.032082986086606972 0.032099720090627677 -0.11959445476531981
decision_type=2 2 2 2 2 2 2 2 2
left_child=2 -2 3 8 -5 6 -4 -7 -1
right_child=1 -3 5 4 -6 7 -8 -9 -10
leaf_value=4.2561449697507403e-05 -0.002305280463663381 4.637253094176564e-06 0.00069015574009081244 -0.00032142312360300981 6.2972025963580875e-06 0.00074222398586639218 -0.00028792255957875451 -0.00066895993809022703 0.0026125513800301509
leaf_weight=213 229 194 305 1930 4927 2681 1043 194 297
leaf_count=213 229 194 305 1930 4927 2681 1043 194 297
internal_value=1.67458e-05 -0.00125292 6.41441e-05 -8.83409e-05 -0.000178701 0.000331422 -0.000183851 0.000575087 0.00110437
internal_weight=12013 423 11590 7367 6857 4223 1348 2875 510
internal_count=12013 423 11590 7367 6857 4223 1348 2875 510
is_linear=0
shrinkage=0.025


Tree=431
num_leaves=10
num_cat=0
split_feature=12 29 40 35 40 38 9 40 34
split_gain=0.86 1.06046 1.03241 1.20836 1.59809 1.18582 0.988978 1.84918 1.30105
threshold=-0.16632898896932599 0.017764310352504257 1.3080088496208193 -0.12642512470483777 0.98796579241752636 -0.12286731973290442 0.034966584295034416 1.1188697814941408 0.14085444808006289
decision_type=2 2 2 2 2 2 2 2 2
left_child=2 -2 3 4 -1 -5 8 -8 -3
right_child=1 6 -4 5 -6 -7 7 -9 -10
leaf_value=0.00036461413811771017 -0.0012572707181597647 -4.1665831454707867e-05 -0.00071297524328080026 0.0019390332468793938 -0.0015240216628948716 7.9148748331351064e-05 -0.0013101105494727257 0.00022969743360299426 0.0014111245837774497
leaf_weight=228 138 6659 175 702 217 1198 763 490 1441
leaf_count=228 138 6659 175 702 217 1198 763 490 1441
internal_value=-1.59162e-05 -0.000125447 0.000393564 0.000534575 -0.000625 0.000810368 -9.20335e-05 -0.000744237 8.48251e-06
internal_weight=12011 9491 2520 2345 445 1900 9353 1253 8100
internal_count=12011 9491 2520 2345 445 1900 9353 1253 8100
is_linear=0
shrinkage=0.025


Tree=432
num_leaves=13
num_cat=0
split_feature=38 34 10 41 17 34 44 33 34 11 40 17
split_gain=0.885588 1.21344 1.35095 1.10342 1.18333 1.10091 1.05642 1.19168 0.823424 0.465671 0.449569 0.374285
threshold=-0.16737131774425504 -0.042106898501515382 0.02009154669940472 0.78020307421684276 0.50247034430503856 -0.054585028439760201 0.037890281528234489 -0.0097242402844130976 -0.057326314970850938 0.023192954249680046 0.91850820183753978 0.38410651683807379
decision_type=2 2 2 2 2 2 2 2 2 2 2 2
left_child=3 2 8 9 -5 -4 7 -3 -2 -1 -8 -11
right_child=1 6 5 4 -6 -7 10 -9 -10 11 -12 -13
leaf_value=0.0041310347063308319 0.0021992129951028646 -0.00048781825392596527 -0.00060179221129542102 -0.001402320219392586 0.0015128514943394192 -0.001835715666904692 7.084573069328133e-05 3.1571696238386476e-05 -0.00073510360567528236 -1.6136147315692508e-05 0.0018677511741758469 0.0018423118084959383
leaf_weight=199 238 795 649 163 132 140 160 8822 162 127 213 226
leaf_count=199 238 795 649 163 132 140 160 8822 162 127 213 226
internal_value=-3.11602e-07 -6.00187e-05 -0.000813442 0.000776115 -0.0004375 -0.00141215 2.93898e-05 -2.09155e-05 0.000354938 0.00143402 0.00132606 0.000841481
internal_weight=12026 11179 1189 847 295 789 9990 9617 400 552 373 353
internal_count=12026 11179 1189 847 295 789 9990 9617 400 552 373 353
is_linear=0
shrinkage=0.025


Tree=433
num_leaves=10
num_cat=0
split_feature=17 46 14 11 26 40 46 16 32
split_gain=1.04003 1.0277 2.19377 1.34672 1.09125 1.03529 1.80572 1.02226 0.129663
threshold=-0.36830811202526087 0.094827588647604003 0.43892149627208715 0.018226524814963344 0.015830273739993576 1.3232291340827944 0.65737342834472667 0.01804363634437323 0.96003848314285289
decision_type=2 2 2 2 2 2 2 2 2
left_child=8 2 4 -4 -2 7 -7 -3 -1
right_child=1 5 3 -5 -6 6 -8 -9 -10
leaf_value=0.0016139387973409557 -0.0012746150330306006 0.00033644798926582608 -0.0026714460360796593 -0.00071046441076456348 0.00027782149980185993 -0.0012007153814922009 7.3931746343978381e-05 -1.467018400475332e-05 0.0015045387350556053
leaf_weight=147 120 2715 158 120 399 228 327 7663 141
leaf_count=147 120 2715 158 120 399 228 327 7663 141
internal_value=2.60959e-05 -1.01192e-05 -0.000874376 -0.00264576 7.87215e-05 5.26834e-05 -0.000993303 0.000109675 0.00149744
internal_weight=12018 11730 797 278 519 10933 555 10378 288
internal_count=12018 11730 797 278 519 10933 555 10378 288
is_linear=0
shrinkage=0.025


Tree=434
num_leaves=14
num_cat=0
split_feature=36 24 41 25 9 37 33 15 16 48 40 32 15
split_gain=0.752811 2.29154 2.46882 2.22264 1.23742 1.16384 1.11681 1.07318 1.02751 0.886268 0.734114 0.665456 0.208151
threshold=0.48833210766315466 24.142070770263675 0.60661330819129955 0.69093182682991039 0.027743392623960975 0.023608304560184482 0.025180556811392311 0.93965518474578869 0.031839871779084213 0.16269258409738543 1.1929764747619631 1.1844399571418764 0.68103447556495678
decision_type=2 2 2 2 2 2 2 2 2 2 2 2 2
left_child=5 2 -2 -4 12 6 8 -8 -1 -6 11 -7 -3
right_child=1 4 3 -5 9 10 7 -9 -10 -11 -12 -13 -14
leaf_value=2.9014275236031995e-05 0.00036364988356889357 0.0033124649172299563 -0.00080102327741879843 -0.0043897606280127559 0.0022621766568437225 0.0024067759141508959 -0.0020294101997788256 8.7915557294206796e-05 -0.00056912938704649417 -0.00082226468835800098 -0.00030842480542123574 0.00037644309972297138 0.0015455141725603874
leaf_weight=8701 159 145 149 124 129 559 140 148 213 609 177 615 131
leaf_count=8701 159 145 149 124 129 559 140 148 213 609 177 615 131
internal_value=1.38496e-05 -0.000519469 -0.00203375 -0.00345773 0.000126349 8.77298e-05 -1.23546e-05 -0.00153157 3.68596e-05 -0.000402086 0.000771571 0.000999788 0.00154359
internal_weight=11999 1446 432 273 1014 10553 9202 288 8914 738 1351 1174 276
internal_count=11999 1446 432 273 1014 10553 9202 288 8914 738 1351 1174 276
is_linear=0
shrinkage=0.025


Tree=435
num_leaves=12
num_cat=0
split_feature=29 46 16 16 6 4 16 36 35 37 18
split_gain=0.783636 0.891099 0.875985 1.25114 1.81992 1.07299 1.04206 1.70354 0.832754 0.428983 0.0437835
threshold=0.095260854810476317 0.91434335708618175 0.031839871779084213 0.034789776429533965 0.039466664195060737 0.27464166283607488 0.027128291316330436 0.49448882043361669 0.14329016953706744 0.018548030406236652 0.079916495829820647
decision_type=2 2 2 2 2 2 2 2 2 2 2
left_child=2 9 6 4 -4 -5 7 -1 -8 10 -2
right_child=1 -3 3 5 -6 -7 8 -9 -10 -11 -12
leaf_value=-7.0235773106113401e-06 0.0036984069309160591 -0.0002034033915059132 3.8722206730301373e-06 -0.00043845558729426587 -0.0016960663777601109 0.0041860861818616884 -1.9594014918166866e-05 -0.0012447813355720763 0.0013139615762784941 0.00012802409142566702 0.0012602374491694217
leaf_weight=8931 156 129 146 132 160 142 435 686 873 165 124
leaf_count=8931 156 129 146 132 160 142 435 686 873 165 124
internal_value=-2.65846e-05 0.000870035 -7.22197e-05 -0.00101496 -0.00210209 0.000192652 -2.11573e-05 -0.000111853 0.000638804 0.00140278 0.00199561
internal_weight=12079 574 11505 580 306 274 10925 9617 1308 445 280
internal_count=12079 574 11505 580 306 274 10925 9617 1308 445 280
is_linear=0
shrinkage=0.025


Tree=436
num_leaves=13
num_cat=0
split_feature=6 38 34 32 37 24 26 48 31 9 35 11
split_gain=0.718633 0.955218 1.51398 0.928108 0.58694 0.870492 0.770795 0.729279 1.324 1.05485 0.444194 0.353192
threshold=0.068921152502298369 -0.13372560590505597 0.045371355488896377 1.1478201746940615 0.026742737740278247 19.064938545227054 0.035400539636611945 0.27622890472412115 0.45486824214458471 0.017523327842354778 0.38020190596580511 0.024728270247578624
decision_type=2 2 2 2 2 2 2 2 2 2 2 2
left_child=4 11 3 -3 7 -6 -7 8 -1 -9 -4 -2
right_child=1 2 10 -5 5 6 -8 9 -10 -11 -12 -13
leaf_value=-0.00095396492506076959 -3.6847430121614874e-05 -0.00085512585117314811 0.00021458464221421863 -0.0014170895768439412 0.0038644827232761319 -0.00056673592228607245 0.0011790173277516855 0.001360852148507557 2.2818321504809531e-05 2.8811146841854915e-05 -0.00080189269606004306 0.0017429334289412414
leaf_weight=805 121 156 350 142 239 347 411 607 2052 6502 126 169
leaf_count=805 121 156 350 142 239 347 411 607 2052 6502 126 169
internal_value=7.158e-05 -0.000546071 -0.0010061 -0.00238861 0.000132317 0.00070983 0.000280144 7.35885e-05 -0.000262491 0.000209622 -0.000111746 0.00065678
internal_weight=12027 1064 774 298 10963 997 758 9966 2857 7109 476 290
internal_count=12027 1064 774 298 10963 997 758 9966 2857 7109 476 290
is_linear=0
shrinkage=0.025


Tree=437
num_leaves=11
num_cat=0
split_feature=42 35 14 37 32 14 40 37 35 3
split_gain=0.756567 1.49298 1.19555 1.01984 0.84979 1.13899 0.94207 0.753053 0.559481 0.352171
threshold=-0.10209163278341292 0.39066812396049505 0.1241746135056019 0.0094028580933809298 1.3048202991485598 0.66810342669487011 0.73075467348098766 0.0087519981898367422 0.018591868691146377 -0.012267841026186941
decision_type=2 2 2 2 2 2 2 2 2 2
left_child=1 7 3 -2 6 -6 -4 -1 -9 -5
right_child=2 -3 4 9 5 -7 -8 8 -10 -11
leaf_value=-0.00021535125947386472 0.00013848394868737408 -0.0016877173565377412 -0.00015698245439823406 -0.00120649133344506 9.9631666441477032e-05 -0.00084098674762756527 7.1019169606750931e-05 2.1597757514819281e-05 0.00071836906985015968 -0.00030362909654756891
leaf_weight=156 138 124 1184 120 342 433 8194 338 906 123
leaf_count=156 138 124 1184 120 342 433 8194 338 906 123
internal_value=3.84441e-05 0.000558372 -3.64123e-05 -0.0014022 1.48898e-05 -0.000777243 8.13973e-05 0.000796263 0.0010038 -0.00236391
internal_weight=12058 1524 10534 381 10153 775 9378 1400 1244 243
internal_count=12058 1524 10534 381 10153 775 9378 1400 1244 243
is_linear=0
shrinkage=0.025


Tree=438
num_leaves=11
num_cat=0
split_feature=27 31 11 45 24 38 38 3 40 4
split_gain=0.910735 1.5139 2.06473 0.903585 0.834621 0.884496 1.22869 1.08392 0.453573 0.38962
threshold=-0.009864144027233122 0.81814804673194896 0.023769203573465351 0.31474687159061437 51.608472824096687 -0.018733770586550232 -0.0098126814700663072 -0.044913578778505318 0.80545616149902355 0.68617358803749096
decision_type=2 2 2 2 2 2 2 2 2 2
left_child=1 3 -3 -1 5 7 -7 -2 -6 -10
right_child=4 2 -4 -5 8 6 -8 -9 9 -11
leaf_value=-0.00048676069284400231 -9.8570355349317652e-05 -0.0019612326157240011 0.00067655991445790802 0.0024582570042639973 0.0034367005327362388 -0.00087292015558286811 -2.2447515037633368e-05 0.00028888941308054115 -8.6868331721846439e-06 0.0016854323589125695
leaf_weight=127 2343 238 140 144 143 463 3517 4526 276 196
leaf_count=127 2343 238 140 144 143 463 3517 4526 276 196
internal_value=3.3112e-05 -0.000873471 -0.00188969 0.000529891 8.53388e-05 3.37434e-05 -0.00026192 0.00020603 0.000977823 0.000573899
internal_weight=12113 649 378 271 11464 10849 3980 6869 615 472
internal_count=12113 649 378 271 11464 10849 3980 6869 615 472
is_linear=0
shrinkage=0.025


Tree=439
num_leaves=6
num_cat=0
split_feature=2 3 31 45 38
split_gain=0.701313 0.835967 1.38054 0.825427 0.72841
threshold=-0.28105409443378443 -0.29033407568931574 0.28899222612380987 0.019258987158536914 -0.00059619295643642534
decision_type=2 2 2 2 2
left_child=-1 2 -2 -3 -5
right_child=1 3 -4 4 -6
leaf_value=0.0015812653386173326 0.00025811363380401608 -0.00067541482701885362 -0.0012322676322537151 6.1886325718020328e-05 -0.00014243366496737768
leaf_weight=147 152 156 173 8974 2501
leaf_count=147 152 156 173 8974 2501
internal_value=3.10746e-05 9.09214e-06 -0.00123106 4.47964e-05 7.02309e-05
internal_weight=12103 11956 325 11631 11475
internal_count=12103 11956 325 11631 11475
is_linear=0
shrinkage=0.025


Tree=440
num_leaves=11
num_cat=0
split_feature=38 6 17 48 40 15 39 41 5 17
split_gain=0.996006 1.11882 0.759738 0.753936 2.07787 0.825732 0.626309 0.793653 0.518391 0.331987
threshold=-0.16737131774425504 0.062817066907882704 0.15687005966901782 0.057776963338255889 0.47328618168830877 0.35344827175140386 0.53406852483749401 0.65264201164245617 0.98262110352516185 0.50247034430503856
decision_type=2 2 2 2 2 2 2 2 2 2
left_child=2 3 -1 5 -5 -2 -3 -8 9 -4
right_child=1 6 8 4 -6 -7 7 -9 -10 -11
leaf_value=-0.00030795457757573294 -0.00028124847887979753 -0.001492936864502361 0.00026697570144035466 -0.0018151592699512103 2.4520000568099091e-05 0.0011148592351287543 -1.9422943372202531e-05 -0.0005807758712938763 -0.00012276918438025724 0.0021003934358408208
leaf_weight=223 130 123 189 137 9362 386 725 329 121 321
leaf_count=223 130 123 189 137 9362 386 725 329 121 321
internal_value=2.76949e-05 -3.4719e-05 0.00084837 5.0524e-05 0 0.000976488 -0.000762479 -0.000551227 0.00129127 0.00163835
internal_weight=12046 11192 854 10015 9499 516 1177 1054 631 510
internal_count=12046 11192 854 10015 9499 516 1177 1054 631 510
is_linear=0
shrinkage=0.025


Tree=441
num_leaves=10
num_cat=0
split_feature=4 45 8 29 16 6 16 41 38
split_gain=0.907684 1.05493 0.888975 1.26392 0.659805 1.24183 1.13186 0.569002 0.31488
threshold=-0.14889296144247052 0.057776963338255889 0.017471064813435081 0.038073118776082999 0.02408415358513594 0.045519854873418815 0.02054516971111298 0.54758849740028392 -0.1188991218805313
decision_type=2 2 2 2 2 2 2 2 2
left_child=2 -2 8 -4 6 -6 -3 -5 -1
right_child=1 4 3 7 5 -7 -8 -9 -10
leaf_value=0.0002464674921787827 -0.00070259458876038372 5.1468756690426161e-05 -0.00031429199813224609 -0.00020163140536243824 0.00089056363462534189 -0.0001250808440060025 -0.00024190437166458974 0.00059007912948067941 0.0011516574329245427
leaf_weight=152 207 4560 187 168 1873 1270 2944 414 264
leaf_count=152 207 4560 187 168 1873 1270 2944 414 264
internal_value=4.28638e-05 -2.84325e-05 0.000698529 0.000182494 5.75019e-06 0.000310118 -0.000121021 0.00076448 0.00162411
internal_weight=12039 10854 1185 769 10647 3143 7504 582 416
internal_count=12039 10854 1185 769 10647 3143 7504 582 416
is_linear=0
shrinkage=0.025


Tree=442
num_leaves=9
num_cat=0
split_feature=42 29 35 48 32 24 27 41
split_gain=0.908171 0.808221 0.909352 1.01263 0.925016 0.80937 0.703908 0.111217
threshold=0.25021018087863928 0.095260854810476317 0.35517708957195288 0.27622890472412115 0.83697235584259044 30.082184791564945 0.0049520588945597419 0.44022692739963537
decision_type=2 2 2 2 2 2 2 2
left_child=1 2 3 -1 -4 -3 -2 -7
right_child=6 5 4 -5 -6 7 -8 -9
leaf_value=-9.8611633783290018e-05 -5.2076594568154335e-05 -3.5543384621101835e-05 0.00019966099848129379 0.00011897542159277084 -0.0010533856141429314 0.00095341140118406853 -0.00088706162619370732 0.0032499417858572856
leaf_weight=2898 156 173 238 7532 626 120 120 166
leaf_count=2898 156 173 238 7532 626 120 120 166
internal_value=5.53641e-05 8.94073e-05 4.67963e-05 0.000112003 -0.000729286 0.00111261 -0.00134786 0.0019201
internal_weight=12029 11753 11294 10430 864 459 276 286
internal_count=12029 11753 11294 10430 864 459 276 286
is_linear=0
shrinkage=0.025


Tree=443
num_leaves=13
num_cat=0
split_feature=38 34 40 36 47 36 45 40 17 42 5 40
split_gain=0.870024 1.92554 1.32779 2.38576 1.3194 1.48636 1.44625 1.05775 0.668205 0.87674 0.379358 0.359411
threshold=-0.16737131774425504 -0.042106898501515382 0.74069702625274669 0.12280745804309846 0.5524578094482423 0.3121714740991593 0.22909024357795718 0.83316278457641613 0.58206000924110424 0.0040187304839491853 0.97438696026802074 0.93213921785354625
decision_type=2 2 2 2 2 2 2 2 2 2 2 2
left_child=8 4 3 -3 6 -6 -2 -4 9 11 -10 -1
right_child=1 2 7 -5 5 -7 -8 -9 10 -11 -12 -13
leaf_value=0.0035245510229824119 -0.00075475724641272822 -0.0015357033055008794 0.0010042661962937401 6.6951750568668283e-05 -0.00024935240824094256 -0.0023724160236026988 0.00074860054689206081 4.3425701770473531e-05 0.0025072125070789405 -0.00065155753081553745 0.00051170894834183989 3.3240666858138663e-05
leaf_weight=120 183 507 1310 961 370 151 474 7293 259 213 121 121
leaf_count=120 183 507 1310 961 370 151 474 7293 259 213 121 121
internal_value=6.21485e-05 3.66546e-06 0.000116242 -0.000576205 -0.000949915 -0.00188451 -0.00019071 0.000235392 0.000838796 0.000171569 0.00160714 0.00120427
internal_weight=12083 11249 10071 1468 1178 521 657 8603 834 454 380 241
internal_count=12083 11249 10071 1468 1178 521 657 8603 834 454 380 241
is_linear=0
shrinkage=0.025


Tree=444
num_leaves=15
num_cat=0
split_feature=4 47 17 32 4 39 41 33 17 46 40 40 18 24
split_gain=0.788184 1.05053 1.797 1.2798 0.996365 1.42669 1.48662 1.01798 0.86187 1.03242 0.887768 0.5869 1.15837 0.152226
threshold=-0.12902899831533429 0.48606015741825109 0.37010677158832556 0.81620407104492199 0.030258384533226493 0.93700402975082409 0.71944847702980053 -0.0076290331780910483 0.13741329312324527 0.48606015741825109 0.47328618168830877 0.9618208408355714 -0.0025286356685683127 18.934409141540531
decision_type=2 2 2 2 2 2 2 2 2 2 2 2 2 2
left_child=1 11 3 -3 5 6 -2 -7 9 -6 -10 13 -13 -1
right_child=4 2 -4 -5 8 7 -8 -9 10 -11 -12 12 -14 -15
leaf_value=0.0018904045050203225 -0.00024981788604729239 0.00034677736018074031 0.0012942757139479664 -0.00055685403976626349 0.0010973958830809139 -0.00093097613007113293 -0.0021480652924594024 0.00019664540584009185 -0.0005804495066640456 -0.00041462213302405067 3.6841993789249577e-06 -0.00075302850971924358 0.0012821298387212978 0.0016384316234350973
leaf_weight=120 654 121 238 240 1244 149 132 754 247 205 7318 181 146 295
leaf_count=120 654 121 238 240 1244 149 132 754 247 205 7318 181 146 295
internal_value=3.97337e-05 0.000610141 -0.000159354 -0.00127391 -3.14017e-05 -0.000588105 -0.00136378 8.39759e-05 7.2486e-05 0.000630158 -3.38506e-05 0.00123661 0.000410392 0.00186012
internal_weight=12044 1341 599 361 10703 1689 786 903 9014 1449 7565 742 327 415
internal_count=12044 1341 599 361 10703 1689 786 903 9014 1449 7565 742 327 415
is_linear=0
shrinkage=0.025


Tree=445
num_leaves=11
num_cat=0
split_feature=38 34 46 11 17 40 20 38 41 46
split_gain=0.774073 1.18833 1.80936 1.36748 1.15066 0.901624 2.24198 1.27954 0.529422 0.0603284
threshold=-0.18284156173467633 -0.042106898501515382 0.1241746135056019 0.021154967136681083 0.45984290540218359 0.74069702625274669 0.3404665887355805 -0.018733770586550232 0.78020307421684276 0.73275861144065868
decision_type=2 2 2 2 2 2 2 2 2 2
left_child=4 2 -2 -4 8 6 -3 -7 -1 -6
right_child=1 5 3 -5 9 7 -8 -9 -10 -11
leaf_value=0.00019677574315705485 -0.0021272208299516343 -0.00063327980389267101 0.00016361151597338536 -0.00078524978599611738 0.0029465493591474385 0.00029597861012659559 0.0010515517589951213 -3.2417468378856274e-05 -0.0012402386732757902 0.00073842448158228393
leaf_weight=215 137 1100 615 565 213 4782 341 3803 132 152
leaf_count=215 137 1100 615 565 213 4782 341 3803 132 152
internal_value=7.30722e-05 2.21406e-05 -0.000681732 -0.000353375 0.000869944 0.000115517 -0.000460754 0.000213184 -0.000145596 0.00184122
internal_weight=12055 11343 1317 1180 712 10026 1441 8585 347 365
internal_count=12055 11343 1317 1180 712 10026 1441 8585 347 365
is_linear=0
shrinkage=0.025


Tree=446
num_leaves=15
num_cat=0
split_feature=8 48 36 6 24 37 29 29 14 40 47 44 40 36
split_gain=1.04447 0.972298 1.07799 1.43504 0.887924 1.69726 1.4448 0.84978 1.66772 0.859633 0.71736 1.10702 0.987783 0.450746
threshold=0.037389965727925308 0.43892149627208715 0.26100032031536108 0.045519854873418815 21.948179244995121 0.022841309197247032 0.027929934673011306 0.094065979123115553 0.43892149627208715 1.1366943717002871 0.74303007125854503 0.025062925182282928 1.2673363089561465 0.38655620813369757
decision_type=2 2 2 2 2 2 2 2 2 2 2 2 2 2
left_child=4 2 -2 -4 5 6 -1 8 -3 -9 12 -12 -6 -7
right_child=1 7 3 -5 10 13 -8 9 -10 -11 11 -13 -14 -15
leaf_value=0.00020654018645584199 9.7883849030443889e-05 0.00018615080046593057 -2.6937612964364775e-05 -0.0017852734870031557 9.2799805762874301e-05 0.0032485088959937377 -0.0003703702998642398 -8.097547956264997e-05 -0.0010851031878417827 0.0013381038551516461 0.0021729875202894664 0.00014505223076853504 -0.001233737064344756 3.2334090141868503e-05
leaf_weight=614 218 236 146 185 5130 246 2721 378 281 261 512 762 243 131
leaf_count=614 218 236 146 185 5130 246 2721 378 281 261 512 762 243 131
internal_value=4.17393e-05 -0.000529971 -0.00139215 -0.00228051 0.000136651 -0.000171845 -0.000353668 -0.000110896 -0.000864463 0.000491072 0.000309869 0.000843432 0.000181527 0.0014038
internal_weight=12064 1705 549 331 10359 3712 3335 1156 517 639 6647 1274 5373 377
internal_count=12064 1705 549 331 10359 3712 3335 1156 517 639 6647 1274 5373 377
is_linear=0
shrinkage=0.025


Tree=447
num_leaves=7
num_cat=0
split_feature=41 39 31 40 43 37
split_gain=0.761302 0.680818 0.728045 1.5981 1.29756 0.47847
threshold=0.84223756194114696 0.15637680888175967 2.4081935882568364 0.808283030986786 0.46753449738025671 0.020696037448942665
decision_type=2 2 2 2 2 2
left_child=1 -1 4 -4 -3 -2
right_child=5 2 3 -5 -6 -7
leaf_value=-0.00040934166113941006 0.00012888482103444823 2.2493538839139374e-05 -0.0012647477263846795 -1.2276445218074238e-05 0.0011597981802568544 0.0032255583540619832
leaf_weight=171 193 10059 246 911 241 135
leaf_count=171 193 10059 246 911 241 135
internal_value=6.34354e-05 2.91198e-05 5.33285e-05 -0.000538941 0.000120694 0.00124249
internal_weight=11956 11628 11457 1157 10300 328
internal_count=11956 11628 11457 1157 10300 328
is_linear=0
shrinkage=0.025


Tree=448
num_leaves=8
num_cat=0
split_feature=2 35 2 12 9 45 42
split_gain=0.900395 0.970463 1.24644 1.14763 0.93816 0.796064 0.762582
threshold=-0.28105409443378443 -0.12642512470483777 -0.032571580260992043 -0.17559140920639035 0.034815439954400069 0.094827588647604003 0.02227788977324963
decision_type=2 2 2 2 2 2 2
left_child=-1 2 -2 5 -5 -3 -4
right_child=1 3 6 4 -6 -7 -8
leaf_value=0.0014014356005982282 -0.00095957235842049772 -0.00026374071870099357 -0.00035096994409536809 2.0298677285838854e-05 -0.00052210300858799522 0.0005005188895411825 0.0002993527822350774
leaf_weight=138 206 351 183 8224 1304 1442 200
leaf_count=138 206 351 183 8224 1304 1442 200
internal_value=4.67727e-05 2.25557e-05 -0.0009617 7.47176e-05 -3.39609e-05 0.000654199 -9.34277e-05
internal_weight=12048 11910 589 11321 9528 1793 383
internal_count=12048 11910 589 11321 9528 1793 383
is_linear=0
shrinkage=0.025


Tree=449
num_leaves=13
num_cat=0
split_feature=4 45 10 5 20 17 47 24 5 37 35 25
split_gain=0.898695 1.52742 1.03632 0.818481 1.16733 0.756383 1.18986 0.256653 0.228099 0.284408 0.165242 0.108294
threshold=-0.12322313338518141 0.057776963338255889 0.014236741699278356 -0.23624989390373227 0.038763601332902915 0.26858139038085943 0.43892149627208715 24.142070770263675 -0.080808445811271654 0.010728531051427128 0.074858751147985472 -1.2861481904983518
decision_type=2 2 2 2 2 2 2 2 2 2 2 2
left_child=2 -2 8 10 -5 6 -4 -7 9 -1 -3 -10
right_child=1 3 5 4 -6 7 -8 -9 11 -11 -12 -13
leaf_value=2.21321384907475e-05 -0.00098295530974328547 0.0024724378727390551 0.00019000357057234569 -0.00036500959284043225 2.437235406830793e-05 0.0001020459262352767 -0.0004357242756931716 0.0015195468698905859 0.00027588647174339238 0.00061900035084001186 0.00072983027333836474 0.0016692799666662276
leaf_weight=166 178 130 217 1537 8636 154 221 143 130 132 139 216
leaf_count=166 178 130 217 1537 8636 154 221 143 130 132 139 216
internal_value=2.63455e-05 -5.11764e-05 0.000625903 -1.08882e-05 -4.77745e-05 -8.44585e-06 -0.000674379 0.000947848 0.00135401 0.000787954 0.00133668 0.00180556
internal_weight=11999 10620 1379 10442 10173 735 438 297 644 298 269 346
internal_count=11999 10620 1379 10442 10173 735 438 297 644 298 269 346
is_linear=0
shrinkage=0.025


Tree=450
num_leaves=11
num_cat=0
split_feature=29 42 35 46 13 9 35 46 10 1
split_gain=1.169 0.801631 1.31066 1.0572 1.80537 1.07654 0.796699 0.562788 0.349713 0.00396335
threshold=0.095260854810476317 -0.094635903835296617 0.41086395084857946 0.10491563007235528 -0.25987105071544642 0.018623499199748043 0.30342829227447515 0.91434335708618175 0.025446034967899326 0.06049169413745404
decision_type=2 2 2 2 2 2 2 2 2 2
left_child=1 2 6 4 -3 -5 -1 8 9 -2
right_child=7 3 -4 5 -6 -7 -8 -9 -10 -11
leaf_value=0.0001271055364303995 0.0033357025949953449 1.5681494419320055e-05 -0.0018632706720474513 0.00071204122732645612 -0.0018848593842856105 -5.788118570721041e-05 0.0038484232990099393 -0.00012681717173417781 0.00039158914310600087 0.002941566240282916
leaf_weight=1379 157 514 126 1339 375 7505 213 132 173 120
leaf_count=1379 157 514 126 1339 375 7505 213 132 173 120
internal_value=1.6718e-05 -3.85168e-05 0.000457777 -0.000126951 -0.000946588 -4.33664e-05 0.0006567 0.0011052 0.00152473 0.0020789
internal_weight=12033 11451 1718 9733 889 8844 1592 582 450 277
internal_count=12033 11451 1718 9733 889 8844 1592 582 450 277
is_linear=0
shrinkage=0.025


Tree=451
num_leaves=15
num_cat=0
split_feature=23 26 48 42 46 37 40 39 39 25 14 32 39 43
split_gain=0.772465 1.24836 1.62131 0.81373 1.5817 0.765278 1.36684 1.26146 0.904914 1.34855 1.1238 0.797467 0.731731 0.648122
threshold=0.13144228607416156 0.031691979616880424 0.97212031483650219 -0.042167752981185906 0.094827588647604003 0.010728531051427128 0.95978605747222911 1.0857976675033572 0.81137165427207958 -1.2861481904983518 0.36188553273677831 0.95114424824714672 1.3630051612854006 -0.46508172154426569
decision_type=2 2 2 2 2 2 2 2 2 2 2 2 2 2
left_child=5 3 12 13 -5 8 11 -8 9 -1 -10 -7 -3 -2
right_child=1 2 -4 4 -6 6 7 -9 10 -11 -12 -13 -14 -15
leaf_value=-0.0010864163532879501 -0.00040952174003177131 -8.9368864698942862e-05 -0.0011864234333391515 -0.00086045523975826488 0.00016269251216036951 0.0013315803460630543 -0.0013928385062492944 0.00022067937477024242 -0.00034170858004697635 -0.00035797734714416925 0.00027040981111681726 -8.1400217684838823e-05 0.0012479820199794893 0.00067234286110393244
leaf_weight=152 123 2106 180 213 3402 846 620 441 517 457 578 495 239 1664
leaf_count=152 123 2106 180 213 3402 846 620 441 517 457 578 495 239 1664
internal_value=3.3332e-05 0.000177919 -0.00027915 0.000392778 0.000174379 -0.000244162 4.10263e-05 -0.000625 -0.000648771 -0.00141897 -0.000210227 0.000572994 -9.84042e-05 0.000829381
internal_weight=12033 7927 2525 5402 3615 4106 2402 1061 1704 609 1095 1341 2345 1787
internal_count=12033 7927 2525 5402 3615 4106 2402 1061 1704 609 1095 1341 2345 1787
is_linear=0
shrinkage=0.025


Tree=452
num_leaves=8
num_cat=0
split_feature=22 35 32 10 12 46 31
split_gain=0.756325 0.722276 0.722038 0.702417 0.750571 0.906977 0.721497
threshold=1.0860151052474978 0.28706671297550207 0.99985709786415111 0.044873071834445007 -0.29268248379230494 0.27622890472412115 0.86335718631744396
decision_type=2 2 2 2 2 2 2
left_child=3 2 -2 4 5 -1 -6
right_child=1 -3 -4 -5 6 -7 -8
leaf_value=0.00019700125786742572 0.00013817543736883007 -0.0023841035891664121 -0.0012691642292335303 0.0015153739055855087 0.00010988099762598921 -0.00071969329238609199 -3.4277283875498931e-05
leaf_weight=165 216 126 170 136 5412 274 5534
leaf_count=165 216 126 170 136 5412 274 5534
internal_value=3.74856e-05 -0.000897002 -0.000329284 7.99281e-05 5.76164e-05 -0.000948761 9.89637e-05
internal_weight=12033 512 386 11521 11385 439 10946
internal_count=12033 512 386 11521 11385 439 10946
is_linear=0
shrinkage=0.025


Tree=453
num_leaves=11
num_cat=0
split_feature=29 24 26 31 39 26 24 31 13 29
split_gain=0.655285 1.39423 1.59277 1.42041 0.882441 0.919445 0.817212 0.863352 0.580212 0.487499
threshold=0.027929934673011306 15.662205219268801 0.016183388419449333 0.78374397754669201 0.15637680888175967 0.015121115371584894 28.988999366760257 0.38754710555076605 -0.34092204272747034 0.024338142015039924
decision_type=2 2 2 2 2 2 2 2 2 2
left_child=6 2 -2 -4 -3 -6 8 -8 -1 -10
right_child=1 4 3 -5 5 -7 7 -9 9 -11
leaf_value=-0.00013331210276226274 -0.0021592505123366281 -0.00090491241603632617 0.000383548850984488 -0.00067256120992932253 0.00083588332119587279 9.2440725960647271e-06 -0.00061665169567799933 0.0013977956844242018 0.00038351495042533116 0.0016164783231394253
leaf_weight=153 172 140 382 511 453 9193 121 133 456 282
leaf_count=153 172 140 382 511 453 9193 121 133 456 282
internal_value=4.65587e-05 -1.30111e-05 -0.000870327 -0.000430122 8.00481e-05 0.000109704 0.000614131 -0.000612934 0.000972377 0.00126346
internal_weight=11996 10851 1065 893 9786 9646 1145 254 891 738
internal_count=11996 10851 1065 893 9786 9646 1145 254 891 738
is_linear=0
shrinkage=0.025


Tree=454
num_leaves=8
num_cat=0
split_feature=30 21 36 36 29 38 8
split_gain=0.874687 0.713669 0.809466 1.18726 1.08588 0.466465 0.442078
threshold=-1.4521878361701963 26.897048950195316 0.20684999227523806 0.17028401792049411 0.040215957909822471 -0.16257522255182263 0.021319746971130375
decision_type=2 2 2 2 2 2 2
left_child=-1 5 3 -3 -4 -2 -7
right_child=1 2 4 -5 -6 6 -8
leaf_value=0.0013910893254432165 0.0023264666432242539 -2.9801153368872322e-05 -0.00014815455916884985 -0.00086975128497910963 0.00017099187356322022 0.0014663572765597874 -0.00011960594155734054
leaf_weight=202 150 4093 1498 442 5082 243 262
leaf_count=202 150 4093 1498 442 5082 243 262
internal_value=7.29524e-05 4.40553e-05 -2.81016e-06 -0.000260187 0.00017369 0.000842803 0.000453431
internal_weight=11972 11770 11115 4535 6580 655 505
internal_count=11972 11770 11115 4535 6580 655 505
is_linear=0
shrinkage=0.025


Tree=455
num_leaves=8
num_cat=0
split_feature=3 43 39 11 25 48 32
split_gain=0.714411 0.875032 1.20674 1.07694 1.07313 0.993996 0.979233
threshold=0.75209397077560436 0.055493002757430084 0.93700402975082409 0.014735763892531397 23.05473613739014 0.97212031483650219 0.72612774372100841
decision_type=2 2 2 2 2 2 2
left_child=1 2 4 -4 -1 6 -3
right_child=-2 5 3 -5 -6 -7 -8
leaf_value=-0.00015356608732714646 -0.0014103610872269084 -0.0001217373471319025 0.00062063206463114611 -8.1042968832680667e-06 -0.0023982516532006486 -0.0009459627051790992 0.00044488813632315432
leaf_weight=2782 147 707 999 2979 277 139 4006
leaf_count=2782 147 707 999 2979 277 139 4006
internal_value=4.84803e-05 7.0729e-05 -0.000106681 0.000179199 -0.000480173 0.000329164 0.00039238
internal_weight=12036 11889 7037 3978 3059 4852 4713
internal_count=12036 11889 7037 3978 3059 4852 4713
is_linear=0
shrinkage=0.025


Tree=456
num_leaves=13
num_cat=0
split_feature=21 22 35 38 34 10 37 31 25 29 16 27
split_gain=0.795361 1.1394 1.24549 1.06617 0.893499 0.632789 1.3526 1.13997 0.599959 0.910696 0.198716 0.30991
threshold=78.375457763671889 0.82805645465850841 -0.09908480197191237 -0.075041260570287691 0.12522014975547793 0.019502877257764343 0.018217047676444057 0.73621755838394176 32.419033050537116 0.048035485669970519 0.024560993537306789 0.0032881050137802963
decision_type=2 2 2 2 2 2 2 2 2 2 2 2
left_child=1 5 -3 -4 8 6 -1 -7 9 -2 11 -6
right_child=4 2 3 -5 10 7 -8 -9 -10 -11 -12 -13
leaf_value=4.7462355060529644e-05 -0.00049979836422147283 -0.0015003937053976778 0.00044357448414646475 -0.00060590476450558936 0.0029705922877443247 0.00016349876921271491 0.0022956526577860977 -0.00021569065874672049 -0.00045206931248398686 0.0015329117067110183 0.002953361491630448 0.00022775509240905399
leaf_weight=4811 188 139 527 1739 127 1163 516 2061 166 275 221 122
leaf_count=4811 188 139 527 1739 127 1163 516 2061 166 275 221 122
internal_value=5.44155e-05 -9.46528e-06 -0.000490145 -0.000342911 0.000694067 0.000125205 0.000292808 -0.000149814 6.50632e-05 0.000536859 0.00151316 0.000949803
internal_weight=12055 10956 2405 2266 1099 8551 5327 3224 629 463 470 249
internal_count=12055 10956 2405 2266 1099 8551 5327 3224 629 463 470 249
is_linear=0
shrinkage=0.025


Tree=457
num_leaves=8
num_cat=0
split_feature=3 20 40 35 43 11 5
split_gain=0.757807 0.646094 1.65638 1.51737 1.32806 1.26302 0.811506
threshold=0.75209397077560436 0.34669631719589239 0.89021688699722301 0.41625252366065985 0.34606209397315985 0.011285298503935339 1.1564705967903139
decision_type=2 2 2 2 2 2 2
left_child=1 3 6 4 -1 -4 -3
right_child=-2 2 5 -5 -6 -7 -8
leaf_value=2.0612236016781394e-05 -0.001417155090519514 0.0016442387594268748 -0.0016053307539933685 -0.0021965995281176538 -0.00068203725313530452 4.9390027703895425e-05 6.451807843592733e-05
leaf_weight=8209 146 884 123 120 176 2037 329
leaf_count=8209 146 884 123 120 176 2037 329
internal_value=7.72093e-05 0.000100038 0.000392614 -1.54229e-05 2.45829e-05 -2.02078e-05 0.00112993
internal_weight=12024 11878 3373 8505 8385 2160 1213
internal_count=12024 11878 3373 8505 8385 2160 1213
is_linear=0
shrinkage=0.025


Tree=458
num_leaves=13
num_cat=0
split_feature=47 40 25 32 40 44 40 32 40 30 39 38
split_gain=0.626134 1.12314 5.3327 1.31667 1.08539 1.44987 2.087 0.911056 1.8543 0.790229 0.533751 0.293122
threshold=0.88646370172500621 1.2381936311721804 -9.9963436126708967 0.75402733683586132 1.1114314794540407 0.030802489258348945 0.79087653756141674 0.57472223043441784 1.0390989780426028 -0.25813360512256617 1.5504592061042788 -0.081139359623193727
decision_type=2 2 2 2 2 2 2 2 2 2 2 2
left_child=1 7 -3 -4 5 -2 -7 8 -1 -9 11 -6
right_child=4 2 3 -5 10 6 -8 9 -10 -11 -12 -13
leaf_value=1.5981308396770566e-05 0.003435174568142216 -0.0027901324854730613 0.0014561750929437802 -0.00023999671884455281 0.0011618985926430999 0.00033032791483941716 -0.0014571731144986779 0.00034553089250479704 -0.0019649505607328148 -4.2181882212706864e-06 0.00019243888702903948 0.003470981913661117
leaf_weight=314 221 137 201 701 168 216 347 2570 130 6644 174 244
leaf_count=314 221 137 201 701 168 216 347 2570 130 6644 174 244
internal_value=5.68465e-05 -7.12474e-06 -0.000786638 -7.02866e-05 0.000559091 -4.27756e-05 -0.000724032 7.64515e-05 -0.00102171 0.000130573 0.00136844 0.00185552
internal_weight=12067 10697 1039 902 1370 784 563 9658 444 9214 586 412
internal_count=12067 10697 1039 902 1370 784 563 9658 444 9214 586 412
is_linear=0
shrinkage=0.025


Tree=459
num_leaves=9
num_cat=0
split_feature=40 40 36 13 30 40 36 36
split_gain=0.6754 0.809159 2.425 3.27569 1.10142 1.05635 1.79334 1.21582
threshold=0.37382487952709204 0.73075467348098766 0.12280745804309846 -0.23421649634838101 0.1984507888555527 0.85936430096626293 0.04010071977972985 -0.0404423139989376
decision_type=2 2 2 2 2 2 2 2
left_child=-1 2 3 -2 -4 7 -7 -3
right_child=1 5 4 -5 -6 6 -8 -9
leaf_value=0.00050460375806358148 0.00031394977222254432 -0.0026387260668162132 -8.4078079802977232e-05 -0.0020275452000789772 0.001086523636326225 0.00072071688403843408 -8.0408447152652585e-05 0.0009018766243160739
leaf_weight=189 145 151 522 367 374 1260 6985 2072
leaf_count=189 145 151 522 367 374 1260 6985 2072
internal_value=3.78004e-05 1.33618e-05 -0.000547594 -0.00191248 0.000231687 8.96353e-05 -4.01514e-05 0.000572823
internal_weight=12065 11876 1408 512 896 10468 8245 2223
internal_count=12065 11876 1408 512 896 10468 8245 2223
is_linear=0
shrinkage=0.025


Tree=460
num_leaves=8
num_cat=0
split_feature=13 40 32 29 39 16 11
split_gain=0.858906 0.684356 1.63498 1.92753 1.45778 0.733919 0.228522
threshold=-0.51446783542633046 1.2712417840957644 0.7404981553554536 0.094774458557367339 1.4358321428298952 0.01804363634437323 0.023769203573465351
decision_type=2 2 2 2 2 2 2
left_child=-1 4 -3 -4 5 -2 -6
right_child=1 2 3 -5 6 -7 -8
leaf_value=0.0016559366765179643 0.0001704748444862639 0.00085746357178193098 -0.0011750414194344457 0.0008790780131220998 0.0025047255231120773 -3.9048418103568419e-05 0.0028965745247887011
leaf_weight=129 2803 176 573 150 243 7818 122
leaf_count=129 2803 176 573 150 243 7818 122
internal_value=-2.80796e-06 -2.57568e-05 -0.000687223 -0.00121738 2.80913e-05 -2.50564e-05 0.00157095
internal_weight=12014 11885 899 723 10986 10621 365
internal_count=12014 11885 899 723 10986 10621 365
is_linear=0
shrinkage=0.025


Tree=461
num_leaves=8
num_cat=0
split_feature=31 4 10 45 5 10 7
split_gain=0.705969 0.644416 1.39843 1.33125 1.18277 0.921354 0.380151
threshold=0.023493722081184391 -0.12902899831533429 0.017718857154250148 0.057776963338255889 -0.080808445811271654 0.021026418544352058 -0.00085414873319677998
decision_type=2 2 2 2 2 2 2
left_child=-1 2 6 -3 -5 -4 -2
right_child=1 3 5 4 -6 -7 -8
leaf_value=-0.00025624285270131077 0.00017542886672287694 -0.00092846719999864534 -0.00054269938423153689 0.00059975520343121111 -8.7406050328447826e-06 9.9611226028693286e-05 0.0010797798780005608
leaf_weight=125 396 189 142 731 9740 295 403
leaf_count=125 396 189 142 731 9740 295 403
internal_value=5.1659e-05 7.21579e-05 0.000611402 8.79053e-06 4.73703e-05 -0.000511878 0.0012329
internal_weight=12021 11896 1236 10660 10471 437 799
internal_count=12021 11896 1236 10660 10471 437 799
is_linear=0
shrinkage=0.025


Tree=462
num_leaves=10
num_cat=0
split_feature=35 40 48 38 33 0 17 25 19
split_gain=0.739936 1.15102 2.60289 0.946309 0.796856 1.32228 0.846498 0.789415 0.0946445
threshold=-0.12642512470483777 0.87502557039260875 0.69589141011238109 -0.19279731810092923 -0.002278880099765956 0.0069879686925560245 0.065534140914678587 -1.6384117007255552 -0.080883499234914766
decision_type=2 2 2 2 2 2 2 2 2
left_child=1 -1 7 8 5 -5 -6 -3 -2
right_child=3 2 -4 4 6 -7 -8 -9 -10
leaf_value=0.00044403593389609903 0.0027988963486250606 -0.0018177746835335963 0.0001528032645663678 -1.1914239106469184e-05 0.00035057096053826272 -0.0010743560044705227 1.0515730732400779e-05 -0.00084541472447697262 0.0017547589903732762
leaf_weight=232 122 122 192 2403 1736 547 6391 124 120
leaf_count=232 122 122 192 2403 1736 547 6391 124 120
internal_value=3.47049e-05 -0.000768518 -0.00152088 8.312e-05 4.83894e-05 -0.000302453 0.000176617 -0.00320219 0.00161437
internal_weight=11989 670 438 11319 11077 2950 8127 246 242
internal_count=11989 670 438 11319 11077 2950 8127 246 242
is_linear=0
shrinkage=0.025


Tree=463
num_leaves=6
num_cat=0
split_feature=31 2 3 10 29
split_gain=0.846973 0.86128 0.845672 1.00315 0.830287
threshold=0.023493722081184391 -0.2389637008309364 -0.28105714917182917 0.021702207624912265 0.027929934673011306
decision_type=2 2 2 2 2
left_child=-1 -2 3 -3 -4
right_child=1 2 4 -5 -6
leaf_value=-0.00033556491217523216 0.0012957819480863165 -2.2964474348652946e-06 0.00044355993613729144 -0.00087633283494958068 -8.6555804283357058e-06
leaf_weight=131 224 196 1060 143 10295
leaf_count=131 224 196 1060 143 10295
internal_value=3.42219e-06 2.63148e-05 -2.88477e-06 -0.00122456 3.35608e-05
internal_weight=12049 11918 11694 339 11355
internal_count=12049 11918 11694 339 11355
is_linear=0
shrinkage=0.025


Tree=464
num_leaves=12
num_cat=0
split_feature=27 40 11 31 36 35 40 40 26 36 17
split_gain=0.649659 0.925707 0.901297 1.42578 0.825364 1.50208 1.65724 1.64095 1.306 1.76124 1.19642
threshold=-0.011357176583260296 0.82600829005241405 0.023014228790998462 0.83659514784812938 0.23604474961757663 0.12934804707765582 1.1366943717002871 0.7697410285472871 0.016876729205250744 0.32550351321697241 1.1301685571670534
decision_type=2 2 2 2 2 2 2 2 2 2 2
left_child=1 -1 3 -3 5 7 -7 -2 9 -6 -10
right_child=4 2 -4 -5 8 6 -8 -9 10 -11 -12
leaf_value=0.00077819023123349156 -0.00066067138347823868 -1.1944135783664563e-05 0.00065518096615859757 -0.0023181822541625454 0.00045867398965018005 -0.00064928874341226776 0.00046780525244014291 0.00014917574505382791 0.00037644626738178442 -0.00061602596616282951 -0.00048636980531991975
leaf_weight=123 767 132 134 144 299 1171 257 3114 4873 444 602
leaf_count=123 767 132 134 144 299 1171 257 3114 4873 444 602
internal_value=-7.77032e-06 -0.000857342 -0.00143072 -0.00223754 3.1326e-05 -0.000196885 -0.000888869 5.69352e-05 0.000227182 -0.000750334 0.000361542
internal_weight=12060 533 410 276 11527 5309 1428 3881 6218 743 5475
internal_count=12060 533 410 276 11527 5309 1428 3881 6218 743 5475
is_linear=0
shrinkage=0.025


Tree=465
num_leaves=9
num_cat=0
split_feature=27 44 13 46 26 11 29 30
split_gain=1.09313 0.625173 2.04563 1.73115 1.45756 1.18454 0.614834 0.419996
threshold=-0.015050034970045088 0.01421447563916445 -0.21093431115150449 0.18103448301553729 0.013908700551837684 0.0098367366008460539 0.072857819497585311 0.24741335958242419
decision_type=2 2 2 2 2 2 2 2
left_child=6 2 7 -4 -3 -6 -1 -2
right_child=1 4 3 -5 5 -7 -8 -9
leaf_value=-4.4563695476485348e-05 0.0026254849139355245 -0.00096444764112925884 -0.0015238538598494409 5.0262924985580143e-05 -0.0012833188135586444 1.0331261087975724e-05 -0.00073696826853968166 0.00033832931980816417
leaf_weight=224 500 209 132 856 232 9609 143 140
leaf_count=224 500 209 132 856 232 9609 143 140
internal_value=-1.29667e-05 2.89952e-05 0.000483007 -0.000225327 -4.41322e-05 0 -0.00134745 0.00157946
internal_weight=12045 11678 1628 988 10050 9841 367 640
internal_count=12045 11678 1628 988 10050 9841 367 640
is_linear=0
shrinkage=0.025


Tree=466
num_leaves=13
num_cat=0
split_feature=46 14 44 17 9 47 40 40 30 43 9 44
split_gain=0.751549 2.31497 1.49063 1.71498 1.15109 0.941268 1.86308 0.874577 0.700192 0.850109 0.65154 0.544583
threshold=0.094827588647604003 0.68534484505653392 0.015193693805485966 -0.23439563065767285 0.017523327842354778 0.10491563007235528 0.9618208408355714 0.74419647455215465 -0.20972026884555814 -0.089542485773563371 0.025882319547235969 0.014905802439898254
decision_type=2 2 2 2 2 2 2 2 2 2 2 2
left_child=1 2 3 -1 8 6 -6 -7 9 -2 -4 -10
right_child=4 -3 10 -5 5 7 -8 -9 11 -11 -12 -13
leaf_value=0.00017982196195661662 0.0011016144376722926 -0.001594492942181652 0.0015477715342245488 -0.002604022645914434 0.0022679045944132854 -0.00038679545927856364 -0.00064930143026220729 -5.0098997854732979e-06 0.0016954651688318074 -0.0019173368183449031 -1.8549873542956972e-05 -0.0014274972365603052
leaf_weight=126 120 162 242 123 490 1144 192 8126 706 134 357 120
leaf_count=126 120 162 242 123 490 1144 192 8126 706 134 357 120
internal_value=-3.22694e-05 -0.000683497 -0.000145076 -0.00175689 2.70681e-05 -5.66184e-05 0.000835153 -0.000123315 0.000800691 -0.000323359 0.000523593 0.00115373
internal_weight=12042 1010 848 249 11032 9952 682 9270 1080 254 599 826
internal_count=12042 1010 848 249 11032 9952 682 9270 1080 254 599 826
is_linear=0
shrinkage=0.025


Tree=467
num_leaves=12
num_cat=0
split_feature=27 35 48 29 48 37 41 18 38 15 26
split_gain=0.780084 0.89138 0.715035 1.22944 0.955856 1.99756 0.900782 0.667703 1.0201 0.57834 0.441641
threshold=-0.009864144027233122 0.25333580374717718 0.057776963338255889 0.090930365025997176 0.10491563007235528 0.017944529652595523 0.39246015250682836 -0.021074117161333557 -0.11751413717865943 0.4224137961864472 0.026624505408108238
decision_type=2 2 2 2 2 2 2 2 2 2 2
left_child=1 7 3 9 5 -4 -6 8 -1 -2 -9
right_child=2 -3 4 -5 6 -7 -8 10 -10 -11 -12
leaf_value=0.00046179822451757903 0.00030541291205348435 -0.00096780322786935982 -0.0011948939943294346 -0.00040952923680770409 0.0009378944183849069 0.0017612296130284774 4.2729863460715732e-06 0.0023329529964417231 -0.0010974259602120535 0.0022446044799272979 -0.00015878828979738776
leaf_weight=120 177 121 435 154 885 175 9283 137 129 299 131
leaf_count=120 177 121 435 154 885 175 9283 137 129 299 131
internal_value=3.18439e-05 -0.000814541 8.00623e-05 0.000895669 3.14153e-05 -0.000924797 8.98212e-05 -0.000337644 -0.00126476 0.00152547 0.000508242
internal_weight=12046 638 11408 630 10778 610 10168 517 249 476 268
internal_count=12046 638 11408 630 10778 610 10168 517 249 476 268
is_linear=0
shrinkage=0.025


Tree=468
num_leaves=7
num_cat=0
split_feature=37 38 34 16 30 25
split_gain=0.787827 0.81711 1.50044 1.9686 0.744431 0.786164
threshold=0.0071191173046827325 -0.00059619295643642534 0.047411743551492698 0.024560993537306789 -1.4521878361701963 -9.7353978157043439
decision_type=2 2 2 2 2 2
left_child=-1 4 -3 -4 -2 -6
right_child=1 2 3 -5 5 -7
leaf_value=0.0021844583978373826 0.0014661952504807214 -0.0024444938996672234 -0.00051781591719924117 0.00085928979574366167 -0.00017581479847848336 5.7165344461318524e-05
leaf_weight=141 176 185 1440 833 1485 7728
leaf_count=141 176 185 1440 833 1485 7728
internal_value=3.24148e-05 9.38669e-06 -0.000395351 -0.000213455 0.000116165 8.42103e-05
internal_weight=11988 11847 2458 2273 9389 9213
internal_count=11988 11847 2458 2273 9389 9213
is_linear=0
shrinkage=0.025


Tree=469
num_leaves=15
num_cat=0
split_feature=37 24 29 34 8 29 32 7 40 48 41 45 31 30
split_gain=0.870266 0.822829 1.45729 1.02631 0.882108 1.18774 0.828196 0.807824 0.737548 1.15246 1.17341 0.811809 0.701616 0.437259
threshold=0.024621151387691501 18.543002128601078 0.027929934673011306 0.12522014975547793 0.037389965727925308 0.095176760107278838 1.3048202991485598 -0.0027783431578427549 1.0097795724868777 0.71515038609504711 0.7381645441055299 0.18103448301553729 1.0153813362121584 -0.63873890042304982
decision_type=2 2 2 2 2 2 2 2 2 2 2 2 2 2
left_child=1 2 7 -4 6 -6 -3 -1 11 10 -10 -2 -11 -13
right_child=8 4 3 -5 5 -7 -8 -9 9 12 -12 13 -14 -15
leaf_value=-1.6605975002502374e-05 -0.00025951568408626657 5.6121998785961299e-05 -0.00039639258464918613 -0.00096209339631872373 -0.00070863730075679081 0.00040191995520841468 -0.00078626375929062911 0.00065789737186711659 0.00074810249791362965 0.0021092736535088781 -0.0014748633184591146 0.00036035075923827225 -5.9963545193066265e-05 0.0023625223269315328
leaf_weight=213 186 7198 1640 147 519 339 256 216 134 157 148 154 175 547
leaf_count=213 186 7198 1640 147 519 339 256 216 134 157 148 154 175 547
internal_value=0 -8.058e-05 -0.000508217 -0.0008238 3.29146e-05 -0.000722769 0.000121162 0.00078629 0.000561919 -9.49111e-05 -0.00126742 0.00102158 0.000886499 0.00141112
internal_weight=12029 10528 2216 1787 8312 858 7454 429 1501 614 282 887 332 701
internal_count=12029 10528 2216 1787 8312 858 7454 429 1501 614 282 887 332 701
is_linear=0
shrinkage=0.025


Tree=470
num_leaves=8
num_cat=0
split_feature=3 43 41 46 46 31 33
split_gain=0.727871 0.766182 1.51568 1.40712 1.40394 1.22451 1.26544
threshold=0.75209397077560436 0.040282635018229491 0.44694916903972631 0.88646370172500621 0.81896552443504345 2.4081935882568364 0.005656727124005557
decision_type=2 2 2 2 2 2 2
left_child=1 5 4 -4 -3 6 -1
right_child=-2 2 3 -5 -6 -7 -8
leaf_value=-8.1623035607486253e-05 -0.0013760343794738759 0.0016448951304588373 -0.00011165338514045743 0.00065453356041871177 2.0080804223737746e-05 -0.0022799226725487673 0.00022174459649713241
leaf_weight=4058 139 900 2755 782 686 120 2566
leaf_count=4058 139 900 2755 782 686 120 2566
internal_value=5.48457e-05 7.67563e-05 0.000307381 1.72926e-05 0.000948303 -9.7607e-05 -5.03469e-05
internal_weight=12006 11867 5123 3537 1586 6744 6624
internal_count=12006 11867 5123 3537 1586 6744 6624
is_linear=0
shrinkage=0.025


Tree=471
num_leaves=12
num_cat=0
split_feature=9 29 36 32 17 48 36 26 34 44 44
split_gain=0.614226 1.16278 1.03988 1.50103 1.56093 1.37616 1.32321 1.64739 1.38832 0.750349 0.558198
threshold=0.017387114465236667 0.019433148205280307 0.20684999227523806 0.94351446628570568 0.6251506805419923 0.20983126014471057 0.32796934247016912 0.016071674413979057 -0.082133550196886049 0.014905802439898254 0.012296299915760757
decision_type=2 2 2 2 2 2 2 2 2 2 2
left_child=1 -1 3 4 -2 -5 8 -8 -4 10 -3
right_child=2 9 6 5 -6 -7 7 -9 -10 -11 -12
leaf_value=-0.00063287823025146765 -6.7453117770774503e-05 0.00048942332925284678 -0.00038703041516181238 -0.00078796600124360512 0.0011322568306932448 -0.00014550443238973778 -0.00066095189220011122 1.4967183795696943e-06 0.00061249373958101826 -0.0014025910239732541 0.0019166922503858375
leaf_weight=141 1521 449 260 382 629 1656 213 3777 2392 123 404
leaf_count=141 1521 449 260 382 629 1656 213 3777 2392 123 404
internal_value=3.23169e-05 0.000589349 -2.48038e-05 -0.000333592 0.00012471 -0.000819261 0.000169061 -0.000117334 0.000601713 0.000900867 0.00116696
internal_weight=11947 1117 10830 4188 2150 2038 6642 3990 2652 976 853
internal_count=11947 1117 10830 4188 2150 2038 6642 3990 2652 976 853
is_linear=0
shrinkage=0.025


Tree=472
num_leaves=9
num_cat=0
split_feature=40 40 31 13 36 36 16 40
split_gain=0.82059 0.948803 2.29704 4.54358 1.3655 0.880578 1.95301 1.09464
threshold=0.37382487952709204 0.74419647455215465 0.47551032900810247 -0.17910782247781751 0.091610707342624678 0.48833210766315466 0.027396334335207943 0.80226609110832225
decision_type=2 2 2 2 2 2 2 2
left_child=-1 2 3 -2 -4 7 -7 -3
right_child=1 5 4 -5 -6 6 -8 -9
leaf_value=0.00056248835636704502 0.00018422269677175981 0.0015451044350606883 -0.0010643617034000695 -0.0032327740462060081 0.00050393063620189974 -0.0012259258766187916 0.00053065635575068304 3.432491629555906e-05
leaf_weight=194 280 817 149 331 799 733 561 8215
leaf_count=194 280 817 149 331 799 733 561 8215
internal_value=5.92727e-05 3.20649e-05 -0.00054108 -0.00173093 0.000224292 0.000119422 -0.000487875 0.000207342
internal_weight=12079 11885 1559 611 948 10326 1294 9032
internal_count=12079 11885 1559 611 948 10326 1294 9032
is_linear=0
shrinkage=0.025


Tree=473
num_leaves=11
num_cat=0
split_feature=35 31 48 40 36 46 41 30 30 39
split_gain=0.821018 1.28983 1.05108 1.83426 1.74548 1.66539 1.48855 1.10943 1.10562 0.565256
threshold=0.41086395084857946 1.7721971869468691 0.26724137365818029 0.82600829005241405 0.11378910765051843 0.38114453852176672 0.51818230748176586 0.40772426128387457 0.62789866328239452 0.90605983138084423
decision_type=2 2 2 2 2 2 2 2 2 2
left_child=2 -2 3 4 -1 -5 7 -4 -8 -3
right_child=1 9 6 5 -6 -7 8 -9 -10 -11
leaf_value=-0.00043254238873279536 -0.0017291408071822688 0.0015815572971498344 0.0001016215269975707 -0.0024983514965334999 0.00041672299688660447 -5.2350037560640408e-05 3.7049234580624847e-05 0.0027462741705108619 -0.00033517505237082621 -0.00050398748491851421
leaf_weight=562 221 123 893 437 1264 839 6244 698 589 171
leaf_count=562 221 123 893 437 1264 839 6244 698 589 171
internal_value=-1.3489e-06 -0.000973558 4.19522e-05 -0.000350418 0.00015497 -0.00107631 0.0001873 0.000874843 2.57752e-05 9.61539e-05
internal_weight=12041 515 11526 3102 1826 1276 8424 1591 6833 294
internal_count=12041 515 11526 3102 1826 1276 8424 1591 6833 294
is_linear=0
shrinkage=0.025


Tree=474
num_leaves=8
num_cat=0
split_feature=42 29 27 36 16 35 8
split_gain=0.866991 1.03501 0.838282 1.25092 0.94654 0.339582 0.477706
threshold=0.26414151489734655 0.095260854810476317 -0.009864144027233122 0.21841736137866977 0.02408415358513594 0.20559851080179217 0.043247602880001075
decision_type=2 2 2 2 2 2 2
left_child=1 2 3 -1 -4 6 -3
right_child=-2 5 4 -5 -6 -7 -8
leaf_value=0.0016040605540318974 -0.00069160140308660405 -0.00022270020862085588 -4.5304137372155567e-05 -0.00091028474609159598 0.00026889884134136095 0.0025533219425841157 0.0016778897217741492
leaf_weight=185 218 130 7898 389 2862 182 160
leaf_count=185 218 130 7898 389 2862 182 160
internal_value=-1.94321e-05 9.20761e-06 -3.82528e-05 -0.000965026 1.10312e-05 0.00115042 0.000572034
internal_weight=12024 11806 11334 574 10760 472 290
internal_count=12024 11806 11334 574 10760 472 290
is_linear=0
shrinkage=0.025


Tree=475
num_leaves=14
num_cat=0
split_feature=8 30 37 44 29 36 40 5 46 22 39 26 45
split_gain=1.12869 1.179 1.70902 1.18367 1.03722 1.47488 0.817471 1.70841 1.89425 0.882003 0.879608 0.865776 0.660179
threshold=0.037389965727925308 0.041161444038152702 0.01485303556546569 0.026998596265912059 0.094890698790550246 0.38952781260013586 1.3080088496208193 0.034762375056743629 0.65737342834472667 1.0210341811180117 1.4358321428298952 0.017941696569323543 0.81896552443504345
decision_type=2 2 2 2 2 2 2 2 2 2 2 2 2
left_child=6 4 -3 -4 5 -2 9 -8 -9 10 -1 -11 -6
right_child=1 2 3 -5 12 -7 7 8 -10 11 -12 -13 -14
leaf_value=7.0250771255896496e-05 -0.00050800719907313362 0.00056146348719510121 -0.00031989643247119261 -0.0014253998302000866 0.0044849176401476004 0.0011827177310682676 0.00060608053096812098 -0.0020852069090478314 -2.422312718419264e-05 -0.0016695050238082602 0.0024623129335250046 -5.1180825464829758e-05 -2.1044767651380949e-05
leaf_weight=8827 438 220 212 340 167 190 130 179 245 186 272 572 122
leaf_count=8827 438 220 212 340 167 190 130 179 245 186 272 572 122
internal_value=9.81009e-06 -0.000588105 -0.0013047 -0.00204443 1.22018e-05 -0.000550948 0.000107647 -0.000820662 -0.00159382 0.000160845 0.000229707 -0.00065367 0.00124575
internal_weight=12100 1689 772 552 917 628 10411 554 424 9857 9099 758 289
internal_count=12100 1689 772 552 917 628 10411 554 424 9857 9099 758 289
is_linear=0
shrinkage=0.025


Tree=476
num_leaves=9
num_cat=0
split_feature=41 22 13 29 31 7 24 15
split_gain=0.796949 0.760843 0.785453 1.81482 1.03083 0.674809 0.646877 0.58733
threshold=0.84223756194114696 1.0272572636604311 -0.031595164909958832 0.039837205782532699 0.80925706028938305 0.0077444929629564294 26.536982536315922 0.52586206793785106
decision_type=2 2 2 2 2 2 2 2
left_child=1 2 4 -4 -1 -3 -2 -7
right_child=6 5 3 -5 -6 7 -8 -9
leaf_value=5.2448374221086488e-05 0.0021897568706572643 -0.0009117636481085485 -0.0010874440215060117 0.00074449054405775024 -0.00015288491187159589 0.00027265211107125529 -1.0623931683328756e-05 -0.0010980111987679831
leaf_weight=4691 206 142 318 1675 4140 301 130 383
leaf_count=4691 206 142 318 1675 4140 301 130 383
internal_value=6.9845e-06 -2.73487e-05 2.80498e-05 0.000476101 -7.25723e-05 -0.000756618 0.00119868 -0.000411829
internal_weight=11986 11650 10824 1993 8831 826 336 684
internal_count=11986 11650 10824 1993 8831 826 336 684
is_linear=0
shrinkage=0.025


Tree=477
num_leaves=15
num_cat=0
split_feature=48 31 46 40 44 40 46 26 35 19 43 11 48 0
split_gain=0.7142 1.20524 2.34003 2.29339 2.00264 1.69116 1.58317 1.35026 1.09728 1.57593 1.50337 0.468034 0.794575 0.170457
threshold=0.27622890472412115 0.86335718631744396 0.8479457199573518 1.2256039977073672 0.022216437384486202 1.1242663264274599 0.74303007125854503 0.032832406461238868 0.29742948710918432 -0.080883499234914766 0.012207318563014271 0.015984501689672474 0.1241746135056019 0.0055415267124772081
decision_type=2 2 2 2 2 2 2 2 2 2 2 2 2 2
left_child=8 3 5 6 -5 -3 -2 -4 9 -1 -11 13 -13 -10
right_child=1 2 7 4 -6 -7 -8 -9 11 10 -12 12 -14 -15
leaf_value=0.00037579678297295304 0.00071921761576086143 -0.000770757606951557 0.0014958330454819934 -0.00048404682622961274 0.0042955461237073039 0.0001756602680584705 -0.00087284053780487577 -7.8575727124220236e-05 0.00080381209609591215 -0.000907499341318125 -3.990222826692622e-05 0.0019861567856475034 -0.0010167740687823793 0.0049044731259240337
leaf_weight=282 3502 1945 786 549 121 1111 124 442 136 1047 1623 125 126 130
leaf_count=282 3502 1945 786 549 121 1111 124 442 136 1047 1623 125 126 130
internal_value=3.66062e-05 0.000159435 -0.000136104 0.000455417 -0.00087963 -0.000507595 0.000704696 0.00078163 -0.000265184 -0.000452739 -0.000642523 0.000787835 0 0.0015083
internal_weight=12049 8580 4284 4296 670 3056 3626 1228 3469 2952 2670 517 251 266
internal_count=12049 8580 4284 4296 670 3056 3626 1228 3469 2952 2670 517 251 266
is_linear=0
shrinkage=0.025


Tree=478
num_leaves=14
num_cat=0
split_feature=34 38 45 47 47 37 37 16 48 41 1 41 24
split_gain=0.93084 1.83731 1.55001 1.9301 0.849934 1.18147 1.33863 1.08323 0.966742 0.827275 0.81323 1.34883 0.390635
threshold=-0.042106898501515382 -0.16299469769001004 0.22909024357795718 0.59097579121589672 0.86720469594001781 0.018673998303711418 0.017538233660161499 0.024845681153237823 0.10491563007235528 0.49920457601547247 -0.029968318529427048 0.76556718349456798 30.777867317199711
decision_type=2 2 2 2 2 2 2 2 2 2 2 2 2
left_child=1 10 -3 -4 5 6 -2 -7 -6 -10 12 -12 -1
right_child=4 2 3 -5 8 7 -8 -9 9 -11 11 -13 -14
leaf_value=0.002763710545214881 1.888757982019326e-06 -0.00082360772017797007 0.00077376310001526691 -0.0011781733774587661 -9.8423962962200718e-05 0.0001513954328970527 -0.0013019028911046002 0.0032671028638170015 0.0015381926241984946 0.00022062924608414814 0.00099543038607626151 -0.0010130883085656113 0.00017181286561214099
leaf_weight=223 6790 231 478 414 187 1029 561 467 593 540 230 132 120
leaf_count=223 6790 231 478 414 187 1029 561 467 593 540 230 132 120
internal_value=2.76043e-05 -0.000490316 -0.00111813 -0.000628484 0.000121535 3.23374e-05 -9.73694e-05 0.000672052 0.000712264 0.000989675 0.000501761 -0.000309945 0.00136853
internal_weight=11995 1828 1123 892 10167 8847 7351 1496 1320 1133 705 362 343
internal_count=11995 1828 1123 892 10167 8847 7351 1496 1320 1133 705 362 343
is_linear=0
shrinkage=0.025


Tree=479
num_leaves=9
num_cat=0
split_feature=3 36 13 35 4 48 28 16
split_gain=0.699188 0.846753 1.93847 1.7573 1.95379 1.63296 1.24951 0.849628
threshold=0.75209397077560436 0.20684999227523806 -0.31691214442253107 0.12934804707765582 0.34729193150997167 0.27622890472412115 0.37500000000000006 0.020736523903906349
decision_type=2 2 2 2 2 2 2 2
left_child=1 3 6 5 -5 -1 -3 -4
right_child=-2 2 7 4 -6 -7 -8 -9
leaf_value=-0.00039637464807200368 -0.0012171637931370023 -0.0010608268148995816 0.00054164878570428575 -0.00014898368041545089 -0.0015301006181506758 0.00018612610717700883 -4.8355456146062769e-05 5.2214063656836284e-05
leaf_weight=1019 140 152 2042 1064 219 2650 336 4397
leaf_count=1019 140 152 2042 1064 219 2650 336 4397
internal_value=4.29351e-05 6.44775e-05 0.000243256 -0.000184335 -0.000979231 9.28825e-05 -0.00126521 0.000359443
internal_weight=12019 11879 6927 4952 1283 3669 488 6439
internal_count=12019 11879 6927 4952 1283 3669 488 6439
is_linear=0
shrinkage=0.025


Tree=480
num_leaves=15
num_cat=0
split_feature=47 40 9 36 36 32 45 39 41 31 5 40 45 13
split_gain=0.662369 1.61428 1.4928 1.68231 1.505 2.18384 1.39316 1.36802 1.80427 1.02019 1.06766 1.00248 0.646853 0.629037
threshold=0.18103448301553729 0.88806429505348217 0.018743911758065227 0.3121714740991593 0.20684999227523806 0.93462625145912182 0.038517974317073829 0.84160640835762035 0.6486681103706361 0.33103270828723913 -0.14009514451026914 0.83703210949897777 0.24834922701120379 -0.16308989375829694
decision_type=2 2 2 2 2 2 2 2 2 2 2 2 2 2
left_child=1 9 3 11 5 -4 -6 8 -3 10 -1 -2 -11 -9
right_child=2 7 4 -5 6 -7 -8 13 -10 12 -12 -13 -14 -15
leaf_value=0.001645727412136159 0.00032204671548794855 -7.2372556868663003e-05 4.919026232099529e-06 -0.0013690002638811309 -0.0010487951409624767 -0.0005598426915724966 5.4302452539662837e-05 0.0012178935832975789 -0.0024366622237984277 1.1182267765644803e-05 -0.00038112465486176062 0.004159857857359465 0.0018204191828044636 -0.0001391628844628718
leaf_weight=151 233 236 1742 123 156 1774 5359 212 170 168 317 433 650 275
leaf_count=151 233 236 1742 123 156 1774 5359 212 170 168 317 433 650 275
internal_value=1.38496e-05 0.000408082 -7.31551e-05 0.00096505 -0.000165034 -0.000569085 9.1712e-05 -0.000402283 -0.00146898 0.000975019 2.90699e-05 0.0014661 0.00150516 0.000480183
internal_weight=11999 2179 9820 789 9031 3516 5515 893 406 1286 468 666 818 487
internal_count=11999 2179 9820 789 9031 3516 5515 893 406 1286 468 666 818 487
is_linear=0
shrinkage=0.025


Tree=481
num_leaves=11
num_cat=0
split_feature=27 40 48 0 33 23 40 48 46 33
split_gain=1.02497 1.08355 1.02801 0.985316 1.4719 0.952856 0.788319 2.0605 1.2604 0.387691
threshold=-0.010840844828635452 0.82600829005241405 0.45689655840396887 0.032329259440302856 -0.0011207688949070869 0.13696579635143283 0.75783196091651928 0.057776963338255889 0.88646370172500621 -0.0085596800781786424
decision_type=2 2 2 2 2 2 2 2 2 2
left_child=1 -1 -3 6 -5 -6 7 -2 -8 -4
right_child=3 2 9 4 5 -7 8 -9 -10 -11
leaf_value=0.00059118397732617041 0.00070328660377449201 -0.0017489492090392912 -0.0007154911713771635 -0.0021261687433567797 -0.0011305153166620084 5.973948062730112e-05 4.1929335688717747e-05 -0.00060790077317466728 0.00075340614134715423 0.00053155095375990687
leaf_weight=133 409 120 158 175 239 920 7463 1261 985 163
leaf_count=133 409 120 158 175 239 920 7463 1261 985 163
internal_value=1.73511e-05 -0.0010082 -0.00160594 6.97173e-05 -0.000566654 -0.000233033 0.000154475 -0.000339552 0.000253017 -0.000816718
internal_weight=12026 574 441 11452 1334 1159 10118 1670 8448 321
internal_count=12026 574 441 11452 1334 1159 10118 1670 8448 321
is_linear=0
shrinkage=0.025


Tree=482
num_leaves=13
num_cat=0
split_feature=37 10 47 10 42 44 4 34 44 12 26 13
split_gain=0.815512 1.41154 1.09884 1.01731 1.27666 1.01288 0.989422 0.927906 1.51857 0.840349 0.760145 0.698321
threshold=0.023460826836526397 0.024252675473690036 0.8479457199573518 0.020295040681958202 0.003109198529273272 0.03105833008885384 0.054045023396611221 0.045371355488896377 0.034731652587652213 -0.28770884871482844 0.035400539636611945 -0.20720976591110227
decision_type=2 2 2 2 2 2 2 2 2 2 2 2
left_child=1 2 9 -2 10 -4 -6 8 -3 -1 -5 -9
right_child=3 7 5 4 6 -7 -8 11 -10 -11 -12 -13
leaf_value=-0.0010445647188085953 0.0024928902965413655 -0.0012028398687332958 0.0019919371827443488 0.00016256224564474792 -0.0010869018949022115 1.379074951750732e-06 -2.7034363219615615e-05 -0.00035224896791616615 4.5687569324949629e-05 -7.1229768903681739e-06 0.0017934470848370973 0.00054822321342349537
leaf_weight=122 224 362 554 476 128 483 562 121 147 8261 355 226
leaf_count=122 224 362 554 476 128 483 562 121 147 8261 355 226
internal_value=3.29495e-05 -5.14297e-05 3.64722e-05 0.000532143 0.000292431 0.000802543 -0.000494604 -0.00102062 -0.00169504 -5.79696e-05 0.000952452 -3.55104e-06
internal_weight=12021 10276 9420 1745 1521 1037 690 856 509 8383 831 347
internal_count=12021 10276 9420 1745 1521 1037 690 856 509 8383 831 347
is_linear=0
shrinkage=0.025


Tree=483
num_leaves=12
num_cat=0
split_feature=31 46 31 40 40 39 38 24 17 40 1
split_gain=0.705023 1.52063 2.69481 1.81126 1.7388 1.65418 1.13971 1.20647 1.46337 1.09439 0.190434
threshold=0.86335718631744396 0.74303007125854503 0.56367513537406932 1.2256039977073672 1.3781440258026125 1.0029062628746035 -0.18727746605873105 22.269133567810062 0.69235262274742138 0.86464822292327892 -0.029065813869237896
decision_type=2 2 2 2 2 2 2 2 2 2 2
left_child=1 3 -3 5 -5 -1 10 8 -8 -9 -2
right_child=6 2 -4 4 -6 -7 7 9 -10 -11 -12
leaf_value=4.2889045156589557e-05 0.0023369408680412596 -0.0024227630829217039 0.00045922226180616639 -0.0008459464789975108 0.00014058814964387653 0.001090847950567057 -0.0010651500029466201 0.00059599553953688456 -3.9789222460242347e-05 -0.00013027857905462448 0.001109503914243112
leaf_weight=3302 145 133 182 402 169 1798 652 1253 1059 2902 139
leaf_count=3302 145 133 182 402 169 1798 652 1253 1059 2902 139
internal_value=5.42584e-05 0.000247663 -0.00142578 0.000342891 -0.000983073 0.000493389 -0.000133022 -0.000209291 -0.000767045 1.95313e-05 0.00139706
internal_weight=12136 5986 315 5671 571 5100 6150 5866 1711 4155 284
internal_count=12136 5986 315 5671 571 5100 6150 5866 1711 4155 284
is_linear=0
shrinkage=0.025


Tree=484
num_leaves=12
num_cat=0
split_feature=35 29 40 9 48 37 8 0 9 42 20
split_gain=0.859915 1.50104 1.06208 1.79216 0.850286 1.26672 1.5282 1.37279 1.1951 0.998167 0.618323
threshold=0.35517708957195288 0.095176760107278838 1.1544419527053835 0.033762380480766303 0.27622890472412115 0.018820399418473247 0.037165721878409393 -0.022341563366353508 0.017523327842354778 0.25021018087863928 0.065802466124296202
decision_type=2 2 2 2 2 2 2 2 2 2 2
left_child=4 2 3 -2 5 7 -7 -1 10 -10 -6
right_child=1 -3 -4 -5 8 6 -8 -9 9 -11 -12
leaf_value=-0.0012629156409692934 -0.00025851772664790183 0.0023222659372582589 0.0016278231406424322 -0.0051636450013025203 0.0024405635579405256 0.0015042020208412606 -0.00052837285376088397 -0.0001463221953000635 6.9294034952823463e-05 -0.0012175170161819319 4.3780005309292256e-05
leaf_weight=227 589 128 153 129 408 601 195 2118 7179 123 203
leaf_count=227 589 128 153 129 408 601 195 2118 7179 123 203
internal_value=3.12034e-05 -0.000668576 -0.00104595 -0.00145055 9.52845e-05 -0.00025151 0.000603933 -0.000545213 0.000233803 0.000143527 0.00129261
internal_weight=12053 999 871 718 11054 3141 796 2345 7913 7302 611
internal_count=12053 999 871 718 11054 3141 796 2345 7913 7302 611
is_linear=0
shrinkage=0.025


Tree=485
num_leaves=13
num_cat=0
split_feature=26 47 48 46 31 45 11 4 38 34 42 42
split_gain=0.869069 1.41573 1.1836 1.00946 2.80032 1.5498 0.891025 1.26311 0.604823 2.54607 1.07776 0.453026
threshold=0.031691979616880424 0.74303007125854503 0.97212031483650219 0.63811445236206066 0.54936203360557567 0.63811445236206066 0.017520181834697727 -0.13485960662364957 -0.11397054791450499 -0.045405225828289979 0.099137883633375182 0.095163390040397658
decision_type=2 2 2 2 2 2 2 2 2 2 2 2
left_child=1 3 8 5 -5 -1 11 -8 10 -10 -2 -3
right_child=2 6 -4 4 -6 -7 7 -9 9 -11 -12 -13
leaf_value=4.6490870742817036e-07 0.00076076378063625379 0.002247708352497246 -0.0013468098533531967 -0.0019631194535809741 -9.1147545534412701e-05 0.0016104263380393913 -0.0011873761551169661 0.00038328334994501177 -0.001801082243185737 -2.9550739758013991e-05 -0.00026105197181259464 0.0016326946840462709
leaf_weight=4847 684 427 184 183 2042 738 151 982 159 1369 218 123
leaf_count=4847 684 427 184 183 2042 738 151 982 159 1369 218 123
internal_value=1.74415e-05 0.000129106 -0.000385166 -1.19961e-05 -0.000462444 0.000166592 0.000785693 0.000374561 -0.000233573 -0.000537345 0.000274256 0.00161036
internal_weight=12107 9493 2614 7810 2225 5585 1683 1133 2430 1528 902 550
internal_count=12107 9493 2614 7810 2225 5585 1683 1133 2430 1528 902 550
is_linear=0
shrinkage=0.025


Tree=486
num_leaves=9
num_cat=0
split_feature=36 6 34 26 47 44 13 44
split_gain=0.713477 0.624256 0.953129 1.02914 1.00253 0.828497 2.26036 0.853373
threshold=-0.11548355221748351 0.024318130686879161 0.024785058572888378 0.031976953148841865 0.73275861144065868 0.012525388039648535 -0.18847785145044324 0.025890424847602848
decision_type=2 2 2 2 2 2 2 2
left_child=-1 2 3 -2 -4 6 -3 -7
right_child=1 5 4 -5 -6 7 -8 -9
leaf_value=0.0017316227898681272 0.00075114370706601209 0.0011838888347847918 -0.00011488805625251767 -0.00077163159218069841 0.00056342083286571218 3.1169479734972721e-05 -0.0014059711400582825 -0.00018280376412073196
leaf_weight=191 1268 149 1945 128 397 5382 155 2411
leaf_count=191 1268 149 1945 128 397 5382 155 2411
internal_value=1.52731e-05 -8.97372e-06 0.000257481 0.000773555 -4.8466e-05 -0.000132837 -0.00140372 -8.15913e-05
internal_weight=12026 11835 3738 1396 2342 8097 304 7793
internal_count=12026 11835 3738 1396 2342 8097 304 7793
is_linear=0
shrinkage=0.025


Tree=487
num_leaves=9
num_cat=0
split_feature=4 47 29 29 11 36 22 40
split_gain=0.784521 0.83062 1.26866 1.00939 0.69468 1.51487 1.22136 0.287754
threshold=1.0081481933593752 0.88646370172500621 0.085557691752910628 0.094499841332435622 0.016269923187792305 0.49448882043361669 0.21478914469480517 1.1064924001693728
decision_type=2 2 2 2 2 2 2 2
left_child=1 4 7 -4 6 -6 -1 -3
right_child=-2 2 3 -5 5 -7 -8 -9
leaf_value=-0.00016904764166323898 -0.00040799098093403864 0.000548117387704885 -0.00044863947166359091 0.00020066465661351129 -5.6695822365980284e-06 -0.00089911178289975616 0.00019868817565423612 0.0020557836302989422
leaf_weight=613 228 342 121 511 4694 770 4482 282
leaf_count=613 228 342 121 511 4694 770 4482 282
internal_value=4.57546e-05 7.45559e-05 0.000681007 -0.000100078 1.53834e-06 -0.000193591 0.00021201 0.00147655
internal_weight=12043 11815 1256 632 10559 5464 5095 624
internal_count=12043 11815 1256 632 10559 5464 5095 624
is_linear=0
shrinkage=0.025


Tree=488
num_leaves=9
num_cat=0
split_feature=30 10 37 36 23 35 39 35
split_gain=0.644915 0.642853 1.95525 1.23395 1.88591 1.63991 0.96974 0.945926
threshold=-1.4521878361701963 0.020201096311211589 0.01959251239895821 0.49448882043361669 0.15219300240278247 0.22081656754016879 1.0696486830711367 -0.027658163569867607
decision_type=2 2 2 2 2 2 2 2
left_child=-1 2 6 5 -5 -3 -2 -4
right_child=1 3 7 4 -6 -7 -8 -9
leaf_value=0.0011483728217952017 -7.6185805632946927e-05 -0.00011193941854678737 -0.0001344098600184748 -0.0028801957764083615 -0.00025729806950424474 0.00082839462989808441 0.00016781321109101148 0.0036640830947052721
leaf_weight=195 5262 2234 130 121 427 549 2494 561
leaf_count=195 5262 2234 130 121 427 549 2494 561
internal_value=-9.39129e-07 -2.53542e-05 9.00675e-05 -0.000319619 -0.00139919 -0.000102672 -2.30317e-05 0.00135955
internal_weight=11973 11778 8447 3331 548 2783 7756 691
internal_count=11973 11778 8447 3331 548 2783 7756 691
is_linear=0
shrinkage=0.025


Tree=489
num_leaves=15
num_cat=0
split_feature=35 35 37 37 4 37 33 3 4 44 14 4 38 11
split_gain=0.556018 1.2519 2.18879 2.77118 1.21638 1.14567 1.33631 0.876218 1.45883 1.00047 0.838074 1.10897 0.80612 0.558484
threshold=0.17345652729272845 0.13185491412878039 0.0098670762963593023 0.011736339423805477 0.10356391593813898 0.0080096074379980581 0.0074637748766690501 0.19930185377597812 0.42684072256088262 0.031769772991538055 0.91434335708618175 0.65286889672279369 -0.082044936716556535 0.013894167728722097
decision_type=2 2 2 2 2 2 2 2 2 2 2 2 2 2
left_child=1 7 4 -4 -3 6 13 8 -1 -9 12 -12 -7 -2
right_child=5 2 3 -5 -6 10 -8 9 -10 -11 11 -13 -14 -15
leaf_value=2.884962081227097e-05 -0.00065827744656472658 -0.001208691392664398 -0.0024739423972825092 -0.00037535591729811899 0.00087521487467538217 0.0031527069055986576 -0.001103507068769539 0.0011174495215168338 -0.0004734940168868388 -0.00010604356320475174 -0.0012071169405323096 0.00033161222080324196 0.00016785894093454101 0.00061099719620802005
leaf_weight=4441 150 181 305 539 410 366 125 627 787 209 194 159 3451 133
leaf_count=4441 150 181 305 539 410 366 125 627 787 209 194 159 3451 133
internal_value=9.20801e-06 -0.000122768 -0.00078559 -0.00160041 0.000371225 0.000226653 -0.00102603 3.35723e-05 -8.57538e-05 0.000783294 0.000351796 -0.000799581 0.000460819 -3.90624e-05
internal_weight=12077 7499 1435 844 591 4578 408 6064 5228 836 4170 353 3817 283
internal_count=12077 7499 1435 844 591 4578 408 6064 5228 836 4170 353 3817 283
is_linear=0
shrinkage=0.025


Tree=490
num_leaves=15
num_cat=0
split_feature=39 26 29 3 11 47 47 43 31 14 20 47 35 20
split_gain=0.853367 1.18142 1.86529 2.52507 1.09592 1.22406 1.40689 1.13908 2.41469 1.33634 1.00031 0.910987 0.836491 0.625358
threshold=0.99789655208587658 0.032832406461238868 0.094807241111993804 0.37866631150245672 0.019977751187980178 0.63811445236206066 0.27622890472412115 -0.12456301227211951 0.6894817352294923 0.71515038609504711 -0.1674796715378761 0.74303007125854503 0.2154425382614136 0.57284098863601696
decision_type=2 2 2 2 2 2 2 2 2 2 2 2 2 2
left_child=4 10 3 -3 5 6 -1 8 -6 -9 -2 -12 -4 -7
right_child=1 2 12 -5 7 13 -8 9 -10 -11 11 -13 -14 -15
leaf_value=0.00010431916735168317 -0.00028963125170194091 -0.0001222917865579706 -3.4568391526294416e-05 -0.0022117983252024323 -0.00032575149048005852 0.0036728752882211066 -0.00043442838816751045 0.00028224402715576339 -0.0019965936551159837 -0.00075458704455655954 0.00010121032130284231 0.0010351225503642081 0.0020536097180936979 -6.6397000574185103e-05
leaf_weight=2511 163 537 285 169 392 541 1719 688 177 437 2849 1141 208 226
leaf_count=2511 163 537 285 169 392 541 1719 688 177 437 2849 1141 208 226
internal_value=3.95295e-05 0.000275107 -0.000412168 -0.00123594 -0.000148036 3.72352e-05 -0.000128394 -0.000696733 -0.00160497 -0.00022677 0.000475289 0.000555382 0.000755522 0.000953692
internal_weight=12043 5352 1199 706 6691 4997 4230 1694 569 1125 4153 3990 493 767
internal_count=12043 5352 1199 706 6691 4997 4230 1694 569 1125 4153 3990 493 767
is_linear=0
shrinkage=0.025


Tree=491
num_leaves=8
num_cat=0
split_feature=31 31 5 3 47 46 40
split_gain=0.817089 0.754867 2.23064 3.01334 1.57723 1.39401 1.1844
threshold=0.023493722081184391 0.86335718631744396 0.40769098699092871 0.11295418813824655 0.1241746135056019 0.80080705881118786 1.2256039977073672
decision_type=2 2 2 2 2 2 2
left_child=-1 5 3 -3 -4 6 -2
right_child=1 2 4 -5 -6 -7 -8
leaf_value=-0.00041629813119196062 0.00030595703567198461 -0.0032711106608380408 0.0013832994279695614 -9.8959698143437645e-05 -3.6207118994738163e-05 -0.0024832209246792741 -0.00017306245226934416
leaf_weight=127 5039 134 435 200 5365 188 581
leaf_count=127 5039 134 435 200 5365 188 581
internal_value=5.10395e-05 7.31356e-05 -0.000119523 -0.00209071 -3.22988e-06 0.000277611 0.00035
internal_weight=12069 11942 6134 334 5800 5808 5620
internal_count=12069 11942 6134 334 5800 5808 5620
is_linear=0
shrinkage=0.025


Tree=492
num_leaves=8
num_cat=0
split_feature=46 5 20 4 6 9 21
split_gain=0.616478 0.683052 0.721802 1.18437 0.846332 0.473683 0.17848
threshold=0.019258987158536914 -0.25019858777523035 -0.16114409267902371 -0.17045179754495618 0.033263258635997779 0.026624958962202076 49.310127258300788
decision_type=2 2 2 2 2 2 2
left_child=-1 5 4 -4 -3 6 -2
right_child=1 2 3 -5 -6 -7 -8
leaf_value=-0.00019175340481785368 0.00031514348016831325 -0.00031354210236112065 0.00088426394103718008 -8.8043662917666738e-06 0.00048843620613503479 -6.5000866832674428e-05 0.0042117422822053859
leaf_weight=205 158 172 534 10551 136 137 143
leaf_count=205 158 172 534 10551 136 137 143
internal_value=2.80302e-06 2.71419e-05 -9.76039e-06 2.31065e-05 -0.00119409 0.000990406 0.00154003
internal_weight=12036 11831 11393 11085 308 438 301
internal_count=12036 11831 11393 11085 308 438 301
is_linear=0
shrinkage=0.025


Tree=493
num_leaves=11
num_cat=0
split_feature=27 38 37 33 16 20 15 29 43 29
split_gain=0.864394 0.726279 1.58867 2.35844 1.85473 0.722678 0.582014 0.509116 1.00933 0.86406
threshold=-0.010840844828635452 -0.00059619295643642534 0.014678747393190862 0.0080285556614398974 0.024560993537306789 0.34341791272163397 0.26724137365818029 0.067317944020032897 -0.45325811207294459 0.071485463529825224
decision_type=2 2 2 2 2 2 2 2 2 2
left_child=5 7 4 -4 -3 6 -1 8 -2 -9
right_child=1 2 3 -5 -6 -7 -8 9 -10 -11
leaf_value=-0.00056697199282565555 -0.00048485962912635 -0.00021750699798843355 -0.0019863026008920064 -9.0364476362055058e-05 0.0022718540288010954 -0.00098394165863287058 0.00083981616089731615 0.0013263604631095906 8.0754937367285469e-05 0.00011156460397627897
leaf_weight=171 213 1098 255 569 615 193 191 338 6077 2368
leaf_count=171 213 1098 255 569 615 193 191 338 6077 2368
internal_value=9.83008e-05 0.000145281 -0.000226691 -0.00112636 0.000204453 -0.000859375 -0.000173706 0.000250944 0.000126092 0.000538086
internal_weight=12088 11533 2537 824 1713 555 362 8996 6290 2706
internal_count=12088 11533 2537 824 1713 555 362 8996 6290 2706
is_linear=0
shrinkage=0.025


Tree=494
num_leaves=8
num_cat=0
split_feature=2 34 46 47 11 40 31
split_gain=0.756032 1.03484 1.47145 1.31895 0.75228 2.03976 1.45411
threshold=-0.2389637008309364 -0.031133387237787243 0.10491563007235528 0.76228907704353344 0.016217282973229889 0.71135449409484874 0.77563831210136425
decision_type=2 2 2 2 2 2 2
left_child=-1 2 -2 -4 5 -3 -6
right_child=1 4 3 -5 6 -7 -8
leaf_value=0.00083240084105264632 -0.00096564591453305194 -0.00064001096713742038 1.1647339723987975e-05 -0.0010035944486023012 0.0001512733434098251 0.00032908816218850737 -0.00021641871054124676
leaf_weight=236 179 718 1321 371 1837 4188 3154
leaf_count=236 179 718 1321 371 1837 4188 3154
internal_value=-7.28527e-07 -2.96228e-05 -0.000568363 -0.000332204 7.1829e-05 0.000291947 -0.000143365
internal_weight=12004 11768 1871 1692 9897 4906 4991
internal_count=12004 11768 1871 1692 9897 4906 4991
is_linear=0
shrinkage=0.025


Tree=495
num_leaves=9
num_cat=0
split_feature=2 26 25 4 20 23 32 47
split_gain=0.659691 0.81196 1.15623 1.78319 1.15632 1.15134 1.38617 1.06662
threshold=-0.28105409443378443 0.031691979616880424 -11.180986881256102 0.27861072123050695 0.17954493314027789 0.12409836053848268 1.049074709415436 0.1241746135056019
decision_type=2 2 2 2 2 2 2 2
left_child=-1 5 3 -3 -4 6 -2 -7
right_child=1 2 4 -5 -6 7 -8 -9
leaf_value=0.00088434214289853565 -1.2399985317901218e-05 -0.0012468604768025165 0.00063429706755890533 0.0001888462116669841 -0.00023021859666189385 0.0012079540900162486 -0.00084905966762438339 7.722408708391784e-05
leaf_weight=141 3113 160 437 120 1757 616 556 5171
leaf_count=141 3113 160 437 120 1757 616 556 5171
internal_value=1.62513e-05 -3.6656e-06 -0.000406918 -0.00190789 -0.000208617 0.000101337 -0.000243944 0.000321348
internal_weight=12071 11930 2474 280 2194 9456 3669 5787
internal_count=12071 11930 2474 280 2194 9456 3669 5787
is_linear=0
shrinkage=0.025


Tree=496
num_leaves=11
num_cat=0
split_feature=35 31 47 43 30 47 39 11 7 38
split_gain=0.743883 1.48018 0.850569 1.26428 0.986754 0.881548 1.79325 1.27248 0.522476 0.406607
threshold=0.41086395084857946 1.7721971869468691 0.88646370172500621 0.29310585558414465 -0.10919801890850066 0.48606015741825109 1.0696486830711367 0.014403113164007665 0.0046816065441817054 -0.1254615634679794
decision_type=2 2 2 2 2 2 2 2 2 2
left_child=2 -2 5 9 -5 6 -1 -7 -3 -4
right_child=1 8 3 4 -6 7 -8 -9 -10 -11
leaf_value=1.0118610949492908e-05 -0.0018276720427907126 0.001637080512565863 6.8745541060100782e-05 -0.0016389922408145336 0.00021146391589169599 0.00042604976764830903 0.0015067663297154759 -0.00016543083177894552 -0.00046855499937211071 0.0020728084748412377
leaf_weight=4804 207 128 166 149 401 886 877 3611 181 602
leaf_count=4804 207 128 166 149 401 886 877 3611 181 602
internal_value=5.19057e-05 -0.000870921 9.4231e-05 0.000690665 -0.000213964 1.60808e-05 0.000223576 -0.000244613 0.000210987 0.00134379
internal_weight=12012 516 11496 1318 550 10178 5681 4497 309 768
internal_count=12012 516 11496 1318 550 10178 5681 4497 309 768
is_linear=0
shrinkage=0.025


Tree=497
num_leaves=11
num_cat=0
split_feature=40 19 13 39 46 7 8 45 36 47
split_gain=0.644422 1.26366 2.29818 1.19134 0.811664 1.77613 0.782313 0.32564 0.229144 0.150543
threshold=1.3080088496208193 -0.055539496243000024 -0.080632269382476793 1.4358321428298952 0.10491563007235528 0.023630280047655109 0.039936961606144912 0.63811445236206066 0.12179111316800119 0.8479457199573518
decision_type=2 2 2 2 2 2 2 2 2 2
left_child=3 -2 7 4 5 -1 -6 -3 -5 -10
right_child=1 2 -4 8 6 -7 -8 -9 9 -11
leaf_value=-7.6458590535662368e-05 -0.0011441420617292763 0.00081749048626162269 -0.00085922517771945062 0.00016420372303775071 7.4107697905778687e-05 -0.0016800023196034746 -0.00024293392176438796 0.00010928102352942473 0.0023826239364200075 0.0050486838836420449
leaf_weight=956 132 222 216 123 8837 130 963 135 148 149
leaf_count=956 132 222 216 123 8837 130 963 135 148 149
internal_value=5.1702e-05 -0.000677817 -0.000149221 9.80241e-05 4.6713e-05 -0.000599221 0.000119199 0.00106699 0.00139706 0.00177566
internal_weight=12011 705 573 11306 10886 1086 9800 357 420 297
internal_count=12011 705 573 11306 10886 1086 9800 357 420 297
is_linear=0
shrinkage=0.025


Tree=498
num_leaves=6
num_cat=0
split_feature=17 46 37 10 42
split_gain=0.753508 1.42126 0.710194 1.60405 0.8737
threshold=-0.50010156631469715 0.019258987158536914 0.024621151387691501 0.024252675473690036 0.031639104709029205
decision_type=2 2 2 2 2
left_child=-1 -2 3 -3 -4
right_child=1 2 4 -5 -6
leaf_value=0.0015431295508858585 -0.00023267172641268046 2.1145649450501134e-05 0.0012415445466875837 -0.00025595852062895453 -0.00015318329161969743
leaf_weight=138 144 9382 926 946 560
leaf_count=138 144 9382 926 946 560
internal_value=3.99761e-05 1.78677e-05 4.89679e-05 -2.40733e-05 0.000559189
internal_weight=12096 11958 11814 10328 1486
internal_count=12096 11958 11814 10328 1486
is_linear=0
shrinkage=0.025


Tree=499
num_leaves=7
num_cat=0
split_feature=46 17 40 17 45 45
split_gain=0.813564 0.756527 2.8246 0.756726 1.80026 1.23892
threshold=0.019258987158536914 1.4175644516944887 0.87734833359718334 0.91555762290954601 0.35326485335826879 0.81896552443504345
decision_type=2 2 2 2 2 2
left_child=-1 3 -3 5 -5 -2
right_child=1 2 -4 4 -6 -7
leaf_value=-0.00020639230467525859 4.3233164192695048e-05 -0.0037129958214953403 0.0010641691396066032 -0.00075741028747030009 0.00068167702366281314 -0.00031447618726989214
leaf_weight=211 8455 130 160 189 1503 1399
leaf_count=211 8455 130 160 189 1503 1399
internal_value=5.48665e-05 8.30801e-05 -0.00116525 0.000115466 0.000603271 3.08095e-05
internal_weight=12047 11836 290 11546 1692 9854
internal_count=12047 11836 290 11546 1692 9854
is_linear=0
shrinkage=0.025


Tree=500
num_leaves=8
num_cat=0
split_feature=29 8 35 39 42 46 4
split_gain=0.743481 0.829564 0.825243 1.1706 0.850466 0.820956 0.0933957
threshold=0.095304239541292204 0.049866719171404846 0.41625252366065985 0.90605983138084423 -0.10374921187758444 0.78154808282852184 0.38371863961219793
decision_type=2 2 2 2 2 2 2
left_child=1 2 4 -4 -1 6 -2
right_child=5 -3 3 -5 -6 -7 -8
leaf_value=0.00026730824305225688 0.0054681883652136576 -0.00033237040037882012 0.00063067970054341189 -0.0016673852923566172 -1.0740255130702992e-05 -3.2753135255668566e-05 0.00080714458983551039
leaf_weight=1314 146 228 151 257 9635 214 123
leaf_count=1314 146 228 151 257 9635 214 123
internal_value=1.97756e-05 -1.99525e-05 9.7915e-06 -0.00108656 5.16935e-05 0.000975922 0.00188412
internal_weight=12068 11585 11357 408 10949 483 269
internal_count=12068 11585 11357 408 10949 483 269
is_linear=0
shrinkage=0.025


Tree=501
num_leaves=10
num_cat=0
split_feature=33 0 38 5 16 0 25 23 35
split_gain=0.707477 1.45711 1.0703 1.02663 0.650947 0.689913 1.52852 0.911869 0.351883
threshold=-0.0024406985612586136 0.028130412101745609 -0.16737131774425504 0.75228163599967968 0.034789776429533965 -1.0000000180025095e-35 -9.5211172103881818 0.43019056320190435 -0.11595639586448668
decision_type=2 2 2 2 2 2 2 2 2
left_child=1 2 8 -4 5 6 -2 -7 -1
right_child=4 -3 3 -5 -6 7 -8 -9 -10
leaf_value=0.00039523238973391064 -0.00072275067177185513 -0.0021553444530534676 -0.00021532011845607304 0.00018994495654164065 0.0044877372987852313 0.00019170099393443841 2.4727713329367774e-06 -0.00053636583867067817 0.002210567851031998
leaf_weight=148 293 198 2045 818 168 5173 2771 240 172
leaf_count=148 293 198 2045 818 168 5173 2771 240 172
internal_value=2.77409e-05 -0.000277983 -0.000144683 -0.000300296 0.000148121 0.000116276 -0.000182062 0.000286314 0.00121154
internal_weight=12026 3381 3183 2863 8645 8477 3064 5413 320
internal_count=12026 3381 3183 2863 8645 8477 3064 5413 320
is_linear=0
shrinkage=0.025


Tree=502
num_leaves=5
num_cat=0
split_feature=40 41 40 29
split_gain=0.686513 0.72224 0.83593 0.981418
threshold=0.37382487952709204 0.086142592132091536 0.47328618168830877 0.095304239541292204
decision_type=2 2 2 2
left_child=-1 -2 -3 -4
right_child=1 2 3 -5
leaf_value=0.00066526741671032129 -0.00049716818328809779 -0.0012519240700729767 -3.8607892183461121e-06 0.0010703399609184791
leaf_weight=188 144 154 11072 446
leaf_count=188 144 154 11072 446
internal_value=1.69665e-05 -6.66178e-06 1.48798e-05 4.02457e-05
internal_weight=12004 11816 11672 11518
internal_count=12004 11816 11672 11518
is_linear=0
shrinkage=0.025


Tree=503
num_leaves=6
num_cat=0
split_feature=42 25 36 4 13
split_gain=0.682817 0.8182 0.69193 2.3038 1.43587
threshold=0.26414151489734655 37.563133239746101 0.12280745804309846 0.38371863961219793 -0.29083099961280817
decision_type=2 2 2 2 2
left_child=1 2 3 -1 -4
right_child=-2 -3 4 -5 -6
leaf_value=-9.8339610626819773e-06 -0.00057523151489822849 0.0025896035904164555 -0.00017310268769596797 -0.0006988550086828863 0.00012942420258601375
leaf_weight=3378 229 167 893 347 7023
leaf_count=3378 229 167 893 347 7023
internal_value=6.94445e-05 9.63981e-05 7.05179e-05 -0.00020945 0.000203099
internal_weight=12037 11808 11641 3725 7916
internal_count=12037 11808 11641 3725 7916
is_linear=0
shrinkage=0.025


Tree=504
num_leaves=6
num_cat=0
split_feature=16 37 23 39 14
split_gain=0.662734 0.603851 0.600625 1.09032 0.911186
threshold=0.012742703780531885 0.0071191173046827325 0.12976632267236712 1.0696486830711367 0.38114453852176672
decision_type=2 2 2 2 2
left_child=-1 -2 3 -3 -4
right_child=1 2 4 -5 -6
leaf_value=0.0021174223159558039 0.0022140219290952088 -0.00025084952944381256 0.00022764678864874911 0.00019583196955850354 -2.3511131053601879e-05
leaf_weight=229 134 2809 2500 997 5407
leaf_count=229 134 2809 2500 997 5407
internal_value=3.38342e-05 7.27735e-06 -1.16273e-05 -0.000269942 0.000112013
internal_weight=12076 11847 11713 3806 7907
internal_count=12076 11847 11713 3806 7907
is_linear=0
shrinkage=0.025


Tree=505
num_leaves=8
num_cat=0
split_feature=46 40 32 37 35 36 40
split_gain=0.675636 0.64909 1.22465 1.7543 0.677802 1.53248 1.3548
threshold=0.019258987158536914 1.2712417840957644 0.7404981553554536 0.016280683688819412 0.17836615443229678 0.12280745804309846 0.72322645783424389
decision_type=2 2 2 2 2 2 2
left_child=-1 4 -3 -4 6 -6 -2
right_child=1 2 3 -5 5 -7 -8
leaf_value=-0.00021034610698849774 -0.00039632408603191833 0.00077691223031071662 -0.00084984277239685737 0.00017419538568905194 -0.00049141195179143709 0.00042578356132569458 1.9192129714778109e-05
leaf_weight=200 977 180 501 228 466 3647 5872
leaf_count=200 977 180 501 228 466 3647 5872
internal_value=-9.62644e-06 1.44199e-05 -0.000625 -0.00108481 6.82731e-05 0.000322062 -8.33454e-05
internal_weight=12071 11871 909 729 10962 4113 6849
internal_count=12071 11871 909 729 10962 4113 6849
is_linear=0
shrinkage=0.025


Tree=506
num_leaves=9
num_cat=0
split_feature=3 12 26 31 31 29 26 3
split_gain=0.629066 0.954828 0.996352 1.59457 0.898921 0.756297 0.938213 0.247504
threshold=-0.28105714917182917 -0.16501443833112714 0.021735690534114841 0.17287489771842959 0.28899222612380987 0.018696864135563377 0.012395139783620836 -0.075055133551359163
decision_type=2 2 2 2 2 2 2 2
left_child=4 2 7 -4 -1 -3 -7 -2
right_child=1 5 3 -5 -6 6 -8 -9
leaf_value=0.00017637567131992477 0.00056984996905764325 -0.00054171794861731495 -0.00081473955965037615 0.00021809022501882822 -0.00072275173770536413 0.00058957724793186773 -1.2991961063500658e-05 0.002271884153655597
leaf_weight=206 468 171 122 1407 226 257 9021 139
leaf_count=206 468 171 122 1407 226 257 9021 139
internal_value=4.04468e-05 7.60355e-05 0.000552896 0.00020616 -0.000889588 -3.13358e-05 0 0.00140727
internal_weight=12017 11585 2136 1529 432 9449 9278 607
internal_count=12017 11585 2136 1529 432 9449 9278 607
is_linear=0
shrinkage=0.025


Tree=507
num_leaves=15
num_cat=0
split_feature=31 46 30 47 36 23 47 37 28 36 33 9 23 41
split_gain=0.659329 1.43234 1.69232 1.30618 1.08759 0.812192 0.769723 1.07584 1.43226 0.955248 1.72467 1.63668 0.644919 0.0515625
threshold=2.4081935882568364 0.95286133885383617 0.17778727412223819 0.91434335708618175 0.38377764821052557 0.2855734527111054 0.88646370172500621 0.014760157559067013 0.52500000596046459 0.21670749038457873 -0.0097242402844130976 0.018623499199748043 0.12029731646180154 0.55883419513702404
decision_type=2 2 2 2 2 2 2 2 2 2 2 2 2 2
left_child=6 2 4 13 -2 -4 9 12 -9 11 -11 -1 -8 -3
right_child=1 3 5 -5 -6 -7 7 8 -10 10 -12 -13 -14 -15
leaf_value=0.00045683327514885457 -0.0015653104091458312 0.0008533506769801396 -0.0010640045854218552 -0.00062228252290900173 -0.00068730741359317431 0.0012699371246509261 -0.00011396990220723402 0.0010761148043676072 -0.0011963925503227324 -0.0003801323206700151 0.00026243203361037929 -0.00019251802977741827 0.0016254305227427293 0.0025746661341253256
leaf_weight=1060 138 141 286 136 187 165 131 243 153 684 4733 3377 490 124
leaf_count=1060 138 141 286 136 187 165 131 243 153 684 4733 3377 490 124
internal_value=3.01793e-05 -0.000529822 -0.00115717 0.000668104 -0.00251894 -0.000145285 9.16009e-05 0.000744863 -0.000258728 2.32022e-05 0.00024645 -0.000247918 0.00139177 0.00168981
internal_weight=12048 1177 776 401 325 451 10871 1017 396 9854 5417 4437 621 265
internal_count=12048 1177 776 401 325 451 10871 1017 396 9854 5417 4437 621 265
is_linear=0
shrinkage=0.025


Tree=508
num_leaves=14
num_cat=0
split_feature=22 32 6 48 32 44 33 40 34 46 37 37 6
split_gain=0.834756 1.23425 1.1754 0.894444 1.54938 0.868353 0.641343 1.14047 1.16429 0.820701 0.789816 1.2303 0.30776
threshold=0.81749999523162853 0.63750877976417553 0.030333284288644794 0.45689655840396887 1.076499402523041 0.022436671890318397 0.0068978285416960725 1.3232291340827944 0.030445165932178501 0.16269258409738543 0.024621151387691501 0.016472292132675651 0.050753694027662284
decision_type=2 2 2 2 2 2 2 2 2 2 2 2 2
left_child=6 2 -2 4 -3 -5 7 9 -9 -1 11 -8 -12
right_child=1 3 -4 5 -6 -7 10 8 -10 -11 12 -13 -14
leaf_value=-0.00018919614220378513 -0.0014067142113219063 1.5636455457953803e-05 0.00016107414910957157 0.00056524745829870124 -0.00086239660715238292 -0.00024600768816543037 0.00056805195369807957 -0.0013108761677554461 -6.7553624752825686e-06 0.00013267330716568908 0.0029945170930054353 -0.00010605155173242834 0.0010683026691837845
leaf_weight=924 189 1064 120 1077 479 540 1199 141 179 4733 217 900 225
leaf_count=924 189 1064 120 1077 479 540 1199 141 179 4733 217 900 225
internal_value=8.22424e-05 -0.000243595 -0.00173965 -9.28119e-05 -0.000524063 0.000315197 0.00021574 7.29272e-05 -0.00136538 0.000156526 0.000548409 0.000340423 0.00150727
internal_weight=11987 3469 309 3160 1543 1617 8518 5977 320 5657 2541 2099 442
internal_count=11987 3469 309 3160 1543 1617 8518 5977 320 5657 2541 2099 442
is_linear=0
shrinkage=0.025


Tree=509
num_leaves=15
num_cat=0
split_feature=16 16 34 37 35 9 36 34 36 34 35 11 43 4
split_gain=0.780133 1.54216 3.07773 3.59593 1.62818 1.09123 1.06342 2.0667 1.51599 1.0581 0.918604 0.911833 0.926361 0.422833
threshold=0.02408415358513594 0.022667651996016506 0.12971211224794391 0.016711207106709484 -0.0017152473446913061 0.026971741579473022 0.36287236213684088 0.097255650907754912 0.2412400618195534 0.12195472791790964 0.23339033126831057 0.029787535779178146 0.072437684983015074 0.38782581686973577
decision_type=2 2 2 2 2 2 2 2 2 2 2 2 2 2
left_child=1 6 4 -4 -3 9 8 -8 -1 10 -2 12 -7 -13
right_child=5 2 3 -5 -6 11 7 -9 -10 -11 -12 13 -14 -15
leaf_value=-2.2108256664430987e-05 -3.1038231916973286e-05 0.00058719933745256139 -0.0026301735130787301 0.00077619295582271903 -0.00054455853009286858 -0.00039413346506276192 -0.00060155863906683372 0.0024585733173464464 0.00066876600601070929 0.0043011028628834212 0.0024069761519564968 0.0017005993598452026 0.00031986157417851426 4.8760856568708948e-05
leaf_weight=3919 649 461 187 123 575 949 1174 260 1839 414 252 145 923 120
leaf_count=3919 649 461 187 123 575 949 1174 260 1839 414 252 145 923 120
internal_value=-5.73146e-06 -0.000134467 -0.000909511 -0.0030754 -0.000243756 0.000310602 1.02474e-05 -0.000596768 0.000162893 0.000875947 0.000382174 -3.55975e-05 -0.000233751 0.00131944
internal_weight=11990 8538 1346 310 1036 3452 7192 1434 5758 1315 901 2137 1872 265
internal_count=11990 8538 1346 310 1036 3452 7192 1434 5758 1315 901 2137 1872 265
is_linear=0
shrinkage=0.025


Tree=510
num_leaves=13
num_cat=0
split_feature=37 17 31 40 9 36 3 42 8 44 41 42
split_gain=0.640348 0.792515 0.988748 2.08945 1.5006 0.751108 0.85209 0.777239 0.624018 0.885143 0.265161 0.157169
threshold=0.023460826836526397 -0.36830811202526087 0.48126049339771276 1.2381936311721804 0.026534399017691616 0.31316432356834417 -0.035615907981991761 0.097069684416055693 0.034616690129041679 0.021495966240763668 0.67387861013412487 -0.05088758468627929
decision_type=2 2 2 2 2 2 2 2 2 2 2 2
left_child=1 10 3 -3 -4 8 -7 -8 11 -10 -1 -2
right_child=5 2 4 -5 -6 6 7 -9 9 -11 -12 -13
leaf_value=0.0053231437736889382 0.0019610462470328605 -6.5047855092271908e-05 0.00033581070472446138 -0.00085021737563135838 -7.70361548967916e-05 -0.00059400232515938135 0.0011086247814707485 -0.00074928106099689576 -0.00070675696455999308 0.001045845839411809 4.3590142936961198e-05 0.0027570169512600019
leaf_weight=141 137 2552 3205 230 4000 189 501 145 205 364 120 225
leaf_count=141 137 2552 3205 230 4000 189 501 145 205 364 120 225
internal_value=3.15127e-05 -4.37676e-05 -8.01891e-05 -0.000480355 7.36825e-05 0.000470779 -6.69642e-05 0.000359063 0.000957532 0.000420296 0.00130169 0.00176771
internal_weight=12014 10248 9987 2782 7205 1766 835 646 931 569 261 362
internal_count=12014 10248 9987 2782 7205 1766 835 646 931 569 261 362
is_linear=0
shrinkage=0.025


Tree=511
num_leaves=15
num_cat=0
split_feature=17 34 36 40 36 37 44 12 43 20 38 37 17 35
split_gain=0.731121 1.10866 1.42377 3.0032 1.80119 0.884616 0.804911 1.59108 1.239 1.21018 1.0187 0.632384 0.395299 0.386667
threshold=0.87490308284759533 0.17081402987241748 0.36900384724140173 0.83316278457641613 0.23131252825260165 0.012397665996104481 0.02835092414170504 -0.16632898896932599 -0.1338413208723068 0.61182260513305675 -0.018054890446364876 0.016112239100039009 1.1894873380661013 0.22988625615835193
decision_type=2 2 2 2 2 2 2 2 2 2 2 2 2 2
left_child=1 2 4 -4 -1 13 8 12 -2 -9 -10 -7 -8 -3
right_child=6 5 3 -5 -6 11 7 9 10 -11 -12 -13 -14 -15
leaf_value=-7.4993834430093684e-05 -0.00062742925866025954 0.0013687470547614807 0.00073097056577035337 -0.00094906794993510752 0.00052947607760767514 -0.00087113293349443002 0.0021405495031319608 -0.0014870358482187674 0.0021824692495069314 3.3849135977668403e-05 1.9629292314032068e-05 0.00044904473789201654 9.8284735829141457e-05 0.0042228066044898002
leaf_weight=4619 195 120 501 1353 2535 172 147 229 772 315 484 240 125 219
leaf_count=4619 195 120 501 1353 2535 172 147 229 772 315 484 240 125 219
internal_value=2.98189e-05 -6.36265e-05 -0.000141324 -0.0007578 1.79844e-05 0.000854828 0.000434089 -0.000187272 0.00078726 -0.000972222 0.00107752 5.69545e-05 0.00134928 0.00179142
internal_weight=12026 9759 9008 1854 7154 751 2267 816 1451 544 1256 412 272 339
internal_count=12026 9759 9008 1854 7154 751 2267 816 1451 544 1256 412 272 339
is_linear=0
shrinkage=0.025


Tree=512
num_leaves=15
num_cat=0
split_feature=47 44 17 46 37 37 35 36 36 36 46 34 10 12
split_gain=0.712136 1.45935 1.03331 1.06822 0.884108 1.94888 2.32699 1.09271 0.949956 2.72339 1.34497 0.55242 0.164078 0.14899
threshold=0.80080705881118786 0.026096783578395847 0.26296572387218481 0.3706896454095841 0.010728531051427128 0.0098670762963593023 0.29036118090152746 0.23757700622081759 0.23604474961757663 0.3143854439258576 0.71515038609504711 0.0065224559511989364 0.018609278835356239 -0.11564384028315543
decision_type=2 2 2 2 2 2 2 2 2 2 2 2 2 2
left_child=4 11 13 -4 5 6 -1 -7 10 -10 -6 -2 -13 -3
right_child=1 2 3 -5 8 7 -8 -9 9 -11 -12 12 -14 -15
leaf_value=3.6577076583100009e-05 0.00016662151203006284 0.0014869295314756384 -0.0012363896339067778 -2.1212031178084738e-05 8.51993416028556e-06 -0.00058214276124900417 -0.00094078709424462188 -0.0024685896828793687 0.0024846653785977114 -1.284197743226801e-05 -0.00062531130422886967 0.0023221418400427591 0.00066534050558347954 0.0053641747516964336
leaf_weight=2091 237 120 123 1329 2093 363 192 173 989 2987 725 320 120 120
leaf_count=2091 237 120 123 1329 2093 363 192 173 989 2987 725 320 120 120
internal_value=8.23818e-06 0.000396483 0 -0.000249657 -8.69463e-05 -0.000459012 -0.000136036 -0.00180915 6.67378e-05 0.000316189 -0.000282944 0.0013728 0.00189607 0.0015051
internal_weight=11982 2369 1692 1452 9613 2819 2283 536 6794 3976 2818 677 440 240
internal_count=11982 2369 1692 1452 9613 2819 2283 536 6794 3976 2818 677 440 240
is_linear=0
shrinkage=0.025


Tree=513
num_leaves=9
num_cat=0
split_feature=35 30 34 24 19 41 14 48
split_gain=0.77607 1.22265 1.29927 0.801446 1.00515 0.767387 0.615287 0.622447
threshold=0.41625252366065985 0.037411326542496688 0.14313192665576938 49.246654510498054 0.32069353759288793 0.84223756194114696 0.97212031483650219 0.29548789560794836
decision_type=2 2 2 2 2 2 2 2
left_child=3 -2 -3 4 5 -1 7 -5
right_child=1 2 -4 6 -6 -7 -8 -9
leaf_value=1.5491171186105071e-05 0.00069777790507387382 -7.060912545622748e-05 -0.0021308272327226359 5.836560565195906e-05 -0.0013915053137202873 0.00082993311053979654 -0.00037411756076326296 0.0013609904952507784
leaf_weight=10428 140 190 136 230 134 321 125 380
leaf_count=10428 140 190 136 230 134 321 125 380
internal_value=8.30301e-05 -0.000910297 -0.00174849 0.000123785 6.89981e-05 9.68245e-05 0.000920608 0.00125
internal_weight=12084 466 326 11618 10883 10749 735 610
internal_count=12084 466 326 11618 10883 10749 735 610
is_linear=0
shrinkage=0.025


Tree=514
num_leaves=12
num_cat=0
split_feature=20 47 40 43 44 41 40 21 44 20 37
split_gain=0.798486 1.48735 1.40519 1.29669 0.879608 0.882886 0.780719 0.749499 0.489205 0.368799 0.102416
threshold=0.33022429049015051 0.88646370172500621 1.3635550737380984 0.32008643448352819 0.030802489258348945 0.44022692739963537 0.74419647455215465 44.452451705932624 0.033333484083414085 0.077009670436382308 0.013907172717154028
decision_type=2 2 2 2 2 2 2 2 2 2 2
left_child=1 3 4 6 5 -2 -1 -6 10 -10 -3
right_child=2 8 -4 -5 7 -7 -8 -9 9 -11 -12
leaf_value=-0.00038534972109955284 0.001881351286531222 0.0034819950871317765 -0.0016544147878185711 -0.00079799218196915781 0.00052571960427810174 0.00025944085598708443 -1.2075779770865366e-05 -0.00023436936295691317 0.0012145827096571465 -0.0001019919526645095 0.001715302545174774
leaf_weight=1166 682 216 123 127 163 2149 6311 669 136 121 121
leaf_count=1166 682 216 123 127 163 2149 6311 669 136 121 121
internal_value=3.15916e-05 -0.000106516 0.000332036 -0.00020157 0.000422914 0.000633375 -0.000157211 -0.000285245 0.0010914 0.000233779 0.00171418
internal_weight=11984 8198 3786 7604 3663 2831 7477 832 594 257 337
internal_count=11984 8198 3786 7604 3663 2831 7477 832 594 257 337
is_linear=0
shrinkage=0.025


Tree=515
num_leaves=10
num_cat=0
split_feature=29 8 3 39 22 29 48 35 5
split_gain=0.912873 0.864732 2.28118 1.12714 0.777023 1.12649 0.774872 0.604257 0.575508
threshold=0.095260854810476317 0.042390957474708564 0.4993900209665299 1.289601802825928 0.81749999523162853 0.092112816870212569 0.057776963338255889 0.2033398970961571 0.8475492298603059
decision_type=2 2 2 2 2 2 2 2 2
left_child=1 4 3 -3 6 -6 -1 8 -2
right_child=7 2 -4 -5 5 -7 -8 -9 -10
leaf_value=0.0010962356199023956 0.0011189735332184341 -0.00051521076003457791 -0.00141818242956807 0.0023007386733333436 -3.5022576118377428e-05 -0.00090951620481358967 4.628122977572806e-05 0.0013512716635922161 -0.00057618120097435266
leaf_weight=378 221 396 126 131 2789 356 7313 229 126
leaf_count=378 221 396 126 131 2789 356 7313 229 126
internal_value=3.78004e-05 -1.05489e-05 -0.000890957 -0.000143327 4.23163e-05 -0.000287698 0.000178177 0.00100473 0.000316051
internal_weight=12065 11489 653 527 10836 3145 7691 576 347
internal_count=12065 11489 653 527 10836 3145 7691 576 347
is_linear=0
shrinkage=0.025


Tree=516
num_leaves=12
num_cat=0
split_feature=38 41 34 17 0 33 6 35 14 37 9
split_gain=1.06816 1.06569 1.06047 2.1236 1.18703 1.31555 0.723797 0.699475 0.973082 0.70715 0.573306
threshold=-0.00059619295643642534 0.086142592132091536 0.17081402987241748 0.96617126464843761 -0.0086427675560116751 0.0049523659981787213 0.043955612927675254 0.17999824136495593 0.73275861144065868 0.0082166302017867583 0.027076496742665771
decision_type=2 2 2 2 2 2 2 2 2 2 2
left_child=1 -1 4 10 5 -2 -6 9 -9 -3 -4
right_child=2 7 3 -5 6 -7 -8 8 -10 -11 -12
leaf_value=-0.00018508628031096272 -0.0018578994870299154 0.0010142491749748259 0.0035170236315201515 -0.0015852898761390269 -2.7827086566248703e-05 -0.00061596877958353254 -0.001191956776960339 0.00088105058177635927 -7.3760059770639364e-05 -3.523303220367102e-06 0.00045419870343755197
leaf_weight=121 131 557 225 130 1230 199 310 1916 720 6118 315
leaf_count=121 131 557 225 130 1230 199 310 1916 720 6118 315
internal_value=4.37297e-05 0.000166764 -0.000410118 0.000435185 -0.000716667 -0.0020709 -0.000416667 0.000198181 0.000542882 6.0816e-05 0.00113532
internal_weight=11972 9432 2540 670 1870 330 1540 9311 2636 6675 540
internal_count=11972 9432 2540 670 1870 330 1540 9311 2636 6675 540
is_linear=0
shrinkage=0.025


Tree=517
num_leaves=8
num_cat=0
split_feature=41 39 11 40 48 9 11
split_gain=1.22472 0.822528 1.52665 1.62621 1.35823 1.35219 0.933881
threshold=0.11106013506650926 1.0696486830711367 0.021504980511963371 0.98034101724624645 0.057776963338255889 0.018841168843209747 0.012711254414170982
decision_type=2 2 2 2 2 2 2
left_child=-1 2 4 -4 -2 -3 -7
right_child=1 5 3 -5 -6 6 -8
leaf_value=-0.00037535768224559811 0.0012698339530110376 0.0021007256796944816 -7.4471308577245488e-05 -0.0012505483567952825 -1.7914649895716607e-05 -0.00092893235903178438 6.0748193772280267e-05
leaf_weight=220 335 216 1082 500 5722 174 3775
leaf_count=220 335 216 1082 500 5722 174 3775
internal_value=-3.39803e-05 3.17647e-07 -0.000153225 -0.000843573 2.66002e-05 0.000283273 0.000174823
internal_weight=12024 11804 7639 1582 6057 4165 3949
internal_count=12024 11804 7639 1582 6057 4165 3949
is_linear=0
shrinkage=0.025


Tree=518
num_leaves=12
num_cat=0
split_feature=16 36 42 16 36 39 39 7 25 17 9
split_gain=0.878648 1.48926 1.25874 1.04085 1.67042 1.8913 1.03438 0.864304 0.751782 0.573698 0.426904
threshold=0.031839871779084213 0.50640758872032177 0.03339779935777188 0.02702269330620766 0.49718071520328527 0.93198764324188244 0.97210237383842479 -0.014782595448195933 13.419048309326174 0.38410651683807379 0.029558226466178898
decision_type=2 2 2 2 2 2 2 2 2 2 2
left_child=3 2 7 4 6 -6 -1 -2 9 -5 -10
right_child=1 -3 -4 8 5 -7 -8 -9 10 -11 -12
leaf_value=-5.7751549770737164e-05 -0.00056950730692999056 0.0018491068276522986 -0.0021654057565973213 -0.00014265544761099904 0.00010401482579195467 -0.0016908931325995526 0.00013033338273660974 0.00039775879676919262 0.0035290309937174597 0.00038446643232440368 0.00074062073189210551
leaf_weight=4827 121 194 144 317 297 401 4485 179 323 510 265
leaf_count=4827 121 194 144 317 297 401 4485 179 323 510 265
internal_value=6.31846e-06 -0.000892302 -0.00168987 5.74148e-05 -3.18272e-05 -0.00120733 5.62145e-05 -0.000717213 0.000691021 0.00019381 0.00137226
internal_weight=12063 638 444 11425 10010 698 9312 300 1415 827 588
internal_count=12063 638 444 11425 10010 698 9312 300 1415 827 588
is_linear=0
shrinkage=0.025


Tree=519
num_leaves=13
num_cat=0
split_feature=16 16 25 36 40 46 35 43 35 35 48 15
split_gain=0.917727 1.09118 1.05459 1.02243 1.35631 2.67321 1.43809 1.09718 0.85261 1.33877 1.14376 0.746762
threshold=0.02054516971111298 0.020853124558925632 13.080961704254152 0.23884811252355578 0.72322645783424389 0.35326485335826879 0.17641562968492511 -0.3108177632093429 -0.11283269152045249 -0.010882063303142784 0.71515038609504711 0.83620691299438488
decision_type=2 2 2 2 2 2 2 2 2 2 2 2
left_child=3 2 -2 4 5 -1 -6 -5 10 -10 -3 -9
right_child=1 8 -4 7 6 -7 -8 11 9 -11 -12 -13
leaf_value=0.0020184820589457214 -8.5115515614294941e-05 -0.00064887382841854471 -0.0014616476306780384 -0.00042583968222013587 0.00015307525168828297 -0.0015965175556436962 -0.00074786791698681172 0.00090139698887871627 0.0011911517091722388 -4.4010731132918728e-05 0.00060022867962232712 -0.0011904787576236643
leaf_weight=140 226 471 140 216 2436 328 289 1731 679 4998 180 177
leaf_count=140 226 471 140 216 2436 328 289 1731 679 4998 180 177
internal_value=-4.5044e-05 -0.000240148 -0.00155997 0.000199408 -8.16916e-05 -0.00131871 0.000130495 0.000624119 -0.000161653 -6.18179e-05 -0.00101562 0.000817433
internal_weight=12011 6694 366 5317 3193 468 2725 2124 6328 5677 651 1908
internal_count=12011 6694 366 5317 3193 468 2725 2124 6328 5677 651 1908
is_linear=0
shrinkage=0.025


Tree=520
num_leaves=6
num_cat=0
split_feature=2 12 44 45 36
split_gain=0.682522 0.969468 1.229 0.737754 0.641343
threshold=-0.28105409443378443 -0.29878424108028406 0.02338164392858744 0.019258987158536914 0.22429378330707553
decision_type=2 2 2 2 2
left_child=-1 2 -2 -3 -5
right_child=1 3 -4 4 -6
leaf_value=0.00071945008529225671 -0.0013374399830949468 -0.00066467150161580784 -1.2083684054045423e-06 -2.353242085965179e-05 0.00011819722886481288
leaf_weight=144 159 153 219 4956 6395
leaf_count=144 159 153 219 4956 6395
internal_value=2.1507e-05 0 -0.00123695 4.1598e-05 6.57143e-05
internal_weight=12026 11882 378 11504 11351
internal_count=12026 11882 378 11504 11351
is_linear=0
shrinkage=0.025


Tree=521
num_leaves=10
num_cat=0
split_feature=48 35 26 39 46 11 9 48 18
split_gain=0.770351 2.17633 2.15194 0.958612 1.16306 1.08318 1.04855 1.1051 0.0778063
threshold=0.97212031483650219 0.20559851080179217 0.029660051688551906 1.0672014951705935 0.019258987158536914 0.021801508963108066 0.042881326749920852 0.90517240762710582 0.042329987511038787
decision_type=2 2 2 2 2 2 2 2 2
left_child=3 2 -2 4 -1 -6 7 -5 -8
right_child=1 -3 -4 6 5 -7 8 -9 -10
leaf_value=-0.00034683248327356048 9.5421024595170207e-06 0.0033738336956009719 -0.0016451966133969914 0.00018582715594837667 5.6474609765216653e-05 -0.00028166498068387443 0.0029783163336025054 -0.00039493323970856152 0.0023627052563227743
leaf_weight=136 130 126 136 2829 6113 1556 169 688 120
leaf_count=136 130 126 136 2829 6113 1556 169 688 120
internal_value=3.96612e-05 -0.00104219 -0.00232011 7.71566e-05 -8.08258e-05 -3.86043e-05 0.000402454 0.000280026 0.00184099
internal_weight=12003 392 266 11611 7805 7669 3806 3517 289
internal_count=12003 392 266 11611 7805 7669 3806 3517 289
is_linear=0
shrinkage=0.025


Tree=522
num_leaves=11
num_cat=0
split_feature=38 34 25 48 34 39 17 44 10 1
split_gain=0.735654 1.35835 1.78021 1.14516 0.960485 1.13612 0.893404 0.823669 0.682476 0.386799
threshold=-0.17334538698196408 -0.034104479476809495 10.630274295806887 0.90517240762710582 -0.0096581159159541113 0.59577825665473949 0.2917128205299378 0.010849847923964264 0.02711434476077557 -0.018621268682181832
decision_type=2 2 2 2 2 2 2 2 2 2
left_child=6 2 3 -2 5 -3 8 -6 -1 -8
right_child=1 4 -4 -5 7 -7 9 -9 -10 -11
leaf_value=0.00020918948680765561 -5.3608131344170307e-05 -0.00051257581934496951 -0.0017707302831739852 -0.0017434507753373075 0.0016013867739708837 0.0014445124059856984 0.0025823122386402827 -1.6860114237089882e-05 -0.00092317833760000197 0.00040785590982718645
leaf_weight=147 1200 155 146 133 251 1181 262 8154 120 210
leaf_count=147 1200 155 146 133 251 1181 262 8154 120 210
internal_value=0 -5.06681e-05 -0.000755559 -0.000456838 5.60487e-05 0.000677666 0.000761089 -4.23602e-05 -0.000372243 0.00141247
internal_weight=11959 11220 1479 1333 9741 1336 739 8405 267 472
internal_count=11959 11220 1479 1333 9741 1336 739 8405 267 472
is_linear=0
shrinkage=0.025


Tree=523
num_leaves=13
num_cat=0
split_feature=39 11 40 35 47 22 23 9 36 20 26 40
split_gain=0.678369 1.23637 1.57505 3.2908 2.48614 1.17612 1.22692 0.880925 1.0796 2.05877 0.895359 0.866205
threshold=1.0696486830711367 0.021504980511963371 0.98034101724624645 0.064815994352102294 0.69589141011238109 0.86587679386138927 0.12487637251615526 0.018623499199748043 0.19732930511236194 0.14514199644327166 0.026963036507368091 0.74069702625274669
decision_type=2 2 2 2 2 2 2 2 2 2 2 2
left_child=1 5 4 -4 -3 6 -1 -2 9 -9 -10 -7
right_child=7 2 3 -5 -6 11 -8 8 10 -11 -12 -13
leaf_value=-6.6208082064731082e-05 0.0020999274864191616 0.00042467169470535135 -0.0019877563045128457 0.0010660652682117524 -0.00052563163010102163 -0.001044176033244129 0.000631481586215263 0.00016659824204073973 0.000729751330900056 -0.001041900969567106 3.2482630757213419e-05 -0.00016389897838768895
leaf_weight=2052 194 671 363 155 467 318 2494 946 1170 562 1258 1275
leaf_count=2052 194 671 363 155 467 318 2494 946 1170 562 1258 1275
internal_value=1.72884e-05 -0.000119391 -0.000724714 -0.00186185 -0.000195757 4.33351e-05 0.000249121 0.000276602 0.000192527 -0.000329643 0.000519421 -0.000538955
internal_weight=11925 7795 1656 518 1138 6139 4546 4130 3936 1508 2428 1593
internal_count=11925 7795 1656 518 1138 6139 4546 4130 3936 1508 2428 1593
is_linear=0
shrinkage=0.025


Tree=524
num_leaves=10
num_cat=0
split_feature=48 35 26 39 16 46 16 16 12
split_gain=0.729832 1.95915 1.11855 0.814947 0.948045 1.32395 1.07916 0.658159 0.351331
threshold=0.97212031483650219 0.20559851080179217 0.029660051688551906 1.4017913937568667 0.02054516971111298 0.20983126014471057 0.023910828866064552 0.019198521040380005 -0.040100451558828347
decision_type=2 2 2 2 2 2 2 2 2
left_child=3 2 -2 4 5 -1 -6 -5 -9
right_child=1 -3 -4 7 6 -7 -8 8 -10
leaf_value=-0.00019576761655885831 -0.00010993498189734081 0.003164961123096395 -0.0017310927354139503 -0.00013323212022433271 -0.00025148907980450294 0.00024653244440253625 3.9289729162733539e-05 0.0022632632435082337 7.4597229740658969e-05
leaf_weight=1002 123 128 134 180 2764 3867 3370 266 120
leaf_count=1002 123 128 134 180 2764 3867 3370 266 120
internal_value=2.12184e-05 -0.00104167 -0.00229485 5.75645e-05 9.19795e-06 0.000270055 -0.000196897 0.000978546 0.00155691
internal_weight=11954 385 257 11569 11003 4869 6134 566 386
internal_count=11954 385 257 11569 11003 4869 6134 566 386
is_linear=0
shrinkage=0.025


Tree=525
num_leaves=10
num_cat=0
split_feature=16 14 7 16 28 26 37 23 2
split_gain=0.849979 1.61011 0.78604 0.763945 0.661821 0.913617 0.658616 0.478935 0.246146
threshold=0.031839871779084213 0.68534484505653392 -0.014782595448195933 0.030581925064325336 0.42499999701976782 0.019189310260117057 0.017538233660161499 0.20372939854860309 0.090272489935159697
decision_type=2 2 2 2 2 2 2 2 2
left_child=3 2 -2 4 6 -6 -1 -4 -5
right_child=1 -3 7 8 5 -7 -8 -9 -10
leaf_value=0.00029114856805130171 -0.00032277988192809802 -0.0012404219221360591 0.0017886772553650189 0.0025698972296102039 -0.00022350719881168992 1.3085063594975237e-05 -4.7089286328508879e-05 -0.00014408900354306723 0.0047095573389748712
leaf_weight=1818 158 216 151 131 2307 6137 855 122 126
leaf_count=1818 158 216 151 131 2307 6137 855 122 126
internal_value=-5.5088e-06 -0.000883819 0 4.42702e-05 1.22506e-05 -9.57213e-05 0.000355209 0.000813849 0.00137882
internal_weight=12021 647 431 11374 11117 8444 2673 273 257
internal_count=12021 647 431 11374 11117 8444 2673 273 257
is_linear=0
shrinkage=0.025


Tree=526
num_leaves=11
num_cat=0
split_feature=43 44 30 44 27 17 29 32 33 26
split_gain=0.996367 1.40671 1.90174 1.85507 1.32544 1.06506 0.904771 1.06571 0.641911 0.377719
threshold=0.040282635018229491 0.020101470872759823 -0.65515676140785206 0.021495966240763668 0.00099512527231127045 1.0632286667823794 0.095176760107278838 1.049074709415436 0.0020311806583777074 0.019125973805785183
decision_type=2 2 2 2 2 2 2 2 2 2
left_child=5 4 -3 -4 8 6 7 -1 -2 -6
right_child=1 2 3 -5 9 -7 -8 -9 -10 -11
leaf_value=6.4204288860733331e-06 0.00054023487888603785 -0.0011663004177036938 -0.0010589037707797841 0.00013781130074734199 0.00054681658730205312 -0.00071411061271609239 0.0021013628633216232 -0.00034924255826476394 -0.00052679702819583007 0.002423605255353148
leaf_weight=4392 446 196 384 2992 352 211 233 1927 351 531
leaf_count=4392 446 196 384 2992 352 211 233 1927 351 531
internal_value=2.59993e-06 0.000261318 -1.78221e-05 0.000120896 0.000856825 -0.000197436 -0.000139355 -0.000197067 0.000107544 0.00152168
internal_weight=12015 5252 3572 3376 1680 6763 6552 6319 797 883
internal_count=12015 5252 3572 3376 1680 6763 6552 6319 797 883
is_linear=0
shrinkage=0.025


Tree=527
num_leaves=14
num_cat=0
split_feature=43 31 25 40 40 17 17 5 43 37 31 24 13
split_gain=0.857062 1.2438 1.16559 2.08344 1.33277 1.07755 1.49001 1.47553 1.33536 0.678325 0.739221 0.418051 0.3
threshold=0.055493002757430084 2.1967362165451054 -8.9688487052917463 1.2381936311721804 0.9525931477546693 0.4493048638105393 0.87490308284759533 1.1803088784217837 0.17797097563743594 0.009930161293596031 0.47551032900810247 30.641576766967777 -0.014797310344874857
decision_type=2 2 2 2 2 2 2 2 2 2 2 2 2
left_child=1 2 3 -1 -4 9 8 -8 -7 12 -11 -3 -2
right_child=5 11 4 -5 -6 6 7 -9 -10 10 -12 -13 -14
leaf_value=-6.3000989704241074e-05 0.0021066949588331558 -0.0017430167832157219 0.00033957620622921937 -0.0021851253859304803 -0.00011747134809677698 0.00018989519209764284 0.0011201705140273994 -2.6261346112456798e-05 -0.000633627924474052 -0.0004506435612654642 0.00070347592758951026 -0.00047030622255441444 0.00039172796429718602
leaf_weight=1140 340 120 2459 156 3075 667 883 780 1180 205 771 120 147
leaf_count=1140 340 120 2459 156 3075 667 883 780 1180 205 771 120 147
internal_value=1.46291e-05 -0.000161661 -9.78419e-05 -0.000771522 5.9352e-05 0.000266422 2.66715e-05 0.000570294 -0.000459638 0.00083532 0.000442151 -0.00191327 0.00159807
internal_weight=12043 7070 6830 1296 5534 4973 3510 1663 1847 1463 976 240 487
internal_count=12043 7070 6830 1296 5534 4973 3510 1663 1847 1463 976 240 487
is_linear=0
shrinkage=0.025


Tree=528
num_leaves=9
num_cat=0
split_feature=16 14 16 41 36 33 33 18
split_gain=0.690109 1.28749 1.22129 0.718816 0.843328 0.541186 0.457478 0.16484
threshold=0.031839871779084213 0.68534484505653392 0.030581925064325336 0.11106013506650926 0.49448882043361669 -0.01140565052628517 0.0083746323361992853 0.013397640548646452
decision_type=2 2 2 2 2 2 2 2
left_child=2 5 3 -1 -5 -2 -7 -4
right_child=1 -3 7 4 -6 6 -8 -9
leaf_value=-0.00031858281546405303 -0.00043587004059885678 -0.001065282460852172 0.0023046253947489621 3.4841219765274007e-05 -0.00048041424452210588 0.0050107078309094381 -0.00038289286867901269 0.0045517672347501681
leaf_weight=199 154 213 137 9875 1035 138 140 133
leaf_count=199 154 213 137 9875 1035 138 140 133
internal_value=1.27817e-05 -0.000778846 5.85252e-05 1.72081e-05 4.5236e-05 0 0.000666961 0.00170455
internal_weight=12024 645 11379 11109 10910 432 278 270
internal_count=12024 645 11379 11109 10910 432 278 270
is_linear=0
shrinkage=0.025


Tree=529
num_leaves=11
num_cat=0
split_feature=47 31 3 5 46 47 27 5 46 37
split_gain=0.732015 1.24211 1.38947 0.766528 1.1755 0.758621 1.29472 0.985262 0.949654 0.854366
threshold=0.86720469594001781 2.6553721427917485 0.48040226101875311 0.1380484998226166 0.59097579121589672 0.48606015741825109 -0.010840844828635452 0.14394418150186541 0.019258987158536914 0.018217047676444057
decision_type=2 2 2 2 2 2 2 2 2 2
left_child=5 3 -3 -2 -5 8 -7 -8 -1 -10
right_child=1 2 -4 4 -6 6 7 -9 9 -11
leaf_value=-0.00021957169210928061 0.0041855590629483134 -0.001395287696322326 0.00044522845197978003 -0.00013715551225844573 0.00066113728526959409 -0.0011460700889524571 -0.00028405007873861729 -3.1129422856551506e-06 -2.1243840356666879e-06 0.00073453401206693188
leaf_weight=132 196 120 176 319 807 209 782 3450 4302 1568
leaf_count=132 196 120 176 319 807 209 782 3450 4302 1568
internal_value=2.24806e-05 0.00051679 -0.00092608 0.000846835 0.000582449 -5.37183e-05 -0.000301676 -0.000203859 0.000128808 0.00017766
internal_weight=12061 1618 296 1322 1126 10443 4441 4232 6002 5870
internal_count=12061 1618 296 1322 1126 10443 4441 4232 6002 5870
is_linear=0
shrinkage=0.025


Tree=530
num_leaves=9
num_cat=0
split_feature=37 28 46 34 5 26 8 42
split_gain=0.607297 0.663884 0.832821 2.01672 1.25332 0.579599 1.27806 0.166288
threshold=0.0071191173046827325 0.42499999701976782 0.16269258409738543 -0.0054589968640357247 0.015317274723201992 0.039154464378952987 0.037389965727925308 -0.054042721167206757
decision_type=2 2 2 2 2 2 2 2
left_child=-1 5 3 -3 -4 6 -2 -7
right_child=1 2 4 -5 -6 7 -8 -9
leaf_value=0.0024134081725970327 0.00011512907723131984 -0.0022126306753672857 0.00082043704129373485 -8.0212640703581793e-05 -2.6845782402091223e-05 0.0014990278644850478 -0.00082015962731294139 0.00026224836534996233
leaf_weight=149 2409 195 475 966 7420 158 183 138
leaf_count=149 2409 195 475 966 7420 158 183 138
internal_value=6.30279e-06 -1.32855e-05 -0.000119054 -0.000742924 -2.61075e-05 0.000315849 0.000192049 0.00135797
internal_weight=12093 11944 9056 1161 7895 2888 2592 296
internal_count=12093 11944 9056 1161 7895 2888 2592 296
is_linear=0
shrinkage=0.025


Tree=531
num_leaves=8
num_cat=0
split_feature=42 47 45 46 44 3 33
split_gain=0.892624 0.909635 1.29807 0.926546 0.901179 0.569367 0.535968
threshold=0.26414151489734655 0.88646370172500621 0.019258987158536914 0.93360236287117015 0.025890424847602848 0.39371493458747869 -0.0038002454675734039
decision_type=2 2 2 2 2 2 2
left_child=1 2 -1 6 -4 -5 -3
right_child=-2 3 4 5 -6 -7 -8
leaf_value=-0.00057754565266115337 -0.00064868983936659677 2.2841445447667508e-05 2.2585789976111884e-05 -0.00021320289787119993 -0.00032210672729266637 0.00035377410343787025 0.00096621143104356306
leaf_weight=152 232 236 8811 122 1610 126 754
leaf_count=152 232 236 8811 122 1610 126 754
internal_value=-1.54589e-05 1.44932e-05 -6.01483e-05 0.000654666 -2.5537e-05 -0.000686759 0.000998744
internal_weight=12043 11811 10573 1238 10421 248 990
internal_count=12043 11811 10573 1238 10421 248 990
is_linear=0
shrinkage=0.025


Tree=532
num_leaves=6
num_cat=0
split_feature=29 18 48 32 23
split_gain=0.679668 0.802599 0.610958 1.45563 1.04843
threshold=0.099531304091215148 0.16735097020864489 0.90517240762710582 0.76007425785064708 0.12976632267236712
decision_type=2 2 2 2 2
left_child=1 2 4 -4 -1
right_child=-2 -3 3 -5 -6
leaf_value=-8.9022435965699077e-05 0.0019509219825256106 -0.00084724982169550483 0.00072317373527107018 -0.00080038183913044327 9.3320785347650445e-05
leaf_weight=3810 126 176 274 835 6828
leaf_count=3810 126 176 274 835 6828
internal_value=-5.91081e-06 -2.6094e-05 -1.06272e-07 -0.000557675 5.76671e-05
internal_weight=12049 11923 11747 1109 10638
internal_count=12049 11923 11747 1109 10638
is_linear=0
shrinkage=0.025


Tree=533
num_leaves=8
num_cat=0
split_feature=2 8 26 26 43 40 31
split_gain=0.691356 0.60477 1.16942 3.13006 1.06048 1.24573 1.09956
threshold=-0.28105409443378443 0.037165721878409393 0.03183704428374768 0.035400539636611945 0.012207318563014271 0.47328618168830877 2.1967362165451054
decision_type=2 2 2 2 2 2 2
left_child=-1 4 -3 -4 6 -6 -2
right_child=1 2 3 -5 5 -7 -8
leaf_value=0.0014912639307378388 -2.402436350287156e-05 0.0022777038136544371 -0.0015516569686796625 -7.6041716906990753e-06 -0.00062158510411215121 0.00025860366214377649 -0.0016066085028503927
leaf_weight=145 5522 165 257 1204 217 4408 129
leaf_count=145 5522 165 257 1204 217 4408 129
internal_value=2.1677e-05 0 -0.000446812 -0.00067616 7.13696e-05 0.000352322 -0.000157576
internal_weight=12047 11902 1626 1461 10276 4625 5651
internal_count=12047 11902 1626 1461 10276 4625 5651
is_linear=0
shrinkage=0.025


Tree=534
num_leaves=6
num_cat=0
split_feature=5 46 37 41 26
split_gain=0.894116 1.05863 0.82293 0.771061 0.734149
threshold=-0.46231107413768763 0.019258987158536914 0.023608304560184482 0.11106013506650926 0.027521749027073387
decision_type=2 2 2 2 2
left_child=-1 -2 3 -3 -4
right_child=1 2 4 -5 -6
leaf_value=0.0020339257464715883 -0.00026136514231311431 -0.00033304514153845003 0.003153252105577195 -8.2185066740595706e-06 8.0332330836633767e-05
leaf_weight=149 142 212 348 9830 1362
leaf_count=149 142 212 348 9830 1362
internal_value=-9.33672e-07 -2.59475e-05 0 -8.59708e-05 0.00050656
internal_weight=12043 11894 11752 10042 1710
internal_count=12043 11894 11752 10042 1710
is_linear=0
shrinkage=0.025


Tree=535
num_leaves=15
num_cat=0
split_feature=39 14 13 9 24 40 9 37 48 39 22 32 20 45
split_gain=0.612086 1.02809 1.06801 1.12761 0.883584 2.57103 1.84816 1.68309 0.811585 0.991133 0.705708 1.16982 0.765057 0.665298
threshold=1.0696486830711367 0.59097579121589672 -0.0085342796519398672 0.04100442677736283 15.802555561065676 0.90252739191055309 0.025437048636376861 0.009976768400520088 0.90517240762710582 1.3558334112167361 1.0961294174194338 1.0118161439895632 0.038763601332902915 0.16269258409738543
decision_type=2 2 2 2 2 2 2 2 2 2 2 2 2 2
left_child=4 8 3 -3 5 7 -7 -1 13 -10 12 -12 -6 -2
right_child=1 2 -4 -5 10 6 -8 -9 9 -11 11 -13 -14 -15
leaf_value=-0.00092982751694521281 2.4255445087403292e-06 -0.00063694233156629172 0.0010765096415355964 0.00092816984069646813 -0.00014168726465850023 -4.8797612581377992e-05 -0.0021515197818490045 0.0011487006635941721 -0.0011101286402121283 0.00018313219155932428 0.00033031385501357475 -0.0019575861343939173 0.00011776001595682084 0.00097005564631942912
leaf_weight=141 395 1128 299 221 1684 213 222 422 265 461 165 130 4866 1396
leaf_count=141 395 1128 299 221 1684 213 222 422 265 461 165 130 4866 1396
internal_value=2.61176e-05 0.000271283 -0.00021098 -0.000514217 -0.00010337 -0.000796361 -0.00223011 0.000310299 0.000589314 -0.000107729 -9.12316e-07 -0.0011875 5.2441e-05 0.000874861
internal_weight=12008 4165 1648 1349 7843 998 435 563 2517 726 6845 295 6550 1791
internal_count=12008 4165 1648 1349 7843 998 435 563 2517 726 6845 295 6550 1791
is_linear=0
shrinkage=0.025


Tree=536
num_leaves=11
num_cat=0
split_feature=42 45 3 43 13 3 9 27 0 38
split_gain=0.833712 0.798322 0.657357 0.82263 0.591515 0.85237 0.457575 0.354509 0.683661 0.137303
threshold=-0.10209163278341292 0.019258987158536914 0.68107792735099804 0.040282635018229491 -0.22277933359146115 0.074113078415393843 0.035299286246299751 0.0024759613443166022 1.0000000180025095e-35 -0.035253172740340226
decision_type=2 2 2 2 2 2 2 2 2 2
left_child=4 -2 3 -3 5 6 -1 9 -9 -6
right_child=1 2 -4 -5 7 -7 -8 8 -10 -11
leaf_value=8.3763220233231385e-06 -0.00069663545782243418 -8.5391733541534016e-05 -0.00099303454361878655 6.8255962513082789e-05 0.0013203217649131588 -0.00026024883312758112 0.00057054284303368111 -0.00013533802471480492 0.0015646499180102099 0.0013170025996690146
leaf_weight=440 124 5452 216 4634 137 141 157 158 227 275
leaf_count=440 124 5452 216 4634 137 141 157 158 227 275
internal_value=2.89362e-05 -5.06902e-05 -2.55893e-05 3.34466e-06 0.00057224 5.21535e-05 0.000475498 0.00104271 0.000464744 0.00155576
internal_weight=11961 10426 10302 10086 1535 738 597 797 385 412
internal_count=11961 10426 10302 10086 1535 738 597 797 385 412
is_linear=0
shrinkage=0.025


Tree=537
num_leaves=9
num_cat=0
split_feature=2 16 16 16 35 16 23 33
split_gain=0.663084 0.761763 1.2545 0.972844 1.06026 0.950161 0.780568 0.671174
threshold=-0.28105409443378443 0.02054516971111298 0.019515772350132469 0.023910828866064552 -0.12642512470483777 0.018375191837549213 0.42182642221450811 -0.0024406985612586136
decision_type=2 2 2 2 2 2 2 2
left_child=-1 2 5 6 -5 -2 -3 -4
right_child=1 3 7 4 -6 -7 -8 -9
leaf_value=0.00096437298372173137 7.4935074007610614e-05 -0.00013216658701562149 -1.3925602391016936e-05 -0.00049773166315978518 8.7811914668227704e-05 -0.00050974867782610175 -0.0011733218945100871 0.0013406718806062683
leaf_weight=142 3547 2873 229 290 3315 673 123 863
leaf_count=142 3547 2873 229 290 3315 673 123 863
internal_value=2.3321e-05 2.20264e-06 0.000225456 -0.000176544 9.86843e-05 2.81066e-05 -0.000509413 0.000978806
internal_weight=12055 11913 5312 6601 3605 4220 2996 1092
internal_count=12055 11913 5312 6601 3605 4220 2996 1092
is_linear=0
shrinkage=0.025


Tree=538
num_leaves=9
num_cat=0
split_feature=41 47 29 32 29 48 48 47
split_gain=0.766415 1.14774 0.906267 2.32412 0.78675 0.789412 0.715353 0.154228
threshold=0.11106013506650926 0.88646370172500621 0.095111247152090087 1.1952789425849917 0.095260854810476317 0.057776963338255889 0.97212031483650219 0.71515038609504711
decision_type=2 2 2 2 2 2 2 2
left_child=-1 4 6 -4 5 -2 -3 -6
right_child=1 2 3 -5 7 -7 -8 -9
leaf_value=-0.00028820714300310205 0.00060317285171089671 0.0015367344988635682 -0.0016543581465774462 0.0014750302028276219 0.0016734819478411444 -3.4134822929939506e-05 -3.1151993738450794e-05 0.0022201258656078296
leaf_weight=228 372 761 207 161 134 9894 145 142
leaf_count=228 372 761 207 161 134 9894 145 142
internal_value=2.93594e-05 5.78421e-05 0.000765246 -0.000264745 -2.73774e-05 -6.365e-05 0.00118963 0.00127669
internal_weight=12044 11816 1274 368 10542 10266 906 276
internal_count=12044 11816 1274 368 10542 10266 906 276
is_linear=0
shrinkage=0.025


Tree=539
num_leaves=9
num_cat=0
split_feature=36 42 22 36 47 41 35 45
split_gain=0.581907 0.620756 1.27915 1.07198 1.02331 0.868788 0.781641 0.535861
threshold=-0.11288800090551375 -0.049323564395308488 0.2965275794267655 0.30876837670803076 0.14343360066413882 0.086142592132091536 0.434720128774643 0.094827588647604003
decision_type=2 2 2 2 2 2 2 2
left_child=-1 4 3 -3 7 -4 -6 -2
right_child=1 2 5 -5 6 -7 -8 -9
leaf_value=0.0014006343941445939 8.4254052475882126e-06 -0.00018398384198641888 -0.00034597852224123966 -0.0010546008698700379 5.2232965690771107e-05 7.446578039184098e-06 -0.0023081323953374594 0.0015194761582939117
leaf_weight=228 128 614 129 323 3001 7152 139 336
leaf_count=228 128 614 129 323 3001 7152 139 336
internal_value=1.55546e-06 -2.23006e-05 -0.00014274 -0.00100982 0.000250416 -2.96801e-05 8.54532e-05 0.00134062
internal_weight=12050 11822 8218 937 3604 7281 3140 464
internal_count=12050 11822 8218 937 3604 7281 3140 464
is_linear=0
shrinkage=0.025


Tree=540
num_leaves=14
num_cat=0
split_feature=34 35 23 24 28 46 14 37 19 26 36 9 24
split_gain=0.606975 1.20591 1.11664 1.11977 0.862172 1.15818 2.49599 0.914372 0.739821 0.723752 0.633511 0.555429 0.275463
threshold=0.14085444808006289 0.38581290841102606 0.13521452993154529 25.794914245605472 0.42499999701976782 0.10491563007235528 0.66810342669487011 0.01077496074140072 1.0000000180025095e-35 0.039820475503802306 0.43310929834842687 0.032190518453717239 41.819429397583015
decision_type=2 2 2 2 2 2 2 2 2 2 2 2 2
left_child=4 2 3 -2 8 6 -6 -7 9 -1 -10 -4 -3
right_child=1 12 11 -5 5 7 -8 -9 10 -11 -12 -13 -14
leaf_value=-4.1508134407868492e-05 -0.00055286017306408689 -0.00020301019923542798 0.0022081141699720475 0.0016509164458839752 -7.4906196539257136e-05 -0.00022215868954488286 -0.0034684897431195359 1.181491764889619e-05 0.00088714047172949772 0.0011461756665283158 -0.00026231445268892496 0.00026762003685480311 -0.0010591518213527375
leaf_weight=1890 143 148 882 129 450 2043 138 4728 659 186 123 415 125
leaf_count=1890 143 148 882 129 450 2043 138 4728 659 186 123 415 125
internal_value=-2.45564e-05 0.000391852 0.000661531 -0.000771661 -0.000100396 -0.000243923 -0.00130481 -0.000149978 0.000266766 1.62183e-05 0.000919632 0.000968702 -0.0011196
internal_weight=12059 1842 1569 272 10217 7359 588 6771 2858 2076 782 1297 273
internal_count=12059 1842 1569 272 10217 7359 588 6771 2858 2076 782 1297 273
is_linear=0
shrinkage=0.025


Tree=541
num_leaves=12
num_cat=0
split_feature=40 41 39 17 30 31 41 3 40 45 39
split_gain=0.643968 1.87274 2.11375 1.45206 1.20442 1.14132 0.977022 1.27716 0.92115 0.39863 0.172809
threshold=0.9525931477546693 0.45553247630596166 0.79701370000839245 1.4812478423118594 -0.96852615475654591 1.7338141202926638 0.75611001253128063 0.19371211528778079 1.0829625725746157 0.62931033968925487 1.036570191383362
decision_type=2 2 2 2 2 2 2 2 2 2 2
left_child=3 5 -3 6 -4 9 7 -1 -7 -2 -8
right_child=1 2 4 -5 -6 8 10 -9 -10 -11 -12
leaf_value=-3.5818919393843387e-05 0.0014144152940467286 -0.0016210165617475938 0.0017343497455853689 -0.0015735962297767166 -0.00010824458167499053 0.0012290317810761781 0.0021446392223267961 0.00051314157669312375 -0.00061216406114365275 0.0063999488877750478 8.7025722787237357e-05
leaf_weight=3288 262 203 273 151 4945 140 305 1974 156 239 147
leaf_count=3288 262 203 273 151 4945 140 305 1974 156 239 147
internal_value=1.03501e-07 -0.000176563 -0.000343946 0.000188458 -0.000243873 0.00094919 0.000254197 0.000156398 -0.000261628 0.00167243 0.00136488
internal_weight=12083 6218 5421 5865 5218 797 5714 5262 296 501 452
internal_count=12083 6218 5421 5865 5218 797 5714 5262 296 501 452
is_linear=0
shrinkage=0.025


Tree=542
num_leaves=10
num_cat=0
split_feature=9 35 40 39 31 17 43 41 5
split_gain=0.751656 1.12966 2.23117 0.99943 0.817181 0.742906 0.915627 0.70389 0.353356
threshold=0.04568061605095864 -0.12315919995307921 0.98796579241752636 1.0559318661689761 3.2918670177459721 -0.40648134052753443 0.050331844016909606 0.69299402832984935 0.80548885464668285
decision_type=2 2 2 2 2 2 2 2 2
left_child=1 2 7 -4 8 -3 -7 -1 -2
right_child=4 5 3 -5 -6 6 -8 -9 -10
leaf_value=-0.00026018652969575355 0.00014173141789444428 0.0020305919444776571 -0.0021660795954822425 -0.00041379681424003962 -0.00014182338738688376 -6.1659433655604929e-05 0.00013614107718361643 0.00048280019942663468 0.0025656640132470571
leaf_weight=158 174 225 121 120 121 6228 4520 207 176
leaf_count=158 174 225 121 120 121 6228 4520 207 176
internal_value=1.60723e-05 -2.34158e-05 -0.00106997 -0.00291159 0.000990021 3.42732e-05 3.60374e-06 0.000152027 0.00160211
internal_weight=12050 11579 606 241 471 10973 10748 365 350
internal_count=12050 11579 606 241 471 10973 10748 365 350
is_linear=0
shrinkage=0.025


Tree=543
num_leaves=14
num_cat=0
split_feature=38 16 16 21 17 34 17 35 33 27 48 25 16
split_gain=0.573927 1.16313 1.73262 2.11934 1.16248 1.47406 0.858623 0.848968 1.24599 1.21538 1.11452 0.906061 0.853287
threshold=-0.00059619295643642534 0.024560993537306789 0.02272752765566111 64.481029510498061 1.0845589041709902 0.047411743551492698 0.10408619791269304 0.20559851080179217 -0.0056082189548760644 0.0029378249309957032 0.97212031483650219 12.645376682281496 0.032191650941967971
decision_type=2 2 2 2 2 2 2 2 2 2 2 2 2
left_child=7 2 6 -4 5 -3 -2 10 9 -9 12 -10 -1
right_child=1 4 3 -5 -6 -7 -8 8 11 -11 -12 -13 -14
leaf_value=2.7977426855451457e-05 0.00024802165809344911 -0.0017424585987925599 -0.00018165197064541142 -0.0025109225880305393 -0.0014798639005000368 0.0013915991410194087 -0.00053697945059377609 0.00015752317950580642 0.0016786608345624625 -0.0021401706468674813 -0.0005954751261542518 7.3864327669389163e-05 -0.00049233774649614845
leaf_weight=6776 322 136 138 125 147 735 936 538 922 239 236 586 217
leaf_count=6776 322 136 138 125 147 735 936 538 922 239 236 586 217
internal_value=3.94967e-05 -0.000293337 -0.000731487 -0.00256063 0.000355572 0.00070919 -0.000335511 0.000129084 0.000548581 -0.000257353 -2.93742e-06 0.000967449 5.37655e-05
internal_weight=12053 2539 1521 263 1018 871 1258 9514 2285 777 7229 1508 6993
internal_count=12053 2539 1521 263 1018 871 1258 9514 2285 777 7229 1508 6993
is_linear=0
shrinkage=0.025


Tree=544
num_leaves=12
num_cat=0
split_feature=42 39 46 13 35 9 5 25 48 48 24
split_gain=0.827133 0.854713 0.742734 1.85598 2.45659 1.21224 1.0171 1.28332 0.97006 0.648765 0.743293
threshold=-0.10209163278341292 1.3714851737022402 0.16269258409738543 -0.23421649634838101 0.15457694232463839 0.028078803792595867 0.022861252538859848 -9.7353978157043439 0.20983126014471057 0.82868674397468578 29.190582275390629
decision_type=2 2 2 2 2 2 2 2 2 2 2
left_child=1 9 3 5 -5 -2 7 -4 -8 10 -1
right_child=2 -3 6 4 -6 -7 8 -9 -10 -11 -12
leaf_value=2.9073223927214707e-05 0.00030246138677882941 0.0015982239482056192 -0.00021846631562028528 -0.0045484899079673768 -8.5543620077912266e-05 -0.00063768604651990896 -0.00021124060533909226 0.00092708841038959726 1.7185100695767106e-05 -0.0001682856994525393 0.0013999209279420182
leaf_weight=729 603 219 137 215 395 229 1924 597 6387 187 350
leaf_count=729 603 219 137 215 395 229 1924 597 6387 187 350
internal_value=-9.49728e-06 0.000541107 -8.82815e-05 -0.000614202 -0.0016565 0.00014785 -3.45295e-06 0.000884641 -8.31228e-05 0.000282258 0.000522371
internal_weight=11972 1485 10487 1442 610 832 9045 734 8311 1266 1079
internal_count=11972 1485 10487 1442 610 832 9045 734 8311 1266 1079
is_linear=0
shrinkage=0.025


Tree=545
num_leaves=8
num_cat=0
split_feature=30 22 25 22 41 38 28
split_gain=0.821181 0.655432 0.872426 0.847225 0.805753 0.744548 0.154707
threshold=-1.5510051846504209 0.82805645465850841 22.392595291137699 0.83972349762916576 0.21283792704343799 -0.160966582596302 0.57500001788139354
decision_type=2 2 2 2 2 2 2
left_child=-1 2 5 -3 -5 -2 -4
right_child=1 3 6 4 -6 -7 -8
leaf_value=0.0012029010017957408 0.00035529760472735339 -0.0011099343596464384 0.0012749007411966052 -0.00073094186197172027 -6.873247430936131e-05 -9.6330694157031685e-06 0.00080260149767257753
leaf_weight=143 908 189 148 147 2966 7351 216
leaf_count=143 908 189 148 147 2966 7351 216
internal_value=1.56342e-05 -6.81047e-06 0.000107354 -0.000306547 -0.000204057 5.33943e-05 0.00129743
internal_weight=12068 11925 8623 3302 3113 8259 364
internal_count=12068 11925 8623 3302 3113 8259 364
is_linear=0
shrinkage=0.025


Tree=546
num_leaves=15
num_cat=0
split_feature=39 48 5 9 17 5 6 3 38 46 36 9 29 6
split_gain=0.536716 0.968692 1.39002 1.37497 1.03805 1.19417 0.734996 1.57628 1.14687 1.25625 0.966713 0.939436 0.6256 0.433091
threshold=1.0588727593421938 0.90517240762710582 -0.045883342623710625 0.042428588494658477 0.83497458696365368 0.5144270956516267 0.026737470179796222 0.076579742133617415 -0.019290159456431862 0.43892149627208715 0.40900233387947088 0.032190518453717239 0.018696864135563377 0.03568635322153569
decision_type=2 2 2 2 2 2 2 2 2 2 2 2 2 2
left_child=6 4 -3 -4 5 -2 8 10 12 -10 -8 -9 -1 -6
right_child=1 2 3 -5 13 -7 7 11 9 -11 -12 -13 -14 -15
leaf_value=-0.00054491204418971205 0.00027859110017726282 0.0016805413290318875 -0.00083262632480279571 0.00047342861696627984 0.0021543414344948769 -0.0003972035061652557 -0.00031295220065167303 0.00026020818278077879 0.00011997319019970023 -0.00058498550718935692 -0.0015013287764816146 -0.00027205035459297708 0.0004852498967881137 0.00054824351352840384
leaf_weight=132 1657 121 813 242 298 844 1350 2134 633 584 270 745 1837 368
leaf_count=132 1657 121 813 242 298 844 1350 2134 633 584 270 745 1837 368
internal_value=6.5549e-05 0.000287776 -0.000320703 -0.000619104 0.000515842 0.000277833 -5.93302e-05 -0.000265597 0.000229944 -0.000369272 -0.000888461 8.36513e-05 0.00060347 0.00139158
internal_weight=12028 4343 1176 1055 3167 2501 7685 4499 3186 1217 1620 2879 1969 666
internal_count=12028 4343 1176 1055 3167 2501 7685 4499 3186 1217 1620 2879 1969 666
is_linear=0
shrinkage=0.025


Tree=547
num_leaves=8
num_cat=0
split_feature=42 29 35 33 35 41 24
split_gain=0.723851 0.993812 0.707698 1.45337 0.983612 0.353157 0.239104
threshold=0.26414151489734655 0.095260854810476317 0.34960561990737921 0.0055592460557818421 0.30342829227447515 0.36108127236366278 28.597405433654789
decision_type=2 2 2 2 2 2 2
left_child=1 2 4 -4 -1 -3 -7
right_child=-2 5 3 -5 -6 6 -8
leaf_value=2.9833457166659904e-06 -0.0006470326580418225 1.8166053229655895e-06 -0.001613870835270706 5.5636162829477909e-05 0.0016172090418760121 0.00055951096086290654 0.0031524384770288899
leaf_weight=9902 223 134 311 641 518 123 221
leaf_count=9902 223 134 311 641 518 123 221
internal_value=2.90819e-05 5.64109e-05 8.67989e-06 -0.000641327 6.89449e-05 0.00116718 0.00158668
internal_weight=12073 11850 11372 952 10420 478 344
internal_count=12073 11850 11372 952 10420 478 344
is_linear=0
shrinkage=0.025


Tree=548
num_leaves=14
num_cat=0
split_feature=16 16 0 22 6 0 35 30 46 17 30 35 10
split_gain=0.893958 1.62835 1.06476 1.35378 0.956259 0.786695 0.72072 0.96946 0.703648 0.783828 0.586736 0.690328 0.550251
threshold=0.02408415358513594 0.020704912021756176 0.015009189024567606 0.92342793941497814 0.038547655567526824 0.032329259440302856 0.16027134656906131 0.28284315764904028 0.038517974317073829 -0.21997464448213574 -0.63873890042304982 0.34070919454097753 0.010744726285338404
decision_type=2 2 2 2 2 2 2 2 2 2 2 2 2
left_child=1 8 3 -3 6 -4 7 -2 -1 -10 -6 -12 -8
right_child=4 2 5 -5 10 -7 12 -9 9 -11 11 -13 -14
leaf_value=-0.00035124801287804539 0.00032770395600983568 -0.00021182092002332986 0.00053662587180046222 -0.0017181215574028628 -0.00053604694723328593 -0.00024775302324539527 0.0026318940613199917 -0.00094255904762516351 0.0015202484371096645 4.1041011651875607e-05 0.00018517589100466888 -0.00051657369984574872 0.0011152388983098433
leaf_weight=188 498 2125 465 195 163 403 261 134 304 4865 1204 444 762
leaf_count=188 498 2125 465 195 163 403 261 134 304 4865 1204 444 762
internal_value=6.00242e-05 -7.67543e-05 -0.000524193 -0.000803763 0.00039866 0.000216209 0.000832078 0.000155024 0.000188596 0.000244733 0 0.000144434 0.00124149
internal_weight=12011 8545 3188 2320 3466 868 1655 632 5357 5169 1811 1648 1023
internal_count=12011 8545 3188 2320 3466 868 1655 632 5357 5169 1811 1648 1023
is_linear=0
shrinkage=0.025


Tree=549
num_leaves=13
num_cat=0
split_feature=45 32 17 17 32 7 35 45 39 44 13 18
split_gain=0.654948 1.56663 1.3527 1.27879 0.960603 1.57858 1.16446 1.06024 0.813188 0.472465 0.381637 0.234156
threshold=0.22909024357795718 0.71848493814468395 0.88143840432167064 0.32992811501026159 0.65210086107254039 -0.013809705618768929 0.17079783976078036 0.31474687159061437 0.20583245158195498 0.018837424926459793 -0.11651397123932837 0.0055989988613873729
decision_type=2 2 2 2 2 2 2 2 2 2 2 2
left_child=1 9 3 -3 5 -2 -7 10 -9 11 -6 -1
right_child=4 2 -4 -5 7 6 -8 8 -10 -11 -12 -13
leaf_value=0.00036569626946153375 0.0010575167007140455 -0.00026357182195576055 -0.0018745576587343442 0.00011565665633213158 0.00080113489384283894 -0.00074287813885542953 6.4333594495424902e-05 -0.0011552075153125256 3.1640862312709595e-05 0.0023292968637249503 0.00019170986617577168 -0.0001350399058233346
leaf_weight=122 204 1356 125 672 597 512 184 121 7478 208 313 130
leaf_count=122 204 1356 125 672 597 512 184 121 7478 208 313 130
internal_value=-7.37914e-06 -0.00035762 -0.000642377 -0.000478972 8.93617e-05 -0.000683702 -0.00125357 0.000172216 7.44675e-05 0.000954301 0.000976776 0.000189689
internal_weight=12022 2613 2153 2028 9409 900 696 8509 7599 460 910 252
internal_count=12022 2613 2153 2028 9409 900 696 8509 7599 460 910 252
is_linear=0
shrinkage=0.025


Tree=550
num_leaves=10
num_cat=0
split_feature=41 35 40 48 38 19 25 25 1
split_gain=0.801975 0.738668 2.47945 3.36993 1.05639 0.681221 0.455164 0.306233 0.214608
threshold=0.84223756194114696 -0.12642512470483777 0.98796579241752636 0.74303007125854503 -0.17334538698196408 -0.098597016185522066 -2.3473488092422481 6.456646442413331 -0.018621268682181832
decision_type=2 2 2 2 2 2 2 2 2
left_child=1 2 6 -4 8 -6 -1 -2 -3
right_child=7 4 3 -5 5 -7 -8 -9 -10
leaf_value=-9.3963045357935095e-05 0.0019346967814475665 0.0029655749185814439 -0.002122412410030815 0.00064480529554313036 -0.00020817232607814166 3.9907602966497615e-06 0.00031600550216209539 1.9957515158506029e-05 0.00049201482910078448
leaf_weight=143 202 164 126 121 594 10205 204 120 123
leaf_count=143 202 164 126 121 594 10205 204 120 123
internal_value=-1.14507e-06 -3.58364e-05 -0.000891068 -0.00278274 9.80534e-06 -2.97343e-05 0.000458097 0.00121942 0.00149401
internal_weight=12002 11680 594 247 11086 10799 347 322 287
internal_count=12002 11680 594 247 11086 10799 347 322 287
is_linear=0
shrinkage=0.025


Tree=551
num_leaves=8
num_cat=0
split_feature=30 45 25 18 45 39 29
split_gain=0.66662 0.501238 1.17391 1.13649 0.735332 0.67943 0.554995
threshold=-1.5510051846504209 0.24834922701120379 24.874952316284183 -0.013416189234703777 0.31474687159061437 1.0588727593421938 0.030678695067763332
decision_type=2 2 2 2 2 2 2
left_child=-1 2 3 -2 5 -3 -6
right_child=1 4 -4 -5 6 -7 -8
leaf_value=0.0011796454135347557 -0.00012134065905519928 0.00010598154236960494 -0.0024537224611520525 6.9432325262643461e-05 0.00033492399200611646 0.0017404375565117402 -3.1881708457286201e-06
leaf_weight=146 1006 530 124 1588 872 266 7468
leaf_count=146 1006 530 124 1588 872 266 7468
internal_value=6.19534e-05 4.03703e-05 -0.00025661 -0.000138034 0.000129499 0.000853621 5.91673e-05
internal_weight=12000 11854 2718 2594 9136 796 8340
internal_count=12000 11854 2718 2594 9136 796 8340
is_linear=0
shrinkage=0.025


Tree=552
num_leaves=7
num_cat=0
split_feature=16 31 4 18 45 6
split_gain=0.598757 0.588341 0.619051 1.07162 0.999891 0.516491
threshold=0.012221025303006174 0.052072508260607726 -0.14889296144247052 -0.04286657087504863 0.20983126014471057 0.022427833639085296
decision_type=2 2 2 2 2 2
left_child=-1 5 3 -3 -4 -2
right_child=1 2 4 -5 -6 -7
leaf_value=0.0018974786330296515 -1.4634388380691915e-06 -0.00010853187678773547 -0.00026245077709643289 0.00060068187904151714 1.6267911315062809e-05 -0.00035262065735745411
leaf_weight=148 134 207 1386 766 9301 120
leaf_count=148 134 207 1386 766 9301 120
internal_value=6.1118e-06 -1.3319e-05 1.23233e-05 0.000614775 -4.22044e-05 -0.00119208
internal_weight=12062 11914 11660 973 10687 254
internal_count=12062 11914 11660 973 10687 254
is_linear=0
shrinkage=0.025


Tree=553
num_leaves=14
num_cat=0
split_feature=20 44 44 40 13 20 44 31 18 24 26 29 11
split_gain=0.720648 1.277 1.64291 1.92749 1.34497 1.33876 1.18092 1.40588 1.23252 0.964381 0.926406 0.884928 0.440485
threshold=0.046427423134446151 0.01421447563916445 0.021194375120103363 1.2032297849655154 -0.19492087513208387 -0.14364273846149442 0.012427862267941238 0.90109422802925121 0.023061056621372703 12.560256481170656 0.023459969088435177 0.034896414726972587 0.01088201627135277
decision_type=2 2 2 2 2 2 2 2 2 2 2 2 2
left_child=1 4 3 -3 5 -1 11 8 -8 -9 -4 -2 -6
right_child=6 2 10 -5 12 -7 7 9 -10 -11 -12 -13 -14
leaf_value=-5.8152854235457925e-05 -0.0020717286748451933 -0.00022391910457516336 0.0013657589219527822 -0.0011084902347184384 8.6462635986256321e-06 0.0019896914861403272 0.00081413643142513317 -0.0012344679746529967 3.6555040780541004e-05 -3.8805549985880028e-06 -0.0001067706777769124 4.2320590594394605e-05 -0.001238518861753737
leaf_weight=134 161 1321 247 256 120 540 1544 173 1404 5302 573 134 127
leaf_count=134 161 1321 247 256 120 540 1544 173 1404 5302 573 134 127
internal_value=-1.69213e-05 -0.00033065 -0.000635408 -0.00110698 0.000454914 0.00103645 0.000101886 0.000157362 0.000597274 -7.86952e-05 0.000265152 -0.0014375 -0.00109623
internal_weight=12036 3318 2397 1577 921 674 8718 8423 2948 5475 820 295 247
internal_count=12036 3318 2397 1577 921 674 8718 8423 2948 5475 820 295 247
is_linear=0
shrinkage=0.025


Tree=554
num_leaves=8
num_cat=0
split_feature=41 41 11 43 11 17 25
split_gain=0.611113 0.943795 1.08076 0.661737 1.13358 0.920462 0.644749
threshold=0.84223756194114696 0.8203672766685487 0.021615372039377693 0.040282635018229491 0.029787535779178146 0.4493048638105393 6.456646442413331
decision_type=2 2 2 2 2 2 2
left_child=1 3 -3 4 -1 -5 -2
right_child=6 2 -4 5 -6 -7 -8
leaf_value=-7.576901841306972e-05 0.0026508399444270334 4.296431129297047e-05 -0.0017784105442079541 0.0007732212244336991 0.00064187290354792185 2.7014392606241919e-06 -8.1118763784468457e-05
leaf_weight=6076 204 125 151 1501 256 3585 122
leaf_count=6076 204 125 151 1501 256 3585 122
internal_value=2.44284e-05 -5.0217e-06 -0.00143683 2.96552e-05 -0.000140248 0.00024234 0.00108384
internal_weight=12020 11694 276 11418 6332 5086 326
internal_count=12020 11694 276 11418 6332 5086 326
is_linear=0
shrinkage=0.025


Tree=555
num_leaves=10
num_cat=0
split_feature=10 22 40 21 38 11 16 37 46
split_gain=0.773838 0.743185 1.19535 0.979289 0.785218 0.741942 0.682775 0.37036 0.168008
threshold=0.0062415467109531173 0.82805645465850841 0.68317237496376049 70.14673233032228 -0.16257522255182263 0.01401681359857321 0.031523328274488456 0.0095706405118107813 0.40040352940559393
decision_type=2 2 2 2 2 2 2 2 2
left_child=5 3 -3 4 -2 8 -4 -5 -1
right_child=1 2 6 7 -6 -7 -8 -9 -10
leaf_value=0.00032500061096619581 0.00054879500424089066 -0.00099351359024450682 -6.3714621577726485e-05 0.0028726747075177926 -1.6855229206722057e-05 -4.6770477197826184e-05 -0.00093160116522578477 0.00052080880623601512 0.0033378732347790854
leaf_weight=120 822 237 2662 196 7102 146 152 460 153
leaf_count=120 822 237 2662 196 7102 146 152 460 153
internal_value=-7.77676e-06 -4.6515e-05 -0.000381626 7.20735e-05 -4.25643e-06 0.00104068 -0.000233682 0.000996596 0.00180306
internal_weight=12050 11631 3051 8580 7924 419 2814 656 273
internal_count=12050 11631 3051 8580 7924 419 2814 656 273
is_linear=0
shrinkage=0.025


Tree=556
num_leaves=5
num_cat=0
split_feature=26 16 36 36
split_gain=0.76746 0.618741 0.693553 0.608945
threshold=0.011039863806217911 0.012221025303006174 -0.11548355221748351 0.12280745804309846
decision_type=2 2 2 2
left_child=-1 -2 -3 -4
right_child=1 2 3 -5
leaf_value=-0.0010131492730284682 0.0018781551809882542 0.001809025643174465 -9.1131296929450529e-05 2.7399379580579723e-05
leaf_weight=142 137 173 3368 8165
leaf_count=142 137 173 3368 8165
internal_value=5.21361e-07 2.33163e-05 2.882e-06 -2.04757e-05
internal_weight=11985 11843 11706 11533
internal_count=11985 11843 11706 11533
is_linear=0
shrinkage=0.025


Tree=557
num_leaves=13
num_cat=0
split_feature=36 16 33 25 16 16 34 3 14 35 19 5
split_gain=0.647764 2.64512 1.72169 1.17943 0.936528 1.00319 1.29686 1.03673 0.907958 0.738451 0.545346 0.4482
threshold=0.49448882043361669 0.027396334335207943 0.0042524973396211871 3.381277441978455 0.032330494374036796 0.024711586534976963 -0.085150595754384981 -0.24404083937406537 0.62500000000000011 0.38581290841102606 -0.0022726450115442272 1.0937833786010744
decision_type=2 2 2 2 2 2 2 2 2 2 2 2
left_child=4 2 3 -2 5 7 -7 -1 -6 11 -4 -3
right_child=1 9 10 -5 8 6 -8 -9 -10 -11 -12 -13
leaf_value=-0.0003433634343612945 -0.0018632674071799131 0.0037014905614140489 -0.00079373228188763184 -0.0040729799951510865 -2.3048115202698052e-06 -0.00034959297276012595 0.00060577777704654391 1.7405169707142406e-05 -0.001102685260769774 -0.00047678521434747507 -1.8421139951338332e-05 2.0002780324006348e-05
leaf_weight=423 121 290 159 120 188 263 1684 7981 121 165 334 122
leaf_count=423 121 290 159 120 188 263 1684 7981 121 165 334 122
internal_value=1.6387e-05 -0.000506269 -0.00150034 -0.00321646 8.14581e-05 0.000122755 0.000633325 3.41905e-06 -0.00126194 0.000749571 -0.000625 0.00131595
internal_weight=11971 1311 734 241 10660 10351 1947 8404 309 577 493 412
internal_count=11971 1311 734 241 10660 10351 1947 8404 309 577 493 412
is_linear=0
shrinkage=0.025


Tree=558
num_leaves=10
num_cat=0
split_feature=31 38 29 13 37 14 31 37 12
split_gain=0.58353 0.560568 1.10716 1.61368 1.13343 0.631976 1.12913 0.811749 0.407367
threshold=0.052072508260607726 -0.00059619295643642534 0.040215957909822471 -0.018059262074530121 0.015291549265384676 0.81896552443504345 0.47551032900810247 0.018142022192478183 -0.16062136739492414
decision_type=2 2 2 2 2 2 2 2 2
left_child=8 5 3 -3 -4 7 -7 -2 -1
right_child=1 2 4 -5 -6 6 -8 -9 -10
leaf_value=-3.6999501787133088e-05 2.3791981421251372e-05 -0.00011184544937504194 0.00035406453392034486 -0.0022654319919634858 -0.0006840003507538816 -0.0013071593691335779 -2.6393062322631448e-06 0.00055763955446921345 -0.001195779700373964
leaf_weight=156 5230 439 1252 120 725 246 1626 2190 120
leaf_count=156 5230 439 1252 120 725 246 1626 2190 120
internal_value=4.3666e-05 7.08824e-05 -0.00025728 -0.00123449 1.82897e-05 0.000161208 -0.00024707 0.000265152 -0.00108096
internal_weight=12104 11828 2536 559 1977 9292 1872 7420 276
internal_count=12104 11828 2536 559 1977 9292 1872 7420 276
is_linear=0
shrinkage=0.025


Tree=559
num_leaves=8
num_cat=0
split_feature=30 34 17 35 41 41 47
split_gain=0.853113 0.774432 0.947682 0.982268 0.773343 1.02294 0.274757
threshold=-1.4521878361701963 0.14085444808006289 1.2076817750930788 0.38581290841102606 0.84223756194114696 0.8203672766685487 0.43892149627208715
decision_type=2 2 2 2 2 2 2
left_child=-1 4 3 -3 5 -2 -6
right_child=1 2 -4 -5 6 -7 -8
leaf_value=0.0018335194214240307 -3.5420607202370493e-05 0.0010407845164366763 -0.0012940633252111467 -0.00087797340676356987 0.0039221914197081964 -0.00082243923684918599 7.7861447259320853e-05
leaf_weight=190 9520 1468 124 243 132 208 129
leaf_count=190 9520 1468 124 243 132 208 129
internal_value=-4.888e-06 -3.24414e-05 0.000438179 0.000595134 -0.000119697 -0.000156555 0.00120771
internal_weight=12014 11824 1835 1711 9989 9728 261
internal_count=12014 11824 1835 1711 9989 9728 261
is_linear=0
shrinkage=0.025


Tree=560
num_leaves=14
num_cat=0
split_feature=35 13 38 4 37 2 35 5 38 9 5 37 35
split_gain=0.733537 1.47592 2.10886 1.92924 1.18441 1.5825 1.00884 1.4238 1.12189 0.883556 1.86152 1.04815 0.544438
threshold=0.17836615443229678 -0.24846127629280088 -0.045632025226950639 -0.11215863749384879 0.0082166302017867583 -0.019130499102175232 0.061098545789718635 0.1151474565267563 -0.058268651366233819 0.032053288072347648 0.58857229351997387 0.0088286441750824469 0.15713522583246234
decision_type=2 2 2 2 2 2 2 2 2 2 2 2 2
left_child=4 2 -2 -4 5 -1 8 -8 -6 11 -11 -3 -7
right_child=1 9 3 -5 6 12 7 -9 -10 10 -12 -13 -14
leaf_value=-0.00049328297926857774 0.0020247159849692007 -0.000171114982555968 5.856464961611458e-05 -0.0018216939684536724 -3.9554364903226878e-05 0.0028906073048106094 9.832696412017529e-05 -0.0006266696823157479 0.00035620248517431594 0.0017340236440735624 -0.00076670210115907219 0.0007066832162878914 -7.9901880035610526e-07
leaf_weight=151 131 399 124 169 3458 560 679 2011 614 237 792 2588 154
leaf_count=151 131 399 124 169 3458 560 679 2011 614 237 792 2588 154
internal_value=7.14473e-06 0.000262936 -0.00112762 -0.00230285 -0.000141018 0.000725575 -0.000253251 -0.000628479 -3.37248e-06 0.000412522 -0.000213975 0.000630431 0.00122218
internal_weight=12067 4440 424 293 7627 865 6762 2690 4072 4016 1029 2987 714
internal_count=12067 4440 424 293 7627 865 6762 2690 4072 4016 1029 2987 714
is_linear=0
shrinkage=0.025


Tree=561
num_leaves=8
num_cat=0
split_feature=20 3 5 17 38 17 8
split_gain=0.543988 0.946023 1.18383 1.26385 1.24108 0.796288 0.383846
threshold=0.78445425629615795 0.60100480914115917 1.1564705967903139 0.85499504208564769 -0.01044075610116124 1.2076817750930788 0.036083778366446502
decision_type=2 2 2 2 2 2 2
left_child=1 2 3 -1 -4 6 -2
right_child=5 -3 4 -5 -6 -7 -8
leaf_value=-1.3514739549387958e-05 0.0035992000915678109 -0.00086183435676757145 -4.2767937430511538e-05 0.0005584524615407921 -0.0010764239208665119 -0.00051943667471837619 0.00022234599878142902
leaf_weight=9367 188 133 377 1335 239 202 156
leaf_count=9367 188 133 377 1335 239 202 156
internal_value=1.96843e-05 -1.66942e-05 7.83812e-06 6.9931e-05 -0.00105274 0.000787205 0.00151504
internal_weight=11997 11451 11318 10702 616 546 344
internal_count=11997 11451 11318 10702 616 546 344
is_linear=0
shrinkage=0.025


Tree=562
num_leaves=12
num_cat=0
split_feature=46 42 34 38 13 16 48 36 38 9 13
split_gain=0.726348 2.02598 1.91087 1.72128 1.70995 0.659352 0.633132 1.17607 0.71538 1.10607 0.805413
threshold=0.10491563007235528 0.016024600714445118 0.064232274889945998 -0.10487112402915953 -0.34900355339050287 0.026418629102408889 0.97212031483650219 0.30364722013473516 -0.00059619295643642534 0.034688377752900131 -0.3857585340738296
decision_type=2 2 2 2 2 2 2 2 2 2 2
left_child=1 3 -3 4 -1 -5 8 -8 10 -10 -2
right_child=6 2 -4 5 -6 -7 7 -9 9 -11 -12
leaf_value=5.1004764486006402e-05 -0.00017665506970448416 -0.0038604528091679712 -1.2634869682966525e-05 6.8772828374779007e-05 -0.0011862415068506788 0.0014555562286600314 -0.00077163046741170541 0.0002059827412917581 -4.3853771845401505e-05 -0.0013702630189736523 7.6877235133498463e-05
leaf_weight=130 315 129 124 577 121 127 211 145 1942 277 7972
leaf_count=130 315 129 124 577 121 127 211 145 1942 277 7972
internal_value=-1.60455e-05 -0.000596661 -0.00256298 -5.85937e-05 -0.00182129 0.000569464 4.81965e-05 -0.000979917 8.40787e-05 -0.000313062 0.000191299
internal_weight=12070 1208 253 955 251 704 10862 356 10506 2219 8287
internal_count=12070 1208 253 955 251 704 10862 356 10506 2219 8287
is_linear=0
shrinkage=0.025


Tree=563
num_leaves=14
num_cat=0
split_feature=22 32 26 8 16 29 29 40 40 3 38 30 24
split_gain=0.639921 1.20742 0.883175 0.770587 0.946512 0.711159 2.29722 1.20099 1.10158 0.851272 0.690879 0.594329 0.161806
threshold=0.82805645465850841 0.63750877976417553 0.019189310260117057 0.036083778366446502 0.02408415358513594 0.094360750168561949 0.088954497128725066 1.2297810316085818 1.0702691674232485 0.26344391703605657 -0.044524157419800751 0.16903047263622287 36.843070983886726
decision_type=2 2 2 2 2 2 2 2 2 2 2 2 2
left_child=5 2 -2 4 -3 6 7 -1 10 -8 -7 -5 -10
right_child=1 3 -4 11 -6 8 9 -9 12 -11 -12 -13 -14
leaf_value=0.00012805301092434215 -0.001307389471105855 -0.00014978287784927997 -3.8604792766561299e-06 7.8822777978320588e-06 0.0011142580325450898 -8.6990121774480872e-05 -0.00029137826963817926 -0.0001746520157476281 0.003449034186926811 -0.0017021654853736495 0.00049234172600481137 -0.0011340816488786523 0.00090571451140821152
leaf_weight=6468 173 1874 124 193 717 436 192 811 245 129 306 207 163
leaf_count=6468 173 1874 124 193 717 436 192 811 245 129 306 207 163
internal_value=6.13428e-05 -0.000234968 -0.00174255 -8.05239e-05 7.55972e-05 0.000173472 8.46483e-05 0.000177272 0.000752165 -0.00196702 0.000165663 -0.00109568 0.00178874
internal_weight=12038 3288 297 2991 2591 8750 7600 7279 1150 321 742 400 408
internal_count=12038 3288 297 2991 2591 8750 7600 7279 1150 321 742 400 408
is_linear=0
shrinkage=0.025


Tree=564
num_leaves=13
num_cat=0
split_feature=35 17 7 40 48 35 9 40 39 34 35 36
split_gain=0.683549 1.5336 1.0685 0.993848 0.942612 0.800563 0.899179 2.33159 0.657049 0.620037 1.19826 0.856923
threshold=-0.12315919995307921 0.13741329312324527 -0.0062798350118100634 0.85494980216026317 0.67663240432739269 -0.042096406221389764 0.024147299118340019 0.86978447437286388 1.2337915897369387 0.14085444808006289 0.28706671297550207 0.22189904749393466
decision_type=2 2 2 2 2 2 2 2 2 2 2 2
left_child=1 2 -1 -3 -5 6 7 -2 -8 11 -11 -7
right_child=5 3 -4 4 -6 9 8 -9 -10 10 -12 -13
leaf_value=-0.0002162222777258875 -0.0037871406451553714 0.0017921858394114112 -0.0013726842768912635 -0.00063102676927552373 0.00047265409751029051 -0.00010455570993022667 0.001336916993834686 0.0015809798229714954 -3.4462806207528921e-05 0.0020003501385099805 -0.0003475934715053526 4.2994539374601862e-05
leaf_weight=120 125 177 120 153 169 3445 693 126 122 996 724 5100
leaf_count=120 125 177 120 153 169 3445 693 126 122 996 724 5100
internal_value=3.26088e-05 -0.000700605 -0.00232143 8.18453e-05 -0.000730122 8.12677e-05 0.000731793 -0.000551758 0.00113567 1.278e-05 0.000445652 -7.38303e-05
internal_weight=12070 739 240 499 322 11331 1066 251 815 10265 1720 8545
internal_count=12070 739 240 499 322 11331 1066 251 815 10265 1720 8545
is_linear=0
shrinkage=0.025


Tree=565
num_leaves=8
num_cat=0
split_feature=2 35 24 14 19 4 34
split_gain=0.738074 0.903884 1.30344 1.0982 0.631202 1.20573 0.560396
threshold=-0.28105409443378443 -0.15269868820905683 29.620520591735843 0.66810342669487011 0.33427745103836065 0.63966190814971935 0.14411457628011706
decision_type=2 2 2 2 2 2 2
left_child=-1 2 3 -2 6 -6 -3
right_child=1 4 -4 -5 5 -7 -8
leaf_value=0.00052486085426217894 -0.00041537590953284449 1.0703041721787875e-06 -0.00092480814116551553 0.0016391881261803712 -0.0010615746445397259 2.6129921578809013e-05 0.00064687669553428046
leaf_weight=150 181 9664 128 123 132 240 1430
leaf_count=150 181 9664 128 123 132 240 1430
internal_value=1.98084e-05 -1.9952e-06 -0.00111842 -0.000190129 3.99922e-05 -0.000964854 7.4669e-05
internal_weight=12048 11898 432 304 11466 372 11094
internal_count=12048 11898 432 304 11466 372 11094
is_linear=0
shrinkage=0.025


Tree=566
num_leaves=13
num_cat=0
split_feature=33 38 39 10 16 35 16 16 23 11 11 25
split_gain=0.790746 1.33186 1.11157 0.896907 0.704328 1.38668 0.993149 1.03104 0.975753 0.96312 0.701667 0.406538
threshold=-0.002278880099765956 -0.18284156173467633 0.3718161433935166 0.023828611709177498 0.02054516971111298 0.22202219814062121 0.019515772350132469 0.01846864074468613 0.12409836053848268 0.017240328714251522 0.02188869379460812 -5.2676019668579093
decision_type=2 2 2 2 2 2 2 2 2 2 2 2
left_child=1 11 -3 -4 6 8 7 -2 -6 -7 -8 -1
right_child=4 2 3 -5 5 9 10 -9 -10 -11 -12 -13
leaf_value=0.00053674173306840858 0.0001305260890790996 -0.0015638760552050648 -1.1278912385672088e-05 -0.00044826537975075866 -0.00054396323674088564 0.00075588959092084441 0.0022064247551188891 -0.00043966367690561627 -2.5784805431813271e-05 -2.4527035583264478e-05 -3.5575604521895255e-06 0.0023756934108799901
leaf_weight=175 2574 133 2318 683 658 1145 647 467 1867 1012 202 128
leaf_count=175 2574 133 2318 683 658 1145 647 467 1867 1012 202 128
internal_value=5.75371e-05 -0.000261839 -0.000416932 -0.000313124 0.0001864 -1.89353e-05 0.000434852 0.000220371 -0.00041749 0.000444612 0.00118999 0.00130276
internal_weight=12009 3437 3134 3001 8572 4682 3890 3041 2525 2157 849 303
internal_count=12009 3437 3134 3001 8572 4682 3890 3041 2525 2157 849 303
is_linear=0
shrinkage=0.025


Tree=567
num_leaves=7
num_cat=0
split_feature=2 29 35 35 35 36
split_gain=1.15323 0.755864 1.03592 0.698571 0.97544 0.662757
threshold=-0.2389637008309364 0.095260854810476317 -0.2021590173244476 0.2033398970961571 0.062079774215817458 0.37982495129108435
decision_type=2 2 2 2 2 2
left_child=-1 2 -2 4 -3 -4
right_child=1 3 5 -5 -6 -7
leaf_value=0.0012076713391405275 -0.0012260622258251823 0.00090794385738010282 3.6450170576878453e-05 0.0015513162592454813 -0.001384353057887042 -0.00016043361096534741
leaf_weight=231 136 184 8128 224 138 2932
leaf_count=231 136 184 8128 224 138 2932
internal_value=5.43706e-05 1.90475e-05 -2.48861e-05 0.000923321 0.000149083 1.69463e-06
internal_weight=11973 11742 11196 546 322 11060
internal_count=11973 11742 11196 546 322 11060
is_linear=0
shrinkage=0.025


Tree=568
num_leaves=7
num_cat=0
split_feature=43 30 2 16 36 33
split_gain=0.67657 1.10621 0.794336 0.785945 0.818477 0.670692
threshold=-0.46508172154426569 -0.14027722924947736 -0.28105409443378443 0.014987379312515261 0.20684999227523806 0.0080285556614398974
decision_type=2 2 2 2 2 2
left_child=1 -1 -2 5 -5 -4
right_child=2 -3 3 4 -6 -7
leaf_value=-0.0007293349868789155 0.0015056463247975511 1.7118217283501468e-05 0.00013358223365669643 -7.5972772491118284e-05 5.3303785077495331e-05 0.0051817975200540746
leaf_weight=121 130 214 971 3886 6483 209
leaf_count=121 130 214 971 3886 6483 209
internal_value=5.02331e-05 -0.00104779 8.26987e-05 5.98279e-05 -9.27791e-06 0.000669831
internal_weight=12014 335 11679 11549 10369 1180
internal_count=12014 335 11679 11549 10369 1180
is_linear=0
shrinkage=0.025


Tree=569
num_leaves=9
num_cat=0
split_feature=45 40 47 37 4 47 30 44
split_gain=0.968229 0.749836 2.13826 1.50628 1.21905 1.19383 1.75192 0.757488
threshold=0.019258987158536914 0.9525931477546693 0.73275861144065868 0.0077163462992757567 0.45847183465957647 0.10491563007235528 -1.0065438747406004 0.011969910934567453
decision_type=2 2 2 2 2 2 2 2
left_child=-1 5 3 -3 -4 7 -7 -2
right_child=1 2 4 -5 -6 6 -8 -9
leaf_value=-0.00037581389687067155 -0.00016542562215934783 -0.00094341025064493026 0.00075506698153688734 -0.00019468732622613972 -5.107162356981159e-05 -0.0013733976247915962 4.7438983349399876e-05 0.0016891454165415317
leaf_weight=184 193 229 1189 3808 844 178 4610 749
leaf_count=184 193 229 1189 3808 844 178 4610 749
internal_value=8.65386e-06 3.75901e-05 -0.00015535 -0.000488929 0.000503557 0.000243025 8.1108e-05 0.00105465
internal_weight=11984 11800 6070 4037 2033 5730 4788 942
internal_count=11984 11800 6070 4037 2033 5730 4788 942
is_linear=0
shrinkage=0.025


Tree=570
num_leaves=15
num_cat=0
split_feature=16 6 16 37 37 34 16 40 16 16 34 9 22 10
split_gain=0.684973 1.42984 1.32566 1.07944 1.74031 1.26859 1.02641 0.939051 0.922312 1.65462 0.941338 0.889729 0.665932 0.635268
threshold=0.02408415358513594 0.039002655074000366 0.020620451308786873 0.010309265460819008 0.0094939498230814951 0.17236535996198657 0.019515772350132469 0.73719319701194774 0.031839871779084213 0.034789776429533965 0.14085444808006289 0.026890936307609085 0.22485543787479403 0.025241362862288955
decision_type=2 2 2 2 2 2 2 2 2 2 2 2 2 2
left_child=2 11 6 4 -4 -5 7 -1 10 -10 -3 12 -2 -13
right_child=1 8 3 5 -6 -7 -8 -9 9 -11 -12 13 -14 -15
leaf_value=-0.00055144766632890031 3.420151235245987e-05 -3.9264734039707695e-05 -0.00016521146714041808 -2.149497174914917e-05 -0.0023144873348132592 -0.0013624732586690997 0.00064991341139703212 5.6691724727419105e-05 -0.0011840742861325656 0.00013463310855753999 0.0018054554079381141 -2.5127737553309373e-05 0.0027869084239408831 0.0020623998829818854
leaf_weight=654 160 1011 496 2365 210 122 1153 3564 186 216 365 666 661 209
leaf_count=654 160 1011 496 2365 210 122 1153 3564 186 216 365 666 661 209
internal_value=4.26597e-05 0.000338819 -7.68759e-05 -0.000480378 -0.00134142 -0.00023124 0.000162063 -1.74638e-05 -0.000153533 -0.00120086 0.000151159 0.000857584 0.00144824 0.000291193
internal_weight=12038 3474 8564 3193 706 2487 5371 4218 1778 402 1376 1696 821 875
internal_count=12038 3474 8564 3193 706 2487 5371 4218 1778 402 1376 1696 821 875
is_linear=0
shrinkage=0.025


Tree=571
num_leaves=9
num_cat=0
split_feature=45 40 40 17 20 39 35 27
split_gain=0.918555 1.61029 0.745124 1.83469 1.75215 1.38949 1.18339 1.16105
threshold=0.038517974317073829 0.89238592982292186 0.86464822292327892 1.376909136772156 0.21074266731739047 0.85167366266250621 -0.11959445476531981 -0.0065928096882998935
decision_type=2 2 2 2 2 2 2 2
left_child=1 -1 3 4 -2 7 -7 -4
right_child=2 -3 5 -5 -6 6 -8 -9
leaf_value=-0.00072695214863982343 2.5385287348331121e-06 0.00018202540666324636 -0.0015529941693828162 -0.0015280742523420998 0.0010159227460153021 -0.00033710335350051971 7.0402821007236786e-05 -0.00021020292496052849
leaf_weight=172 2015 226 135 126 1596 447 5959 1359
leaf_count=172 2015 226 135 126 1596 447 5959 1359
internal_value=5.86587e-05 -0.00111352 9.97467e-05 0.0003905 0.000496751 -3.71599e-05 0.000122251 -0.000722982
internal_weight=12035 398 11637 3737 3611 7900 6406 1494
internal_count=12035 398 11637 3737 3611 7900 6406 1494
is_linear=0
shrinkage=0.025


Tree=572
num_leaves=6
num_cat=0
split_feature=16 37 22 29 22
split_gain=0.542573 0.533713 0.544983 0.51645 0.275989
threshold=0.012742703780531885 0.0071191173046827325 -0.073454782366752611 0.060575352981686599 0.42905606329441076
decision_type=2 2 2 2 2
left_child=4 -2 -3 -4 -1
right_child=1 2 3 -5 -6
leaf_value=0.00022256245753482672 0.0013712494430223104 0.00067685705909493695 -5.2339598976900761e-05 4.5848779044089762e-05 0.0039955497131387756
leaf_weight=126 140 181 6810 4645 126
leaf_count=126 140 181 6810 4645 126
internal_value=2.60742e-05 7.42814e-07 -1.75027e-05 -3.98123e-05 0.00116245
internal_weight=12028 11776 11636 11455 252
internal_count=12028 11776 11636 11455 252
is_linear=0
shrinkage=0.025


Tree=573
num_leaves=12
num_cat=0
split_feature=29 42 27 31 29 13 23 42 39 29 41
split_gain=0.63199 0.706262 1.0429 0.989285 0.589735 0.574794 0.901569 0.371004 0.319532 0.272193 0.370277
threshold=0.095260854810476317 -0.10209163278341292 -0.011357176583260296 0.83659514784812938 0.095111247152090087 -0.34092204272747034 0.13292565196752551 0.22577849030494693 0.97757604718208324 0.095310170203447356 0.53424108028411876
decision_type=2 2 2 2 2 2 2 2 2 2 2
left_child=1 5 3 -3 -4 8 -7 9 -1 -2 -11
right_child=7 2 4 -5 -6 6 -8 -9 -10 10 -12
leaf_value=0.0001730220343582156 0.0025976181241008089 2.228859092587815e-05 4.7725257114882313e-07 -0.0013909753519174568 -0.00054613316375331036 -3.1487214309396779e-05 0.00092317711894856493 -0.00013112860524290513 -0.00016993003706744999 0.00060357089731297587 -6.0525690300698433e-05
leaf_weight=125 150 175 9260 219 285 405 783 132 166 174 121
leaf_count=125 150 175 9260 219 285 405 783 132 166 174 121
internal_value=3.17709e-05 -8.64475e-06 -8.51015e-05 -0.00133772 -3.2068e-05 0.000499495 0.000744971 0.000835481 -0.000477196 0.00118056 0.0006875
internal_weight=11995 11418 9939 394 9545 1479 1188 577 291 445 295
internal_count=11995 11418 9939 394 9545 1479 1188 577 291 445 295
is_linear=0
shrinkage=0.025


Tree=574
num_leaves=15
num_cat=0
split_feature=40 41 39 22 36 41 47 3 43 30 30 28 39 5
split_gain=0.605107 2.16801 2.7428 1.26682 1.11513 1.08547 1.28747 1.94831 1.08322 1.06088 0.916888 0.859708 0.847704 0.79087
threshold=0.9525931477546693 0.45553247630596166 0.81428316235542308 0.54057356715202343 0.36900384724140173 0.60275068879127514 0.27622890472412115 0.16120033711194995 0.070177581161260619 -1.0377683639526365 -1.0065438747406004 0.57500001788139354 0.78885090351104747 0.870486080646515
decision_type=2 2 2 2 2 2 2 2 2 2 2 2 2 2
left_child=5 4 3 -3 13 6 11 -8 -6 -4 -7 -1 -12 -2
right_child=1 2 9 -5 8 10 7 -9 -10 -11 12 -13 -14 -15
leaf_value=0.00073849473882678818 0.0035635876626356564 -0.00096701588449797757 0.0024756831839526572 -0.0022822353052162256 -0.0015287066547928305 -0.0011072767199208047 -0.00077511685470102139 4.1154988454758906e-05 0.0015074758602108599 -7.4537321888759172e-05 0.0027591883236896412 -0.00049733959456985447 0.0003181683256452681 8.2448556796413389e-06
leaf_weight=818 434 132 220 130 124 216 1091 1432 138 4909 226 375 1715 122
leaf_count=818 434 132 220 130 124 216 1091 1432 138 4909 226 375 1715 122
internal_value=-3.21626e-05 -0.000204578 -0.000387555 -0.00286049 0.000988761 0.000149073 -0.000108506 -0.000429687 -0.000332397 -0.000257353 0.000594935 0.000564483 0.000768885 0.00161988
internal_weight=12082 6209 5391 262 818 5873 3716 2523 262 5129 2157 1193 1941 556
internal_count=12082 6209 5391 262 818 5873 3716 2523 262 5129 2157 1193 1941 556
is_linear=0
shrinkage=0.025


Tree=575
num_leaves=12
num_cat=0
split_feature=35 40 33 17 34 36 18 41 9 43 9
split_gain=0.56058 1.37536 1.34008 0.749411 0.588949 1.37337 1.10089 1.39301 1.09779 1.05586 0.272566
threshold=-0.12642512470483777 0.95978605747222911 0.011836948804557325 0.15255772322416308 0.14085444808006289 0.16679119318723681 0.040514390915632255 0.21283792704343799 0.025882319547235969 0.037458229809999473 0.032401172444224365
decision_type=2 2 2 2 2 2 2 2 2 2 2
left_child=1 3 -3 -1 6 10 9 -8 -7 -2 -6
right_child=4 2 -4 -5 5 8 7 -9 -10 -11 -12
leaf_value=-6.3086864040095764e-05 -1.80694498694135e-05 -0.0012607348198469055 3.1082602057178537e-05 0.0010579426590640278 0.0059524744458632501 0.0015078837259261541 -0.0011733327903392314 -0.00010812823898800376 -0.00029426875796882256 0.00032144930551590865 0.0025097163973665957
leaf_weight=121 4459 208 122 216 236 494 134 2268 830 2719 138
leaf_count=121 4459 208 122 216 236 494 134 2268 830 2719 138
internal_value=-6.79907e-06 -0.000708705 -0.00184701 0.000398392 3.44546e-05 0.000463153 -4.10797e-05 -0.000504258 7.80663e-05 0.000113288 0.0017909
internal_weight=11945 667 330 337 11278 1698 9580 2402 1324 7178 374
internal_count=11945 667 330 337 11278 1698 9580 2402 1324 7178 374
is_linear=0
shrinkage=0.025


Tree=576
num_leaves=11
num_cat=0
split_feature=45 35 17 46 13 31 40 31 39 4
split_gain=0.6802 1.2191 0.723834 1.08235 1.71336 0.826297 2.5246 1.22265 0.809198 0.688472
threshold=0.038517974317073829 0.05603041127324105 0.020449724048376087 0.077035948634147658 -0.38121597468852991 0.47551032900810247 0.73419106006622326 0.81814804673194896 0.61721381545066845 -0.19217456877231595
decision_type=2 2 2 2 2 2 2 2 2 2
left_child=1 -1 3 4 -2 6 -4 -7 -5 -3
right_child=2 9 5 8 -6 7 -8 -9 -10 -11
leaf_value=-0.00069654225824515603 0.0014075886956951649 0.00092114726050525298 -0.001978733832322597 -0.0011608158008411323 -0.00066314294039255661 0.00041623241547075643 4.9775900707494037e-07 -2.2112272679747581e-05 0.00063039020697347199 -0.00026665116402001542
leaf_weight=135 181 130 398 122 299 1939 1153 6192 1356 121
leaf_count=135 181 130 398 122 299 1939 1153 6192 1356 121
internal_value=-6.5455e-06 -0.00103261 2.73724e-05 0.000465487 -0.000554124 -6.07772e-05 -0.00058885 3.94851e-05 0.000801585 0
internal_weight=12026 386 11640 1958 480 9682 1551 8131 1478 251
internal_count=12026 386 11640 1958 480 9682 1551 8131 1478 251
is_linear=0
shrinkage=0.025


Tree=577
num_leaves=13
num_cat=0
split_feature=38 38 34 26 31 41 40 42 19 43 41 40
split_gain=0.687681 1.41917 1.22064 1.14476 1.51043 1.12473 1.68938 0.964128 0.936513 0.93569 0.820108 0.678404
threshold=-0.012061258312314747 -0.0098126814700663072 0.069014254957437529 0.017847936600446705 2.3093971014022832 0.7762964963912965 1.0800413489341738 0.029537690803408626 0.18800153583288196 0.30726160109043127 0.84223756194114696 0.72662097215652477
decision_type=2 2 2 2 2 2 2 2 2 2 2 2
left_child=2 -2 8 7 -5 11 -7 -3 10 -10 -1 -4
right_child=1 3 5 4 -6 6 -8 -9 9 -11 -12 -13
leaf_value=1.4361947906045163e-06 -0.0007293385679320208 -7.2827259489840123e-05 -9.7856805586173174e-05 0.00028703492251049419 -0.00042376729722086123 0.0013697542625603569 -0.0014891232199550322 -0.00258800814799385 -0.0019156158208936949 -2.6425883616528395e-05 0.00164808025856262 0.001105142572777643
leaf_weight=5551 229 777 217 2422 623 169 184 126 124 170 208 1273
leaf_count=5551 229 777 217 2422 623 169 184 126 124 170 208 1273
internal_value=3.11518e-05 -0.000227463 0.000168808 -0.000113521 0.000116803 0.000731196 -0.000520251 -0.000893447 -1.85696e-06 -0.00136706 6.78783e-05 0.00103261
internal_weight=12073 4177 7896 3948 3045 1843 353 903 6053 294 5759 1490
internal_count=12073 4177 7896 3948 3045 1843 353 903 6053 294 5759 1490
is_linear=0
shrinkage=0.025


Tree=578
num_leaves=11
num_cat=0
split_feature=6 30 29 29 11 1 6 32 31 32
split_gain=0.828416 0.805506 0.907831 1.17948 0.960707 0.691966 0.872787 0.929892 0.791629 0.583097
threshold=0.068921152502298369 -1.4521878361701963 0.060575352981686599 0.057009592652320869 0.022316996939480308 0.0022005792707204823 0.07579797133803369 1.1478201746940615 1.7721971869468691 1.1844399571418764
decision_type=2 2 2 2 2 2 2 2 2 2
left_child=1 -1 3 -3 -4 8 -7 -8 9 -2
right_child=5 2 4 -5 -6 6 7 -9 -10 -11
leaf_value=0.0015946900362974515 0.00028297506994605544 1.2277437247627427e-06 0.00049287931954154632 -0.00061005082462026704 -1.7234554467419381e-05 -0.0014183978378404538 9.0576954881792595e-05 -0.00061188400599083103 0.0017804591958669484 -0.00049064628347365272
leaf_weight=185 182 6352 2523 482 1379 147 263 204 139 153
leaf_count=185 182 6352 2523 482 1379 147 263 204 139 153
internal_value=6.16989e-05 0.000127792 9.8571e-05 -7.43894e-05 0.000402803 -0.00059355 -0.00114499 -0.000585275 0.000112213 -0.000533088
internal_weight=12009 10921 10736 6834 3902 1088 614 467 474 335
internal_count=12009 10921 10736 6834 3902 1088 614 467 474 335
is_linear=0
shrinkage=0.025


Tree=579
num_leaves=9
num_cat=0
split_feature=14 20 31 4 39 31 46 35
split_gain=0.653866 0.657978 1.13758 2.15054 1.81628 0.557071 0.735449 0.305549
threshold=0.99137932062149059 0.65901455283164989 1.9733523130416872 0.75503864884376537 1.064375162124634 2.59534764289856 0.95286133885383617 0.35256573557853704
decision_type=2 2 2 2 2 2 2 2
left_child=1 2 3 -1 -4 7 -7 -3
right_child=-2 5 4 -5 -6 6 -8 -9
leaf_value=2.8939705971780162e-05 -0.00067037641153009644 0.0020237691639925426 -0.0007586483161842628 -0.0017112243999893987 7.5129820628129691e-05 -0.00046773802428923478 0.0019859697641365554 0.00060015035611157353
leaf_weight=9645 210 245 673 131 470 277 207 132
leaf_count=9645 210 245 673 131 470 277 207 132
internal_value=0 2.49258e-05 -2.71191e-05 5.96821e-05 -0.000771995 0.00068851 0.000109918 0.0014038
internal_weight=11990 11780 10919 9776 1143 861 484 377
internal_count=11990 11780 10919 9776 1143 861 484 377
is_linear=0
shrinkage=0.025


Tree=580
num_leaves=11
num_cat=0
split_feature=43 48 11 17 40 29 32 6 8 17
split_gain=0.634797 1.12253 0.942016 1.49259 2.00526 1.19207 0.876144 0.85251 0.309074 0.169996
threshold=0.040282635018229491 0.97212031483650219 0.028848512098193172 0.9588167965412141 0.9662875533103944 0.095176760107278838 0.56788820028305065 0.015959875658154491 0.044406836852431304 0.51973077654838573
decision_type=2 2 2 2 2 2 2 2 2 2
left_child=2 6 3 5 -5 -1 -2 -8 9 -4
right_child=1 -3 8 4 -6 -7 7 -9 -10 -11
leaf_value=-2.6051681614478542e-05 -0.00025142854343224001 -0.00073092852112914173 0.0016731426850960533 -0.0019282713550453281 -0.00011429645413494213 0.0033153667055241596 0.0015270401572541818 0.00011854839146942588 4.3892605294728154e-06 0.00089097589190962039
leaf_weight=5926 185 160 136 131 180 181 292 4597 122 120
leaf_count=5926 185 160 136 131 180 181 292 4597 122 120
internal_value=3.68717e-05 0.000244083 -0.000121857 -0.000194418 -0.00187104 -0.000106553 0.000310839 0.000376226 0.00108029 0.00156609
internal_weight=12030 5234 6796 6418 311 6107 5074 4889 378 256
internal_count=12030 5234 6796 6418 311 6107 5074 4889 378 256
is_linear=0
shrinkage=0.025


Tree=581
num_leaves=10
num_cat=0
split_feature=43 29 16 43 35 16 38 6 40
split_gain=0.623003 1.00307 0.599947 1.389 1.46148 0.900568 0.910202 0.909822 0.571828
threshold=-0.46508172154426569 0.040215957909822471 0.015344067476689817 0.0024594960268586878 0.016975849866867069 0.025258761830627922 -0.00059619295643642534 0.050753694027662284 0.75148209929466259
decision_type=2 2 2 2 2 2 2 2 2
left_child=1 -1 3 4 -2 6 -4 -7 -5
right_child=2 -3 5 8 -6 7 -8 -9 -10
leaf_value=-0.00042594977276560954 -0.00058598254774276757 0.0003632836376749693 -9.8122559252130628e-06 -0.00017956978420925588 0.00022701894660156444 0.00047516131492132609 -0.00040903971097797158 -5.2618949732025849e-05 0.0021510305594830237
leaf_weight=123 230 209 6054 130 513 1789 1368 1008 550
leaf_count=123 230 209 6054 130 513 1789 1368 1008 550
internal_value=-1.95132e-05 -0.00107938 1.06251e-05 0.000491072 -0.000248997 -5.58733e-05 -0.000200451 0.000325214 0.00130474
internal_weight=11974 332 11642 1423 743 10219 7422 2797 680
internal_count=11974 332 11642 1423 743 10219 7422 2797 680
is_linear=0
shrinkage=0.025


Tree=582
num_leaves=11
num_cat=0
split_feature=35 38 17 39 40 36 36 36 47 35
split_gain=0.770933 0.94247 0.959709 0.895715 2.46256 0.814594 0.806667 0.709904 0.329608 0.134907
threshold=-0.12642512470483777 -0.15496248006820676 -0.36830811202526087 1.1155243515968325 0.98796579241752636 0.20684999227523806 0.30621165037155157 0.12020405381917955 0.67663240432739269 0.10721940174698831
decision_type=2 2 2 2 2 2 2 2 2 2
left_child=3 6 9 4 7 -4 8 -1 -2 -3
right_child=1 2 5 -5 -6 -7 -8 -9 -10 -11
leaf_value=0.00028985429079050423 0.0026623681440118767 0.0026576961655678136 -5.8364879827357412e-05 0.00046452767591769568 -0.0019901556125069986 5.326004484813233e-05 -6.4229098414687855e-05 -0.00013517442176113904 0.0003857655671080595 0.00063557691982371795
leaf_weight=218 259 145 4108 184 157 6371 190 125 120 120
leaf_count=218 259 145 4108 184 157 6371 190 125 120 120
internal_value=3.63482e-05 8.62565e-05 3.29101e-05 -0.000774673 -0.00132426 -4.41139e-06 0.00107361 -0.000104167 0.00173503 0.00150463
internal_weight=11997 11313 10744 684 500 10479 569 343 379 265
internal_count=11997 11313 10744 684 500 10479 569 343 379 265
is_linear=0
shrinkage=0.025


Tree=583
num_leaves=10
num_cat=0
split_feature=48 35 26 35 39 41 47 36 10
split_gain=0.760708 1.74084 1.26831 0.797123 1.28789 1.6666 0.870945 1.1954 1.12939
threshold=0.97212031483650219 0.20559851080179217 0.029660051688551906 0.41086395084857946 0.86850675940513622 0.65984201431274425 0.82868674397468578 0.12280745804309846 0.03179536014795304
decision_type=2 2 2 2 2 2 2 2 2
left_child=3 2 -2 6 -5 -6 7 -1 -8
right_child=1 -3 -4 4 5 -7 8 -9 -10
leaf_value=-0.00011612900504100133 -2.4350531226948361e-05 0.0028106114712007886 -0.0014676393446964725 0.00087720370242826389 -0.0026233897446164885 1.3591944616187205e-06 0.00087656846665019731 5.5462334029241948e-05 -5.9844063592024887e-05
leaf_weight=3046 129 130 138 168 159 165 1358 6504 306
leaf_count=3046 129 130 138 168 159 165 1358 6504 306
internal_value=8.36233e-06 -0.00106032 -0.00221048 4.55769e-05 -0.000933098 -0.0018503 8.94688e-05 -1.96223e-06 0.000616387
internal_weight=12103 397 267 11706 492 324 11214 9550 1664
internal_count=12103 397 267 11706 492 324 11214 9550 1664
is_linear=0
shrinkage=0.025


Tree=584
num_leaves=7
num_cat=0
split_feature=43 30 18 23 35 29
split_gain=0.773121 1.29931 0.771367 0.589069 0.861175 0.581921
threshold=-0.45325811207294459 -0.22213099151849744 0.16735097020864489 0.52370953559875499 -0.12642512470483777 0.058902764692902572
decision_type=2 2 2 2 2 2
left_child=1 -1 3 4 -2 -3
right_child=2 5 -4 -5 -6 -7
leaf_value=-0.00091626563905774529 -0.00019029290528690067 -0.0001957461705560014 -0.00038712647294473633 0.0010391214139459299 3.3910266158256776e-05 0.00097400995621957061
leaf_weight=125 590 149 182 138 10732 122
leaf_count=125 590 149 182 138 10732 122
internal_value=9.44541e-06 -0.0010692 4.71152e-05 7.35936e-05 5.28605e-05 -5.88767e-05
internal_weight=12038 396 11642 11460 11322 271
internal_count=12038 396 11642 11460 11322 271
is_linear=0
shrinkage=0.025


Tree=585
num_leaves=11
num_cat=0
split_feature=38 9 40 16 35 34 39 24 39 40
split_gain=0.745402 1.20471 1.5834 1.04015 1.49655 1.43731 0.791051 0.645253 1.27971 0.848805
threshold=-0.00059619295643642534 0.034171482548117645 1.0775657296180727 0.024560993537306789 0.28706671297550207 0.046264994889497764 0.20583245158195498 15.802555561065676 1.2486974596977236 0.47328618168830877
decision_type=2 2 2 2 2 2 2 2 2 2
left_child=6 3 -3 4 -2 -5 -1 8 -8 -9
right_child=1 2 -4 5 -6 -7 7 9 -10 -11
leaf_value=-0.00014465014480947706 -8.7650146053920358e-05 -0.002819571655869749 0.00019140348542776611 -0.00083369776581333874 -0.0013615850565271736 0.00095834360856038531 -0.00023607104738980765 -0.00056411342102726707 0.001386491834625517 9.3401682142276281e-05
leaf_weight=148 1163 195 169 123 195 717 1096 183 140 7875
leaf_count=148 1163 195 169 123 195 717 1096 183 140 7875
internal_value=5.02749e-05 -0.000326743 -0.00164973 -0.000101566 -0.000530998 0.00058432 0.000153356 0.000183219 -0.000345487 0.000265255
internal_weight=12004 2562 364 2198 1358 840 9442 9294 1236 8058
internal_count=12004 2562 364 2198 1358 840 9442 9294 1236 8058
is_linear=0
shrinkage=0.025


Tree=586
num_leaves=12
num_cat=0
split_feature=14 13 45 15 21 45 11 29 29 22 24
split_gain=0.600766 1.02283 1.19045 1.16128 0.721725 0.704945 0.846821 0.669026 1.51996 0.741227 0.563029
threshold=0.8479457199573518 -0.076800446957349763 0.82868674397468578 0.61206895112991344 84.337741851806655 0.78154808282852184 0.022764851339161399 0.094360750168561949 0.087558418512344374 0.74609702825546276 31.96141338348389
decision_type=2 2 2 2 2 2 2 2 2 2 2
left_child=4 2 3 -2 7 10 -7 8 -1 -9 -3
right_child=1 5 -4 -5 -6 6 -8 9 -10 -11 -12
leaf_value=1.558151375289634e-05 0.00014469833040978443 0.00024337616268653163 -0.00068231531637564244 -0.0014932586349735112 0.00305161094556198 0.0007414920794234928 -0.00098323349541840944 0.00079207462726428612 -0.00081074884034265529 -0.00010670339259469263 -0.00070148215956174946
leaf_weight=8634 331 157 182 127 202 608 121 726 350 305 352
leaf_count=8634 331 157 182 127 202 608 121 726 350 305 352
internal_value=2.531e-05 -0.00038436 -0.00119186 -0.000483261 0.000101375 3.11747e-05 0.000533038 7.04841e-05 4.1727e-07 0.000672056 -0.000673638
internal_weight=12095 1878 640 458 10217 1238 729 10015 8984 1031 509
internal_count=12095 1878 640 458 10217 1238 729 10015 8984 1031 509
is_linear=0
shrinkage=0.025


Tree=587
num_leaves=7
num_cat=0
split_feature=41 48 40 26 41 5
split_gain=0.655447 0.741789 2.64008 0.825799 0.735151 0.0833119
threshold=0.11106013506650926 0.057776963338255889 0.47328618168830877 0.027438309043645862 0.65264201164245617 0.4325734823942185
decision_type=2 2 2 2 2 2
left_child=-1 3 -3 5 -4 -2
right_child=1 2 4 -5 -6 -7
leaf_value=-0.00021879515024506767 0.0017132804954141864 -0.0015141197716799087 6.2632561670386612e-05 -0.00010150545161200179 -3.0978389355392837e-05 0.0018948503981070003
leaf_weight=219 151 148 6271 176 4930 136
leaf_count=219 151 148 6271 176 4930 136
internal_value=1.63053e-05 4.22062e-05 1.43131e-06 0.00101763 4.65154e-05 0.00183647
internal_weight=12031 11812 11349 463 11201 287
internal_count=12031 11812 11349 463 11201 287
is_linear=0
shrinkage=0.025


Tree=588
num_leaves=15
num_cat=0
split_feature=47 11 40 13 9 29 40 40 3 36 39 43 45 26
split_gain=0.580682 1.87629 1.70269 1.78672 0.987877 1.44483 1.44631 1.29646 1.41614 0.987401 0.967104 0.813012 0.703028 0.400152
threshold=0.14343360066413882 0.012711254414170982 0.90404975414276134 -0.11773752421140669 0.018743911758065227 0.058902764692902572 0.49287867546081549 0.83703210949897777 0.095414139330387129 0.19293010234832766 0.3718161433935166 -0.30090065300464625 0.24834922701120379 0.028690003789961342
decision_type=2 2 2 2 2 2 2 2 2 2 2 2 2 2
left_child=1 2 12 -4 7 6 -6 8 -2 -9 -7 -3 -1 -13
right_child=4 11 3 -5 5 10 -8 9 -10 -11 -12 13 -14 -15
leaf_value=-0.00060925796363620001 -0.0013584564246096661 -8.4545827363469129e-05 9.0922413575418512e-06 -0.002652373182886776 -0.0026381046301935654 -0.00045371627424246229 -0.00012270327823349635 0.0034777698752341784 0.0058783802460895401 -0.00016706675740728297 4.4396837590887795e-05 0.0019702829679676555 0.00052928094424052293 7.7049179772960218e-05
leaf_weight=156 203 160 125 143 131 215 4540 425 153 122 4452 610 423 134
leaf_count=156 203 160 125 143 131 215 4540 425 153 122 4452 610 423 134
internal_value=-5.11585e-05 0.000368024 -0.000470951 -0.00210165 -0.000123585 -0.000200551 -0.000511388 0.00066217 -0.000495152 0.00142437 0.000109429 0.00115924 0.000284675 0.00150701
internal_weight=11992 1751 847 268 10241 9338 4671 903 356 547 4667 904 579 744
internal_count=11992 1751 847 268 10241 9338 4671 903 356 547 4667 904 579 744
is_linear=0
shrinkage=0.025


Tree=589
num_leaves=9
num_cat=0
split_feature=6 43 39 48 21 9 17 35
split_gain=0.594186 0.574704 1.12496 1.09243 0.874881 1.24762 1.21911 0.370466
threshold=0.0108109163120389 0.040282635018229491 0.3718161433935166 0.094827588647604003 47.609674453735359 0.020723413676023487 0.86793145537376415 0.062079774215817458
decision_type=2 2 2 2 2 2 2 2
left_child=7 2 -2 -4 6 -6 -3 -1
right_child=1 4 3 -5 5 -7 -8 -9
leaf_value=7.0241017114026553e-05 -0.0012769532572053884 5.9344808436929847e-05 0.0011058736313563928 -3.9513435392603399e-05 0.001020560889942985 -6.6539824889501019e-05 0.0011674051653307105 0.0014090348874640788
leaf_weight=120 181 806 267 6152 621 3196 566 122
leaf_count=120 181 806 267 6152 621 3196 566 122
internal_value=-3.42713e-06 -2.93581e-05 -0.000184519 -0.000127841 0.000166779 -2.64913e-05 0.000707153 0.00120951
internal_weight=12031 11789 6600 6419 5189 3817 1372 242
internal_count=12031 11789 6600 6419 5189 3817 1372 242
is_linear=0
shrinkage=0.025


Tree=590
num_leaves=13
num_cat=0
split_feature=41 46 41 45 40 31 40 46 31 40 20 7
split_gain=0.763826 1.34311 1.31233 1.86255 1.53974 1.05147 1.19076 1.48684 1.3134 1.03017 1.08689 0.674138
threshold=0.65086185932159435 0.91434335708618175 0.72133547067642223 0.1241746135056019 0.98315271735191356 1.0760031938552859 0.71135449409484874 0.69589141011238109 0.25674055516719824 1.1188697814941408 0.64936172962188732 -0.0064761461690068236
decision_type=2 2 2 2 2 2 2 2 2 2 2 2
left_child=5 2 3 -2 -4 6 7 -1 -8 10 -7 -11
right_child=1 -3 4 -5 -6 9 8 -9 -10 11 -12 -13
leaf_value=2.5028566003425991e-05 -0.00052437101049256671 0.0024495501452542353 0.00080623152291676612 -0.00015252444558340982 -0.00011141719736891415 -0.00026386476492153919 -7.4950491759106586e-05 -0.0030377603296551439 0.00127153703451154 0.0014209719385970931 0.00036482655721403425 1.7390234375083978e-05
leaf_weight=739 311 208 899 1612 1984 1937 560 123 2180 321 692 456
leaf_count=739 311 208 899 1612 1984 1937 560 123 2180 321 692 456
internal_value=4.05347e-06 -0.000230873 -0.000317761 -0.000822744 1.77459e-05 0.000173072 0.000470959 -0.000333045 0.000726321 -0.000140355 -0.000378227 0.000653772
internal_weight=12022 5014 4806 1923 2883 7008 3602 862 2740 3406 2629 777
internal_count=12022 5014 4806 1923 2883 7008 3602 862 2740 3406 2629 777
is_linear=0
shrinkage=0.025


Tree=591
num_leaves=8
num_cat=0
split_feature=16 22 21 40 39 17 29
split_gain=0.603153 0.693398 0.761201 0.698399 1.67509 1.54273 0.579544
threshold=0.012221025303006174 1.0860151052474978 68.148086547851577 1.2767330408096316 1.4358321428298952 -0.13503380864858625 0.074138369411230101
decision_type=2 2 2 2 2 2 2
left_child=-1 3 -3 4 -2 -5 -4
right_child=1 2 6 5 -6 -7 -8
leaf_value=0.0015740750240174619 -9.3398986647812959e-06 0.00084075035543200558 -0.00056146092248609365 0.0013398428714817816 0.0020033591161772654 -0.0003871535551647223 -0.0021880267270991305
leaf_weight=156 10139 125 228 124 370 723 136
leaf_count=156 10139 125 228 124 370 723 136
internal_value=-6.59045e-05 -8.70252e-05 -0.00100455 -4.65407e-05 8.679e-06 -0.000735035 -0.00158198
internal_weight=12001 11845 489 11356 10509 847 364
internal_count=12001 11845 489 11356 10509 847 364
is_linear=0
shrinkage=0.025


Tree=592
num_leaves=13
num_cat=0
split_feature=47 40 17 3 37 11 40 36 35 40 11 40
split_gain=0.560592 1.45495 2.57291 0.704145 1.64122 1.60121 1.30862 1.03642 1.72998 1.07381 0.495631 0.0598138
threshold=0.077035948634147658 0.87874102592468273 0.37521176040172582 0.010235886089503767 0.016472292132675651 0.025884710252285007 0.71992748975753795 0.12020405381917955 0.25754366815090185 0.85936430096626293 0.010053163394331934 0.71613198518753063
decision_type=2 2 2 2 2 2 2 2 2 2 2 2
left_child=1 10 -3 4 6 -6 -2 8 -5 -9 -1 -12
right_child=3 2 -4 7 5 -7 -8 9 -10 -11 11 -13
leaf_value=3.0136282638576972e-05 -0.00064338613685017195 -0.0019549955021514777 0.0013110389100761555 -3.1252426773675663e-05 -0.00067756311994235136 1.9702286239224396e-05 7.0989951260955336e-05 0.00080319346243245637 -0.00074811184707524467 8.0536418222816915e-06 0.00094941356671444032 0.0034927200981344805
leaf_weight=153 250 186 159 1671 829 476 1968 1620 195 4194 166 200
leaf_count=153 250 186 159 1671 829 476 1968 1620 195 4194 166 200
internal_value=-3.11671e-05 0.000579689 -0.000660714 -7.90729e-05 -0.000371669 -0.00107347 3.99236e-05 5.44894e-05 -0.000456307 0.000219754 0.0014146 0.00191038
internal_weight=12067 864 345 11203 3523 1305 2218 7680 1866 5814 519 366
internal_count=12067 864 345 11203 3523 1305 2218 7680 1866 5814 519 366
is_linear=0
shrinkage=0.025


Tree=593
num_leaves=13
num_cat=0
split_feature=32 42 29 29 9 30 43 34 43 32 30 7
split_gain=0.687419 1.72022 2.89772 0.835336 1.12825 1.10008 0.88518 0.908893 0.655779 0.654603 0.623938 0.22054
threshold=1.3048202991485598 0.012260990217328073 0.09491466730833055 0.060575352981686599 0.02857174072414637 0.19393482059240344 -0.46508172154426569 0.091338682919740691 0.060544926673173911 1.3501793146133425 0.78491428494453441 -0.0080642676912248117
decision_type=2 2 2 2 2 2 2 2 2 2 2 2
left_child=3 9 8 6 10 -6 -1 -8 -3 -2 -5 -11
right_child=1 2 -4 4 5 -7 7 -9 -10 11 -12 -13
leaf_value=-0.00045654990281415812 -0.00015953995900673654 -0.0026650545729987396 0.00031759248415708178 0.0011495775273892533 0.00022645734426431086 -0.00033904241440144606 3.4679500386402355e-05 -0.00021910925574076162 -0.00057604764735067794 0.0019615358524999603 -5.2299968343903877e-05 0.00047061232755596746
leaf_weight=204 129 141 215 934 1663 1183 5078 1758 133 126 259 153
leaf_count=204 129 141 215 934 1663 1183 5078 1758 133 126 259 153
internal_value=-2.39954e-06 -0.000666574 -0.00166245 5.10872e-05 0.000337846 6.44512e-05 -0.000112668 -6.26735e-05 -0.00334677 0.000517555 0.000981845 0.00120158
internal_weight=11976 897 489 11079 4039 2846 7040 6836 274 408 1193 279
internal_count=11976 897 489 11079 4039 2846 7040 6836 274 408 1193 279
is_linear=0
shrinkage=0.025


Tree=594
num_leaves=12
num_cat=0
split_feature=36 16 16 44 31 40 23 40 20 46 1
split_gain=0.553405 2.19164 1.42917 1.8268 1.39094 1.16706 1.16209 1.12155 2.49129 1.18416 0.513758
threshold=0.36470000445842748 0.027128291316330436 0.032191650941967971 0.022216437384486202 3.0958909988403325 0.70043110847473156 0.15125241130590442 0.74419647455215465 -0.032108198851346963 0.86720469594001781 0.074932970106601729
decision_type=2 2 2 2 2 2 2 2 2 2 2
left_child=2 5 7 -4 10 -2 -7 8 -1 -9 -3
right_child=1 4 3 -5 -6 6 -8 9 -10 -11 -12
leaf_value=0.00088338830251246292 0.00078034405892961692 0.0012482520348577352 -0.00099288848293634623 0.00046086047868259497 -0.00084958165598318603 -0.00094456000360266428 -0.00010267790220907152 5.9342074445805412e-05 -0.00054102250752012168 0.00081095894325542589 -2.5998480640812362e-05
leaf_weight=260 184 782 172 120 136 841 1326 6066 1013 1018 176
leaf_count=260 184 782 172 120 136 841 1326 6066 1013 1018 176
internal_value=3.33706e-05 -0.000233696 0.000140542 -0.00156145 0.000685851 -0.000664792 -0.000829305 0.000201656 -0.000478286 0.000324975 0.00102674
internal_weight=12094 3445 8649 292 1094 2351 2167 8357 1273 7084 958
internal_count=12094 3445 8649 292 1094 2351 2167 8357 1273 7084 958
is_linear=0
shrinkage=0.025


Tree=595
num_leaves=10
num_cat=0
split_feature=22 0 1 14 40 15 40 33 36
split_gain=0.780775 0.629315 0.603623 0.854595 0.613707 0.548265 1.06617 0.520485 0.440741
threshold=1.0272572636604311 0.014752014540135862 0.11218278855085374 0.99137932062149059 0.95978605747222911 0.52586206793785106 0.94204980134964 0.00032840463973116135 0.32073651254177099
decision_type=2 2 2 2 2 2 2 2 2
left_child=2 -2 3 4 -1 7 -7 -3 -4
right_child=1 5 8 -5 -6 6 -8 -9 -10
leaf_value=5.2822926145367161e-05 -0.0010291877599842188 -0.00011857908810516921 0.0025116777855058708 -0.00086949172938920356 -3.5694853233257167e-05 -0.0021128705863153355 5.8014904376861597e-05 0.0014845504775568242 0.00033207879655122811
leaf_weight=5328 170 128 199 123 5363 187 201 162 176
leaf_count=5328 170 128 199 123 5363 187 201 162 176
internal_value=-3.12447e-05 -0.000760551 2.37852e-05 -1.00517e-05 1.36734e-05 -0.000400805 -0.00101463 0.000402542 0.00100329
internal_weight=12037 848 11189 10814 10691 678 388 290 375
internal_count=12037 848 11189 10814 10691 678 388 290 375
is_linear=0
shrinkage=0.025


Tree=596
num_leaves=15
num_cat=0
split_feature=11 37 26 22 30 35 16 40 46 30 41 40 22 40
split_gain=0.725077 1.05184 1.91624 1.93274 1.3632 1.78887 1.25839 1.02403 2.65238 1.9737 1.48703 1.75923 0.761256 0.740612
threshold=0.016217282973229889 0.010728531051427128 0.018673251383006576 0.79884806275367748 0.21867906302213672 0.34960561990737921 0.024560993537306789 0.71135449409484874 0.76228907704353344 0.17778727412223819 0.5029105842113496 0.86464822292327892 0.32493399083614355 0.50841143727302562
decision_type=2 2 2 2 2 2 2 2 2 2 2 2 2 2
left_child=7 2 3 -2 13 -6 -4 8 9 -1 12 -12 -9 -3
right_child=1 4 6 -5 5 -7 -8 10 -10 -11 11 -13 -14 -15
leaf_value=-0.00064519969096202886 -0.00015756828744081837 0.00086742865562856235 -0.00017384054143870407 -0.0027672624015004101 -6.4664260612920123e-05 -0.0039135398141462814 0.0023633154571185756 -0.0002264431926124108 -0.0026778840267369089 0.0015291683820234932 0.0015149174543600662 -4.8405225291780641e-05 0.0018237811243672455 4.9271965500509576e-05
leaf_weight=334 182 156 697 126 1202 192 185 214 139 320 724 2260 1237 4081
leaf_count=334 182 156 697 126 1202 192 185 214 139 320 724 2260 1237 4081
internal_value=5.31982e-05 -0.000115917 -0.000789749 -0.00247204 2.59493e-05 -0.000649571 -0.000184611 0.000274938 -0.000546679 0.000119499 0.000423705 0.000101623 0.00107916 0.000250177
internal_weight=12049 6821 1190 308 5631 1394 882 5228 793 654 4435 2984 1451 4237
internal_count=12049 6821 1190 308 5631 1394 882 5228 793 654 4435 2984 1451 4237
is_linear=0
shrinkage=0.025


Tree=597
num_leaves=10
num_cat=0
split_feature=47 17 48 35 31 42 36 23 48
split_gain=0.694114 1.01936 1.09093 0.794658 1.91049 0.991162 0.75161 0.546979 0.43524
threshold=0.057776963338255889 0.43406771123409277 0.1241746135056019 0.41086395084857946 1.7721971869468691 -0.11551607400178908 0.6166227161884309 0.12347196042537691 0.40040352940559393
decision_type=2 2 2 2 2 2 2 2 2
left_child=1 2 -1 5 -5 7 -7 -2 -6
right_child=3 -3 -4 4 8 6 -8 -9 -10
leaf_value=0.00077358854157418954 -8.5070755364773332e-05 0.002225314051615265 -0.00068123605657324641 -0.0021442439473963329 0.00068784951311062423 -8.0240394452157668e-06 -0.00084230345875388945 0.00054307020787343785 -0.00010178651494154061
leaf_weight=218 249 197 239 189 122 9453 308 841 160
leaf_count=218 249 197 239 189 122 9453 308 841 160
internal_value=1.32502e-05 0.000802352 0.000132576 -3.21134e-05 -0.00103204 1.1169e-05 -6.82213e-05 0.000724886 0.000256969
internal_weight=11976 654 457 11322 471 10851 9761 1090 282
internal_count=11976 654 457 11322 471 10851 9761 1090 282
is_linear=0
shrinkage=0.025


Tree=598
num_leaves=11
num_cat=0
split_feature=48 11 23 14 40 48 37 19 42 38
split_gain=0.64086 0.917762 0.563025 0.75469 1.11679 1.04931 0.724813 0.88548 0.461101 0.267087
threshold=0.97212031483650219 0.026333508081734184 0.12487637251615526 0.38114453852176672 0.98315271735191356 0.27622890472412115 0.0089768590405583399 0.15414667874574664 -0.044652739539742463 -0.022395324893295761
decision_type=2 2 2 2 2 2 2 2 2 2
left_child=2 9 3 4 -1 -5 8 -8 -4 -2
right_child=1 -3 6 5 -6 -7 7 -9 -10 -11
leaf_value=3.3468502812523868e-05 0.00018098685640243549 -0.00076689617233431271 0.0013356514238227009 -0.0001682938755631934 -0.00051694064105294024 0.00036023206253855148 0.00011458600872422962 -0.00012634697764727704 0.00047867614712782211 -0.00064081051844151326
leaf_weight=1122 123 123 185 690 735 1192 5065 1864 852 125
leaf_count=1122 123 123 185 690 735 1192 5065 1864 852 125
internal_value=0.000106262 -0.00090758 0.000139304 -0.000112513 -0.000470596 0.000237811 0.00025828 0.000164588 0.00087452 0
internal_weight=12076 371 11705 3739 1857 1882 7966 6929 1037 248
internal_count=12076 371 11705 3739 1857 1882 7966 6929 1037 248
is_linear=0
shrinkage=0.025


Tree=599
num_leaves=13
num_cat=0
split_feature=6 33 40 34 34 17 36 43 26 31 36 34
split_gain=0.567751 0.962455 0.919712 0.755182 0.713303 1.05391 1.85983 1.16514 0.815392 0.92188 0.614367 0.544232
threshold=0.029804983176290992 -0.010145985987037419 1.3159634470939638 0.02415613736957312 0.068508941680192961 0.85499504208564769 0.38198925554752355 -0.11612750962376593 0.017445445060729984 2.1967362165451054 0.10859459638595582 0.060832832008600242
decision_type=2 2 2 2 2 2 2 2 2 2 2 2
left_child=1 10 3 -3 5 6 -2 -7 -6 -10 -1 -4
right_child=4 2 11 -5 8 7 -8 -9 9 -11 -12 -13
leaf_value=-2.4327148933145936e-05 -6.4914757200147969e-05 0.00053865461975765954 -0.00054470253125032887 3.6999621315228503e-05 -0.00050433719816532626 -0.001383206839576474 -0.0014630998528905961 0.00043460190522380651 0.00034286593973051783 -0.00012318534520984267 -0.0012201013147959013 2.6647137262299113e-05
leaf_weight=120 2156 1884 127 3222 190 121 581 895 1949 584 127 138
leaf_count=120 2156 1884 127 3222 190 121 581 895 1949 584 127 138
internal_value=2.71718e-05 0.000211409 0.000282971 0.000358785 -0.000131731 -0.000355575 -0.000611324 0.000326885 0.000174579 0.000296001 -0.00129464 -0.00113426
internal_weight=12094 5618 5371 5106 6476 3753 2737 1016 2723 2533 247 265
internal_count=12094 5618 5371 5106 6476 3753 2737 1016 2723 2533 247 265
is_linear=0
shrinkage=0.025


Tree=600
num_leaves=8
num_cat=0
split_feature=17 40 9 9 40 47 17
split_gain=0.736658 3.26578 0.894462 0.68438 1.13726 1.00812 0.290189
threshold=1.376909136772156 0.84739893674850475 0.04568061605095864 0.034815439954400069 1.1064924001693728 0.80080705881118786 0.64056837558746349
decision_type=2 2 2 2 2 2 2
left_child=2 -2 3 5 -5 -1 -4
right_child=1 -3 6 4 -6 -7 -8
leaf_value=4.981586019836093e-07 -0.002260254679390645 0.00080275610251267886 6.4643485283627584e-05 -0.00038483400833626291 0.00019457561364211499 0.00092475379859230334 0.0014802924735676654
leaf_weight=8806 120 205 152 970 715 888 230
leaf_count=8806 120 205 152 970 715 888 230
internal_value=8.99439e-06 -0.0011553 4.21767e-05 1.42754e-06 -0.000462278 8.28695e-05 0.00122416
internal_weight=12086 325 11761 11379 1685 9694 382
internal_count=12086 325 11761 11379 1685 9694 382
is_linear=0
shrinkage=0.025


Tree=601
num_leaves=6
num_cat=0
split_feature=30 37 17 40 35
split_gain=0.669972 0.609154 0.566578 1.96422 0.66602
threshold=-1.5510051846504209 0.0071191173046827325 1.3430367112159731 0.84163871407508861 0.2033398970961571
decision_type=2 2 2 2 2
left_child=-1 -2 4 -4 -3
right_child=1 2 3 -5 -6
leaf_value=0.00088620479267672778 0.0024871956773116991 -3.5974474335497595e-05 -0.0029819381414510526 0.00042211571230252798 0.00011437723975499738
leaf_weight=141 147 7689 120 232 3648
leaf_count=141 147 7689 120 232 3648
internal_value=3.02546e-06 -1.72071e-05 -3.81605e-05 -0.00101891 -6.72271e-06
internal_weight=11977 11836 11689 352 11337
internal_count=11977 11836 11689 352 11337
is_linear=0
shrinkage=0.025


Tree=602
num_leaves=15
num_cat=0
split_feature=37 42 43 10 10 34 13 17 17 43 5 31 30 7
split_gain=0.56989 1.01682 1.21849 1.09734 0.979729 1.42606 1.56719 1.06098 1.28861 0.912309 0.86391 0.693244 0.630845 0.396124
threshold=0.024621151387691501 0.023261245340108875 0.2305436655879021 0.029445746913552288 0.024252675473690036 0.03377217426896096 -0.14694797992706296 0.90149280428886425 1.141581177711487 -0.13999340683221814 0.35348242521286016 2.1967362165451054 0.041161444038152702 -0.0073688863776624194
decision_type=2 2 2 2 2 2 2 2 2 2 2 2 2 2
left_child=4 9 3 -3 7 6 -6 11 -9 10 -2 -1 -7 -11
right_child=1 2 -4 -5 5 12 -8 8 -10 13 -12 -13 -14 -15
leaf_value=-9.4602102016591616e-06 0.00043255124351504942 -2.416082237762324e-05 0.00092142064937692316 -0.0019999573749978727 -9.2894932753326449e-05 0.00060505656520098918 -0.0014821104480704113 0.00089773634703464798 -0.00010320110943900794 0.00075096746647584749 -0.001472405064801097 -0.00082123158038472982 -0.0001474642533455876 0.0027235273389207221
leaf_weight=8014 228 240 213 152 411 221 162 883 441 238 131 224 172 312
leaf_count=8014 228 240 213 152 411 221 162 883 441 238 131 224 172 312
internal_value=-5.29168e-06 0.00044684 -0.000338115 -0.00116814 -7.1086e-05 -0.000827755 -0.00161981 5.09573e-06 0.000661212 0.000975109 0 -9.99332e-05 0.000317211 0.00161036
internal_weight=12042 1514 605 392 10528 966 573 9562 1324 909 359 8238 393 550
internal_count=12042 1514 605 392 10528 966 573 9562 1324 909 359 8238 393 550
is_linear=0
shrinkage=0.025


Tree=603
num_leaves=7
num_cat=0
split_feature=41 48 40 26 29 4
split_gain=0.673682 0.666459 1.26209 0.976084 0.810721 0.178969
threshold=0.11106013506650926 0.057776963338255889 0.47328618168830877 0.027438309043645862 0.095331385731697096 0.16091008484363559
decision_type=2 2 2 2 2 2
left_child=-1 3 -3 5 -4 -2
right_child=1 2 4 -5 -6 -7
leaf_value=-0.00028994159077079507 0.001650862026438001 -0.00091996011357187266 6.2881787311086932e-06 -9.8240852674276761e-05 0.0026134860851644713 0.0019821762845742908
leaf_weight=219 121 150 11042 174 129 173
leaf_count=219 121 150 11042 174 129 173
internal_value=3.44419e-05 6.07301e-05 2.17421e-05 0.000980444 5.3351e-05 0.00185201
internal_weight=12008 11789 11321 468 11171 294
internal_count=12008 11789 11321 468 11171 294
is_linear=0
shrinkage=0.025


Tree=604
num_leaves=9
num_cat=0
split_feature=30 16 16 41 34 16 16 36
split_gain=0.669925 0.652551 0.832862 1.58786 0.811899 0.78988 0.982497 0.755885
threshold=-1.4521878361701963 0.024711586534976963 0.022642872296273712 0.74153327941894542 0.14411457628011706 0.031839871779084213 0.035816960036754615 0.12946953624486926
decision_type=2 2 2 2 2 2 2 2
left_child=-1 2 4 -4 -2 7 -7 -3
right_child=1 5 3 -5 -6 6 -8 -9
leaf_value=0.00097342666736332595 -7.4178184036069528e-06 -6.7089129453993363e-05 -0.00034495904300390706 0.00070057271428547094 0.0015386622792965205 -0.00045327979947585169 0.001100911112613645 0.00046898574634439817
leaf_weight=188 6550 450 1378 360 515 421 222 1926
leaf_count=188 6550 450 1378 360 515 421 222 1926
internal_value=3.48524e-05 1.04634e-05 -9.77803e-05 -0.000587349 2.21005e-05 0.000327794 -0.000441744 0.000539164
internal_weight=12010 11822 8803 1738 7065 3019 643 2376
internal_count=12010 11822 8803 1738 7065 3019 643 2376
is_linear=0
shrinkage=0.025


Tree=605
num_leaves=15
num_cat=0
split_feature=37 11 47 44 12 24 26 19 26 43 9 46 31 43
split_gain=0.629216 1.48553 1.72677 2.30358 1.4742 1.00195 0.881234 0.97181 1.60016 1.38061 0.910762 1.17195 0.964412 0.557956
threshold=0.011736339423805477 0.022410891950130466 0.74303007125854503 0.022977648302912716 -0.056506536900997155 27.140655517578129 0.031691979616880424 0.19809930771589282 0.035829942673444755 0.22206911444664004 0.022221475839614872 0.80080705881118786 0.13207221776247027 0.42289200425148016
decision_type=2 2 2 2 2 2 2 2 2 2 2 2 2 2
left_child=1 2 3 -1 5 -3 10 8 -8 -9 11 -2 -12 -4
right_child=6 4 13 -5 -6 -7 7 9 -10 -11 12 -13 -14 -15
leaf_value=-1.6317084469085152e-05 8.9171248948224557e-07 -0.00054485105394168701 0.0016082066661667568 -0.0018815697228228966 -0.001636729001827176 0.00073079840300133885 -0.0005703659945864286 -0.0015259714396474336 0.0003446051485583007 -8.1765510467485225e-06 -0.00027288978317686316 -0.0016958458609939019 0.00036132454572838338 -6.5184971632912126e-05
leaf_weight=2732 1309 200 603 237 142 120 682 229 1055 331 192 140 3936 123
leaf_count=2732 1309 200 603 237 142 120 682 229 1055 331 192 140 3936 123
internal_value=-3.42713e-06 -0.000252583 -8.27702e-05 -0.000351799 -0.00158191 -0.000596154 0.000127396 -0.000282906 6.45819e-06 -0.00118363 0.000297608 -0.000238136 0.000487237 0.00100376
internal_weight=12031 4157 3695 2969 462 320 7874 2297 1737 560 5577 1449 4128 726
internal_count=12031 4157 3695 2969 462 320 7874 2297 1737 560 5577 1449 4128 726
is_linear=0
shrinkage=0.025


Tree=606
num_leaves=14
num_cat=0
split_feature=31 46 26 30 47 20 47 36 30 10 45 5 0
split_gain=0.7845 1.49085 1.90821 1.70452 1.20046 0.904645 1.29535 1.24967 2.35406 1.04096 0.842194 0.425155 0.144577
threshold=2.4081935882568364 0.95286133885383617 0.040290730074048049 0.27199809253215795 0.90517240762710582 0.30432033538818365 0.90517240762710582 0.11378910765051843 0.36106735467910772 0.032737376168370254 0.038517974317073829 0.15970674902200702 0.0051854918710887441
decision_type=2 2 2 2 2 2 2 2 2 2 2 2 2
left_child=5 2 3 -2 12 6 10 8 -7 -9 -1 -8 -3
right_child=1 4 -4 -5 -6 7 11 9 -10 -11 -12 -13 -14
leaf_value=-0.00029499219793994319 -0.00098457785208215846 0.0028562549699857175 0.0007105827076997564 -0.00028508179760987828 -0.00025365752642712256 0.00010179142729691563 0.0036528073272451404 0.0005016576781359457 -0.001121819509793031 -0.00090097843497059446 -1.1831800529122284e-05 0.00044085717572940055 0.0010737450319623454
leaf_weight=343 328 125 149 282 170 177 143 2606 141 136 7019 307 120
leaf_count=343 328 125 149 282 170 177 143 2606 141 136 7019 307 120
internal_value=3.18439e-05 -0.000579941 -0.00123855 -0.00185976 0.000610119 9.87176e-05 -4.33349e-05 0.000462888 -0.00100232 0.000636604 -0.000124033 0.00125 0.001725
internal_weight=12046 1174 759 610 415 10872 7812 3060 318 2742 7362 450 245
internal_count=12046 1174 759 610 415 10872 7812 3060 318 2742 7362 450 245
is_linear=0
shrinkage=0.025


Tree=607
num_leaves=6
num_cat=0
split_feature=40 30 32 29 30
split_gain=0.765911 0.897484 0.876328 2.01133 0.818161
threshold=0.37382487952709204 -1.4521878361701963 1.3048202991485598 0.094939660280942931 -0.042669119313359254
decision_type=2 2 2 2 2
left_child=-1 -2 4 -4 -3
right_child=1 2 3 -5 -6
leaf_value=0.00047895624913324989 0.00095417598213286606 -8.1872403649365578e-05 -0.00077773293330343427 0.0010263700892847133 4.6281506175249698e-05
leaf_weight=194 191 4375 547 270 6418
leaf_count=194 191 4375 547 270 6418
internal_value=-1.09374e-05 -3.7375e-05 -6.61859e-05 -0.000853102 -5.67225e-06
internal_weight=11995 11801 11610 817 10793
internal_count=11995 11801 11610 817 10793
is_linear=0
shrinkage=0.025


Tree=608
num_leaves=8
num_cat=0
split_feature=45 35 3 20 31 44 8
split_gain=0.555843 1.20913 0.577243 0.566396 1.0682 1.0643 0.477337
threshold=0.038517974317073829 0.057249102741479881 0.75209397077560436 0.78445425629615795 2.3391754627227788 0.030600492842495445 0.022166457958519462
decision_type=2 2 2 2 2 2 2
left_child=1 -1 3 4 -2 -5 -3
right_child=2 6 -4 5 -6 -7 -8
leaf_value=-0.0004559897233025896 2.823840939867882e-05 -0.00014674275538919588 -0.00070247987275457423 0.0027575273426292801 -0.00028567081470068747 -0.00014639003313157877 0.0010076153736695305
leaf_weight=140 10217 129 140 246 799 184 126
leaf_count=140 10217 129 140 246 799 184 126
internal_value=2.47164e-05 -0.000890625 5.6833e-05 7.71768e-05 4.16252e-05 0.000962644 0.000120192
internal_weight=11981 395 11586 11446 11016 430 255
internal_count=11981 395 11586 11446 11016 430 255
is_linear=0
shrinkage=0.025


Tree=609
num_leaves=12
num_cat=0
split_feature=38 33 36 36 8 24 1 5 36 46 12
split_gain=0.57962 1.23363 0.952999 1.45027 1.37643 0.897955 0.874262 0.867785 0.783761 0.549659 0.123969
threshold=-0.18284156173467633 -0.0097242402844130976 0.21841736137866977 0.32796934247016912 0.017471064813435081 37.251491546630866 0.063992079347372069 0.1380484998226166 0.26100032031536108 0.62931033968925487 -0.18267415463924405
decision_type=2 2 2 2 2 2 2 2 2 2 2
left_child=6 5 4 -4 -3 8 7 -1 -2 -7 -9
right_child=1 2 3 -5 -6 9 -8 10 -10 -11 -12
leaf_value=-3.0317260028303442e-05 -0.00013893348573187716 0.00029226182487236614 0.00049730093190336752 8.0750899031542893e-07 -0.00015889782294493298 -0.00037587435828268932 -0.00034044762943639701 0.002345034772205064 -0.00105497152956985 0.00036195487280980018 0.001894182207780276
leaf_weight=183 520 1319 2354 3641 2822 154 122 248 394 179 131
leaf_count=183 520 1319 2354 3641 2822 154 122 248 394 179 131
internal_value=6.30592e-05 1.98675e-05 0.000111799 0.000313542 -0.000178787 -0.000719848 0.000767417 0.00118827 -0.00112486 0.000373521 0.00186523
internal_weight=12067 11383 10136 5995 4141 1247 684 562 914 333 379
internal_count=12067 11383 10136 5995 4141 1247 684 562 914 333 379
is_linear=0
shrinkage=0.025


Tree=610
num_leaves=15
num_cat=0
split_feature=40 41 48 20 36 26 37 32 30 32 34 23 13 31
split_gain=0.667332 1.41008 2.28479 1.78135 1.47342 1.17023 1.00489 1.20772 1.35854 1.17643 0.876259 0.675048 0.460669 0.405316
threshold=0.95978605747222911 0.45553247630596166 0.27622890472412115 0.12210119888186456 0.36900384724140173 0.031691979616880424 0.01077496074140072 0.90075474977493297 0.11822419986128808 0.85658699274063121 0.1512151509523392 0.10722386464476587 -0.34522527456283564 1.3204770684242251
decision_type=2 2 2 2 2 2 2 2 2 2 2 2 2 2
left_child=6 4 3 -3 13 -4 7 8 -1 12 -11 -9 -8 -2
right_child=1 2 5 -5 -6 -7 9 11 -10 10 -12 -13 -14 -15
leaf_value=-0.00049946038826922186 0.0064176638592960654 -0.0027434140774116145 1.9159744035779068e-06 -0.00047134540172208981 -0.00021325598600372881 -0.00052448735770391176 -5.6561373094069632e-05 -0.00044308448040543213 7.4593772507428789e-05 6.1627734691554811e-05 -0.00071394203248701228 0.00073738756234924718 0.0012236728676261314 0.00028178682892877785
leaf_weight=535 300 120 3967 143 234 1080 146 219 428 2703 336 619 1044 213
leaf_count=535 300 120 3967 143 234 1080 146 219 428 2703 336 619 1044 213
internal_value=1.95378e-05 -0.000165168 -0.000309266 -0.00256063 0.000846077 -0.000188292 0.00020609 -0.000285853 -0.000889721 0.000417159 0.00015317 0.000401839 0.00108264 0.00159508
internal_weight=12087 6057 5310 263 747 5047 6030 1801 963 4229 3039 838 1190 513
internal_count=12087 6057 5310 263 747 5047 6030 1801 963 4229 3039 838 1190 513
is_linear=0
shrinkage=0.025


Tree=611
num_leaves=7
num_cat=0
split_feature=41 48 40 47 33 33
split_gain=0.603648 0.994079 1.07395 0.7788 0.616134 0.0923307
threshold=0.11106013506650926 0.057776963338255889 0.47328618168830877 0.88646370172500621 -0.003632524516433477 0.0090489266440272349
decision_type=2 2 2 2 2 2
left_child=-1 4 -3 -4 -2 -6
right_child=1 2 3 -5 5 -7
leaf_value=-0.00014998144991191375 -7.1745177597114368e-05 -0.00095712623680804852 -6.9806142263116889e-06 0.00024461503382364359 0.0017576856807710386 0.00085281266167342145
leaf_weight=216 123 150 10038 1178 217 125
leaf_count=216 123 150 10038 1178 217 125
internal_value=3.20487e-05 5.67127e-05 9.5639e-06 3.86553e-05 0.00118351 0.0017255
internal_weight=12047 11831 11366 11216 465 342
internal_count=12047 11831 11366 11216 465 342
is_linear=0
shrinkage=0.025


Tree=612
num_leaves=6
num_cat=0
split_feature=3 20 18 18 9
split_gain=0.594538 0.608148 0.808296 0.603429 0.569538
threshold=0.75209397077560436 0.78445425629615795 0.14854433387517932 0.11928876489400865 0.03229788504540921
decision_type=2 2 2 2 2
left_child=1 2 3 -1 -3
right_child=-2 4 -4 -5 -6
leaf_value=-2.8147892603039003e-06 -0.00083163693173303346 0.0029304363453682356 -0.00093481833630524496 0.0014068156864776721 9.9264564868184918e-06
leaf_weight=11083 144 213 154 245 224
leaf_count=11083 144 213 154 245 224
internal_value=1.03673e-07 2.02324e-05 -1.42552e-05 1.00372e-05 0.00093043
internal_weight=12063 11919 11482 11328 437
internal_count=12063 11919 11482 11328 437
is_linear=0
shrinkage=0.025


Tree=613
num_leaves=9
num_cat=0
split_feature=29 35 48 16 27 35 16 44
split_gain=0.619247 0.501225 1.02929 1.06896 1.05798 0.992624 1.69383 0.414691
threshold=0.099531304091215148 0.22202219814062121 0.97212031483650219 0.032191650941967971 0.0025207394501194362 0.2517565935850144 0.027128291316330436 0.016586386598646644
decision_type=2 2 2 2 2 2 2 2
left_child=1 2 3 -1 -4 7 -7 -3
right_child=-2 5 4 -5 -6 6 -8 -9
leaf_value=-1.030309098334094e-06 0.0019155524481122062 4.4454883437821686e-06 6.9942650529078499e-06 -0.00040301789822099095 -0.00085348101054112918 -0.00012629196603105029 0.00050648259974096028 0.0016825357010154082
leaf_weight=7967 121 154 143 272 127 1683 942 583
leaf_count=7967 121 154 143 272 127 1683 942 583
internal_value=1.2399e-05 -5.57838e-06 -0.000108204 -5.71627e-05 -0.00161364 0.000252079 2.13879e-05 0.00105964
internal_weight=11992 11871 8509 8239 270 3362 2625 737
internal_count=11992 11871 8509 8239 270 3362 2625 737
is_linear=0
shrinkage=0.025


Tree=614
num_leaves=10
num_cat=0
split_feature=35 9 40 38 35 42 35 44 27
split_gain=0.834967 1.16501 1.32109 1.07568 0.712538 1.11323 1.07102 0.695857 0.044649
threshold=-0.12642512470483777 0.044828424230217941 0.90252739191055309 -0.19279731810092923 0.41086395084857946 -0.11330215260386466 0.46531687676906591 0.018554766662418846 0.0011474656057544055
decision_type=2 2 2 2 2 2 2 2 2
left_child=1 2 -1 8 5 -5 -6 -4 -2
right_child=3 -3 7 4 6 -7 -8 -9 -10
leaf_value=3.5817821232222104e-05 0.0013489006956271545 0.0010741134760328993 -0.0002278716252485848 0.00040489559149844729 -0.00072073813868915311 4.8034628707812477e-07 1.3582032899541399e-05 -0.0017660848109139632 0.0033792098270165154
leaf_weight=238 120 130 125 1042 222 9620 287 189 121
leaf_count=238 120 130 125 1042 222 9620 287 189 121
internal_value=2.51055e-05 -0.000820597 -0.0013263 7.65307e-05 3.99294e-05 8.42553e-05 -0.000868191 -0.00237853 0.0017124
internal_weight=12094 682 552 11412 11171 10662 509 314 241
internal_count=12094 682 552 11412 11171 10662 509 314 241
is_linear=0
shrinkage=0.025


Tree=615
num_leaves=11
num_cat=0
split_feature=40 46 17 39 20 27 36 20 43 41
split_gain=0.640428 1.24043 2.51469 1.15381 0.720304 0.62971 1.02418 0.819108 0.497985 0.081474
threshold=1.3354960680007937 0.65737342834472667 0.11316691711544992 1.4017913937568667 0.25617326796054846 -0.010840844828635452 0.40900233387947088 0.34341791272163397 0.040282635018229491 0.68827715516090404
decision_type=2 2 2 2 2 2 2 2 2 2
left_child=3 2 -2 5 -3 6 -1 -7 9 -5
right_child=1 4 -4 8 -6 7 -8 -9 -10 -11
leaf_value=-1.2809178062114972e-06 0.0001297566454015685 0.00081134642388775455 -0.0020776209424452261 0.0034206593086502286 -0.00029414626429863198 -3.5829345152053469e-05 -0.0016155695216666566 0.00019021804264097772 6.9808649483094496e-05 0.00088750778591151387
leaf_weight=319 123 153 128 121 157 7383 155 3018 217 222
leaf_count=319 123 153 128 121 157 7383 155 3018 217 222
internal_value=-2.39554e-06 -0.000823763 -0.00211426 3.76968e-05 0.000218254 -1.89567e-05 -0.000905532 2.12619e-05 0.00113938 0.00172773
internal_weight=11996 561 251 11435 310 10875 474 10401 560 343
internal_count=11996 561 251 11435 310 10875 474 10401 560 343
is_linear=0
shrinkage=0.025


Tree=616
num_leaves=12
num_cat=0
split_feature=48 44 41 46 29 46 46 40 19 29 40
split_gain=0.63199 1.29126 1.1073 1.31587 1.23202 0.860815 1.23302 1.56041 1.02029 0.941979 0.399745
threshold=0.27622890472412115 0.012296299915760757 0.52773618698120128 0.24834922701120379 0.026744438335299495 0.88646370172500621 0.63811445236206066 1.0950488448143008 -0.084856640547513948 0.095237825065851225 0.84443899989128124
decision_type=2 2 2 2 2 2 2 2 2 2 2
left_child=1 -1 4 -4 -3 6 8 -8 -2 10 -7
right_child=5 2 3 -5 -6 9 7 -9 -10 -11 -12
leaf_value=-0.0010835125384606892 -0.00026287127237491442 0.0011102180842845514 -0.0005746256793058538 0.00061591645592740812 -0.00027422966071331703 -2.2907755461899478e-05 -0.00058165999775348183 8.3389353986256984e-05 0.00011101950240332436 -0.00056393980357659183 0.00075976721626734491
leaf_weight=206 701 208 331 676 1980 135 1099 1090 4746 139 712
leaf_count=206 701 208 331 676 1980 135 1099 1090 4746 139 712
internal_value=3.33598e-05 -0.00025433 -0.000126953 0.000554595 -0.000444026 0.000147647 5.67662e-05 -0.000442684 0.00025885 0.000841322 0.00115757
internal_weight=12023 3401 3195 1007 2188 8622 7636 2189 5447 986 847
internal_count=12023 3401 3195 1007 2188 8622 7636 2189 5447 986 847
is_linear=0
shrinkage=0.025


Tree=617
num_leaves=7
num_cat=0
split_feature=2 12 41 27 4 26
split_gain=0.594405 1.05232 1.20916 0.53222 1.16357 0.557671
threshold=-0.28105409443378443 -0.31190413236618036 0.72936129570007335 -0.010840844828635452 0.37257790565490728 0.020004986785352234
decision_type=2 2 2 2 2 2
left_child=-1 2 -2 4 -3 -5
right_child=1 3 -4 5 -6 -7
leaf_value=0.00076762388664440931 7.3614015566554295e-06 9.1687302155978533e-05 -0.00077285415085173769 -6.921716069133361e-05 -0.00099438133960788795 5.0302942433546479e-05
leaf_weight=148 172 307 120 3549 240 7474
leaf_count=148 172 307 120 3549 240 7474
internal_value=1.19643e-05 -7.47863e-06 -0.00147727 2.96977e-05 -0.000726902 6.81221e-05
internal_weight=12010 11862 292 11570 547 11023
internal_count=12010 11862 292 11570 547 11023
is_linear=0
shrinkage=0.025


Tree=618
num_leaves=14
num_cat=0
split_feature=36 40 35 43 11 40 5 46 39 13 9 41 30
split_gain=0.553272 2.62021 3.01022 2.89333 2.21576 1.21266 2.64664 1.69129 1.25639 1.13929 1.10965 1.07483 0.981502
threshold=0.12179111316800119 0.77559348940849315 0.25754366815090185 -0.077697347849607454 0.018292483873665336 0.83316278457641613 1.1449307799339297 0.88646370172500621 1.0696486830711367 -0.32821679115295405 0.035164739936590202 0.65851813554763805 0.19393482059240344
decision_type=2 2 2 2 2 2 2 2 2 2 2 2 2
left_child=1 3 11 -1 -5 6 9 8 -7 -2 -9 -3 -8
right_child=5 2 -4 4 -6 7 12 10 -10 -11 -12 -13 -14
leaf_value=0.00084412461573728616 -0.00043504319077055569 0.00081827691208039585 -0.00083008456876482943 -0.0018180755059421705 -2.8129303798076834e-07 -0.00029003468912245766 -0.00068544460405281049 0.0018068998092551575 7.4832059344394976e-05 0.00089329263369595797 -1.5931366474287962e-05 -2.0839693187163494e-05 -6.4977569984830911e-05
leaf_weight=205 140 1401 178 394 174 3008 120 431 2380 1777 286 1377 121
leaf_count=205 140 1401 178 394 174 3008 120 431 2380 1777 286 1377 121
internal_value=1.86506e-05 -0.000233329 0.000104272 -0.00152474 -0.0024411 0.000133194 0.000642048 -4.6031e-05 -0.000199101 0.000955385 0.00108899 0.000310367 -0.0017937
internal_weight=11992 3729 2956 773 568 8263 2158 6105 5388 1917 717 2778 241
internal_count=11992 3729 2956 773 568 8263 2158 6105 5388 1917 717 2778 241
is_linear=0
shrinkage=0.025


Tree=619
num_leaves=9
num_cat=0
split_feature=17 16 44 37 34 16 4 41
split_gain=0.61517 0.630594 0.848902 0.769122 1.5501 1.11725 0.655532 0.541437
threshold=-0.36830811202526087 0.015344067476689817 0.012296299915760757 0.011663442943245174 0.16881616413593295 0.016927164979279045 -0.016654320061206814 0.67908561229705822
decision_type=2 2 2 2 2 2 2 2
left_child=7 2 -2 4 -3 -5 -4 -1
right_child=1 3 6 5 -6 -7 -8 -9
leaf_value=0.0038369658362534379 -0.00025899353731798005 -0.00017185785121743479 -7.2808651163520983e-05 -0.00042720040721404756 0.0023759168352735795 3.6758384288015095e-05 0.0010915849328129697 1.433683667006222e-06
leaf_weight=163 227 2693 328 419 368 6962 827 126
leaf_count=163 227 2693 328 419 368 6962 827 126
internal_value=3.10489e-05 2.43056e-06 0.000503785 -6.35349e-05 -0.000396689 7.39576e-05 0.00078125 0.00116071
internal_weight=12113 11824 1382 10442 3061 7381 1155 289
internal_count=12113 11824 1382 10442 3061 7381 1155 289
is_linear=0
shrinkage=0.025


Tree=620
num_leaves=13
num_cat=0
split_feature=48 35 40 35 40 12 4 9 9 5 4 33
split_gain=0.686392 1.70227 1.91229 1.02458 0.954265 0.952477 1.68043 0.944017 0.639966 0.570372 0.353658 0.533686
threshold=0.27622890472412115 0.434720128774643 0.9662875533103944 0.29742948710918432 0.9618208408355714 -0.16062136739492414 0.023262738250195984 0.018743911758065227 0.028250348754227165 0.98991194367408764 0.71033143997192394 0.0079495031386613863
decision_type=2 2 2 2 2 2 2 2 2 2 2 2
left_child=3 4 -3 5 9 8 -7 -6 -1 -2 11 -5
right_child=1 2 -4 10 7 6 -8 -9 -10 -11 -12 -13
leaf_value=0.001477400542494177 0.00043403225330106322 -0.0036142677806218306 9.8453193864096869e-05 0.00040388114893211841 0.00071315664249476144 -0.0012817408211653891 -0.00011471714535741932 -2.9388475227673213e-05 -9.5405146361022476e-06 -4.2978736210127171e-05 -0.00010702359906622152 0.0031973582548092609
leaf_weight=215 2569 144 154 177 408 404 2010 4880 307 447 154 158
leaf_count=215 2569 144 154 177 408 404 2010 4880 307 447 154 158
internal_value=-8.41497e-06 0.00011023 -0.00172855 -0.000307945 0.00017797 -0.000485804 -0.000696052 -2.33798e-05 0.000472011 0.000532522 0.000741397 0.00119485
internal_weight=12027 8602 298 3425 8304 2936 2414 5288 522 3016 489 335
internal_count=12027 8602 298 3425 8304 2936 2414 5288 522 3016 489 335
is_linear=0
shrinkage=0.025


Tree=621
num_leaves=13
num_cat=0
split_feature=39 11 11 9 40 31 46 23 30 48 14 40
split_gain=0.553019 1.17402 1.20441 1.76153 1.01542 0.961413 1.62677 0.964668 0.835586 0.76019 0.918652 0.371782
threshold=1.0696486830711367 0.021504980511963371 0.02498226705938578 0.028078803792595867 0.70043110847473156 2.3753703832626347 0.90517240762710582 0.12487637251615526 1.0291848778724673 0.67663240432739269 0.76228907704353344 1.1271970272064211
decision_type=2 2 2 2 2 2 2 2 2 2 2 2
left_child=1 5 3 -3 -4 7 -7 -1 9 11 -11 -2
right_child=8 2 4 -5 -6 6 -8 -9 -10 10 -12 -13
leaf_value=-6.7775235986511928e-05 0.0019299742111156229 0.00057281735135782965 0.0011173594271567579 -0.0011059964967566713 -0.00011125899096544045 -0.00091289674351245111 0.00032303156485989008 0.00023408805551470248 0.0039712431215343461 5.5010031655935167e-05 -0.00034478272971001894 1.654132678202974e-05
leaf_weight=2454 288 132 158 752 626 203 293 3291 149 2767 842 121
leaf_count=2454 288 132 158 752 626 203 293 3291 149 2767 842 121
internal_value=9.00183e-06 -0.000113249 -0.000701584 -0.00133155 4.75294e-06 4.34279e-05 -0.00100549 0.00013587 0.00024239 0.000171203 5.29193e-05 0.00118659
internal_weight=12076 7909 1668 884 784 6241 496 5745 4167 4018 3609 409
internal_count=12076 7909 1668 884 784 6241 496 5745 4167 4018 3609 409
is_linear=0
shrinkage=0.025


Tree=622
num_leaves=14
num_cat=0
split_feature=35 40 31 11 37 12 35 19 36 11 34 24 37
split_gain=0.814402 1.09401 1.26161 0.996855 0.900134 0.967533 0.778034 0.788154 0.720735 1.32551 1.01044 0.379351 0.181647
threshold=0.17999824136495593 0.85494980216026317 0.24822552502155307 0.011040312703698875 0.0079852095805108565 -0.071503698825836168 0.25333580374717718 0.011530952528119089 0.40478394925594335 0.025695109739899639 0.028438601642847065 22.675454139709476 0.018093765713274482
decision_type=2 2 2 2 2 2 2 2 2 2 2 2 2
left_child=4 6 -3 -4 5 -1 12 -8 10 -10 -6 -7 -2
right_child=1 2 3 -5 8 11 7 -9 9 -11 -12 -13 -14
leaf_value=-0.00013352197980014236 0.0023392766813675699 -0.0011624219273625241 -0.00079115383540204133 9.7890072067566487e-05 3.8203160517325729e-05 0.00033336871177663244 -0.00084719808580082691 0.00081701047484343536 -0.00080905256196022997 9.5986895694821317e-05 -0.00015639965340308792 0.003276596454824995 0.00069279003350395025
leaf_weight=237 370 125 260 2639 3608 120 127 709 529 186 2676 333 137
leaf_count=237 370 125 260 2639 3608 120 127 709 529 186 2676 333 137
internal_value=4.42543e-05 0.000317075 5.07594e-05 0.000160554 -0.000109988 0.000746403 0.000909681 0.000426576 -0.000195781 -0.00094618 -0.000108721 0.00142194 0.00168213
internal_weight=12056 4367 3024 2899 7689 690 1343 836 6999 715 6284 453 507
internal_count=12056 4367 3024 2899 7689 690 1343 836 6999 715 6284 453 507
is_linear=0
shrinkage=0.025


Tree=623
num_leaves=10
num_cat=0
split_feature=36 16 16 34 34 30 36 26 29
split_gain=0.761583 0.806091 1.31622 1.90662 1.2102 1.28211 1.15497 0.89237 0.183508
threshold=-0.11288800090551375 0.02408415358513594 0.022642872296273712 0.12971211224794391 -0.085150595754384981 0.28284315764904028 0.40653789043426519 0.035400539636611945 0.034308975562453277
decision_type=2 2 2 2 2 2 2 2 2
left_child=8 2 6 -4 7 -6 -2 -3 -1
right_child=1 4 3 -5 5 -7 -8 -9 -10
leaf_value=0.00073813639812153045 3.1841519137117641e-05 -0.00062784065242245304 -4.0391988144127341e-05 -0.0017379907986038467 0.00048820041803295205 -8.5489778646959011e-05 -0.00032509292760068878 0.00013575752690212476 0.0023014783253551057
leaf_weight=120 6188 249 1045 314 1818 1134 855 228 135
leaf_count=120 6188 249 1045 314 1818 1134 855 228 135
internal_value=3.17386e-05 1.79546e-06 -0.000129505 -0.000840359 0.000325058 0.000515303 7.27166e-06 -0.000832469 0.00137019
internal_weight=12086 11831 8402 1359 3429 2952 7043 477 255
internal_count=12086 11831 8402 1359 3429 2952 7043 477 255
is_linear=0
shrinkage=0.025


Tree=624
num_leaves=8
num_cat=0
split_feature=2 10 37 47 13 42 35
split_gain=0.671829 0.674398 1.34767 1.06561 0.975318 0.976601 0.62555
threshold=-0.28105409443378443 0.020201096311211589 0.01966839283704758 0.80080705881118786 -0.0254207719117403 0.097069684416055693 0.025221684947609905
decision_type=2 2 2 2 2 2 2
left_child=-1 2 3 -2 5 -3 -4
right_child=1 4 6 -5 -6 -7 -8
leaf_value=0.00093741340263074212 -2.2429604325717938e-05 -5.2699152798321269e-05 6.1447348987252143e-06 0.00041140901363200091 0.0012789563864029207 -0.00056506049296777049 0.0030349007686581693
leaf_weight=144 6853 2660 174 1109 181 405 492
leaf_count=144 6853 2660 174 1109 181 405 492
internal_value=3.44133e-05 1.29431e-05 0.000129011 3.74985e-05 -0.000293371 -0.000401059 0.00120529
internal_weight=12018 11874 8628 7962 3246 3065 666
internal_count=12018 11874 8628 7962 3246 3065 666
is_linear=0
shrinkage=0.025


Tree=625
num_leaves=10
num_cat=0
split_feature=43 27 36 36 29 3 39 37 26
split_gain=0.46872 0.851449 0.510676 1.37199 1.25235 1.05797 0.889816 1.43577 0.894434
threshold=-0.46508172154426569 0.00099512527231127045 0.20684999227523806 0.17239098250865939 0.054441694170236594 0.33518017828464514 1.0672014951705935 0.010831354651600124 0.024394760839641098
decision_type=2 2 2 2 2 2 2 2 2
left_child=1 -1 3 5 -5 -2 7 -4 -8
right_child=2 -3 6 4 -6 -7 8 -9 -10
leaf_value=-0.00071812698394451736 1.7449159705590368e-05 3.2613129339456985e-05 -0.00040696720324357106 -0.00012556026878706629 -0.0019148957220531896 -0.00030923474255808731 0.00077443220643858435 6.056375430601802e-05 5.5210721613297574e-05
leaf_weight=148 4094 188 1014 245 169 406 882 3391 1481
leaf_count=148 4094 188 1014 245 169 406 882 3391 1481
internal_value=2.19372e-05 -0.000890762 4.90931e-05 -0.000144084 -0.00151253 -1.52607e-05 0.000190278 -1.84239e-05 0.000581187
internal_weight=12018 336 11682 4914 414 4500 6768 4405 2363
internal_count=12018 336 11682 4914 414 4500 6768 4405 2363
is_linear=0
shrinkage=0.025


Tree=626
num_leaves=8
num_cat=0
split_feature=22 25 25 25 32 38 32
split_gain=0.581025 0.7521 0.72241 0.794997 0.698748 0.563818 0.952778
threshold=1.0272572636604311 36.427965164184577 32.419033050537116 26.999643325805668 1.1236178874969485 -0.069866463541984544 0.88381144404411327
decision_type=2 2 2 2 2 2 2
left_child=1 2 3 -1 5 -2 -7
right_child=4 -3 -4 -5 -6 6 -8
leaf_value=1.9830470425313319e-05 0.00036781911025768327 0.00056112629944656824 -0.00092750887100603245 0.00093932288702808773 -0.00082180173744662377 -0.0012040060908144808 0.00046488938218150819
leaf_weight=10477 167 164 142 415 185 233 269
leaf_count=10477 167 164 142 415 185 233 269
internal_value=9.11297e-05 0.000139583 0.000113575 0.000137538 -0.000534051 -0.000142804 -0.000569527
internal_weight=12052 11198 11034 10892 854 669 502
internal_count=12052 11198 11034 10892 854 669 502
is_linear=0
shrinkage=0.025


Tree=627
num_leaves=12
num_cat=0
split_feature=15 16 44 27 27 2 16 36 38 42 7
split_gain=0.657399 0.748007 0.650256 0.67799 0.595782 0.977032 0.683043 0.88628 0.641877 0.43951 0.0474067
threshold=0.78448277711868297 0.016649560071527961 0.018837424926459793 0.0015754587948322298 0.016222242265939716 0.13869407027959826 0.025451495312154297 0.13641761988401416 -0.00059619295643642534 0.018241696991026405 0.0071132038719952115
decision_type=2 2 2 2 2 2 2 2 2 2 2
left_child=4 10 9 -4 6 -6 8 -8 -1 -3 -2
right_child=1 2 3 -5 5 -7 7 -9 -10 -11 -12
leaf_value=-5.0631646780798668e-06 0.001299308553551694 4.8009510134431389e-05 -0.00011714803082033727 0.00082087561417728866 2.9666179678786847e-05 -0.0012188756016698777 -0.00021394059326954913 0.00031222546379957574 -0.00021624732149092725 -0.00095104797168740719 0.0046313654036378759
leaf_weight=6567 121 379 340 707 182 150 409 1765 1089 174 127
leaf_count=6567 121 379 340 707 182 150 409 1765 1089 174 127
internal_value=3.27716e-05 0.000466136 0.000260904 0.000628565 -4.56132e-05 -0.00107938 -9.53219e-06 0.000380335 -0.000121231 -0.000423387 0.00173419
internal_weight=12010 1848 1600 1047 10162 332 9830 2174 7656 553 248
internal_count=12010 1848 1600 1047 10162 332 9830 2174 7656 553 248
is_linear=0
shrinkage=0.025


Tree=628
num_leaves=14
num_cat=0
split_feature=21 48 40 9 34 4 20 32 22 34 1 16 35
split_gain=0.710956 0.751249 1.53349 1.54577 0.806244 0.772705 0.945635 0.664417 0.704695 0.772382 0.383904 0.261093 0.197164
threshold=78.031425476074233 0.077035948634147658 0.75148209929466259 0.023486243560910228 0.196002371609211 0.29568943381309515 0.36936996877193456 0.91066962480545055 0.96853351593017589 0.095169447362422957 0.12176512554287912 0.02272752765566111 0.0043891870882362136
decision_type=2 2 2 2 2 2 2 2 2 2 2 2 2
left_child=1 5 3 -3 -4 12 -7 8 9 -2 11 -9 -1
right_child=7 2 4 -5 -6 6 -8 10 -10 -11 -12 -13 -14
leaf_value=1.8675182013828956e-05 -0.0011610455996517032 -0.00096006749484309141 1.0594361903520947e-05 1.7568492328171461e-05 -0.00088958745843774247 -0.00022290333709253999 0.00027094219042549073 0.002468462321922178 0.00095668919127811698 0.00027783675194309899 3.0793550334199749e-05 0.00017732993976689508 0.0012063420469989898
leaf_weight=146 129 665 8760 485 156 146 233 271 206 200 187 157 297
leaf_count=146 129 665 8760 485 156 146 233 271 206 200 187 157 297
internal_value=3.22803e-05 -2.97208e-05 -8.97378e-05 -0.00094697 2.05976e-05 0.000693773 -0.000120443 0.000622294 -1.1574e-05 -0.000737275 0.00117944 0.00159065 0.00139788
internal_weight=12038 10888 10066 1150 8916 822 379 1150 535 329 615 428 443
internal_count=12038 10888 10066 1150 8916 822 379 1150 535 329 615 428 443
is_linear=0
shrinkage=0.025


Tree=629
num_leaves=10
num_cat=0
split_feature=5 38 21 21 38 34 34 14 42
split_gain=0.625875 0.825703 0.582257 0.739329 0.860154 0.686863 0.580174 0.402918 0.29559
threshold=-0.2022278010845184 -0.13051185756921765 85.616184234619155 54.449089050292976 -0.12010642513632773 0.098812811076641097 0.14085444808006289 0.14343360066413882 -0.036645527929067605
decision_type=2 2 2 2 2 2 2 2 2
left_child=1 -1 3 4 -2 -4 -5 -3 -9
right_child=2 7 5 6 -6 -7 -8 8 -10
leaf_value=-6.4339029222648195e-05 0.00034759513785541536 8.4956737491655708e-05 -5.6240611988765048e-05 -0.00011322452451995153 5.7319438318453929e-07 0.0021217778279175423 0.00011692292146257339 0.0018415097608876331 0.0011367677322049272
leaf_weight=134 1556 137 151 4442 3580 223 1323 216 285
leaf_count=134 1556 137 151 4442 3580 223 1323 216 285
internal_value=8.39073e-05 0.000770592 3.60152e-05 1.94856e-06 0.000220531 0.00099934 -0.000191724 0.00114891 0.0014748
internal_weight=12047 772 11275 10901 5136 374 5765 638 501
internal_count=12047 772 11275 10901 5136 374 5765 638 501
is_linear=0
shrinkage=0.025


Tree=630
num_leaves=15
num_cat=0
split_feature=22 21 34 21 48 13 21 12 9 31 38 34 41 11
split_gain=0.583033 0.829687 0.950188 0.773196 0.900718 0.768937 0.65892 0.685795 0.627453 0.580503 0.547114 1.06794 0.699555 0.229019
threshold=0.82805645465850841 78.031425476074233 0.14085444808006289 68.148086547851577 0.20983126014471057 -0.03056890424340963 70.14673233032228 -0.030413411557674404 0.020833243615925316 1.0045437812805178 -0.16257522255182263 -0.042106898501515382 0.79855558276176464 0.018744565546512607
decision_type=2 2 2 2 2 2 2 2 2 2 2 2 2 2
left_child=6 3 8 5 -5 -2 10 -8 -3 -9 12 -12 -1 -4
right_child=1 2 13 4 -6 -7 7 9 -10 -11 11 -13 -14 -15
leaf_value=0.00087271848354870908 -0.00046957478137357473 0.0017623879310862324 0.0022827162921039801 -0.0015699360546124715 -0.00035706595326325875 0.00057002696125416216 0.001385805027625143 -0.00052029936510393331 -0.00020403806078707733 0.0017515144153274012 -0.00032740070223850502 3.5618137383956042e-05 -0.00021571760460700317 0.00030118601754618293
leaf_weight=595 687 164 242 266 888 482 377 160 447 177 1026 6225 203 123
leaf_count=595 687 164 242 266 888 482 377 160 447 177 1026 6225 203 123
internal_value=4.13318e-05 -0.000240996 0.000365698 -0.000498819 -0.000956644 -3.93951e-05 0.000148409 0.000874479 -0.000229302 3.28948e-05 8.2723e-05 1.3265e-05 0.000702055 0.00136824
internal_weight=12062 3299 976 2323 1154 1169 8763 714 611 337 8049 7251 798 365
internal_count=12062 3299 976 2323 1154 1169 8763 714 611 337 8049 7251 798 365
is_linear=0
shrinkage=0.025


Tree=631
num_leaves=8
num_cat=0
split_feature=31 42 27 24 29 29 40
split_gain=0.698323 0.658785 1.21976 1.06607 0.65118 1.86749 0.844458
threshold=0.023493722081184391 0.093039304018020644 0.02078601531684399 44.205829620361335 0.094360750168561949 0.087558418512344374 1.1366943717002871
decision_type=2 2 2 2 2 2 2
left_child=-1 4 3 -3 5 -2 -6
right_child=1 2 -4 -5 6 -7 -8
leaf_value=-0.0002777872648737553 2.0244787269226204e-05 -0.0001266114795696388 -0.0017554070945051622 0.0002039869455624377 3.5604982394675598e-05 -0.00095009349746906925 0.0034601738076218283
leaf_weight=130 8590 1132 137 720 703 326 285
leaf_count=130 8590 1132 137 720 703 326 285
internal_value=-1.75631e-05 2.20635e-06 -0.00041186 -0.000236268 8.61591e-05 1.77952e-05 0.000693605
internal_weight=12023 11893 1989 1852 9904 8916 988
internal_count=12023 11893 1989 1852 9904 8916 988
is_linear=0
shrinkage=0.025


Tree=632
num_leaves=10
num_cat=0
split_feature=31 16 36 16 16 6 34 7 28
split_gain=0.809508 0.672253 1.66101 1.28119 1.04233 0.984257 0.943713 0.574908 0.490913
threshold=0.052072508260607726 0.027128291316330436 0.49718071520328527 0.02572188246995211 0.025451495312154297 0.041007932275533683 0.074495423585176482 -0.0057545085437595836 0.47499999403953558
decision_type=2 2 2 2 2 2 2 2 2
left_child=7 2 4 -4 -2 8 -7 -1 -3
right_child=1 5 3 -5 -6 6 -8 -9 -10
leaf_value=9.7641593466798364e-05 -5.1091455028955006e-07 0.00019888389306449476 -0.00025039277109743834 -0.0020891226347002079 0.0010713276919153065 -0.00028302057001858234 0.00028965368037490172 -0.00077187510737833007 0.0016523599767375781
leaf_weight=127 8491 345 520 190 641 571 483 146 578
leaf_count=127 8491 345 520 190 641 571 483 146 578
internal_value=3.29628e-05 6.48047e-05 -1.91682e-05 -0.00118007 7.10026e-05 0.00048499 -3.18696e-05 -0.00129946 0.00107893
internal_weight=12092 11819 9842 710 9132 1977 1054 273 923
internal_count=12092 11819 9842 710 9132 1977 1054 273 923
is_linear=0
shrinkage=0.025


Tree=633
num_leaves=9
num_cat=0
split_feature=40 28 34 9 38 45 45 20
split_gain=0.589334 0.474389 0.801974 1.82758 1.09237 0.731516 1.74343 0.997132
threshold=0.37382487952709204 0.42499999701976782 0.14085444808006289 0.024853055365383628 -0.0019757244735956188 0.48606015741825109 0.62931033968925487 0.10547012463212015
decision_type=2 2 2 2 2 2 2 2
left_child=-1 5 4 -4 -3 7 -7 -2
right_child=1 2 3 -5 -6 6 -8 -9
leaf_value=0.00056814232768230186 7.0897555774643479e-05 -1.84931020286196e-05 0.0024131299177244797 -5.6799305934059772e-05 -0.0005642890323383354 -0.00095000627091758035 0.0002497607907751542 0.00098518839817043663
leaf_weight=189 1352 5887 492 1231 1367 382 788 290
leaf_count=189 1352 5887 492 1231 1367 382 788 290
internal_value=5.32013e-06 -1.66397e-05 -0.000105906 0.000376881 -0.000221621 0.000265797 -0.000207447 0.000606406
internal_weight=11978 11789 8977 1723 7254 2812 1170 1642
internal_count=11978 11789 8977 1723 7254 2812 1170 1642
is_linear=0
shrinkage=0.025


Tree=634
num_leaves=11
num_cat=0
split_feature=17 45 31 40 35 34 32 47 6 19
split_gain=0.781575 1.10812 1.00071 1.18053 0.91687 1.17929 1.17465 0.860523 0.539913 0.3485
threshold=0.85499504208564769 0.19057226926088336 2.3391754627227788 0.808283030986786 0.41625252366065985 0.14085444808006289 0.71848493814468395 0.88646370172500621 0.022977962158620361 0.17582870274782184
decision_type=2 2 2 2 2 2 2 2 2 2
left_child=4 -2 8 -4 5 7 -7 -1 -3 -6
right_child=1 2 3 -5 9 6 -8 -9 -10 -11
leaf_value=-5.7718347223063797e-05 -0.00042425819638231297 -1.1273702436931352e-05 -0.00043096273638568936 0.00014770851609964628 -0.00013913836612532301 -0.00048198400853212203 0.0012748307731003429 0.00017546564642429173 0.00092078440601626858 -0.0016128780516215882
leaf_weight=7394 139 197 229 823 120 200 1052 711 1006 120
leaf_count=7394 139 197 229 823 120 200 1052 711 1006 120
internal_value=3.85554e-06 0.000407983 0.000544801 -1.30084e-05 -9.64642e-05 -5.62112e-05 0.00065533 -0.000167232 0.0010358 -0.00160714
internal_weight=11991 2394 2255 1052 9597 9357 1252 8105 1203 240
internal_count=11991 2394 2255 1052 9597 9357 1252 8105 1203 240
is_linear=0
shrinkage=0.025


Tree=635
num_leaves=9
num_cat=0
split_feature=25 32 14 29 26 4 11 25
split_gain=0.566302 0.66774 1.76888 2.85807 0.513373 1.40526 0.871315 0.346698
threshold=36.427965164184577 1.3048202991485598 0.3706896454095841 0.094939660280942931 0.020621479488909248 0.49970898032188421 0.017177220433950428 40.276304244995124
decision_type=2 2 2 2 2 2 2 2
left_child=1 4 -3 -4 5 -1 -6 -2
right_child=7 2 3 -5 6 -7 -8 -9
leaf_value=-1.2076282342765959e-05 0.0020827560966629774 0.0015137880634375177 -0.001134677415328188 0.00076163668701757499 0.00036121073205529772 -0.0016931261159946233 -1.2634867824193241e-05 6.1219916449803711e-05
leaf_weight=3762 149 228 405 211 2420 203 4513 139
leaf_count=3762 149 228 405 211 2420 203 4513 139
internal_value=-1.40215e-05 -4.16063e-05 -0.00071702 -0.00141506 1.0433e-05 -0.00021568 0.000140711 0.00107082
internal_weight=12030 11742 844 616 10898 3965 6933 288
internal_count=12030 11742 844 616 10898 3965 6933 288
is_linear=0
shrinkage=0.025


Tree=636
num_leaves=8
num_cat=0
split_feature=30 25 45 21 37 11 11
split_gain=0.758613 0.627888 1.51485 0.98809 0.825824 1.17843 0.728793
threshold=-1.5510051846504209 -9.7353978157043439 0.74303007125854503 36.928863525390632 0.022662520408630375 0.022410891950130466 0.016877617686986927
decision_type=2 2 2 2 2 2 2
left_child=-1 2 3 -2 6 -6 -3
right_child=1 4 -4 -5 5 -7 -8
leaf_value=0.0012619251888589713 -6.2543611741655393e-05 4.1602918309918531e-05 0.0019263729536240196 -0.00052416428969257985 0.002034033591955928 -2.0237662775008462e-05 -7.9035740586625098e-05
leaf_weight=148 974 5041 181 392 649 731 3905
leaf_count=148 974 5041 181 392 649 731 3905
internal_value=-2.42183e-05 -4.72511e-05 -0.000516269 -0.000805069 2.26262e-05 0.000591155 -6.46575e-05
internal_weight=12021 11873 1547 1366 10326 1380 8946
internal_count=12021 11873 1547 1366 10326 1380 8946
is_linear=0
shrinkage=0.025


Tree=637
num_leaves=8
num_cat=0
split_feature=46 9 45 4 6 20 40
split_gain=0.54455 0.86612 0.5485 0.553289 0.949324 0.801349 0.505297
threshold=0.038517974317073829 0.028250348754227165 0.019258987158536914 0.98321405053138744 0.04810356721282006 0.64936172962188732 0.96818628907203685
decision_type=2 2 2 2 2 2 2
left_child=1 6 -2 5 -5 -4 -1
right_child=2 -3 3 4 -6 -7 -8
leaf_value=0.00070259989350366205 -0.00016429782836028422 -0.00089196305105127829 9.9247234583770832e-06 0.00033486662756691626 -0.00059708701614944923 0.00044371911613595179 -8.4137919611116435e-05
leaf_weight=120 141 144 10498 128 144 758 147
leaf_count=120 141 144 10498 128 144 758 147
internal_value=7.75764e-06 -0.000880409 3.99393e-05 5.972e-05 -0.00104242 8.73591e-05 -4.5955e-06
internal_weight=12080 411 11669 11528 272 11256 267
internal_count=12080 411 11669 11528 272 11256 267
is_linear=0
shrinkage=0.025


Tree=638
num_leaves=15
num_cat=0
split_feature=37 47 9 34 29 47 36 41 20 40 20 40 48 44
split_gain=0.664425 1.56825 1.6676 1.5211 1.50775 0.933383 0.911283 1.36241 0.997735 0.855726 1.05937 0.84252 0.697296 0.587584
threshold=0.010728531051427128 0.78154808282852184 0.024637558497488502 0.1512151509523392 0.060575352981686599 0.1241746135056019 0.49448882043361669 0.59624266624450695 0.3174565881490708 0.9618208408355714 0.14514199644327166 1.3159634470939638 0.19057226926088336 0.012427862267941238
decision_type=2 2 2 2 2 2 2 2 2 2 2 2 2 2
left_child=1 2 3 -1 -4 9 8 -8 -7 13 -11 12 -3 -2
right_child=5 11 4 -5 -6 6 7 -9 -10 10 -12 -13 -14 -15
leaf_value=-8.2807905513240665e-05 -7.7975638268533192e-06 -6.4526610869301498e-05 -0.00116385082546861 0.0032443266292030352 -2.7594681832933264e-05 -1.2101936484453251e-05 8.2052992859946473e-05 -0.00109754845438455 0.00029710009926783051 -0.0017063540032704778 0.00085999172686672225 -0.00024603122491924378 0.0018519563570845244 0.0015128393487215299
leaf_weight=1945 121 130 398 191 270 4240 458 507 2134 139 138 139 530 694
leaf_count=1945 121 130 398 191 270 4240 458 507 2134 139 138 139 530 694
internal_value=1.69243e-05 -0.000266422 -0.000546013 -0.000200257 -0.00163262 0.00013884 3.62542e-05 -0.000676546 0.000145595 0.00081928 -0.000359042 0.000704291 0.00108083 0.00122713
internal_weight=12034 3603 2804 2136 668 8431 7339 965 6374 1092 277 799 660 815
internal_count=12034 3603 2804 2136 668 8431 7339 965 6374 1092 277 799 660 815
is_linear=0
shrinkage=0.025


Tree=639
num_leaves=7
num_cat=0
split_feature=17 40 44 47 41 48
split_gain=0.71785 2.78084 1.21018 0.836348 0.819325 0.937143
threshold=1.3430367112159731 0.83316278457641613 0.029440195299685005 0.99137932062149059 0.11106013506650926 0.057776963338255889
decision_type=2 2 2 2 2 2
left_child=3 -2 -3 4 -1 -6
right_child=1 2 -4 -5 5 -7
leaf_value=-0.00032073114984657107 -0.0030106826609724506 0.0020865141568488037 -0.00019010333045669993 0.002232110360681468 0.0008114471529363581 7.9334831647436685e-07
leaf_weight=193 121 124 123 131 442 10876
leaf_count=193 121 124 123 131 442 10876
internal_value=9.88357e-06 -0.00106903 0.000441468 4.49688e-05 2.13834e-05 4.97881e-05
internal_weight=12010 368 247 11642 11511 11318
internal_count=12010 368 247 11642 11511 11318
is_linear=0
shrinkage=0.025


Tree=640
num_leaves=14
num_cat=0
split_feature=26 37 35 38 41 25 37 43 29 29 43 24 41
split_gain=0.570033 1.23528 1.02574 1.8717 2.70598 1.29681 1.02291 0.963005 0.921431 0.834855 0.78947 0.732881 0.335711
threshold=0.031976953148841865 0.021973076276481155 0.19217287003993991 -0.11443170532584189 0.65851813554763805 9.9107551574707049 0.027912265621125702 -0.12799788266420362 0.095176760107278838 0.095253404229879393 -0.30090065300464625 18.543002128601078 0.67548269033432018
decision_type=2 2 2 2 2 2 2 2 2 2 2 2 2
left_child=1 9 3 7 -5 12 10 -2 -7 11 -3 -1 -4
right_child=2 6 5 4 -6 8 -8 -9 -10 -11 -12 -13 -14
leaf_value=-0.00012882143081900782 -0.00015096943558490502 -4.858196919707496e-05 0.0018829310964206204 -0.00027766702329224627 -0.0025564045287872982 -0.00072373138716981197 -0.00011503753163731953 0.00030744436557254173 0.00045386083045237418 0.0030754439510666614 0.0022061543343568197 1.8503963875487552e-05 0.00035362734229159613
leaf_weight=2097 177 123 287 537 135 471 131 562 186 124 638 6460 160
leaf_count=2097 177 123 287 537 135 471 131 562 186 124 638 6460 160
internal_value=-2.47043e-05 6.27742e-05 -0.000359623 -0.000805967 -0.00175591 0.000206267 0.00094621 5.54436e-05 -0.000492825 -2.77745e-05 0.00130059 -5.85435e-05 0.0012417
internal_weight=12088 9573 2515 1411 672 1104 892 739 657 8681 761 8557 447
internal_count=12088 9573 2515 1411 672 1104 892 739 657 8681 761 8557 447
is_linear=0
shrinkage=0.025


Tree=641
num_leaves=9
num_cat=0
split_feature=35 40 48 41 45 48 47 35
split_gain=0.924928 1.00527 2.33532 1.1814 0.813507 0.841239 1.3561 1.07063
threshold=-0.12642512470483777 0.95978605747222911 0.67663240432739269 0.73238089680671703 0.99137932062149059 0.27622890472412115 0.88646370172500621 0.17345652729272845
decision_type=2 2 2 2 2 2 2 2
left_child=1 3 -3 -1 5 7 -7 -2
right_child=4 2 -4 -5 -6 6 -8 -9
leaf_value=-0.00010456580265911997 -0.00026270457493104141 -0.0015388857072157495 1.6898714592784956e-05 0.0017315594093521875 -0.00047881732439233616 1.524803576498036e-05 0.0011032869529302252 6.7290734888165662e-05
leaf_weight=202 1870 150 189 134 201 7129 861 1285
leaf_count=202 1870 150 189 134 201 7129 861 1285
internal_value=-3.25336e-05 -0.000928309 -0.00187863 2.56599e-05 2.0593e-05 4.9888e-05 0.000186836 -0.000294699
internal_weight=12021 675 339 336 11346 11145 7990 3155
internal_count=12021 675 339 336 11346 11145 7990 3155
is_linear=0
shrinkage=0.025


Tree=642
num_leaves=12
num_cat=0
split_feature=35 16 37 37 32 24 24 30 36 27 14
split_gain=0.709558 1.14873 0.906575 2.44822 1.06723 0.824418 1.08172 0.678372 1.54727 0.673073 0.559552
threshold=-0.12642512470483777 0.024845681153237823 0.010728531051427128 0.0098670762963593023 0.9056181311607362 19.804020881652836 29.097740173339847 0.28966549038887029 0.13121338188648227 -0.004419714678078889 0.52457812428474437
decision_type=2 2 2 2 2 2 2 2 2 2 2
left_child=5 2 3 -2 -4 -1 -7 9 -9 -3 -8
right_child=1 7 4 -5 -6 6 10 8 -10 -11 -12
leaf_value=-0.00029986228593429086 -1.2071347107431362e-05 -4.993698914917025e-05 0.00048466012340156656 -0.0013330514928126737 -3.1847922094510328e-05 0.00048577255452894635 -1.0503162479425182e-05 -0.0009304946527806065 0.00018387755257492997 0.00067855451945336622 -0.00087234795496509213
leaf_weight=190 2516 334 2098 521 3456 237 122 125 928 1363 120
leaf_count=190 2516 334 2098 521 3456 237 122 125 928 1363 120
internal_value=1.4045e-05 6.13653e-05 -8.04152e-05 -0.000427761 0.000108608 -0.000773368 -0.000198864 0.000505898 1.18157e-06 0.000814483 -0.00137146
internal_weight=12010 11341 8591 3037 5554 669 479 2750 1053 1697 242
internal_count=12010 11341 8591 3037 5554 669 479 2750 1053 1697 242
is_linear=0
shrinkage=0.025


Tree=643
num_leaves=14
num_cat=0
split_feature=33 38 34 15 38 31 33 35 36 43 6 24 25
split_gain=0.698363 1.44572 1.25796 1.17719 0.933189 1.1872 1.42566 1.14868 1.67465 1.05296 0.938542 0.859815 0.384686
threshold=-0.0097242402844130976 -0.18284156173467633 0.049218827858567245 0.24999999254941943 -0.00059619295643642534 1.3088943958282473 0.0030363461701199417 0.2033398970961571 0.21670749038457873 -0.053965780884027474 0.029804983176290992 29.097740173339847 -6.2103655338287345
decision_type=2 2 2 2 2 2 2 2 2 2 2 2 2
left_child=1 12 11 -4 7 9 -7 10 -9 -6 -2 -3 -1
right_child=4 2 3 -5 5 6 -8 8 -10 -11 -12 -13 -14
leaf_value=0.00015585597798586584 7.5075882726057447e-05 -0.00034681221306609943 0.00064463474839267069 -0.0014733142411999531 -7.0309713749065866e-05 -0.0019421143637364355 -0.00026707046125525627 -0.00016243881156412549 0.0011607991098155034 0.0010966403771779196 -4.5858760829933289e-05 -0.001098669414914145 0.0030769424756669703
leaf_weight=178 3276 510 333 123 832 134 997 337 1563 594 2786 277 136
leaf_count=178 3276 510 333 123 832 134 997 337 1563 594 2786 277 136
internal_value=2.76261e-05 -0.000464949 -0.00085036 0.00018167 0.000101316 -0.000312744 -0.000916593 0.000235189 0.000770997 0.000163347 6.57245e-05 -0.0014536 0.00103056
internal_weight=12076 1557 1243 456 10519 2557 1131 7962 1900 1426 6062 787 314
internal_count=12076 1557 1243 456 10519 2557 1131 7962 1900 1426 6062 787 314
is_linear=0
shrinkage=0.025


Tree=644
num_leaves=13
num_cat=0
split_feature=29 24 5 31 45 39 26 27 32 22 5 3
split_gain=0.885808 0.836109 1.17808 1.38895 0.811236 0.68718 0.725833 0.559886 0.595745 0.415115 0.383032 0.0212061
threshold=0.027929934673011306 15.802555561065676 0.7743305265903474 1.0760031938552859 0.73275861144065868 0.15637680888175967 0.015121115371584894 0.0015754587948322298 0.66789475083351146 0.14929427206516269 0.19399505108594897 -0.044913578778505318
decision_type=2 2 2 2 2 2 2 2 2 2 2 2
left_child=7 2 3 -2 -4 -3 -7 8 -1 -10 11 -9
right_child=1 5 4 -5 -6 6 -8 10 9 -11 -12 -13
leaf_value=-0.00042722678692033375 -0.00041951978052685304 -0.00086513711907353823 -0.0008921492908163536 -0.0014200752777976822 0.0010122420272137892 0.00059388697494900593 -7.829222605914539e-07 0.00033378222974984146 -0.00033737563489142177 0.00071883269465610681 9.0975433226212773e-05 0.0030277644189225109
leaf_weight=191 690 132 132 168 139 459 9188 121 121 322 226 159
leaf_count=191 690 132 132 168 139 459 9188 121 121 322 226 159
internal_value=9.43758e-06 -5.94474e-05 -0.00070216 -0.0011573 0.000711051 1.44369e-05 4.00177e-05 0.000671397 0.000162363 0.000672433 0.00128914 0.00190789
internal_weight=12048 10908 1129 858 271 9779 9647 1140 634 443 506 280
internal_count=12048 10908 1129 858 271 9779 9647 1140 634 443 506 280
is_linear=0
shrinkage=0.025


Tree=645
num_leaves=11
num_cat=0
split_feature=17 40 46 45 39 17 12 40 26 26
split_gain=0.716943 0.743017 1.85467 0.94856 0.931536 0.699212 0.580877 0.482161 0.685909 0.242515
threshold=-0.26405790448188776 1.3159634470939638 0.65737342834472667 0.63811445236206066 1.4902994036674502 0.87490308284759533 -0.16342902183532712 0.94634124636650097 0.02038087043911219 0.030820951797068123
decision_type=2 2 2 2 2 2 2 2 2 2
left_child=6 4 -3 -4 5 -2 -1 -8 -9 -6
right_child=1 2 3 -5 9 -7 7 8 -10 -11
leaf_value=-0.00018331927822765512 -2.3663240290784774e-05 -0.00078643031769635703 0.00079272276512281628 -0.00024079193882894567 0.0022528961604832889 0.0001148083297295491 0.0029569078129657372 -0.00024362894442137638 0.0036187828720961714 0.00078782535631173253
leaf_weight=151 8507 237 124 232 138 2102 165 122 134 120
leaf_count=151 8507 237 124 232 138 2102 165 122 134 120
internal_value=4.05011e-06 -3.87047e-05 -0.000896739 0.000231995 7.93332e-06 -2.79112e-05 0.000864385 0.00134096 0.000608238 0.00147814
internal_weight=12032 11460 593 356 10867 10609 572 421 256 258
internal_count=12032 11460 593 356 10867 10609 572 421 256 258
is_linear=0
shrinkage=0.025


Tree=646
num_leaves=8
num_cat=0
split_feature=44 44 45 35 36 18 46
split_gain=0.652008 0.683771 0.660054 1.46714 0.616842 0.426902 0.140808
threshold=0.048112651333212859 0.037890281528234489 0.038517974317073829 0.05603041127324105 0.20684999227523806 0.050467981025576598 0.82868674397468578
decision_type=2 2 2 2 2 2 2
left_child=1 2 3 -1 -4 6 -3
right_child=-2 5 4 -5 -6 -7 -8
leaf_value=-0.00066700807688982108 -0.00034988110567184537 0.0035401434812203925 -2.7576897911426376e-05 2.8307206315677116e-05 6.5509116535982835e-05 -5.0689506060721065e-07 0.00016332726510900054
leaf_weight=130 142 121 4644 236 6515 126 120
leaf_count=130 142 121 4644 236 6515 126 120
internal_value=2.93838e-05 5.03279e-05 1.572e-05 -0.00102089 5.07212e-05 0.00110551 0.0017124
internal_weight=12034 11892 11525 366 11159 367 241
internal_count=12034 11892 11525 366 11159 367 241
is_linear=0
shrinkage=0.025


Tree=647
num_leaves=12
num_cat=0
split_feature=35 40 48 38 5 46 40 19 37 33 29
split_gain=0.601763 0.991911 2.09175 0.802127 0.873074 0.834769 0.821711 0.541306 0.49984 0.49375 0.450056
threshold=-0.12642512470483777 0.95478481054306041 0.67663240432739269 -0.13986094295978543 -0.25019858777523035 0.038517974317073829 0.83703210949897777 0.040473129600286491 0.016412936151027683 0.00082786066923290502 0.066973131150007262
decision_type=2 2 2 2 2 2 2 2 2 2 2
left_child=1 10 -3 6 8 -6 9 -8 -5 -2 -1
right_child=3 2 -4 4 5 -7 7 -9 -10 -11 -12
leaf_value=-3.2038726553729629e-05 3.4637610365892188e-05 -0.0014427376498059698 4.2305766597250071e-05 0.0010592284939637 -0.00079759611596555684 -5.1824815859888156e-06 0.0012758992348115986 -0.00042870011623189126 -0.00021794178907102543 -0.00054145654862460023 0.00072487279605597732
leaf_weight=208 125 156 182 371 150 9862 596 122 120 134 125
leaf_count=208 125 156 182 371 150 9862 596 122 120 134 125
internal_value=-1.3367e-06 -0.000726701 -0.00167274 4.08142e-05 -2.24828e-05 -7.37495e-05 0.000724287 0.0011601 0.0010005 -0.00045928 0.000225592
internal_weight=12151 671 338 11480 10503 10012 977 718 491 259 333
internal_count=12151 671 338 11480 10503 10012 977 718 491 259 333
is_linear=0
shrinkage=0.025


Tree=648
num_leaves=14
num_cat=0
split_feature=4 20 6 36 26 5 40 31 10 41 45 9 9
split_gain=0.592495 0.877352 1.20808 1.41327 1.00915 0.966343 1.39158 1.23617 0.611265 1.06959 1.27175 0.516362 0.28141
threshold=-0.14889296144247052 0.038763601332902915 0.030542718246579174 0.3143854439258576 0.014079287648200991 0.19399505108594897 1.2297810316085818 0.47551032900810247 0.01618131343275309 0.72743585705757152 0.10491563007235528 0.015414264518767597 0.01789297349750996
decision_type=2 2 2 2 2 2 2 2 2 2 2 2 2
left_child=8 2 4 -4 -2 6 -3 -7 11 10 -10 -1 -13
right_child=1 5 3 -5 -6 7 -8 -9 9 -11 -12 12 -14
leaf_value=-1.7683036228980827e-05 -0.00056802549861146255 0.0011840139985556085 -0.00031764224633561654 -0.0012859931402115067 8.8300591270248655e-05 -0.0020842144574064569 -0.00064453613941468739 -3.9661767488253101e-06 -0.00044276603394837529 0.00077864493054969578 0.00043012200278722722 0.0020064170522447887 0.00027591260321064648
leaf_weight=125 262 1098 622 161 981 348 133 7276 218 173 133 126 425
leaf_count=125 262 1098 622 161 981 348 133 7276 218 173 133 126 425
internal_value=-5.30572e-05 -0.000111726 -0.000580379 -0.00134676 -8.91425e-05 -3.52699e-06 0.000644215 -0.000109287 0.000471992 -0.000158317 -0.000958567 0.000967328 0.00129721
internal_weight=12081 10881 2026 783 1243 8855 1231 7624 1200 524 351 676 551
internal_count=12081 10881 2026 783 1243 8855 1231 7624 1200 524 351 676 551
is_linear=0
shrinkage=0.025


Tree=649
num_leaves=12
num_cat=0
split_feature=15 40 40 36 38 40 16 12 36 36 37
split_gain=0.600779 0.781496 0.830658 0.670841 0.658023 0.86687 1.71361 1.08936 0.787098 1.40544 0.951085
threshold=0.16379310190677646 1.1455857753753664 0.80545616149902355 0.2548676878213883 -0.018733770586550232 0.83316278457641613 0.015149041544646026 -0.080760892480611787 0.20183373987674716 0.36900384724140173 0.0089768590405583399
decision_type=2 2 2 2 2 2 2 2 2 2 2
left_child=1 2 -1 -4 8 7 -7 -6 10 -10 -2
right_child=4 -3 3 -5 5 6 -8 -9 9 -11 -12
leaf_value=-0.00049822556559555946 0.0013103216846146713 -0.00083252236501341981 0.0014367983733273952 -0.00011642870011819029 -0.00054850669686092371 0.0012125119832672735 -0.00019113136849351674 0.0005540312156022591 0.0010072399987185374 -1.0810440470750854e-05 -4.3331485395922182e-05
leaf_weight=215 578 183 237 252 258 227 2961 972 1707 1491 3020
leaf_count=215 578 183 237 252 258 227 2961 972 1707 1491 3020
internal_value=5.8856e-06 -0.000617993 -0.000223907 0.000336539 5.60434e-05 -0.00018059 -0.000398919 0.000379555 0.000210815 0.000496019 -4.12849e-05
internal_weight=12101 887 704 489 11214 4418 3188 1230 6796 3198 3598
internal_count=12101 887 704 489 11214 4418 3188 1230 6796 3198 3598
is_linear=0
shrinkage=0.025


Tree=650
num_leaves=8
num_cat=0
split_feature=2 12 46 5 42 31 46
split_gain=0.536402 1.19063 1.59413 2.85371 0.565731 0.997616 0.809725
threshold=-0.28105409443378443 -0.29268248379230494 0.27622890472412115 0.6814495623111726 -0.10374921187758444 0.27640973031520849 0.10491563007235528
decision_type=2 2 2 2 2 2 2
left_child=-1 2 -2 -4 5 -3 -6
right_child=1 4 3 -5 6 -7 -8
leaf_value=0.00076248580998614036 6.8972581299554068e-05 -0.0001078294065374629 -0.001770833530686744 0.00013312857932152133 -0.00029265982938884636 0.00041383392903179676 8.3967084360790232e-06
leaf_weight=141 148 221 143 133 892 1033 9325
leaf_count=141 148 221 143 133 892 1033 9325
internal_value=9.03173e-06 -8.92848e-06 -0.00130245 -0.00241548 3.88856e-05 0.000539118 -2.21335e-05
internal_weight=12036 11895 424 276 11471 1254 10217
internal_count=12036 11895 424 276 11471 1254 10217
is_linear=0
shrinkage=0.025


Tree=651
num_leaves=14
num_cat=0
split_feature=6 7 14 39 36 37 37 35 26 26 35 5 13
split_gain=0.654712 0.702442 1.12845 0.645514 0.736343 0.615365 1.05461 1.38133 0.90279 1.22045 0.896624 0.665882 0.392966
threshold=0.068921152502298369 0.03762378171086312 0.88646370172500621 1.1309139132499697 0.31840151548385626 0.010728531051427128 0.009930161293596031 0.29036118090152746 0.031691979616880424 0.035829942673444755 0.11251751333475114 0.79271295666694652 -0.0565856285393238
decision_type=2 2 2 2 2 2 2 2 2 2 2 2 2
left_child=5 3 12 4 -2 6 7 -1 11 -10 -8 -7 -3
right_child=1 2 -4 -5 -6 8 10 -9 9 -11 -12 -13 -14
leaf_value=2.4592461402731839e-05 -0.0002721959073665554 3.8506836611517022e-05 -0.0010597259017603388 1.0091004437198851e-05 -0.0017164471049083343 4.225375824957364e-05 -8.8275028602341555e-05 -0.00040150501877469027 -0.00056769249993393384 4.9910164273478489e-05 -0.0018974135595675201 0.00064106372846678699 0.0029232552989098396
leaf_weight=2592 199 254 158 165 163 4390 365 211 756 1040 233 1405 121
leaf_count=2592 199 254 158 165 163 4390 365 211 756 1040 233 1405 121
internal_value=1.02638e-05 -0.000580986 4.87919e-05 -0.00122415 -0.00180858 6.80868e-05 -0.000210291 -4.00632e-06 0.000193688 -0.000293587 -0.00115879 0.000345905 0.000805921
internal_weight=12052 1060 533 527 362 10992 3401 2803 7591 1796 598 5795 375
internal_count=12052 1060 533 527 362 10992 3401 2803 7591 1796 598 5795 375
is_linear=0
shrinkage=0.025


Tree=652
num_leaves=13
num_cat=0
split_feature=3 37 13 46 32 41 38 33 30 38 37 30
split_gain=0.582041 1.0927 1.38614 1.83076 1.21764 1.08984 0.960405 0.91449 0.822291 0.928773 1.0412 0.667431
threshold=0.20410848408937457 0.010728531051427128 -0.25266005098819727 0.16269258409738543 0.85658699274063121 0.62705841660499584 -0.05930406600236892 -0.0066819034982472649 -0.65515676140785206 -0.018733770586550232 0.0098670762963593023 0.28284315764904028
decision_type=2 2 2 2 2 2 2 2 2 2 2 2
left_child=1 2 5 -4 7 -1 -6 -3 -2 11 -11 -10
right_child=8 4 3 -5 6 -7 -8 -9 9 10 -12 -13
leaf_value=0.001205271988433969 -0.00067341104102556289 -3.9950782775379477e-05 -0.0012249887364099274 -0.00024871569565238595 -0.00011438694862368209 -5.1315814621073741e-05 9.1232355723473908e-05 0.00077714558418981157 0.00091031473599987797 0.00041704112014976535 -0.00014775526648221462 2.9879846481380151e-05
leaf_weight=361 203 436 172 1595 2160 345 1427 1365 1012 697 1631 632
leaf_count=361 203 436 172 1595 2160 345 1427 1365 1012 697 1631 632
internal_value=3.18704e-05 -9.42346e-05 -0.000529156 -0.00090364 0.000104534 0.000399086 -0.000160426 0.00063469 0.000270634 0.00035171 2.73254e-05 0.000805791
internal_weight=12036 7861 2473 1767 5388 706 3587 1801 4175 3972 2328 1644
internal_count=12036 7861 2473 1767 5388 706 3587 1801 4175 3972 2328 1644
is_linear=0
shrinkage=0.025


Tree=653
num_leaves=13
num_cat=0
split_feature=40 31 4 40 40 11 40 38 35 31 40 45
split_gain=0.657443 1.43161 2.42376 3.20937 1.32765 1.07235 1.31945 1.68085 1.26344 1.13729 1.82742 1.32446
threshold=0.74069702625274669 0.13843113929033282 0.14517405629158023 0.57168099284172069 0.47328618168830877 0.016399901360273365 0.85936430096626293 -0.1188991218805313 0.12682235985994342 0.76723232865333568 1.1366943717002871 0.038517974317073829
decision_type=2 2 2 2 2 2 2 2 2 2 2 2
left_child=1 -1 3 -3 -4 6 7 -2 -8 11 -11 -7
right_child=5 2 4 -5 -6 9 8 -9 -10 10 -12 -13
leaf_value=0.0012547965328294634 -0.00075485162220356901 6.9350034607221458e-05 -0.0001700972995431865 -0.0018907488446494197 0.00037234209340425065 -0.00044384144842872909 0.00056356577381541987 0.0019867186377125427 -7.1899023453533858e-05 -0.00034902524444131505 0.00015591670826094355 0.00018080984364031026
leaf_weight=148 120 285 198 376 723 128 1211 958 2079 2625 1184 2028
leaf_count=148 120 285 198 376 723 128 1211 958 2079 2625 1184 2028
internal_value=3.53208e-05 -0.000414265 -0.000638784 -0.00178866 0.000184935 0.000111361 0.000409044 0.0011669 0.000157436 -0.000105737 -0.000366085 0.000351111
internal_weight=12063 1730 1582 661 921 10333 4368 1078 3290 5965 3809 2156
internal_count=12063 1730 1582 661 921 10333 4368 1078 3290 5965 3809 2156
is_linear=0
shrinkage=0.025


Tree=654
num_leaves=8
num_cat=0
split_feature=45 47 48 30 29 44 37
split_gain=0.728809 1.13092 1.059 0.966969 0.785618 0.785588 0.390494
threshold=0.99137932062149059 0.88646370172500621 0.057776963338255889 0.33151254057884222 0.095260854810476317 0.03130674175918103 0.016549868509173397
decision_type=2 2 2 2 2 2 2
left_child=1 4 -3 -4 5 -1 -6
right_child=-2 2 3 -5 6 -7 -8
leaf_value=-9.7004709992638813e-06 -0.00041233956951011654 -0.00022861269752053458 0.00014413576951637015 0.0031159161338395469 0.0034481531683080062 -0.00027761219901446983 0.00087904718768520547
leaf_weight=9950 204 134 729 381 132 309 163
leaf_count=9950 204 134 729 381 132 309 163
internal_value=-1.36378e-05 1.17556e-05 0.000723579 0.000980942 -7.1858e-05 -0.000109241 0.0011875
internal_weight=12002 11798 1244 1110 10554 10259 295
internal_count=12002 11798 1244 1110 10554 10259 295
is_linear=0
shrinkage=0.025


Tree=655
num_leaves=7
num_cat=0
split_feature=36 31 31 47 40 35
split_gain=0.553462 0.656411 0.652076 1.6563 1.41827 0.31943
threshold=-0.11548355221748351 0.052072508260607726 0.86335718631744396 0.10491563007235528 1.1576570868492129 0.012776743620634081
decision_type=2 2 2 2 2 2
left_child=-1 5 4 -4 -3 -2
right_child=1 2 3 -5 -6 -7
leaf_value=0.0010389105603946902 -0.00069409307436694078 0.00015832079478479225 0.0012454324810735908 -5.4223262070131125e-05 -0.00015258085567997705 -1.1595758979300735e-05
leaf_weight=188 120 4654 361 5679 954 131
leaf_count=188 120 4654 361 5679 954 131
internal_value=3.81451e-05 1.60661e-05 4.40875e-05 -0.000135442 0.000238509 -0.00123535
internal_weight=12087 11899 11648 6040 5608 251
internal_count=12087 11899 11648 6040 5608 251
is_linear=0
shrinkage=0.025


Tree=656
num_leaves=11
num_cat=0
split_feature=15 27 8 22 43 43 40 46 47 15
split_gain=0.636053 0.951869 0.791071 0.716641 1.15463 0.899546 0.835627 1.3113 0.733795 0.593675
threshold=0.78448277711868297 -0.0014941964182071386 0.039648637175560004 0.86587679386138927 0.54513904452323925 -0.075285982340574251 1.3159634470939638 0.65737342834472667 0.057776963338255889 0.85344827175140392
decision_type=2 2 2 2 2 2 2 2 2 2
left_child=3 -2 9 6 5 -5 8 -8 -1 -3
right_child=1 2 -4 4 -6 -7 7 -9 -10 -11
leaf_value=0.00069039899322111391 -0.00061821111747835953 0.0011860531430007766 -0.000348296249467502 -0.00057442865580445163 -0.00058991652697724592 -3.1650563947090585e-06 -0.00083185604600565606 2.9612377224747326e-05 5.5299567894178791e-07 0.00037674073584535587
leaf_weight=438 207 797 227 619 129 1439 207 241 7054 653
leaf_count=438 207 797 227 619 129 1439 207 241 7054 653
internal_value=-3.46412e-05 0.000385786 0.000586356 -0.000113625 -0.0005138 -0.000362942 -2.35988e-06 -0.00104581 5.98574e-05 0.000803265
internal_weight=12011 1884 1677 10127 2187 2058 7940 448 7492 1450
internal_count=12011 1884 1677 10127 2187 2058 7940 448 7492 1450
is_linear=0
shrinkage=0.025


Tree=657
num_leaves=12
num_cat=0
split_feature=37 38 34 13 14 44 41 30 45 1 14
split_gain=0.523734 1.09674 1.6163 1.12746 1.08565 0.75507 0.698005 0.557298 0.788558 0.531236 0.247361
threshold=0.026742737740278247 -0.18284156173467633 -0.034104479476809495 -0.32821679115295405 0.74303007125854503 0.022216437384486202 0.65086185932159435 -0.317567229270935 0.35326485335826879 0.0016125662368722262 0.3426265567541123
decision_type=2 2 2 2 2 2 2 2 2 2 2
left_child=1 9 3 -3 7 -6 -4 10 -9 -1 -2
right_child=4 2 6 -5 5 -7 -8 8 -10 -11 -12
leaf_value=0.0012962468958313815 0.0027730216703342244 -0.0004059575662198666 2.6414393186589246e-05 -0.000442525539429821 -0.0010421809495017723 9.0495245157416428e-05 -8.7183854070635892e-05 -0.00022529812515489683 0.0017248394540115232 6.9881369735664452e-05 0.0012637489854331243
leaf_weight=191 208 131 6064 812 122 223 3398 174 302 164 242
leaf_count=191 208 131 6064 812 122 223 3398 174 302 164 242
internal_value=-3.04295e-05 -8.76683e-05 -0.000135086 -0.00111946 0.000447688 -0.000732143 -3.57821e-05 0.000895542 0.000278067 0.00126736 0.00152473
internal_weight=12031 10760 10405 943 1271 345 9462 926 476 355 450
internal_count=12031 10760 10405 943 1271 345 9462 926 476 355 450
is_linear=0
shrinkage=0.025


Tree=658
num_leaves=15
num_cat=0
split_feature=39 11 27 33 22 48 26 13 29 5 47 6 26 30
split_gain=0.727132 1.32022 1.16887 1.24339 1.11578 1.00173 0.812782 1.20272 1.18078 0.880049 1.08413 0.755998 0.729825 0.447971
threshold=1.0696486830711367 0.021801508963108066 0.0075306976214051255 0.0098004438914358633 0.86587679386138927 0.3706896454095841 0.031691979616880424 -0.27466306090354914 0.09491466730833055 1.0052707195281985 0.86720469594001781 0.047748889774084098 0.03183704428374768 -0.17410642653703687
decision_type=2 2 2 2 2 2 2 2 2 2 2 2 2 2
left_child=1 4 3 -3 12 -6 9 13 -9 10 -2 -4 -1 -8
right_child=6 2 11 -5 5 -7 7 8 -10 -11 -12 -13 -14 -15
leaf_value=3.2258523549761814e-05 3.9493111505358857e-05 -0.00020644054973891824 0.00070663696554925043 -0.00083534420608690851 -0.0004301148982944249 6.6010098251697346e-05 0.00014510203326735196 -0.00080139993145839604 0.00012491916083138432 0.0012001099173708071 0.0021427779808967022 -0.0013876152692146463 0.00090362401420596367 0.00095337678544333291
leaf_weight=4015 2384 1010 196 235 980 676 121 518 328 337 329 140 601 149
leaf_count=4015 2384 1010 196 235 980 676 121 518 328 337 329 140 601 149
internal_value=3.46184e-05 -0.00010642 -0.000751103 -0.001105 5.55601e-05 -0.000498946 0.000301786 -0.000270963 -0.000738837 0.000513503 0.00035918 0.000538856 0.000256168 0.00115909
internal_weight=12019 7853 1581 1245 6272 1656 4166 1116 846 3050 2713 336 4616 270
internal_count=12019 7853 1581 1245 6272 1656 4166 1116 846 3050 2713 336 4616 270
is_linear=0
shrinkage=0.025


Tree=659
num_leaves=8
num_cat=0
split_feature=19 8 29 29 11 44 44
split_gain=0.589547 0.59259 0.996138 0.941444 0.924847 0.833845 1.08523
threshold=-0.20154152810573575 0.037165721878409393 0.060575352981686599 0.057009592652320869 0.010338533669710161 0.021580318920314315 0.024848956614732746
decision_type=2 2 2 2 2 2 2
left_child=-1 2 3 -2 -4 -3 -7
right_child=1 5 4 -5 -6 6 -8
leaf_value=0.000684790322575758 -2.6034444607935151e-06 -0.00087614418144856324 -0.00075409574540264671 -0.00057316942609349773 0.00029025457692779681 0.001142557906512301 -8.8962653306955334e-05
leaf_weight=191 6647 185 124 491 2982 237 1161
leaf_count=191 6647 185 124 491 2982 237 1161
internal_value=2.40166e-05 9.50904e-07 7.11046e-05 -9.08231e-05 0.000444793 -0.00044789 -0.000230755
internal_weight=12018 11827 10244 7138 3106 1583 1398
internal_count=12018 11827 10244 7138 3106 1583 1398
is_linear=0
shrinkage=0.025


Tree=660
num_leaves=10
num_cat=0
split_feature=25 14 7 25 15 16 31 5 22
split_gain=0.614307 1.50306 0.893537 1.587 0.66855 0.631955 0.56722 1.62636 1.17596
threshold=-9.7353978157043439 0.54310345649719249 0.0071132038719952115 -17.384462356567379 0.49137930572032934 0.035816960036754615 0.80925706028938305 0.31523890793323522 0.67871099710464489
decision_type=2 2 2 2 2 2 2 2 2
left_child=1 2 3 -1 -4 6 8 -8 -2
right_child=5 -3 4 -5 -6 -7 7 -9 -10
leaf_value=0.00027313007216943033 0.0002626689300752136 -0.00082866902835657032 -0.0002030247945297724 -0.00032999028077971589 0.00075005690181293545 0.0025305325949965315 -0.0020462999621644932 -2.6924066282282153e-07 -2.7462052596277735e-05
leaf_weight=363 2374 226 125 583 291 130 194 5490 2207
leaf_count=363 2374 226 125 583 291 130 194 5490 2207
internal_value=3.34711e-05 -0.000422944 -0.0001015 -0.000529705 0.000852138 0.000103966 8.09397e-05 -8.50324e-05 0.000288105
internal_weight=11983 1588 1362 946 416 10395 10265 5684 4581
internal_count=11983 1588 1362 946 416 10395 10265 5684 4581
is_linear=0
shrinkage=0.025


Tree=661
num_leaves=14
num_cat=0
split_feature=38 11 33 16 47 16 47 39 21 46 31 20 48
split_gain=0.738314 1.19311 1.48838 1.00031 0.912936 0.871477 0.853777 0.926829 0.82881 0.71306 1.96607 1.08933 0.468037
threshold=-0.00059619295643642534 0.017177220433950428 0.0040630921721458444 0.024560993537306789 0.5524578094482423 0.031091174110770229 0.88646370172500621 0.611280918121338 59.504440307617195 0.62931033968925487 0.50658103823661815 0.013565844390541317 0.97212031483650219
decision_type=2 2 2 2 2 2 2 2 2 2 2 2 2
left_child=6 3 -3 4 -2 -5 9 -8 -4 11 -11 -1 -9
right_child=1 2 8 5 -6 -7 7 12 -10 10 -12 -13 -14
leaf_value=-2.7057174525073977e-05 -0.00056440972324088177 -0.003497915029502763 -0.00078223727672734012 0.0019119312904312584 0.00051466997907623853 -0.00025435309882852389 -8.707585238576206e-05 0.0012164457519736503 -2.8785031862016589e-05 -0.0012473886608138332 -2.143293865482357e-05 0.00027078699596049649 -5.352187694059057e-05
leaf_weight=2140 735 123 278 471 287 169 165 762 523 213 2771 3251 160
leaf_count=2140 735 123 278 471 287 169 165 762 523 213 2771 3251 160
internal_value=5.28923e-06 -0.000368101 -0.00108584 2.92442e-05 -0.000451558 0.000804264 0.000108139 0.000765797 -0.000671526 2.1629e-05 -0.000287303 0.000193894 0.0010774
internal_weight=12048 2586 924 1662 1022 640 9462 1087 801 8375 2984 5391 922
internal_count=12048 2586 924 1662 1022 640 9462 1087 801 8375 2984 5391 922
is_linear=0
shrinkage=0.025


Tree=662
num_leaves=15
num_cat=0
split_feature=8 9 47 23 48 30 29 36 30 36 48 34 6 37
split_gain=0.596558 0.874416 1.08926 0.863841 0.801938 1.53533 0.791276 0.719865 1.60943 1.4784 0.694017 0.473946 0.258524 0.0972687
threshold=0.037165721878409393 0.043496891856193549 0.97212031483650219 0.30529937148094183 0.29548789560794836 0.076354317367076888 0.094065979123115553 0.36900384724140173 -0.4619073867797851 0.21670749038457873 0.69589141011238109 0.11014865338802339 0.059320406988263137 0.026662387885153297
decision_type=2 2 2 2 2 2 2 2 2 2 2 2 2 2
left_child=3 4 13 7 5 -2 -6 9 -9 -1 12 -12 -5 -3
right_child=1 2 -4 10 6 -7 -8 8 -10 -11 11 -13 -14 -15
leaf_value=-2.4605210281921744e-05 7.1987917049848033e-05 0.0020555673222278047 -0.00016988803019386437 0.0012666804941512762 -0.00052578069007361088 -0.00097499256068117677 0.00019388124472208116 -0.00082506246379881489 -2.6989389161821741e-05 0.00030782297319334977 -0.00015205338434195705 0.00026866451330768276 7.1591000861070288e-05 0.0005618233999371236
leaf_weight=4257 147 127 145 466 524 142 537 271 2006 2858 130 173 141 121
leaf_count=4257 147 127 145 466 524 142 537 271 2006 2858 130 173 141 121
internal_value=3.37138e-05 -0.000392591 0.000631281 0.000106602 -0.000696494 -0.00185799 -0.000367026 3.44526e-05 -0.000351117 0.000158884 0.000840164 -0.000117695 0.00132557 0.00163538
internal_weight=12045 1743 393 10302 1350 289 1061 9392 2277 7115 910 303 607 248
internal_count=12045 1743 393 10302 1350 289 1061 9392 2277 7115 910 303 607 248
is_linear=0
shrinkage=0.025


Tree=663
num_leaves=9
num_cat=0
split_feature=3 48 20 13 41 41 43 30
split_gain=0.702875 0.567233 1.87666 2.68423 1.56547 1.12653 0.704785 0.565993
threshold=0.71032688021659862 0.26724137365818029 0.11906041949987413 -0.30518421530723566 0.44694916903972631 0.53021183609962474 0.16077353060245517 0.13213976472616198
decision_type=2 2 2 2 2 2 2 2
left_child=1 2 3 -1 7 -4 -6 -3
right_child=-2 4 5 -5 6 -7 -8 -9
leaf_value=0.00062801193602685936 -0.0004748446425593976 3.6315930294368823e-05 -2.3685978516341615e-05 -0.001012661132428982 3.8671522691430268e-05 0.0010746923777377592 -9.7729794199219328e-05 0.0029093365814286212
leaf_weight=270 185 213 1565 827 6189 490 1678 535
leaf_count=270 185 213 1565 827 6189 490 1678 535
internal_value=2.70763e-05 5.19241e-05 -0.000234004 -0.00106738 0.000157338 0.000209345 5.22422e-05 0.00124668
internal_weight=11952 11767 3152 1097 8615 2055 7867 748
internal_count=11952 11767 3152 1097 8615 2055 7867 748
is_linear=0
shrinkage=0.025


Tree=664
num_leaves=14
num_cat=0
split_feature=31 40 17 5 44 41 40 39 11 48 17 35 23
split_gain=0.906457 1.60368 2.06073 1.16401 1.4556 0.727677 1.15651 2.52182 1.28258 1.0702 1.1009 0.986859 0.333064
threshold=2.3391754627227788 0.808283030986786 1.2561420798301699 1.3742053508758547 0.021350491791963581 0.64499518275260936 0.94802120327949535 0.84160640835762035 0.019162241369485859 0.26724137365818029 0.51973077654838573 0.29742948710918432 0.21133472770452502
decision_type=2 2 2 2 2 2 2 2 2 2 2 2 2
left_child=5 2 -2 4 -3 9 8 -8 -7 11 -11 -1 -5
right_child=1 3 -4 12 -6 6 7 -9 -10 10 -12 -13 -14
leaf_value=-0.0001119601811864734 -9.2545270430862093e-06 -0.0010256751798829919 -0.0020474919906467081 0.0018295878262315273 -3.3780968727502686e-05 -0.00012307482533892395 -0.0021205184524076275 -4.5537833950600004e-05 0.00082245939799225937 0.00061996202287249616 4.1375467060351125e-06 0.00097536372510781215 0.00048849789452893786
leaf_weight=2053 146 120 127 120 563 766 122 3215 734 2125 1410 347 183
leaf_count=2053 146 120 127 120 563 766 122 3215 734 2125 1410 347 183
internal_value=2.25366e-05 -0.000610166 -0.00228867 -0.000129919 -0.000706759 9.73138e-05 -0.000129337 -0.000389363 0.000444352 0.000283039 0.000559675 -0.000122141 0.00114042
internal_weight=12031 1259 273 986 683 10772 4837 3337 1500 5935 3535 2400 303
internal_count=12031 1259 273 986 683 10772 4837 3337 1500 5935 3535 2400 303
is_linear=0
shrinkage=0.025


Tree=665
num_leaves=12
num_cat=0
split_feature=35 41 7 40 14 25 27 40 44 21 27
split_gain=0.805207 1.09703 1.01236 1.47842 0.903636 1.3006 1.19562 0.742242 0.704092 0.591209 0.294719
threshold=-0.10675429180264472 0.57648310065269481 -0.019615287892520424 0.99877196550369274 0.8479457199573518 22.174862861633304 0.0073158952873200187 0.90078678727149974 0.037890281528234489 84.337741851806655 1.0000000180025095e-35
decision_type=2 2 2 2 2 2 2 2 2 2 2
left_child=1 -1 -3 -4 8 7 -7 -6 9 -2 -10
right_child=4 2 3 -5 5 6 -8 -9 10 -11 -12
leaf_value=-0.00059344295759288976 1.8831689088286364e-05 0.00054856683521509674 7.9220553567092749e-05 -0.0005067342455597223 -0.00088234838122594006 0.00061471485805335215 -0.00051483187797229935 -9.5198653434961744e-05 4.4822850035763443e-05 0.0028494096791732574 0.0015054346946281986
leaf_weight=152 8917 188 314 282 334 610 260 528 120 185 157
leaf_count=152 8917 188 314 282 334 610 260 528 120 185 157
internal_value=-1.87727e-05 -0.000721307 -0.000327947 -0.000838186 4.01449e-05 -0.000482873 0.000192857 -0.00116926 0.000137601 9.86879e-05 0.00136968
internal_weight=12047 936 784 596 11111 1732 870 862 9379 9102 277
internal_count=12047 936 784 596 11111 1732 870 862 9379 9102 277
is_linear=0
shrinkage=0.025


Tree=666
num_leaves=13
num_cat=0
split_feature=31 20 5 44 46 43 39 18 24 9 27 38
split_gain=0.691535 1.50164 1.64604 1.56469 1.13852 1.07123 1.31748 1.156 1.06511 0.993607 0.838476 0.66762
threshold=0.80925706028938305 0.33701261878013616 0.40769098699092871 0.022366533987224105 0.80080705881118786 0.037458229809999473 0.87590640783309948 0.02735195774585009 12.560256481170656 0.032602420076727874 -0.0070696391630917779 -0.001753982331138104
decision_type=2 2 2 2 2 2 2 2 2 2 2 2
left_child=4 2 3 -2 5 6 -1 -7 -4 10 -3 -11
right_child=1 9 8 -5 -6 7 -8 -9 -10 11 -12 -13
leaf_value=-0.00031466213584029599 -0.00026071696805293531 -0.0010206620830608137 -0.0017127539900185851 -0.004009994035085852 -0.0020271974037550755 0.0015033901654145396 0.00012477192135738289 9.8974680316484955e-06 -5.5415273730088113e-05 1.0116739109248096e-05 0.00033936868155642143 -0.00090446688735932321
leaf_weight=1613 157 125 163 152 158 611 2807 432 2386 1069 1944 406
leaf_count=1613 157 125 163 152 158 611 2807 432 2386 1069 1944 406
internal_value=1.88104e-05 -0.000158225 -0.000584614 -0.00229697 0.000221516 0.000283696 0.000111582 0.0010031 -0.000370497 0.000184207 0.000538211 -0.000308277
internal_weight=12023 6402 2858 309 5621 5463 4420 1043 2549 3544 2069 1475
internal_count=12023 6402 2858 309 5621 5463 4420 1043 2549 3544 2069 1475
is_linear=0
shrinkage=0.025


Tree=667
num_leaves=6
num_cat=0
split_feature=36 35 38 33 44
split_gain=0.636543 0.530031 0.965448 1.03109 0.354826
threshold=-0.11548355221748351 -0.2021590173244476 -0.1893995255231857 -0.0097242402844130976 0.020511825568974022
decision_type=2 2 2 2 2
left_child=-1 -2 4 -4 -3
right_child=1 2 3 -5 -6
leaf_value=0.0010164376860612079 -0.00046627471200822292 5.7994014232334862e-05 -0.00021250289269384467 1.7065625363992551e-05 0.0014296146598743796
leaf_weight=198 188 131 1253 10042 245
leaf_count=198 188 131 1253 10042 245
internal_value=3.40948e-05 9.79864e-06 3.17961e-05 -9.40256e-06 0.00126969
internal_weight=12057 11859 11671 11295 376
internal_count=12057 11859 11671 11295 376
is_linear=0
shrinkage=0.025


Tree=668
num_leaves=8
num_cat=0
split_feature=31 31 46 3 19 29 6
split_gain=0.788663 0.662942 1.2577 1.32544 0.797071 0.890611 0.730056
threshold=0.034507069736719138 2.3753703832626347 0.95286133885383617 0.55549857020378124 0.34510858356952673 0.094360750168561949 0.05160737223923207
decision_type=2 2 2 2 2 2 2
left_child=-1 4 3 -3 5 -2 -4
right_child=1 2 6 -5 -6 -7 -8
leaf_value=-0.00019264053726326762 9.7761107999397485e-06 -0.00059399003864969008 0.00080962102022889718 0.00045592703834232488 -0.00046071779828847794 0.00031075240831485103 -0.00016711273005541962
leaf_weight=186 9337 641 248 161 160 1151 172
leaf_count=186 9337 641 248 161 160 1151 172
internal_value=2.79837e-06 2.89475e-05 -0.000520579 -0.0011013 9.28143e-05 0.000120438 0.000573529
internal_weight=12056 11870 1222 802 10648 10488 420
internal_count=12056 11870 1222 802 10648 10488 420
is_linear=0
shrinkage=0.025


Tree=669
num_leaves=11
num_cat=0
split_feature=22 1 0 13 47 47 9 21 45 18
split_gain=0.694204 0.926581 0.781655 0.706743 0.756886 0.93283 0.904755 0.632961 1.09136 0.605854
threshold=0.82805645465850841 0.025656295940279964 0.006790031213313342 -0.0091994269751012308 0.88646370172500621 0.48606015741825109 0.03862325847148896 66.68119049072267 0.26724137365818029 0.024037310853600505
decision_type=2 2 2 2 2 2 2 2 2 2
left_child=3 2 -2 4 5 -1 -6 9 -9 -3
right_child=1 7 -4 -5 6 -7 -8 8 -10 -11
leaf_value=8.3992779001824139e-05 -0.0011167295760259942 0.00051852103849238168 -1.5364215401348092e-05 0.0014366818973071465 0.0012575617241253885 -4.7692207410448303e-05 2.1825143315417319e-05 -0.00076945262767910607 -1.6042054326454668e-05 -3.4481749298113984e-05
leaf_weight=4195 191 341 221 162 413 3376 598 329 1757 506
leaf_count=4195 191 341 221 162 413 3376 598 329 1757 506
internal_value=5.71565e-05 -0.000248134 -0.00135192 0.000174734 0.000142512 5.56033e-05 0.000783711 -8.89209e-05 -0.000324605 0.000482688
internal_weight=12089 3345 412 8744 8582 7571 1011 2933 2086 847
internal_count=12089 3345 412 8744 8582 7571 1011 2933 2086 847
is_linear=0
shrinkage=0.025


Tree=670
num_leaves=9
num_cat=0
split_feature=44 4 26 3 10 30 29 37
split_gain=0.763006 0.635739 1.41307 2.90112 1.00929 1.1307 0.743765 0.364208
threshold=0.009757081978023054 -0.12902899831533429 0.014507402200251819 -0.044913578778505318 0.017817027866840366 0.10197781398892404 0.030678695067763332 0.014152202289551498
decision_type=2 2 2 2 2 2 2 2
left_child=-1 4 3 -3 7 -6 -4 -2
right_child=1 2 6 -5 5 -7 -8 -9
leaf_value=0.00094787901820254754 0.00023666825210980004 -0.0019234442592103882 0.0004766489416042937 -1.9874980552463024e-05 8.5398100880440392e-05 -0.00032332589286655734 -6.589086910422347e-06 0.0021473953647107506
leaf_weight=140 673 134 810 478 313 154 9203 170
leaf_count=140 673 134 810 478 313 154 9203 170
internal_value=5.01864e-05 2.7743e-05 -3.58654e-05 -0.00119733 0.000546578 -0.000373411 3.5062e-05 0.00106279
internal_weight=12075 11935 10625 612 1310 467 10013 843
internal_count=12075 11935 10625 612 1310 467 10013 843
is_linear=0
shrinkage=0.025


Tree=671
num_leaves=14
num_cat=0
split_feature=39 47 35 30 9 9 20 47 17 39 34 27 42
split_gain=0.605875 0.808102 1.02303 0.8923 0.828424 0.757028 1.65625 1.46645 1.43654 1.13738 0.845292 0.299818 0.250955
threshold=1.0696486830711367 0.48606015741825109 0.34624868631362921 0.97272840142250072 0.027329785749316219 0.027998990379273895 -0.076822806149721132 0.62931033968925487 -0.032082986086606972 0.90872204303741466 0.13361001759767535 0.0041726347990334043 0.024269741959869865
decision_type=2 2 2 2 2 2 2 2 2 2 2 2 2
left_child=5 2 12 4 -3 7 9 10 -8 -7 -1 -9 -2
right_child=1 3 -4 -5 -6 6 8 11 -10 -11 -12 -13 -14
leaf_value=-4.2563808762068423e-05 0.0019360873531071591 -0.00014719305867041033 -0.00010673652887484391 0.0055441746558055581 5.3618887047117394e-05 -0.00021450866169451987 0.0045050195941164382 0.0010245026008106088 -9.3364821271499818e-05 -0.0016785346911630022 0.0007474779268969499 0.0041307524771226648 0.0011135798357186182
leaf_weight=3933 679 903 148 137 2173 129 139 314 2499 133 600 170 162
leaf_count=3933 679 903 148 137 2173 129 139 314 2499 133 600 170 162
internal_value=3.02088e-05 0.000273057 0.00089663 7.80765e-05 -9.33129e-06 -9.79865e-05 -0.000419535 8.68679e-05 -0.000226542 -0.00229869 -5.20603e-05 0.00138804 0.0012367
internal_weight=12119 4202 989 3213 3076 7917 2900 5017 2638 262 4533 484 841
internal_count=12119 4202 989 3213 3076 7917 2900 5017 2638 262 4533 484 841
is_linear=0
shrinkage=0.025


Tree=672
num_leaves=10
num_cat=0
split_feature=35 31 34 38 12 24 9 4 39
split_gain=0.620142 1.20864 0.53032 1.10015 1.33525 0.956857 1.04997 0.736465 0.3659
threshold=0.41625252366065985 1.6993024945259096 0.14085444808006289 -0.0013845768407918511 -0.057102674618363373 20.084221839904789 0.025198035873472694 0.98321405053138744 0.90605983138084423
decision_type=2 2 2 2 2 2 2 2 2
left_child=2 -2 3 7 -5 -4 -7 -1 -3
right_child=1 8 5 4 -6 6 -8 -9 -10
leaf_value=2.2828494277362982e-05 -0.002048340697895112 0.0007312554972988437 -0.00036845021615782139 0.00012100016363567887 -0.00082220891386428963 0.002332536338267696 0.00011463190825186587 -0.00021161219214967607 -9.02899916331257e-05
leaf_weight=8379 178 121 179 485 970 485 941 141 175
leaf_count=8379 178 121 179 485 970 485 941 141 175
internal_value=2.72619e-05 -0.00085334 6.41995e-05 -3.13117e-06 -0.000637842 0.000485249 0.000704927 0.000104839 0.000112126
internal_weight=12054 474 11580 9975 1455 1605 1426 8520 296
internal_count=12054 474 11580 9975 1455 1605 1426 8520 296
is_linear=0
shrinkage=0.025


Tree=673
num_leaves=12
num_cat=0
split_feature=37 42 29 8 3 38 33 24 11 33 33
split_gain=0.619818 0.851846 0.771975 1.10095 0.739934 0.694696 0.969623 1.28882 0.69739 0.57508 0.287977
threshold=0.026742737740278247 0.051099721342325218 0.09491466730833055 0.039648637175560004 -0.24404083937406537 -0.18284156173467633 -0.0097242402844130976 37.923257827758796 0.016269923187792305 0.0071940331254154452 0.0068978285416960725
decision_type=2 2 2 2 2 2 2 2 2 2 2
left_child=5 4 3 -3 -2 9 7 -7 -8 -1 -6
right_child=1 2 -4 -5 10 6 8 -9 -10 -11 -12
leaf_value=0.0017760136196476404 -2.8652775295855821e-05 0.0001959716238876493 0.00029177084723899267 -0.0017068267239899804 0.00075534398999064362 -0.00062700949470769103 8.0130308402200066e-05 0.00036424532230942423 -4.1874045802469022e-05 -0.00010688227383919931 0.002483508393492186
leaf_weight=229 175 130 120 121 441 831 4635 317 4626 123 273
leaf_count=229 175 130 120 121 441 831 4635 317 4626 123 273
internal_value=2.46342e-05 0.000548419 -0.000442154 -0.00123535 0.00096896 -3.63412e-05 -7.40589e-05 -0.000757806 1.03875e-05 0.00104692 0.0013265
internal_weight=12021 1260 371 251 889 10761 10409 1148 9261 352 714
internal_count=12021 1260 371 251 889 10761 10409 1148 9261 352 714
is_linear=0
shrinkage=0.025


Tree=674
num_leaves=9
num_cat=0
split_feature=18 46 14 44 17 3 40 28
split_gain=0.663966 0.688056 1.39284 1.90243 0.795875 1.07063 0.644488 0.619527
threshold=0.14854433387517932 0.10491563007235528 0.68534484505653392 0.015350922942161562 0.020449724048376087 -0.29033407568931574 1.2297810316085818 0.67499998211860668
decision_type=2 2 2 2 2 2 2 2
left_child=1 2 3 -1 6 -6 -3 -2
right_child=7 4 -4 -5 5 -7 -8 -9
leaf_value=-0.00089509201759678774 -0.00097361439988466231 0.00049565698739924529 -0.0013956209700584053 0.00033841812327495041 -0.0006582921591196157 1.5430461658430617e-05 -0.00010333430441511354 4.9857047098542501e-05
leaf_weight=313 149 1179 181 723 233 9045 137 126
leaf_count=313 149 1179 181 723 233 9045 137 126
internal_value=1.93327e-05 4.83456e-05 -0.000512479 -0.000147694 0.000113572 3.11053e-05 0.000687926 -0.00118304
internal_weight=12086 11811 1217 1036 10594 9278 1316 275
internal_count=12086 11811 1217 1036 10594 9278 1316 275
is_linear=0
shrinkage=0.025


Tree=675
num_leaves=13
num_cat=0
split_feature=44 13 44 10 43 31 40 39 48 41 20 40
split_gain=0.612141 1.27376 1.34604 1.48086 0.694147 1.84513 1.34691 1.20148 1.01216 0.628356 0.560681 0.17194
threshold=0.013625821564346554 -0.21093431115150449 0.012114902492612602 0.0096630635671317595 0.03448061645030976 2.1967362165451054 0.47328618168830877 1.4017913937568667 0.97212031483650219 0.64712300896644603 -0.1328967213630676 0.89472457766532909
decision_type=2 2 2 2 2 2 2 2 2 2 2 2
left_child=1 10 3 -3 5 7 -6 -2 -8 -4 -1 -12
right_child=4 2 9 -5 6 -7 8 -9 -10 -11 11 -13
leaf_value=8.5058322029017467e-06 -7.1504133654502584e-05 -6.1571925026932874e-06 0.001596169289427094 -0.0015960587513781472 -0.00041841565434583782 -0.00081674881127918495 8.8788040300760482e-05 0.00043428175901767435 -0.00070142068239683025 6.6468449088017026e-06 0.0012831345970699057 0.0030769923028004386
leaf_weight=146 4930 269 192 124 199 211 4660 425 158 227 121 286
leaf_count=146 4930 269 192 124 199 211 4660 425 158 227 121 286
internal_value=1.78826e-05 0.000515511 -0.000108629 -0.00115892 -4.59245e-05 -0.000238512 0.000166517 -0.000145756 0.000251659 0.000863797 0.00143593 0.00190837
internal_weight=11948 1365 812 393 10583 5566 5017 5355 4818 419 553 407
internal_count=11948 1365 812 393 10583 5566 5017 5355 4818 419 553 407
is_linear=0
shrinkage=0.025


Tree=676
num_leaves=14
num_cat=0
split_feature=0 45 31 42 16 16 34 22 11 23 30 16 36
split_gain=0.65067 1.3706 0.933147 0.885801 0.632796 1.526 0.731614 0.698004 0.919985 0.735602 0.429537 0.404714 0.261115
threshold=0.032329259440302856 0.46680118143558508 1.1027303934097292 0.031639104709029205 0.023910828866064552 0.023724089376628402 0.091338682919740691 0.25999382138252264 0.016812501475214962 0.12409836053848268 0.51785358786582958 0.021550012752413753 0.34773066639900213
decision_type=2 2 2 2 2 2 2 2 2 2 2 2 2
left_child=4 2 11 12 5 6 -1 9 -9 -6 -5 -2 -3
right_child=1 3 -4 10 7 -7 -8 8 -10 -11 -12 -13 -14
leaf_value=3.2890802891956077e-05 -0.00065332071118109967 0.0013815548812207842 -0.0018593173139820113 -0.00046874876089151386 -0.00078979389347252666 -0.00049553687064813896 -0.00016208084604523842 0.0012764393243142548 2.7838547785966107e-05 2.3588933935919566e-05 0.00035665369583269058 1.7293474177747166e-05 6.413936275498724e-05
leaf_weight=5473 130 202 145 478 170 133 1894 1113 1293 561 144 189 120
leaf_count=5473 130 202 145 478 170 133 1894 1113 1293 561 144 189 120
internal_value=4.40872e-05 -0.000459129 -0.0015645 8.29822e-05 0.000111469 -1.24916e-05 3.54382e-05 0.000409373 0.000615409 -0.00025985 -0.000460526 -0.000760031 0.00114297
internal_weight=12045 1408 464 944 10637 7500 7367 3137 2406 731 622 319 322
internal_count=12045 1408 464 944 10637 7500 7367 3137 2406 731 622 319 322
is_linear=0
shrinkage=0.025


Tree=677
num_leaves=7
num_cat=0
split_feature=45 44 36 3 31 36
split_gain=0.669929 0.988336 0.819277 1.71444 1.06582 0.289316
threshold=0.99137932062149059 0.037890281528234489 0.20684999227523806 0.33518017828464514 1.1449682116508486 0.3121714740991593
decision_type=2 2 2 2 2 2
left_child=1 2 3 -1 -4 -3
right_child=-2 5 4 -5 -6 -7
leaf_value=-1.4641468884404283e-05 -0.00037423280839958117 0.00091387884988108838 0.00012952020777598968 -0.00082239199305408092 -3.3002980412677434e-05 2.6348733613915712e-05
leaf_weight=4445 211 222 3588 319 3054 189
leaf_count=4445 211 222 3588 319 3054 189
internal_value=3.02295e-05 5.59339e-05 1.17212e-05 -0.000237733 0.000191628 0.001253
internal_weight=12028 11817 11406 4764 6642 411
internal_count=12028 11817 11406 4764 6642 411
is_linear=0
shrinkage=0.025


Tree=678
num_leaves=8
num_cat=0
split_feature=21 44 34 48 9 21 28
split_gain=0.65903 0.499244 0.893205 0.704748 1.47013 0.543537 0.369162
threshold=17.957410812377933 0.037124341353774078 -0.031133387237787243 0.97212031483650219 0.036927955225110061 21.892845153808597 0.57500001788139354
decision_type=2 2 2 2 2 2 2
left_child=-1 3 -3 5 -5 -2 -4
right_child=1 2 6 4 -6 -7 -8
leaf_value=0.0008649226365115781 -0.00018875498656392698 -0.00022776380408543541 0.0010276769201206359 2.8611153569795594e-05 -0.0017110118649405843 6.5531478943401891e-06 1.3548805258237403e-05
leaf_weight=188 125 123 298 179 122 10842 129
leaf_count=188 125 123 298 179 122 10842 129
internal_value=4.65199e-05 2.23083e-05 0.000754505 -1.31952e-05 -0.0011969 1.92536e-05 0.00129919
internal_weight=12006 11818 550 11268 301 10967 427
internal_count=12006 11818 550 11268 301 10967 427
is_linear=0
shrinkage=0.025


Tree=679
num_leaves=14
num_cat=0
split_feature=31 40 40 20 40 48 13 13 47 40 20 33 5
split_gain=0.489356 1.52632 2.08277 2.88345 1.38129 2.1358 1.4861 1.40059 1.35746 1.10682 1.31438 0.843538 0.698321
threshold=0.80925706028938305 1.1242663264274599 1.0829625725746157 0.29138566553592687 1.2297810316085818 0.3706896454095841 -0.26434317231178278 -0.25731857120990748 0.1241746135056019 1.3781440258026125 -0.080596946179866777 -0.014605224598199127 0.40769098699092871
decision_type=2 2 2 2 2 2 2 2 2 2 2 2 2
left_child=4 2 8 -4 5 7 -7 -1 -2 10 -6 -3 -13
right_child=1 11 3 -5 9 6 -8 -9 -10 -11 -12 12 -14
leaf_value=0.00035777438328480574 0.0010226211453886727 -0.0006568832514124149 -0.0024586874896121197 -0.00013395750661913814 -0.00099726414812325312 -2.7265689834258921e-06 0.0013158507517258408 -0.00033147245233541682 -0.00010371120115521527 4.0396028042594963e-05 -0.00019138810702060987 -0.00013592625085767732 0.0004152259166077788
leaf_weight=532 420 124 172 265 123 933 2008 1565 3801 207 266 131 1522
leaf_count=532 420 124 172 265 123 933 2008 1565 3801 207 266 131 1522
internal_value=3.86161e-05 -0.000109666 -0.00034822 -0.00198247 0.000209035 0.000344785 0.000779447 -0.00026225 -0.000175402 -0.000921381 -0.00170368 0.000511364 0.000664204
internal_weight=12069 6435 4658 437 5634 5038 2941 2097 4221 596 389 1777 1653
internal_count=12069 6435 4658 437 5634 5038 2941 2097 4221 596 389 1777 1653
is_linear=0
shrinkage=0.025


Tree=680
num_leaves=8
num_cat=0
split_feature=30 41 29 33 47 48 30
split_gain=0.548858 0.474197 1.17532 1.0411 0.818063 0.812076 0.714039
threshold=-1.5510051846504209 0.21283792704343799 0.087558418512344374 0.0061895044054836043 0.88646370172500621 0.057776963338255889 -0.16878663748502729
decision_type=2 2 2 2 2 2 2
left_child=-1 2 3 -2 5 -3 -6
right_child=1 4 -4 -5 6 -7 -8
leaf_value=0.00098832156517176324 -0.00025410640212598663 0.00064032079386791259 -0.00076287190937507354 0.0021712733553548159 -0.00011172937243266037 -3.6347602228431826e-06 0.00085533979131484144
leaf_weight=148 175 299 193 138 299 9990 855
leaf_count=148 175 299 193 138 299 9990 855
internal_value=7.1166e-05 5.15519e-05 -0.00069227 0.00023978 8.5277e-05 1.37217e-05 0.000715056
internal_weight=12097 11949 506 313 11443 10289 1154
internal_count=12097 11949 506 313 11443 10289 1154
is_linear=0
shrinkage=0.025


Tree=681
num_leaves=8
num_cat=0
split_feature=45 4 45 8 17 43 16
split_gain=0.65584 0.543717 1.22239 0.829546 0.991064 0.689611 0.328744
threshold=0.99137932062149059 -0.14889296144247052 0.057776963338255889 0.019229976460337642 0.36532762646675115 0.019242695532739166 0.018219118937850002
decision_type=2 2 2 2 2 2 2
left_child=1 3 -3 6 -5 -4 -1
right_child=-2 2 5 4 -6 -7 -8
leaf_value=0.00027169485795041238 -0.0002957600394153848 -0.00048690628810677634 -3.3578484147342764e-05 -0.00011561699056422948 0.00083172083278992099 5.5005798956892106e-05 0.0009822954673759563
leaf_weight=337 210 206 4991 445 232 5435 184
leaf_count=337 210 206 4991 445 232 5435 184
internal_value=1.55676e-06 2.69329e-05 -2.9496e-05 0.000530964 -3.84896e-05 8.02905e-06 0.00127614
internal_weight=12040 11830 10632 1198 677 10426 521
internal_count=12040 11830 10632 1198 677 10426 521
is_linear=0
shrinkage=0.025


Tree=682
num_leaves=7
num_cat=0
split_feature=31 46 9 40 32 14
split_gain=0.98976 0.621888 2.17648 0.801591 1.23362 0.65842
threshold=0.023493722081184391 0.038517974317073829 0.025882319547235969 1.2712417840957644 0.7404981553554536 0.019258987158536914
decision_type=2 2 2 2 2 2
left_child=-1 2 -2 5 -5 -3
right_child=1 3 -4 4 -6 -7
leaf_value=-0.00041556212212690111 9.9914620950972884e-05 -0.00018497652838978169 -0.0007774353351490005 0.00058242629450043373 -0.00048804328059547298 3.4231757974225274e-05
leaf_weight=125 192 170 188 179 732 10463
leaf_count=125 192 170 188 179 732 10463
internal_value=5.49619e-06 2.96547e-05 -0.000957792 6.31008e-05 -0.000645469 0.000124671
internal_weight=12049 11924 380 11544 911 10633
internal_count=12049 11924 380 11544 911 10633
is_linear=0
shrinkage=0.025


Tree=683
num_leaves=10
num_cat=0
split_feature=22 1 20 8 31 31 47 10 39
split_gain=0.64307 0.79888 0.773062 0.713066 0.646942 1.28451 1.07535 0.28647 0.720072
threshold=1.0860151052474978 0.11218278855085374 0.37902806699275976 0.022166457958519462 0.80925706028938305 0.54936203360557567 0.094827588647604003 0.013287885114550592 0.98941552639007579
decision_type=2 2 2 2 2 2 2 2 2
left_child=1 4 3 -2 5 -1 -6 -3 -9
right_child=2 7 -4 -5 6 -7 -8 8 -10
leaf_value=-2.4278155106034208e-06 -0.00039108465518342237 0.0021155023576370636 1.6788279770688606e-05 -0.0028273758029848748 0.0014171758420665496 0.00060731293158582632 -6.2325830444329741e-05 -0.00049254508420682581 0.0017349127502464543
leaf_weight=3877 154 158 231 120 297 1505 5357 134 197
leaf_count=3877 154 158 231 120 297 1505 5357 134 197
internal_value=2.23308e-05 6.12533e-05 -0.000845588 -0.00173387 1.66426e-05 0.000213245 -0.00016942 0.00104504 0.000584077
internal_weight=12030 11525 505 274 11036 5382 5654 489 331
internal_count=12030 11525 505 274 11036 5382 5654 489 331
is_linear=0
shrinkage=0.025


Tree=684
num_leaves=13
num_cat=0
split_feature=4 23 12 17 5 4 13 26 17 30 11 16
split_gain=0.590478 0.764387 1.24792 0.82473 0.692244 0.82422 0.777156 0.564021 0.849663 1.09485 0.237445 0.217106
threshold=-0.14889296144247052 0.069072876125574126 -0.11933707073330878 0.2917128205299378 -0.11304199695587157 0.033525563776493079 -0.34522527456283564 0.015121115371584894 0.36532762646675115 -0.39310279488563532 0.021154967136681083 0.016566904261708263
decision_type=2 2 2 2 2 2 2 2 2 2 2 2
left_child=7 2 -2 -4 5 -3 -6 11 9 -9 -10 -1
right_child=1 4 3 -5 6 -7 -8 8 10 -11 -12 -13
leaf_value=0.00061058860189892753 -0.0012401550365485122 8.2543942169523076e-06 0.00060421358965561799 -0.00028690847821303059 -0.00047157187203309737 0.0019617966126378923 -1.0107886110583013e-06 0.0012716345244755767 0.0020288472572727945 -0.00010437211180053536 0.00036026955163560414 0.00083533293323400065
leaf_weight=154 120 402 228 176 277 262 9352 173 169 478 125 120
leaf_count=154 120 402 228 176 277 262 9352 173 169 478 125 120
internal_value=2.35654e-05 -3.4767e-05 -0.00096172 -0.000265892 1.22598e-05 0.000790359 -4.11303e-05 0.000544322 0.000243421 -0.00025343 0.00135033 0.00153674
internal_weight=12036 10817 524 404 10293 664 9629 1219 945 651 294 274
internal_count=12036 10817 524 404 10293 664 9629 1219 945 651 294 274
is_linear=0
shrinkage=0.025


Tree=685
num_leaves=8
num_cat=0
split_feature=31 31 43 23 17 45 43
split_gain=0.822255 0.797588 0.958553 0.98042 0.770898 1.59864 0.881842
threshold=0.023493722081184391 2.3391754627227788 0.050331844016909606 0.15405891090631488 0.86793145537376415 0.24834922701120379 0.17153660207986834
decision_type=2 2 2 2 2 2 2
left_child=-1 4 -3 -4 6 -6 -2
right_child=1 2 3 -5 5 -7 -8
leaf_value=-0.00032225338943942059 2.8644291495957965e-05 -0.0010905137222999956 0.00090329272800757424 -0.00016018983936362757 -0.00046640804328008467 0.00081729174760627175 -0.00013069804068228119
leaf_weight=126 7730 163 210 910 120 1092 1653
leaf_count=126 7730 163 210 910 120 1092 1653
internal_value=3.15389e-05 5.37534e-05 -0.000532803 -0.000261111 0.00012559 0.000717954 4.80668e-05
internal_weight=12004 11878 1283 1120 10595 1212 9383
internal_count=12004 11878 1283 1120 10595 1212 9383
is_linear=0
shrinkage=0.025


Tree=686
num_leaves=13
num_cat=0
split_feature=36 16 39 23 35 16 6 37 36 13 16 37
split_gain=0.62685 1.75806 1.12606 1.37375 0.856204 0.748736 1.03953 0.962787 1.52686 1.07496 0.787139 0.238369
threshold=0.49448882043361669 0.028236421756446365 0.74833738803863536 0.1417132765054703 0.38020190596580511 0.031839871779084213 0.041007932275533683 0.011736339423805477 0.21456083655357364 -0.25731857120990748 0.035816960036754615 0.012797545641660692
decision_type=2 2 2 2 2 2 2 2 2 2 2 2
left_child=5 2 -2 -4 11 7 -7 9 -9 -1 -8 -3
right_child=1 4 3 -5 -6 6 10 8 -10 -11 -12 -13
leaf_value=0.00011553605085528506 0.00034210860188289431 0.00018614694761927248 -0.0028879731720574003 -0.00036824209956002186 -0.00030065393756891249 0.00012617498197118278 -0.0013116379554135673 -2.217905802169614e-05 0.00029329237794003621 -0.00014135864702667989 -2.1455896904957927e-05 0.004128493134875154
leaf_weight=862 154 120 173 488 190 155 143 2507 3807 3080 142 172
leaf_count=862 154 120 173 488 190 155 143 2507 3807 3080 142 172
internal_value=-9.37563e-07 -0.000519393 -0.00122713 -0.00167605 0.000664784 6.15598e-05 -0.000941011 0.000105618 0.000297318 -0.000199835 -0.0018319 0.00151094
internal_weight=11993 1297 815 661 482 10696 440 10256 6314 3942 285 292
internal_count=11993 1297 815 661 482 10696 440 10256 6314 3942 285 292
is_linear=0
shrinkage=0.025


Tree=687
num_leaves=8
num_cat=0
split_feature=31 17 44 16 16 17 16
split_gain=0.627684 0.771489 0.604503 0.618131 1.1345 0.839049 0.338711
threshold=0.052072508260607726 -0.10216405242681502 0.011111441534012558 0.02408415358513594 0.02054516971111298 1.376909136772156 0.016415883786976341
decision_type=2 2 2 2 2 2 2
left_child=1 -1 6 4 -4 -5 -2
right_child=2 -3 3 5 -6 -7 -8
leaf_value=-0.00050182338982373502 0.00051202236406609335 5.5127005075248601e-05 3.7908138351052745e-05 0.00013062604409218182 -0.00011284622531858827 -0.00039207074899475278 0.0013725754262073882
leaf_weight=139 173 133 4905 3163 3179 164 160
leaf_count=139 173 133 4905 3163 3179 164 160
internal_value=4.23219e-05 -0.00113267 7.0538e-05 3.909e-05 -7.8347e-05 0.000326005 0.00111317
internal_weight=12016 272 11744 11411 8084 3327 333
internal_count=12016 272 11744 11411 8084 3327 333
is_linear=0
shrinkage=0.025


Tree=688
num_leaves=15
num_cat=0
split_feature=33 27 46 41 34 33 37 32 47 34 10 2 27 26
split_gain=0.535776 1.13247 1.53933 1.53786 0.845108 0.78718 0.686776 1.8873 1.29645 0.930313 0.905017 1.13413 0.548533 0.121849
threshold=-0.002278880099765956 0.0025207394501194362 0.78154808282852184 0.71494150161743175 0.12522014975547793 -0.014605224598199127 0.010728531051427128 0.86632442474365245 0.73275861144065868 0.1512151509523392 0.008376311510801317 0.32588496804237371 0.0057454395573586234 0.016722665168344978
decision_type=2 2 2 2 2 2 2 2 2 2 2 2 2 2
left_child=1 4 3 -3 5 -1 7 8 -2 -9 13 -12 -4 -8
right_child=6 2 12 -5 -6 -7 10 9 -10 -11 11 -13 -14 -15
leaf_value=-0.00017704019573860084 -0.00037350995131256963 -0.0012656501110424065 0.0021821012860767002 4.9643119192078827e-05 0.0020636655322934881 7.4460929487815575e-05 0.00012266398465129999 6.9190481550326368e-05 8.1133135392359336e-05 0.0028862551261547575 7.1313779305827416e-05 -0.00092953238937514698 -2.1581103055521062e-05 0.0017339835959164708
leaf_weight=688 1052 594 120 277 237 1354 120 1165 396 267 5246 151 174 150
leaf_count=688 1052 594 120 277 237 1354 120 1165 396 267 5246 151 174 150
internal_value=3.5116e-05 -0.00022724 -0.000860043 -0.00138841 9.46805e-05 -6.7782e-05 0.000141634 -0.000171144 -0.000807811 0.000468859 0.000301701 0.000228851 0.000681438 0.00170455
internal_weight=11991 3444 1165 871 2279 2042 8547 2880 1448 1432 5667 5397 294 270
internal_count=11991 3444 1165 871 2279 2042 8547 2880 1448 1432 5667 5397 294 270
is_linear=0
shrinkage=0.025


Tree=689
num_leaves=12
num_cat=0
split_feature=37 34 3 9 47 40 37 37 40 1 27
split_gain=0.713655 1.29515 1.14257 1.44846 1.86511 1.20442 0.864863 0.834358 0.811345 0.62095 0.531408
threshold=0.011736339423805477 0.196002371609211 0.25347794592380529 0.024853055365383628 0.8479457199573518 0.9771585762500764 0.012738287448883058 0.010309265460819008 0.94036948680877697 -0.0050770929083228103 0.0081208334304392355
decision_type=2 2 2 2 2 2 2 2 2 2 2
left_child=2 6 3 5 -5 -1 9 10 -8 -2 -4
right_child=1 -3 7 4 -6 -7 8 -9 -10 -11 -12
leaf_value=-0.00017930931460410031 2.0009667615986593e-05 -0.00077603235548037264 0.0013025162528125305 -0.00081168492958782156 0.00013987416264471276 0.00025618948728791877 0.00010003596328863813 -0.00074613136760775579 -2.3946584161733763e-05 0.0016725292688358287 -7.9071744181608876e-05
leaf_weight=1308 222 177 602 688 305 945 3281 121 3816 406 140
leaf_count=1308 222 177 602 688 305 945 3281 121 3816 406 140
internal_value=1.21714e-05 0.000151606 -0.000254314 -0.00047024 -0.00126378 -0.0001157 0.000201326 0.000548675 0.000121269 0.00108807 0.000868474
internal_weight=12011 7902 4109 3246 993 2253 7725 863 7097 628 742
internal_count=12011 7902 4109 3246 993 2253 7725 863 7097 628 742
is_linear=0
shrinkage=0.025


Tree=690
num_leaves=14
num_cat=0
split_feature=22 1 36 21 21 36 19 11 9 44 40 30 34
split_gain=0.535708 0.984243 1.11117 0.723125 1.26936 0.596932 1.05872 1.19253 1.03669 0.976137 1.3283 0.529771 0.506642
threshold=0.82805645465850841 0.025656295940279964 0.21143719553947452 79.722911834716811 68.148086547851577 0.37982495129108435 -0.016125151887536045 0.025501025840640072 0.032190518453717239 0.021820327267050747 1.2077193856239321 0.39566533267498022 0.14227169752120974
decision_type=2 2 2 2 2 2 2 2 2 2 2 2 2
left_child=5 2 -2 4 -3 9 7 -7 -8 10 -1 -11 -5
right_child=1 3 -4 12 -6 6 8 -9 -10 11 -12 -13 -14
leaf_value=4.5192861992498156e-05 -0.0010464147085443307 0.00012028258825709517 -1.3333497746358721e-05 1.2801481287258221e-05 -0.00048044217558086975 -0.00074744627659495389 0.00020521524544584076 9.3612400841039395e-05 -0.00046226081109298849 9.4130021546970244e-05 -0.00027992263742755892 0.0011588531470692724 0.0019223374055917205
leaf_weight=3619 187 984 234 473 1176 497 1007 202 536 1680 548 642 278
leaf_count=3619 187 984 234 473 1176 497 1007 202 536 1680 548 642 278
internal_value=6.22515e-05 -0.000206398 -0.00132923 -3.98662e-05 -0.000274249 0.000165551 -0.000184134 -0.000988991 0.000178456 0.000287381 5.66276e-05 0.000697787 0.000623347
internal_weight=12063 3332 421 2911 2160 8731 2242 699 1543 6489 4167 2322 751
internal_count=12063 3332 421 2911 2160 8731 2242 699 1543 6489 4167 2322 751
is_linear=0
shrinkage=0.025


Tree=691
num_leaves=8
num_cat=0
split_feature=11 22 22 38 18 0 18
split_gain=0.572703 0.634661 1.01011 0.982222 0.864215 0.765534 0.726662
threshold=0.0083083258941769617 0.68191048502922069 0.2965275794267655 -0.16257522255182263 0.0024473707890138034 0.032329259440302856 0.025124833919107917
decision_type=2 2 2 2 2 2 2
left_child=-1 2 3 -2 -3 -4 -6
right_child=1 4 5 -5 6 -7 -8
leaf_value=0.0011395414118984693 0.00048786105285844464 -0.00094327233989663351 0.00012503171517390212 -0.00012395834307464209 0.00011620829037768781 -0.0001715500388929529 -9.2130160929865585e-05
leaf_weight=231 402 230 3611 2174 932 285 4149
leaf_count=231 402 230 3611 2174 932 285 4149
internal_value=3.56728e-05 1.07101e-05 0.000177358 -0.000204862 -0.000191168 0.00043162 -0.000121166
internal_weight=12014 11783 6472 2576 5311 3896 5081
internal_count=12014 11783 6472 2576 5311 3896 5081
is_linear=0
shrinkage=0.025


Tree=692
num_leaves=15
num_cat=0
split_feature=39 26 29 20 5 47 32 6 4 20 20 40 43 4
split_gain=0.702769 0.733892 1.35772 0.905762 0.89712 0.849411 0.64964 1.37395 1.2076 1.43993 0.900705 0.824876 0.368785 0.284271
threshold=1.0696486830711367 0.031691979616880424 0.061338938772678382 0.21074266731739047 0.888492912054062 0.82868674397468578 0.73702046275138866 0.016453166492283348 0.33249235153198248 0.35111160576343542 0.22663525491952899 0.97310829162597667 0.029811400920152668 0.61856403946876537
decision_type=2 2 2 2 2 2 2 2 2 2 2 2 2 2
left_child=6 4 -3 -4 5 -2 8 12 11 -10 -9 -1 -8 -6
right_child=1 2 3 -5 13 -7 7 10 9 -11 -12 -13 -14 -15
leaf_value=0.00011019339277991294 1.9384075672021661e-05 -0.0015658357471855515 0.00076510746292243086 -8.3686600928787374e-05 0.0013164180098716237 0.0012231706153566268 0.00010328736007347213 -0.00015974752132820683 -0.0012626327059338275 -0.00011128268241907312 4.6006878939407767e-05 -0.00041362110795727211 0.0016420995874075477 0.00035711447696016734
leaf_weight=662 2140 122 301 710 308 421 458 2924 215 227 2894 289 230 178
leaf_count=662 2140 122 301 710 308 421 458 2924 215 227 2894 289 230 178
internal_value=4.68596e-05 0.00030914 -0.000229569 7.0128e-05 0.00051155 0.000320051 -9.12512e-05 1.28629e-05 -0.000580293 -0.00165268 -0.000111412 -6.92991e-05 0.00106602 0.0014944
internal_weight=12079 4180 1133 1011 3047 2561 7899 6506 1393 442 5818 951 688 486
internal_count=12079 4180 1133 1011 3047 2561 7899 6506 1393 442 5818 951 688 486
is_linear=0
shrinkage=0.025


Tree=693
num_leaves=14
num_cat=0
split_feature=37 37 47 9 48 9 10 23 48 32 14 17 30
split_gain=0.624481 1.78826 0.873057 1.16923 0.835067 1.03493 1.31136 0.751037 1.17462 0.723929 1.16601 0.984634 0.515543
threshold=0.010728531051427128 0.009930161293596031 0.78154808282852184 0.024953630752861503 0.90517240762710582 0.042881326749920852 0.020912644453346733 0.099345210939645781 0.3706896454095841 1.0466921925544741 0.68534484505653392 1.4175644516944887 0.16293097287416461
decision_type=2 2 2 2 2 2 2 2 2 2 2 2 2
left_child=1 2 3 -1 9 6 -6 -3 -9 11 -11 -2 -4
right_child=4 7 12 -5 5 -7 -8 8 -10 10 -12 -13 -14
leaf_value=1.1783568417663543e-05 0.00013479105722511049 -7.8981351855239058e-07 1.1283990871663183e-05 -0.00056396733158683228 5.1508640258771496e-06 0.00056374841756166459 -0.0011183142110400719 -0.0022994574753271969 -0.00024306588911590413 8.759344442298653e-05 -0.00016855146773493023 -0.0023198933461461325 0.0012617703044253061
leaf_weight=1802 4400 160 295 490 315 188 313 167 286 1840 1294 136 349
leaf_count=1802 4400 160 295 490 315 188 313 167 286 1840 1294 136 349
internal_value=2.54361e-05 -0.000252181 2.97527e-06 -0.000223661 0.000142357 -0.000613581 -0.00110387 -0.00147451 -0.00198963 0.000223941 -6.6502e-05 0.000425842 0.000814715
internal_weight=12035 3549 2936 2292 8486 816 628 613 453 7670 3134 4536 644
internal_count=12035 3549 2936 2292 8486 816 628 613 453 7670 3134 4536 644
is_linear=0
shrinkage=0.025


Tree=694
num_leaves=9
num_cat=0
split_feature=16 36 35 42 40 38 35 38
split_gain=0.593096 0.736741 1.20911 2.41019 1.83389 1.12263 1.81495 1.74856
threshold=0.012221025303006174 0.20684999227523806 0.13185491412878039 0.11005311086773874 0.77559348940849315 -0.018733770586550232 0.028608522377908233 -0.0098126814700663072
decision_type=2 2 2 2 2 2 2 2
left_child=-1 2 4 -4 -2 6 -3 -7
right_child=1 5 3 -5 -6 7 -8 -9
leaf_value=0.0017056071266127782 -0.00041600511627168 -0.00010874981376801257 -0.00016978096640625734 -0.0014704176152495741 7.3076284781439766e-05 -0.0011851610692904871 0.00080495156908188766 1.0433871919929894e-05
leaf_weight=150 785 1203 1101 167 2834 351 2393 3101
leaf_count=150 785 1203 1101 167 2834 351 2393 3101
internal_value=3.56701e-05 1.51802e-05 -0.000220002 -0.000882757 1.13825e-05 0.000179179 0.000488406 -0.00014138
internal_weight=12085 11935 4887 1268 3619 7048 3596 3452
internal_count=12085 11935 4887 1268 3619 7048 3596 3452
is_linear=0
shrinkage=0.025


Tree=695
num_leaves=11
num_cat=0
split_feature=0 17 7 38 23 0 35 22 39 12
split_gain=0.567937 1.04327 0.848692 0.823981 0.741479 0.626846 0.797636 0.754629 0.668877 0.578823
threshold=0.032329259440302856 0.034274714067578323 0.03966557793319226 -0.1112704463303089 0.13859668374061587 0.014462201390415432 -0.10675429180264472 1.0414279103279116 0.49153240025043493 -0.29268248379230494
decision_type=2 2 2 2 2 2 2 2 2 2
left_child=5 -2 3 -3 -4 7 -7 9 -8 -1
right_child=1 2 4 -5 -6 6 8 -9 -10 -11
leaf_value=-5.3212226567921594e-05 -0.00088649151545429404 0.00059681473352499583 -0.0005025290601767652 -0.0011245820265782108 0.00036676331870747506 -0.00027177149009185981 -0.00038651226287273106 -0.001614379343951494 0.00047429196510460913 1.754758967000929e-05
leaf_weight=386 170 123 120 397 581 153 133 121 1578 8264
leaf_count=386 170 123 120 397 581 153 133 121 1578 8264
internal_value=3.18969e-05 -0.00044144 -0.000176387 -0.000940476 0.000384207 9.45725e-05 0.0005103 5.27015e-06 0.000667978 3.394e-05
internal_weight=12026 1391 1221 520 701 10635 1864 8771 1711 8650
internal_count=12026 1391 1221 520 701 10635 1864 8771 1711 8650
is_linear=0
shrinkage=0.025


Tree=696
num_leaves=9
num_cat=0
split_feature=26 5 43 39 48 44 44 4
split_gain=0.636765 0.609591 0.627722 1.76863 1.60523 0.591305 1.22431 0.499329
threshold=0.011039863806217911 -0.14009514451026914 0.040282635018229491 0.3718161433935166 0.90517240762710582 0.018837424926459793 0.017147042788565162 -0.099956020712852464
decision_type=2 2 2 2 2 2 2 2
left_child=-1 5 3 -3 -4 6 -2 -7
right_child=1 2 4 -5 -6 7 -8 -9
leaf_value=-0.00052166264512054487 0.00017412033688993551 -0.0014135657972081282 7.7567282755615781e-05 -2.024111467153986e-05 -0.00024454709643505825 1.9273073381592791e-05 -0.00022167547114552416 0.0034347980377043698
leaf_weight=143 538 158 4669 5472 489 148 132 217
leaf_count=143 538 158 4669 5472 489 148 132 217
internal_value=3.20567e-05 5.29465e-05 -2.20041e-06 -0.000185226 0.000196349 0.00063101 0.000175926 0.00143581
internal_weight=11966 11823 10788 5630 5158 1035 670 365
internal_count=11966 11823 10788 5630 5158 1035 670 365
is_linear=0
shrinkage=0.025


Tree=697
num_leaves=7
num_cat=0
split_feature=8 10 4 10 45 40
split_gain=0.518681 0.578296 0.571018 1.60037 0.810397 0.414361
threshold=0.010579048655927183 0.0062415467109531173 -0.12902899831533429 0.016512106172740463 0.057776963338255889 0.86236399412155162
decision_type=2 2 2 2 2 2
left_child=-1 5 3 -3 -4 -2
right_child=1 2 4 -5 -6 -7
leaf_value=-0.0001485107571615383 0.0020247225806304249 0.00092242236425104187 -0.0002883350859090123 -4.0815363212360865e-05 2.9760306218801422e-06 2.5711807234426799e-05
leaf_weight=184 150 703 169 559 10065 194
leaf_count=184 150 703 169 559 10065 194
internal_value=6.05829e-05 8.17857e-05 5.07565e-05 0.0005515 -1.06211e-05 0.00108524
internal_weight=12024 11840 11496 1262 10234 344
internal_count=12024 11840 11496 1262 10234 344
is_linear=0
shrinkage=0.025


Tree=698
num_leaves=13
num_cat=0
split_feature=36 16 46 30 45 48 30 17 16 23 5 11
split_gain=0.659399 1.43458 1.2093 1.66913 1.34962 0.626479 1.14215 0.637988 0.796626 0.770544 0.606123 0.340551
threshold=0.49448882043361669 0.028761890716850761 0.33400586247444158 0.037411326542496688 0.8479457199573518 0.97212031483650219 -0.053306600078940385 0.85499504208564769 0.031839871779084213 0.18823206424713138 1.0937833786010744 0.017403010278940204
decision_type=2 2 2 2 2 2 2 2 2 2 2 2
left_child=5 2 3 -2 -4 7 -7 8 -1 -9 11 -3
right_child=1 10 4 -5 -6 6 -8 9 -10 -11 -12 -13
leaf_value=1.5640893230571569e-05 -0.00013093656465296773 0.003151007090533578 2.2603796314045628e-05 -0.0034385719587907123 -0.0012892877416621855 -0.0015234186439893544 2.281620570228467e-05 0.0005356039221506455 -0.00039703930028515445 1.2427326740259904e-05 -0.0002341454864231268 0.00035898685361939196
leaf_weight=8394 136 161 492 139 120 136 218 837 308 890 121 128
leaf_count=8394 136 161 492 139 120 136 218 837 308 890 121 128
internal_value=3.05131e-05 -0.000500192 -0.00106642 -0.00243304 -0.000427472 9.51289e-05 -0.000929666 0.000130942 4.29253e-05 0.000569428 0.000707831 0.00133078
internal_weight=12080 1297 887 275 612 10783 354 10429 8702 1727 410 289
internal_count=12080 1297 887 275 612 10783 354 10429 8702 1727 410 289
is_linear=0
shrinkage=0.025


Tree=699
num_leaves=8
num_cat=0
split_feature=17 46 29 37 37 30 30
split_gain=0.57821 1.25388 0.573022 0.76035 0.65912 0.451587 0.716358
threshold=1.376909136772156 0.97212031483650219 0.095260854810476317 0.035876303911209113 0.024621151387691501 0.051318204030394561 0.35539729893207556
decision_type=2 2 2 2 2 2 2
left_child=2 -2 3 4 -1 -4 -7
right_child=1 -3 5 -5 -6 6 -8
leaf_value=1.9656389675053956e-06 -0.0016349613382569399 0.0001219692204213647 0.0034519886570510807 -0.00043207001348964435 0.00038610649882294594 -0.00024974352578273714 0.0011500466212365609
leaf_weight=9956 140 198 149 145 1152 121 253
leaf_count=9956 140 198 149 145 1152 121 253
internal_value=6.63216e-05 -0.000943877 9.62356e-05 5.78478e-05 8.22236e-05 0.000901989 0.000405673
internal_weight=12114 338 11776 11253 11108 523 374
internal_count=12114 338 11776 11253 11108 523 374
is_linear=0
shrinkage=0.025


Tree=700
num_leaves=7
num_cat=0
split_feature=43 38 22 37 2 35
split_gain=0.631218 0.682963 1.01919 0.901702 0.616102 0.614045
threshold=-0.56394922733306874 -0.00059619295643642534 0.3207696825265885 0.015291549265384676 -0.2389637008309364 0.17836615443229678
decision_type=2 2 2 2 2 2
left_child=-1 4 -3 -4 -2 -6
right_child=1 2 3 -5 5 -7
leaf_value=-0.00081443080466447491 0.00072179721026117006 -0.0006169864992536068 3.1261146039843282e-05 -0.00056886545076756335 -2.7971605819201684e-06 0.00014193918968105496
leaf_weight=143 223 134 1678 752 6499 2696
leaf_count=143 223 134 1678 752 6499 2696
internal_value=2.52474e-05 4.57789e-05 -0.000314811 -0.000192505 0.000144726 0.000112092
internal_weight=12125 11982 2564 2430 9418 9195
internal_count=12125 11982 2564 2430 9418 9195
is_linear=0
shrinkage=0.025


Tree=701
num_leaves=9
num_cat=0
split_feature=38 33 0 15 45 2 12 4
split_gain=0.437462 1.15818 1.16653 0.739169 0.683106 0.806083 0.715368 0.669858
threshold=-0.0015478463028557596 0.024483367800712589 -0.023279950022697445 0.50862067937850963 0.038517974317073829 -0.28105409443378443 -0.29878424108028406 -0.28448151051998133
decision_type=2 2 2 2 2 2 2 2
left_child=4 2 -2 -4 7 -6 -7 -1
right_child=1 -3 3 -5 5 6 -8 -9
leaf_value=9.8969066089403136e-06 -0.0021150973105424236 -0.0012220708059929696 -0.00035297050904744355 5.7389887847750095e-05 0.0015627694986970779 -0.00025025272824640807 3.6433408955932224e-05 -0.00068392038800330036
leaf_weight=165 130 126 710 1805 123 310 8542 138
leaf_count=165 130 126 710 1805 123 310 8542 138
internal_value=6.14942e-05 -0.000212986 -9.6698e-05 2.23215e-05 0.000144215 0.000184438 0.000155103 -0.00101055
internal_weight=12049 2771 2645 2515 9278 8975 8852 303
internal_count=12049 2771 2645 2515 9278 8975 8852 303
is_linear=0
shrinkage=0.025


Tree=702
num_leaves=9
num_cat=0
split_feature=11 36 35 11 40 40 4 27
split_gain=0.605743 0.609035 1.35352 1.81177 1.31943 1.08811 1.23962 0.749649
threshold=0.037996152415871627 0.20684999227523806 0.18673091381788257 0.012502784840762617 0.74419647455215465 0.79955479502677929 0.13239635527133944 -0.019848378375172612
decision_type=2 2 2 2 2 2 2 2
left_child=1 2 4 -4 -1 6 -3 -7
right_child=-2 5 3 -5 -6 7 -8 -9
leaf_value=-0.00034488743306665436 0.0013756431692435924 -0.00036794322783404473 -0.0014943096531755021 -5.0792910484068277e-05 4.9988011381941494e-05 -0.00059635953641804722 0.00057566554342296673 2.2790641538217864e-05
leaf_weight=754 142 353 187 386 3610 154 1131 5355
leaf_count=754 142 353 187 386 3610 154 1131 5355
internal_value=9.51189e-05 7.48849e-05 -0.000136837 -0.00127379 1.23027e-05 0.000225243 0.000825218 6.1888e-05
internal_weight=12072 11930 4937 573 4364 6993 1484 5509
internal_count=12072 11930 4937 573 4364 6993 1484 5509
is_linear=0
shrinkage=0.025


Tree=703
num_leaves=12
num_cat=0
split_feature=35 35 34 41 40 39 32 35 16 47 9
split_gain=0.465444 1.11716 0.805807 0.801865 0.808157 1.87967 0.701685 0.637975 1.17332 0.620536 0.356266
threshold=-0.10675429180264472 -0.048268128186464303 0.029321948066353801 0.57648310065269481 1.0050590038299563 1.1017840504646303 0.88624894618988048 0.016975849866867069 0.022987380623817447 0.71515038609504711 0.02357928175479174
decision_type=2 2 2 2 2 2 2 2 2 2 2
left_child=3 2 10 -1 6 -6 -5 8 -3 -9 -2
right_child=1 7 -4 4 5 -7 -8 9 -10 -11 -12
leaf_value=-0.0004007295974052699 0.00011277980120975333 -0.00029892998906803068 -1.4049893449116086e-05 0.00098755336271084786 -0.00096543870078726578 0.00039471667396218996 -3.9816509111520844e-05 -3.2530761794478622e-06 0.0020726185673247978 0.00017475778131431497 0.0015942289146532789
leaf_weight=147 121 1312 222 211 167 203 182 6218 234 2476 487
leaf_count=147 121 1312 222 211 167 203 182 6218 234 2476 487
internal_value=5.5799e-05 0.000101016 0.000980539 -0.000484973 -0.000144857 -0.000983333 0.000631281 2.86726e-05 -0.000437621 0.000112513 0.00144984
internal_weight=11980 11070 830 910 763 370 393 10240 1546 8694 608
internal_count=11980 11070 830 910 763 370 393 10240 1546 8694 608
is_linear=0
shrinkage=0.025


Tree=704
num_leaves=8
num_cat=0
split_feature=45 20 3 5 43 48 26
split_gain=0.803549 0.624998 1.16902 1.04837 0.942247 0.735349 0.612608
threshold=0.99137932062149059 0.67114400863647472 0.4993900209665299 1.1803088784217837 0.22206911444664004 0.19057226926088336 0.034341793507337577
decision_type=2 2 2 2 2 2 2
left_child=1 2 3 -1 -3 -6 -4
right_child=-2 4 6 -5 5 -7 -8
leaf_value=1.8740566665872625e-05 -0.00026433013662087072 -0.00047025302876929626 -0.00014071483075953295 -0.00038328361763569508 -0.00011243367018026138 0.0023671521779707466 -0.001423992635332052
leaf_weight=10354 210 188 135 436 153 445 121
leaf_count=10354 210 188 135 436 153 445 121
internal_value=3.10244e-05 5.90311e-05 9.84083e-06 5.03706e-05 0.00073799 0.00122512 -0.00164272
internal_weight=12042 11832 11046 10790 786 598 256
internal_count=12042 11832 11046 10790 786 598 256
is_linear=0
shrinkage=0.025


Tree=705
num_leaves=10
num_cat=0
split_feature=10 42 43 40 17 16 24 42 34
split_gain=0.908556 0.658326 0.89244 0.811175 1.40489 1.31909 0.55635 0.442111 0.105639
threshold=0.0062415467109531173 -0.10209163278341292 -0.45325811207294459 0.86464822292327892 1.3022539615631106 0.018108302727341655 29.340227127075199 0.011387901846319439 0.088816870003938689
decision_type=2 2 2 2 2 2 2 2 2
left_child=7 2 -2 4 -3 -5 -4 -1 -9
right_child=1 3 6 5 -6 -7 -8 8 -10
leaf_value=-1.0732990928278884e-05 -7.2738836334682668e-05 9.8234446916637333e-05 5.9980343514697487e-05 9.6593617647793684e-05 -0.00079863174179456854 -0.00014493034476230267 0.001048233073201933 0.00014013777538892018 0.0023214546430250188
leaf_weight=126 155 3190 913 1872 134 4871 475 120 175
leaf_count=126 155 3190 913 1872 134 4871 475 120 175
internal_value=3.08451e-05 -1.02238e-05 0.000469154 -8.45164e-05 0.000233929 -0.000242479 0.000673905 0.00116491 0.0016875
internal_weight=12031 11610 1543 10067 3324 6743 1388 421 295
internal_count=12031 11610 1543 10067 3324 6743 1388 421 295
is_linear=0
shrinkage=0.025


Tree=706
num_leaves=8
num_cat=0
split_feature=30 29 43 23 45 5 30
split_gain=0.673203 0.621661 1.10932 1.67319 1.02059 0.814672 0.807966
threshold=-1.4521878361701963 0.060575352981686599 -0.42763717472553248 0.1531101539731026 0.99137932062149059 0.076371315866708769 0.2628688663244248
decision_type=2 2 2 2 2 2 2
left_child=-1 2 3 -2 6 -4 -3
right_child=1 4 5 -5 -6 -7 -8
leaf_value=0.00086552288725807297 -3.6597783980206744e-05 0.00014801446040232569 7.0631167967612226e-05 -0.00081241490955371188 -0.0003607121701681212 -9.4662105061247756e-05 -3.1450512908886362e-05
leaf_weight=198 197 2577 1618 122 170 5145 2009
leaf_count=198 197 2577 1618 122 170 5145 2009
internal_value=-4.46382e-06 -2.94477e-05 -0.000178319 -0.0016088 0.000190874 -0.000108784 0.000263287
internal_weight=12036 11838 7082 319 4756 6763 4586
internal_count=12036 11838 7082 319 4756 6763 4586
is_linear=0
shrinkage=0.025


Tree=707
num_leaves=9
num_cat=0
split_feature=14 30 44 21 27 30 14 42
split_gain=0.761028 1.04083 0.684511 0.666774 0.644932 0.610418 0.442275 0.425372
threshold=0.97212031483650219 0.32557754218578344 0.037890281528234489 83.223625183105483 -0.015050034970045088 0.041161444038152702 0.91434335708618175 -0.02170560788363218
decision_type=2 2 2 2 2 2 2 2
left_child=2 5 3 4 -1 -2 -5 -4
right_child=1 -3 7 6 -6 -7 -8 -9
leaf_value=-0.00036235092675274084 -0.00057613803902396095 0.00011132338457804938 0.001116029859716658 0.0020100460650260164 -2.4937085604301238e-06 -0.00056427314768333172 -0.00039285191405598178 2.6751283328049673e-05
leaf_weight=309 127 162 219 327 10339 120 121 216
leaf_count=309 127 162 219 327 10339 120 121 216
internal_value=-2.45918e-05 -0.0010779 1.26778e-05 -2.51103e-05 -6.55918e-05 -0.00208829 0.000913355 0.000980114
internal_weight=11940 409 11531 11096 10648 247 448 435
internal_count=11940 409 11531 11096 10648 247 448 435
is_linear=0
shrinkage=0.025


Tree=708
num_leaves=9
num_cat=0
split_feature=30 43 7 11 39 21 3 7
split_gain=0.485014 0.573234 1.10658 1.62043 1.06468 2.01534 1.03653 0.633841
threshold=-1.5510051846504209 0.055493002757430084 -0.014261032454669474 0.028644655831158165 0.88631597161293041 66.223949432373061 -0.29033407568931574 -0.027799219824373719
decision_type=2 2 2 2 2 2 2 2
left_child=-1 4 7 -4 5 -2 -6 -3
right_child=1 2 3 -5 6 -7 -8 -9
leaf_value=0.00072053926242168244 -1.6536257375185772e-05 3.6202593986233832e-05 4.2330377177328984e-05 -0.00024002257969150663 -0.00036753610820582029 -0.0011525508414372352 5.8539295996130875e-05 0.000972045204582624
leaf_weight=151 1893 487 3522 274 266 572 4160 696
leaf_count=151 1893 487 3522 274 266 572 4160 696
internal_value=3.29495e-05 1.42106e-05 0.000218951 8.87934e-06 -0.000132867 -0.000549089 9.789e-05 0.000884891
internal_weight=12021 11870 4979 3796 6891 2465 4426 1183
internal_count=12021 11870 4979 3796 6891 2465 4426 1183
is_linear=0
shrinkage=0.025


Tree=709
num_leaves=11
num_cat=0
split_feature=35 30 4 42 17 36 35 1 27 26
split_gain=0.544863 1.10089 1.05952 0.751167 0.653869 0.867736 0.796034 0.576639 0.663715 0.364875
threshold=0.41625252366065985 0.070173423737287535 0.67014649510383617 -0.11330215260386466 1.376909136772156 0.36287236213684088 0.22202219814062121 -0.029968318529427048 0.00058546682703308772 0.017847936600446705
decision_type=2 2 2 2 2 2 2 2 2 2
left_child=3 -2 -3 7 6 -6 -5 8 -1 -9
right_child=1 2 -4 4 5 -7 -8 9 -10 -11
leaf_value=0.00014868699019233522 0.00067338783445245864 -0.0011231844687876861 0.00024281389300600154 -1.4409975806358789e-05 0.00030666153372833422 -0.00085029423141234613 0.00010659563898297075 3.0066214743271498e-05 -0.00028632216308468989 0.0003744154646445686
leaf_weight=237 159 202 121 7621 121 120 2467 124 217 569
leaf_count=237 159 202 121 7621 121 120 2467 124 217 569
internal_value=1.99575e-05 -0.000798255 -0.00163491 5.52e-05 -1.1733e-05 -0.00128557 1.87012e-05 0.000660807 -1.90631e-05 0.00111211
internal_weight=11958 482 323 11476 10329 241 10088 1147 454 693
internal_count=11958 482 323 11476 10329 241 10088 1147 454 693
is_linear=0
shrinkage=0.025


Tree=710
num_leaves=9
num_cat=0
split_feature=17 36 35 36 48 9 16 35
split_gain=0.735438 1.40626 0.861723 1.56478 1.28876 1.72066 0.992755 0.91776
threshold=1.376909136772156 0.44358333945274359 0.20559851080179217 0.11280040815472604 0.97212031483650219 0.037460759282112129 0.033253720030188567 0.41086395084857946
decision_type=2 2 2 2 2 2 2 2
left_child=2 -2 4 -4 6 -6 -1 -5
right_child=1 -3 3 7 5 -7 -8 -9
leaf_value=7.0105652196367236e-06 0.00014305299367460453 -0.002313901987679026 -0.0011213075965956409 0.00042255602165510575 1.7866342112927754e-05 -0.0016076789304651715 -0.00052715436469117228 -0.00017791575312060633
leaf_weight=7600 192 137 197 3013 138 121 153 463
leaf_count=7600 192 137 197 3013 138 121 153 463
internal_value=4.39929e-05 -0.00111153 7.75236e-05 0.000394576 -6.72009e-05 -0.00178504 -7.89498e-06 0.000519607
internal_weight=12014 329 11685 3673 8012 259 7753 3476
internal_count=12014 329 11685 3673 8012 259 7753 3476
is_linear=0
shrinkage=0.025


Tree=711
num_leaves=9
num_cat=0
split_feature=14 30 2 32 35 48 40 14
split_gain=0.675548 0.833718 0.558509 0.810235 0.719214 0.699603 1.05921 1.0343
threshold=0.97212031483650219 0.32557754218578344 0.20250606536865237 1.2768558263778689 0.33820772171020513 0.077035948634147658 0.74069702625274669 0.59097579121589672
decision_type=2 2 2 2 2 2 2 2
left_child=2 -2 5 4 -4 7 -7 -1
right_child=1 -3 3 -5 -6 6 -8 -9
leaf_value=0.00056743757571087259 -0.00066247282425485653 9.7861158456334754e-05 0.0014074308016816515 -0.00028075542089238176 -3.4666493096241623e-05 -0.00034421630301353527 -8.7169854854600527e-06 -0.00016463012957365506
leaf_weight=462 228 169 636 130 247 1031 8764 279
leaf_count=462 228 169 636 130 247 1031 8764 279
internal_value=-5.26106e-05 -0.00106032 -1.69854e-05 0.000541503 0.000817849 -7.15064e-05 -0.000128189 0.000665215
internal_weight=11946 397 11549 1013 883 10536 9795 741
internal_count=11946 397 11549 1013 883 10536 9795 741
is_linear=0
shrinkage=0.025


Tree=712
num_leaves=9
num_cat=0
split_feature=3 9 47 11 37 39 17 19
split_gain=0.701797 0.524158 0.637836 0.96301 0.89894 0.581336 0.706252 0.0971742
threshold=0.75209397077560436 0.042881326749920852 0.48606015741825109 0.016269923187792305 0.018217047676444057 1.2737561464309695 0.9588167965412141 0.073755331337451949
decision_type=2 2 2 2 2 2 2 2
left_child=1 2 4 -4 -1 6 -3 -7
right_child=-2 5 3 -5 -6 7 -8 -9
leaf_value=-3.546799564456537e-06 -0.00052819783839061463 -0.00012160087813591948 7.9409101071982772e-05 -8.8852810619427982e-05 0.00052168329125417106 0.00038726024475919571 0.00062120201210375231 0.0025081910420909639
leaf_weight=4410 138 143 1642 3717 1590 141 181 125
leaf_count=4410 138 143 1642 3717 1590 141 181 125
internal_value=9.3046e-07 2.2273e-05 -1.50694e-05 -0.000213693 0.000161324 0.000745798 1.13983e-05 0.00160055
internal_weight=12087 11949 11359 5359 6000 590 324 266
internal_count=12087 11949 11359 5359 6000 590 324 266
is_linear=0
shrinkage=0.025


Tree=713
num_leaves=11
num_cat=0
split_feature=16 16 16 9 34 43 47 16 32 43
split_gain=0.485985 0.770505 0.958434 0.903589 0.76379 0.745583 0.736373 0.598932 0.544234 0.446911
threshold=0.015461573377251627 0.023910828866064552 0.023724089376628402 0.027743392623960975 0.14085444808006289 -0.28218515217304224 0.27622890472412115 0.023667566478252414 0.64734426140785228 0.0024594960268586878
decision_type=2 2 2 2 2 2 2 2 2 2
left_child=5 2 7 4 -3 -1 -5 -2 -7 -10
right_child=1 3 -4 6 -6 8 -8 -9 9 -11
leaf_value=-0.00023720439709346114 -2.2168714178171512e-05 8.614069304377837e-05 -0.00054929029864217048 -0.00046011863809832903 0.0027218336470178277 -0.00019363030222839406 2.7169559067832607e-05 0.00078356185561635121 0.00010329293765883469 0.0017688460773524096
leaf_weight=173 6401 1198 141 229 408 184 1898 137 564 671
leaf_count=173 6401 1198 141 229 408 184 1898 137 564 671
internal_value=6.27655e-05 0 -0.000160271 0.000287921 0.000734792 0.000468848 -4.74905e-05 -0.000114435 0.00066099 0.000851815
internal_weight=12004 10412 6679 3733 1606 1592 2127 6538 1419 1235
internal_count=12004 10412 6679 3733 1606 1592 2127 6538 1419 1235
is_linear=0
shrinkage=0.025


Tree=714
num_leaves=11
num_cat=0
split_feature=4 45 36 40 17 2 13 26 46 36
split_gain=0.720556 0.767706 0.902606 2.0566 1.48587 0.54877 0.919595 0.697678 0.347063 0.485635
threshold=-0.12902899831533429 0.057776963338255889 0.20684999227523806 0.75148209929466259 1.376909136772156 -0.012118651065975426 -0.40198783576488489 0.018022046424448494 0.29548789560794836 0.10287999734282495
decision_type=2 2 2 2 2 2 2 2 2 2
left_child=5 -2 3 -3 -4 6 -1 -8 9 -7
right_child=1 2 4 -5 -6 8 7 -9 -10 -11
leaf_value=-0.00019968492193333661 -0.00023399967512178167 -0.00077718877468692686 5.4857404896430349e-05 -1.3477724799602869e-05 -0.00055775741608987748 0.0021859679255496842 0.0017233137248621262 1.2763390461476926e-06 0.0019012107167577768 -2.4986212253017224e-06
leaf_weight=226 191 729 6325 3166 259 179 219 332 190 193
leaf_count=226 191 729 6325 3166 259 179 219 332 190 193
internal_value=5.51449e-06 -6.26463e-05 -3.30264e-05 -0.000334936 0.000144749 0.000551525 0.000110294 0.000667716 0.00114418 0.000659814
internal_weight=12009 10670 10479 3895 6584 1339 777 551 562 372
internal_count=12009 10670 10479 3895 6584 1339 777 551 562 372
is_linear=0
shrinkage=0.025


Tree=715
num_leaves=10
num_cat=0
split_feature=19 17 37 36 36 30 35 37 30
split_gain=0.732131 1.47951 0.579523 1.08745 1.59944 1.03457 0.822579 2.04061 1.02068
threshold=0.34510858356952673 0.6464287042617799 0.011784606613218786 0.23131252825260165 0.31531766057014471 0.36106735467910772 0.12682235985994342 0.0098670762963593023 -0.010725869331508873
decision_type=2 2 2 2 2 2 2 2 2
left_child=2 -2 6 5 -5 -4 8 -8 -1
right_child=1 -3 3 4 -6 -7 7 -9 -10
leaf_value=-0.00010973754396714651 -0.00057882466177415308 8.7417438178074127e-05 1.6059777250559785e-05 0.0014050691690331615 4.1485156933732292e-05 -0.00033728273971112363 -1.1536684364887987e-05 -0.001262033119405702 0.00037338924331835007
leaf_weight=1032 142 188 2197 1294 3403 739 1432 467 1182
leaf_count=1032 142 188 2197 1294 3403 739 1432 467 1182
internal_value=5.03891e-05 -0.00110075 8.37164e-05 0.000212916 0.000449011 -0.000162785 -0.000154505 -0.000536371 0.000170685
internal_weight=12076 330 11746 7633 4697 2936 4113 1899 2214
internal_count=12076 330 11746 7633 4697 2936 4113 1899 2214
is_linear=0
shrinkage=0.025


Tree=716
num_leaves=13
num_cat=0
split_feature=6 44 29 20 7 29 29 43 4 26 32 7
split_gain=0.612944 0.681397 0.980325 0.733849 0.705592 0.661052 1.01592 1.72229 0.871175 0.709109 0.803817 0.676603
threshold=0.068921152502298369 0.021580318920314315 0.062424454838037498 0.25617326796054846 0.028664998710155491 0.060575352981686599 0.055024147033691413 -0.16168831288814542 0.60069370269775402 0.023538101464509967 1.1178309917449953 -0.0114726978354156
decision_type=2 2 2 2 2 2 2 2 2 2 2 2
left_child=5 2 -2 -3 -5 6 8 -8 -1 10 -7 -11
right_child=1 3 -4 4 -6 9 7 -9 -10 11 -12 -13
leaf_value=1.9159858751436109e-05 -7.9950861192904334e-05 0.00063490770025420281 -0.00083112897446779822 -0.00043798333803120006 9.0246739513589067e-05 0.0012958792044826463 -0.0016167240907161351 -1.3038173393472436e-05 -0.00073531939329184398 0.00018320585097886946 -0.00010870691540041549 -1.3734421031215425e-05
leaf_weight=5837 193 208 129 232 330 455 207 583 386 1139 140 2219
leaf_count=5837 193 208 129 232 330 455 207 583 386 1139 140 2219
internal_value=2.60094e-05 -0.000536691 -0.00149465 -0.000120968 -0.000597443 8.28321e-05 -6.21615e-05 -0.000904088 4.43562e-05 0.000341397 0.00113542 0.000197369
internal_weight=12058 1092 322 770 562 10966 7013 790 6223 3953 595 3358
internal_count=12058 1092 322 770 562 10966 7013 790 6223 3953 595 3358
is_linear=0
shrinkage=0.025


Tree=717
num_leaves=10
num_cat=0
split_feature=2 20 31 40 40 40 36 17 23
split_gain=0.588066 0.561753 1.21284 2.10559 1.1918 1.13479 0.882686 0.842673 0.190224
threshold=-0.2218644171953201 0.33289505541324621 0.86335718631744396 1.1366943717002871 1.2256039977073672 0.79955479502677929 0.22189904749393466 1.141581177711487 0.45109882950782781
decision_type=2 2 2 2 2 2 2 2 2
left_child=8 2 4 -4 -2 7 -7 -3 -1
right_child=1 5 3 -5 -6 6 -8 -9 -10
leaf_value=1.3269198209904716e-05 6.1587980075423397e-05 0.00092943692730570484 -0.00042955164047449312 0.00037422343694334053 -0.00013362713208813889 -0.00034659314341074353 0.0001135463645239655 -0.00021050179094750745 0.0014088390380537913
leaf_weight=173 4996 622 1795 701 581 575 2335 124 120
leaf_count=173 4996 622 1795 701 581 575 2335 124 120
internal_value=8.09638e-05 5.25184e-05 -6.32891e-05 -0.000521291 0.000140855 0.000309683 8.36193e-05 0.00117676 0.00117869
internal_weight=12022 11729 8073 2496 5577 3656 2910 746 293
internal_count=12022 11729 8073 2496 5577 3656 2910 746 293
is_linear=0
shrinkage=0.025


Tree=718
num_leaves=15
num_cat=0
split_feature=38 37 33 37 16 22 33 47 43 21 13 5 42 38
split_gain=0.83633 1.03339 1.82287 1.22939 1.64231 1.07673 0.936007 0.722003 1.19275 0.874918 0.692124 0.996529 0.884374 0.440095
threshold=-0.00059619295643642534 0.014573283493518831 0.0079495031386613863 0.013353719376027586 0.025258761830627922 0.84663572907447826 0.016161097213625911 0.86720469594001781 0.30726160109043127 47.609674453735359 -0.035862080752849572 0.27228303253650671 0.097069684416055693 -0.1254615634679794
decision_type=2 2 2 2 2 2 2 2 2 2 2 2 2 2
left_child=7 3 5 4 -2 -3 -4 10 13 -10 12 -12 -1 -9
right_child=1 2 6 -5 -6 -7 -8 8 9 -11 11 -13 -14 -15
leaf_value=-1.3420172649456221e-05 -0.00041931809303352339 -0.00076661918033707108 0.00032724962760633799 0.0036013892522932197 0.001325171049431027 -0.0025947951120697532 -0.00090183104569084484 1.3282647924375125e-05 0.00047233768904135021 -0.00023759704161518871 -0.0014911134004895355 0.00018932941127231364 -0.00023105101162387644 0.0010523211640125502
leaf_weight=6233 1033 170 326 161 512 139 242 202 130 320 149 1272 551 612
leaf_count=6233 1033 170 326 161 512 139 242 202 130 320 149 1272 551 612
internal_value=-6.95653e-05 -0.000468025 -0.00116355 -0.000104471 -0.000326613 -0.00269506 -0.000303229 3.86585e-05 0.000593972 -0.000425824 -4.64372e-05 0.000453191 -0.000152268 0.00116453
internal_weight=12052 2583 877 1706 1545 309 568 9469 1264 450 8205 1421 6784 814
internal_count=12052 2583 877 1706 1545 309 568 9469 1264 450 8205 1421 6784 814
is_linear=0
shrinkage=0.025


Tree=719
num_leaves=14
num_cat=0
split_feature=22 22 40 41 36 9 16 8 37 29 16 32 40
split_gain=0.639387 1.50357 1.28108 1.52181 1.23154 1.11126 0.930206 0.70102 1.04383 1.01188 0.602055 0.828332 0.229092
threshold=0.2965275794267655 0.41972492635250097 1.2381936311721804 0.65851813554763805 0.30508260428905493 0.023988106288015846 0.020489935763180259 0.040564667433500297 0.018673998303711418 0.094939660280942931 0.018425008282065395 0.99709469079971325 0.99877196550369274
decision_type=2 2 2 2 2 2 2 2 2 2 2 2 2
left_child=2 10 4 -4 5 -1 -6 8 -3 -9 11 -2 -12
right_child=1 7 3 -5 6 -7 -8 9 -10 -11 12 -13 -14
leaf_value=-7.4512032974691006e-05 0.00036470802978198454 -1.3034586991828634e-05 0.00011630572910888246 -0.0015189770499518028 6.4554673285011652e-05 0.00060398750892039991 -0.00065503367570507063 -0.00061700027212882721 0.0004649475658692801 1.0871321397330592e-05 0.0010248185804774353 -0.0013972628544612637 0.00013154798181721786
leaf_weight=679 272 6163 132 177 237 766 640 295 1295 427 483 120 323
leaf_count=679 272 6163 132 177 237 766 640 295 1295 427 483 120 323
internal_value=2.42426e-05 0.000121363 -0.000319139 -0.00181927 -0.000113343 0.000331897 -0.000851757 0 7.21896e-05 -0.000741059 0.000946592 0.000122796 0.00133631
internal_weight=12009 9378 2631 309 2322 1445 877 8180 7458 722 1198 392 806
internal_count=12009 9378 2631 309 2322 1445 877 8180 7458 722 1198 392 806
is_linear=0
shrinkage=0.025


Tree=720
num_leaves=6
num_cat=0
split_feature=36 8 29 23 36
split_gain=0.588388 0.512346 0.729882 0.694647 0.580621
threshold=-0.11548355221748351 0.010579048655927183 0.027929934673011306 0.089703738689422621 0.20684999227523806
decision_type=2 2 2 2 2
left_child=-1 -2 3 -3 -4
right_child=1 2 4 -5 -6
leaf_value=0.0009010146172197651 -0.00028328610128969332 0.00098807938542600339 -5.2044760225996418e-05 6.793184511930192e-06 2.6973817420813269e-05
leaf_weight=195 175 425 4153 499 6598
leaf_count=195 175 425 4153 499 6598
internal_value=6.06847e-05 3.74316e-05 5.83263e-05 0.000730624 0
internal_weight=12045 11850 11675 924 10751
internal_count=12045 11850 11675 924 10751
is_linear=0
shrinkage=0.025


Tree=721
num_leaves=15
num_cat=0
split_feature=11 47 28 30 27 29 8 37 12 30 36 35 8 35
split_gain=0.609403 1.10293 1.1442 1.34451 1.3245 0.889777 1.77436 1.16652 1.07112 0.84981 0.70341 1.10063 0.512344 0.332486
threshold=0.017177220433950428 0.62931033968925487 0.62500000000000011 0.80117341876029979 0.0084715182892978209 0.035538908094167716 0.017812699079513553 0.011837062891572716 -0.15231762081384656 0.1984507888555527 0.10859459638595582 0.11555826663970949 0.036083778366446502 -0.090802144259214387
decision_type=2 2 2 2 2 2 2 2 2 2 2 2 2 2
left_child=1 2 3 -1 -4 7 -7 8 -2 -8 11 -3 -12 -9
right_child=5 10 4 -5 -6 6 9 13 -10 -11 12 -13 -14 -15
leaf_value=0.00011041979436887352 -0.00067678718054433793 0.00055561403357358332 -0.00010942959566558643 -0.00073742160231271548 -0.0011995140462586317 -0.0012784036177711019 3.5524016499258138e-06 7.922244041502826e-06 0.00044923617305298556 -0.00035571428692253573 0.0020548226502172767 -0.00075365319426319685 -4.0444818497511644e-05 0.0011981262956558718
leaf_weight=3505 120 330 743 458 120 137 3792 123 159 1356 620 123 126 366
leaf_count=3505 120 330 743 458 120 137 3792 123 159 1356 620 123 126 366
internal_value=5.07946e-05 0.000229063 5.87353e-05 0.00023973 -0.000761809 -0.00012566 -0.000242202 0.000664618 -0.000602993 -0.00016471 0.000906354 0.0001119 0.0013765 0.00139929
internal_weight=12078 6025 4826 3963 863 6053 5285 768 279 5148 1199 453 746 489
internal_count=12078 6025 4826 3963 863 6053 5285 768 279 5148 1199 453 746 489
is_linear=0
shrinkage=0.025


Tree=722
num_leaves=14
num_cat=0
split_feature=26 4 9 36 8 46 12 40 38 33 30 40 18
split_gain=0.870729 1.16114 0.854037 0.975888 1.46069 0.831332 2.93436 1.2955 0.741225 2.3671 0.845273 0.599125 0.567791
threshold=0.019934497773647312 0.42684072256088262 0.027076496742665771 0.21456083655357364 0.021058207377791408 0.16269258409738543 -0.14864449948072431 0.74419647455215465 -0.0015478463028557596 0.0037478513550013308 -0.61392408609390248 1.2256039977073672 0.02607921697199345
decision_type=2 2 2 2 2 2 2 2 2 2 2 2 2
left_child=1 5 3 4 -2 6 -1 -7 10 -10 -4 -5 -3
right_child=2 12 8 11 -6 7 -8 -9 9 -11 -12 -13 -14
leaf_value=0.00086411233963813695 0.0017983566411899493 -0.00017674750239621704 -0.00023032978379638669 0.0012803053052876058 -9.6152006382947878e-05 -0.00048427951730182616 -0.00077297245597461855 0.00010685297547913266 -0.0026727091309627156 -5.6586052141849754e-05 5.3695024451000225e-05 -0.0003782808363631409 -0.0019755361501489466
leaf_weight=241 393 124 546 1527 896 640 565 1942 146 968 3746 121 120
leaf_count=241 393 124 546 1527 896 640 565 1942 146 968 3746 121 120
internal_value=2.97372e-05 -0.00029248 0.000170849 0.000513681 0 -0.000169098 -0.000867756 4.78354e-05 -1.45536e-05 -0.000588695 0.000133523 0.000915759 -0.00194277
internal_weight=11975 3632 8343 2937 1289 3388 806 2582 5406 1114 4292 1648 244
internal_count=11975 3632 8343 2937 1289 3388 806 2582 5406 1114 4292 1648 244
is_linear=0
shrinkage=0.025


Tree=723
num_leaves=11
num_cat=0
split_feature=42 27 24 27 29 29 35 6 30 33
split_gain=0.564298 1.15168 0.897348 0.711177 0.594359 1.37956 0.705723 0.563425 0.892927 0.641297
threshold=0.097069684416055693 0.02078601531684399 55.876953125000007 -0.0011612895759753881 0.094360750168561949 0.092112816870212569 -0.10675429180264472 0.052026765421032913 0.18321557343006137 0.010087536182254555
decision_type=2 2 2 2 2 2 2 2 2 2
left_child=4 2 3 -2 5 6 -1 9 -9 -6
right_child=1 -3 -4 -5 7 -7 -8 8 -10 -11
leaf_value=-0.00010850012893506485 -0.00065272158592747688 -0.00099615235145224961 0.00061746243164889668 -1.175213394458332e-05 0.00092366365458242605 -0.00065864189188273429 4.5424069100564833e-05 0.0015077522041200475 -0.00071369750538092147 -3.8995214670741932e-05
leaf_weight=663 340 143 223 1243 504 184 8283 166 144 178
leaf_count=663 340 143 223 1243 504 184 8283 166 144 178
internal_value=7.00771e-05 -0.000317937 -0.000140116 -0.000353432 0.000145527 8.14177e-05 0.000126662 0.000725928 -0.000138889 0.00112627
internal_weight=12071 1949 1806 1583 10122 9130 8946 992 310 682
internal_count=12071 1949 1806 1583 10122 9130 8946 992 310 682
is_linear=0
shrinkage=0.025


Tree=724
num_leaves=12
num_cat=0
split_feature=36 19 10 3 46 31 18 40 44 3 8
split_gain=0.54464 1.31337 1.10014 0.893283 0.740039 1.48013 1.35717 1.11774 1.3215 0.698569 0.571673
threshold=0.49448882043361669 -0.0079863737337291223 0.028396597132086757 0.60100480914115917 0.88646370172500621 2.4408549070358281 0.044920360669493682 0.73075467348098766 0.030600492842495445 0.095414139330387129 0.021970418281853202
decision_type=2 2 2 2 2 2 2 2 2 2 2
left_child=4 2 -2 10 5 9 -7 -6 -9 -1 -3
right_child=1 3 -4 -5 7 6 -8 8 -10 -11 -12
leaf_value=-1.3007835665637821e-05 -0.0014022017239937862 0.0029501448269191703 0.00024500892980618453 -0.0009334454190064608 -0.00017101159581865192 5.8306731554169375e-05 -0.0014182743027565075 0.0011839805768002842 -7.190793622127115e-05 9.5248122431915443e-05 6.5824672831799514e-06
leaf_weight=5002 175 130 120 120 185 122 122 851 318 4155 762
leaf_count=5002 175 130 120 120 185 122 122 851 318 4155 762
internal_value=7.86236e-05 -0.000401105 -0.00185417 2.33531e-05 0.000137663 5.80747e-05 -0.00184237 0.000683407 0.000972104 0.000110374 0.000305184
internal_weight=12062 1307 295 1012 10755 9401 244 1354 1169 9157 892
internal_count=12062 1307 295 1012 10755 9401 244 1354 1169 9157 892
is_linear=0
shrinkage=0.025


Tree=725
num_leaves=9
num_cat=0
split_feature=38 17 16 15 40 16 7 4
split_gain=0.506954 0.888879 0.772327 0.650773 0.962614 0.721031 0.396683 0.0998326
threshold=-0.1893995255231857 0.11868033185601236 0.035816960036754615 0.16379310190677646 1.1455857753753664 0.031839871779084213 0.010695219039916994 0.16476337611675265
decision_type=2 2 2 2 2 2 2 2
left_child=1 -1 3 4 -2 -5 7 -3
right_child=2 6 -4 5 -6 -7 -8 -9
leaf_value=-0.00037358334169236009 -6.0145902058128058e-05 0.00078272074137870982 0.0044741510464770358 1.0993554493160402e-05 -0.00090571082637901838 -0.00050102227197432203 7.5929077073816026e-06 0.0013525088085672389
leaf_weight=132 508 169 121 10186 145 447 121 183
leaf_count=132 508 169 121 10186 145 447 121 183
internal_value=4.56646e-05 0.000747951 7.55793e-06 -1.36169e-05 -0.000776976 3.30185e-05 0.00125785 0.00167717
internal_weight=12012 605 11407 11286 653 10633 473 352
internal_count=12012 605 11407 11286 653 10633 473 352
is_linear=0
shrinkage=0.025


Tree=726
num_leaves=14
num_cat=0
split_feature=47 43 30 40 32 47 40 9 38 45 30 9 34
split_gain=0.59519 0.911619 1.54699 0.728096 0.636495 0.629898 1.19767 2.03081 1.20323 1.00835 1.42514 1.03735 0.53039
threshold=0.88646370172500621 0.33760091662406927 -0.096724085509777055 0.91626790165901195 1.1921540498733523 0.48606015741825109 1.0751512050628664 0.024714622646570209 -0.013072106987237929 0.54310345649719249 -0.55738130211830128 0.022947899065911773 0.041513971984386451
decision_type=2 2 2 2 2 2 2 2 2 2 2 2 2
left_child=5 3 -3 -2 -5 6 8 -8 -1 10 -7 -11 -4
right_child=1 2 12 4 -6 9 7 -9 -10 11 -12 -13 -14
leaf_value=0.00031819550133389742 -4.6668847967027122e-05 -0.0015804231870484731 -0.00017879415845050149 0.0016012776905102257 1.0631585526991787e-06 0.0006689122244817043 0.00024914713321138508 -0.0013467586013600639 -4.143839389923737e-05 0.0019677671809297925 -0.00041509613255096966 -1.1303250476100044e-05 0.00072544127285578501
leaf_weight=3341 237 122 165 529 123 257 562 438 1648 335 1728 2280 195
leaf_count=3341 237 122 165 529 123 257 562 438 1648 335 1728 2280 195
internal_value=8.93231e-05 0.00057867 -0.000284907 0.00105285 0.00148212 2.51322e-05 0.00019457 -0.000590796 0.000353674 -0.000194082 -0.000618718 0.000126431 0.000530822
internal_weight=11960 1371 482 889 652 10589 5989 1000 4989 4600 1985 2615 360
internal_count=11960 1371 482 889 652 10589 5989 1000 4989 4600 1985 2615 360
is_linear=0
shrinkage=0.025


Tree=727
num_leaves=9
num_cat=0
split_feature=22 1 42 26 10 42 34 22
split_gain=0.593417 0.664738 0.59018 0.530573 0.526096 0.667449 0.336158 0.324564
threshold=1.0860151052474978 0.12980879098176959 0.26414151489734655 0.011039863806217911 0.010815653949975969 0.051099721342325218 0.061339829117059715 0.98514017462730419
decision_type=2 2 2 2 2 2 2 2
left_child=1 2 3 -1 5 -2 -6 -3
right_child=4 7 -4 -5 6 -7 -8 -9
leaf_value=-0.00051795875100664934 -3.0383014361498651e-05 0.0018202605301397357 -0.00042647996285858752 8.0105834937428836e-06 -0.00014262245848476845 -0.0027904835771416499 0.0012598971867490176 2.4926226397544014e-05
leaf_weight=141 125 160 144 10948 120 132 128 148
leaf_count=141 125 160 144 10948 120 132 128 148
internal_value=-1.06837e-05 2.56583e-05 -5.45016e-06 1.49857e-05 -0.000845588 -0.00162691 0 0.00116214
internal_weight=12046 11541 11233 11089 505 257 248 308
internal_count=12046 11541 11233 11089 505 257 248 308
is_linear=0
shrinkage=0.025


Tree=728
num_leaves=14
num_cat=0
split_feature=48 40 44 8 17 40 31 40 40 44 43 13 3
split_gain=0.556621 1.04186 1.90204 1.39632 1.33431 1.79169 1.02243 2.53051 2.45164 1.94759 1.30924 1.11056 0.751612
threshold=0.35326485335826879 0.83094799518585216 0.012747103814035656 0.037616578862071044 1.1075674295425417 0.71135449409484874 0.83659514784812938 1.1735216379165652 1.1366943717002871 0.021820327267050747 0.065374456346035018 -0.27223080396652216 0.43734152615070349
decision_type=2 2 2 2 2 2 2 2 2 2 2 2 2
left_child=1 4 -3 -4 5 -1 7 11 10 -9 -8 -2 -10
right_child=6 2 3 -5 -6 -7 8 9 12 -11 -12 -13 -14
leaf_value=-6.0312109099153222e-05 6.2941352536671743e-06 -0.0017006694540414461 -2.4573170460284776e-05 -0.00080522807873456114 -0.00048027344506265213 0.0011968528780633076 -0.00079558431430644416 -0.00031742877770380253 0.00071100594205349024 0.00221055029237415 -3.9997735991221713e-05 0.0012906823417599244 -8.6970754214311897e-05
leaf_weight=1074 819 153 1657 172 188 1068 967 657 1208 187 1610 2026 267
leaf_count=1074 819 153 1657 172 188 1068 967 657 1208 187 1610 2026 267
internal_value=4.98633e-05 -0.000176917 -0.000598264 -0.000366003 0.000179336 0.000360387 0.000177027 0.00047814 -9.58219e-05 -0.00071702 -0.000562064 0.000835526 0.000713683
internal_weight=12053 4312 1982 1829 2330 2142 7741 3689 4052 844 2577 2845 1475
internal_count=12053 4312 1982 1829 2330 2142 7741 3689 4052 844 2577 2845 1475
is_linear=0
shrinkage=0.025


Tree=729
num_leaves=8
num_cat=0
split_feature=21 25 43 42 5 0 32
split_gain=0.530802 0.720781 1.23524 1.24952 0.724104 0.656597 0.471174
threshold=17.957410812377933 -8.9688487052917463 0.11542044579982759 -0.054042721167206757 -0.46231107413768763 0.032329259440302856 0.94625788927078258
decision_type=2 2 2 2 2 2 2
left_child=-1 2 3 -2 -3 -6 -4
right_child=1 4 6 -5 5 -7 -8
leaf_value=0.0011348802029145972 -6.4801071440188812e-05 0.0030925335235565533 0.0013208079956665672 -0.00070552789237199537 1.8502890184383384e-05 -0.00014622829260362965 6.1617775015685705e-05
leaf_weight=195 810 120 135 472 9017 1154 137
leaf_count=195 810 120 135 472 9017 1154 137
internal_value=3.63231e-06 -1.7405e-05 -0.000518762 -0.000845959 5.79109e-05 3.40262e-05 0.000988267
internal_weight=12040 11845 1554 1282 10291 10171 272
internal_count=12040 11845 1554 1282 10291 10171 272
is_linear=0
shrinkage=0.025


Tree=730
num_leaves=6
num_cat=0
split_feature=22 36 10 36 29
split_gain=0.876786 0.603416 0.496948 0.500423 0.495807
threshold=1.1596739292144778 -0.11288800090551375 0.0062415467109531173 0.32430498301982885 0.095260854810476317
decision_type=2 2 2 2 2
left_child=1 -1 3 -3 -4
right_child=-2 2 4 -5 -6
leaf_value=0.00074960425214917444 -0.00019447509598010131 0.00040170625476064378 -7.5663491098013008e-06 -4.7350695107536959e-05 0.00024602034963144679
leaf_weight=224 236 280 10568 128 531
leaf_count=224 236 280 10568 128 531
internal_value=2.391e-05 5.50657e-05 2.92087e-05 0.000880751 -1.91363e-06
internal_weight=11967 11731 11507 408 11099
internal_count=11967 11731 11507 408 11099
is_linear=0
shrinkage=0.025


Tree=731
num_leaves=6
num_cat=0
split_feature=26 26 17 17 45
split_gain=0.859538 0.598144 0.550988 1.38352 0.816187
threshold=0.011039863806217911 0.012130933813750746 0.73993912339210521 0.72209003567695629 0.19057226926088336
decision_type=2 2 2 2 2
left_child=-1 -2 3 -3 -4
right_child=1 2 4 -5 -6
leaf_value=-0.00072493458169631145 0.00084308768810025458 -5.0277844676308236e-06 -0.00039526879869193274 -0.0011903295404225582 0.00015619001369754088
leaf_weight=139 196 8427 216 142 3033
leaf_count=139 196 8427 216 142 3033
internal_value=3.50593e-05 5.85532e-05 3.49954e-05 -6.95415e-05 0.000312308
internal_weight=12153 12014 11818 8569 3249
internal_count=12153 12014 11818 8569 3249
is_linear=0
shrinkage=0.025


Tree=732
num_leaves=13
num_cat=0
split_feature=44 26 13 44 10 34 12 10 17 21 35 13
split_gain=0.703845 1.08194 0.954458 1.31437 2.00268 0.739208 0.970009 0.645181 0.547694 0.429334 0.210905 0.180943
threshold=0.013509521726518871 0.013908700551837684 -0.18847785145044324 0.012747103814035656 0.010251978877931835 0.19019848108291629 -0.027271999046206471 0.0086070103570818918 0.90904042124748241 40.220857620239265 0.144257627427578 -0.32549896836280817
decision_type=2 2 2 2 2 2 2 2 2 2 2 2
left_child=2 7 9 4 -4 8 -7 -2 -3 -1 -5 -11
right_child=1 5 3 10 -6 6 -8 -9 -10 11 -12 -13
leaf_value=5.7868552864765791e-05 -6.6467176180198969e-05 -9.5488789105874209e-06 3.7771623544479249e-05 0.0001064849436398939 -0.001755159294595349 -0.00063242835667999368 9.514627496169946e-05 -0.001095087275946574 0.00014474968161107745 0.00083220298153859713 0.0009370015838706399 0.0027240226022573633
leaf_weight=178 132 8145 332 121 120 188 211 133 1900 121 121 313
leaf_count=178 132 8145 332 121 120 188 211 133 1900 121 121 313
internal_value=3.17181e-05 -3.46508e-05 0.000578757 -4.82832e-05 -0.000850656 5.14413e-06 -0.0010427 -0.00159722 4.78857e-05 0.00129457 0.00141194 0.00171697
internal_weight=12015 10709 1306 694 452 10444 399 265 10045 612 242 434
internal_count=12015 10709 1306 694 452 10444 399 265 10045 612 242 434
is_linear=0
shrinkage=0.025


Tree=733
num_leaves=7
num_cat=0
split_feature=19 41 22 22 2 14
split_gain=0.730193 2.12902 0.707161 0.73734 0.840369 0.681522
threshold=0.34510858356952673 0.49920457601547247 1.1596739292144778 0.21478914469480517 -0.054688643664121621 0.97212031483650219
decision_type=2 2 2 2 2 2
left_child=2 -2 3 4 -1 -5
right_child=1 -3 -4 5 -6 -7
leaf_value=-4.9282644533229692e-07 7.0359623559381804e-05 -0.0011056665347438583 -0.00020667985390047944 3.0741212870722754e-05 -0.00040205992619705321 -0.00013772071283178386
leaf_weight=1212 184 133 209 9406 598 236
leaf_count=1212 184 133 209 9406 598 236
internal_value=5.32013e-06 -0.00116848 3.82523e-05 6.53532e-05 -0.000396005 0.000152768
internal_weight=11978 317 11661 11452 1810 9642
internal_count=11978 317 11661 11452 1810 9642
is_linear=0
shrinkage=0.025


Tree=734
num_leaves=12
num_cat=0
split_feature=35 35 35 37 3 44 13 36 39 8 13
split_gain=0.653214 0.923392 1.62859 1.97413 0.908623 1.48876 1.19416 0.822468 0.626262 0.865664 1.00293
threshold=0.17477824538946155 0.13048100471496585 0.13929816335439685 0.010728531051427128 0.10008487105369569 0.029273810796439651 -0.22863939404487607 0.22189904749393466 1.4743428230285647 0.04880801402032376 -0.24846127629280088
decision_type=2 2 2 2 2 2 2 2 2 2 2
left_child=1 4 3 -3 6 -6 -1 -4 9 10 -2
right_child=8 2 7 -5 5 -7 -8 -9 -10 -11 -12
leaf_value=2.1285659231816068e-05 -0.00061093159878740171 -0.0019432056501378981 -0.00058332700580177054 -0.00011840781964262716 0.00056182446543753069 -0.00011833072957009349 -0.00023874818129253139 7.307599146757773e-05 0.0026160560696851147 -0.00069211825288691825 9.4055318083372474e-05
leaf_weight=2155 376 150 433 132 1284 383 2136 789 234 130 3792
leaf_count=2155 376 150 433 132 1284 383 2136 789 234 130 3792
internal_value=-4.89615e-06 -0.000149156 -0.000701623 -0.00239983 -8.17532e-06 0.000485197 -0.000201641 -0.000296455 0.000231155 0.000160063 0.000224958
internal_weight=11994 7462 1504 282 5958 1667 4291 1222 4532 4298 4168
internal_count=11994 7462 1504 282 5958 1667 4291 1222 4532 4298 4168
is_linear=0
shrinkage=0.025


Tree=735
num_leaves=14
num_cat=0
split_feature=21 32 43 44 36 23 6 5 22 36 46 30 15
split_gain=0.771321 1.67042 1.28781 2.0042 0.984324 1.33484 0.832537 0.845047 0.6579 0.900068 0.54656 0.438718 0.350017
threshold=54.805021286010749 0.64734426140785228 0.20081119984388354 0.021580318920314315 0.49718071520328527 0.15219300240278247 0.016120799817144874 -0.23624989390373227 0.2965275794267655 0.30876837670803076 0.48606015741825109 -0.12774275243282315 0.57758620381355297
decision_type=2 2 2 2 2 2 2 2 2 2 2 2 2
left_child=4 2 3 -2 8 -6 12 -8 9 -1 -10 -7 -3
right_child=1 6 -4 -5 5 11 7 -9 10 -11 -12 -13 -14
leaf_value=8.9517700498343851e-05 -0.00048437412839858726 0.0014111775539713959 -0.0011152423381849868 0.0031061233137494705 -0.0013087544948885972 -0.00040419649685092049 0.0010310245184388638 -3.5437280459213043e-05 0.00065202387318371734 -0.00016974272323595804 3.7903151323058623e-05 0.00041948718950891368 6.3493477318412724e-05
leaf_weight=1637 324 283 123 180 219 120 179 5044 1374 736 1406 236 143
leaf_count=1637 324 283 123 180 219 120 179 5044 1374 736 1406 236 143
internal_value=6.27655e-05 -0.000127965 -0.00134691 -0.000753929 0.000272763 -0.000700431 7.29581e-06 -7.86629e-05 0.000383143 7.4117e-05 0.000644075 0.000231995 0.00106439
internal_weight=12004 6276 627 504 5728 575 5649 5223 5153 2373 2780 356 426
internal_count=12004 6276 627 504 5728 575 5649 5223 5153 2373 2780 356 426
is_linear=0
shrinkage=0.025


Tree=736
num_leaves=11
num_cat=0
split_feature=36 17 41 37 29 33 44 4 21 17
split_gain=0.625665 1.12954 1.23509 1.11128 1.89235 1.55463 0.981611 1.59098 1.72424 0.869924
threshold=0.21995328366756442 1.376909136772156 0.44022692739963537 0.011736339423805477 0.039526056498289115 -0.0081529826857149584 0.037890281528234489 0.38371863961219793 50.360843658447273 0.75147837400436412
decision_type=2 2 2 2 2 2 2 2 2 2
left_child=6 3 -3 4 -2 -5 7 9 -9 -1
right_child=1 2 -4 5 -6 -7 -8 8 -10 -11
leaf_value=-3.4206612117854807e-05 -0.00052072397635994369 -0.00082008027237904331 0.00031498961182718668 -0.00012783318181393369 5.8442488219368681e-05 0.00031407764174809337 0.0012754590717849621 0.00042843160124931748 -0.00074157577924657944 0.00044456483047842468
leaf_weight=3967 576 138 123 798 1100 4056 226 143 421 532
leaf_count=3967 576 138 123 798 1100 4056 226 143 421 532
internal_value=5.7406e-05 0.000216488 -0.00137688 0.000282135 -0.000269929 0.00047412 -0.000145684 -0.000219268 -0.00146529 -6.02242e-05
internal_weight=12080 6791 261 6530 1676 4854 5289 5063 564 4499
internal_count=12080 6791 261 6530 1676 4854 5289 5063 564 4499
is_linear=0
shrinkage=0.025


Tree=737
num_leaves=13
num_cat=0
split_feature=35 0 24 32 14 46 11 44 44 16 46 44
split_gain=0.55333 1.04679 0.638528 0.80531 0.524404 0.825063 1.27995 0.703649 0.779504 0.673296 0.372781 0.303721
threshold=-0.10675429180264472 -0.01477003190666437 19.884177207946781 0.90075474977493297 0.8479457199573518 0.86720469594001781 0.022764851339161399 0.037890281528234489 0.027441434562206272 0.018375191837549213 0.57171678543090831 0.042453670874238021
decision_type=2 2 2 2 2 2 2 2 2 2 2 2
left_child=1 10 -3 -4 7 9 -7 8 -2 -6 -1 -9
right_child=4 2 3 -5 5 6 -8 11 -10 -11 -12 -13
leaf_value=-5.441472319795294e-06 3.7329214068524552e-05 -0.00038737490143981408 8.407346955428004e-05 -0.00041529790523026739 2.4668519943921171e-05 0.00092544823494490689 -0.00051025439591335388 0.0022319126840110886 -0.000188011285637555 -0.00035956925934088699 0.00063511941649157676 2.7314221534730027e-05
leaf_weight=121 7881 208 204 270 403 385 140 138 1191 807 122 139
leaf_count=121 7881 208 204 270 403 385 140 138 1191 807 122 139
internal_value=1.38381e-05 -0.000571236 -0.00107533 -0.000540188 6.34639e-05 -0.000334052 0.000483491 0.000138043 9.90141e-05 -0.000694444 0.000811492 0.00136968
internal_weight=12009 925 682 474 11084 1735 525 9349 9072 1210 243 277
internal_count=12009 925 682 474 11084 1735 525 9349 9072 1210 243 277
is_linear=0
shrinkage=0.025


Tree=738
num_leaves=11
num_cat=0
split_feature=34 48 42 37 44 41 47 37 43 41
split_gain=0.591736 1.0078 0.546182 1.13998 1.29142 0.880108 0.848535 0.928025 0.672995 0.373831
threshold=0.19019848108291629 0.35326485335826879 0.093039304018020644 0.018006025813519958 0.021820327267050747 0.59875023365020763 0.88646370172500621 0.018217047676444057 0.33760091662406927 0.67737403512001049
decision_type=2 2 2 2 2 2 2 2 2 2
left_child=2 -2 6 5 -5 -4 7 -1 -8 -3
right_child=1 9 3 4 -6 -7 8 -9 -10 -11
leaf_value=-1.9867249315947283e-05 -0.00086279003044763812 0.00021987131303289467 -5.1041260537599458e-05 -0.0011883933512160047 -7.2123570525372917e-05 0.00095283062532765792 0.00068723024816968114 0.00017152917233055642 -2.5926653094209452e-05 -0.0007346414496729244
leaf_weight=6498 158 136 981 155 460 332 672 2272 242 121
leaf_count=6498 158 136 981 155 460 332 672 2272 242 121
internal_value=1.34019e-05 -0.000907738 4.72369e-05 -0.000335618 -0.00121976 7.6821e-05 0.000124239 4.77209e-05 0.000847389 4.2939e-05
internal_weight=12027 415 11612 1928 615 1313 9684 8770 914 257
internal_count=12027 415 11612 1928 615 1313 9684 8770 914 257
is_linear=0
shrinkage=0.025


Tree=739
num_leaves=8
num_cat=0
split_feature=36 35 41 5 37 6 41
split_gain=0.588916 0.650225 0.781883 0.959931 0.631121 1.39158 0.573384
threshold=-0.11288800090551375 -0.10675429180264472 0.57466790080070507 0.1698415279388428 0.024621151387691501 0.04641299135982991 0.65851813554763805
decision_type=2 2 2 2 2 2 2
left_child=-1 2 -2 -4 6 -6 -3
right_child=1 4 3 -5 5 -7 -8
leaf_value=0.0012680078299224899 -0.00055734435368275223 1.8020552667318001e-05 -0.00035347079744242182 0.00026479898475264559 0.0014061583966207768 -6.3587849424928832e-05 -6.4959083508789455e-05
leaf_weight=230 134 6327 305 416 675 571 3285
leaf_count=230 134 6327 305 416 675 571 3285
internal_value=1.05667e-05 -1.37608e-05 -0.000675872 -0.0003323 3.80881e-05 0.000566547 -3.00249e-05
internal_weight=11943 11713 855 721 10858 1246 9612
internal_count=11943 11713 855 721 10858 1246 9612
is_linear=0
shrinkage=0.025


Tree=740
num_leaves=14
num_cat=0
split_feature=14 4 11 29 29 18 35 31 32 16 35 36 6
split_gain=0.555198 0.904366 0.983159 0.699322 1.36898 1.21798 0.904513 0.801973 0.692546 1.09563 0.638281 0.538145 0.258568
threshold=0.8479457199573518 0.64644187688827526 0.022681008093059066 0.094360750168561949 0.090930365025997176 0.012397721875458957 -0.10675429180264472 2.7522774934768681 0.98006835579872142 0.01861462835222483 -0.048268128186464303 0.5289275348186494 0.067057002335786833
decision_type=2 2 2 2 2 2 2 2 2 2 2 2 2
left_child=3 8 12 4 6 -6 -1 11 10 -10 -2 -5 -3
right_child=1 2 -4 7 5 -7 -8 -9 9 -11 -12 -13 -14
leaf_value=-9.9332823043275315e-05 0.0013668443321302323 0.00094461222005587505 -0.00012136584128313829 0.0016064375737827241 -0.00078732445730812306 -9.9426962694287694e-06 3.5822462704690044e-05 -0.00025799834666391535 0.00018829445505829615 -0.00085328122826128791 -6.7738806628817513e-05 -0.00030521242936214048 3.2160742740484571e-05
leaf_weight=642 136 241 157 744 121 128 8157 182 263 582 346 126 125
leaf_count=642 136 241 157 744 121 128 8157 182 263 582 346 126 125
internal_value=4.96655e-05 -0.000347035 0.000523201 0.000123083 5.12262e-05 -0.00175689 0.000104072 0.000732025 -0.000695383 -0.001125 4.87681e-05 0.00105 0.00123652
internal_weight=11950 1850 523 10100 9048 249 8799 1052 1327 845 482 870 366
internal_count=11950 1850 523 10100 9048 249 8799 1052 1327 845 482 870 366
is_linear=0
shrinkage=0.025


Tree=741
num_leaves=8
num_cat=0
split_feature=26 29 20 23 5 9 36
split_gain=0.585537 0.610903 1.05102 0.82592 0.761781 0.645294 0.568172
threshold=0.011039863806217911 0.027929934673011306 -0.13840508460998532 0.07142681255936624 0.10208022221922876 0.018743911758065227 0.31734605133533483
decision_type=2 2 2 2 2 2 2
left_child=-1 2 -2 4 -3 -5 -4
right_child=1 3 6 5 -6 -7 -8
leaf_value=-0.00063168051153096377 -0.00017345209183891765 2.9529560169754415e-06 0.001028527683275804 0.00033504587199804995 -0.0010823525530079382 -1.0809567551078084e-05 -1.4905719683349267e-05
leaf_weight=144 147 136 653 969 232 9556 237
leaf_count=144 147 136 653 969 232 9556 237
internal_value=-1.10728e-05 7.85514e-06 0.000586612 -4.69122e-05 -0.00120308 -5.34179e-06 0.000914805
internal_weight=12074 11930 1037 10893 368 10525 890
internal_count=12074 11930 1037 10893 368 10525 890
is_linear=0
shrinkage=0.025


Tree=742
num_leaves=13
num_cat=0
split_feature=17 37 26 41 35 45 5 40 42 13 43 3
split_gain=0.524515 0.979824 1.16244 2.96281 0.972388 0.912193 0.973135 0.856239 0.790722 0.969515 0.466886 0.457819
threshold=0.87490308284759533 0.024621151387691501 0.031691979616880424 0.51079675555229198 0.020514667034149173 0.20983126014471057 1.0292599201202395 1.0677071213722231 0.029537690803408626 -0.15522019565105435 -0.043107284232974045 -0.26148380339145655
decision_type=2 2 2 2 2 2 2 2 2 2 2 2
left_child=1 2 4 -4 -1 -2 10 -8 11 -10 -7 -3
right_child=5 8 3 -5 -6 6 7 -9 9 -11 -12 -13
leaf_value=-8.5364176920186622e-05 -0.00047197500788811585 1.4262685617361201e-06 4.4826573495629262e-05 -0.0010371958494649323 1.3380694894285352e-05 -0.00022078794010567447 -6.4787411211136527e-05 0.001229548884471212 -0.00074913767377347189 0.00014863865986310544 0.0010254597733384224 0.0022261580399240725
leaf_weight=1963 137 145 557 532 5621 124 1042 422 155 212 534 516
leaf_count=1963 137 145 557 532 5621 124 1042 422 155 212 534 516
internal_value=-3.6564e-06 -8.40974e-05 -0.000171266 -0.000933501 -6.04492e-05 0.00033845 0.000469558 0.000104663 0.000642546 -0.000272177 0.00126508 0.00115803
internal_weight=11960 9701 8673 1089 7584 2259 2122 1464 1028 367 658 661
internal_count=11960 9701 8673 1089 7584 2259 2122 1464 1028 367 658 661
is_linear=0
shrinkage=0.025


Tree=743
num_leaves=14
num_cat=0
split_feature=36 40 11 12 4 23 41 40 43 5 39 24 8
split_gain=0.58495 1.32041 1.67236 2.45273 1.55326 2.22452 1.24877 1.12851 1.45291 1.50024 1.01477 1.44077 0.677742
threshold=0.12280745804309846 0.73075467348098766 0.011206511408090593 -0.073036618530750261 0.38371863961219793 0.26580189168453222 0.37688715755939489 0.79955479502677929 -0.32066141068935389 1.2540249824523928 1.0696486830711367 15.802555561065676 0.025375550612807277
decision_type=2 2 2 2 2 2 2 2 2 2 2 2 2
left_child=1 2 -1 -4 6 -6 -3 8 -2 -10 11 -9 -12
right_child=7 4 3 -5 5 -7 -8 10 9 -11 12 -13 -14
leaf_value=0.00070982281652427726 -0.00089635179439713714 0.0032321068845650061 -0.00014332027276188657 -0.0037013841188076229 -0.0010597130722604933 0.00032587296525846067 3.4904575489317075e-06 -0.0012137413216555251 0.000758235759753604 -0.00033008795660978223 0.00050085853944131006 -2.0755580371638474e-05 1.0859719389279337e-05
leaf_weight=149 124 218 265 160 194 128 2692 406 1482 123 1077 3378 1693
leaf_count=149 124 218 265 160 194 128 2692 406 1482 123 1077 3378 1693
internal_value=4.47537e-05 -0.000210903 -0.00131045 -0.00210756 -1.19709e-05 -0.00164755 0.000169383 0.000163037 0.000730248 0.000935559 1.20065e-05 -0.000253035 0.000376126
internal_weight=12089 3806 574 425 3232 322 2910 8283 1729 1605 6554 3784 2770
internal_count=12089 3806 574 425 3232 322 2910 8283 1729 1605 6554 3784 2770
is_linear=0
shrinkage=0.025


Tree=744
num_leaves=11
num_cat=0
split_feature=5 3 13 27 48 33 40 31 20 44
split_gain=0.770802 0.866383 1.03614 0.894505 0.838045 0.782071 0.767625 0.676355 1.15917 0.190211
threshold=-0.22484342008829114 0.10764149203896524 -0.27223080396652216 0.0086950068362057226 0.91434335708618175 -0.002278880099765956 1.2586367726325991 0.11780133098363878 -0.15553282946348188 0.019851257093250755
decision_type=2 2 2 2 2 2 2 2 2 2
left_child=7 3 -3 6 -4 -5 -2 8 -1 -9
right_child=1 2 4 5 -6 -7 -8 9 -10 -11
leaf_value=0.00017855215552612421 -6.202872396420248e-05 -0.0016473633222345897 8.3187703091209902e-05 -0.00077633920947989298 -0.00037016380981496065 0.00067356655751565084 -0.00019328618730003784 0.00018930433223990361 -0.00088327861485545207 0.0045815078745257741
leaf_weight=170 4239 174 5408 159 484 472 401 235 129 150
leaf_count=170 4239 174 5408 159 484 472 401 235 129 150
internal_value=-7.58763e-06 -5.74192e-05 0.000145569 -0.000292125 0.000203281 0.000583726 -0.000413078 0.000803701 -6.99012e-05 0.00149038
internal_weight=12021 11337 6066 5271 5892 631 4640 684 299 385
internal_count=12021 11337 6066 5271 5892 631 4640 684 299 385
is_linear=0
shrinkage=0.025


Tree=745
num_leaves=9
num_cat=0
split_feature=35 46 17 1 17 38 31 43
split_gain=0.669332 0.805514 0.849535 0.794322 0.679496 0.678899 0.620504 0.209361
threshold=-0.12642512470483777 0.59097579121589672 1.0000000180025095e-35 0.010447889100760223 -0.40648134052753443 -0.19279731810092923 0.052072508260607726 0.055493002757430084
decision_type=2 2 2 2 2 2 2 2
left_child=1 2 -1 -3 -2 7 -7 -6
right_child=4 3 -4 -5 5 6 -8 -9
leaf_value=1.4633818535072207e-05 0.0013642471473754394 0.00056423417476662624 -0.00076280436444361804 -2.8258018756802941e-05 0.00059251862646828794 -0.00023211785689254517 -5.0654399457063928e-07 0.0034172267758266076
leaf_weight=132 216 162 233 139 126 226 10658 127
leaf_count=132 216 162 233 139 126 226 10658 127
internal_value=-2.04798e-05 -0.000788003 -0.00157095 0.000151144 2.43222e-05 -2.35586e-06 -3.2946e-05 0.00126453
internal_weight=12019 666 365 301 11353 11137 10884 253
internal_count=12019 666 365 301 11353 11137 10884 253
is_linear=0
shrinkage=0.025


Tree=746
num_leaves=12
num_cat=0
split_feature=18 11 40 31 36 23 37 38 37 18 36
split_gain=0.604377 0.828615 1.08773 1.06902 0.836546 1.23769 0.922973 0.558291 1.00008 0.435184 0.0750877
threshold=-0.063958033919334398 0.017177220433950428 0.47328618168830877 0.54936203360557567 0.46494646370410925 0.14574102312326434 0.010728531051427128 -0.11443170532584189 0.022976452484726909 -0.11611197888851164 0.27129377424716955
decision_type=2 2 2 2 2 2 2 2 2 2 2
left_child=7 2 -2 -4 6 -6 -3 9 -9 -1 -11
right_child=1 4 3 -5 5 -7 -8 8 -10 10 -12
leaf_value=3.1926459315717561e-06 -0.00076966078383072659 -0.00017484149203549106 -5.1242032637322595e-05 0.00020019292339004091 -0.0019514973452505289 -0.00010358879869367794 2.2835392820902474e-06 0.00055753208715695842 -0.0012822074280323375 0.0011813200674008057 0.00082710688223993983
leaf_weight=152 208 831 2238 3509 265 645 3540 194 120 216 121
leaf_count=152 208 831 2238 3509 265 645 3540 194 120 216 121
internal_value=-3.91273e-05 -8.70696e-05 0.000114304 0.000180155 -0.000315219 -0.0010041 -0.00016939 0.000620359 -0.000184169 0.00114626 0.00164108
internal_weight=12039 11236 5955 5747 5281 910 4371 803 314 489 337
internal_count=12039 11236 5955 5747 5281 910 4371 803 314 489 337
is_linear=0
shrinkage=0.025


Tree=747
num_leaves=11
num_cat=0
split_feature=34 11 32 40 20 43 5 35 0 11
split_gain=0.708661 0.969087 0.868297 0.641935 1.7144 1.74447 1.31718 1.07006 1.09347 1.07476
threshold=0.19019848108291629 0.01505907252430916 0.84917542338371288 0.86464822292327892 0.21074266731739047 0.16786605119705203 1.4552086591720583 -0.12642512470483777 0.0034417731221765284 0.010803188662976028
decision_type=2 2 2 2 2 2 2 2 2 2
left_child=3 -2 -3 4 5 -1 -6 8 -5 -9
right_child=1 2 -4 7 6 -7 -8 9 -10 -11
leaf_value=1.0305235243721574e-05 0.00096776341910443037 -4.5358856181508891e-05 -0.0017611363250369539 -9.0586988651049895e-06 0.00082912776766533953 -0.0036474752775102533 -0.00014535737288398179 -0.00053155551065005486 -0.00080506624033252678 1.3747571775660344e-05
leaf_weight=2004 124 141 154 247 1506 137 121 550 170 6845
leaf_count=2004 124 141 154 247 1506 137 121 550 170 6845
internal_value=9.68436e-06 -0.000993514 -0.00177083 4.69358e-05 0.000315068 -0.000147367 0.000926011 -8.17128e-05 -0.00130628 -1.09796e-05
internal_weight=11999 419 295 11580 3768 2141 1627 7812 417 7395
internal_count=11999 419 295 11580 3768 2141 1627 7812 417 7395
is_linear=0
shrinkage=0.025


Tree=748
num_leaves=8
num_cat=0
split_feature=16 16 16 34 39 32 10
split_gain=0.731981 0.603132 0.791954 2.82061 0.716726 0.850465 0.58114
threshold=0.012221025303006174 0.02408415358513594 0.022667651996016506 0.12971211224794391 1.4358321428298952 1.2982205748558047 0.024252675473690036
decision_type=2 2 2 2 2 2 2
left_child=-1 2 6 -4 5 -3 -2
right_child=1 4 3 -5 -6 -7 -8
leaf_value=0.0014008358962042042 1.3575169801963395e-05 6.036959836393083e-05 -4.2211449236647037e-06 -0.0014805802905525905 0.0021172540568013222 -0.00040822502534163766 -8.9954947497679165e-05
leaf_weight=148 6102 2909 1028 310 234 321 976
leaf_count=148 6102 2909 1028 310 234 321 976
internal_value=5.29802e-06 -1.6302e-05 -0.000131071 -0.000687826 0.000260522 0.000160356 -2.45305e-05
internal_weight=12028 11880 8416 1338 3464 3230 7078
internal_count=12028 11880 8416 1338 3464 3230 7078
is_linear=0
shrinkage=0.025


Tree=749
num_leaves=14
num_cat=0
split_feature=4 26 44 37 46 11 40 14 41 46 8 3 5
split_gain=0.736313 0.875052 0.824686 1.49456 1.04415 0.77372 1.43442 0.742985 0.569988 0.714898 0.879584 0.34968 0.0913785
threshold=-0.12902899831533429 0.019934497773647312 0.016962068155407909 0.010728531051427128 0.16269258409738543 0.013273796997964384 1.0723580718040469 0.97212031483650219 0.72606748342514049 0.62931033968925487 0.017471064813435081 -0.22043146938085553 -0.045883342623710625
decision_type=2 2 2 2 2 2 2 2 2 2 2 2 2
left_child=8 2 4 -4 -2 6 -3 -7 9 10 -1 -10 -13
right_child=1 5 3 -5 -6 7 -8 -9 11 -11 -12 12 -14
leaf_value=0.000854115584626715 -0.00070411988395645915 0.0015692065650682104 -0.00058371902131840745 -7.5638153231138435e-07 3.4804510754228219e-05 7.2807283827103187e-06 -0.00049857690437149266 -0.0001509310825239963 3.4726340733259295e-05 0.0010705859687719181 -0.00011974104176052168 7.959859423289792e-05 0.0024893318533436553
leaf_weight=338 378 849 526 536 1588 6321 230 321 136 167 455 122 139
leaf_count=338 378 849 526 536 1588 6321 230 321 136 167 455 122 139
internal_value=-6.50226e-06 -7.63668e-05 -0.000436449 -0.000996954 -0.000128742 6.42313e-05 0.00068381 -3.59184e-05 0.000540565 0.000200777 -0.000108083 0.00133396 0.0018656
internal_weight=12106 10749 3028 1062 1966 7721 1079 6642 1357 960 793 397 261
internal_count=12106 10749 3028 1062 1966 7721 1079 6642 1357 960 793 397 261
is_linear=0
shrinkage=0.025


Tree=750
num_leaves=10
num_cat=0
split_feature=5 46 10 17 32 33 34 45 5
split_gain=0.996225 0.8919 0.605096 0.609104 0.454005 0.434554 0.700834 0.174023 0.266499
threshold=-0.2022278010845184 0.038517974317073829 0.0062415467109531173 0.86793145537376415 0.6872166395187379 0.002265255781821907 -0.0040544939693063489 0.20983126014471057 -0.3174957782030105
decision_type=2 2 2 2 2 2 2 2 2
left_child=5 -2 4 -4 -3 6 -1 8 -7
right_child=1 2 3 -5 -6 7 -8 -9 -10
leaf_value=-0.00022761202186416356 -0.00079054542944025606 -9.0542497695469182e-06 -3.6542979641399993e-05 0.00010683895624754513 0.0020902762085817663 3.7128395769726956e-06 0.00028657066352914703 0.0020188445823363468 0.00041370203174402869
leaf_weight=132 141 149 8521 2244 253 158 218 135 131
leaf_count=132 141 149 8521 2244 253 158 218 135 131
internal_value=6.10169e-06 -5.29257e-05 -2.69646e-05 -6.32543e-05 0.000918305 0.000871309 0.000193662 0.00140734 0.000990646
internal_weight=12082 11308 11167 10765 402 774 350 424 289
internal_count=12082 11308 11167 10765 402 774 350 424 289
is_linear=0
shrinkage=0.025


Tree=751
num_leaves=6
num_cat=0
split_feature=2 30 20 32 44
split_gain=0.521233 0.528631 0.484284 1.22933 0.725763
threshold=-0.28105409443378443 -1.4521878361701963 0.038763601332902915 1.1675266027450564 0.012747103814035656
decision_type=2 2 2 2 2
left_child=-1 -2 3 -3 -4
right_child=1 2 4 -5 -6
leaf_value=0.00067709858887899039 0.00054978455146244298 -9.8552551236678121e-06 -0.00074621104948263879 -0.00050660360349754643 2.5362211232651513e-05
leaf_weight=139 193 2454 366 506 8375
leaf_count=139 193 2454 366 506 8375
internal_value=6.3342e-06 -1.12403e-05 -3.34229e-05 -0.000309865 5.95988e-05
internal_weight=12033 11894 11701 2960 8741
internal_count=12033 11894 11701 2960 8741
is_linear=0
shrinkage=0.025


Tree=752
num_leaves=8
num_cat=0
split_feature=5 46 42 44 5 47 26
split_gain=0.744017 0.610134 2.66047 1.95498 0.924798 0.747186 0.587106
threshold=-0.46231107413768763 0.10491563007235528 -0.052852483466267579 0.015278893522918226 -0.2022278010845184 0.057776963338255889 0.016071674413979057
decision_type=2 2 2 2 2 2 2
left_child=-1 2 6 -4 -3 -6 -2
right_child=1 4 3 -5 5 -7 -8
leaf_value=0.0013672449807814705 -6.9710137603660693e-05 0.0015271238938460061 -0.0021306892428705013 -0.00011076223999565796 0.00069801071186204576 -1.2714565945509807e-05 0.00062498616137948802
leaf_weight=147 131 215 149 421 522 10109 365
leaf_count=147 131 215 149 421 522 10109 365
internal_value=-1.83396e-05 -4.10127e-05 -0.000610411 -0.00177174 1.46301e-05 -1.79813e-05 0.000716068
internal_weight=12059 11912 1066 570 10846 10631 496
internal_count=12059 11912 1066 570 10846 10631 496
is_linear=0
shrinkage=0.025


Tree=753
num_leaves=13
num_cat=0
split_feature=47 45 33 31 31 30 31 31 44 8 20 39
split_gain=0.614844 0.99983 0.802182 1.12063 0.543372 1.8354 2.54141 1.20763 0.952527 1.12168 0.913783 0.371907
threshold=0.88646370172500621 0.99137932062149059 0.010401647072285415 1.5439035296440127 0.49547606706619268 0.78491428494453441 0.25674055516719824 0.2265712767839432 0.019851257093250755 0.018722791224718097 0.2467460706830025 0.60240525007247936
decision_type=2 2 2 2 2 2 2 2 2 2 2 2
left_child=4 2 11 -4 5 7 -7 -1 10 -10 -6 -2
right_child=1 -3 3 -5 8 6 -8 -9 9 -11 -12 -13
leaf_value=6.4649500869764172e-05 -3.6779291252079335e-06 -0.00043008800251595795 0.00058603830729861374 -0.00061343381782996253 1.0235449504527371e-05 -0.0024614809500737179 9.5443469009488135e-05 -0.00022747256021595793 -0.0006613503506729579 -1.2655648214709002e-05 0.0011833657683022142 0.00075646078439467511
leaf_weight=1391 143 151 142 125 1749 126 128 1786 343 3946 1178 837
leaf_count=1391 143 151 142 125 1749 126 128 1786 343 3946 1178 837
internal_value=-5.18579e-07 0.000490912 0.000727836 -0.000464154 -6.58326e-05 -0.000324869 -0.00235039 -0.000157527 5.66058e-05 -0.000179611 0.000404587 0.00105964
internal_weight=12045 1398 1247 267 10647 3431 254 3177 7216 4289 2927 980
internal_count=12045 1398 1247 267 10647 3431 254 3177 7216 4289 2927 980
is_linear=0
shrinkage=0.025


Tree=754
num_leaves=12
num_cat=0
split_feature=47 8 8 27 41 33 2 8 2 5 4
split_gain=0.676707 1.3377 1.31961 0.882464 1.23184 0.936092 0.872957 0.858072 0.743977 0.612161 0.170784
threshold=0.88646370172500621 0.029948379844427112 0.032941512763500221 0.015086717903614046 0.68383544683456432 0.0076825323048979053 0.25358903408050543 0.036646321415901191 0.32588496804237371 -0.46231107413768763 0.39575041830539709
decision_type=2 2 2 2 2 2 2 2 2 2 2
left_child=3 10 -3 6 5 -5 9 -4 -8 -1 -2
right_child=1 2 7 4 -6 -7 8 -9 -10 -11 -12
leaf_value=0.0014202870375396334 0.0026146674221574069 -0.0008249525546640869 0.0015170468193297141 -0.0014654338714555403 0.00017192106354976596 -0.00042560558611515198 0.0015137227042487985 3.2946137626413195e-06 -0.00013888705256754553 -1.3623545623799392e-05 0.00026655935685762974
leaf_weight=130 212 142 173 140 220 141 285 654 149 9517 165
leaf_count=130 212 142 173 140 220 141 285 654 149 9517 165
internal_value=1.58176e-05 0.000543116 4.23512e-05 -5.08878e-05 -0.00106966 -0.00215472 0 0.000434195 0.00109055 -4.9342e-05 0.00179647
internal_weight=11928 1346 969 10582 501 281 10081 827 434 9647 377
internal_count=11928 1346 969 10582 501 281 10081 827 434 9647 377
is_linear=0
shrinkage=0.025


Tree=755
num_leaves=14
num_cat=0
split_feature=47 22 6 37 11 37 41 48 3 11 17 40 24
split_gain=0.58954 0.747692 0.702641 0.677199 1.77254 1.43011 1.35322 0.936939 1.55473 0.868101 0.621087 0.388773 0.379591
threshold=0.88646370172500621 0.80476874113082897 0.070261314511299147 0.010728531051427128 0.017177220433950428 0.010161631274968387 0.53210151195526134 0.90517240762710582 0.33064298331737524 0.012200938537716867 0.45425654947757726 1.0653823018074038 24.863458633422855
decision_type=2 2 2 2 2 2 2 2 2 2 2 2 2
left_child=3 2 12 4 5 -1 -6 9 -9 -5 -3 -12 -2
right_child=1 10 -4 7 6 -7 -8 8 -10 -11 11 -13 -14
leaf_value=2.9031429380465415e-05 4.7436987484660663e-05 0.00082157306117155526 -0.00027337143500172112 -0.00024622532109590679 -0.0015195868461809988 -0.00093505536778117613 -0.00019218039631545262 -2.4998116998563243e-05 -0.0017021492287115757 6.0846126614341637e-05 -0.0016088436889187313 -4.7126399179797428e-05 0.00080539269159900706
leaf_weight=2230 378 130 154 928 147 256 519 390 124 6071 125 121 460
leaf_count=2230 378 130 154 928 147 256 519 390 124 6071 125 121 460
internal_value=-2.1702e-05 0.000465222 0.000826229 -8.49343e-05 -0.000392382 -8.17944e-05 -0.00153316 4.33959e-05 -0.00098025 0.00012011 -0.00046916 -0.00121016 0.00111358
internal_weight=12033 1368 992 10665 3152 2486 666 7513 514 6999 376 246 838
internal_count=12033 1368 992 10665 3152 2486 666 7513 514 6999 376 246 838
is_linear=0
shrinkage=0.025


Tree=756
num_leaves=15
num_cat=0
split_feature=16 16 23 35 26 48 20 13 41 44 41 35 35 13
split_gain=0.837209 1.19938 0.92194 0.91908 0.917081 0.75203 1.27145 3.25715 1.34616 0.828469 0.741842 0.639832 0.638142 0.24394
threshold=0.024711586534976963 0.032099720090627677 0.19749945402145389 0.41086395084857946 0.035829942673444755 0.27622890472412115 0.12447883561253549 -0.25731857120990748 0.60463097691535961 0.011399682611227037 0.41770638525485998 -0.12642512470483777 0.46531687676906591 -0.21093431115150449
decision_type=2 2 2 2 2 2 2 2 2 2 2 2 2 2
left_child=5 3 -3 11 -4 6 7 -1 -8 13 -11 -2 -5 -7
right_child=1 2 4 12 -6 9 8 -9 -10 10 -12 -13 -14 -15
leaf_value=0.0005535513930961174 -6.3887342819213657e-05 0.00013785367775954969 -0.00077296609794093557 -0.00053178816340164849 3.9779214402244663e-05 0.003322333378991329 -5.6644964677186299e-05 -0.0018394215624794041 0.0015687067574931984 0.0010883139510422157 -2.2447221523538249e-05 0.00065176359026013566 0.00041318320508734925 0.00019539196380699149
leaf_weight=361 237 206 213 187 146 163 1320 669 236 393 5799 1953 138 152
leaf_count=361 237 206 213 187 146 163 1320 669 236 393 5799 1953 138 152
internal_value=6.26138e-06 0.000362642 -0.00066886 0.000597718 -0.00143201 -0.000113899 -0.000474238 -0.00115338 -1.84176e-05 2.86011e-05 -3.44924e-05 0.00078303 -0.000625 0.00126953
internal_weight=12173 3080 565 2515 359 9093 2586 1030 1556 6507 6192 2190 325 315
internal_count=12173 3080 565 2515 359 9093 2586 1030 1556 6507 6192 2190 325 315
is_linear=0
shrinkage=0.025


Tree=757
num_leaves=14
num_cat=0
split_feature=16 9 44 37 34 48 37 16 37 33 37 22 6
split_gain=0.637186 0.869822 1.22183 1.13876 0.750137 1.29975 1.04933 1.69215 0.812925 0.678078 0.641407 0.624901 0.472146
threshold=0.024711586534976963 0.027743392623960975 0.021580318920314315 0.019389991648495201 0.091338682919740691 0.97212031483650219 0.016584094613790516 0.022342984564602378 0.016711207106709484 0.017092785798013214 0.030378243885934356 0.092800822108984007 0.053359869867563255
decision_type=2 2 2 2 2 2 2 2 2 2 2 2 2
left_child=4 11 10 -4 5 8 7 -6 -1 -8 -3 -2 -13
right_child=1 2 3 -5 6 -7 9 -9 -10 -11 -12 12 -14
leaf_value=8.8836015159800621e-05 -0.00018169885858472946 -0.00018476701110926912 -5.4967868545803906e-05 0.00085822919845608952 -7.1777280110202083e-05 -0.00036563400198504092 0.00085774546158292459 -0.0010027064247658919 -5.8529916040161458e-05 -0.00021316588148344306 -0.00067030586113220022 0.0012519385752808871 1.2482842229460966e-05
leaf_weight=4601 150 240 939 518 1398 210 325 398 1768 249 120 885 211
leaf_count=4601 150 240 939 518 1398 210 325 398 1768 249 120 885 211
internal_value=4.7745e-05 0.000358947 6.17463e-06 0.000332592 -5.82141e-05 7.84099e-05 -0.000439474 -0.000737784 0.000143748 0.000481434 -0.00128425 0.000866307 0.00107516
internal_weight=12012 3063 1817 1457 8949 6579 2370 1796 6369 574 360 1246 1096
internal_count=12012 3063 1817 1457 8949 6579 2370 1796 6369 574 360 1246 1096
is_linear=0
shrinkage=0.025


Tree=758
num_leaves=11
num_cat=0
split_feature=14 37 37 10 26 17 14 25 43 5
split_gain=0.615134 1.86524 0.543175 1.00178 0.957419 0.768053 0.618607 0.665052 0.437038 0.370248
threshold=0.97212031483650219 0.017944529652595523 0.026882612146437172 0.026447523385286335 0.030938181094825271 0.90904042124748241 0.40948276221752172 -11.180986881256102 -0.00204300251789391 0.7808038890361787
decision_type=2 2 2 2 2 2 2 2 2 2
left_child=2 9 3 5 -5 -1 8 -8 -4 -2
right_child=1 -3 6 4 -6 -7 7 -9 -10 -11
leaf_value=1.930455952885605e-06 0.00029572631916836443 -0.001254152503676645 0.00011732548644480267 0.00058556594536441741 -0.0003808351150262452 0.00021784651930983756 -0.00036041459496851487 0.00028085292103723178 0.0031006227863175423 -0.00013684183969213588
leaf_weight=8353 137 123 297 213 581 1343 155 552 156 149
leaf_count=8353 137 123 297 213 581 1343 155 552 156 149
internal_value=4.90095e-05 -0.000896739 8.31189e-05 2.56075e-05 -0.000824468 9.62531e-05 0.000595494 0.000121138 0.00131277 0.00020189
internal_weight=12059 409 11650 10490 794 9696 1160 707 453 286
internal_count=12059 409 11650 10490 794 9696 1160 707 453 286
is_linear=0
shrinkage=0.025


Tree=759
num_leaves=8
num_cat=0
split_feature=31 16 6 16 36 30 33
split_gain=0.645282 0.563974 1.27142 1.01808 0.590223 0.547573 0.542034
threshold=0.023493722081184391 0.025451495312154297 0.039002655074000366 0.026098176836967472 0.13121338188648227 -1.4521878361701963 -0.017283272929489609
decision_type=2 2 2 2 2 2 2
left_child=-1 5 4 -4 -3 -2 -7
right_child=1 2 3 -5 -6 6 -8
leaf_value=-0.00018627968332892016 0.00073338038587694948 -9.2970245787479453e-05 0.0015777019942954168 -9.2361684953673728e-05 0.0010000220527487536 -0.0002662010319253083 -6.9635442748129744e-06
leaf_weight=134 163 203 193 1335 1096 448 8383
leaf_count=134 163 203 193 1335 1096 448 8383
internal_value=1.09742e-05 3.13928e-05 0.000339425 -0.000145956 0.000913535 -6.48682e-05 -9.23777e-05
internal_weight=11955 11821 2827 1528 1299 8994 8831
internal_count=11955 11821 2827 1528 1299 8994 8831
is_linear=0
shrinkage=0.025


Tree=760
num_leaves=11
num_cat=0
split_feature=22 32 13 29 26 22 35 35 4 41
split_gain=0.609456 1.17955 0.90666 1.65685 1.41818 0.768957 0.819219 0.856542 0.650034 0.0540869
threshold=0.68191048502922069 0.5597788691520692 -0.031595164909958832 0.040215957909822471 0.015359859447926285 0.66548368334770214 0.434720128774643 0.19217287003993991 0.17490313947200778 0.62323123216629039
decision_type=2 2 2 2 2 2 2 2 2 2
left_child=5 8 4 -4 -3 6 7 -1 -2 -7
right_child=1 2 3 -5 -6 9 -8 -9 -10 -11
leaf_value=-1.1130493888666059e-05 -0.00010802363577320882 0.0007652700813851204 -0.00084479670539303541 0.00024611331726477495 -0.00019134351200929882 0.0017986896440386599 -0.0015134507268419984 0.0002087873021821415 -0.00041085056141816796 0.00033090426742018292
leaf_weight=4501 136 317 339 1986 2533 121 136 1693 125 120
leaf_count=4501 136 317 339 1986 2533 121 136 1693 125 120
internal_value=-2.5079e-05 -0.000221237 -0.000136342 0.000228004 -0.000435639 0.000136291 8.18864e-05 0.000125625 -0.0018468 0.00150915
internal_weight=12007 5436 5175 2325 2850 6571 6330 6194 261 241
internal_count=12007 5436 5175 2325 2850 6571 6330 6194 261 241
is_linear=0
shrinkage=0.025


Tree=761
num_leaves=9
num_cat=0
split_feature=11 30 30 30 10 44 48 27
split_gain=0.622499 1.29663 1.14207 1.04478 0.885696 0.740993 0.672714 0.0462469
threshold=0.01088201627135277 1.1556262969970705 1.1556262969970705 -0.17410642653703687 0.0098528601229190844 0.011259817052632572 0.97212031483650219 0.0024759613443166022
decision_type=2 2 2 2 2 2 2 2
left_child=1 3 5 -1 -5 -2 -7 -4
right_child=2 -3 7 4 -6 6 -8 -9
leaf_value=-0.0014573191718528064 0.0031978410117812516 -0.0014567370543028095 0.00038222050234374539 0.00080750017316060267 -0.00059966437679017607 8.95043380006391e-06 -0.00024520183600969676 0.0055645970151882761
leaf_weight=126 137 127 122 640 353 9983 374 128
leaf_count=126 137 127 122 640 353 9983 374 128
internal_value=2.44895e-05 -0.000502598 8.64035e-05 -0.000219084 5.13528e-05 4.55997e-05 2.03871e-05 0.0017402
internal_weight=11990 1246 10744 1119 993 10494 10357 250
internal_count=11990 1246 10744 1119 993 10494 10357 250
is_linear=0
shrinkage=0.025


Tree=762
num_leaves=11
num_cat=0
split_feature=14 26 8 31 20 30 6 8 24 39
split_gain=0.614985 0.856597 0.80855 0.831849 0.77159 0.674651 0.431817 0.522342 0.39057 0.202985
threshold=0.97212031483650219 0.04077358357608319 0.037389965727925308 2.6553721427917485 0.64936172962188732 0.32557754218578344 0.056302726268768317 0.047305829823017127 42.950235366821296 0.98054358363151561
decision_type=2 2 2 2 2 2 2 2 2 2
left_child=1 2 4 -4 -1 8 9 -8 -2 -3
right_child=5 6 3 -5 -6 -7 7 -9 -10 -11
leaf_value=4.6211937168555418e-06 -0.00052164534477050267 0.0011712340196396766 -0.00011484789626108266 -0.0015644227043687697 0.0011968364213701358 9.0942376285771664e-05 0.00052642336322332635 -0.00031425476293153905 -0.00014426306902152095 0.00033297165212562997
leaf_weight=9484 120 148 725 124 575 171 148 156 124 247
leaf_count=9484 120 148 725 124 575 171 148 156 124 247
internal_value=3.1076e-05 6.55573e-05 1.04234e-05 -0.000727459 7.36537e-05 -0.000907738 0.000910867 0.000173948 -0.00174197 0.00145313
internal_weight=12022 11607 10908 849 10059 415 699 304 244 395
internal_count=12022 11607 10908 849 10059 415 699 304 244 395
is_linear=0
shrinkage=0.025


Tree=763
num_leaves=13
num_cat=0
split_feature=47 30 45 3 48 40 33 9 26 40 39 38
split_gain=0.758179 0.744902 1.31086 1.12782 0.670327 1.92736 1.01122 0.725895 0.424474 0.363606 0.279602 0.0437222
threshold=0.88646370172500621 0.35539729893207556 0.8479457199573518 0.51658788323402416 0.057776963338255889 0.47328618168830877 -0.0041692517697811118 0.027076496742665771 0.026518352329730991 0.91626790165901195 1.3630051612854006 -0.03209173493087291
decision_type=2 2 2 2 2 2 2 2 2 2 2 2
left_child=4 2 10 -4 6 -6 -1 -7 -8 -3 -2 -11
right_child=1 9 3 -5 5 7 8 -9 -10 11 -12 -13
leaf_value=-0.00023868208152450605 3.9176090903572652e-05 2.726427413847802e-05 -0.00056537665316070676 0.00010254916146188136 -0.0011699098926911155 1.5648828574281997e-05 0.0020531566150906867 -8.9772942650805592e-05 4.4259662831108523e-06 0.0028307921512365419 0.0019719574776702279 0.0030953727513057718
leaf_weight=121 391 142 202 184 136 5706 250 4329 121 121 180 144
leaf_count=121 391 142 202 184 136 5706 250 4329 121 121 180 144
internal_value=-2.08817e-05 0.000532323 0.000141632 -0.00096867 -9.24493e-05 -0.000136719 0.000802314 -9.52439e-05 0.00145279 0.00142294 0.000904948 0.00196759
internal_weight=12027 1364 957 386 10663 10171 492 10035 371 407 571 265
internal_count=12027 1364 957 386 10663 10171 492 10035 371 407 571 265
is_linear=0
shrinkage=0.025


Tree=764
num_leaves=12
num_cat=0
split_feature=6 40 24 22 48 19 11 46 3 11 44
split_gain=0.750372 0.840729 1.08624 2.31226 1.11391 0.808836 0.71832 0.676515 0.70427 2.29135 0.871287
threshold=0.030542718246579174 1.2673363089561465 16.042131423950199 0.61208483576774608 0.26724137365818029 -0.0045567159540951243 0.015815461985766891 0.038517974317073829 0.026233253069221977 0.025884710252285007 0.028715422376990322
decision_type=2 2 2 2 2 2 2 2 2 2 2
left_child=1 2 3 -1 -4 -3 -7 -2 9 -9 -10
right_child=7 5 4 -5 -6 6 -8 8 10 -11 -12
leaf_value=5.8254161461128398e-05 -0.00014596891322065709 -0.00056633365703244822 -5.0539415359721415e-05 -0.0013797896231399773 0.00038810837952868796 -0.0011612507263456398 0.00052446183260072246 -0.000470410883427674 0.00010756349630634062 0.00020255674614970927 -0.00015423019498890292
leaf_weight=618 183 140 1368 294 3105 125 140 1127 3254 578 1125
leaf_count=618 183 140 1368 294 3105 125 140 1127 3254 578 1125
internal_value=1.33685e-05 0.000218939 0.000302644 -0.000478462 0.000463656 -0.000868902 -2.31481e-05 -0.000175582 -0.000128716 -0.00055921 3.79221e-05
internal_weight=12057 5790 5385 912 4473 405 265 6267 6084 1705 4379
internal_count=12057 5790 5385 912 4473 405 265 6267 6084 1705 4379
is_linear=0
shrinkage=0.025


Tree=765
num_leaves=13
num_cat=0
split_feature=42 27 5 31 47 48 8 33 37 2 36 6
split_gain=0.635482 1.45854 0.800257 1.29891 0.786754 0.876191 0.729294 0.653174 0.641644 0.447177 0.372214 0.210821
threshold=0.093039304018020644 0.02078601531684399 1.2372431159019472 2.4717967510223393 0.88646370172500621 0.077035948634147658 0.029948379844427112 -0.0027823220007121559 0.010728531051427128 0.086128648370504393 0.41602475941181188 0.028748624958097938
decision_type=2 2 2 2 2 2 2 2 2 2 2 2
left_child=4 2 3 -2 5 7 11 -1 -7 -8 -4 -6
right_child=1 -3 10 -5 6 8 9 -9 -10 -11 -12 -13
leaf_value=-1.634062910509213e-05 -3.3748059362472535e-05 -0.0012170335447831298 0.0013981217631757273 -0.00091495618270192702 0.00066612710033375766 -8.9425650463293747e-05 -2.055195493207065e-05 0.0013230732906637929 1.9330661276252146e-05 0.00085370953891078798 3.3569939217678426e-06 0.00097275327613690222
leaf_weight=131 1495 142 144 122 163 2603 469 390 5968 148 120 183
leaf_count=131 1495 142 144 122 163 2603 469 390 5968 148 120 183
internal_value=-8.17255e-06 -0.000412352 -0.000220705 -0.000432337 7.2689e-05 0 0.000750258 0.00099097 -6.0197e-05 0.000219052 0.00103625 0.00166311
internal_weight=12078 2023 1881 1617 10055 9092 963 521 8571 617 264 346
internal_count=12078 2023 1881 1617 10055 9092 963 521 8571 617 264 346
is_linear=0
shrinkage=0.025


Tree=766
num_leaves=11
num_cat=0
split_feature=5 36 40 13 35 14 46 46 13 12
split_gain=0.736927 0.662651 1.54147 1.81227 1.54472 1.38377 0.945857 0.563872 0.702069 0.433705
threshold=-0.23624989390373227 0.12280745804309846 0.77306863665580761 -0.25465436279773707 0.16668710857629779 0.99137932062149059 0.95286133885383617 0.094827588647604003 -0.37578603625297541 -0.14565388113260266
decision_type=2 2 2 2 2 2 2 2 2 2
left_child=7 2 3 -2 -4 6 -3 8 9 -1
right_child=1 5 4 -5 -6 -7 -8 -9 -10 -11
leaf_value=1.0167378443477835e-05 0.0011827122147190382 3.3825332801608261e-05 8.8327281642315721e-05 -0.0011285229537341783 -0.00057315604151897956 -0.0011401014469248039 0.00074920258469011655 0.0015695728987077278 -0.0001826859941698817 0.0024772670152269135
leaf_weight=128 153 7498 2237 583 460 131 383 195 170 133
leaf_count=128 153 7498 2237 583 460 131 383 195 170 133
internal_value=9.28495e-05 4.63975e-05 -0.000243237 -0.00125337 3.19209e-05 0.000171355 0.000215096 0.000925119 0.000392775 0.00120771
internal_weight=12071 11445 3433 736 2697 8012 7881 626 431 261
internal_count=12071 11445 3433 736 2697 8012 7881 626 431 261
is_linear=0
shrinkage=0.025


Tree=767
num_leaves=12
num_cat=0
split_feature=29 29 29 40 40 47 48 46 6 29 33
split_gain=0.550514 0.629227 1.82939 2.35844 1.30746 1.09146 1.16923 0.597825 0.500243 0.33246 0.274319
threshold=0.095260854810476317 0.084916587918996825 0.094360750168561949 1.1366943717002871 1.1218935251235964 0.90517240762710582 0.90517240762710582 0.8479457199573518 0.033101791515946395 0.095310170203447356 0.0025975708849728112
decision_type=2 2 2 2 2 2 2 2 2 2 2
left_child=1 5 4 -4 -3 6 -1 9 -7 -2 -11
right_child=7 2 3 -5 -6 8 -8 -9 -10 10 -12
leaf_value=1.2975308109466712e-05 0.005850517670864498 -0.00015407663295416776 -9.2456279985320055e-05 0.0034350851257258543 -0.0011741017233511094 0.00017324883043753903 -0.00048582462295645372 -4.876784361732992e-05 0.0017331268985224147 -5.9862518028082931e-06 0.00080212461810736768
leaf_weight=8551 130 391 840 350 219 237 654 201 288 125 121
leaf_count=8551 130 391 840 350 219 237 654 201 288 125 121
internal_value=-1.0311e-07 -3.84698e-05 -0.000467451 9.93725e-05 -0.0015752 4.04469e-05 -2.2394e-05 0.000749571 0.00114387 0.0013353 0.000732072
internal_weight=12107 11530 1800 1190 610 9730 9205 577 525 376 246
internal_count=12107 11530 1800 1190 610 9730 9205 577 525 376 246
is_linear=0
shrinkage=0.025


end of trees

feature_importances:
source_beta_universe58_252=581
universe58_loo_log_return_126=417
universe58_loo_log_return_60=395
source_distance_from_252_session_low=337
universe58_loo_drawdown_252=296
universe58_loo_realized_volatility_20=290
source_correlation_universe58_60=259
universe58_loo_log_return_20=229
cross_section_momentum_252_percentile=221
source_momentum_12_1=217
cross_section_volatility_60_percentile=217
cross_section_return_dispersion=216
source_drawdown_from_252_session_peak=207
source_return_skewness_60=204
source_log_return_60=191
source_beta_universe58_60=189
source_idiosyncratic_volatility_60=181
source_realized_volatility_60=179
source_max_daily_log_return_20=176
source_downside_volatility_60=175
source_residual_momentum_126=170
cross_section_beta_60_percentile=168
source_log_return_252=157
source_log_return_126=156
source_parkinson_volatility_20=148
cross_section_momentum_126_percentile=140
source_close_ma200_ratio=127
universe58_loo_log_return_1=118
source_volatility_ratio_20_60=103
source_adx_14=99
source_downside_volatility_20=96
source_bollinger_pct_b_20=83
source_realized_volatility_20=71
source_residual_momentum_20=71
source_intraday_log_range=68
source_bollinger_bandwidth_20=68
cross_section_momentum_20_percentile=67
source_drawdown_from_60_session_peak=64
source_overnight_gap_1=63
source_directional_index_spread_14=61
source_close_ma50_ratio=50
source_rsi_14=50
source_positive_day_ratio_20=49
source_log_return_20=45
source_ma5_ma20_ratio=45
cross_section_positive_return_breadth=43
source_log_return_1=36
source_close_to_open_log_return=30
source_log_return_5=25

parameters:
[boosting: gbdt]
[objective: quantile]
[metric: quantile]
[tree_learner: serial]
[device_type: cpu]
[data_sample_strategy: bagging]
[data: ]
[valid: ]
[num_iterations: 768]
[learning_rate: 0.025]
[num_leaves: 15]
[num_threads: 12]
[seed: 122008]
[deterministic: 1]
[force_col_wise: 1]
[force_row_wise: 0]
[histogram_pool_size: -1]
[max_depth: 4]
[min_data_in_leaf: 120]
[min_sum_hessian_in_leaf: 0.001]
[bagging_fraction: 0.85]
[pos_bagging_fraction: 1]
[neg_bagging_fraction: 1]
[bagging_freq: 1]
[bagging_seed: 122008]
[bagging_by_query: 0]
[feature_fraction: 0.75]
[feature_fraction_bynode: 1]
[feature_fraction_seed: 122008]
[extra_trees: 0]
[extra_seed: 3327]
[early_stopping_round: 0]
[early_stopping_min_delta: 0]
[first_metric_only: 0]
[max_delta_step: 0]
[lambda_l1: 0.25]
[lambda_l2: 5]
[linear_lambda: 0]
[min_gain_to_split: 0]
[drop_rate: 0.1]
[max_drop: 50]
[skip_drop: 0.5]
[xgboost_dart_mode: 0]
[uniform_drop: 0]
[drop_seed: 29550]
[top_rate: 0.2]
[other_rate: 0.1]
[min_data_per_group: 100]
[max_cat_threshold: 32]
[cat_l2: 10]
[cat_smooth: 10]
[max_cat_to_onehot: 4]
[top_k: 20]
[monotone_constraints: ]
[monotone_constraints_method: basic]
[monotone_penalty: 0]
[feature_contri: ]
[forcedsplits_filename: ]
[refit_decay_rate: 0.9]
[cegb_tradeoff: 1]
[cegb_penalty_split: 0]
[cegb_penalty_feature_lazy: ]
[cegb_penalty_feature_coupled: ]
[path_smooth: 0]
[interaction_constraints: ]
[verbosity: -1]
[saved_feature_importance_type: 0]
[use_quantized_grad: 0]
[num_grad_quant_bins: 4]
[quant_train_renew_leaf: 0]
[stochastic_rounding: 1]
[linear_tree: 0]
[max_bin: 255]
[max_bin_by_feature: ]
[min_data_in_bin: 3]
[bin_construct_sample_cnt: 200000]
[data_random_seed: 122008]
[is_enable_sparse: 1]
[enable_bundle: 1]
[use_missing: 1]
[zero_as_missing: 0]
[feature_pre_filter: 1]
[pre_partition: 0]
[two_round: 0]
[header: 0]
[label_column: ]
[weight_column: ]
[group_column: ]
[ignore_column: ]
[categorical_feature: ]
[forcedbins_filename: ]
[precise_float_parser: 0]
[parser_config_file: ]
[objective_seed: 14410]
[num_class: 1]
[is_unbalance: 0]
[scale_pos_weight: 1]
[sigmoid: 1]
[boost_from_average: 1]
[reg_sqrt: 0]
[alpha: 0.1]
[fair_c: 1]
[poisson_max_delta_step: 0.7]
[tweedie_variance_power: 1.5]
[lambdarank_truncation_level: 30]
[lambdarank_norm: 1]
[label_gain: ]
[lambdarank_position_bias_regularization: 0]
[eval_at: ]
[multi_error_top_k: 1]
[auc_mu_weights: ]
[num_machines: 1]
[local_listen_port: 12400]
[time_out: 120]
[machine_list_filename: ]
[machines: ]
[gpu_platform_id: -1]
[gpu_device_id: -1]
[gpu_use_dp: 0]
[num_gpu: 1]

end of parameters

pandas_categorical:[]
