tree
version=v4
num_class=1
num_tree_per_iteration=1
label_index=0
max_feature_idx=48
objective=quantile
feature_names=source_log_return_1 source_log_return_5 source_log_return_20 source_log_return_60 source_log_return_126 source_log_return_252 source_intraday_log_range source_close_to_open_log_return source_realized_volatility_20 source_realized_volatility_60 source_downside_volatility_20 source_downside_volatility_60 source_drawdown_from_60_session_peak source_drawdown_from_252_session_peak cross_section_momentum_20_percentile cross_section_positive_return_breadth cross_section_return_dispersion source_momentum_12_1 source_ma5_ma20_ratio source_close_ma50_ratio source_close_ma200_ratio source_rsi_14 source_bollinger_pct_b_20 source_bollinger_bandwidth_20 source_adx_14 source_directional_index_spread_14 source_parkinson_volatility_20 source_overnight_gap_1 source_positive_day_ratio_20 source_max_daily_log_return_20 source_return_skewness_60 source_distance_from_252_session_low source_volatility_ratio_20_60 universe58_loo_log_return_1 universe58_loo_log_return_20 universe58_loo_log_return_60 universe58_loo_log_return_126 universe58_loo_realized_volatility_20 universe58_loo_drawdown_252 source_beta_universe58_60 source_beta_universe58_252 source_correlation_universe58_60 source_residual_momentum_20 source_residual_momentum_126 source_idiosyncratic_volatility_60 cross_section_momentum_126_percentile cross_section_momentum_252_percentile cross_section_volatility_60_percentile cross_section_beta_60_percentile
feature_infos=[-0.2207123190164566:0.182477205991745] [-0.54819971323013306:0.44636186957359314] [-1.1351611614227295:1.0206978321075439] [-1.1748896837234497:1.5560240745544434] [-1.0490233898162842:2.3170430660247803] [-1.2514438629150391:2.9264204502105713] [0:0.27988538146018982] [-0.16868740320205688:0.25632256269454956] [0.0055316057987511158:0.11531444638967514] [0.0079651456326246262:0.088721774518489838] [0.00095409812638536096:0.092050075531005859] [0.0049325018189847469:0.063900329172611237] [-0.71968960762023926:0] [-0.76062244176864624:0] [0.017241379246115685:1] [0.017241379246115685:1] [0.0096504408866167068:0.043657612055540085] [-1.3928108215332031:2.8910765647888184] [-0.47595494985580444:0.52646303176879883] [-0.62940984964370728:1.3056344985961914] [-0.57781422138214111:3.874976634979248] [0:100] [-0.40451541543006897:1.4870842695236206] [0.015483886934816837:1.7820020914077759] [6.1712346076965332:84.119827270507812] [-54.177944183349609:71.899559020996094] [0.0063288267701864243:0.099167443811893463] [-0.22113896906375885:0.095378585159778595] [0.10000000149011612:0.89999997615814209] [0.005115102045238018:0.18252909183502197] [-4.4435362815856934:3.4834246635437012] [0:18.523586273193359] [0.17268767952919006:1.6647372245788574] [-0.092919811606407166:0.057573974132537842] [-0.39400303363800049:0.26549568772315979] [-0.32455301284790039:0.55794161558151245] [-0.30797004699707031:0.86915600299835205] [0.005578002892434597:0.041373930871486664] [-0.35748890042304993:0] [-0.96327811479568481:2.3354122638702393] [0.20776782929897308:1.7303366661071777] [-0.25081929564476013:0.94294917583465576] [-1.1516678333282471:1.0071370601654053] [-1.3436253070831299:1.9539748430252075] [0.0059593440964818001:0.072794802486896515] [0.017241379246115685:1] [0.017241379246115685:1] [0.017241379246115685:1] [0.017241379246115685:1]
tree_sizes=1289 1250 1249 1337 982 1427 1154 1426 1152 1252 1068 1262 1151 1152 1158 1158 1152 1335 1350 1433 1532 1346 1155 1347 1436 1432 1428 1169 1522 1436 1067 1342 888 1251 1160 1255 1335 1533 1068 1428 1523 1057 1442 981 1431 980 1439 1539 1241 1067 986 1066 1251 983 1066 1530 1354 1256 1345 1251 1070 987 1162 1071 1526 892 888 1259 1164 1066 1446 1075 981 1445 1537 969 1255 1350 1346 1073 1534 798 1531 1527 1066 1261 1072 1443 980 1344 1160 1429 1170 1348 1440 1542 892 1255 1429 1250 1528 1533 1073 1070 1260 896 983 1353 988 1356 986 1450 1535 1083 1072 1077 989 1252 1445 892 1353 1348 1074 893 974 1263 1449 1076 1538 1451 1081 892 1351 1065 1442 1341 974 1445 974 1261 1251 981 1349 1073 1265 1257 1063 1169 1348 1260 1060 1538 1168 1444 993 1443 1538 1250 1353 1261 1157 980 973 1077 1067 1437 898 985 1074 1353 1545 1452 979 1531 1069 982 1535 1146 1249 978 1252 1165 1077 980 1357 1177 1262 979 1357 1248 1165 980 1259 1068 1340 1439 1076 983 1446 1084 1253 1357 1173 1077 1253 1361 1069 1351 1164 1356 1353 1445 1167 991 1163 1547 1077 1157 1265 1076 1542 1345 890 1449 984 984 1072 989 1444 985 1538 1550 974 1066 1273 892 1349 1169 1358 1352 1353 1533 1350 1075 1153 1168 982 1546 1534 1254 1546 1353 1355 1546 1261 1158 1539 1365 1542 1356 1354 1540 902 1445 1164 1449 900 1260 1558 1158 1535 1256 1266 991 1449 1343 1271 1256 1363 1072 1355 1169 1456 1532 1362 1447 1163 892 895 1540 988 1165 1081 1541 987 1549 1076 1437 892 1348 1534 1531 882 1166 1075 1454 1170 894 1542 1161 1260 897 1350 988 888 807 1365 1260 891 1084 801 896 991 1251 983 1536 1156 1264 893 1078 807 626 1427 1358 1536 993 1175 1075 710 1080 990 1544 1544 1176 989 1173 1457 1456 1546 1073 812 900 992 1363 991 1351 1262 1073 1260 1419 1532 1159 1264 1364 1442 1345 1347 1172 985 1539 1527 1353 1547 1271 1535 805 1460 805 1352 1536 1352 1351 982 989 811 1267 1454 717 1531 714 1257 893 1365 1270 1430 1449 1163 1461 1547 1464 1548 1264 1352 1257 1359 1177 1088 1258 981 1447 1345 1358 1443 1073 1444 1172 804 1174 1172 1169 990 1368 896 800 1176 1450 1545 1364 996 900 1166 997 999 1000 1266 1544 1168 891 627 806 900 904 992 1081 1263 985 719 812 1355 1076 897 1169 619 810 1548 1274 894 980 710 1463 901 1353 1443 1262 1260 1451 1354 985 714 1545 1173 1535 1528 1256 987 1356 1364 1551 1176 892 1079 1085 1362 715 1553 1451 1356 1535 988 1265 996 1547 1081 1085 1256 1174 906 1072 987 1551 1168 1279 1265 1071 1162 1546 903 1072 1541 1361 1180 981 900 1555 1077 814 1093 714 1167 991 1172 1087 1556 1358 997 1562 803 1459 1362 801 993 1543 896 1545 1548 895 1271 1532 1089 902 1457 1261 1077 1089 1079 1552 900 1278 1085 1178 976 1256 1449 1366 901 901 1543 632 899 811 1075 896 1540 1168 985 992 1181 982 996 1083 1265 798 1078 994 992 1279 900 1458 1265 988 897 885 1353 900 1361 893 1551 907 1261 1156 1550 908 981 1275 1357 1268 1178 1270 1083 1261 809 1352 708 979 1275 1262 722 1258 1548 904 1461 1449 1449 1543 1469 1005 1174 1168 984 1364 1547 1269 816 1286 1266 987 1546 892 1178 999 1274 1087 909 1264 1548 1340 1174 1460 1549 1083 1366 995 1173 982 1362 1443 1559 1367 1257 1267 897 1466 1170 1349 1546 1450 1538 1359 1528 1455 1533 805 1080 1271 1271 993 1269 907 979 985 1178 1549 1546 1340 721 1083 1185 981 1262 890 1343 1169 903 1461 722 721 1269 1275 1549 721 1347 990 1282 1467 1260 1554 1268 1261 1460 900 1177 1265 985 1360 1179 633 1083 981 1265 1366 908 985 1271 718 897 722 715 1088 901 1260 1548 1000 1362 1079 1370 814 903 980 1549 1174 1176 1000 897 999 717 1349 1455 1361 1275 1004 724 1367 1268 1171 1462 1178 1259 991 1362 992 1442 1279 809 717 1559 1363 1267 982 1177 995 1256 1279 1168 1082 1180 1452 903 907

Tree=0
num_leaves=13
num_cat=0
split_feature=40 17 44 46 40 46 38 32 41 46 8 35
split_gain=35.6234 18.4344 14.886 9.49419 8.09603 8.47116 7.22322 5.30288 4.59047 4.34327 3.00917 1.79667
threshold=1.3243254423141482 0.083154793828725829 0.03210581652820111 0.99137932062149059 0.72273260354995739 0.80776411294937145 -0.048600120469927781 0.86215695738792431 0.33991877734661108 0.31746919453144079 0.035975968465209014 -0.0045789049472659818
decision_type=2 2 2 2 2 2 2 2 2 2 2 2
left_child=2 9 4 8 5 -1 -6 -3 -4 -2 -9 -11
right_child=1 7 3 -5 6 -7 -8 10 -10 11 -12 -13
leaf_value=-0.12915433983999633 -0.126029468385154 -0.13497209241138589 -0.13209471398756406 -0.13809468614921513 -0.12541258747318607 -0.13530057822282032 -0.12886006175137124 -0.13856660329758647 -0.12924417774070465 -0.1302032722811681 -0.13876726850458371 -0.13159193320364404
leaf_weight=1379 217 216 421 144 5764 422 4590 185 568 138 121 121
leaf_count=1379 217 216 421 144 5764 422 4590 185 568 138 121 121
internal_value=-0.12922 -0.133762 -0.128876 -0.13161 -0.12862 -0.130164 -0.128351 -0.136986 -0.130707 -0.130171 -0.139127 -0.132338
internal_weight=14286 998 13288 1133 12155 1801 10354 522 989 476 306 259
internal_count=14286 998 13288 1133 12155 1801 10354 522 989 476 306 259
is_linear=0
shrinkage=1


Tree=1
num_leaves=12
num_cat=0
split_feature=40 13 46 36 38 40 38 30 46 19 30
split_gain=31.8749 20.0059 15.4652 13.1546 10.749 6.1319 4.9712 4.88373 4.33077 3.91627 2.83893
threshold=1.3243254423141482 -0.19384183734655377 0.99137932062149059 -0.19043911248445508 -0.048600120469927781 1.4848831892013552 -0.061541169881820672 -0.41413727402687067 0.28690260648727423 0.08150132000446321 0.14428628236055377
decision_type=2 2 2 2 2 2 2 2 2 2 2
left_child=2 8 3 7 -5 9 -4 -1 -2 -3 -10
right_child=1 5 6 4 -6 -7 -8 -9 10 -11 -12
leaf_value=-0.00029788904297079757 0.0016385042649021424 -0.011915622733235239 -0.0045605950622407861 0.0035158098421363632 -0.00028432585345199461 -0.0082791357190047845 -0.0089501332538601888 -0.0052158600561099042 -0.0025659346845825484 -0.0038805189878785371 0.00075215265913095302
leaf_weight=267 204 146 123 6643 5662 143 123 450 254 139 132
leaf_count=267 204 146 123 6643 5662 143 123 450 254 139 132
internal_value=2.51033e-05 -0.00422654 0.000353255 0.000472001 0.000664602 -0.0083112 -0.00579183 -0.00280644 -0.00120798 -0.00596983 -0.00275895
internal_weight=14286 1018 13268 13022 12305 428 246 717 590 285 386
internal_count=14286 1018 13268 13022 12305 428 246 717 590 285 386
is_linear=0
shrinkage=0.025


Tree=2
num_leaves=12
num_cat=0
split_feature=36 38 34 11 17 41 46 30 48 17 41
split_gain=17.9361 17.8388 14.7257 11.8086 8.05346 6.04243 8.16836 4.52542 2.20459 1.80911 1.64744
threshold=-0.19043911248445508 -0.047704154625535004 0.14204169809818271 0.019664425402879718 0.22158133238554004 0.42767356336116796 0.86085903644561779 0.11397442221641542 0.86720469594001781 1.1649196147918703 0.70759814977645885
decision_type=2 2 2 2 2 2 2 2 2 2 2
left_child=4 5 3 -3 7 6 -2 10 -7 -4 -1
right_child=1 2 9 -5 -6 8 -8 -9 -10 -11 -12
leaf_value=-0.0044287497987737469 0.0021203541417050237 -0.00152976609760309 0.0058252469524468185 -0.0061059986518443932 -0.008453487334627403 0.0039748224467138988 -0.0056223434640689197 -0.004706122408703297 0.00054534882318992169 -0.0029218054931002954 0.00023376232989492457
leaf_weight=259 759 3813 1402 708 143 5261 377 177 958 121 258
leaf_count=259 759 3813 1402 708 143 5261 377 177 958 121 258
internal_value=4.12551e-06 0.000226891 -0.000778434 -0.00149497 -0.00353474 0.00105384 -0.000616783 -0.00237303 0.00136026 0.00134244 -0.00115182
internal_weight=14236 13399 6044 4521 837 7355 1136 694 6219 1523 517
internal_count=14236 13399 6044 4521 837 7355 1136 694 6219 1523 517
is_linear=0
shrinkage=0.025


Tree=3
num_leaves=13
num_cat=0
split_feature=40 13 44 36 38 31 9 40 46 20 38 21
split_gain=32.0962 21.0401 11.2144 9.01848 8.94779 7.31438 6.99979 6.70882 3.9082 3.4604 3.24979 2.24947
threshold=1.3243254423141482 -0.19384183734655377 0.033019529655575759 -0.17408153414726255 -0.05053338780999183 3.7634668350219731 0.040329538285732276 1.4629510045051577 0.28690260648727423 -0.017992856912314888 -0.30268263816833491 59.92628479003907
decision_type=2 2 2 2 2 2 2 2 2 2 2 2
left_child=2 8 3 10 -5 6 -4 11 -2 -10 -1 -3
right_child=1 7 5 4 -6 -7 -8 -9 9 -11 -12 -13
leaf_value=0.0033757569094650351 0.0027603642485216008 -0.011827355005468406 -0.0040182715314157243 0.0038747409500980742 0.00011821555689042821 -0.0078661359107829783 0.00097505891589568384 -0.0076121320810732382 -0.0033484892504179724 -0.00018060769252951429 -0.0038160039025358279 -0.0058583406500300906
leaf_weight=122 208 131 314 5989 5443 143 511 176 200 182 711 122
leaf_count=122 208 131 314 5989 5443 143 511 176 200 182 711 122
internal_value=4.37505e-05 -0.00421997 0.000374018 0.000579157 0.000762766 -0.00220838 -0.00127259 -0.0084015 -0.00112395 -0.00261951 -0.00192273 -0.00556686
internal_weight=14252 1019 13233 12265 11432 968 825 429 590 382 833 253
internal_count=14252 1019 13233 12265 11432 968 825 429 590 382 833 253
is_linear=0
shrinkage=0.025


Tree=4
num_leaves=9
num_cat=0
split_feature=46 36 38 10 17 30 13 41
split_gain=15.0164 14.4806 13.4774 8.86603 5.56283 4.93031 4.05791 3.33602
threshold=0.99137932062149059 -0.19043911248445508 -0.048600120469927781 0.022960451431572441 0.22158133238554004 0.19810033589601519 -0.089623607695102678 0.43032790720462805
decision_type=2 2 2 2 2 2 2 2
left_child=1 4 7 -4 5 -1 -2 -3
right_child=6 2 3 -5 -6 -7 -8 -9
leaf_value=-0.0015686688196830966 -0.0096063051183640589 -0.00038202901807187818 -0.00051335551446001968 -0.0046266455860221054 -0.0070233437323314486 -0.0043876265850815357 -0.0039642127106287893 0.0032219910580402081
leaf_weight=537 121 1077 5543 466 130 167 123 6106
leaf_count=537 121 1077 5543 466 130 167 123 6106
internal_value=2.5832e-05 0.000134256 0.000337103 -0.000535625 -0.00304976 -0.002128 -0.00605924 0.00106793
internal_weight=14270 14026 13192 6009 834 704 244 7183
internal_count=14270 14026 13192 6009 834 704 244 7183
is_linear=0
shrinkage=0.025


Tree=5
num_leaves=14
num_cat=0
split_feature=40 13 41 31 13 36 40 36 44 38 46 29 22
split_gain=30.5174 17.7486 13.3843 13.291 9.32311 6.95615 6.26674 5.816 5.30228 4.01668 3.84733 3.74 1.56841
threshold=1.3243254423141482 -0.19384183734655377 0.57191237807273876 3.3479471206665044 -0.089623607695102678 -0.16819997131824491 1.4848831892013552 -0.19711299985647199 0.020726637914776806 -0.047704154625535004 0.28690260648727423 0.065713714808225646 0.70345929265022289
decision_type=2 2 2 2 2 2 2 2 2 2 2 2 2
left_child=2 10 3 7 -5 8 12 -1 -4 -7 -2 -12 -3
right_child=1 6 5 4 -6 9 -8 -9 -10 -11 11 -13 -14
leaf_value=-0.0042047853023227206 0.001440931120751067 -0.0090606622043604423 -0.00053371321090698578 -0.0078030658426854861 -0.0025061891551641392 0.0048067036564865247 -0.0076403142694494754 -0.00022331253646119256 -0.0091885197527212976 0.0010067712263886793 -0.002795151046087423 0.0028356440241250344 -0.0057479960442461198
leaf_weight=314 201 147 336 121 188 4236 148 5342 125 2625 248 120 126
leaf_count=314 201 147 336 121 188 4236 148 5342 125 2625 248 120 126
internal_value=7.78962e-06 -0.00421482 0.000324349 -0.000553811 -0.00556131 0.0010405 -0.00807805 -0.000274466 -0.00191255 0.00124108 -0.00130009 -0.00281166 -0.00561601
internal_weight=14277 990 13287 5965 309 7322 421 5656 461 6861 569 368 273
internal_count=14277 990 13287 5965 309 7322 421 5656 461 6861 569 368 273
is_linear=0
shrinkage=0.025


Tree=6
num_leaves=11
num_cat=0
split_feature=40 5 5 36 38 9 40 47 46 31
split_gain=30.4832 18.8782 11.0902 10.9965 10.1279 8.77515 5.41039 3.3695 2.89663 3.56982
threshold=1.3243254423141482 0.047306437045335777 1.7137365937232973 -0.19043911248445508 -0.04911589436233043 0.03939445689320565 1.4629510045051577 0.74303007125854503 0.25046659260988241 0.27059255540370947
decision_type=2 2 2 2 2 2 2 2 2 2
left_child=2 8 3 7 -5 6 -3 -1 -2 -10
right_child=1 5 -4 4 -6 -7 -8 -9 9 -11
leaf_value=-0.0032489064231737996 0.0029576623971354059 -0.0089630590140164137 -0.0076043385177063869 0.0031893660067931484 -0.00022776594052285358 -0.0025689369164758557 -0.0066431395797403011 -0.0074075752707171722 -0.0021877839813437445 0.00065246223268804388
leaf_weight=590 188 264 164 6659 5742 121 168 121 132 138
leaf_count=590 188 264 164 6659 5742 121 168 121 132 138
internal_value=7.25057e-05 -0.00410064 0.000392196 0.00047448 0.000648577 -0.00718862 -0.00884153 -0.00253666 -0.000321274 -0.00197727
internal_weight=14287 1011 13276 13112 12401 553 432 711 458 270
internal_count=14287 1011 13276 13112 12401 553 432 711 458 270
is_linear=0
shrinkage=0.025


Tree=7
num_leaves=14
num_cat=0
split_feature=40 5 41 46 40 11 40 31 45 30 4 46 10
split_gain=24.7189 16.1827 10.9764 10.4341 8.52165 5.16032 4.4111 4.25182 4.13117 3.3565 3.02366 2.43988 1.53558
threshold=1.3243254423141482 0.13852435350418094 0.56165421009063732 0.80776411294937145 0.44542901217937475 0.019664425402879718 1.4848831892013552 1.6873898506164553 0.19057226926088336 0.16008359938859942 -0.27255252003669733 0.25046659260988241 0.01602223236113787
decision_type=2 2 2 2 2 2 2 2 2 2 2 2 2
left_child=2 11 3 5 -5 -1 7 -3 9 -4 -10 -2 -13
right_child=1 6 8 4 -6 -7 -8 -9 10 -11 -12 12 -14
leaf_value=0.0016313685016920273 0.0016512597453363677 -0.003477506575136553 0.0011266799518030168 -0.008869428271436405 -0.0025300224551388795 -0.0018929148191925986 -0.0071327378254994779 -0.011360923968119606 -0.0029029562622390061 -0.0020508698942718301 0.0033600443367786826 4.6461323540019396e-05 -0.0020656522471379848
leaf_weight=3085 193 233 1286 126 1633 833 144 122 209 469 5577 141 162
leaf_count=3085 193 233 1286 126 1633 833 144 122 209 469 5577 141 162
internal_value=5.8113e-05 -0.00373125 0.000345137 -0.000484204 -0.00208121 0.000232921 -0.0068874 -0.00522569 0.000970216 -8.87783e-05 0.00129231 -0.000506487 -0.00190341
internal_weight=14213 995 13218 5677 1759 3918 499 355 7541 1755 5786 496 303
internal_count=14213 995 13218 5677 1759 3918 499 355 7541 1755 5786 496 303
is_linear=0
shrinkage=0.025


Tree=8
num_leaves=11
num_cat=0
split_feature=40 5 5 36 38 13 40 38 46 10
split_gain=24.6915 11.5697 10.7032 7.2949 10.1655 5.99451 4.26128 3.84762 3.05427 1.92603
threshold=1.3337206840515139 0.13852435350418094 1.7137365937232973 -0.17408153414726255 -0.04911589436233043 -0.1465179771184921 1.4629510045051577 -0.29079276323318476 0.28690260648727423 0.01602223236113787
decision_type=2 2 2 2 2 2 2 2 2 2
left_child=2 8 3 7 -5 -3 -7 -1 -2 -10
right_child=1 5 -4 4 -6 6 -8 -9 9 -11
leaf_value=0.00098089167777113523 0.0013156363898330593 -0.004387378902897354 -0.0073546301715718913 0.0030775295576015329 -0.00044529333693749622 -0.0078986896956476805 -0.007406023835905661 -0.0037989115983796833 -0.00045842479577327245 -0.0020132250569671788
leaf_weight=223 194 195 161 6594 5688 171 126 640 129 144
leaf_count=223 194 195 161 6594 5688 171 126 640 129 144
internal_value=5.47478e-05 -0.00380835 0.000334967 0.000414924 0.000571641 -0.0064663 -0.00869619 -0.00179867 -0.000956038 -0.00264838
internal_weight=14265 959 13306 13145 12282 492 297 863 467 273
internal_count=14265 959 13306 13145 12282 492 297 863 467 273
is_linear=0
shrinkage=0.025


Tree=9
num_leaves=12
num_cat=0
split_feature=36 38 34 31 17 41 46 30 36 44 9
split_gain=13.3721 14.1474 13.2266 17.1912 7.57755 5.49684 6.12923 4.81816 2.5055 2.02275 1.77599
threshold=-0.19043911248445508 -0.04911589436233043 0.14428272098302844 1.7266284227371218 0.22158133238554004 0.43032790720462805 0.84346643090248119 0.12814655900001529 -0.15085972100496289 0.027634332887828354 0.02274772617965937
decision_type=2 2 2 2 2 2 2 2 2 2 2
left_child=4 5 3 -3 7 6 -2 10 -7 -4 -1
right_child=1 2 9 -5 -6 8 -8 -9 -10 -11 -12
leaf_value=-0.006746275214467249 0.0018300986065773847 -0.00065829401057433744 0.007671777952566218 -0.0055052743780501148 -0.0075145252658221353 -0.00148551058218059 -0.0037146515922638411 -0.0043585018456466533 0.0032297824580447667 -0.00082817106030690264 0.00029666777945791274
leaf_weight=123 739 3581 1134 1087 137 211 407 180 5957 332 398
leaf_count=123 739 3581 1134 1087 137 211 407 180 5957 332 398
internal_value=6.00904e-05 0.000251896 -0.000632636 -0.0012837 -0.00299377 0.000994501 -0.000589704 -0.00189979 0.00129009 0.00143355 -0.000648764
internal_weight=14286 13448 6134 4668 838 7314 1146 701 6168 1466 521
internal_count=14286 13448 6134 4668 838 7314 1146 701 6168 1466 521
is_linear=0
shrinkage=0.025


Tree=10
num_leaves=10
num_cat=0
split_feature=36 46 38 31 47 5 30 41 9
split_gain=14.8203 13.5177 12.2991 7.87758 7.47754 6.27754 5.33129 3.99365 3.26623
threshold=-0.19043911248445508 0.99137932062149059 -0.048600120469927781 1.6657919287681582 0.91434335708618175 0.33798325061798101 0.10847930610179903 0.44247557222843176 0.02274772617965937
decision_type=2 2 2 2 2 2 2 2 2
left_child=5 2 7 -4 -3 6 8 -2 -1
right_child=1 4 3 -5 -6 -7 -8 -9 -10
leaf_value=-0.007527288125762888 -0.00049366550730162064 -0.0026919099057671377 0.0001836796414140654 -0.003705513732473212 -0.0079669284285732601 -0.0084934483886670228 -0.0045138570517084557 0.0028787592310092871 2.2705444902291325e-05
leaf_weight=120 1155 121 4404 1586 125 120 176 6075 436
leaf_count=120 1155 121 4404 1586 125 120 176 6075 436
internal_value=4.98325e-05 0.000253044 0.000362476 -0.000474354 -0.00549303 -0.0031374 -0.00222354 0.0010565 -0.000987077
internal_weight=14318 13466 13220 5990 246 852 732 7230 556
internal_count=14318 13466 13220 5990 246 852 732 7230 556
is_linear=0
shrinkage=0.025


Tree=11
num_leaves=12
num_cat=0
split_feature=46 36 46 36 38 5 3 38 35 39 9
split_gain=12.4147 8.7398 7.10797 6.79338 9.23316 6.4917 5.93906 4.34365 3.92386 1.99495 1.62205
threshold=0.79128858447074901 -0.19711299985647199 0.99137932062149059 -0.17408153414726255 -0.04911589436233043 0.43116025626659399 0.025343060493469242 -0.25393460690975184 -0.044419683516025536 1.3426542878150942 0.028675912879407409
decision_type=2 2 2 2 2 2 2 2 2 2 2
left_child=3 -2 5 7 9 -3 -6 10 -9 -5 -1
right_child=1 2 -4 4 6 -7 -8 8 -10 -11 -12
leaf_value=0.0010413071210788401 -0.0070647334702208285 -0.0038440636699613646 -0.0059416104940558222 0.0034317467224709362 -0.0025248828655743843 -0.00021377486795590026 0.00056140947514937874 -0.0051763068226958111 -0.00037395887629729425 -0.00011489647141313049 -0.001547280370509216
leaf_weight=256 188 440 231 4964 1012 2461 3750 273 136 503 126
leaf_count=256 188 440 231 4964 1012 2461 3750 273 136 503 126
internal_value=3.96481e-05 -0.00129887 -0.00097665 0.000443878 0.000617183 -0.000633603 -0.000186438 -0.00177921 -0.00355374 0.00131785 0.000125969
internal_weight=14340 3320 3132 11020 10229 2901 4762 791 409 5467 382
internal_count=14340 3320 3132 11020 10229 2901 4762 791 409 5467 382
is_linear=0
shrinkage=0.025


Tree=12
num_leaves=11
num_cat=0
split_feature=40 13 46 41 40 31 36 40 46 29
split_gain=27.1058 15.4836 11.8312 7.2562 6.18319 5.79051 5.29959 3.58361 3.051 2.73702
threshold=1.3337206840515139 -0.16725672781467435 0.99137932062149059 0.57971936464309703 1.4629510045051577 2.0347524881362919 -0.16819997131824491 0.90890428423881542 0.28690260648727423 0.065713714808225646
decision_type=2 2 2 2 2 2 2 2 2 2
left_child=2 8 3 5 -3 -1 -5 -4 -2 -10
right_child=1 4 7 6 -6 -7 -8 -9 9 -11
leaf_value=0.00021954425830778316 0.0010858433845665481 -0.0078439653802194059 -0.0068470060826172508 -0.0027348633473381727 -0.0067264072243994472 -0.0031962939887575912 0.0026178698341454043 -0.0046054692710302512 -0.0025705152715103912 0.0011357524342752885
leaf_weight=5072 179 213 128 448 149 879 6673 120 277 134
leaf_count=5072 179 213 128 448 149 879 6673 120 277 134
internal_value=2.61786e-05 -0.00403736 0.00031848 0.000422402 -0.00807561 -0.000220996 0.000960742 -0.00503458 -0.0015021 -0.00268329
internal_weight=14272 952 13320 13072 362 5951 7121 248 590 411
internal_count=14272 952 13320 13072 362 5951 7121 248 590 411
is_linear=0
shrinkage=0.025


Tree=13
num_leaves=11
num_cat=0
split_feature=40 5 5 41 36 9 40 46 45 10
split_gain=25.6422 12.2044 11.2021 7.69602 7.91547 6.30575 5.83551 2.05736 1.80164 1.69553
threshold=1.3337206840515139 0.15512210130691531 1.7137365937232973 0.6902616322040559 -0.21995084732770917 0.038243615999817855 1.4629510045051577 0.25046659260988241 0.35326485335826879 0.017622548155486587
decision_type=2 2 2 2 2 2 2 2 2 2
left_child=2 7 3 4 -1 6 -3 -2 -5 -9
right_child=1 5 -4 8 -6 -7 -8 9 -10 -11
leaf_value=-0.0055195142307239604 0.0021589689474574981 -0.0089357078012007179 -0.0066454329084708833 0.001696238246083046 0.00049420111730483175 -0.0045021915801762794 -0.0064919036976676019 -0.0006795397571506389 0.0039587023157962049 -0.0020553651385991781
leaf_weight=402 167 218 167 1834 8853 121 148 179 2130 128
leaf_count=402 167 218 167 1834 8853 121 148 179 2130 128
internal_value=8.61379e-05 -0.00384705 0.000370305 0.000453059 5.73705e-05 -0.00660823 -0.00823113 -0.000957724 0.00137409 -0.00216747
internal_weight=14347 961 13386 13219 9255 487 366 474 3964 307
internal_count=14347 961 13386 13219 9255 487 366 474 3964 307
is_linear=0
shrinkage=0.025


Tree=14
num_leaves=11
num_cat=0
split_feature=40 13 46 41 40 31 10 8 31 17
split_gain=20.4945 12.558 9.97646 7.50441 6.56599 5.38245 4.25987 2.98431 2.06723 0.995991
threshold=1.3243254423141482 -0.1465179771184921 0.99137932062149059 0.69172459840774547 1.4629510045051577 2.0802404880523686 0.020627303048968319 0.036612298339605338 0.4106262475252152 -0.37672972679138178
decision_type=2 2 2 2 2 2 2 2 2 2
left_child=2 6 3 5 -3 -1 9 -8 -5 -2
right_child=1 4 -4 8 -6 -7 7 -9 -10 -11
leaf_value=0.00057417618563605853 0.0049775532914253604 -0.0060821696524388435 -0.0057014857125969876 0.0011783787438616245 -0.0064280573817261976 -0.0025514424637368611 -0.0034729696202643388 -0.00054065476004893764 0.0044374147455321818 -0.0004205475659223827
leaf_weight=8051 134 202 236 1506 135 1157 143 120 2303 273
leaf_count=8051 134 202 236 1506 135 1157 143 120 2303 273
internal_value=9.24466e-05 -0.00333622 0.000354597 0.000448184 -0.0072405 6.11908e-05 -0.00132407 -0.00377332 0.00138077 0.000270024
internal_weight=14260 1007 13253 13017 337 9208 670 263 3809 407
internal_count=14260 1007 13253 13017 337 9208 670 263 3809 407
is_linear=0
shrinkage=0.025


Tree=15
num_leaves=11
num_cat=0
split_feature=40 13 45 40 46 38 40 31 46 31
split_gain=18.728 11.4192 11.0561 5.71775 8.89918 6.47037 4.14504 3.3713 2.59977 2.4643
threshold=1.3243254423141482 -0.19384183734655377 0.99137932062149059 0.71567329764366161 0.80776411294937145 -0.028170658275485035 1.4629510045051577 1.1589707136154177 0.28690260648727423 0.24764570593833926
decision_type=2 2 2 2 2 2 2 2 2 2
left_child=2 8 3 4 -1 -5 7 -3 -2 -10
right_child=1 6 -4 5 -6 -7 -8 -9 9 -11
leaf_value=0.0002894390491644085 0.0019726060912012458 -0.00060503680032597692 -0.0055114944126602892 0.0024648642259047183 -0.0048724387375168312 -0.00034982120648627572 -0.0061617204707581277 -0.010370807660653484 -0.0027502764614703509 -0.00071294768754415943
leaf_weight=1440 205 125 237 7108 479 4018 169 136 128 266
leaf_count=1440 205 125 237 7108 479 4018 169 136 128 266
internal_value=7.65753e-05 -0.00316368 0.000329175 0.000427682 -0.000829652 0.000645382 -0.00625 -0.00410244 -0.000904387 -0.0020896
internal_weight=14311 1029 13282 13045 1919 11126 430 261 599 394
internal_count=14311 1029 13282 13045 1919 11126 430 261 599 394
is_linear=0
shrinkage=0.025


Tree=16
num_leaves=11
num_cat=0
split_feature=40 5 5 9 41 31 40 36 46 31
split_gain=20.4293 11.9822 10.8704 6.42572 6.40953 5.19573 4.57962 4.01351 2.03028 2.31108
threshold=1.3243254423141482 1.7137365937232973 0.1013661175966263 0.038532994687557227 0.58352708816528331 2.0347524881362919 1.4629510045051577 -0.16819997131824491 0.28690260648727423 0.27059255540370947
decision_type=2 2 2 2 2 2 2 2 2 2
left_child=1 4 8 6 5 -1 -4 -6 -2 -10
right_child=2 -3 3 -5 7 -7 -8 -9 9 -11
leaf_value=0.00038586617398492901 0.0016003313652019895 -0.0063459424129202859 -0.0077439708046973012 -0.0025912950144222572 -0.002578614544163524 -0.0031973903667601787 -0.0059801973121835494 0.002380874272716188 -0.0019932220326913715 0.00019545348355942189
leaf_weight=5221 210 170 240 123 417 910 162 6563 132 144
leaf_count=5221 210 170 240 123 417 910 162 6563 132 144
internal_value=0.000127562 0.000389226 -0.00328863 -0.00576651 0.000476231 -0.000112655 -0.00728194 0.000994095 -0.000567719 -0.00197064
internal_weight=14292 13281 1011 525 13111 6131 402 6980 486 276
internal_count=14292 13281 1011 525 13111 6131 402 6980 486 276
is_linear=0
shrinkage=0.025


Tree=17
num_leaves=13
num_cat=0
split_feature=40 13 46 41 36 47 40 31 46 22 31 10
split_gain=20.151 12.0817 9.59144 6.69085 7.04641 6.27863 4.46909 5.52523 3.02526 2.50414 1.61266 0.449972
threshold=1.3124855756759646 -0.19384183734655377 0.99137932062149059 0.70759814977645885 -0.22456060349941251 0.91434335708618175 1.4629510045051577 1.6136722564697268 0.30429521203041082 0.66318061947822582 0.4053920060396195 0.016981067135930065
decision_type=2 2 2 2 2 2 2 2 2 2 2 2
left_child=2 8 3 4 -1 -4 7 -3 11 -10 -5 -2
right_child=1 6 5 10 -6 -7 -8 -9 9 -11 -12 -13
leaf_value=-0.0051171639191449313 0.0040256032016765348 -0.00097818510231174145 -0.0010373925288242791 0.0013070979153219583 0.00061259205251053717 -0.0067787074623438933 -0.005908461910669586 -0.009627962688192165 -0.0023122994910782743 0.0013520894934962778 0.0043918988034893913 0.00023273705626556621
leaf_weight=375 122 177 121 1321 9214 134 162 125 291 129 2013 120
leaf_count=375 122 177 121 1321 9214 134 162 125 291 129 2013 120
internal_value=0.000126057 -0.00307582 0.00040118 0.00049708 0.000160647 -0.00435096 -0.00614872 -0.00419788 -0.000882684 -0.00216176 0.00146114 0.00131073
internal_weight=14304 1126 13178 12923 9589 255 464 302 662 420 3334 242
internal_count=14304 1126 13178 12923 9589 255 464 302 662 420 3334 242
is_linear=0
shrinkage=0.025


Tree=18
num_leaves=13
num_cat=0
split_feature=46 36 38 34 46 47 17 43 30 38 35 36
split_gain=8.5707 5.57621 8.52547 8.09872 4.6982 7.25753 5.33651 5.97779 3.8834 3.5213 2.41891 1.76989
threshold=0.80776411294937145 -0.17408153414726255 -0.04911589436233043 0.14428272098302844 0.99137932062149059 0.91434335708618175 0.47526003420352941 0.19295851141214374 0.1723049804568291 -0.021772679872810837 -0.13375213742256162 0.46392485499382025
decision_type=2 2 2 2 2 2 2 2 2 2 2 2
left_child=1 8 11 -4 6 -6 7 -2 10 -8 -1 -3
right_child=4 2 3 -5 5 -7 9 -9 -10 -11 -12 -13
leaf_value=-0.006762665953868526 -0.0050533716372273803 0.0029800226389623471 -0.0011402561280046495 0.0059521851928272217 0.00025463277768451311 -0.0072042310610726037 0.0017109525493292769 -0.00041540342954109226 -0.0039984183372150832 -0.0026498468660943273 0.00041045085168580649 -0.00047339572880329933
leaf_weight=130 303 5162 3699 1140 124 127 1362 348 194 814 472 439
leaf_count=130 303 5162 3699 1140 124 127 1362 348 194 814 472 439
internal_value=0.000153904 0.000474491 0.000628889 -0.000138573 -0.00101322 -0.0042627 -0.000715484 -0.00269245 -0.00153402 -0.000116346 -0.000516886 0.00129259
internal_weight=14314 11236 10440 4839 3078 251 2827 651 796 2176 602 5601
internal_count=14314 11236 10440 4839 3078 251 2827 651 796 2176 602 5601
is_linear=0
shrinkage=0.025


Tree=19
num_leaves=14
num_cat=0
split_feature=40 17 41 17 40 35 30 20 31 9 46 31 4
split_gain=17.0166 11.7723 8.53578 9.81355 5.80762 5.23236 4.4651 4.57415 4.19519 3.32766 2.11832 2.70763 1.84543
threshold=1.3243254423141482 0.14059185236692431 0.58681795001029979 1.3276429772377016 1.4848831892013552 0.22327419370412829 0.066909953951835646 -0.15548495948314664 1.6873898506164553 0.038243615999817855 0.31746919453144079 0.27506312727928167 0.19873460382223132
decision_type=2 2 2 2 2 2 2 2 2 2 2 2 2
left_child=2 10 3 5 8 -1 12 -8 -3 -5 -2 -12 -4
right_child=1 4 6 9 -6 -7 7 -9 -10 -11 11 -13 -14
leaf_value=-0.0010619108941592587 0.0023002915706367001 -0.0018577451510218578 0.0016059283938723162 -0.0031451889766710124 -0.006037437301534606 0.0028163679071088079 -0.0030600759038382774 0.00082169934212874499 -0.0090333166252501464 -0.0069587473838680792 -0.0025625369369606877 0.00019450320139007289 0.0056809334057153233
leaf_weight=4422 236 233 2595 128 139 1693 165 2223 125 125 120 155 1864
leaf_count=4422 236 233 2595 128 139 1693 165 2223 125 125 120 155 1864
internal_value=0.000112542 -0.00300962 0.000352213 -0.000305782 -0.00572958 -0.000103145 0.000964864 8.93231e-05 -0.00392218 -0.00508236 -0.00032219 -0.00180804 0.00143173
internal_weight=14223 1008 13215 6368 497 6115 6847 2388 358 253 511 275 4459
internal_count=14223 1008 13215 6368 497 6115 6847 2388 358 253 511 275 4459
is_linear=0
shrinkage=0.025


Tree=20
num_leaves=15
num_cat=0
split_feature=40 13 41 11 35 40 40 36 30 38 31 13 34 11
split_gain=16.7576 8.82833 8.1757 8.27734 7.4927 5.27865 4.27292 4.2015 5.53417 4.87464 3.09014 2.32807 3.29956 1.06106
threshold=1.3337206840515139 -0.19384183734655377 0.56165421009063732 0.019664425402879718 -0.013657571747899054 0.69480967521667492 1.4629510045051577 -0.17408153414726255 -0.0040651320014148942 -0.033641722053289407 1.372613847255707 -0.36152485013008112 0.00089203211246058356 0.021532656624913219
decision_type=2 2 2 2 2 2 2 2 2 2 2 2 2 2
left_child=2 11 3 5 -5 -1 10 8 -4 -9 -3 13 -13 -2
right_child=1 6 7 4 -6 -7 -8 9 -10 -11 -12 12 -14 -15
leaf_value=-0.0024250697307104229 0.0027212497193104331 -0.00033825627390162696 0.00054136538164111338 0.00061622683109271916 -0.0039984258220291087 0.0015444444452688947 -0.0054789104512720267 0.0037387035401141586 -0.006902884778183716 0.00025565531558306075 -0.008801752402695661 -0.003142660776936704 0.00029421407492214948 -0.00025754594697736895
leaf_weight=1105 140 123 324 481 876 3216 161 4835 126 2388 120 139 148 121
leaf_count=1105 140 123 324 481 876 3216 161 4835 126 2388 120 139 148 121
internal_value=0.000150353 -0.00304467 0.000379698 -0.000338509 -0.00203836 0.00019562 -0.00582824 0.000911859 -0.00141484 0.00105856 -0.00357359 -0.000947107 -0.00248716 0.000737782
internal_weight=14303 952 13351 5678 1357 4321 404 7673 450 7223 243 548 287 261
internal_count=14303 952 13351 5678 1357 4321 404 7673 450 7223 243 548 287 261
is_linear=0
shrinkage=0.025


Tree=21
num_leaves=13
num_cat=0
split_feature=40 17 46 36 38 9 40 38 9 46 30 47
split_gain=16.4192 9.83074 8.43817 6.18647 7.72995 5.63445 5.18103 4.08783 2.94031 2.15882 1.20085 0.450011
threshold=1.3124855756759646 0.083154793828725829 0.99137932062149059 -0.17408153414726255 -0.04911589436233043 0.039684019982814796 1.4629510045051577 -0.061541169881820672 0.021331420168280605 0.28690260648727423 0.046133825555443771 0.73275861144065868
decision_type=2 2 2 2 2 2 2 2 2 2 2 2
left_child=2 9 3 8 -5 6 -3 -4 -1 11 -11 -2
right_child=1 5 7 4 -6 -7 -8 -9 -10 10 -12 -13
leaf_value=-0.0068897962450969784 0.0061444949944388753 -0.0070943048534421044 -0.0022433313464275697 0.0024709751602431068 -0.00023918310352617482 -0.00045457437015951428 -0.0047020052784717305 -0.0063018656546105058 -0.0010153633632802989 -0.0016411518669992523 -0.0004420952019948889 0.00017914361022427713
leaf_weight=161 125 282 129 6443 5632 127 159 123 692 133 145 121
leaf_count=161 125 282 129 6443 5632 127 159 123 692 133 145 121
internal_value=9.97234e-05 -0.00283842 0.000344615 0.000434064 0.000579988 -0.00510253 -0.00642657 -0.0041391 -0.00161568 -0.000347353 -0.00185071 0.00132968
internal_weight=14272 1092 13180 12928 12075 568 441 252 853 524 278 246
internal_count=14272 1092 13180 12928 12075 568 441 252 853 524 278 246
is_linear=0
shrinkage=0.025


Tree=22
num_leaves=11
num_cat=0
split_feature=40 17 46 36 38 40 31 9 46 31
split_gain=15.1885 8.19125 7.46378 6.37254 7.44352 4.53126 3.88438 3.58324 2.19852 3.77437
threshold=1.3337206840515139 0.15648832917213443 0.99137932062149059 -0.19043911248445508 -0.04911589436233043 1.4848831892013552 1.5110359191894533 0.021635661832988266 0.25046659260988241 0.27059255540370947
decision_type=2 2 2 2 2 2 2 2 2 2
left_child=2 8 3 7 -5 6 -3 -1 -2 -10
right_child=1 5 -4 4 -6 -7 -8 -9 9 -11
leaf_value=-0.0067303446043745444 0.0020852050276020401 -0.00088268627885897057 -0.0052537653148074593 0.002454101139647094 -0.00028838133312593427 -0.0055556820492749168 -0.0079722369718275132 -0.0017198198773859922 -0.002387605405420021 0.00030847227685244717
leaf_weight=120 173 187 238 6620 5716 132 136 582 142 172
leaf_count=120 173 187 238 6620 5716 132 136 582 142 172
internal_value=0.000113461 -0.00294483 0.000331959 0.000413153 0.000545641 -0.00533967 -0.00361662 -0.00189356 -0.00066311 -0.00190831
internal_weight=14218 942 13276 13038 12336 455 323 702 487 314
internal_count=14218 942 13276 13038 12336 455 323 702 487 314
is_linear=0
shrinkage=0.025


Tree=23
num_leaves=13
num_cat=0
split_feature=31 41 36 20 30 45 38 38 17 4 38 11
split_gain=9.87469 10.7759 10.695 9.45161 5.35911 4.2478 4.09032 3.28953 3.20026 1.51849 1.00622 0.735522
threshold=2.1341483592987065 0.61186695098876964 -0.17408153414726255 0.33461377024650579 -0.34693646430969233 0.99137932062149059 -0.30268263816833491 -0.1009358838200569 -0.007864327169954775 0.21364864706993106 -0.071544487029314027 0.017427752725780014
decision_type=2 2 2 2 2 2 2 2 2 2 2 2
left_child=2 3 6 -2 9 -5 -1 -6 -8 -4 -3 -12
right_child=1 10 4 5 7 -7 8 -9 -10 -11 11 -13
leaf_value=0.0030852810391122009 -0.007638880488026298 0.0059341033232574447 0.0024453630931175053 -0.0032430729063180849 0.0016334013245340906 -0.0048782779318729715 -0.0021566386463878224 -0.00025924537251834323 -0.0059673090647128987 0.0059427262947108657 0.0042948134752687972 -0.0019853055046756885
leaf_weight=153 142 228 1820 802 3161 143 595 5687 293 1047 147 135
leaf_count=153 142 228 1820 802 3161 143 595 5687 293 1047 147 135
internal_value=6.97347e-05 -0.00177981 0.000302386 -0.00318338 0.000518878 -0.00224342 -0.00211879 0.000213346 -0.00277016 0.00145761 0.00120146 0.000169861
internal_weight=14353 1597 12756 1087 11715 945 1041 8848 888 2867 510 282
internal_count=14353 1597 12756 1087 11715 945 1041 8848 888 2867 510 282
is_linear=0
shrinkage=0.025


Tree=24
num_leaves=14
num_cat=0
split_feature=46 4 38 37 44 39 35 39 5 5 31 5 35
split_gain=7.50016 4.71337 7.10424 4.26161 4.15772 8.54031 4.64126 4.39507 3.74764 3.57726 3.4783 7.58197 1.78849
threshold=0.73911070823669445 0.12535241991281512 -0.030819762498140332 0.011680265888571741 0.03210581652820111 1.477417588233948 -0.06870605424046515 0.65739315748214733 -0.18778568506240842 0.44903752207756048 1.7457486987113955 0.73273211717605602 0.41866117715835577
decision_type=2 2 2 2 2 2 2 2 2 2 2 2 2
left_child=1 2 3 -1 5 9 -6 -8 -4 -2 12 -12 -3
right_child=4 10 8 -5 6 -7 7 -9 -10 -11 11 -13 -14
leaf_value=0.0034914563962688827 -0.0026208508388268267 0.002698265345328976 0.0010775464979301001 -0.00010319936547080798 0.0017808698194331782 -0.0048170494508369523 -0.00419510065235349 -0.0032760109107682735 -0.0029221338261875233 0.00093886886827855033 -0.0049010031674147124 0.0020308145570806942 -0.0034652142894853796
leaf_weight=1495 701 4048 256 2625 162 149 158 404 1065 2500 124 486 127
leaf_count=1495 701 4048 256 2625 162 149 158 404 1065 2500 124 486 127
internal_value=0.000137627 0.00049934 -2.98375e-06 0.000507576 -0.000768264 -0.00039307 -0.00248114 -0.00355159 -0.00159597 -0.000114239 0.00107124 -0.000680894 0.00132925
internal_weight=14300 10226 5441 4120 4074 3350 724 562 1321 3201 4785 610 4175
internal_count=14300 10226 5441 4120 4074 3350 724 562 1321 3201 4785 610 4175
is_linear=0
shrinkage=0.025


Tree=25
num_leaves=14
num_cat=0
split_feature=40 17 41 31 35 40 31 40 36 30 38 38 17
split_gain=15.3964 8.33091 7.85112 7.25621 11.301 4.40573 4.31279 5.07211 3.70679 4.501 4.0017 1.57162 1.69709
threshold=1.3243254423141482 0.14059185236692431 0.57191237807273876 2.0347524881362919 0.22045715898275378 0.70599362254142772 1.7457486987113955 1.4629510045051577 -0.17408153414726255 -0.0040651320014148942 -0.030819762498140332 -0.19103229045867917 -0.38895161449909205
decision_type=2 2 2 2 2 2 2 2 2 2 2 2 2
left_child=2 11 3 5 -5 -1 7 -3 9 -4 -10 12 -2
right_child=1 6 8 4 -6 -7 -8 -9 10 -11 -12 -13 -14
leaf_value=-0.0015647690695554774 0.00077828647145956322 -0.0014950103770383642 0.00059571651869742544 -0.0045630538271958085 0.0006249579050135669 0.0011067446288048463 -0.0086507615313099178 -0.0029607405062676007 0.0033234489877870541 -0.0052985041068052451 0.00011979157930629771 0.00051701095433709756 -0.0015010150280501426
leaf_weight=1459 128 220 300 525 495 3439 135 132 4778 125 2165 193 185
leaf_count=1459 128 220 300 525 495 3439 135 132 4778 125 2165 193 185
internal_value=0.000127153 -0.00286698 0.0003524 -0.000324793 -0.0022378 7.41894e-05 -0.00518547 -0.00360994 0.000897023 -0.00135174 0.00103645 -0.000594423 -0.00168632
internal_weight=14279 993 13286 5918 1020 4898 487 352 7368 425 6943 506 313
internal_count=14279 993 13286 5918 1020 4898 487 352 7368 425 6943 506 313
is_linear=0
shrinkage=0.025


Tree=26
num_leaves=14
num_cat=0
split_feature=40 5 41 31 4 36 41 13 4 36 30 13 40
split_gain=14.0927 10.3856 7.01588 6.95186 8.92885 7.07434 6.31488 4.03252 1.74459 1.5733 1.47766 2.44606 1.13678
threshold=1.3243254423141482 0.14437396079301837 0.6902616322040559 2.1341483592987065 0.46632249653339392 -0.19043911248445508 0.76179364323616039 -0.10567105561494826 0.22021942585706714 0.52496865391731273 0.10847930610179903 -0.35753300786018366 0.98193675279617321
decision_type=2 2 2 2 2 2 2 2 2 2 2 2 2
left_child=2 10 3 5 -5 -1 7 -3 12 -10 11 -2 -4
right_child=1 6 8 4 -6 -7 -8 -9 9 -11 -12 -13 -14
leaf_value=-0.0042661126591574906 0.00050863961751249369 -0.0037769204908019911 0.003259102098190721 -0.0058376510872521882 -0.0017908630900449333 0.00089932375997669913 -3.3342070947932486e-05 -0.0075652129302041854 0.0054912009189734276 -0.000266308841425433 0.0014395388812917121 -0.0015837412026002765 0.00041508129890951447
leaf_weight=483 169 215 990 244 1010 7667 121 171 1307 200 188 135 1439
leaf_count=483 169 215 990 244 1010 7667 121 171 1307 200 188 135 1439
internal_value=0.000170193 -0.00268551 0.000385444 1.36838e-05 -0.00171465 0.000281269 -0.00517822 -0.00672315 0.00127093 0.00194196 -7.79677e-05 -0.001161 0.000848911
internal_weight=14339 999 13340 9404 1254 8150 507 386 3936 1507 492 304 2429
internal_count=14339 999 13340 9404 1254 8150 507 386 3936 1507 492 304 2429
is_linear=0
shrinkage=0.025


Tree=27
num_leaves=11
num_cat=0
split_feature=40 13 31 13 10 40 46 38 38 9
split_gain=14.3131 7.62214 6.51518 7.21762 5.18343 4.63321 6.41342 5.14841 3.24814 1.08539
threshold=1.3243254423141482 -0.36152485013008112 3.7634668350219731 -0.088261377066373811 0.022654593922197822 0.72273260354995739 0.84346643090248119 -0.04911589436233043 -0.051605883985757821 0.027451359666883949
decision_type=2 2 2 2 2 2 2 2 2 2
left_child=2 9 5 -4 8 6 -1 -7 -3 -2
right_child=1 4 3 -5 -6 7 -8 -9 -10 -11
leaf_value=0.00021503453194689443 0.0036455450292304063 -0.00096804376282545821 -0.0051740214764192573 -5.0981195520414412e-05 -0.006533747677295091 0.0023838800284050506 -0.003792600480830419 6.7547539957858057e-05 -0.0038532606289402986 -0.00030152375012057735
leaf_weight=1594 142 273 122 186 178 6135 435 4826 260 149
leaf_count=1594 142 273 122 186 178 6135 435 4826 260 149
internal_value=0.000153356 -0.00271971 0.000371251 -0.00319089 -0.00410789 0.000457388 -0.000637291 0.000660793 -0.00280901 0.000663007
internal_weight=14300 1002 13298 308 711 12990 2029 10961 533 291
internal_count=14300 1002 13298 308 711 12990 2029 10961 533 291
is_linear=0
shrinkage=0.025


Tree=28
num_leaves=15
num_cat=0
split_feature=31 41 35 34 36 35 36 29 39 9 24 36 38 34
split_gain=7.16057 9.4641 9.7516 11.029 8.32292 5.15767 7.50425 3.48939 3.58293 2.75544 2.22375 1.29153 1.02334 1.58755
threshold=2.0141876935958867 0.6026645600795747 0.21202438324689868 0.056478114798665054 -0.17408153414726255 0.039440046995878227 0.21809379011392596 0.053705973550677306 1.0515654087066653 0.021331420168280605 29.820096015930179 0.45241168141365057 -0.071544487029314027 0.12817300111055377
decision_type=2 2 2 2 2 2 2 2 2 2 2 2 2 2
left_child=4 2 3 -2 7 11 -7 9 -9 -1 -4 -6 -3 -14
right_child=1 12 10 -5 5 6 -8 8 -10 -11 -12 -13 13 -15
leaf_value=-0.005609154720505766 -0.0029100744520833793 0.0062917567388891295 -0.006125458845407653 -0.0060435576944387068 0.0023540099907539149 -0.0010606117115241087 0.0016010688952756925 -0.001767510868899503 -0.0048789424438678763 0.00011738931342876995 0.00084995798442768101 -0.00082863208046548046 -0.0047932436341727447 0.0049562052484869532
leaf_weight=143 361 273 125 245 4082 2882 4336 210 199 484 492 123 142 222
leaf_count=143 361 273 125 245 4082 2882 4336 210 199 484 492 123 142 222
internal_value=9.36366e-05 -0.00135054 -0.00263538 -0.0048752 0.000310193 0.000505447 9.88164e-05 -0.00182877 -0.00361413 -0.000634889 -0.000403939 0.00120101 0.00110787 0.000213415
internal_weight=14319 1860 1223 606 12459 11423 7218 1036 409 627 617 4205 637 364
internal_count=14319 1860 1223 606 12459 11423 7218 1036 409 627 617 4205 637 364
is_linear=0
shrinkage=0.025


Tree=29
num_leaves=14
num_cat=0
split_feature=40 13 41 31 4 40 10 4 38 13 13 9 38
split_gain=12.5954 7.83212 6.07389 7.74959 7.37148 4.78236 4.46293 4.41263 3.7425 2.2736 1.93731 1.03361 0.808741
threshold=1.3243254423141482 -0.35069671273231501 0.58681795001029979 2.1105588674545293 0.46632249653339392 0.70599362254142772 0.01602223236113787 0.2055376470088959 -0.017926861532032486 -0.1465179771184921 -0.063340917229652391 0.027451359666883949 -0.1009358838200569
decision_type=2 2 2 2 2 2 2 2 2 2 2 2 2
left_child=2 11 3 5 -5 -1 10 8 -4 -8 -3 -2 -9
right_child=1 6 7 4 -6 -7 9 12 -10 -11 -12 -13 -14
leaf_value=-0.0017326957382917567 0.0032032732924507827 -0.00073108892379283245 0.0013960154003997917 -0.0057092940500659689 -0.0018758621283583546 0.0011337734939827425 -0.0024840078130540072 0.005763592000037677 -0.0011801649164324779 -0.0079273774477534326 -0.0044040326029340616 -0.00062508543036928074 0.0027961401380285382
leaf_weight=1481 145 217 3102 194 806 3879 205 1027 808 149 123 165 1883
leaf_count=1481 145 217 3102 194 806 3879 205 1027 808 149 123 165 1883
internal_value=0.00010598 -0.00258548 0.000312382 -0.000242537 -0.00225746 0.00013397 -0.00405401 0.000830586 0.000279374 -0.00601323 -0.00193841 0.000694445 0.00156732
internal_weight=14184 1004 13180 6360 1000 5360 694 6820 3910 354 340 310 2910
internal_count=14184 1004 13180 6360 1000 5360 694 6820 3910 354 340 310 2910
is_linear=0
shrinkage=0.025


Tree=30
num_leaves=10
num_cat=0
split_feature=40 46 46 41 41 34 9 38 23
split_gain=11.6577 6.44032 6.25234 4.98009 4.8242 4.19168 3.21813 2.34101 1.73939
threshold=1.3337206840515139 0.99137932062149059 0.28690260648727423 0.70759814977645885 0.76394981145858776 0.14312935620546344 0.027830716222524646 -0.065974175930023179 0.096916507929563536
decision_type=2 2 2 2 2 2 2 2 2
left_child=1 3 -2 5 6 -1 -4 -3 -5
right_child=2 7 4 8 -6 -7 -8 -9 -10
leaf_value=-0.00011476573827508888 0.001026671024610432 -0.0015521609324954692 -0.0021208307358743365 -8.8811426508710349e-05 -0.00020620563504303055 0.0054343599917532912 -0.0074188656419115363 -0.0046727074339997059 0.0027270334496637292
leaf_weight=8486 201 122 256 514 209 1209 281 121 2879
leaf_count=8486 201 122 256 514 209 1209 281 121 2879
internal_value=0.000123486 0.000314656 -0.00254858 0.000390571 -0.0036002 0.00010116 -0.00484548 -0.00367439 0.00121432
internal_weight=14278 13331 947 13088 746 9695 537 243 3393
internal_count=14278 13331 947 13088 746 9695 537 243 3393
is_linear=0
shrinkage=0.025


Tree=31
num_leaves=13
num_cat=0
split_feature=40 17 30 9 34 38 37 40 48 46 9 9
split_gain=9.05598 6.44414 5.97009 5.51526 4.85757 6.44356 2.51635 2.24055 2.41867 1.41152 0.868723 0.367824
threshold=1.3190979957580569 0.48158290982246404 -0.34693646430969233 0.037483930587768562 0.17045219987630847 -0.019439239054918286 0.016831873916089538 0.74253234267234813 0.14343360066413882 0.28690260648727423 0.022828849032521251 0.033928204327821739
decision_type=2 2 2 2 2 2 2 2 2 2 2 2
left_child=2 6 7 -3 5 -4 9 8 -1 -2 -9 -6
right_child=1 3 4 -5 11 -7 -8 10 -10 -11 -12 -13
leaf_value=0.0031463922480709783 0.00273872508251451 -0.008778882338419218 0.00052318517100437246 -0.0027828807651893383 0.0084480747252847106 -0.0018163651733480298 -0.0017173241710416961 0.0015978517666427484 -0.0016965816889821725 -0.00051019687235861935 0.0039897668980742509 0.0019353852175062209
leaf_weight=194 191 175 6269 134 632 2966 139 702 313 437 1956 181
leaf_count=194 191 175 6269 134 632 2966 139 702 313 437 1956 181
internal_value=0.000137558 -0.00206175 0.000317843 -0.0050836 1.87756e-05 -0.000144075 -0.000811205 0.0012638 -0.000246582 -0.000116509 0.00155417 0.00186583
internal_weight=14289 1076 13213 309 10048 9235 767 3165 507 628 2658 813
internal_count=14289 1076 13213 309 10048 9235 767 3165 507 628 2658 813
is_linear=0
shrinkage=0.025


Tree=32
num_leaves=8
num_cat=0
split_feature=46 40 30 47 34 46 40
split_gain=7.21848 7.21445 5.38787 5.19995 5.05956 4.37978 2.77636
threshold=0.99137932062149059 1.4848831892013552 -0.42335294187068934 0.91434335708618175 0.14428272098302844 0.6347549855709077 0.7297625243663789
decision_type=2 2 2 2 2 2 2
left_child=1 2 6 -2 -4 -3 -1
right_child=3 5 4 -5 -6 -7 -8
leaf_value=-0.0003779533399951864 -0.00072923172518979873 -0.00054453360473151447 -0.00014305505783023266 -0.00601602273099823 0.0047252659915086896 -0.0039911140486553571 0.0040128279234053236
leaf_weight=374 127 132 9533 134 1455 134 2413
leaf_count=374 127 132 9533 134 1455 134 2413
internal_value=0.000164168 0.000241795 0.000321571 -0.00391447 7.17503e-05 -0.00379613 0.00130238
internal_weight=14302 14041 13775 261 10988 266 2787
internal_count=14302 14041 13775 261 10988 266 2787
is_linear=0
shrinkage=0.025


Tree=33
num_leaves=12
num_cat=0
split_feature=40 5 31 13 40 46 30 9 37 46 31
split_gain=9.41092 6.92017 6.12056 6.47123 4.60343 5.97363 4.25097 4.0357 3.7693 1.89794 2.15858
threshold=1.3243254423141482 0.13852435350418094 3.7634668350219731 -0.088261377066373811 0.72273260354995739 0.86085903644561779 -0.37946258485317225 0.03939445689320565 0.010658981744199993 0.25046659260988241 0.27059255540370947
decision_type=2 2 2 2 2 2 2 2 2 2 2
left_child=2 9 4 -4 5 -1 -6 8 -3 -2 -11
right_child=1 7 3 -5 6 -7 -8 -9 -10 10 -12
leaf_value=-1.4729000590073008e-06 0.0025389214145266417 -0.0026193009218682473 -0.005105040367529871 -0.00034993540747915421 0.0033429878621424498 -0.0048618026675499 0.00059560379865207654 -0.00071095601072927121 -0.0070202560298260469 -0.0015037739094906379 0.00032637585086910353
leaf_weight=1642 186 161 124 188 2516 409 8408 120 228 148 167
leaf_count=1642 186 161 124 188 2516 409 8408 120 228 148 167
internal_value=0.000133635 -0.00218596 0.000311184 -0.00311909 0.00039532 -0.000688837 0.000599666 -0.00422422 -0.00544733 -8.15216e-05 -0.00126953
internal_weight=14297 1010 13287 312 12975 2051 10924 509 389 501 315
internal_count=14297 1010 13287 312 12975 2051 10924 509 389 501 315
is_linear=0
shrinkage=0.025


Tree=34
num_leaves=11
num_cat=0
split_feature=36 35 36 37 9 17 30 36 9 36
split_gain=7.35451 8.82351 8.28965 6.55946 4.82295 3.40346 3.37716 3.00666 2.0972 1.12854
threshold=-0.19043911248445508 0.039440046995878227 0.28962449729442602 0.018921818584203724 0.034220429137349136 0.22158133238554004 0.12814655900001529 0.47109559178352362 0.02274772617965937 -0.15085972100496289
decision_type=2 2 2 2 2 2 2 2 2 2
left_child=5 7 3 -3 -4 6 8 9 -1 -2
right_child=1 2 4 -5 -6 -7 -8 -9 -10 -11
leaf_value=-0.0049787222240303434 -0.00019130506855317969 -0.0019236915832470905 0.0021534933994650533 0.0045405203069415496 -0.0026962120445330213 -0.0054235637435975335 -0.0039896637220570253 -0.0025295131312270645 0.00034487500790084097 0.002546326503048008
leaf_weight=126 280 3432 3779 590 967 141 176 124 402 4340
leaf_count=126 280 3432 3779 590 967 141 176 124 402 4340
internal_value=0.000159188 0.00030138 -0.000167987 -0.00100292 0.000538571 -0.00209559 -0.00135226 0.00116946 -0.000325985 0.00127432
internal_weight=14357 13512 8768 4022 4746 845 704 4744 528 4620
internal_count=14357 13512 8768 4022 4746 845 704 4744 528 4620
is_linear=0
shrinkage=0.025


Tree=35
num_leaves=12
num_cat=0
split_feature=36 35 36 31 13 26 36 46 41 5 36
split_gain=7.16549 8.82994 8.7431 12.443 4.909 4.60473 2.41364 1.87622 4.18078 2.60736 0.946296
threshold=-0.17408153414726255 0.039440046995878227 0.28962449729442602 2.0141876935958867 -0.28799711167812342 0.032602109014987952 0.47109559178352362 0.40388205647468572 0.70759814977645885 0.040536537766456611 -0.030676622875034806
decision_type=2 2 2 2 2 2 2 2 2 2 2
left_child=5 6 3 -3 -4 7 10 8 -1 -9 -2
right_child=1 2 4 -5 -6 -7 -8 9 -10 -11 -12
leaf_value=-0.0048672385971902671 0.0047112890055101605 -0.0007957656306068657 -0.0021194095358263092 -0.0050199890506801821 0.0016107042596986002 -0.0064813662852356629 -0.0015835504695880084 0.0014597407994830832 0.0014297939610107095 -0.0023683867931664948 0.0015644170493354518
leaf_weight=156 1301 3636 307 421 4429 216 124 303 136 195 3165
leaf_count=156 1301 3636 307 421 4429 216 124 303 136 195 3165
internal_value=0.000120971 0.000274593 -0.000188821 -0.00104044 0.000539707 -0.00190776 0.00116295 -0.000998428 -0.00257155 -4.72166e-05 0.00126006
internal_weight=14389 13383 8793 4057 4736 1006 4590 790 292 498 4466
internal_count=14389 13383 8793 4057 4736 1006 4590 790 292 498 4466
is_linear=0
shrinkage=0.025


Tree=36
num_leaves=13
num_cat=0
split_feature=40 13 31 36 38 40 46 17 44 30 46 31
split_gain=10.2755 6.16498 6.13468 6.94159 7.69157 4.70708 5.63049 4.58809 4.03052 3.81695 1.87061 3.79628
threshold=1.3337206840515139 -0.19384183734655377 2.3361346721649174 0.30831910669803625 -0.047704154625535004 0.72273260354995739 0.80776411294937145 0.45252421498298651 0.03210581652820111 -0.40497335791587824 0.25046659260988241 0.27059255540370947
decision_type=2 2 2 2 2 2 2 2 2 2 2 2
left_child=2 10 5 4 -4 6 -1 -3 -5 -7 -2 -12
right_child=1 7 3 8 -6 9 -8 -9 -10 -11 11 -13
leaf_value=0.00013520283874483079 0.0011506147460529062 -0.0012443443601188175 0.00052773918687324132 0.0025139432454446163 -0.0061034603317385002 0.0034941418942859358 -0.0038829829601855327 -0.0068384568470243384 -0.0028898727663460174 0.00078414710749838933 -0.0018452583680015119 0.00050941240748110614
leaf_weight=1486 158 197 174 552 243 2354 461 205 230 7808 156 242
leaf_count=1486 158 197 174 552 243 2354 461 205 230 7808 156 242
internal_value=0.000131999 -0.00236111 0.000312758 -0.00138808 -0.00397216 0.00048219 -0.000641009 -0.00470209 0 0.000698215 -0.00063057 -0.00154777
internal_weight=14266 958 13308 1199 417 12109 1947 402 782 10162 556 398
internal_count=14266 958 13308 1199 417 12109 1947 402 782 10162 556 398
is_linear=0
shrinkage=0.025


Tree=37
num_leaves=15
num_cat=0
split_feature=31 41 20 4 38 34 38 17 44 47 31 43 43 38
split_gain=7.21885 7.84388 8.76479 5.46432 6.23638 4.80772 4.06312 3.53343 3.07423 2.76797 2.62375 2.42176 0.952709 0.176871
threshold=2.1341483592987065 0.61585763096809398 0.61220803856849682 0.12250740081071855 -0.030819762498140332 0.057673700153827674 -0.18716789782047269 -0.3298244029283523 0.0271351607516408 0.97212031483650219 1.2164656519889834 -0.19617359340190885 0.06411225721240045 -0.065143328160047517
decision_type=2 2 2 2 2 2 2 2 2 2 2 2 2 2
left_child=3 2 5 4 6 -2 -1 -6 11 -4 -10 -5 -3 -14
right_child=1 12 9 8 7 -7 -8 -9 10 -11 -12 -13 13 -15
leaf_value=-0.00079701917029671861 -0.0034068067911973894 -0.00057662835410880969 5.599290766174038e-05 -0.00066195991426272233 0.0041147811381373762 -0.006224332941678427 0.0015763008110569869 -0.0026497381073724222 0.0028424994460397616 -0.0040524418617078539 -0.0021742504428274613 0.0023248460696404295 0.0049516186813736429 0.0041577860889081006
leaf_weight=2012 209 145 526 493 137 237 2655 1224 511 121 784 4798 181 171
leaf_count=2012 209 145 526 493 137 237 2655 1224 511 121 784 4798 181 171
internal_value=0.000114628 -0.00146944 -0.00265141 0.000315298 -0.000227706 -0.00532982 0.000205747 -0.00171395 0.000813041 -0.000768788 -0.000274038 0.0010803 0.00111803 0.00181723
internal_weight=14204 1590 1093 12614 6028 446 4667 1361 6586 647 1295 5291 497 352
internal_count=14204 1590 1093 12614 6028 446 4667 1361 6586 647 1295 5291 497 352
is_linear=0
shrinkage=0.025


Tree=38
num_leaves=10
num_cat=0
split_feature=40 5 13 38 34 36 5 13 31
split_gain=8.26219 6.31746 5.30167 4.57772 10.2965 5.27267 3.50936 1.52195 2.65679
threshold=1.3337206840515139 1.7137365937232973 -0.19384183734655377 -0.04911589436233043 0.14428272098302844 -0.17939045280218122 0.4621590524911881 -0.37667246162891382 0.30893728137016302
decision_type=2 2 2 2 2 2 2 2 2
left_child=1 3 7 5 -5 -1 -4 -2 -9
right_child=2 -3 6 4 -6 -7 -8 8 -10
leaf_value=-0.0017246785563151464 0.00048433764624061446 -0.004422172895611625 -0.0012239596835236797 -0.0013073057787309883 0.0055704137882536722 0.0019444479141450411 -0.0068285160803799039 -0.0018106850118888886 0.00049441737812074503
leaf_weight=827 220 173 201 4316 1425 6639 213 123 191
leaf_count=827 220 173 201 4316 1425 6639 213 123 191
internal_value=9.86361e-05 0.000259152 -0.00214979 0.000322529 -0.000207318 0.000730659 -0.00425716 -0.000480056 -0.00159483
internal_weight=14328 13380 948 13207 5741 7466 414 534 314
internal_count=14328 13380 948 13207 5741 7466 414 534 314
is_linear=0
shrinkage=0.025


Tree=39
num_leaves=14
num_cat=0
split_feature=31 41 20 30 45 5 35 3 9 19 43 38 48
split_gain=6.13033 7.13123 8.17589 3.80796 4.83309 3.31944 3.0108 2.98124 1.58915 1.86769 1.03149 0.944142 0.18805
threshold=2.1341483592987065 0.61585763096809398 0.33461377024650579 -0.43320420384407038 0.10491563007235528 0.25352899730205541 0.2154425382614136 0.59569665789604198 0.023471873253583912 0.041738159954547889 0.06411225721240045 -0.18911895900964734 0.71515038609504711
decision_type=2 2 2 2 2 2 2 2 2 2 2 2 2
left_child=3 2 -2 8 5 -5 -4 -6 9 -1 -3 -10 -12
right_child=1 10 6 4 7 -7 -8 -9 11 -11 12 -13 -14
leaf_value=-0.00048785693383153754 -0.0060695149192734497 -0.00075234463004141103 -0.0033163966346863544 -0.0022879093265456836 0.00049473518123598981 0.00084274352674964669 -0.00059238190087529917 -0.0043329023323560424 0.00044429563651699584 0.0035563952587958796 0.0046936167574138099 0.0050216201631219084 0.0025433905673402893
leaf_weight=625 138 143 443 669 8755 328 519 145 479 241 203 1332 148
leaf_count=625 138 143 443 669 8755 328 519 145 479 241 203 1332 148
internal_value=0.000138556 -0.00131879 -0.00243778 0.000324251 9.70764e-05 -0.00154815 -0.00159126 0.000282847 0.00116005 0.00026837 0.00115982 0.00158108 0.00188553
internal_weight=14168 1594 1100 12574 9897 997 962 8900 2677 866 494 1811 351
internal_count=14168 1594 1100 12574 9897 997 962 8900 2677 866 494 1811 351
is_linear=0
shrinkage=0.025


Tree=40
num_leaves=15
num_cat=0
split_feature=31 36 35 3 38 35 36 5 38 35 47 36 29 43
split_gain=6.89752 6.31206 5.39201 7.04996 5.25362 12.8101 6.3049 3.74329 3.2695 2.06285 2.0542 1.96708 1.5184 0.79924
threshold=2.1341483592987065 -0.17408153414726255 0.039440046995878227 0.023016581311821941 -0.049880862236022942 0.20384284108877185 0.29997210204601293 0.99052628874778759 -0.26547384262084955 -0.044419683516025536 0.91434335708618175 0.47742305696010595 0.050355654209852226 0.18507772684097293
decision_type=2 2 2 2 2 2 2 2 2 2 2 2 2 2
left_child=1 8 11 -4 10 6 -6 -7 12 -10 13 -3 -1 -2
right_child=4 2 3 -5 5 7 -8 -9 9 -11 -12 -13 -14 -15
leaf_value=0.0026980328246607971 -8.8124967270348211e-06 0.0024231156460073899 -0.0017525919582978046 0.00082113067619002205 -0.0060853793131344751 -0.0057301035561671361 -0.0054150085090817028 0.00062437949540149478 -0.0040648285659147 -0.00056345223311261156 -0.0014751205486993142 -0.0012689965429819243 -0.0011649645656881663 0.0055931808046656619
leaf_weight=209 134 4106 1622 5812 197 122 136 590 418 239 134 123 144 268
leaf_count=209 134 4106 1622 5812 197 122 136 590 418 239 134 123 144 268
internal_value=0.000124746 0.00031955 0.000484338 7.77995e-05 -0.00142891 -0.00245833 -0.0064682 -0.00054219 -0.0015702 -0.00260763 0.000570702 0.00119656 0.000352654 0.00147113
internal_weight=14254 12673 11663 7434 1581 1045 333 712 1010 657 536 4229 353 402
internal_count=14254 12673 11663 7434 1581 1045 333 712 1010 657 536 4229 353 402
is_linear=0
shrinkage=0.025


Tree=41
num_leaves=10
num_cat=0
split_feature=40 31 31 41 35 44 17 10 31
split_gain=7.9747 6.33665 5.69746 4.1796 5.09789 4.11607 2.78241 2.25487 2.0846
threshold=1.3337206840515139 3.7634668350219731 1.7457486987113955 0.70759814977645885 0.21929887682199481 0.03210581652820111 -0.38895161449909205 0.020513114519417289 0.4106262475252152
decision_type=2 2 2 2 2 2 2 2 2
left_child=1 3 6 4 -1 -3 -2 -8 -5
right_child=2 5 -4 8 -6 -7 7 -9 -10
leaf_value=-0.0004285218347877506 0.0024290077454832376 -0.00087095348418461801 -0.0072595226333925017 0.00070325710931647785 0.0025254501161752654 -0.0042116325645257567 -0.00080577566789628407 -0.001955924745147769 0.003368567176087035
leaf_weight=6929 161 143 144 1366 2573 148 456 193 2050
leaf_count=6929 161 143 144 1366 2573 148 456 193 2050
internal_value=0.000105961 0.0002661 -0.00209463 0.00034928 7.87578e-05 -0.00334882 -0.00125 -0.00198203 0.00109873
internal_weight=14163 13209 954 12918 9502 291 810 649 3416
internal_count=14163 13209 954 12918 9502 291 810 649 3416
is_linear=0
shrinkage=0.025


Tree=42
num_leaves=14
num_cat=0
split_feature=34 38 11 36 36 31 35 26 9 39 34 34 10
split_gain=5.92442 10.8701 8.6433 7.90291 6.14489 4.29929 4.12525 2.99364 1.58187 1.55003 0.340152 0.800359 0.0232704
threshold=0.14312935620546344 -0.028170658275485035 0.016268628649413589 0.29811336100101476 -0.17408153414726255 1.7934207916259768 0.039440046995878227 0.032602109014987952 0.033928204327821739 1.0632907748222353 0.17045219987630847 0.16395609825849536 0.016555935144424442
decision_type=2 2 2 2 2 2 2 2 2 2 2 2 2
left_child=1 4 5 -4 7 -3 -6 -1 10 -10 11 -2 -12
right_child=8 2 3 -5 6 -7 -8 -9 9 -11 12 -13 -14
leaf_value=-0.00094486196619268106 0.0052018414116775449 0.00014604240191270674 -0.004776495901625581 -0.0020471927541019187 0.0021168561652859922 -0.002645739775614225 1.7625524722385691e-05 -0.0060030350072371366 -0.0029344155687116113 0.0042516479715419952 0.0091040929131235553 -0.00039966425698019834 0.0050899347807957847
leaf_weight=822 492 2049 408 788 4362 362 3465 211 160 219 652 132 121
leaf_count=822 492 2049 408 788 4362 362 3465 211 160 219 652 132 121
internal_value=0.000143968 -4.82079e-05 -0.00120466 -0.00293818 0.000422307 -0.000337852 0.000662187 -0.00138367 0.00149284 4.23178e-05 0.00188035 0.00139706 0.00225096
internal_weight=14243 12467 3607 1196 8860 2411 7827 1033 1776 379 1397 624 773
internal_count=14243 12467 3607 1196 8860 2411 7827 1033 1776 379 1397 624 773
is_linear=0
shrinkage=0.025


Tree=43
num_leaves=9
num_cat=0
split_feature=46 34 38 31 36 13 13 44
split_gain=6.50213 4.54642 7.8734 6.94756 4.86448 2.89368 0.550607 0.334159
threshold=0.99137932062149059 0.17045219987630847 -0.018733770586550232 1.2980903387069704 -0.19043911248445508 -0.088261377066373811 -0.19238048046827314 0.030044220387935642
decision_type=2 2 2 2 2 2 2 2
left_child=1 2 4 -4 -1 -2 -3 -8
right_child=5 6 3 -5 -6 -7 7 -9
leaf_value=-0.0014798488307142367 -0.0055053364786687327 0.001231536406932598 -6.0889176405293916e-05 -0.0027213119292902512 0.0011981234633020442 -0.0011264179122179195 0.0077138770108192136 0.0053155459906735437
leaf_weight=842 120 143 2230 1342 8708 129 719 120
leaf_count=842 120 143 2230 1342 8708 129 719 120
internal_value=0.000139382 0.000211124 8.75106e-05 -0.000912427 0.000462454 -0.00382382 0.00184777 0.00209271
internal_weight=14353 14104 13122 3572 9550 249 982 839
internal_count=14353 14104 13122 3572 9550 249 982 839
is_linear=0
shrinkage=0.025


Tree=44
num_leaves=14
num_cat=0
split_feature=40 5 41 31 20 9 36 31 31 46 31 36 23
split_gain=7.77912 6.80312 5.04941 5.60271 5.72797 3.70974 3.42895 3.25669 1.93174 1.62571 1.34367 1.23867 1.2094
threshold=1.3243254423141482 0.13852435350418094 0.6902616322040559 2.3361346721649174 0.43636989593505865 0.038532994687557227 -0.22456060349941251 1.2164656519889834 0.44242390990257269 0.25046659260988241 0.27059255540370947 0.49588042497634893 0.11190308257937433
decision_type=2 2 2 2 2 2 2 2 2 2 2 2 2
left_child=2 9 3 6 -5 7 -1 -3 12 -2 -11 -10 -4
right_child=1 5 8 4 -6 -7 -8 -9 11 10 -12 -13 -14
leaf_value=-0.0035318708005394883 0.0019514255813765189 -0.0020032930784730308 -0.00058921125810816252 -0.0044662458980841485 -0.0018529548010731039 -0.00042223260951786633 0.00061942151355202457 -0.0074249113601038367 0.0036503315227170287 -0.0015380575125099941 0.00034852138211584859 0.00027885687177055008 0.0015183367583295475
leaf_weight=376 190 257 578 164 855 121 7951 125 1976 144 166 306 1068
leaf_count=376 190 257 578 164 855 121 7951 125 1976 144 166 306 1068
internal_value=0.000146076 -0.00197049 0.000307158 -8.42147e-06 -0.00175415 -0.00400837 0.000205383 -0.00520349 0.00105867 8.66338e-05 -0.0010119 0.00152984 0.000399001
internal_weight=14277 1003 13274 9346 1019 503 8327 382 3928 500 310 2282 1646
internal_count=14277 1003 13274 9346 1019 503 8327 382 3928 500 310 2282 1646
is_linear=0
shrinkage=0.025


Tree=45
num_leaves=9
num_cat=0
split_feature=46 40 31 30 14 13 13 38
split_gain=6.5787 5.65424 4.76033 3.95195 3.71633 2.50817 2.28454 1.64395
threshold=0.99137932062149059 1.3337206840515139 1.6873898506164553 -0.4452506154775619 0.1241746135056019 -0.35069671273231501 -0.085514623671770082 -0.18911895900964734
decision_type=2 2 2 2 2 2 2 2
left_child=1 3 5 7 -5 -3 -2 -1
right_child=6 2 -4 4 -6 -7 -8 -9
leaf_value=9.7321063912855137e-05 -0.0055482395790582908 0.00047835482976417627 -0.0069228055082557046 -0.0015283065691287939 0.00054668766705592928 -0.0012773583931242321 -0.0021646885502351445 0.0038760186543188588
leaf_weight=598 121 278 144 1117 9381 520 121 1980
leaf_count=598 121 278 144 1117 9381 520 121 1980
internal_value=0.000141518 0.000213132 -0.00165127 0.000348502 0.000132224 -0.000870174 -0.00390182 0.00122484
internal_weight=14260 14018 942 13076 10498 798 242 2578
internal_count=14260 14018 942 13076 10498 798 242 2578
is_linear=0
shrinkage=0.025


Tree=46
num_leaves=14
num_cat=0
split_feature=31 37 4 4 38 38 31 44 44 11 38 40 25
split_gain=5.89595 4.52612 6.60163 4.13693 5.00157 4.03281 3.66717 3.15766 2.88101 2.87101 1.99656 1.10529 0.347998
threshold=2.1341483592987065 0.018690415658056739 0.47503533959388738 0.1953946799039841 -0.030819762498140332 -0.15436717122793195 1.0457134246826174 0.028791630640625957 0.0271351607516408 0.016268628649413589 -0.20028021931648252 0.83233803510665905 6.39691185951233
decision_type=2 2 2 2 2 2 2 2 2 2 2 2 2
left_child=3 2 -2 4 5 -1 10 -4 -8 -6 -5 -3 -13
right_child=1 11 7 6 9 -7 8 -9 -10 -11 -12 12 -14
leaf_value=-0.00042232890224699557 -0.0051830369019628892 -0.0030185215163549316 0.00023254260143438133 -0.00035882085607549146 -0.00069194264969548217 0.0018819505382057804 0.0017263310013919055 -0.0036242938740195484 -0.0014338052181921853 -0.0025408726620428992 0.0035491709914693909 0.0027567608324439549 0.002147933185779148
leaf_weight=2538 231 120 460 255 1338 2924 1949 406 914 539 2213 182 197
leaf_count=2538 231 120 460 255 1338 2924 1949 406 914 539 2213 182 197
internal_value=0.000146013 -0.00128279 -0.00217899 0.000326923 -5.73597e-05 0.000324447 0.000856681 -0.00115241 0.000244508 -0.00116963 0.00156237 0.000677083 0.0013444
internal_weight=14266 1596 1097 12670 7339 5462 5331 866 2863 1877 2468 499 379
internal_count=14266 1596 1097 12670 7339 5462 5331 866 2863 1877 2468 499 379
is_linear=0
shrinkage=0.025


Tree=47
num_leaves=15
num_cat=0
split_feature=30 34 38 11 36 11 38 9 48 41 41 3 4 36
split_gain=5.65149 6.08196 6.32091 8.20662 5.46436 1.75735 1.86754 1.55461 1.67723 1.05241 0.994038 0.886342 0.712503 0.420393
threshold=-0.41413727402687067 0.14428272098302844 -0.030075578950345513 0.016268628649413589 -0.17408153414726255 0.018249534070491794 -0.18006064742803571 0.033928204327821739 0.63811445236206066 0.64417663216590892 0.54344412684440624 -0.016735145822167393 0.021823184564709667 -0.19043911248445508
decision_type=2 2 2 2 2 2 2 2 2 2 2 2 2 2
left_child=5 2 4 -4 -2 6 -1 12 -9 -8 11 -7 -3 -12
right_child=1 7 3 -5 -6 10 9 8 -10 -11 13 -13 -14 -15
leaf_value=-0.0025702257234994541 -0.0026242310082290033 0.0011610625977192561 -0.00064114577592238708 -0.0033763868346678126 0.0004841321604375302 0.002325818906881329 0.0039747163871592201 -0.0031985077918628237 0.0057748484334197185 -6.4151333092289566e-05 0.00056605474186224153 -0.0019493645562551416 0.0063427308148030041 0.0044579294771793605
leaf_weight=185 686 151 2251 1048 6012 180 339 149 179 452 229 126 991 1398
leaf_count=185 686 151 2251 1048 6012 180 339 149 179 452 229 126 991 1398
internal_value=0.000103174 -0.000146117 -0.000367551 -0.00126248 7.29152e-05 0.00108656 0.000212793 0.00135169 -0.000146396 0.000749058 0.00152283 0.000188907 0.00178618 0.00176854
internal_weight=14376 11467 9997 3299 6698 2909 976 1470 328 791 1933 306 1142 1627
internal_count=14376 11467 9997 3299 6698 2909 976 1470 328 791 1933 306 1142 1627
is_linear=0
shrinkage=0.025


Tree=48
num_leaves=12
num_cat=0
split_feature=40 13 31 13 35 35 31 10 41 40 41
split_gain=5.93781 4.96878 4.8607 5.70024 4.44248 9.50092 2.56549 2.56125 1.69495 1.45174 0.498852
threshold=1.3337206840515139 -0.35069671273231501 3.7634668350219731 -0.088261377066373811 0.21779818087816241 0.11282950639724733 0.32511705160140997 0.01602223236113787 0.70238637924194347 1.4629510045051577 0.72596499323844921
decision_type=2 2 2 2 2 2 2 2 2 2 2
left_child=2 10 4 -4 5 -1 -6 9 -9 -3 -2
right_child=1 7 3 -5 6 -7 -8 8 -10 -11 -12
leaf_value=0.0009272278779816419 -5.19004347633873e-05 1.2951062535526023e-05 -0.0037924386673840538 0.00022285097132607024 -0.0010356596225074685 -0.0017745469860502732 0.0031108267743048344 -0.0066422773937844376 -0.0014667492377825222 -0.0026836708174561735 0.00081699083618345556
leaf_weight=6736 125 205 124 188 237 2941 3040 194 167 125 145
leaf_count=6736 125 205 124 188 237 2941 3040 194 167 125 145
internal_value=0.00011497 -0.00177666 0.00025309 -0.00280363 0.000328247 5.79685e-05 0.00112317 -0.00289691 -0.00434768 -0.00125 0.00106818
internal_weight=14227 961 13266 312 12954 9677 3277 691 361 330 270
internal_count=14227 961 13266 312 12954 9677 3277 691 361 330 270
is_linear=0
shrinkage=0.025


Tree=49
num_leaves=10
num_cat=0
split_feature=40 13 41 31 4 34 31 31 40
split_gain=6.01662 6.23242 4.98821 5.19705 5.7172 3.70513 1.5264 1.93009 1.04819
threshold=1.4629510045051577 -0.13794340193271634 0.71101671457290661 2.1341483592987065 0.45106977224349981 0.14312935620546344 0.4106262475252152 0.30893728137016302 0.96247589588165294
decision_type=2 2 2 2 2 2 2 2 2
left_child=2 -2 3 5 -5 -1 7 -4 -8
right_child=1 -3 6 4 -6 -7 8 -9 -10
leaf_value=6.1190265656318712e-06 -0.00032869286728343431 -0.00351159736698246 0.00096751002019025863 -0.003965252619128154 -0.0011084467950220247 0.0055665196759182691 0.0054147978036720792 -0.0013728925698168173 0.0017960356462626663
leaf_weight=8051 215 120 1207 247 1106 980 561 286 1572
leaf_count=8051 215 120 1207 247 1106 980 561 286 1572
internal_value=0.000178136 -0.00310662 0.000258206 -2.00933e-05 -0.00146263 0.000196022 0.00105584 0.000434746 0.00148562
internal_weight=14345 335 14010 10384 1353 9031 3626 1493 2133
internal_count=14345 335 14010 10384 1353 9031 3626 1493 2133
is_linear=0
shrinkage=0.025


Tree=50
num_leaves=9
num_cat=0
split_feature=5 34 38 31 36 13 30 33
split_gain=5.5942 4.79121 7.90615 7.09494 4.59178 0.681212 0.625968 0.562929
threshold=1.7137365937232973 0.14428272098302844 -0.018733770586550232 1.7934207916259768 -0.17408153414726255 -0.16578441858291623 -0.14871490746736524 0.0029563290299847726
decision_type=2 2 2 2 2 2 2 2
left_child=1 2 4 -4 -1 6 -3 -7
right_child=-2 5 3 -5 -6 7 -8 -9
leaf_value=-0.0015277624598497462 -0.0035870439251786158 0.0033109430626606395 -0.00056987066841503804 -0.0032727748890254097 0.00091709908525479812 0.0023337204211598714 -0.00056576117962285437 0.0070661367186429271
leaf_weight=1028 158 137 2379 694 8293 381 245 905
leaf_count=1028 158 137 2379 694 8293 381 245 905
internal_value=0.000163005 0.000216731 4.66772e-05 -0.00105141 0.000409742 0.00147265 0.000513566 0.00174961
internal_weight=14220 14062 12394 3073 9321 1668 382 1286
internal_count=14220 14062 12394 3073 9321 1668 382 1286
is_linear=0
shrinkage=0.025


Tree=51
num_leaves=10
num_cat=0
split_feature=40 17 5 30 34 13 40 9 39
split_gain=5.52718 5.17707 4.64959 3.93935 4.17043 2.46163 1.79191 1.74057 0.896501
threshold=1.3243254423141482 0.46937561035156256 1.7137365937232973 -0.4452506154775619 0.14428272098302844 -0.1293874382972717 1.4848831892013552 0.023471873253583912 1.477417588233948
decision_type=2 2 2 2 2 2 2 2 2
left_child=2 6 3 7 -5 -3 8 -1 -2
right_child=1 5 -4 4 -6 -7 -8 -9 -10
leaf_value=0.00054717444900918356 0.00043854274994359989 -0.004399015311814621 -0.0033169896087639054 -6.4416143027484958e-05 0.0038726342034892981 -0.0067904023294771028 -0.0012582669080110666 0.0035099055175872281 -0.00056558874028618024
leaf_weight=790 340 149 167 9136 1415 134 212 1759 152
leaf_count=790 340 149 167 9136 1415 134 212 1759 152
internal_value=0.000159811 -0.00163936 0.000294699 0.000348627 0.000134639 -0.00446615 -0.000470733 0.00122993 0.000349598
internal_weight=14254 987 13267 13100 10551 283 704 2549 492
internal_count=14254 987 13267 13100 10551 283 704 2549 492
is_linear=0
shrinkage=0.025


Tree=52
num_leaves=12
num_cat=0
split_feature=40 31 30 14 35 8 13 21 11 38 7
split_gain=4.65163 4.46384 4.20519 3.93861 3.08354 2.5497 2.30254 2.51019 1.74685 1.92829 0.294022
threshold=1.3337206840515139 1.7457486987113955 -0.41413727402687067 0.094827588647604003 0.041358979418873794 0.019662261940538887 -0.373097613453865 59.320049285888679 0.018249534070491794 -0.18329793959856031 -0.0079497010447084886
decision_type=2 2 2 2 2 2 2 2 2 2 2
left_child=2 6 8 5 -5 -4 -2 -8 9 -1 -10
right_child=1 -3 3 4 -6 -7 7 -9 10 -11 -12
leaf_value=-0.0026767188023077708 0.00059612111816490518 -0.006414717987735007 0.00072080151452918193 0.0011352610838914416 -0.00020445982452889884 -0.0026279793703554836 -0.0017401594644548613 0.00020559986342846942 0.0022460251710199556 0.0024011215673351372 0.0032205849319657275
leaf_weight=179 232 133 250 3493 6276 562 335 232 604 768 1208
leaf_count=179 232 133 250 3493 6276 562 335 232 604 768 1208
internal_value=0.000166264 -0.00153549 0.000286156 5.86861e-05 0.000198614 -0.00160802 -0.000803793 -0.00166302 0.00115458 0.000274422 0.00160911
internal_weight=14272 932 13340 10581 9769 812 799 567 2759 947 1812
internal_count=14272 932 13340 10581 9769 812 799 567 2759 947 1812
is_linear=0
shrinkage=0.025


Tree=53
num_leaves=9
num_cat=0
split_feature=40 13 31 20 4 35 3 45
split_gain=4.71171 5.48354 4.10758 4.45511 3.54747 4.79247 3.29229 2.46696
threshold=1.4629510045051577 -0.13402400165796277 2.3361346721649174 0.33461377024650579 0.12535241991281512 0.098258756101131453 0.61926814913749706 0.99137932062149059
decision_type=2 2 2 2 2 2 2 2
left_child=2 -2 4 -4 5 -1 -6 -5
right_child=1 -3 3 7 6 -7 -8 -9
leaf_value=0.00056663104538206188 -0.00013302833497970111 -0.0033981717981144254 -0.0044783636149923704 -0.0001383571875293501 0.0014149630571847428 -0.0015466192317910212 -0.0036762412147082718 -0.0030740411992467125
leaf_weight=3905 205 129 132 984 6571 2075 137 149
leaf_count=3905 205 129 132 984 6571 2075 137 149
internal_value=0.000156469 -0.00275442 0.000227558 -0.00112697 0.000363488 -7.83207e-05 0.000758044 -0.000603032
internal_weight=14287 334 13953 1265 12688 5980 6708 1133
internal_count=14287 334 13953 1265 12688 5980 6708 1133
is_linear=0
shrinkage=0.025


Tree=54
num_leaves=10
num_cat=0
split_feature=40 5 13 4 35 31 41 13 9
split_gain=4.60506 4.34871 4.26471 3.38596 5.43746 3.94467 3.2764 3.02518 0.647332
threshold=1.3190979957580569 1.7137365937232973 -0.37667246162891382 0.12755934149026874 0.099443349987268462 0.97779271006584179 0.75969961285591137 -0.10157609358429907 0.027189373970031742
decision_type=2 2 2 2 2 2 2 2 2
left_child=1 3 8 4 -1 -5 7 -4 -2
right_child=2 -3 6 5 -6 -7 -8 -9 -10
leaf_value=0.00071414141397094363 0.0042242221720823229 -0.003290088191196491 -0.0019808713296830343 0.0028467198620650575 -0.0018057586083675731 0.00033733012138566703 0.00026849721198281886 -0.0044653839627355708 3.5892347805582262e-05
leaf_weight=3655 137 178 377 2891 1997 4500 226 184 151
leaf_count=3655 137 178 377 2891 1997 4500 226 184 151
internal_value=0.000150951 0.000279469 -0.00141782 0.00033348 -0.000126171 0.000685675 -0.002369 -0.0033856 0.00115614
internal_weight=14296 13221 1075 13043 5652 7391 787 561 288
internal_count=14296 13221 1075 13043 5652 7391 787 561 288
is_linear=0
shrinkage=0.025


Tree=55
num_leaves=15
num_cat=0
split_feature=30 10 37 24 9 41 38 35 9 41 3 37 38 3
split_gain=4.90459 5.06444 5.4869 3.84341 3.3357 3.12224 2.66957 2.47183 1.56268 1.94798 1.58152 1.54786 1.375 0.978077
threshold=-0.35567337274551386 0.024268182925879959 0.024928314611315731 19.32110691070557 0.018544622696936134 0.69376403093338024 -0.10303508490324019 0.098258756101131453 0.023627135902643207 0.54344412684440624 -0.0053583846893161527 0.011546375229954721 -0.13599416613578794 0.002904320834204555
decision_type=2 2 2 2 2 2 2 2 2 2 2 2 2 2
left_child=8 3 5 4 -2 -3 -4 -5 11 10 -10 -1 -13 -11
right_child=1 2 6 7 -6 -7 -8 -9 9 13 -12 12 -14 -15
leaf_value=0.0018697507346054584 0.0028789671808471949 -0.0030083379278764018 0.0039343201855855017 0.0015009604181317913 -0.0016758654341806807 0.00024630209544463543 -0.0040032095182250954 0.00011888856552607693 0.0021423911798472725 0.0015649798855664789 -0.0023928295141326518 -0.0018267660748199598 0.00076881683773219044 0.0059613388914770979
leaf_weight=526 465 722 484 2516 1950 145 193 4439 179 931 175 198 383 882
leaf_count=526 465 722 484 2516 1950 145 193 4439 179 931 175 198 383 882
internal_value=0.000136599 -0.00011757 -0.00144206 0.000100667 -0.000756715 -0.00275373 0.000236437 0.000399605 0.000984675 0.00137488 -0.000302925 0.000212455 -0.000667662 0.00170586
internal_weight=14188 10914 1544 9370 2415 867 677 6955 3274 2167 354 1107 581 1813
internal_count=14188 10914 1544 9370 2415 867 677 6955 3274 2167 354 1107 581 1813
is_linear=0
shrinkage=0.025


Tree=56
num_leaves=13
num_cat=0
split_feature=36 38 36 31 24 41 38 36 43 9 44 29
split_gain=4.35286 5.05306 6.19039 8.17309 4.57206 3.30676 2.93338 2.64824 2.31605 2.14088 2.53632 0.666121
threshold=-0.17408153414726255 -0.04911589436233043 0.29328395426273351 2.0802404880523686 18.674987792968754 0.42767356336116796 -0.28387068212032313 -0.04101168364286422 -0.14612916857004163 0.021635661832988266 0.022385532036423687 0.052463449537754066
decision_type=2 2 2 2 2 2 2 2 2 2 2 2
left_child=6 5 3 -3 -4 7 11 -2 -7 -8 -11 -1
right_child=1 2 4 -5 -6 8 9 -9 -10 10 -12 -13
leaf_value=0.0029621693681343387 0.0027438259374239233 -0.0010822430994526205 -0.001676835103620001 -0.0036828933206155471 0.001411781970548561 0.00020541739146149652 -0.0058526960831003514 -0.0018253002290219665 0.0025490560324195944 -1.6590076758905156e-05 -0.0046298624458950685 -0.00059841483755184875
leaf_weight=179 298 2192 538 301 3081 1786 121 787 4246 329 261 129
leaf_count=179 298 2192 538 301 3081 1786 121 787 4246 329 261 129
internal_value=0.000157072 0.000278922 -0.000247466 -0.00120546 0.000411493 0.000731712 -0.00141235 -0.000533257 0.000960535 -0.00229225 -0.00162815 0.000603035
internal_weight=14248 13229 6112 2493 3619 7117 1019 1085 6032 711 590 308
internal_count=14248 13229 6112 2493 3619 7117 1019 1085 6032 711 590 308
is_linear=0
shrinkage=0.025


Tree=57
num_leaves=12
num_cat=0
split_feature=30 9 34 38 9 26 41 3 40 12 47
split_gain=4.7979 4.33579 4.82502 6.44098 1.43276 1.23301 1.03393 0.98371 0.964098 0.822789 0.820465
threshold=-0.43320420384407038 0.014917381573468448 0.17045219987630847 -0.018733770586550232 0.023471873253583912 0.023373313248157505 0.54344412684440624 0.046037055552005775 1.266490161418915 -0.081010788679122911 0.38114453852176672
decision_type=2 2 2 2 2 2 2 2 2 2 2
left_child=4 -2 3 -3 5 10 7 -6 -8 -4 -1
right_child=1 2 9 -5 6 -7 8 -9 -10 -11 -12
leaf_value=0.00029282096468113218 0.0045049015258417854 0.00015652861269900998 -0.00018910978800104424 -0.0017194752219715276 0.0022158521778525304 -0.0017171474276149576 0.0043664759105035622 -0.0016793398120712073 -0.00020521752411581872 0.0064804502483210864 0.0033154519637739969
leaf_weight=553 469 7071 130 3153 194 133 1431 120 152 736 179
leaf_count=553 469 7071 130 3153 194 133 1431 120 152 736 179
internal_value=0.000184717 -3.85895e-05 -0.000139139 -0.000291695 0.0011199 0.000265805 0.00150434 0.000168495 0.00176401 0.0016461 0.00067673
internal_weight=14321 11559 11090 10224 2762 865 1897 314 1583 866 732
internal_count=14321 11559 11090 10224 2762 865 1897 314 1583 866 732
is_linear=0
shrinkage=0.025


Tree=58
num_leaves=13
num_cat=0
split_feature=40 30 13 34 44 5 13 34 40 48 13 9
split_gain=5.16283 4.42121 4.36172 4.07328 4.89424 3.0345 1.60546 3.03703 1.55346 1.36214 0.757915 0.705704
threshold=1.3337206840515139 -0.42335294187068934 -0.11769961938261984 0.17045219987630847 0.015035796444863083 0.5025261938571931 -0.38387258350849146 -0.0046898270957171908 0.74253234267234813 0.18103448301553729 -0.19238048046827314 0.023314581252634529
decision_type=2 2 2 2 2 2 2 2 2 2 2 2
left_child=1 8 6 4 -3 -4 -2 -8 9 -1 -5 -10
right_child=2 3 5 10 -6 -7 7 -9 11 -11 -12 -13
leaf_value=0.0010911824163370204 0.00074968763555185948 0.0018375337748334658 -0.0011201849176586266 -0.00020493887607876086 -0.00053150692828251255 -0.0060993106322330334 -0.0020588314260107468 0.00038270212946176792 0.0011455232949268048 -0.0022580441267151751 0.0062807655011139878 0.0034241787173175681
leaf_weight=186 198 1790 141 124 8024 126 217 261 628 236 726 1627
leaf_count=186 198 1790 141 124 8024 126 217 261 628 236 726 1627
internal_value=0.000134982 0.00026197 -0.00164689 3.31569e-05 -0.000110373 -0.00432445 -0.000556167 -0.00134317 0.00116937 -0.000207845 0.0016886 0.00142976
internal_weight=14284 13341 943 10664 9814 267 676 478 2677 422 850 2255
internal_count=14284 13341 943 10664 9814 267 676 478 2677 422 850 2255
is_linear=0
shrinkage=0.025


Tree=59
num_leaves=12
num_cat=0
split_feature=30 5 36 35 48 38 12 13 3 36 5
split_gain=4.56722 3.66495 3.78671 4.87189 1.84777 1.51353 1.36133 0.593427 0.460967 1.49465 0.194853
threshold=-0.58456766605377186 1.7137365937232973 -0.22456060349941251 0.037485226988792426 0.54310345649719249 -0.19337134063243863 -0.1922541335225105 -0.37667246162891382 -0.014111356344074009 0.31346818804740911 0.82285255193710338
decision_type=2 2 2 2 2 2 2 2 2 2 2
left_child=5 2 4 -4 -2 6 7 -1 9 -7 -10
right_child=1 -3 3 -5 -6 8 -8 -9 10 -11 -12
leaf_value=0.0040032557999996046 -0.0022418223391045644 -0.0029457023968048773 0.0010641318378742891 -0.00042023302688663279 -0.0057331078849254345 0.0037661027159181688 -0.00084139626746668932 1.4317104777484527e-05 0.0048382647189882623 -0.001352656842523848 0.0019589432405618529
leaf_weight=169 264 148 3967 7672 163 554 220 134 682 120 121
leaf_count=169 264 148 3967 7672 163 554 220 134 682 120 121
internal_value=0.000112789 -6.82338e-05 -1.89503e-05 6.58065e-05 -0.00231771 0.00121883 4.9716e-05 0.00114042 0.00162702 0.00111009 0.00204363
internal_weight=14214 12214 12066 11639 427 2000 523 303 1477 674 803
internal_count=14214 12214 12066 11639 427 2000 523 303 1477 674 803
is_linear=0
shrinkage=0.025


Tree=60
num_leaves=10
num_cat=0
split_feature=45 34 38 12 47 38 9 47 38
split_gain=4.57513 3.99802 8.13429 7.7584 3.59765 3.33467 0.6 0.687749 0.158614
threshold=0.99137932062149059 0.17045219987630847 -0.019439239054918286 -0.12752406299114225 0.93360236287117015 -0.19103229045867917 0.031729739159345634 0.71515038609504711 -0.0086859711445867998
decision_type=2 2 2 2 2 2 2 2 2
left_child=1 2 5 -4 -2 -1 8 -8 -3
right_child=4 6 3 -5 -6 -7 7 -9 -10
leaf_value=-0.00039963569857620835 -0.00011316605171959258 0.0019001145528196332 -0.0033612762213510055 -0.00092240904138800827 -0.0056880462352117914 0.0010612716472233293 -0.00031589065244720703 0.005424176062098514 0.01016265947748559
leaf_weight=2559 127 120 385 3190 122 6913 138 208 510
leaf_count=2559 127 120 385 3190 122 6913 138 208 510
internal_value=9.09681e-05 0.000151572 3.53395e-05 -0.000979399 -0.00323327 0.000419305 0.00169088 0.000808405 0.00215551
internal_weight=14272 14023 13047 3575 249 9472 976 346 630
internal_count=14272 14023 13047 3575 249 9472 976 346 630
is_linear=0
shrinkage=0.025


Tree=61
num_leaves=9
num_cat=0
split_feature=46 34 38 12 38 13 35 38
split_gain=4.63607 3.93958 6.21456 5.29984 3.6019 1.81837 0.966294 0.252638
threshold=0.99137932062149059 0.17045219987630847 -0.018733770586550232 -0.15582294762134549 -0.19103229045867917 -0.089623607695102678 0.41866117715835577 -0.0086859711445867998
decision_type=2 2 2 2 2 2 2 2
left_child=1 2 4 -4 -1 -2 7 -3
right_child=5 6 3 -5 -6 -7 -8 -9
leaf_value=-0.00052592924447597631 -0.0045019335065053746 0.0021571990538334375 -0.0030439082068654064 -0.00082904452878528468 0.0011115665840038063 -0.0020196060266866734 -0.00030117740264023882 0.010271614996305536
leaf_weight=2571 132 246 253 3294 6932 122 149 592
leaf_count=2571 132 246 253 3294 6932 122 149 592
internal_value=9.41698e-05 0.000155694 3.97358e-05 -0.000851985 0.000373501 -0.00321911 0.00167465 0.00200326
internal_weight=14291 14037 13050 3547 9503 254 987 838
internal_count=14291 14037 13050 3547 9503 254 987 838
is_linear=0
shrinkage=0.025


Tree=62
num_leaves=11
num_cat=0
split_feature=34 35 36 5 36 36 13 35 13 31
split_gain=4.43236 5.41411 8.93572 10.4924 5.68707 5.77462 4.12637 1.14637 0.787971 0.489255
threshold=0.14204169809818271 0.064379703253507628 0.28765527904033666 1.0453504323959353 0.49031095206737524 -0.15085972100496289 -0.295690968632698 0.43895612657070165 -0.27366895973682398 2.4170376062393193
decision_type=2 2 2 2 2 2 2 2 2 2
left_child=1 4 3 -3 5 -1 -4 8 -2 -10
right_child=7 2 6 -5 -6 -7 -8 -9 9 -11
leaf_value=-0.001048179475721946 0.0002405131158559751 -0.001352683025999232 -0.0025208675970697075 -0.0048032582359892858 -0.0033411727214790882 0.0017099398501332281 0.0010277832640798866 -0.0013797933595873144 0.0056625545349612639 0.0032471153060859557
leaf_weight=1138 176 2636 196 228 148 4892 3179 177 1244 208
leaf_count=1138 176 2636 196 228 148 4892 3179 177 1244 208
internal_value=0.000159819 -8.15077e-06 -0.000527907 -0.00155411 0.000515729 0.00063691 0.000342086 0.00131561 0.00152404 0.001715
internal_weight=14222 12417 6239 2864 6178 6030 3375 1805 1628 1452
internal_count=14222 12417 6239 2864 6178 6030 3375 1805 1628 1452
is_linear=0
shrinkage=0.025


Tree=63
num_leaves=10
num_cat=0
split_feature=40 5 13 17 40 46 37 17 40
split_gain=5.60735 5.07478 4.12474 3.39673 3.29579 3.80149 3.09656 1.71327 2.38066
threshold=1.3337206840515139 1.7137365937232973 -0.11769961938261984 0.45252421498298651 0.72273260354995739 0.82607382535934459 0.0096004037186503428 -0.38895161449909205 1.3723526000976565
decision_type=2 2 2 2 2 2 2 2 2
left_child=1 4 7 -4 5 -1 -6 -2 -9
right_child=2 -3 3 -5 6 -7 -8 8 -10
leaf_value=1.6208139350049425e-05 0.0017601950143300172 -0.0027560375577722826 -0.0010401489444180386 -0.0062982242584986737 0.0024025897660077651 -0.0035923319091607335 0.00048655904886055136 -0.0040915640296397193 -0.00031065106428323965
leaf_weight=1577 167 165 153 120 2276 473 8835 130 386
leaf_count=1577 167 165 153 120 2276 473 8835 130 386
internal_value=0.000148649 0.000281956 -0.00169485 -0.00426709 0.000337707 -0.0005809 0.000507939 -0.000634084 -0.00135077
internal_weight=14282 13326 956 273 13161 2050 11111 683 516
internal_count=14282 13326 956 273 13161 2050 11111 683 516
is_linear=0
shrinkage=0.025


Tree=64
num_leaves=15
num_cat=0
split_feature=31 4 35 35 4 38 46 43 12 44 31 34 17 25
split_gain=3.4716 3.99674 5.66255 6.37947 3.92525 3.37753 3.21525 3.15725 3.06107 1.80891 1.71447 1.28026 1.25959 1.16188
threshold=2.164859533309937 0.55557009577751171 0.115712758153677 0.22544828057289126 0.2055376470088959 -0.030819762498140332 0.82607382535934459 0.2061853110790253 -0.15809281170368192 0.029569928534328941 0.91667494177818309 0.093688186258077635 1.4222589731216433 12.388812541961672
decision_type=2 2 2 2 2 2 2 2 2 2 2 2 2 2
left_child=4 2 -2 -4 5 6 -1 10 -7 13 -6 -9 -11 -3
right_child=1 9 3 -5 7 8 -8 11 -10 12 -12 -13 -14 -15
leaf_value=0.00054320315861317373 0.00205450372927682 0.0041978684695895335 -0.0051358542285488583 -0.00258784326662196 0.0036052732371627833 -0.0032207642197053148 -0.002176228996790939 -0.00037547618813156932 -0.00067464199722015088 -0.00087930078863937577 0.0015085767066732518 0.0016536243034102624 -0.0021760087883615181 -0.00030265873952014778
leaf_weight=5021 121 235 174 149 1456 184 515 1426 1788 332 1879 423 169 360
leaf_count=5021 121 235 174 149 1456 184 515 1426 1788 332 1879 423 169 360
internal_value=0.000135123 -0.00098301 -0.00297049 -0.00468369 0.000271619 -9.30054e-05 0.000222658 0.000800491 -0.000980652 -0.000162352 0.00125936 -2.4946e-05 -0.00126729 0.000760417
internal_weight=14232 1540 444 323 12692 7508 5536 5184 1972 1096 3335 1849 501 595
internal_count=14232 1540 444 323 12692 7508 5536 5184 1972 1096 3335 1849 501 595
is_linear=0
shrinkage=0.025


Tree=65
num_leaves=8
num_cat=0
split_feature=5 34 38 31 36 15 37
split_gain=4.89719 3.34125 5.30218 5.17166 4.37919 0.997266 0.273155
threshold=1.7137365937232973 0.17045219987630847 -0.019439239054918286 1.3124901056289675 -0.17408153414726255 0.87068966031074535 0.013150686398148538
decision_type=2 2 2 2 2 2 2
left_child=1 2 4 -4 -1 6 -3
right_child=-2 5 3 -5 -6 -7 -8
leaf_value=-0.0012509702419292257 -0.0029219662907080581 0.011196102623430943 -2.5645299867021191e-05 -0.002307732127106958 0.00079842143307966599 -0.00029335725889093398 0.0028399243671669173
leaf_weight=1036 168 493 2291 1315 8500 157 302
leaf_count=1036 168 493 2291 1315 8500 157 302
internal_value=0.000140096 0.000191769 8.73774e-05 -0.000727984 0.000396578 0.00161834 0.00197656
internal_weight=14262 14094 13142 3606 9536 952 795
internal_count=14262 14094 13142 3606 9536 952 795
is_linear=0
shrinkage=0.025


Tree=66
num_leaves=8
num_cat=0
split_feature=5 40 46 30 16 36 40
split_gain=4.66949 4.1353 4.48147 4.2098 3.24149 2.30035 1.61641
threshold=1.7137365937232973 1.3190979957580569 0.28690260648727423 -0.60809463262557972 0.024106965400278572 0.31840151548385626 0.7297625243663789
decision_type=2 2 2 2 2 2 2
left_child=1 3 -3 6 -5 -4 -1
right_child=-2 2 5 4 -6 -7 -8
leaf_value=-0.00042617248658208544 -0.0028354612446764454 0.0016272519794022608 -0.00097170663368185875 -0.00016880104084678757 0.0015609458360328887 -0.0045273162280402238 0.0036517217210736835
leaf_weight=263 172 236 680 8194 3064 146 1479
leaf_count=263 172 236 680 8194 3064 146 1479
internal_value=0.000142478 0.000193627 -0.00130155 0.000316705 0.00013884 -0.00217058 0.00145893
internal_weight=14234 14062 1062 13000 11258 826 1742
internal_count=14234 14062 1062 13000 11258 826 1742
is_linear=0
shrinkage=0.025


Tree=67
num_leaves=12
num_cat=0
split_feature=40 36 4 31 35 41 35 37 10 20 40
split_gain=4.70715 4.51441 3.7279 4.32346 4.13511 4.02715 3.61546 3.27458 2.64849 1.96896 1.54139
threshold=1.3190979957580569 0.35282048583030706 0.12755934149026874 1.0000877380371096 0.11107799410820009 0.74129381775856029 0.037485226988792426 0.016518998891115192 0.023166089318692688 0.11684805899858476 1.4848831892013552
decision_type=2 2 2 2 2 2 2 2 2 2 2
left_child=2 8 4 9 7 -6 -5 -1 10 -4 -2
right_child=1 -3 3 6 5 -7 -8 -9 -10 -11 -12
leaf_value=0.0014492995399406172 0.00037460607186372372 -0.0060049248468880233 0.00056324322675350763 0.0024544043724919898 -0.0023291629159247341 0.0018393841924118767 -0.00041666160969777027 -0.0013203819047152262 -0.0025093502864964984 0.0036749812884797487 -0.0011835703341553192
leaf_weight=2633 527 121 762 1139 1556 291 3440 1173 232 2203 193
leaf_count=2633 527 121 762 1139 1556 291 3440 1173 232 2203 193
internal_value=0.000162434 -0.00142509 0.000292475 0.000656213 -0.000191985 -0.00116158 0.000172611 0.000277814 -0.00082419 0.00139941 -6.03447e-05
internal_weight=14270 1073 13197 7544 5653 1847 4579 3806 952 2965 720
internal_count=14270 1073 13197 7544 5653 1847 4579 3806 952 2965 720
is_linear=0
shrinkage=0.025


Tree=68
num_leaves=11
num_cat=0
split_feature=40 46 36 5 30 37 40 10 13 20
split_gain=4.66297 4.69795 4.56569 3.74937 3.81783 3.19285 1.43204 1.33983 0.899554 1.43249
threshold=1.3190979957580569 0.52911534905433666 0.31840151548385626 1.7137365937232973 -0.60809463262557972 0.0093778399750590342 0.7393348515033723 0.022960451431572441 -0.38051837682723993 0.059724761173129089
decision_type=2 2 2 2 2 2 2 2 2 2
left_child=3 8 7 4 6 -6 -1 -3 -2 -10
right_child=1 2 -4 -5 5 -7 -8 -9 9 -11
leaf_value=-0.00026167376184727323 0.0023494242818826398 -0.00033674412170993102 -0.0064562069036121217 -0.0022153713029520235 0.0018221813370752856 -3.7283859561038702e-05 0.0037319063226951134 -0.0040892100413651138 -0.0013477024303101012 0.00067635542470231846
leaf_weight=277 195 342 128 161 2286 8972 1491 142 126 136
leaf_count=277 195 342 128 161 2286 8972 1491 142 126 136
internal_value=0.000189941 -0.00139316 -0.00281807 0.000319228 0.000367105 0.000196551 0.001446 -0.00165389 0.000511364 -0.00042603
internal_weight=14256 1069 612 13187 13026 11258 1768 484 457 262
internal_count=14256 1069 612 13187 13026 11258 1768 484 457 262
is_linear=0
shrinkage=0.025


Tree=69
num_leaves=10
num_cat=0
split_feature=40 3 41 30 13 35 10 40 13
split_gain=3.93535 4.24762 3.6472 3.60692 3.59213 3.50925 2.47221 1.6475 0.533775
threshold=1.3337206840515139 0.68802121281623851 0.75969961285591137 -0.58456766605377186 -0.1029556095600128 0.22178854793310168 0.015082750935107471 0.74253234267234813 -0.32466749846935267
decision_type=2 2 2 2 2 2 2 2 2
left_child=1 3 4 7 6 -5 -2 -1 -4
right_child=2 -3 8 5 -6 -7 -8 -9 -10
leaf_value=-0.00074747102640601029 0.0018440396120087924 -0.0026507968891184511 0.001031947895407962 -0.00020304233380786813 -0.003912638038863216 0.0015145909571245189 -0.0018136602763777769 0.003438194689984879 -2.6985605513643749e-05
leaf_weight=303 149 202 126 8377 168 2855 309 1545 181
leaf_count=303 149 202 126 8377 168 2855 309 1545 181
internal_value=0.000112957 0.000223809 -0.00145123 0.000280378 -0.0025416 0.000111129 -0.00134719 0.00130262 0.000757212
internal_weight=14215 13282 933 13080 626 11232 458 1848 307
internal_count=14215 13282 933 13080 626 11232 458 1848 307
is_linear=0
shrinkage=0.025


Tree=70
num_leaves=14
num_cat=0
split_feature=30 11 38 24 36 40 46 46 37 46 13 48 20
split_gain=4.49634 4.22955 4.40667 8.22569 3.26064 2.5005 4.79659 1.97781 1.00664 1.11697 1.51133 0.708259 0.0048445
threshold=-0.4452506154775619 0.016213183291256431 -0.04911589436233043 22.069181442260746 -0.17408153414726255 0.67999109625816356 0.80776411294937145 0.23105636239051822 0.027051783166825775 0.20871143788099292 -0.27530163526535029 0.33400586247444158 -0.037144556641578667
decision_type=2 2 2 2 2 2 2 2 2 2 2 2 2
left_child=8 5 4 -4 -3 6 -2 -7 9 11 -11 -1 -10
right_child=1 2 3 -5 -6 7 -8 -9 12 10 -12 -13 -14
leaf_value=0.0017909611609131352 0.00036557288170970816 -0.0020467694288931445 -0.0037900557142718132 -0.00083609963515696151 0.00034423552013512722 -0.0005672621545513882 -0.0060548851717016515 0.0016487840361413542 0.00575861598967237 -0.0005815184445993859 0.0014180273547965891 0.0040448442807203165 0.010467973933268957
leaf_weight=172 571 513 560 1562 3331 1110 187 3667 139 399 1326 402 275
leaf_count=172 571 513 560 1562 3331 1110 187 3667 139 399 1326 402 275
internal_value=0.000162019 -5.35589e-05 -0.000515617 -0.00142866 -8.76842e-06 0.000443367 -0.000883027 0.000655845 0.00107662 0.000864258 0.000538295 0.00181995 0.00221659
internal_weight=14214 11501 5966 2122 3844 5535 758 4777 2713 2299 1725 574 414
internal_count=14214 11501 5966 2122 3844 5535 758 4777 2713 2299 1725 574 414
is_linear=0
shrinkage=0.025


Tree=71
num_leaves=10
num_cat=0
split_feature=40 13 3 4 38 31 41 13 44
split_gain=3.80858 4.41767 4.05939 3.58279 4.94999 2.87908 2.6084 3.36015 0.711695
threshold=1.3243254423141482 -0.36152485013008112 0.68802121281623851 0.12755934149026874 -0.047704154625535004 0.96933308243751537 0.75969961285591137 -0.1029556095600128 0.019756173714995388
decision_type=2 2 2 2 2 2 2 2 2
left_child=2 8 3 4 -1 -5 7 -3 -2
right_child=1 6 -4 5 -6 -7 -8 -9 -10
leaf_value=0.00036314399558981276 0.0012878034393853195 -0.0015241525764524827 -0.0026655770255775042 0.0024068938749594038 -0.0019624680536003414 0.00032603271057127226 -2.2982756317338569e-05 -0.0032941445227070232 -2.2574972713900669e-05
leaf_weight=4080 168 330 213 2922 1638 4463 214 183 129
leaf_count=4080 168 330 213 2922 1638 4463 214 183 129
internal_value=0.000119815 -0.00134475 0.000233372 0.000289995 -0.000178883 0.000653755 -0.00239242 -0.00335183 0.00119619
internal_weight=14340 1024 13316 13103 5718 7385 727 513 297
internal_count=14340 1024 13316 13103 5718 7385 727 513 297
is_linear=0
shrinkage=0.025


Tree=72
num_leaves=9
num_cat=0
split_feature=40 31 3 34 35 34 46 35
split_gain=3.62034 3.86303 3.23749 3.49617 3.20174 1.61603 1.60535 0.940477
threshold=1.3337206840515139 1.7266284227371218 0.68802121281623851 0.14312935620546344 0.037485226988792426 0.090720370411872878 0.25046659260988241 0.41866117715835577
decision_type=2 2 2 2 2 2 2 2
left_child=2 5 3 4 -1 6 -2 -5
right_child=1 -3 -4 7 -6 -7 -8 -9
leaf_value=0.00081728314215659577 0.0013005005021737015 -0.0042386797539499159 -0.0023974156517387346 0.0048436553947520389 -0.00039287247794968921 0.0014885924777438683 -0.00093733375990485653 -0.00067348239996986407
leaf_weight=4904 131 149 213 1495 6526 131 548 183
leaf_count=4904 131 149 213 1495 6526 131 548 183
internal_value=0.000108068 -0.00137059 0.000215462 0.000266053 0.000108767 -0.000667178 -0.00116411 0.00133021
internal_weight=14280 959 13321 13108 11430 810 679 1678
internal_count=14280 959 13321 13108 11430 810 679 1678
is_linear=0
shrinkage=0.025


Tree=73
num_leaves=14
num_cat=0
split_feature=30 11 43 47 9 36 35 31 9 25 20 46 20
split_gain=3.69306 3.72788 4.18352 4.59453 4.51648 2.15101 5.08545 4.92803 0.940739 0.876264 1.37577 0.841498 1.07033
threshold=-0.43320420384407038 0.016213183291256431 -0.33316694200038904 0.38114453852176672 0.034066529944539077 0.29328395426273351 0.096512328833341612 0.44871821999549871 0.023471873253583912 10.592571258544924 -0.032550726085901253 0.20871143788099292 -0.08395198360085486
decision_type=2 2 2 2 2 2 2 2 2 2 2 2 2
left_child=8 5 4 -4 -3 6 -2 -7 9 10 -1 -10 -13
right_child=1 2 3 -5 -6 7 -8 -9 11 -11 -12 12 -14
leaf_value=0.0015007302559224963 0.00238421539547561 -0.0031949477779975063 0.0023168329078635283 -0.00078193704709753401 0.0028254658014192063 -0.0017638681109008758 -0.0012036062087912797 0.0043526040482681043 0.0065299799285974099 0.0026880410901374257 -0.0012860909917421807 -0.00031905149287814074 0.002326080120048285
leaf_weight=338 1839 415 963 4409 146 298 1749 1642 431 236 306 263 1218
leaf_count=338 1839 415 963 4409 146 298 1749 1642 431 236 306 263 1218
internal_value=0.000177181 -2.10404e-05 -0.000456593 -0.000239678 -0.00250221 0.000445283 8.03647e-05 0.00111504 0.000991688 0.000303672 -0.000167565 0.00130347 0.0010069
internal_weight=14253 11461 5933 5372 561 5528 3588 1940 2792 880 644 1912 1481
internal_count=14253 11461 5933 5372 561 5528 3588 1940 2792 880 644 1912 1481
is_linear=0
shrinkage=0.025


Tree=74
num_leaves=15
num_cat=0
split_feature=30 11 41 24 36 31 37 29 9 38 41 13 40 41
split_gain=3.55107 3.67506 4.22047 3.52052 2.7319 4.02807 3.84579 2.71357 1.24424 1.39984 1.38308 0.777335 0.624775 0.635225
threshold=-0.5075620412826537 0.016268628649413589 0.69376403093338024 22.470510482788089 0.29328395426273351 0.44871821999549871 0.0092449728399515169 0.067295126616954817 0.025037168525159362 -0.15436717122793195 0.67520955204963695 -0.31417815387248987 1.266490161418915 0.6198248863220216
decision_type=2 2 2 2 2 2 2 2 2 2 2 2 2 2
left_child=8 4 3 -3 6 -6 -2 -4 9 11 -11 -1 13 -10
right_child=1 2 7 -5 5 -7 -8 -9 12 10 -12 -13 -14 -15
leaf_value=3.9813030337017884e-05 0.0025242118884170293 -0.0020754967627959219 -0.00020083915677832146 -0.00036943595282702192 -0.0016323833808124925 0.0041106514000737544 -0.00074440748369740666 0.002503081426534303 0.0011556845288713809 0.0044284712095428568 -0.00010519469229010607 -0.0025384660488663542 -6.7581089104147497e-05 0.0041911201456652598
leaf_weight=127 1124 1635 1276 2419 311 1683 2624 843 359 331 380 123 133 953
leaf_count=127 1124 1635 1276 2419 311 1683 2624 843 359 331 380 123 133 953
internal_value=0.000165521 -1.10108e-05 -0.000434809 -0.000907551 0.000443492 0.00118997 4.36319e-05 0.00046669 0.00104054 0.000332557 0.000902584 -0.00125 0.00150431 0.00166951
internal_weight=14321 11915 6173 4054 5742 1994 3748 2119 2406 961 711 250 1445 1312
internal_count=14321 11915 6173 4054 5742 1994 3748 2119 2406 961 711 250 1445 1312
is_linear=0
shrinkage=0.025


Tree=75
num_leaves=9
num_cat=0
split_feature=3 34 30 35 9 13 39 9
split_gain=3.6232 3.62729 3.76478 4.85694 1.619 1.08704 0.946108 0.490822
threshold=0.68802121281623851 0.14204169809818271 -0.35567337274551386 0.099443349987268462 0.023627135902643207 -0.18704599142074582 1.095606863498688 0.032356474548578269
decision_type=2 2 2 2 2 2 2 2
left_child=1 2 4 -4 -1 6 -3 -7
right_child=-2 5 3 -5 -6 7 -8 -9
leaf_value=1.3932275972957016e-05 -0.0024399842748770049 -0.0018981437566796483 0.000368867902111776 -0.0011416706886920147 0.0018695305659478482 0.0056908850604165759 0.0047639890033531812 0.0021067936494615067
leaf_weight=1044 218 228 4858 4428 1956 1080 134 351
leaf_count=1044 218 228 4858 4428 1956 1080 134 351
internal_value=0.000138879 0.000189311 3.52901e-05 -0.000212975 0.000804909 0.00123818 0 0.00154683
internal_weight=14297 14079 12286 9286 3000 1793 362 1431
internal_count=14297 14079 12286 9286 3000 1793 362 1431
is_linear=0
shrinkage=0.025


Tree=76
num_leaves=12
num_cat=0
split_feature=36 35 35 5 35 36 36 17 13 17 29
split_gain=3.4858 4.14516 6.54509 7.33573 3.40715 3.21009 2.47186 1.47098 1.44404 1.36521 1.06372
threshold=-0.17408153414726255 0.037485226988792426 0.20384284108877185 0.98164770007133495 -0.13077270984649655 0.10426279157400133 0.47109559178352362 0.17249625176191333 -0.29968672990798945 0.58281221985816967 0.050355654209852226
decision_type=2 2 2 2 2 2 2 2 2 2 2
left_child=4 6 3 -3 8 -4 9 10 -1 -2 -6
right_child=1 2 5 -5 7 -7 -8 -9 -10 -11 -12
leaf_value=-0.0062352142155876712 0.00079247246562714243 -0.00036628145060914091 -0.0022715098946908727 -0.0032668816727266913 0.0011169503386189109 0.0013186570181075729 -0.001345519752486532 -0.0035111617594187588 -0.0039010483194574647 0.0037671798029629694 -0.0011075659363910697
leaf_weight=120 3040 4386 131 561 356 3777 134 147 121 1335 270
leaf_count=120 3040 4386 131 561 356 3777 134 147 121 1335 270
internal_value=0.0001487 0.00025647 -5.71387e-05 -0.000661601 -0.00125981 0.0007063 0.000873117 -0.000432198 -0.00382622 0.000977454 9.31063e-05
internal_weight=14378 13364 8855 4947 1014 3908 4509 773 241 4375 626
internal_count=14378 13364 8855 4947 1014 3908 4509 773 241 4375 626
is_linear=0
shrinkage=0.025


Tree=77
num_leaves=13
num_cat=0
split_feature=30 45 44 45 35 11 39 9 25 13 17 36
split_gain=3.45628 3.96529 3.48398 3.218 3.07342 1.97462 2.62894 1.21996 1.46445 0.938235 0.918961 0.581981
threshold=-0.58456766605377186 0.057776963338255889 0.027284160256385807 0.99137932062149059 0.20384284108877185 0.016398426145315174 1.0312064290046694 0.023471873253583912 5.4156882762908944 -0.20605760067701337 0.83038461208343517 0.020524694584310058
decision_type=2 2 2 2 2 2 2 2 2 2 2 2
left_child=7 5 4 -4 -3 -2 -7 8 9 -1 11 -9
right_child=1 2 3 -5 -6 6 -8 10 -10 -11 -12 -13
leaf_value=0.00030394702753117861 -0.0002237770551259206 4.3558764287545949e-05 -0.00076666916109383238 -0.0035335649235588764 0.0018325492359229933 -0.0037669519926604163 -0.0014631138184020053 0.00058423922428439321 0.0029048931074284077 -0.0025317092437355149 -0.00046161977074199917 0.0042722084272227012
leaf_weight=218 203 6995 2099 167 2426 149 204 363 207 162 122 925
leaf_count=218 203 6995 2099 167 2426 149 204 363 207 162 122 925
internal_value=0.000154001 -2.95957e-06 9.50437e-05 -0.000783245 0.000307262 -0.0020566 -0.00317388 0.00111701 0.000145693 -0.000762987 0.00151502 0.0017121
internal_weight=14240 12243 11687 2266 9421 556 353 1997 587 380 1410 1288
internal_count=14240 12243 11687 2266 9421 556 353 1997 587 380 1410 1288
is_linear=0
shrinkage=0.025


Tree=78
num_leaves=13
num_cat=0
split_feature=40 13 30 45 5 37 10 12 40 24 40 47
split_gain=3.71128 4.13707 2.99862 3.01594 2.78688 2.69937 2.16123 1.9363 1.41127 0.914119 0.810276 0.36197
threshold=1.3337206840515139 -0.1029556095600128 -0.65665772557258595 0.057776963338255889 0.4621590524911881 0.0093778399750590342 0.022960451431572441 -0.22967632859945294 0.74253234267234813 17.652896881103519 0.66436123847961437 0.14343360066413882
decision_type=2 2 2 2 2 2 2 2 2 2 2 2
left_child=2 6 8 7 -3 -5 9 -4 10 -2 -1 -10
right_child=1 4 3 5 -6 -7 -8 -9 11 -11 -12 -13
leaf_value=0.00093563719484778679 -0.0011541032692917402 -0.00048873906692413829 -0.0035659505179765948 0.0016759893250072495 -0.0056313327893781594 -6.4989448153135299e-05 -0.0017356767881941855 -0.00096283284512608744 0.0013408242801244434 0.00097987187739187551 -0.0019245564894172938 0.0032859877767708943
leaf_weight=123 130 125 166 2224 122 9059 224 384 208 360 138 1098
leaf_count=123 130 125 166 2224 122 9059 224 384 208 360 138 1098
internal_value=8.15294e-05 -0.00141434 0.000189761 5.29018e-05 -0.00417163 0.000141854 -0.000429416 -0.0017455 0.00121581 0.000492424 -0.00043703 0.0015513
internal_weight=14361 961 13400 11833 247 11283 714 550 1567 490 261 1306
internal_count=14361 961 13400 11833 247 11283 714 550 1567 490 261 1306
is_linear=0
shrinkage=0.025


Tree=79
num_leaves=10
num_cat=0
split_feature=37 37 35 35 9 35 31 12 11
split_gain=3.80875 3.33579 3.10438 7.33649 2.56912 0.800463 1.40492 0.599022 0.338549
threshold=0.030502781271934513 0.0081807607784867304 0.22045715898275378 0.10825206711888315 0.031729739159345634 0.12647326290607455 0.35562685132026678 -0.27418565750122065 0.017160355113446716
decision_type=2 2 2 2 2 2 2 2 2
left_child=1 5 3 -3 -4 8 -7 -2 -1
right_child=7 2 4 -5 -6 6 -8 -9 -10
leaf_value=0.0087974988054412111 0.0021473139371862085 0.00015612241086154221 0.0025441871351149551 -0.0017401151842682218 -0.00073855605782196176 -0.001768982245685103 0.0013912225314848979 0.0062827556069593024 0.0013995782761510311
leaf_weight=517 231 6360 1973 3097 838 127 576 519 120
leaf_count=517 231 6360 1973 3097 838 127 576 519 120
internal_value=0.000117577 2.12114e-05 -0.000107859 -0.000325116 0.000620117 0.00120353 0.000602048 0.00184603 0.00184774
internal_weight=14358 13608 12268 9457 2811 1340 703 750 637
internal_count=14358 13608 12268 9457 2811 1340 703 750 637
is_linear=0
shrinkage=0.025


Tree=80
num_leaves=15
num_cat=0
split_feature=44 43 31 9 16 5 40 46 30 26 40 46 10 37
split_gain=3.70757 3.21181 2.78125 3.59342 3.63701 2.71123 2.65819 8.29561 2.43459 2.77621 1.97546 1.45093 1.30164 1.38884
threshold=0.0271351607516408 -0.19617359340190885 1.3865473270416262 0.040868623182177551 0.024611592292785648 1.3910860419273379 0.70091482996940624 0.86085903644561779 -0.23523400723934171 0.024144063703715805 1.4629510045051577 0.28690260648727423 0.019963092170655731 0.021218795329332355
decision_type=2 2 2 2 2 2 2 2 2 2 2 2 2 2
left_child=1 8 12 4 -4 -5 7 -3 11 -10 -8 -1 -2 -14
right_child=2 6 3 5 -6 -7 10 -9 9 -11 -12 -13 13 -15
leaf_value=0.0016013791822402726 0.0026949032400488369 0.00082931923871143237 -0.0035537980300703077 0.0018432967030031098 -0.001284605217962805 -0.0017382262520838313 0.0014682198106861694 -0.0061023131103523087 -0.00035016426795024075 -0.0025934073947579835 -0.00061288371638908428 -0.00059534841189592827 -0.001972978322085451 0.0021114164196518923
leaf_weight=792 428 921 589 388 404 130 7597 238 1092 556 237 295 434 208
leaf_count=792 428 921 589 388 404 130 7597 238 1092 556 237 295 434 208
internal_value=0.000182776 0.000371921 -0.000673337 -0.00136296 -0.00224073 0.000313098 0.000600272 -0.000512242 -0.000376369 -0.000982305 0.000765882 0.000536859 0.000296512 -0.000407651
internal_weight=14309 11728 2581 1511 993 518 8993 1159 2735 1648 7834 1087 1070 642
internal_count=14309 11728 2581 1511 993 518 8993 1159 2735 1648 7834 1087 1070 642
is_linear=0
shrinkage=0.025


Tree=81
num_leaves=7
num_cat=0
split_feature=40 3 24 38 5 31
split_gain=3.14863 2.9404 2.95641 2.76881 2.60509 2.09138
threshold=1.4629510045051577 0.73048949241638195 23.755349159240726 -0.066790603101253496 0.047306437045335777 2.3767551183700566
decision_type=2 2 2 2 2 2
left_child=1 2 3 -1 -2 -4
right_child=4 -3 5 -5 -6 -7
leaf_value=0.00032176596406377175 0.00011908367759747777 -0.0025701324298091016 0.00092725975946492004 -0.0011818721354464232 -0.0019712344871755569 -0.0013091760854990961
leaf_weight=3778 141 173 7075 2245 198 793
leaf_count=3778 141 173 7075 2245 198 793
internal_value=0.000119812 0.000177962 0.000219218 -0.00019679 -0.00224201 0.000538391
internal_weight=14403 14064 13891 6023 339 7868
internal_count=14403 14064 13891 6023 339 7868
is_linear=0
shrinkage=0.025


Tree=82
num_leaves=15
num_cat=0
split_feature=38 24 31 36 31 40 12 36 40 39 36 38 7 38
split_gain=3.33471 5.32583 5.28382 4.53246 5.71376 5.19471 3.85752 3.56086 3.63552 6.00521 3.1415 2.60676 1.72897 1.23806
threshold=-0.049880862236022942 18.674987792968754 1.7266284227371218 0.28962449729442602 2.0141876935958867 1.3337206840515139 -0.15169066935777661 -0.16819997131824491 0.48008930683135992 0.52822348475456249 0.46392485499382025 -0.24104673415422437 -0.0040273200720548621 -0.30866937339305872
decision_type=2 2 2 2 2 2 2 2 2 2 2 2 2 2
left_child=7 2 6 4 -3 -5 -2 11 9 -9 -10 13 -13 -1
right_child=1 3 -4 5 -6 -7 -8 8 10 -11 -12 12 -14 -15
leaf_value=0.0031415646298438822 -0.0015317514191320778 -0.00040268044467075653 -0.0050168551011688933 0.0014220267350760914 -0.002919685834232244 -0.0030948669543472904 -0.0007992319023434187 0.0017690034575602734 0.0015832304534141564 -0.008318285898051123 -0.0015813715063447483 -0.0040358539747225967 -0.0020021089234798137 -0.00054759150309919462
leaf_weight=127 120 1760 126 3035 321 136 736 152 6133 133 558 127 230 578
leaf_count=127 120 1760 126 3035 321 136 736 152 6133 133 558 127 230 578
internal_value=0.000103226 -0.000329981 -0.00201494 -1.21266e-05 -0.000918624 0.000581313 -0.00128194 0.000439979 0.00064586 -0.00209052 0.000764822 -0.000903233 -0.00262776 -8.80272e-06
internal_weight=14272 6234 982 5252 2081 3171 856 8038 6976 285 6691 1062 357 705
internal_count=14272 6234 982 5252 2081 3171 856 8038 6976 285 6691 1062 357 705
is_linear=0
shrinkage=0.025


Tree=83
num_leaves=15
num_cat=0
split_feature=30 37 37 35 4 36 40 9 41 46 41 3 38 3
split_gain=3.28862 3.60111 5.10044 7.64565 3.5801 2.13593 2.47892 1.27402 1.55497 2.11709 0.83962 0.763806 0.746793 0.688461
threshold=-0.49713882803916926 0.0093778399750590342 0.010752105154097082 0.12533523142337802 0.062284341081976898 0.016505632549524311 1.3537479043006899 0.023471873253583912 0.67520955204963695 0.26088929176330572 0.54344412684440624 -0.021234775893390175 -0.14381348341703412 0.037075512111186988
decision_type=2 2 2 2 2 2 2 2 2 2 2 2 2 2
left_child=7 5 3 -3 -4 -2 -7 8 12 -10 11 -9 -1 -12
right_child=1 2 4 -5 -6 6 -8 10 9 -11 13 -13 -14 -15
leaf_value=-0.0026024762142647069 0.00672796575421933 2.9366237350909268e-05 -0.00089323211894758994 -0.0039550714751667888 0.00053481919621600055 0.001017621301267187 -0.0016531609990041798 0.0020462457350966584 0.0032671907983770256 -0.0012794854263093458 0.0016877457843089924 -0.0019160202236089897 0.0038209256343986163 0.0057679497744366568
leaf_weight=120 627 685 2500 529 5739 1631 133 152 176 181 837 120 265 584
leaf_count=120 627 685 2500 529 5739 1631 133 152 176 181 837 120 265 584
internal_value=0.000170908 -7.38366e-07 -0.00022058 -0.0017299 1.97122e-06 0.000864462 0.000411956 0.00100666 0.000132196 -0.00103936 0.00138472 8.57402e-05 0.00123397 0.00162781
internal_weight=14279 11844 9453 1214 8239 2391 1764 2435 742 357 1693 272 385 1421
internal_count=14279 11844 9453 1214 8239 2391 1764 2435 742 357 1693 272 385 1421
is_linear=0
shrinkage=0.025


Tree=84
num_leaves=10
num_cat=0
split_feature=40 31 45 5 34 46 4 9 22
split_gain=3.14173 4.54378 3.0103 2.5686 2.76996 2.36721 2.17724 3.13415 1.36907
threshold=1.3243254423141482 1.7934207916259768 0.057776963338255889 1.7137365937232973 0.14204169809818271 0.28690260648727423 -0.12773676961660382 0.026136950589716438 0.69568613171577465
decision_type=2 2 2 2 2 2 2 2 2
left_child=2 5 6 4 -4 -2 7 -1 -7
right_child=1 -3 3 -5 -6 8 -8 -9 -10
leaf_value=0.0011439185889469611 0.0014351679109793078 -0.0049416637557920416 0.00030835867665279473 -0.0019734325384689537 0.0033797704838103323 -0.0010614973072290246 -0.0032903225265134765 -0.0030933040551757206 0.00017757953846910535
leaf_weight=219 215 140 10817 170 1675 412 181 232 251
leaf_count=219 215 140 10817 170 1675 412 181 232 251
internal_value=0.000137861 -0.00119624 0.000240902 0.000325551 0.000367988 -0.000508211 -0.00143446 -0.000474232 -0.00125187
internal_weight=14312 1018 13294 12662 12492 878 632 451 663
internal_count=14312 1018 13294 12662 12492 878 632 451 663
is_linear=0
shrinkage=0.025


Tree=85
num_leaves=12
num_cat=0
split_feature=24 38 31 12 3 5 46 35 35 36 36
split_gain=2.91732 4.31441 7.07343 3.40738 3.38496 2.95778 5.33477 2.85433 5.08492 1.44506 0.649849
threshold=21.962167739868168 -0.047704154625535004 2.1341483592987065 -0.16905969381332395 0.68802121281623851 0.69049313664436351 0.80776411294937145 0.22045715898275378 0.12647326290607455 0.11355558037757875 0.45946973562240606
decision_type=2 2 2 2 2 2 2 2 2 2 2
left_child=1 5 3 -3 7 6 -1 8 -2 -9 -7
right_child=4 2 -4 -5 -6 10 -8 9 -10 -11 -12
leaf_value=0.00018134303507361067 0.00073176441476842315 -0.0030169139153927316 -0.0056359612195697956 -0.0006063403264926294 -0.0021819055047703996 0.0033772472368203093 -0.004730115536374882 -0.00061555885648658976 -0.0011166359572464223 0.0029790033236181731 -0.00014003628141947037
leaf_weight=2570 4169 141 120 1312 221 661 292 154 1887 2591 120
leaf_count=2570 4169 141 120 1312 221 661 292 154 1887 2591 120
internal_value=0.000129099 -0.000340691 -0.00143298 -0.000933642 0.000401435 0.000130551 -0.000240234 0.000479361 0.000174682 0.00114773 0.00149014
internal_weight=14238 5216 1573 1453 9022 3643 2862 8801 6056 2745 781
internal_count=14238 5216 1573 1453 9022 3643 2862 8801 6056 2745 781
is_linear=0
shrinkage=0.025


Tree=86
num_leaves=10
num_cat=0
split_feature=37 31 43 33 3 4 16 26 10
split_gain=2.9921 3.55297 4.01399 2.90724 2.65459 3.25379 2.41086 0.85337 0.0223222
threshold=0.030502781271934513 2.1341483592987065 0.059115456417202956 0.0070089513901621112 0.59569665789604198 0.2055376470088959 0.023244814947247509 0.035290766507387168 0.038507301360368736
decision_type=2 2 2 2 2 2 2 2 2
left_child=1 4 3 -3 5 -1 -4 -2 -9
right_child=7 2 6 -5 -6 -7 -8 8 -10
leaf_value=-7.3565619040275303e-05 0.0004780119896654585 -0.0053693996032806559 -0.0015015122238149639 -0.00072909352070171188 -0.0037762545842570079 0.0013420688789642632 0.0013366988899085044 0.0071123453824709793 0.0070732403242098818
leaf_weight=7195 175 121 636 121 143 4730 595 353 176
leaf_count=7195 175 121 636 121 143 4730 595 353 176
internal_value=0.000149561 6.61635e-05 -0.00109016 -0.00400304 0.000208213 0.000249895 -0.000498584 0.00173307 0.00223081
internal_weight=14245 13541 1473 242 12068 11925 1231 704 529
internal_count=14245 13541 1473 242 12068 11925 1231 704 529
is_linear=0
shrinkage=0.025


Tree=87
num_leaves=14
num_cat=0
split_feature=30 44 3 38 40 9 40 40 47 47 42 40 5
split_gain=3.25254 4.22217 4.27963 8.52426 3.93795 1.21948 1.14059 1.47368 1.04654 0.841582 0.710895 0.513063 0.0869232
threshold=-0.5075620412826537 0.015035796444863083 0.025343060493469242 -0.1009358838200569 1.36194384098053 0.014650776982307436 0.74253234267234813 0.64611038565635692 0.038517974317073829 0.1241746135056019 -0.023000218905508515 1.2620537877082827 -0.058484688401222222
decision_type=2 2 2 2 2 2 2 2 2 2 2 2 2
left_child=6 5 3 -3 -4 12 7 -1 -7 10 -8 -11 -2
right_child=1 2 4 -5 -6 8 9 -9 -10 11 -12 -13 -14
leaf_value=0.001739163952933041 0.0014777567801804814 -0.0001132189253873478 0.00032660905064351824 -0.0029713571800132816 -0.0019046306460365444 -0.0033779894349757716 0.0044185660973935659 -0.0021370956373111933 0.00093180204615605144 0.0030286228641935855 -0.0019496802141690318 1.4543462908523641e-05 0.0049596706411828596
leaf_weight=165 120 2120 6370 1040 337 146 120 201 1498 1532 129 233 291
leaf_count=165 120 2120 6370 1040 337 146 120 201 1498 1532 129 233 291
internal_value=7.67982e-05 -9.12844e-05 -0.000306549 -0.00106438 5.00969e-05 0.0009375 0.000919811 -0.000347035 0.000623863 0.00115342 -0.000182087 0.00134534 0.00215445
internal_weight=14302 11922 9867 3160 6707 2055 2380 366 1644 2014 249 1765 411
internal_count=14302 11922 9867 3160 6707 2055 2380 366 1644 2014 249 1765 411
is_linear=0
shrinkage=0.025


Tree=88
num_leaves=9
num_cat=0
split_feature=3 24 41 44 3 35 31 15
split_gain=3.13914 3.43529 3.02292 2.99569 2.36811 2.06269 3.72172 1.31634
threshold=0.68802121281623851 23.755349159240726 0.51365593075752269 0.01517902920022607 -0.033680971711874001 0.22045715898275378 2.0609356164932255 0.4224137961864472
decision_type=2 2 2 2 2 2 2 2
left_child=1 2 3 -1 -4 6 -3 -7
right_child=-2 5 4 -5 -6 7 -8 -9
leaf_value=0.0037425762391031618 -0.0024309848694507893 0.00051250101592447827 -0.00042816376074958471 -0.0020753885261245502 0.0007475228156419004 0.00071583834771605625 -0.001697000400454024 0.0037948409469102241
leaf_weight=179 225 4844 1912 1496 2538 906 514 1692
leaf_count=179 225 4844 1912 1496 2538 906 514 1692
internal_value=0.000150846 0.000198513 -0.000245718 -0.00114955 9.39956e-05 0.000541232 0.00025895 0.00111938
internal_weight=14306 14081 6125 1675 4450 7956 5358 2598
internal_count=14306 14081 6125 1675 4450 7956 5358 2598
is_linear=0
shrinkage=0.025


Tree=89
num_leaves=13
num_cat=0
split_feature=34 38 31 20 4 36 29 40 37 18 29 43
split_gain=3.04688 5.47448 5.3989 6.20323 3.8304 3.75981 2.4333 2.38002 0.997077 0.631806 0.366088 0.0240541
threshold=0.17045219987630847 -0.017926861532032486 1.2980903387069704 0.5930829942226411 0.19207952916622165 -0.17408153414726255 0.051236473023891456 0.48008930683135992 0.012779302895069124 0.032512826845049865 0.085441272705793395 0.17447976022958758
decision_type=2 2 2 2 2 2 2 2 2 2 2 2
left_child=1 5 4 -4 -3 6 -1 -7 11 -10 -11 -2
right_child=8 2 3 -5 -6 7 -8 -9 9 10 -12 -13
leaf_value=-4.1007482937162126e-05 0.010487149440652273 -0.0010975900170746517 -0.0029586072565033054 0.0001299845027089661 0.0017665298688843587 -0.0035064156839991613 -0.0032965628645324875 0.0008390203106579926 -0.00094123023908770356 0.0042778059752334868 0.00080114112471892183 0.0079707964410868238
leaf_weight=589 390 1191 832 547 992 345 436 8338 133 242 122 120
leaf_count=589 390 1191 832 547 992 345 436 8338 133 242 122 120
internal_value=0.000121569 2.02449e-05 -0.000816863 -0.00203848 -3.94195e-05 0.000328297 -0.0010983 0.000497957 0.00144392 0.00062002 0.00116192 0.00222087
internal_weight=14277 13270 3562 1379 2183 9708 1025 8683 1007 497 364 510
internal_count=14277 13270 3562 1379 2183 9708 1025 8683 1007 497 364 510
is_linear=0
shrinkage=0.025


Tree=90
num_leaves=11
num_cat=0
split_feature=34 37 31 43 36 37 26 42 29 43
split_gain=2.8884 3.10647 3.53436 5.49444 3.64131 0.927887 0.711416 0.706407 0.400229 0.0649687
threshold=0.17045219987630847 0.031969474628567703 2.1341483592987065 0.049832191318273551 0.47109559178352362 0.012779302895069124 0.037966012954711921 -0.065181504935026155 0.090762536972761168 0.17447976022958758
decision_type=2 2 2 2 2 2 2 2 2 2
left_child=1 2 4 -4 -1 9 -3 -7 -9 -2
right_child=5 6 3 -5 -6 7 -8 8 -10 -11
leaf_value=0.00019315954342250023 0.010476877783174464 0.00088879372243841348 -0.004640247842576644 -0.0009814243126268329 -0.0026840643619464354 -0.0014972739235418668 0.0074666428300168286 0.0040982344084163668 0.00046564388578217234 0.007476412752778808
leaf_weight=10609 389 195 181 1059 815 147 425 232 121 121
leaf_count=10609 389 195 181 1059 815 147 425 232 121 121
internal_value=8.7681e-05 -1.00646e-05 -9.541e-05 -0.00136044 4.18891e-05 0.00137315 0.00171 0.000581683 0.00119064 0.00212379
internal_weight=14294 13284 12664 1240 11424 1010 620 500 353 510
internal_count=14294 13284 12664 1240 11424 1010 620 500 353 510
is_linear=0
shrinkage=0.025


Tree=91
num_leaves=14
num_cat=0
split_feature=34 37 37 17 9 21 23 3 16 16 30 26 4
split_gain=2.81552 3.18838 3.092 2.99982 1.13694 1.3019 1.19152 1.10391 0.702791 1.43105 0.568174 0.328194 0.0850146
threshold=0.14312935620546344 0.031969474628567703 0.0081807607784867304 -0.5274316370487212 0.029457863420248035 60.870611190795906 0.16738011687994006 0.48109395802021032 0.024139283224940303 0.02272752765566111 0.92963498830795299 0.037966012954711921 0.5136065185070039
decision_type=2 2 2 2 2 2 2 2 2 2 2 2 2
left_child=1 2 10 -4 8 6 -6 -7 9 -2 -1 -3 -13
right_child=4 11 3 -5 5 7 -8 -9 -10 -11 -12 12 -14
leaf_value=0.0019953692047781388 0.0096955584144782104 0.0015800542256643282 0.0030096112751420529 -0.00034180089364253618 -0.0037990593651926353 0.0040980220229075428 0.00078495075462044943 -0.00085670964014338273 0.0082885480236806666 -0.00074195164702132673 -0.00015327956061333479 0.0083609644134213131 0.006299560114313491
leaf_weight=899 263 201 352 10510 138 427 146 141 491 179 120 291 121
leaf_count=899 263 201 352 10510 138 427 146 141 491 179 120 291 121
internal_value=0.000123652 -8.7006e-06 -0.000100223 -0.000224418 0.00105098 0.000377771 -0.000981834 0.00107112 0.00165378 0.000892058 0.00121216 0.0017415 0.00215528
internal_weight=14279 12494 11881 10862 1785 852 284 568 933 442 1019 613 412
internal_count=14279 12494 11881 10862 1785 852 284 568 933 442 1019 613 412
is_linear=0
shrinkage=0.025


Tree=92
num_leaves=11
num_cat=0
split_feature=37 44 45 43 36 29 9 3 27 45
split_gain=2.78554 3.2332 3.10483 2.91449 2.83039 2.44629 2.41578 0.638453 0.67742 0.0232981
threshold=0.030502781271934513 0.027284160256385807 0.99137932062149059 -0.19617359340190885 0.28962449729442602 0.053705973550677306 0.040868623182177551 -0.081761568784713731 0.0022191412281244998 0.45689655840396887
decision_type=2 2 2 2 2 2 2 2 2 2
left_child=1 3 6 5 -5 -1 -3 8 -2 -9
right_child=7 2 -4 4 -6 -7 -8 9 -10 -11
leaf_value=-1.1090243230492344e-05 -0.00036382659754337961 -0.001642848323467901 -0.0044428486553771364 7.9339266049038588e-05 0.0026055154864103938 -0.0021145978618157834 0.0012753824239097611 0.0030793449996875735 0.006377127950431165 0.0080619448023019832
leaf_weight=1797 146 1592 172 5776 2848 816 559 165 120 282
leaf_count=1797 146 1592 172 5776 2848 816 559 165 120 282
internal_value=8.5884e-05 5.06828e-06 -0.000842461 0.000181129 0.000403146 -0.000548606 -0.000575719 0.00160341 0.000585793 0.00218197
internal_weight=14273 13560 2323 11237 8624 2613 2151 713 266 447
internal_count=14273 13560 2323 11237 8624 2613 2151 713 266 447
is_linear=0
shrinkage=0.025


Tree=93
num_leaves=13
num_cat=0
split_feature=34 38 33 15 33 37 37 37 42 26 17 17
split_gain=2.81297 5.72468 4.42074 6.92138 2.71519 1.85898 2.17166 0.987912 0.594782 0.578613 0.376423 0.0801097
threshold=0.17045219987630847 -0.017926861532032486 0.0021390955662354831 0.4741379320621491 0.015560098923742773 0.031969474628567703 0.016557741910219196 0.01309006614610553 -0.064276915043592439 0.035290766507387168 0.50047481060028087 0.73965623974800121
decision_type=2 2 2 2 2 2 2 2 2 2 2 2
left_child=1 5 3 -3 -4 6 -1 11 -9 -7 -10 -2
right_child=7 2 4 -5 -6 9 -8 8 10 -11 -12 -13
leaf_value=0.00065547308825718168 0.010772363964227682 -0.00087851299161292417 0.00022450126160417118 -0.0044048000194385302 -0.0023069020359391744 0.00017817825093133712 -0.00033559420967191518 -0.0012444098817921178 0.00035049097163823446 0.0063836493767088888 0.0050016786650127496 0.0059536133658820208
leaf_weight=5960 391 779 2024 249 496 129 3186 144 121 491 220 122
leaf_count=5960 391 779 2024 249 496 129 3186 144 121 491 220 122
internal_value=0.000132622 3.5945e-05 -0.000822896 -0.00220111 -0.00025495 0.000348864 0.000257759 0.00140952 0.00057398 0.00167 0.00114523 0.00217423
internal_weight=14312 13314 3548 1028 2520 9766 9146 998 485 620 341 513
internal_count=14312 13314 3548 1028 2520 9766 9146 998 485 620 341 513
is_linear=0
shrinkage=0.025


Tree=94
num_leaves=14
num_cat=0
split_feature=24 46 40 44 13 36 31 35 35 38 41 4 43
split_gain=2.85557 3.36186 6.21009 4.00402 3.15913 3.80381 2.14641 3.47769 3.01131 1.58389 1.39975 1.31925 1.00995
threshold=23.755349159240726 0.77389594912529003 0.56493046879768383 0.028302753344178203 -0.15586078912019727 0.41602475941181188 2.4170376062393193 0.2154425382614136 0.1172725483775139 -0.08220400288701056 0.11206618323922159 0.17285276204347613 0.26540271937847143
decision_type=2 2 2 2 2 2 2 2 2 2 2 2 2
left_child=1 4 -3 -4 5 -1 10 8 -8 -6 -2 -12 -9
right_child=6 2 3 -5 9 -7 7 12 -10 -11 11 -13 -14
leaf_value=-0.00018535264509002205 -0.0017618236939006063 -0.0067861966574572444 0.00019192839095157792 -0.0034208820672055485 0.0048271246672302107 -0.0029954360416994744 0.00016670403386147647 -0.0012645278166658563 -0.0042108417030005934 0.00043664874820569774 0.00020473297618607344 0.0016425728853317581 0.0024090238882163027
leaf_weight=2874 123 161 822 291 561 285 141 231 214 1145 3340 3832 302
leaf_count=2874 123 161 822 291 561 285 141 231 214 1145 3340 3832 302
internal_value=9.41405e-05 -0.000312703 -0.00145328 -0.000770349 -1.15502e-05 -0.0004808 0.000400128 -0.000754479 -0.00265625 0.000852572 0.000541952 0.000588512 0.000513476
internal_weight=14322 6139 1274 1113 4865 3159 8183 888 355 1706 7295 7172 533
internal_count=14322 6139 1274 1113 4865 3159 8183 888 355 1706 7295 7172 533
is_linear=0
shrinkage=0.025


Tree=95
num_leaves=15
num_cat=0
split_feature=30 11 38 19 5 9 48 9 41 3 36 37 37 41
split_gain=3.06071 3.71396 3.49836 5.17809 3.55171 1.95317 2.41365 1.60266 1.47276 1.55133 1.35424 1.11486 0.717645 0.619181
threshold=-0.35567337274551386 0.016213183291256431 -0.10303508490324019 0.08014774322509767 0.64843368530273449 0.014650776982307436 0.3706896454095841 0.023471873253583912 0.5457189977169038 -0.0053583846893161527 0.23597877472639087 0.01548532582819462 0.018617026507854465 0.76554933190345775
decision_type=2 2 2 2 2 2 2 2 2 2 2 2 2 2
left_child=7 5 4 -4 -3 -2 -7 11 9 -9 -10 13 -13 -1
right_child=1 2 3 -5 -6 6 -8 8 10 -11 -12 12 -14 -15
leaf_value=0.00039454887404499354 0.0036806642468838325 -0.00044809703676419933 -0.001585249639010659 -5.9098800253383405e-05 0.0033780369878494473 -0.00058113605209548255 0.0010120465137786383 0.0018419714096179034 0.00036302429481933923 -0.0019507379804543853 0.0060617941397250394 -0.00262575480636195 -2.3205352355610762e-05 0.0028586888069747143
leaf_weight=659 390 1744 1590 1443 838 2326 2695 198 849 194 1014 131 134 147
leaf_count=659 390 1744 1590 1443 838 2326 2695 198 849 194 1014 131 134 147
internal_value=0.000111357 -8.87271e-05 -0.000539368 -0.00111463 0.000134809 0.000377816 0.000242987 0.000775668 0.00115321 -0.000223552 0.00144607 -1.51021e-05 -0.00141204 0.000442355
internal_weight=14352 11026 5615 3033 2582 5411 5021 3326 2255 392 1863 1071 265 806
internal_count=14352 11026 5615 3033 2582 5411 5021 3326 2255 392 1863 1071 265 806
is_linear=0
shrinkage=0.025


Tree=96
num_leaves=8
num_cat=0
split_feature=9 37 17 40 26 20 4
split_gain=2.79208 2.98082 2.53961 2.83831 0.551271 0.310437 0.0561267
threshold=0.014650776982307436 0.031969474628567703 1.6262881159782412 0.72273260354995739 0.035290766507387168 -0.074014976620674119 0.54845121502876293
decision_type=2 2 2 2 2 2 2
left_child=5 2 3 -2 -3 -1 -6
right_child=1 4 -4 -5 6 -7 -8
leaf_value=0.0011613989057974677 -0.0015544542679029588 0.00030972527870651154 -0.0021526537517416451 0.00011318560225231296 0.0078070046778803458 0.0045380028098286184 0.0053575866192607452
leaf_weight=121 1808 135 159 11177 352 335 122
leaf_count=121 1808 135 159 11177 352 335 122
internal_value=5.74259e-05 -6.26899e-06 -8.62232e-05 -4.66704e-05 0.00169585 0.00197126 0.00209551
internal_weight=14209 13753 13144 12985 609 456 474
internal_count=14209 13753 13144 12985 609 456 474
is_linear=0
shrinkage=0.025


Tree=97
num_leaves=12
num_cat=0
split_feature=34 38 33 35 36 16 36 33 15 33 9
split_gain=2.81844 4.4258 4.04057 5.5826 2.61696 6.70269 5.10876 1.96641 0.989268 0.481022 0.268616
threshold=0.17045219987630847 -0.017926861532032486 0.0021390955662354831 0.16169244796037677 0.46392485499382025 0.022393968887627128 0.22587104886770251 0.015146658290177585 0.87068966031074535 -0.0084942099638283235 0.032540246844291694
decision_type=2 2 2 2 2 2 2 2 2 2 2
left_child=1 4 3 -3 6 -6 -1 -4 9 -2 -11
right_child=8 2 7 -5 5 -7 -8 -9 -10 10 -12
leaf_value=5.8410045684126856e-05 0.00036651740499893046 -0.0040151088279841603 0.00019579364084811656 -0.00049393537369185625 -0.003892295860538872 0.002282369127192332 0.003838692862971851 -0.001856160868853843 -0.00037549334169642584 0.0083991023809100816 0.0021126511178286523
leaf_weight=6422 125 353 2048 672 366 396 2528 483 152 539 179
leaf_count=6422 125 353 2048 672 366 396 2528 483 152 539 179
internal_value=0.000126244 2.92889e-05 -0.000724164 -0.0020449 0.000306036 -0.00109355 0.000426438 -0.000183852 0.00140625 0.00174086 0.00198997
internal_weight=14263 13268 3556 1025 9712 762 8950 2531 995 843 718
internal_count=14263 13268 3556 1025 9712 762 8950 2531 995 843 718
is_linear=0
shrinkage=0.025


Tree=98
num_leaves=14
num_cat=0
split_feature=30 45 40 17 12 3 4 4 46 0 12 41 37
split_gain=2.76093 3.14952 2.9276 3.81986 2.58075 2.43797 1.63132 0.928208 1.30206 1.28906 0.706778 0.607702 0.234028
threshold=-0.5385756492614745 0.057776963338255889 1.3243254423141482 0.13604231923818591 -0.22967632859945294 0.68802121281623851 -0.12285948544740675 0.20943221449851993 0.20871143788099292 0.013374917209148409 -0.12959382683038709 0.57393890619277965 0.013871475122869016
decision_type=2 2 2 2 2 2 2 2 2 2 2 2 2
left_child=7 4 5 -4 -2 -3 -6 8 10 -10 -1 -9 -13
right_child=1 2 3 -5 6 -7 -8 11 9 -11 -12 12 -14
leaf_value=0.0052942817691530473 -0.0031636652125516282 0.00028222292649254262 0.00013976098422728678 -0.0026697680749610524 0.00046648486072119606 -0.0021277940305931549 -0.0025882237457946784 8.2272640378397107e-05 -0.00034891695979476635 0.002071314514296299 0.000159693025358088 0.0020024564858165698 0.0074546061329354985
leaf_weight=359 160 10510 392 454 242 200 142 124 720 252 132 202 388
leaf_count=359 160 10510 392 454 242 200 142 124 720 252 132 202 388
internal_value=0.000114567 -3.25278e-05 5.4818e-05 -0.00135576 -0.00188297 0.000167406 -0.000729434 0.000933204 0.000562841 2.43092e-05 0.00160534 0.0016742 0.0020063
internal_weight=14277 12100 11556 846 544 10710 384 2177 1463 972 491 714 590
internal_count=14277 12100 11556 846 544 10710 384 2177 1463 972 491 714 590
is_linear=0
shrinkage=0.025


Tree=99
num_leaves=12
num_cat=0
split_feature=34 38 31 20 20 35 35 38 37 47 30
split_gain=2.53183 4.8481 4.1067 6.66624 3.28894 1.91592 3.06633 1.74724 1.32361 0.78854 1.19706
threshold=0.17045219987630847 -0.017926861532032486 1.7266284227371218 0.54867449402809154 0.1190808303654194 0.18313287943601611 0.11429632455110551 -0.075549017637968049 0.012779302895069124 0.38114453852176672 0.041211370378732688
decision_type=2 2 2 2 2 2 2 2 2 2 2
left_child=1 5 4 -4 -3 6 -1 -7 -2 -10 -11
right_child=8 2 3 -5 -6 7 -8 -9 9 10 -12
leaf_value=0.00046500898039590052 0.0090285434843201135 -0.0016106312434291097 -0.0030126176211391813 -0.00053471786761654944 0.00061008496959485622 0.011082788923418683 -0.001156059068625983 0.00082145772723279562 0.0030808421737958231 0.0028386191821335735 -0.0020134691108916075
leaf_weight=6982 493 935 412 534 1650 513 1235 1059 206 133 156
leaf_count=6982 493 935 412 534 1650 513 1235 1059 206 133 156
internal_value=0.000130214 3.89307e-05 -0.00075403 -0.00215957 -0.000234073 0.000325837 0.000171643 0.00112476 0.00134819 0.0004125 -0.000412415
internal_weight=14308 13320 3531 946 2585 9789 8217 1572 988 495 289
internal_count=14308 13320 3531 946 2585 9789 8217 1572 988 495 289
is_linear=0
shrinkage=0.025


Tree=100
num_leaves=15
num_cat=0
split_feature=34 38 31 36 35 36 12 9 40 35 37 36 35 37
split_gain=2.62331 4.15972 4.24222 5.75949 2.8034 5.73239 2.69288 1.004 1.79936 1.07769 0.846441 0.539905 0.442282 0.378253
threshold=0.139903798699379 -0.049880862236022942 1.7266284227371218 0.28527128696441656 0.16466236859560016 0.46392485499382025 -0.15582294762134549 0.033484255895018585 0.91793945431709301 0.15525458008050921 0.0081807607784867304 0.61227545142173778 0.43895612657070165 0.01645349990576506
decision_type=2 2 2 2 2 2 2 2 2 2 2 2 2 2
left_child=1 4 6 -4 5 -1 -3 9 -9 10 -2 -6 -11 -10
right_child=7 2 3 -5 11 -7 -8 8 13 12 -12 -13 -14 -15
leaf_value=0.00043793928632758836 0.0044048499532057771 -0.0012687878102557591 -0.0035076477461479512 -0.0010222787719037644 0.010811280763007225 -0.0037151180821848664 4.723076903740962e-05 -0.0034727489181730167 0.00058604416905105395 0.0069559260508435658 -0.0023494953970360057 0.00079036288724619759 0.00016534491784500491 0.0035610526496507541
leaf_weight=6758 147 350 315 736 564 322 3167 142 136 1003 167 150 123 154
leaf_count=6758 147 350 315 736 564 322 3167 142 136 1003 167 150 123 154
internal_value=0.000140723 7.98505e-06 -0.000590149 -0.00198035 0.000359501 0.000207304 -0.000170713 0.00101159 -3.14644e-05 0.00132785 1.17556e-05 0.00184805 0.00168767 0.00108051
internal_weight=14234 12362 4568 1051 7794 7080 3517 1872 432 1440 314 714 1126 290
internal_count=14234 12362 4568 1051 7794 7080 3517 1872 432 1440 314 714 1126 290
is_linear=0
shrinkage=0.025


Tree=101
num_leaves=15
num_cat=0
split_feature=38 34 31 36 4 36 35 40 46 36 35 45 38 9
split_gain=2.59659 5.07795 4.48588 5.51379 3.66562 2.97705 2.32421 2.30278 4.83594 2.06474 1.8893 1.58766 1.458 0.651123
threshold=-0.049880862236022942 0.14428272098302844 1.1589707136154177 0.28962449729442602 0.12755934149026874 -0.17408153414726255 -0.13077270984649655 0.4952405989170075 0.77389594912529003 0.46392485499382025 0.41866117715835577 0.54310345649719249 -0.27892369031906122 0.032356474548578269
decision_type=2 2 2 2 2 2 2 2 2 2 2 2 2 2
left_child=5 2 4 -4 -2 6 11 8 -7 -9 13 -1 -8 -3
right_child=1 10 3 -5 -6 7 12 9 -10 -11 -12 -13 -14 -15
leaf_value=-0.0060977729852619428 -0.00098920030207913815 0.0066600609803890197 -0.0025887294709218663 -0.0010497834024133662 0.0013231885903697473 0.0015326679740521308 0.0012436405306392045 0.0013467667651916933 -0.007637325624625828 -0.00091643971785905758 -0.0015891659158444975 -0.0019505491564327491 -0.0010347714550028816 0.0015122771183652996
leaf_weight=120 1420 968 614 1182 1510 192 276 6235 126 537 208 124 518 302
leaf_count=120 1420 968 614 1182 1510 192 276 6235 126 537 208 124 518 302
internal_value=0.000113256 -0.000271179 -0.000671898 -0.00165394 -6.60135e-05 0.000407445 -0.000837728 0.000591085 -0.00146672 0.000689649 0.00100388 -0.00294679 -0.000167397 0.00136765
internal_weight=14332 6204 4726 1796 2930 8128 1038 7090 318 6772 1478 244 794 1270
internal_count=14332 6204 4726 1796 2930 8128 1038 7090 318 6772 1478 244 794 1270
is_linear=0
shrinkage=0.025


Tree=102
num_leaves=10
num_cat=0
split_feature=17 40 41 16 16 13 38 31 39
split_gain=2.33016 2.78592 2.59256 2.52724 2.97852 1.8872 1.72154 0.719595 0.0970114
threshold=-0.5274316370487212 1.3124855756759646 0.75969961285591137 0.015666493214666847 0.024106965400278572 -0.07865328341722487 -0.16941376775503156 0.38889752328395849 1.2787274122238161
decision_type=2 2 2 2 2 2 2 2 2
left_child=8 3 5 6 -5 -3 -2 -4 -1
right_child=1 2 7 4 -6 -7 -8 -9 -10
leaf_value=0.0040220477074831866 -0.00095652089988925543 -0.00084477131007272858 -0.00020319152039683253 -0.00029103508883307006 0.0012456126665101009 -0.0030551332301812814 0.0031706519617138509 0.0011689212424515812 0.0016826739577340021
leaf_weight=286 239 545 138 7577 3548 159 1547 154 123
leaf_count=286 239 545 138 7577 3548 159 1547 154 123
internal_value=0.000122809 6.72981e-05 -0.00120255 0.00016617 2.52696e-05 -0.00202221 0.00103783 0.000753367 0.00197162
internal_weight=14316 13907 996 12911 11125 704 1786 292 409
internal_count=14316 13907 996 12911 11125 704 1786 292 409
is_linear=0
shrinkage=0.025


Tree=103
num_leaves=10
num_cat=0
split_feature=40 17 36 5 30 45 46 15 35
split_gain=2.63752 3.39667 2.79944 2.62691 2.1462 2.74329 1.40634 1.36729 1.07648
threshold=1.3243254423141482 0.48158290982246404 0.15769447386264804 1.7137365937232973 -0.56213358044624318 0.20983126014471057 0.19993950426578525 0.40517242252826696 0.13010810315608981
decision_type=2 2 2 2 2 2 2 2 2
left_child=3 6 -3 4 8 -6 -2 -8 -1
right_child=1 2 -4 -5 5 -7 7 -9 -10
leaf_value=0.0010139447250755301 0.0017493066859203196 -0.0028553632437713023 -0.0042063184910441139 -0.0018688580096044773 -0.00081139288800264784 0.00049339697960504379 -0.0007971423691337517 3.204716101104615e-05 0.0052280837376563472
leaf_weight=1337 152 144 156 162 2091 9003 214 366 648
leaf_count=1337 152 144 156 162 2091 9003 214 366 648
internal_value=9.11368e-05 -0.00112223 -0.00334016 0.000186566 0.000226708 9.04362e-05 -0.000188263 -0.000758547 0.00098304
internal_weight=14273 1032 300 13241 13079 11094 732 580 1985
internal_count=14273 1032 300 13241 13079 11094 732 580 1985
is_linear=0
shrinkage=0.025


Tree=104
num_leaves=12
num_cat=0
split_feature=34 38 36 5 36 35 36 12 37 10 30
split_gain=2.77722 3.80607 4.33124 7.64203 2.73013 8.17453 4.80751 2.24708 0.806499 0.657935 0.634534
threshold=0.17045219987630847 -0.020750980824232098 0.29328395426273351 0.9720371961593629 0.20831683278083804 0.099443349987268462 0.47109559178352362 -0.1413823068141937 0.012388390488922598 0.011319268960505726 0.25970818102359777
decision_type=2 2 2 2 2 2 2 2 2 2 2
left_child=1 4 3 -3 5 -1 -6 -4 -2 -10 -11
right_child=8 2 7 -5 6 -7 -8 -9 9 10 -12
leaf_value=0.00045308824515555892 0.0090072441362048488 -0.0011622093465698707 -0.0013006513652904076 -0.0032083865425002072 0.0034551397020305841 -0.0019573557761441971 -0.0012884759131270068 0.0002638047318450948 0.0044972489321297151 0.002610830196167647 -0.00096887322094087256
leaf_weight=5109 404 1216 205 238 2829 978 749 2020 167 260 164
leaf_count=5109 404 1216 205 238 2829 978 749 2020 167 260 164
internal_value=0.000135335 3.96098e-05 -0.000643662 -0.00170236 0.000300543 -2.07238e-05 0.000848102 4.76458e-05 0.00140625 0.000790688 0.000241842
internal_weight=14339 13344 3679 1454 9665 6087 3578 2225 995 591 424
internal_count=14339 13344 3679 1454 9665 6087 3578 2225 995 591 424
is_linear=0
shrinkage=0.025


Tree=105
num_leaves=8
num_cat=0
split_feature=3 34 38 36 36 13 16
split_gain=2.59465 2.76263 4.63361 4.24357 2.85295 1.13722 0.729616
threshold=0.68802121281623851 0.139903798699379 -0.018733770586550232 0.28962449729442602 -0.17408153414726255 -0.24811274558305738 0.024139283224940303
decision_type=2 2 2 2 2 2 2
left_child=1 2 4 -4 -1 -3 -7
right_child=-2 5 3 -5 -6 6 -8
leaf_value=-0.001068461571689166 -0.0023124128640993062 -0.001424394266379089 -0.002090741390043289 -8.1621502659397704e-05 0.00054298473692340938 0.0015260897515705371 0.0056060651291103235
leaf_weight=1019 224 234 1060 1850 8245 714 874
leaf_count=1019 224 234 1060 1850 8245 714 874
internal_value=8.91917e-05 0.000132758 -2.77107e-06 -0.000872641 0.000270121 0.00103927 0.00127982
internal_weight=14220 13996 12174 2910 9264 1822 1588
internal_count=14220 13996 12174 2910 9264 1822 1588
is_linear=0
shrinkage=0.025


Tree=106
num_leaves=9
num_cat=0
split_feature=40 13 3 3 38 38 46 40
split_gain=2.65051 3.71293 2.72438 2.3482 3.19479 1.80977 1.75806 2.60476
threshold=1.3243254423141482 -0.077404718846082674 0.73048949241638195 0.025343060493469242 -0.1009358838200569 -0.051605883985757821 0.21164613962173465 1.3827578425407412
decision_type=2 2 2 2 2 2 2 2
left_child=2 6 3 4 -1 -5 -2 -8
right_child=1 -3 -4 5 -6 -7 7 -9
leaf_value=0.00042930548566545018 0.0019040934480464341 -0.0024519428651744186 -0.0036375434503022478 0.0017093633297784868 -0.0011652450610708347 0.0002723679545951175 -0.0027488911559636745 8.0992366236293882e-05
leaf_weight=3268 162 195 161 3214 1829 4780 218 451
leaf_count=3268 162 195 161 3214 1829 4780 218 451
internal_value=0.000125236 -0.00109481 0.000220544 0.000261244 -0.000157046 0.00052866 -0.000348385 -0.000921736
internal_weight=14278 1026 13252 13091 5097 7994 831 669
internal_count=14278 1026 13252 13091 5097 7994 831 669
is_linear=0
shrinkage=0.025


Tree=107
num_leaves=13
num_cat=0
split_feature=34 38 31 35 20 36 38 40 10 36 30 36
split_gain=2.76139 3.67986 3.70542 5.18907 4.44539 3.3344 2.63471 2.51475 0.751093 0.472042 0.711203 0.401478
threshold=0.17045219987630847 -0.017926861532032486 1.0685203075408938 0.15525458008050921 0.1190808303654194 -0.17408153414726255 -0.24403308331966397 0.46519245207309728 0.010807486250996591 0.35460695624351507 0.31202971935272222 0.27482233941555029
decision_type=2 2 2 2 2 2 2 2 2 2 2 2
left_child=1 5 4 -4 -3 6 -1 -7 -2 11 -11 -10
right_child=8 2 3 -5 -6 7 -8 -9 9 10 -12 -13
leaf_value=-4.5061362115566578e-05 0.0067887081971793571 -0.0014496343801116036 -0.0025847399418108203 -0.00086058897935561431 0.0015466606415464046 -0.0040745406470485837 -0.0025451008397405646 0.00066155791093713801 0.0010114790330870056 0.0057942436763630386 8.4215110310677753e-05 -0.00096606858380350992
leaf_weight=625 366 854 382 1282 1063 311 422 8443 172 193 146 126
leaf_count=625 366 854 382 1282 1063 311 422 8443 172 193 146 126
internal_value=7.86137e-05 -1.59669e-05 -0.000701687 -0.00156306 4.48752e-05 0.000234168 -0.00109434 0.000394309 0.00134053 0.00079634 0.00142805 4.53796e-05
internal_weight=14385 13382 3581 1664 1917 9801 1047 8754 1003 637 339 298
internal_count=14385 13382 3581 1664 1917 9801 1047 8754 1003 637 339 298
is_linear=0
shrinkage=0.025


Tree=108
num_leaves=9
num_cat=0
split_feature=3 16 31 38 16 4 40 27
split_gain=2.67519 2.53865 3.66723 3.89227 2.33728 1.74629 1.59035 0.895116
threshold=0.68802121281623851 0.024106965400278572 2.0141876935958867 -0.048600120469927781 0.016649560071527961 0.0043224403634667405 1.298707962036133 -0.0034434454282745715
decision_type=2 2 2 2 2 2 2 2
left_child=1 2 4 -4 -1 7 -7 -3
right_child=-2 5 3 -5 -6 6 -8 -9
leaf_value=0.0010105458541035577 -0.0022840704322852016 -0.00094671374126852742 0.00062528389018120525 -0.0023378290417901066 -0.0001520169729994308 0.0025651711815406959 -0.0030321916465410365 0.00034475000510274202
leaf_weight=2748 229 195 376 608 6721 2741 129 568
leaf_count=2748 229 195 376 608 6721 2741 129 568
internal_value=0.000101694 0.000146104 -5.12764e-05 -0.00150025 9.93509e-05 0.000715022 0.000997826 -0.000340169
internal_weight=14315 14086 10453 984 9469 3633 2870 763
internal_count=14315 14086 10453 984 9469 3633 2870 763
is_linear=0
shrinkage=0.025


Tree=109
num_leaves=13
num_cat=0
split_feature=30 11 45 40 47 40 11 35 40 40 44 40
split_gain=2.4983 3.5675 2.63903 2.49736 2.33558 2.11373 4.1668 2.70349 1.33549 1.22413 0.642682 0.436426
threshold=-0.56213358044624318 0.014770213048905136 0.057776963338255889 1.0977527499198916 0.38114453852176672 0.67999109625816356 0.011248199734836819 0.083591867238283171 0.74253234267234813 0.61676627397537243 0.012102860957384111 1.2620537877082827
decision_type=2 2 2 2 2 2 2 2 2 2 2 2
left_child=8 5 3 -3 -4 6 -2 -7 9 -1 -10 -12
right_child=1 2 4 -5 -6 7 -8 -9 10 -11 11 -13
leaf_value=0.002011847292538684 0.0015088554475314179 -0.0029464176137548462 0.00092466367866547423 0.00032814988644513184 -0.00057324027879323961 0.0035177381347228434 -0.0037040313944904702 0.00034346740161822188 -0.00038165589573508816 -0.0025989335610239316 0.0026664418842971245 6.3303462581685779e-05
leaf_weight=150 300 242 1586 151 5689 1253 330 2635 120 184 1471 193
leaf_count=150 300 242 1586 151 5689 1253 330 2635 120 184 1471 193
internal_value=9.81027e-05 -3.92707e-05 -0.000368011 -0.00235239 -0.000258413 0.000517079 -0.000816929 0.000735615 0.000889661 -0.000542035 0.00116196 0.00129044
internal_weight=14304 12186 7668 393 7275 4518 630 3888 2118 334 1784 1664
internal_count=14304 12186 7668 393 7275 4518 630 3888 2118 334 1784 1664
is_linear=0
shrinkage=0.025


Tree=110
num_leaves=9
num_cat=0
split_feature=3 30 37 35 35 40 40 40
split_gain=2.49572 2.19582 2.70664 3.674 1.93181 1.18765 0.618673 0.541032
threshold=0.73048949241638195 -0.65665772557258595 0.0093778399750590342 0.22045715898275378 0.27911078929901129 0.74253234267234813 1.2620537877082827 0.67268040776252758
decision_type=2 2 2 2 2 2 2 2
left_child=1 5 4 -4 -3 7 -7 -1
right_child=-2 2 3 -5 -6 6 -8 -9
leaf_value=0.0007626378397134788 -0.0038535534919022746 0.0015858732946531639 -0.00052178784213264748 0.0010897562912253818 -0.0010805465946792489 0.0029468216196248806 -1.7656866994359289e-05 -0.0020223795575077404
leaf_weight=132 161 2189 7420 2570 321 1221 157 128
leaf_count=132 161 2189 7420 2570 321 1221 157 128
internal_value=8.67765e-05 0.000122941 9.49629e-06 -0.000174462 0.000743042 0.000982197 0.00127531 -0.000542453
internal_weight=14299 14138 12500 9990 2510 1638 1378 260
internal_count=14299 14138 12500 9990 2510 1638 1378 260
is_linear=0
shrinkage=0.025


Tree=111
num_leaves=14
num_cat=0
split_feature=37 37 36 35 15 36 11 35 4 12 24 12 35
split_gain=2.14952 2.5101 2.57863 7.63372 3.23449 2.50679 1.49727 1.32617 0.948532 0.947912 0.673087 0.323372 0.152826
threshold=0.0081807607784867304 0.023403232917189602 0.28962449729442602 0.099443349987268462 0.88793104887008678 0.50519832968711864 0.021346880123019222 0.24284086376428607 0.0043224403634667405 -0.11003890261054038 28.881938934326175 -0.017162429168820378 0.12647326290607455
decision_type=2 2 2 2 2 2 2 2 2 2 2 2 2
left_child=7 2 3 -2 -4 8 -7 9 -3 -1 -9 -12 -11
right_child=1 5 4 -5 -6 6 -8 10 -10 12 11 -13 -14
leaf_value=-6.4185919240330674e-05 9.5854006789052997e-05 0.00051031538928292546 0.00079995353383762065 -0.0016945888972689481 -0.0028600312852569178 0.0017523647843607317 -0.0027819493602378523 -0.0016644975841181239 0.0057239809985899798 0.0078737392096269818 0.0011028991447595174 -0.0001171116702732536 0.0022153108812908977
leaf_weight=172 4785 404 3961 2297 203 137 214 122 1051 471 127 131 276
leaf_count=172 4785 404 3961 2297 203 137 214 122 1051 471 127 131 276
internal_value=7.98448e-05 -1.63704e-05 -0.000155875 -0.000446416 0.000336712 0.000846908 -0.00102879 0.00104774 0.00130565 0.00155979 -0.000178571 0.000527567 0.00194315
internal_weight=14351 13052 11246 7082 4164 1806 351 1299 1455 919 380 258 747
internal_count=14351 13052 11246 7082 4164 1806 351 1299 1455 919 380 258 747
is_linear=0
shrinkage=0.025


Tree=112
num_leaves=15
num_cat=0
split_feature=35 35 37 37 36 36 15 40 35 3 48 32 26 26
split_gain=2.50292 4.44293 6.33666 6.86106 3.8174 3.47718 2.35946 2.08558 1.60838 1.45017 1.40198 1.19412 1.1693 1.13978
threshold=0.22178854793310168 0.10954382270574571 0.0096004037186503428 0.010592315811663868 0.47742305696010595 -0.17408153414726255 0.38793103396892553 0.67268040776252758 0.41866117715835577 0.12033486366271974 0.40040352940559393 1.2299970984458926 0.01715097110718489 0.025707738474011425
decision_type=2 2 2 2 2 2 2 2 2 2 2 2 2 2
left_child=1 4 7 -4 5 -1 9 -3 12 -2 -10 -11 -8 -6
right_child=6 2 3 -5 13 -7 8 -9 10 11 -12 -13 -14 -15
leaf_value=-0.0010588102761189594 -0.0013630327297742377 -0.0027328148511499561 -0.0039079745610571953 -0.0010804705819394851 -0.0010115243812774727 0.00091121939486534279 -0.00016778283979339449 0.0018152022225208918 0.0031743827748956102 0.0008808199665249314 -0.0024485439439579943 -0.0024253190889816042 0.0041533326601247006 -0.0042643200686622003
leaf_weight=1007 210 123 355 2009 128 6096 228 955 145 613 207 123 1908 127
leaf_count=1007 210 123 355 2009 128 6096 228 955 145 613 207 123 1908 127
internal_value=9.68292e-05 -8.96575e-05 -0.000830795 -0.00155498 0.000256519 0.000365961 0.000684429 0.000751385 0.00108855 -0.000371977 -0.000458683 0.000146761 0.00134692 -0.00271635
internal_weight=14234 10800 3442 2364 7358 7103 3434 1078 2488 946 352 736 2136 255
internal_count=14234 10800 3442 2364 7358 7103 3434 1078 2488 946 352 736 2136 255
is_linear=0
shrinkage=0.025


Tree=113
num_leaves=10
num_cat=0
split_feature=9 37 10 40 36 16 42 16 5
split_gain=2.30316 2.28488 2.93065 2.7307 2.04989 2.18634 1.96564 1.01179 0.510527
threshold=0.014650776982307436 0.023403232917189602 0.024677956476807598 0.71567329764366161 0.51863935589790355 0.022393968887627128 -0.053952027112245553 0.032191650941967971 -0.080229423940181718
decision_type=2 2 2 2 2 2 2 2 2
left_child=8 2 3 -2 7 -6 -4 -3 -1
right_child=1 4 6 -5 5 -7 -8 -9 -10
leaf_value=0.00070748717440823018 -0.0017359421475118487 0.0049410332917514876 -0.00027941200001468513 0.00025152615707701472 -0.0035008578033668193 0.0013263153744378924 -0.0019859094825878522 -0.00055603920092960675 0.0047151228959509336
leaf_weight=123 1479 1298 568 9435 156 197 528 139 330
leaf_count=123 1479 1298 568 9435 156 197 528 139 330
internal_value=0.000114059 5.56864e-05 -6.81439e-05 5.52936e-05 0.000887883 -0.000799581 -0.00129768 0.00130808 0.00185862
internal_weight=14253 13800 12010 10914 1790 353 1096 1437 453
internal_count=14253 13800 12010 10914 1790 353 1096 1437 453
is_linear=0
shrinkage=0.025


Tree=114
num_leaves=10
num_cat=0
split_feature=9 13 4 46 35 4 29 17 29
split_gain=2.41738 2.40392 2.90413 2.83475 2.72226 1.22711 1.51978 0.408927 0.218153
threshold=0.014311928302049639 -0.43828728795051569 0.11627676337957384 0.65214762091636669 0.11107799410820009 -0.46703380346298212 0.048115396872162826 -0.06474412232637404 0.03395099192857743
decision_type=2 2 2 2 2 2 2 2 2
left_child=7 5 4 -4 -3 6 -2 -1 -7
right_child=1 2 3 -5 -6 8 -8 -9 -10
leaf_value=0.00099020997768427895 0.0036684536210982127 -0.00010398633365675651 0.001213911069159407 -0.00031373910373136567 -0.0015895210436180926 0.0033599168190558367 -0.0021605602024601113 0.0052530636666639208 0.0032944758299070704
leaf_weight=125 134 3289 3965 4120 1692 187 120 294 402
leaf_count=125 134 3289 3965 4120 1692 187 120 294 402
internal_value=6.54958e-05 8.35499e-06 -7.48794e-05 0.000217089 -0.000549789 0.00129864 -0.000130309 0.00192512 0.0019213
internal_weight=14328 13909 13066 8085 4981 843 254 419 589
internal_count=14328 13909 13066 8085 4981 843 254 419 589
is_linear=0
shrinkage=0.025


Tree=115
num_leaves=10
num_cat=0
split_feature=17 37 10 24 30 36 35 40 32
split_gain=2.47323 2.58967 3.39641 2.97664 2.66828 1.77815 1.00494 0.892522 0.258929
threshold=-0.5060780644416808 0.023582911118865017 0.022799149155616764 19.32110691070557 -0.31629692018032068 0.52496865391731273 0.13010810315608981 1.2342243790626528 1.0846069455146792
decision_type=2 2 2 2 2 2 2 2 2
left_child=8 2 3 -2 -4 7 -7 -3 -1
right_child=1 5 4 -5 -6 6 -8 -9 -10
leaf_value=0.0033892293076849822 -0.00073048253961915835 0.0047032217887737378 0.00023822928405879364 0.00042601934809260403 -0.0019039575737109416 -0.0033670342733335642 0.00082355258688543518 -0.0010777886222822896 0.00064095534455880783
leaf_weight=345 2846 1285 452 7793 1047 167 167 124 120
leaf_count=345 2846 1285 452 7793 1047 167 167 124 120
internal_value=9.11958e-05 3.03364e-05 -9.87193e-05 5.78966e-05 -0.00121094 0.000930349 -0.000689528 0.00131984 0.001875
internal_weight=14346 13881 12138 10639 1499 1743 334 1409 465
internal_count=14346 13881 12138 10639 1499 1743 334 1409 465
is_linear=0
shrinkage=0.025


Tree=116
num_leaves=9
num_cat=0
split_feature=3 24 41 32 35 35 37 38
split_gain=2.48279 2.63724 3.10499 2.49769 2.46602 1.90554 3.4606 1.36417
threshold=0.68802121281623851 21.962167739868168 0.73657879233360302 0.62127321958541881 0.099443349987268462 0.21929887682199481 0.00942446803674102 -0.072592835873365388
decision_type=2 2 2 2 2 2 2 2
left_child=1 2 4 -4 -1 6 -3 -7
right_child=-2 5 3 -5 -6 7 -8 -9
leaf_value=-0.00014136099671128877 -0.0032719993602539545 0.0019620552222172141 -0.0027634216860417593 0.0017243262859574359 -0.0018015335688306476 0.010956007491570649 -0.00018058995163004019 0.0011084982885630414
leaf_weight=2436 201 1433 161 1057 1519 357 4594 2449
leaf_count=2436 201 1433 161 1057 1519 357 4594 2449
internal_value=9.57818e-05 0.000136232 -0.000311172 0.000788021 -0.000651831 0.000398987 0.000146925 0.000936944
internal_weight=14207 14006 5173 1218 3955 8833 6027 2806
internal_count=14207 14006 5173 1218 3955 8833 6027 2806
is_linear=0
shrinkage=0.025


Tree=117
num_leaves=12
num_cat=0
split_feature=31 17 4 4 3 17 44 29 19 35 39
split_gain=2.23688 3.59126 2.80931 2.76457 3.12161 2.47809 2.41738 2.29778 1.94718 1.30738 0.327811
threshold=2.1341483592987065 0.73965623974800121 0.45106977224349981 0.2055376470088959 0.59569665789604198 -0.5060780644416808 0.010739648249000313 0.06513498350977899 0.020455404184758667 0.2154425382614136 1.3078169226646426
decision_type=2 2 2 2 2 2 2 2 2 2 2
left_child=3 -2 7 5 8 10 -7 -3 -5 -4 -1
right_child=1 2 9 4 -6 6 -8 -9 -10 -11 -12
leaf_value=0.0036303171171930427 -0.0030967203731663484 -0.0025304543231312784 -0.00065787414272540064 4.4239551797689716e-05 -0.00327210068059707 0.003706153619312336 -0.00026935465559211859 -0.00051583078444697699 0.0018976457252355774 0.0020115277670252614 0.0012041087114775522
leaf_weight=305 158 121 560 1557 159 306 6759 181 3473 585 120
leaf_count=305 158 121 560 1557 159 306 6759 181 3473 585 120
internal_value=0.000112237 -0.000764751 -0.000362431 0.000224003 0.000667357 -8.25549e-05 -0.000195368 -0.00248778 0.000778302 0.000201087 0.00175872
internal_weight=14284 1605 1447 12679 5189 7490 7065 302 5030 1145 425
internal_count=14284 1605 1447 12679 5189 7490 7065 302 5030 1145 425
is_linear=0
shrinkage=0.025


Tree=118
num_leaves=14
num_cat=0
split_feature=36 35 38 3 31 26 17 46 17 37 30 38 5
split_gain=2.88787 3.24642 2.64088 3.30514 3.58416 3.44015 3.02842 4.70864 1.80726 1.64437 2.25014 1.08598 1.05817
threshold=-0.17408153414726255 -0.13077270984649655 -0.10303508490324019 -0.026333854533731934 1.3124901056289675 0.022344104945659641 0.55024057626724254 0.84346643090248119 -0.14861603081226346 0.016696170903742317 -0.3237201571464538 -0.12176326662302016 0.068470854312181487
decision_type=2 2 2 2 2 2 2 2 2 2 2 2 2
left_child=1 8 6 5 -5 -4 7 -2 -1 12 -11 -8 -3
right_child=2 9 3 4 -6 -7 11 -9 -10 10 -12 -13 -14
leaf_value=-0.0052295994474363039 0.000865658077642317 0.0017413773338326593 -0.00013953796412843441 0.00096544876152678547 -0.00066408170807474127 -0.0026816529120306503 0.0055234459475728701 -0.0036857663928562818 -0.0030037076432883696 0.00033007533392111752 -0.0045956383621856712 0.0015070996522656907 -0.0013482121226922159
leaf_weight=124 2950 337 884 4382 2866 434 1095 273 127 155 149 406 121
leaf_count=124 2950 337 884 4382 2866 434 1095 273 127 155 149 406 121
internal_value=0.000141617 -0.00114072 0.000240222 -2.08551e-05 0.000188026 -0.00117063 0.000714475 0.000279198 -0.0035791 -0.000311278 -0.00172735 0.00164094 0.00062365
internal_weight=14303 1013 13290 8566 7248 1318 4724 3223 251 762 304 1501 458
internal_count=14303 1013 13290 8566 7248 1318 4724 3223 251 762 304 1501 458
is_linear=0
shrinkage=0.025


Tree=119
num_leaves=8
num_cat=0
split_feature=3 40 20 4 16 44 13
split_gain=2.64701 2.74246 4.08919 2.83855 2.90102 1.91992 1.72271
threshold=0.68802121281623851 1.3337206840515139 0.3160917609930039 0.10769112035632135 0.016649560071527961 0.031475229188799865 -0.35069671273231501
decision_type=2 2 2 2 2 2 2
left_child=1 3 6 4 -1 -5 -3
right_child=-2 2 -4 5 -6 -7 -8
leaf_value=0.0010486639892751516 -0.0021605283393395752 0.00066945813998085042 -0.0033888718531576351 0.0012084360221677416 -0.00062360804411042549 -0.0004201790462743496 -0.00078486009558102862
leaf_weight=1506 217 284 153 6853 3839 867 507
leaf_count=1506 217 284 153 6853 3839 867 507
internal_value=0.000111289 0.000154578 -0.00114199 0.000249139 -0.000192757 0.000555825 -0.000397299
internal_weight=14226 14009 944 13065 5345 7720 791
internal_count=14226 14009 944 13065 5345 7720 791
is_linear=0
shrinkage=0.025


Tree=120
num_leaves=13
num_cat=0
split_feature=37 16 24 36 16 10 46 36 36 4 40 5
split_gain=2.26134 3.20927 2.63046 2.42808 2.47474 2.07956 1.88441 1.83521 1.57899 0.664834 1.17047 0.763654
threshold=0.023403232917189602 0.016649560071527961 23.755349159240726 0.50519832968711864 0.022393968887627128 0.024475886486470703 0.96521475911140453 -0.18561081588268277 0.38159722089767462 0.0043224403634667405 1.0290986299514773 1.2050539851188662
decision_type=2 2 2 2 2 2 2 2 2 2 2 2
left_child=1 7 6 9 -5 -4 -3 -1 -9 10 -2 -11
right_child=3 2 5 4 -6 -7 -8 8 -10 11 -12 -13
leaf_value=-0.0024943944290614899 0.0037202349772463513 -0.00073621178106898473 0.00033574342049652465 -0.0033462738031200786 0.00095714608241714752 -0.0010910402449672214 -0.0047373817740423499 0.0018609031123616459 -0.0012160592701272645 0.0061454100985200988 -0.0019377100395860831 -7.3424276194291417e-05
leaf_weight=140 257 3747 5156 165 200 660 135 2556 123 927 141 122
leaf_count=140 257 3747 5156 165 200 660 135 2556 123 927 141 122
internal_value=8.31067e-05 -3.60365e-05 -0.00025237 0.000907402 -0.00089527 8.31044e-05 -0.000756046 0.000705117 0.00085367 0.00136794 0.000468362 0.00169948
internal_weight=14329 12517 9698 1812 365 5816 3882 2819 2679 1447 398 1049
internal_count=14329 12517 9698 1812 365 5816 3882 2819 2679 1447 398 1049
is_linear=0
shrinkage=0.025


Tree=121
num_leaves=13
num_cat=0
split_feature=34 38 11 40 35 35 4 37 17 43 47 44
split_gain=2.25597 2.98992 2.92529 3.33566 2.90103 4.2552 2.15421 1.16341 0.566343 0.559098 0.490373 0.0121824
threshold=0.17045219987630847 -0.049880862236022942 0.016807540319859985 1.1006717681884768 0.16466236859560016 0.10954382270574571 0.12250740081071855 0.012596179265528919 1.0336578488349917 0.089882094413042082 0.31474687159061437 0.023468177765607837
decision_type=2 2 2 2 2 2 2 2 2 2 2 2
left_child=1 4 6 -4 5 -1 -3 11 -6 10 -9 -2
right_child=7 2 3 -5 8 -7 -8 9 -10 -11 -12 -13
leaf_value=0.00048885103015599912 0.0093298565555904739 -0.00081124504576003068 -0.002123618608835965 0.00010306715864736167 0.0080909708322663403 -0.0015946516056870215 0.0006956701206273484 0.001720117389967867 0.00033434498498439123 0.0028349439442013091 -0.00094756915812426411 0.0056913303311023553
leaf_weight=6409 310 1236 1096 721 642 777 2246 124 120 218 207 162
leaf_count=6409 310 1236 1096 721 642 777 2246 124 120 218 207 162
internal_value=0.00010956 2.16006e-05 -0.000437641 -0.00124931 0.00032865 0.000171569 -1.11126e-05 0.00123904 0.00179107 0.000435469 -0.000197173 0.00214623
internal_weight=14268 13247 5299 1817 7948 7186 3482 1021 762 549 331 472
internal_count=14268 13247 5299 1817 7948 7186 3482 1021 762 549 331 472
is_linear=0
shrinkage=0.025


Tree=122
num_leaves=10
num_cat=0
split_feature=9 30 16 16 36 47 36 5 3
split_gain=2.0555 2.19386 2.40716 2.44233 1.67161 0.764721 1.07303 0.345247 0.279844
threshold=0.014311928302049639 -0.69944876432418812 0.024106965400278572 0.01804363634437323 0.1298915967345238 0.33400586247444158 0.16085882484912875 0.58842796087265026 -0.026333854533731934
decision_type=2 2 2 2 2 2 2 2 2
left_child=8 5 3 -3 -4 6 -2 -7 -1
right_child=1 2 4 -5 -6 7 -8 -9 -10
leaf_value=0.0010252421661193091 -0.00042151515464451699 0.00031236726131478754 -0.00066044032680483589 -0.00071903851327880311 0.0015772988794610838 0.0025873790202024368 0.0023779247204270861 0.00069927675687304024 0.0038577082449233837
leaf_weight=121 263 3435 794 5551 2642 634 413 158 272
leaf_count=121 263 3435 794 5551 2642 634 413 158 272
internal_value=0.000115569 6.43218e-05 -4.33531e-05 -0.000259009 0.000518381 0.000976748 0.000343245 0.00150408 0.00188756
internal_weight=14283 13890 12422 8986 3436 1468 676 792 393
internal_count=14283 13890 12422 8986 3436 1468 676 792 393
is_linear=0
shrinkage=0.025


Tree=123
num_leaves=8
num_cat=0
split_feature=3 40 31 40 37 31 13
split_gain=2.63328 2.52407 3.53334 2.61499 2.32025 1.96152 1.57429
threshold=0.68802121281623851 1.3124855756759646 1.7266284227371218 1.1240597367286684 0.024521977640688423 0.44871821999549871 -0.43828728795051569
decision_type=2 2 2 2 2 2 2
left_child=1 3 6 4 -1 -5 -3
right_child=-2 2 -4 5 -6 -7 -8
leaf_value=-0.0001020358563843652 -0.0020125731259089882 0.0013912480471446349 -0.0039045818660428939 -0.00042131106530137944 0.0025039789861303566 0.0028483519623293927 -0.00049778721503542162
leaf_weight=9330 215 183 158 617 1188 1760 743
leaf_count=9330 215 183 158 617 1188 1760 743
internal_value=7.06917e-05 0.000113791 -0.00104109 0.000211725 4.16945e-05 0.000959803 -0.000433673
internal_weight=14194 13979 1084 12895 10518 2377 926
internal_count=14194 13979 1084 12895 10518 2377 926
is_linear=0
shrinkage=0.025


Tree=124
num_leaves=9
num_cat=0
split_feature=17 40 4 47 39 36 34 28
split_gain=2.01066 2.61813 3.12436 2.69813 2.39465 2.34487 1.2244 0.102447
threshold=-0.5274316370487212 1.3190979957580569 0.10769112035632135 0.27622890472412115 1.089006304740906 0.33196821808815008 0.090720370411872878 0.52500000596046459
decision_type=2 2 2 2 2 2 2 2
left_child=7 2 4 -4 -2 6 -3 -1
right_child=1 5 3 -5 -6 -7 -8 -9
leaf_value=0.0026838038792677044 -0.0009892546140875529 -0.00053601828212052364 0.0025418050640796585 0.0002770492239581286 0.00049997159181168222 -0.0031587331991860309 0.0017001083138750716 0.0017992032138676951
leaf_weight=253 3591 668 2033 5865 1463 155 126 141
leaf_count=253 3591 668 2033 5865 1463 155 126 141
internal_value=0.000138549 8.78219e-05 0.000181273 0.00049206 -0.000303172 -0.00117531 -0.000605444 0.0018891
internal_weight=14295 13901 12952 7898 5054 949 794 394
internal_count=14295 13901 12952 7898 5054 949 794 394
is_linear=0
shrinkage=0.025


Tree=125
num_leaves=12
num_cat=0
split_feature=44 45 40 46 24 43 43 40 30 10 9
split_gain=1.85546 3.18981 2.90645 5.34307 3.22604 3.18501 3.16062 3.10897 2.00303 2.13848 0.35941
threshold=0.027479092590510849 0.99137932062149059 0.71567329764366161 0.86085903644561779 25.608472824096683 -0.55635732412338246 0.0074971863068640241 0.90317383408546459 -0.3237201571464538 0.022960451431572441 0.036197211593389518
decision_type=2 2 2 2 2 2 2 2 2 2 2
left_child=2 8 3 6 -5 -4 -1 -7 10 -10 -2
right_child=1 -3 5 4 -6 7 -8 -9 9 -11 -12
leaf_value=-0.001837131544154498 0.00062695211787249557 -0.0037306722381370452 -0.0027400196981844853 -0.0068713424148235227 -0.0013571586429353306 0.0022617290316864391 0.0021281619529197248 0.0001085123111389696 0.00019538463881695986 -0.0017611046100881626 0.0029986280439186106
leaf_weight=674 121 177 125 135 120 3231 558 6963 1109 865 203
leaf_count=674 121 177 125 135 120 3231 558 6963 1109 865 203
internal_value=9.42357e-05 -0.000526714 0.000225108 -0.000805127 -0.0040625 0.000374492 -0.000112166 0.000424429 -0.000270842 -0.00057289 0.00153116
internal_weight=14281 2475 11806 1487 255 10319 1232 10194 2298 1974 324
internal_count=14281 2475 11806 1487 255 10319 1232 10194 2298 1974 324
is_linear=0
shrinkage=0.025


Tree=126
num_leaves=14
num_cat=0
split_feature=30 11 35 40 38 31 31 40 30 20 12 20 37
split_gain=2.20304 2.88439 1.77843 1.86749 1.6185 2.38573 1.48911 1.08034 0.614147 0.610833 1.05357 0.317209 0.214436
threshold=-0.65665772557258595 0.014092981349676849 0.076162815093994155 0.86602813005447399 -0.30866937339305872 0.32980413734912878 0.057865019887685783 0.74253234267234813 -0.98172855377197255 0.076028637588024153 -0.11244268715381621 -0.10478568822145461 0.015740741975605491
decision_type=2 2 2 2 2 2 2 2 2 2 2 2 2
left_child=7 2 6 -4 11 -6 -2 8 -1 10 -9 -3 -11
right_child=1 4 3 -5 5 -7 -8 9 -10 12 -12 -13 -14
leaf_value=-0.0014543471661003229 -0.0013007940805154288 0.0067495867890041555 0.0015586946197062449 -0.00041647846423779379 -0.0012128423637866039 -0.00014483728997167713 0.0035190437521877417 0.0022899085003775434 0.00032384970654730305 0.0012217592245454638 -0.0010280199984657849 0.0006774088464573582 0.0056615199064009823
leaf_weight=126 135 149 1191 1551 1753 6618 1133 678 127 297 130 120 294
leaf_count=126 135 149 1191 1551 1753 6618 1133 678 127 297 130 120 294
internal_value=9.25247e-05 -1.92611e-05 0.000533935 0.000172461 -0.000276894 -0.000339213 0.00130695 0.000949759 -0.000528101 0.0012224 0.00075492 0.0016104 0.00183935
internal_weight=14302 12650 4010 2742 8640 8371 1268 1652 253 1399 808 269 591
internal_count=14302 12650 4010 2742 8640 8371 1268 1652 253 1399 808 269 591
is_linear=0
shrinkage=0.025


Tree=127
num_leaves=10
num_cat=0
split_feature=9 37 16 34 36 16 36 35 46
split_gain=2.38403 2.23658 2.42491 2.92086 1.88444 1.84166 1.62833 0.95792 0.282968
threshold=0.014311928302049639 0.023582911118865017 0.016649560071527961 0.14528661966323855 0.50519832968711864 0.022393968887627128 -0.18561081588268277 0.13010810315608981 0.23105636239051822
decision_type=2 2 2 2 2 2 2 2 2
left_child=8 2 6 -4 7 -6 -2 -3 -1
right_child=1 4 3 -5 5 -7 -8 -9 -10
leaf_value=0.0012508454547006951 -0.0023700177966891919 0.0022519255848406465 -0.00049991795583446985 0.0015858845121817346 -0.0033626974736674616 0.0011049739830600661 0.0010550549865933094 0.0097922421112773932 0.0064870169491686534
leaf_weight=129 149 1024 8005 1562 159 200 2435 332 268
leaf_count=129 149 1024 8005 1562 159 200 2435 332 268
internal_value=5.79094e-05 2.43323e-06 -0.000116506 -0.000300486 0.000846657 -0.000745192 0.00056151 0.00127388 0.00195585
internal_weight=14263 13866 12151 9567 1715 359 2584 1356 397
internal_count=14263 13866 12151 9567 1715 359 2584 1356 397
is_linear=0
shrinkage=0.025


Tree=128
num_leaves=15
num_cat=0
split_feature=16 36 19 34 36 36 25 10 36 9 35 35 37 24
split_gain=2.05329 2.67437 3.97005 3.20075 4.6903 4.24999 2.12998 2.08654 1.69112 1.40318 1.39095 1.25759 1.08285 1.20076
threshold=0.024065744131803516 0.42099049687385565 0.0010818890295922758 0.091456320136785521 0.1721996292471886 0.21809379011392596 -0.44707486033439631 0.024268182925879959 0.1298915967345238 0.029546272009611133 0.41866117715835577 0.22544828057289126 0.020878252573311332 27.551187515258793
decision_type=2 2 2 2 2 2 2 2 2 2 2 2 2 2
left_child=1 3 6 5 -5 -1 -3 -4 12 11 -11 -10 -2 -14
right_child=8 2 7 4 -6 -7 -8 -9 9 10 -12 -13 13 -15
leaf_value=-9.6810270355765163e-05 -0.0012457368494217355 -0.0022195143987780229 0.0016511916871726499 0.00042515463281233862 -0.0016448356075293791 0.0026188265172539644 -0.0040945932633488459 -0.0020275404126935503 0.0013666651622522023 0.0012501768261767767 -0.0017656608103639904 0.0051414448512380429 0.0053722145174890578 -0.00032400200717099458
leaf_weight=4987 559 290 524 1022 1096 2352 120 140 742 1065 232 780 170 254
leaf_count=4987 559 290 524 1022 1096 2352 120 140 742 1065 232 780 170 254
internal_value=9.94735e-05 -7.98452e-05 -0.00125927 5.4032e-05 -0.000800165 0.000301777 -0.00317771 -5.04483e-05 0.000597255 0.000908729 0.000296659 0.00142354 -0.000289727 0.000649767
internal_weight=14333 10531 1074 9457 2118 7339 410 664 3802 2819 1297 1522 983 424
internal_count=14333 10531 1074 9457 2118 7339 410 664 3802 2819 1297 1522 983 424
is_linear=0
shrinkage=0.025


Tree=129
num_leaves=14
num_cat=0
split_feature=30 44 43 46 39 46 13 41 20 13 9 1 0
split_gain=1.85804 2.05137 2.42756 2.32077 2.20514 1.51502 4.39013 1.29971 1.1825 1.79421 0.951113 0.205121 0.352152
threshold=-0.60809463262557972 0.015035796444863083 -0.083492316305637346 0.69570478796958934 0.99494656920433056 0.18254688382148745 -0.21864458918571469 0.63742861151695263 0.062184600159525878 -0.19895518571138379 0.031729739159345634 -0.017693729139864441 -0.0028502057539299126
decision_type=2 2 2 2 2 2 2 2 2 2 2 2 2
left_child=8 5 4 -4 -3 6 -2 -7 9 10 -1 -10 -13
right_child=1 2 3 -5 -6 7 -8 -9 11 -11 -12 12 -14
leaf_value=0.00022642316697961556 0.001228967526009872 -0.0021184201178034135 0.0010954263153922427 -0.00046417341493092682 -5.6476863216569255e-05 0.0032876324201465421 -0.0038640725685589248 0.00044240426380648775 0.0063093205583337631 -0.0017219723861657073 0.0033822106860120407 0.00039265947238757568 0.0019963888361258517
leaf_weight=684 369 1440 3416 3641 1750 709 162 900 232 158 226 200 408
leaf_count=684 369 1440 3416 3641 1750 709 162 900 232 158 226 200 408
internal_value=0.000105332 -6.15307e-06 -0.00015375 0.000104255 -0.000725743 0.000696387 -0.000450093 0.00107884 0.000830502 0.000269105 0.000703552 0.00153107 0.00124592
internal_weight=14295 12387 10247 7057 3190 2140 531 1609 1908 1068 910 840 608
internal_count=14295 12387 10247 7057 3190 2140 531 1609 1908 1068 910 840 608
is_linear=0
shrinkage=0.025


Tree=130
num_leaves=10
num_cat=0
split_feature=9 16 38 33 48 4 37 45 31
split_gain=2.13027 2.27405 2.53058 3.6882 3.51733 1.54535 1.06784 1.02243 0.323432
threshold=0.014650776982307436 0.024106965400278572 -0.05117502994835376 -0.029456506483256813 0.1241746135056019 0.0043224403634667405 0.020878252573311332 0.24834922701120379 0.10493973270058633
decision_type=2 2 2 2 2 2 2 2 2
left_child=8 2 3 -2 -4 7 -7 -3 -1
right_child=1 5 4 -5 -6 6 -8 -9 -10
leaf_value=0.00076561183030989357 -0.0042167062520380421 0.00025818830008149033 -0.0022762653789677426 0.00032428242886948366 -0.00039918224363888287 0.00090639474023006749 0.0045181792739954268 -0.0011998382638710985 0.0035650129125514999
leaf_weight=124 129 464 463 5729 3741 2270 672 301 328
leaf_count=124 129 464 463 5729 3741 2270 672 301 328
internal_value=0.000122751 6.65203e-05 -0.000128017 0.000207019 -0.000596044 0.000595703 0.000856379 -0.000397727 0.00180252
internal_weight=14221 13769 10062 5858 4204 3707 2942 765 452
internal_count=14221 13769 10062 5858 4204 3707 2942 765 452
is_linear=0
shrinkage=0.025


Tree=131
num_leaves=8
num_cat=0
split_feature=17 9 4 39 44 20 34
split_gain=2.18939 2.04796 2.5786 2.67189 2.42711 0.704862 0.0775672
threshold=-0.5274316370487212 0.014650776982307436 0.11627676337957384 0.90176171064376842 0.027284160256385807 -0.074014976620674119 0.03793600574135781
decision_type=2 2 2 2 2 2 2
left_child=6 5 3 -3 -4 -2 -1
right_child=1 2 4 -5 -6 -7 -8
leaf_value=0.0019280842172823952 0.00019887535975181584 -0.0019088491562378037 0.00074755076449770997 -3.8930682952684797e-06 -0.0006215195423833733 0.0043430048326457207 0.0033176545835783
leaf_weight=228 124 2036 6044 3297 2027 326 174
leaf_count=228 124 2036 6044 3297 2027 326 174
internal_value=9.35244e-05 3.99561e-05 -1.55678e-05 -0.000442347 0.000265757 0.00168956 0.00190111
internal_weight=14256 13854 13404 5333 8071 450 402
internal_count=14256 13854 13404 5333 8071 450 402
is_linear=0
shrinkage=0.025


Tree=132
num_leaves=13
num_cat=0
split_feature=40 46 43 41 4 35 40 37 31 38 46 10
split_gain=2.65631 3.72658 3.12644 2.18395 2.11154 2.69981 4.52486 3.41433 1.84966 4.0244 3.24544 0.294713
threshold=1.3124855756759646 0.28690260648727423 -0.19351182878017423 0.75969961285591137 0.10769112035632135 0.098258756101131453 0.7393348515033723 0.01645349990576506 0.96933308243751537 -0.12176326662302016 0.82607382535934459 0.017296990379691127
decision_type=2 2 2 2 2 2 2 2 2 2 2 2
left_child=4 11 -3 -4 5 7 -7 -1 10 -10 -6 -2
right_child=1 2 3 -5 8 6 -8 -9 9 -11 -12 -13
leaf_value=0.0010457594751401476 0.0024014949287614624 -0.0026766180144545061 -0.0016883628775914317 0.0008041505750140996 0.0023694833581524204 -0.0031605048667083047 -0.00048410635567706423 -0.0014416427284605759 0.0032123812620877164 -0.00036940045648527968 -0.0018650796391385524 0.00047803084001895013
leaf_weight=2397 132 120 539 201 2835 378 1495 1039 846 3867 319 120
leaf_count=2397 132 120 539 201 2835 378 1495 1039 846 3867 319 120
internal_value=8.31702e-05 -0.00108662 -0.00187139 -0.00123322 0.000182744 -0.00020159 -0.000964457 0.000213238 0.000442867 0.000127438 0.000911285 0.00155156
internal_weight=14288 1112 860 740 13176 5309 1873 3436 7867 4713 3154 252
internal_count=14288 1112 860 740 13176 5309 1873 3436 7867 4713 3154 252
is_linear=0
shrinkage=0.025


Tree=133
num_leaves=10
num_cat=0
split_feature=31 17 20 41 3 4 9 40 45
split_gain=2.23875 3.25093 2.55579 2.69366 2.22129 2.45904 2.34387 1.75267 1.27066
threshold=2.1341483592987065 0.73965623974800121 0.5930829942226411 0.65955099463462841 0.61926814913749706 0.20943221449851993 0.014917381573468448 1.298707962036133 0.99137932062149059
decision_type=2 2 2 2 2 2 2 2 2
left_child=4 -2 3 -3 5 6 -1 -7 -4
right_child=1 2 8 -5 -6 7 -8 -9 -10
leaf_value=0.0029313811448979528 -0.0028444747862327998 -0.0018098695439414084 0.0019068079668409365 0.0024560554180922786 -0.0029222089050164896 0.00140814083312644 -0.00014192178715819216 -0.00067549773585662189 -0.001571378038011946
leaf_weight=468 153 463 661 210 128 4701 7131 297 129
leaf_count=468 153 463 661 210 128 4701 7131 297 129
internal_value=0.000100812 -0.000773442 -0.000399353 -0.00152839 0.000212588 0.000246886 -3.56719e-05 0.000677344 0.000558176
internal_weight=14341 1616 1463 673 12725 12597 7599 4998 790
internal_count=14341 1616 1463 673 12725 12597 7599 4998 790
is_linear=0
shrinkage=0.025


Tree=134
num_leaves=14
num_cat=0
split_feature=35 36 34 16 40 3 36 36 41 41 40 34 36
split_gain=2.01701 3.90453 4.1231 4.47259 3.99215 3.25736 2.13696 2.26228 2.21067 3.24012 1.79417 0.809275 0.646477
threshold=0.061445608735084541 0.28962449729442602 0.139903798699379 0.016649560071527961 1.3190979957580569 -0.0076636837329715482 -0.15085972100496289 0.011384130921214821 0.35837602615356451 0.73099249601364147 0.48008930683135992 -0.049285458400845521 0.16503754258155826
decision_type=2 2 2 2 2 2 2 2 2 2 2 2 2
left_child=6 2 3 -2 5 -3 8 11 -1 -10 -9 -8 -4
right_child=1 4 12 -5 -6 -7 7 10 9 -11 -12 -13 -14
leaf_value=0.0016388140384307808 0.0010058850777613282 -0.0015875536416356268 0.0064163804910272425 -0.001495535333121108 -0.0029498153790168276 0.0016007310457929287 0.00053606571876054269 -0.004215431555521159 -0.0031798503584359421 0.00057961056894035082 0.0004958758084476027 0.0051289306264822934 6.1862973229012813e-05
leaf_weight=228 652 452 375 2358 180 3810 430 126 597 299 3422 1098 217
leaf_count=228 652 452 375 2358 180 3810 430 126 597 299 3422 1098 217
internal_value=0.000147642 -0.000112902 -0.000724633 -0.00110075 0.000381999 0.000538728 0.000486503 0.000705324 -0.000494907 -0.00105855 0.000355685 0.0015093 0.00117044
internal_weight=14244 8044 3602 3010 4442 4262 6200 5076 1124 896 3548 1528 592
internal_count=14244 8044 3602 3010 4442 4262 6200 5076 1124 896 3548 1528 592
is_linear=0
shrinkage=0.025


Tree=135
num_leaves=13
num_cat=0
split_feature=30 37 38 35 35 38 39 20 41 45 37 26
split_gain=2.09946 2.06299 1.99753 2.1147 1.65896 2.02631 1.11778 1.07169 1.34887 1.50292 0.286291 0.106644
threshold=-0.71642702817916859 0.0093778399750590342 -0.30866937339305872 0.22045715898275378 0.27911078929901129 -0.17115406692028043 0.90750718116760265 0.076028637588024153 0.77824541926383983 0.18103448301553729 0.01049356395378709 0.01924008131027222
decision_type=2 2 2 2 2 2 2 2 2 2 2 2
left_child=7 4 11 -4 5 -2 -6 8 9 -1 -9 -3
right_child=1 2 3 -5 6 -7 -8 10 -10 -11 -12 -13
leaf_value=0.004817636136122877 -0.0021835408963603903 0.0035326090717104214 -0.00056942602781535337 0.00062048288090179162 -0.0015672972666881026 0.0017186681211636011 0.0005478890156708718 0.00088195142178934505 0.0031917137505692809 -0.00084697937383087965 0.0035993130950097187 0.0023352058964574685
leaf_weight=203 160 120 7308 2727 156 2082 177 157 240 423 408 218
leaf_count=203 160 120 7308 2727 156 2082 177 157 240 423 408 218
internal_value=0.000100198 0 -0.000157665 -0.000222236 0.000632268 0.000878393 -0.000994822 0.00100714 0.000440586 -0.000164421 0.00185307 0.00171647
internal_weight=14379 12948 10373 10035 2575 2242 333 1431 866 626 565 338
internal_count=14379 12948 10373 10035 2575 2242 333 1431 866 626 565 338
is_linear=0
shrinkage=0.025


Tree=136
num_leaves=9
num_cat=0
split_feature=17 40 3 3 31 22 9 9
split_gain=1.97293 1.99762 1.91454 2.13782 1.8838 1.50504 0.304349 0.0108092
threshold=-0.5060780644416808 1.3190979957580569 0.68802121281623851 0.072186280041933074 1.7266284227371218 0.69568613171577465 0.029263300821185115 0.020206523127853874
decision_type=2 2 2 2 2 2 2 2
left_child=6 2 3 -2 5 -3 7 -1
right_child=1 4 -4 -5 -6 -7 -8 -9
leaf_value=0.0031018320830029774 -0.00015356749851627472 -0.00081120683546739153 -0.0020292763777095273 0.00074386701450464537 -0.0032205595830368072 0.00063387589981554141 0.00097260972485428872 0.005171506505758882
leaf_weight=123 5903 517 209 6830 142 265 121 203
leaf_count=123 5903 517 209 6830 142 265 121 203
internal_value=0.000113581 6.01075e-05 0.000140863 0.00018066 -0.00105893 -0.000557497 0.00173949 0.00214124
internal_weight=14313 13866 12942 12733 924 782 447 326
internal_count=14313 13866 12942 12733 924 782 447 326
is_linear=0
shrinkage=0.025


Tree=137
num_leaves=14
num_cat=0
split_feature=24 37 37 38 3 31 38 37 26 38 13 43 3
split_gain=2.09235 2.19966 3.45365 6.19578 2.29081 2.18947 4.87304 1.67767 2.61333 1.09753 0.722796 1.36204 0.0157655
threshold=21.962167739868168 0.0096004037186503428 0.010752105154097082 -0.047704154625535004 0.68802121281623851 2.164859533309937 -0.075549017637968049 0.022662520408630375 0.033989338204264648 -0.10893821716308592 -0.25391793251037592 -0.18269629776477811 0.048402752727270133
decision_type=2 2 2 2 2 2 2 2 2 2 2 2 2
left_child=5 10 3 -3 -4 7 -7 8 -1 -9 12 -12 -2
right_child=1 2 4 -5 -6 6 -8 9 -10 -11 11 -13 -14
leaf_value=-0.0001698564820615414 0.0053773992946312757 0.00086106450631870705 0.00044709391501865587 -0.0035830505762977187 -0.0027675497955116624 0.00027059619149685202 -0.0039286420944808099 0.0074914897529881983 -0.0025302448509586959 -3.7834994153324581e-05 -0.001150166266312425 0.0013483435375210746 0.0024425832630754255
leaf_weight=4126 210 330 6142 345 172 183 139 309 156 250 191 1560 120
leaf_count=4126 210 330 6142 345 172 183 139 309 156 250 191 1560 120
internal_value=0.000122998 0.000351928 0.000138154 -0.00155331 0.000321056 -0.000277912 -0.00225917 -0.000142643 -0.000312281 0.00113697 0.00106484 0.000852079 0.00214552
internal_weight=14233 9070 6989 675 6314 5163 322 4841 4282 559 2081 1751 330
internal_count=14233 9070 6989 675 6314 5163 322 4841 4282 559 2081 1751 330
is_linear=0
shrinkage=0.025


Tree=138
num_leaves=9
num_cat=0
split_feature=17 40 13 3 3 22 22 46
split_gain=1.9146 1.97004 2.1912 1.91656 2.23142 1.57135 1.07843 0.127103
threshold=-0.5499587059020995 1.3190979957580569 -0.19384183734655377 0.68802121281623851 0.025343060493469242 0.6387266516685487 0.69568613171577465 0.052177859470248229
decision_type=2 2 2 2 2 2 2 2
left_child=7 3 6 4 -2 -4 -3 -1
right_child=1 2 5 -5 -6 -7 -8 -9
leaf_value=0.004355456771043608 -0.0003237687509350104 -0.00026143799141676915 -0.0034799955525150251 -0.0018939902286598791 0.00051979157343821436 -0.00035074328098585485 0.0019301577362341241 0.0018187629999050941
leaf_weight=168 4878 383 205 219 7785 244 140 191
leaf_count=168 4878 383 205 219 7785 244 140 191
internal_value=4.05297e-05 -6.04291e-06 -0.00108879 7.55607e-05 0.000116534 -0.00235958 2.36752e-06 0.00183036
internal_weight=14213 13854 972 12882 12663 449 523 359
internal_count=14213 13854 972 12882 12663 449 523 359
is_linear=0
shrinkage=0.025


Tree=139
num_leaves=12
num_cat=0
split_feature=37 30 16 35 40 9 36 36 39 41 24
split_gain=2.05345 2.34014 2.04442 2.33358 1.73057 1.56444 0.916945 1.51653 0.592706 0.454712 0.364751
threshold=0.0081807607784867304 -0.69944876432418812 0.024106965400278572 0.058684131130576141 0.7297625243663789 0.028094526380300525 0.30370196700096136 0.41602475941181188 0.75365784764289867 0.68387940526008617 34.013286590576179
decision_type=2 2 2 2 2 2 2 2 2 2 2
left_child=6 4 3 -3 -2 -4 8 -8 -1 -10 -6
right_child=1 2 5 -5 10 -7 7 -9 9 -11 -12
leaf_value=0.00032306002660637445 -0.00082425919017299328 0.00011586313330735148 0.0017058974021247775 -0.00082078190850262971 0.0019347082082619917 -2.4240507827854582e-05 -0.0010931386426218128 0.0054468170522299405 0.0051659442230119609 0.00083289238351082141 0.0042801748148406258
leaf_weight=226 195 3932 1392 4447 888 1807 227 212 496 150 277
leaf_count=226 195 3932 1392 4447 888 1807 227 212 496 150 277
internal_value=0.000101112 4.92554e-06 -0.000109967 -0.000315631 0.000984432 0.00042642 0.00104198 9.29055e-05 0.00150941 0.00189516 0.0013515
internal_weight=14249 12938 11578 8379 1360 3199 1311 439 872 646 1165
internal_count=14249 12938 11578 8379 1360 3199 1311 439 872 646 1165
is_linear=0
shrinkage=0.025


Tree=140
num_leaves=12
num_cat=0
split_feature=24 36 37 31 3 39 3 35 35 30 17
split_gain=2.34661 2.47135 2.95623 2.491 2.38742 2.47375 1.84854 1.2 2.41461 1.19808 0.62009
threshold=23.755349159240726 0.4880418479442597 0.023057932034134868 2.1341483592987065 -1.0000000180025095e-35 1.0400649309158327 0.68802121281623851 0.22045715898275378 0.12647326290607455 -0.11359048634767531 0.90149280428886425
decision_type=2 2 2 2 2 2 2 2 2 2 2
left_child=1 2 3 -1 -3 -6 7 8 -2 -9 -4
right_child=6 4 10 -5 5 -7 -8 9 -10 -11 -12
leaf_value=-0.00017159862499261205 0.00063962313141818728 -0.0041343331870189104 0.0067307515935111466 -0.0020427298279135425 0.0013121694154343633 -0.0035057946556412479 -0.0018152683287837861 0.0036271390691953323 -0.00074476812885363006 0.0012809139462045709 0.00082467638285338017
leaf_weight=4918 3617 123 425 237 163 134 221 704 1716 1919 151
leaf_count=4918 3617 123 425 237 163 134 221 704 1716 1919 151
internal_value=0.000105613 -0.000262549 -0.000124869 -0.000316134 -0.00210294 -0.000831954 0.000383311 0.000447023 0.000229721 0.000885179 0.00156411
internal_weight=14328 6151 5731 5155 420 297 8177 7956 5333 2623 576
internal_count=14328 6151 5731 5155 420 297 8177 7956 5333 2623 576
is_linear=0
shrinkage=0.025


Tree=141
num_leaves=9
num_cat=0
split_feature=38 36 9 39 38 5 19 33
split_gain=1.83799 2.4451 2.36594 2.76859 2.05218 3.40159 3.14862 0.123915
threshold=-0.30866937339305872 -0.17408153414726255 0.021160094067454342 1.0455918908119204 -0.10303508490324019 0.62300804257392894 -0.086924143135547624 -0.0025355970719829197
decision_type=2 2 2 2 2 2 2 2
left_child=7 2 -2 -4 5 -3 -6 -1
right_child=1 4 3 -5 6 -7 -8 -9
leaf_value=0.0019690488970739604 -0.005528954456210336 0.00016007207615266152 0.0005367899419046158 -0.0020849387919598551 -0.0018405216511987862 0.0034894222070200975 5.8651232346832203e-06 0.0035004222410133555
leaf_weight=122 133 3189 348 415 374 1244 8177 254
leaf_count=122 133 3189 348 415 374 1244 8177 254
internal_value=8.12532e-05 3.37595e-05 -0.00122503 -0.00066569 0.000121545 0.000557965 -0.000104167 0.00179462
internal_weight=14256 13880 896 763 12984 4433 8551 376
internal_count=14256 13880 896 763 12984 4433 8551 376
is_linear=0
shrinkage=0.025


Tree=142
num_leaves=13
num_cat=0
split_feature=34 38 35 31 20 40 35 37 15 35 34 9
split_gain=2.03381 2.61614 2.27651 2.00638 4.92017 2.12507 1.52531 1.95034 1.39676 0.770156 1.18361 0.564116
threshold=0.139903798699379 -0.020750980824232098 0.43895612657070165 1.7704916000366213 0.5930829942226411 0.7263658642768861 0.19614410400390628 0.011417964007705452 0.3189655095338822 0.14822789281606677 0.16395609825849536 0.033622913062572486
decision_type=2 2 2 2 2 2 2 2 2 2 2 2
left_child=1 6 9 5 -5 -3 7 -1 -8 10 -2 -11
right_child=2 3 -4 4 -6 -7 8 -9 -10 11 -12 -13
leaf_value=0.00083684084562167266 0.0023109415377374027 -0.0018667384915572684 -0.0017750766344072745 -0.002822257420923683 0.0005895764793754165 6.5223879232995406e-05 -0.00027300424953954731 -0.00017481140165933045 0.0041070738859183145 0.0058316021384871193 -0.0029517235768921454 0.00071269603378808612
leaf_weight=2471 261 411 187 370 356 1952 348 5529 967 1010 173 251
leaf_count=2471 261 411 187 370 356 1952 348 5529 967 1010 173 251
internal_value=0.000109072 -6.74904e-06 0.000873741 -0.00063712 -0.00178352 -0.000279244 0.000201851 7.10494e-05 0.000989583 0.00116544 0.000236333 0.00147808
internal_weight=14286 12404 1882 3089 726 2363 9315 8000 1315 1695 434 1261
internal_count=14286 12404 1882 3089 726 2363 9315 8000 1315 1695 434 1261
is_linear=0
shrinkage=0.025


Tree=143
num_leaves=10
num_cat=0
split_feature=17 40 9 44 40 43 27 36 26
split_gain=1.82349 2.43046 1.96683 4.24274 1.78467 1.95519 1.85781 0.361403 0.0131928
threshold=-0.5060780644416808 1.3124855756759646 0.03939445689320565 0.025674687698483471 1.1240597367286684 -0.33807224035263056 -0.0084371464326977712 -0.13760903477668759 0.019495846703648571
decision_type=2 2 2 2 2 2 2 2 2
left_child=7 4 3 -3 5 -2 -6 -1 -9
right_child=1 2 -4 -5 6 -7 -8 8 -10
leaf_value=9.8133826776614419e-05 -0.0011625050155534362 -0.00026736679681038466 0.0028283958715725533 -0.0044378346154518092 -0.0013999625327680274 0.00013769618299674003 0.0014493248703945226 0.0021828554363753461 0.0055294027307257049
leaf_weight=128 667 697 153 122 179 9728 2203 121 203
leaf_count=128 667 697 153 122 179 9728 2203 121 203
internal_value=0.000138762 8.66113e-05 -0.00111438 -0.00160346 0.000178865 3.66587e-05 0.000795455 0.00169311 0.00213906
internal_weight=14201 13749 972 819 12777 10395 2382 452 324
internal_count=14201 13749 972 819 12777 10395 2382 452 324
is_linear=0
shrinkage=0.025


Tree=144
num_leaves=12
num_cat=0
split_feature=34 38 31 31 35 35 35 35 36 12 26
split_gain=1.75566 3.12947 3.32573 4.11327 3.31869 2.62464 2.19205 3.06055 1.20343 0.78619 0.498371
threshold=0.14204169809818271 -0.051605883985757821 1.0457134246826174 0.53903403878211986 0.20384284108877185 0.43895612657070165 0.16928891837596896 0.10825206711888315 0.61227545142173778 -0.16342139244079587 0.017548041418194774
decision_type=2 2 2 2 2 2 2 2 2 2 2
left_child=1 6 3 -3 -4 9 7 -1 -8 -2 -11
right_child=5 2 4 -5 -6 -7 8 -9 -10 10 -12
leaf_value=0.00049595794007477908 -0.0003004517700907734 -0.00083532184890333097 -0.0017896893659096519 0.0014616990851981976 -0.00062570371029055101 -0.0020964246516838462 0.0092547728697943681 -0.0013840752201412501 -0.00013466789027546483 3.0127311320735096e-05 0.0043006376599195708
leaf_weight=6153 134 1522 882 1265 1128 191 541 809 153 148 1379
leaf_count=6153 134 1522 882 1265 1128 191 541 809 153 148 1379
internal_value=0.000143693 3.62218e-05 -0.000463609 9.3571e-05 -0.00123759 0.000860932 0.000350313 0.000215121 0.00168634 0.00118322 0.00134546
internal_weight=14305 12453 4797 2787 2010 1852 7656 6962 694 1661 1527
internal_count=14305 12453 4797 2787 2010 1852 7656 6962 694 1661 1527
is_linear=0
shrinkage=0.025


Tree=145
num_leaves=12
num_cat=0
split_feature=44 20 36 40 45 38 9 40 41 47 37
split_gain=2.05719 2.54609 2.54167 2.3176 2.27157 1.7827 1.74444 3.33705 1.2116 1.17657 0.0951656
threshold=0.027479092590510849 0.33085334300994879 0.53403553366661083 0.72273260354995739 0.99137932062149059 -0.052924282848834985 0.040329538285732276 1.2706139087677004 0.50342619419097911 0.95286133885383617 0.013871475122869016
decision_type=2 2 2 2 2 2 2 2 2 2 2
left_child=1 2 3 -1 6 10 7 -2 -7 -8 -3
right_child=4 5 -4 -5 -6 8 9 -9 -10 -11 -12
leaf_value=-0.0013591967300957933 -0.00045489696296644968 0.0038486577973037965 -0.0030541892961587908 0.00029298224051939873 -0.0031737367349603095 0.0035309307003578909 0.0031782702901348042 -0.0038302882681564227 -6.6968795636061239e-05 -0.00044718845153360505 0.005509538195404699
leaf_weight=1445 1392 120 232 7836 180 571 412 151 1005 320 621
leaf_count=1445 1392 120 232 7836 180 571 412 151 1005 320 621
internal_value=0.000115903 0.000252957 7.10497e-05 0.0001369 -0.000541158 0.00099537 -0.000320724 -0.000798611 0.000511543 0.00067673 0.0020057
internal_weight=14285 11830 9513 9281 2455 2317 2275 1543 1576 732 741
internal_count=14285 11830 9513 9281 2455 2317 2275 1543 1576 732 741
is_linear=0
shrinkage=0.025


Tree=146
num_leaves=10
num_cat=0
split_feature=13 40 3 9 11 4 37 6 12
split_gain=2.00869 3.65417 2.22332 2.17362 2.98202 2.02267 0.847292 0.389334 0.0315346
threshold=-0.43828728795051569 1.3124855756759646 0.68802121281623851 0.03939445689320565 0.022134765982627872 0.1953946799039841 0.01733503304421902 0.039229506626725204 -0.21725087612867353
decision_type=2 2 2 2 2 2 2 2 2
left_child=6 2 5 4 -3 -2 7 8 -1
right_child=1 3 -4 -5 -6 -7 -8 -9 -10
leaf_value=0.0034893646838391997 -0.0002112173647123287 -0.00071929185404092614 -0.0020560363799182186 0.002233182232218502 -0.0036674972466214425 0.00064801963322591409 3.8261461157277335e-05 0.00095300841503486344 0.0052957253894853071
leaf_weight=156 6150 606 211 146 153 6198 228 169 275
leaf_count=156 6150 606 211 146 153 6198 228 169 275
internal_value=8.5595e-05 1.14152e-05 0.000122672 -0.00151786 -0.00205661 0.000167065 0.00127701 0.00176653 0.0021703
internal_weight=14292 13464 12559 905 759 12348 828 600 431
internal_count=14292 13464 12559 905 759 12348 828 600 431
is_linear=0
shrinkage=0.025


Tree=147
num_leaves=11
num_cat=0
split_feature=30 9 17 3 44 17 20 30 39 1
split_gain=2.07553 2.40242 1.61015 2.10006 1.01513 0.807579 0.756345 0.381094 0.150625 0.0697762
threshold=-0.56213358044624318 0.015178637579083444 -0.5499587059020995 0.06991522386670114 0.012285047210752966 0.83786368370056163 0.059724761173129089 -0.11359048634767531 0.59365269541740429 0.016421285457909111
decision_type=2 2 2 2 2 2 2 2 2 2
left_child=4 7 9 -4 -1 6 -6 -2 -9 -3
right_child=1 2 3 -5 5 -7 -8 8 -10 -11
leaf_value=-0.00087722700212365028 0.00063459072510247132 0.0019524317790633996 -0.00063607507883304258 0.00023848395566682392 0.00074072735134202573 -0.00033272969384053302 0.002702991515456206 0.0024933818084117631 0.0056599834263496504 0.0021101510966468227
leaf_weight=151 122 156 4699 6673 1061 122 781 120 268 120
leaf_count=151 122 156 4699 6673 1061 122 781 120 268 120
internal_value=0.000141914 1.55185e-05 -5.78176e-05 -0.000104487 0.000863797 0.00101765 0.00114984 0.00168689 0.00207061 0.0018105
internal_weight=14273 12158 11648 11372 2115 1964 1842 510 388 276
internal_count=14273 12158 11648 11372 2115 1964 1842 510 388 276
is_linear=0
shrinkage=0.025


Tree=148
num_leaves=13
num_cat=0
split_feature=37 36 10 12 13 43 9 17 0 3 40 36
split_gain=2.07563 2.41138 2.28533 1.86652 2.07019 1.6384 2.55587 1.15951 1.04883 0.83802 1.23753 0.34282
threshold=0.023403232917189602 0.51863935589790355 0.023494089953601364 -0.29302370548248285 -0.45075519382953638 -0.10051846131682395 0.03905069828033448 0.80411735177040111 -0.0022741833236068483 -0.021234775893390175 1.1431992053985598 0.0024746152339503173
decision_type=2 2 2 2 2 2 2 2 2 2 2 2
left_child=2 9 3 -1 -5 8 -7 -3 -4 10 -2 -11
right_child=1 7 5 4 -6 6 -8 -9 -10 11 -12 -13
leaf_value=-0.0026616814237713097 0.0027461958180247936 -0.0036564959939515613 -0.00085955229490856802 0.0038465430276544165 0.00011336301928333885 -0.0019430243211141626 0.00034930686328624432 5.8966734924042912e-05 0.0010622707004250759 0.00276205244086585 -0.0023099629225157956 0.0067673194583601284
leaf_weight=218 505 123 209 428 10458 554 316 216 248 126 121 661
leaf_count=218 505 123 209 428 10458 554 316 216 248 126 121 661
internal_value=0.000134004 0.000938389 1.98015e-05 0.000137614 0.000184441 -0.000958146 -0.00159286 -0.000933866 0.000240801 0.00139369 0.000687401 0.00193971
internal_weight=14183 1752 12431 11104 10886 1327 870 339 457 1413 626 787
internal_count=14183 1752 12431 11104 10886 1327 870 339 457 1413 626 787
is_linear=0
shrinkage=0.025


Tree=149
num_leaves=12
num_cat=0
split_feature=41 11 40 30 32 13 31 9 35 40 2
split_gain=1.77825 2.45145 2.95154 2.76127 1.99463 1.66328 2.24925 1.4648 1.23548 1.12024 0.257641
threshold=0.73657879233360302 0.019804880023002628 1.3243254423141482 0.017851303331553939 0.59248337149620067 -0.40856105089187617 0.053423788398504264 0.036903280764818198 -0.16059710830450055 1.4397432804107668 -0.049964189529418938
decision_type=2 2 2 2 2 2 2 2 2 2 2
left_child=1 5 3 -3 -2 10 -7 8 -6 -4 -1
right_child=4 2 9 -5 7 6 -8 -9 -10 -11 -12
leaf_value=0.0013572825138348464 -0.00079685216685794209 0.0001600049324406748 -0.003191646783254946 -0.0018882694278523099 -0.0011727750253044808 -0.0020887064092672916 0.00022879755479937624 0.0058363585315265691 0.00082945039342007432 -0.00080408394911186227 0.0047964075035002059
leaf_weight=144 226 1905 145 1175 181 227 7393 354 2147 120 246
leaf_count=144 226 1905 145 1175 181 227 7393 354 2147 120 246
internal_value=0.000140262 -5.50083e-07 -0.00056903 -0.000346434 0.000691298 0.000236276 0.000153279 0.00088342 0.000648843 -0.0030787 0.00181962
internal_weight=14263 11355 3345 3080 2908 8010 7620 2682 2328 265 390
internal_count=14263 11355 3345 3080 2908 8010 7620 2682 2328 265 390
is_linear=0
shrinkage=0.025


Tree=150
num_leaves=10
num_cat=0
split_feature=9 34 38 35 36 35 24 46 30
split_gain=1.74124 1.68263 2.69417 2.49968 1.74919 0.812319 0.698488 0.561642 0.507104
threshold=0.014650776982307436 0.17045219987630847 -0.049880862236022942 0.19306533038616183 0.28962449729442602 0.34286741912364965 23.656573295593265 0.23105636239051822 0.30477659404277807
decision_type=2 2 2 2 2 2 2 2 2
left_child=7 2 3 -2 -4 6 -3 -1 -7
right_child=1 5 4 -5 -6 8 -8 -9 -10
leaf_value=0.00016587177015370781 0.00010894975257879268 8.9059480387280684e-05 -0.0010506110066552984 0.0062897348985217543 -2.6182376442861354e-05 0.0025730334475685072 0.0054232921815620906 0.003165712037671407 -0.0014723200395046832
leaf_weight=139 6942 136 2302 692 2870 175 551 298 134
leaf_count=139 6942 136 2302 692 2870 175 551 298 134
internal_value=0.000120489 7.05259e-05 -6.14697e-06 0.000291759 -0.000446929 0.00105769 0.0015336 0.00166572 0
internal_weight=14239 13802 12806 7634 5172 996 687 437 309
internal_count=14239 13802 12806 7634 5172 996 687 437 309
is_linear=0
shrinkage=0.025


Tree=151
num_leaves=15
num_cat=0
split_feature=38 34 31 48 40 38 35 36 36 35 40 34 35 9
split_gain=1.80479 2.58963 2.96479 3.11376 3.02088 2.18557 3.92434 2.65448 1.97735 1.93838 1.9219 1.85633 1.48384 0.751103
threshold=-0.065974175930023179 0.14312935620546344 1.0685203075408938 0.1241746135056019 0.7297625243663789 -0.1728362366557121 0.098258756101131453 0.46392485499382025 -0.15085972100496289 0.43895612657070165 0.96010982990264904 -0.016690616495907303 0.15337150543928149 0.032356474548578269
decision_type=2 2 2 2 2 2 2 2 2 2 2 2 2 2
left_child=5 2 4 -4 -2 6 8 12 -1 13 -9 -8 -7 -3
right_child=1 9 3 -5 -6 7 11 10 -10 -11 -12 -13 -14 -15
leaf_value=-0.00073375287132586265 -0.0024406335548270066 0.004770732876454381 -0.0018253310622819965 -0.00087530739877622057 0.0003888507962158535 0.001439243802194353 -0.0046326769372872752 0.0003899816838455065 0.0010415870744732096 -0.0019784023041596491 -0.0029866366932048988 -0.0010486887463348527 0.0092931938687816299 0.00025521153901743944
leaf_weight=1148 583 998 336 1894 2716 3423 125 230 1426 177 239 192 443 353
leaf_count=1148 583 998 336 1894 2716 3423 125 230 1426 177 239 192 443 353
internal_value=0.000134816 -0.00014886 -0.000401382 -0.00110459 7.30176e-05 0.000412633 -0.000117835 0.000767569 0.000205021 0.000759132 -0.000994198 -0.00272127 0.000983919 0.00108499
internal_weight=14283 7057 5529 2230 3299 7226 2891 4335 2574 1528 469 317 3866 1351
internal_count=14283 7057 5529 2230 3299 7226 2891 4335 2574 1528 469 317 3866 1351
is_linear=0
shrinkage=0.025


Tree=152
num_leaves=11
num_cat=0
split_feature=41 11 40 48 40 41 3 13 34 11
split_gain=1.57546 1.62536 1.79959 2.69657 2.03023 1.53709 2.47757 2.36365 0.352349 0.122243
threshold=0.83108341693878185 0.014711344614624979 0.71567329764366161 0.057776963338255889 0.90317383408546459 0.53959879279136669 -0.033680971711874001 -0.43828728795051569 0.094834785908460631 0.022134765982627872
decision_type=2 2 2 2 2 2 2 2 2 2
left_child=1 2 3 -1 -4 7 -7 -3 9 -2
right_child=8 5 4 -5 -6 6 -8 -9 -10 -11
leaf_value=0.004409383502114921 0.00072963524896299938 0.0052508813216826751 0.0029460868405905816 -0.0020678103801796232 0.00042066733169622642 -0.00040915049078294916 0.00061932882229347934 -0.00096233058914920128 0.0002909871658483673 0.004060845452180782
leaf_weight=195 141 200 1522 681 2202 2461 3655 2788 131 233
leaf_count=195 141 200 1522 681 2202 2461 3655 2788 131 233
internal_value=0.000166473 0.000115162 0.0004981 -0.00051504 0.000738469 -7.78076e-05 0.000148464 -0.000542516 0.00153186 0.00192282
internal_weight=14209 13704 4600 876 3724 9104 6116 2988 505 374
internal_count=14209 13704 4600 876 3724 9104 6116 2988 505 374
is_linear=0
shrinkage=0.025


Tree=153
num_leaves=14
num_cat=0
split_feature=31 43 45 24 36 35 34 20 17 31 36 42 20
split_gain=1.79554 3.25146 2.2694 2.16359 1.97274 5.00198 4.25282 2.7779 2.43541 2.33121 1.91776 1.53212 1.27665
threshold=2.164859533309937 0.12072477117180826 0.99137932062149059 24.213452339172367 0.21314036846160891 0.099443349987268462 0.077908404171466841 0.067487642168998732 0.66113060712814342 0.93758124113082897 0.44506794214248663 0.015437956899404527 0.71167096495628368
decision_type=2 2 2 2 2 2 2 2 2 2 2 2 2
left_child=4 3 12 -2 5 8 -7 10 -1 -9 -6 -5 -3
right_child=1 2 -4 11 7 6 -8 9 -10 -11 -12 -13 -14
leaf_value=0.00012093463172053636 -0.0040078572651437378 -0.00028091765686078543 -0.0027735200780645316 0.0008393662413055023 -3.5607019614991915e-05 -0.0017299898524785009 0.00021850074184101245 0.0028739731508489498 0.0037974316629991074 0.00041282141715637467 -0.0030677819041290732 -0.0018140968037708345 0.0027677744818062492
leaf_weight=4586 123 578 151 132 1024 1137 716 1952 591 2618 159 122 420
leaf_count=4586 123 578 151 132 1024 1137 716 1952 591 2618 159 122 420
internal_value=0.0001199 -0.000688276 -1.84141e-05 -0.00268652 0.000217098 -6.30774e-05 -0.00117667 0.000560307 0.000335054 0.000840164 -0.00051452 -0.00128861 0.000412513
internal_weight=14309 1526 1149 377 12783 7030 1853 5753 5177 4570 1183 254 998
internal_count=14309 1526 1149 377 12783 7030 1853 5753 5177 4570 1183 254 998
is_linear=0
shrinkage=0.025


Tree=154
num_leaves=9
num_cat=0
split_feature=9 30 16 16 34 40 5 32
split_gain=1.80704 1.85817 1.75572 2.61143 1.56968 1.39138 0.555005 0.486881
threshold=0.014650776982307436 -0.69944876432418812 0.024106965400278572 0.022642872296273712 0.12335854768753053 0.74253234267234813 -0.080229423940181718 0.58409196138381969
decision_type=2 2 2 2 2 2 2 2
left_child=6 5 3 -3 -4 -2 -1 -7
right_child=1 2 4 -5 -6 7 -8 -9
leaf_value=0.00011382847892699898 -0.00059887222508180603 -1.6107738360572384e-05 6.5736215788452681e-05 -0.0014015701643631528 0.0034655981881985772 -5.7085698447364465e-05 0.0043256541775230648 0.0025089278495942936
leaf_weight=121 218 7558 2310 1466 1081 129 324 1097
leaf_count=121 218 7558 2310 1466 1081 129 324 1097
internal_value=0.000120816 6.9695e-05 -2.86835e-05 -0.000211402 0.000455315 0.000917012 0.00168056 0.00124594
internal_weight=14304 13859 12415 9024 3391 1444 445 1226
internal_count=14304 13859 12415 9024 3391 1444 445 1226
is_linear=0
shrinkage=0.025


Tree=155
num_leaves=14
num_cat=0
split_feature=37 36 11 13 37 9 36 31 4 13 4 17 31
split_gain=1.59424 2.58628 1.90018 2.04679 1.79088 1.53461 1.2344 0.985343 0.950739 1.25751 0.943498 0.845322 0.473577
threshold=0.023403232917189602 0.51863935589790355 0.014339032582938673 -0.43828728795051569 0.0099363145418465155 0.022330074571073059 0.28765527904033666 0.54629662632942211 0.0043224403634667405 -0.28534933924674982 -0.46703380346298212 0.79050117731094371 2.5936177968978886
decision_type=2 2 2 2 2 2 2 2 2 2 2 2 2
left_child=2 8 4 10 7 -5 -6 -1 9 -2 -4 -3 -10
right_child=1 11 3 5 6 -7 -8 -9 12 -11 -12 -13 -14
leaf_value=0.00068070275276684283 0.0017832567035930118 -0.0034902911904476233 -7.5000114506524251e-05 -0.0009929095318241979 -0.00056284043619291176 -0.00017394652922578463 0.0011679347340837402 0.003680844020017194 0.0051656499654652039 -0.0016253091761296076 0.0028748900715391563 -0.00016894066730814604 0.00066009251201178576
leaf_weight=926 267 120 227 874 1591 6777 925 778 919 134 415 224 120
leaf_count=926 267 120 227 874 1591 6777 925 778 919 134 415 224 120
internal_value=0.000128391 0.000826579 2.80597e-05 -0.00019116 0.000460059 -0.000305806 3.3221e-05 0.0010847 0.00129325 0.000237069 0.00115726 -0.00109957 0.00169181
internal_weight=14297 1784 12513 8293 4220 7651 2516 1704 1440 401 642 344 1039
internal_count=14297 1784 12513 8293 4220 7651 2516 1704 1440 401 642 344 1039
is_linear=0
shrinkage=0.025


Tree=156
num_leaves=15
num_cat=0
split_feature=16 37 15 36 36 37 40 36 8 33 20 38 23 32
split_gain=2.08989 2.33066 2.51426 1.91266 1.76296 1.62038 1.01065 1.4281 1.18906 0.965837 0.789894 0.6776 0.43035 0.206632
threshold=0.016649560071527961 0.023403232917189602 0.077586207538843169 0.52496865391731273 0.28962449729442602 0.0090839238837361353 0.69480967521667492 0.011384130921214821 0.03534302860498429 -0.00037152552977204317 0.32735180854797369 -0.035679331049323075 0.11768706142902376 0.72356998920440685
decision_type=2 2 2 2 2 2 2 2 2 2 2 2 2 2
left_child=5 2 -2 9 -4 11 7 -7 -8 -3 -5 13 -13 -1
right_child=1 3 4 10 -6 6 8 -9 -10 -11 -12 12 -14 -15
leaf_value=0.0021261700175276618 -0.0041149153293719848 0.001296714832465284 -0.00042427577770427262 -0.0029017840325343165 0.00026427037838369898 0.00065328670984573893 0.00064730573172679887 -0.0034128657493243779 -0.0014258743370331906 0.0053390514904287185 5.479687397734857e-05 -0.0003639009252084956 0.0030927040083303693 0.0094818944304402488
leaf_weight=120 138 584 5399 121 4153 139 1531 164 135 834 176 131 151 509
leaf_count=120 138 584 5399 121 4153 139 1531 164 135 834 176 131 151 509
internal_value=0.000107155 -4.43689e-05 -0.000195333 0.000803052 -0.000145312 0.000708406 0.000299519 -0.00101055 0.000543836 0.00118675 -0.000997516 0.00157888 0.000518293 0.00203667
internal_weight=14285 11405 9690 1715 9552 2880 1969 303 1666 1418 297 911 282 629
internal_count=14285 11405 9690 1715 9552 2880 1969 303 1666 1418 297 911 282 629
is_linear=0
shrinkage=0.025


Tree=157
num_leaves=12
num_cat=0
split_feature=13 40 4 39 47 41 13 4 31 36 29
split_gain=1.60345 2.94668 2.19545 2.67074 1.9341 1.60647 1.96964 0.84735 0.529678 0.446987 0.308399
threshold=-0.43828728795051569 1.3124855756759646 0.10769112035632135 1.123169004917145 0.22909024357795718 0.75969961285591137 -0.093553386628627763 -0.49544781446456904 0.39998431503772741 0.14045994728803637 0.035575658082962043
decision_type=2 2 2 2 2 2 2 2 2 2 2
left_child=7 2 3 -2 -4 6 -3 -1 -7 10 -9
right_child=1 5 4 -5 -6 8 -8 9 -10 -11 -12
leaf_value=-0.00011071519303725876 -0.0008989108146044832 -0.0011826981529568302 0.0019790327290947107 0.0006001091672301151 0.00016548149676674686 -0.00023868004996749527 -0.0025853932031262941 0.0034432957683952301 0.00099899239304920384 0.0007303701696664927 0.0025806492982015719
leaf_weight=210 3629 479 1654 1048 6192 121 178 199 150 121 307
leaf_count=210 3629 479 1654 1048 6192 121 178 199 150 121 307
internal_value=8.31702e-05 1.64426e-05 0.000117836 -0.000309964 0.000373679 -0.00133842 -0.0020034 0.00114163 0.000258152 0.00160008 0.00192515
internal_weight=14288 13451 12523 4677 7846 928 657 837 271 627 506
internal_count=14288 13451 12523 4677 7846 928 657 837 271 627 506
is_linear=0
shrinkage=0.025


Tree=158
num_leaves=13
num_cat=0
split_feature=38 34 11 48 35 37 35 37 35 15 16 31
split_gain=1.98446 2.51805 2.93401 2.7549 2.46622 2.67532 2.37562 2.28182 2.21631 1.49136 0.996297 0.525248
threshold=-0.065974175930023179 0.14204169809818271 0.019470275379717353 0.45689655840396887 0.15689333528280261 0.016557741910219196 0.1172725483775139 0.019648350775241855 0.41866117715835577 0.92241379618644725 0.024560993537306789 1.3983621597290041
decision_type=2 2 2 2 2 2 2 2 2 2 2 2
left_child=4 2 9 -4 5 6 -1 -7 10 -2 -3 -6
right_child=1 8 3 -5 11 7 -8 -9 -10 -11 -12 -13
leaf_value=0.0011063846267971792 -0.00010747563669238428 0.00041840450226982018 -0.0026005304465823338 -0.00098010308779801795 0.0087421774074847008 -0.001832626256816283 -0.0018930720111927273 9.0183585900754603e-05 -0.0017875118499412479 -0.0023591966258388695 0.0055992989174638696 0.0021636690463250246
leaf_weight=3591 4302 659 242 715 424 733 266 2000 238 154 723 169
leaf_count=3591 4302 659 242 715 424 733 266 2000 238 154 723 169
internal_value=9.37874e-05 -0.000204071 -0.000463501 -0.00171648 0.000386234 0.000245451 0.000669666 -0.000351077 0.000657692 -0.000191381 0.00104452 0.00192517
internal_weight=14216 7033 5413 957 7183 6590 3857 2733 1620 4456 1382 593
internal_count=14216 7033 5413 957 7183 6590 3857 2733 1620 4456 1382 593
is_linear=0
shrinkage=0.025


Tree=159
num_leaves=12
num_cat=0
split_feature=44 47 20 44 37 45 11 41 41 38 10
split_gain=1.5989 2.22338 1.86651 2.26217 1.92944 1.72793 1.59043 2.32742 1.20065 0.639494 0.132284
threshold=0.027479092590510849 0.8479457199573518 0.12983757257461551 0.016357424668967727 0.010752105154097082 0.99137932062149059 0.030146511271595958 0.4114948064088822 0.4072625488042832 -0.19103229045867917 0.02217868156731129
decision_type=2 2 2 2 2 2 2 2 2 2 2
left_child=1 2 3 -1 -4 6 7 -2 -8 -3 -11
right_child=5 9 4 -5 -6 -7 8 -9 -10 10 -12
leaf_value=0.00039588614896850655 0.00029019435211095223 0.00035773266334925339 -0.00021970948082728235 -0.00084908445449984732 0.001342645521861429 -0.0022154941948245052 -0.00039167432297045708 -0.00198447496054972 0.0038016524190202156 0.0038415978433006441 0.0019344738650625998
leaf_weight=2655 824 185 1469 3206 3781 180 165 1012 286 379 120
leaf_count=2655 824 185 1469 3206 3781 180 165 1012 286 379 120
internal_value=0.000101546 0.000222987 0.000136852 -0.000168982 0.000479306 -0.000475829 -0.00028414 -0.000613118 0.00103344 0.00160196 0.00206597
internal_weight=14262 11795 11111 5861 5250 2467 2287 1836 451 684 499
internal_count=14262 11795 11111 5861 5250 2467 2287 1836 451 684 499
is_linear=0
shrinkage=0.025


Tree=160
num_leaves=11
num_cat=0
split_feature=41 40 17 9 35 17 35 48 34 11
split_gain=1.61137 1.629 3.1065 2.19256 1.57686 3.78854 1.89621 0.873981 0.476855 0.063726
threshold=0.8348204791545869 1.3124855756759646 0.17746354639530185 0.03905069828033448 -0.14671169966459272 0.087517734616994872 0.037485226988792426 0.78154808282852184 0.090055119246244444 0.022699268534779552
decision_type=2 2 2 2 2 2 2 2 2 2
left_child=1 4 7 -4 5 -1 -6 -3 9 -2
right_child=8 2 3 -5 6 -7 -8 -9 -10 -11
leaf_value=-0.004007630250666876 0.0010875317350132298 0.0019578884756188174 -0.0027712446388434286 0.0012942409767240323 0.00079831406345952859 0.00073065857588224068 -3.9797841907536469e-05 -0.00013404869345207807 1.9872169975811284e-05 0.0055406734810494879
leaf_weight=278 121 157 378 120 4078 367 8083 398 120 200
leaf_count=278 121 157 378 120 4078 367 8083 398 120 200
internal_value=8.17023e-05 3.36304e-05 -0.000908554 -0.0023335 0.000111916 -0.00108654 0.000176414 0.000368304 0.0015611 0.00205905
internal_weight=14300 13859 1053 498 12806 645 12161 555 441 321
internal_count=14300 13859 1053 498 12806 645 12161 555 441 321
is_linear=0
shrinkage=0.025


Tree=161
num_leaves=9
num_cat=0
split_feature=3 23 16 24 31 4 11 40
split_gain=1.77179 1.89291 1.99185 2.35587 1.95362 1.85261 1.20407 1.11203
threshold=0.68802121281623851 0.13269963115453723 0.01804363634437323 28.742409706115726 2.3361346721649174 0.80174070596694957 0.030146511271595958 0.69480967521667492
decision_type=2 2 2 2 2 2 2 2
left_child=1 2 7 -4 6 -6 -3 -1
right_child=-2 4 3 -5 5 -7 -8 -9
leaf_value=-0.0017391434268127504 -0.0021285975066240455 0.00036836521035854151 -0.0010687826228084171 0.00047867877370564573 -0.001341933610372382 0.00078556037233048636 0.0031019605862128916 0.00098937688902883247
leaf_weight=320 226 7477 2199 858 601 354 482 1711
leaf_count=320 226 7477 2199 858 601 354 482 1711
internal_value=9.75726e-05 0.000133772 -0.000250098 -0.000653576 0.000353599 -0.000709635 0.000482327 0.000354249
internal_weight=14228 14002 5088 3057 8914 955 7959 2031
internal_count=14228 14002 5088 3057 8914 955 7959 2031
is_linear=0
shrinkage=0.025


Tree=162
num_leaves=9
num_cat=0
split_feature=17 40 9 17 4 47 39 36
split_gain=1.84239 1.75263 2.07538 3.50282 1.67894 1.97526 1.80016 0.45179
threshold=-0.5060780644416808 1.3124855756759646 0.03939445689320565 0.46937561035156256 0.10769112035632135 0.19057226926088336 0.93757230043411266 -0.13760903477668759
decision_type=2 2 2 2 2 2 2 2
left_child=7 4 3 -3 6 -6 -2 -1
right_child=1 2 -4 -5 5 -7 -8 -9
leaf_value=0.00023569353549322098 -0.001134547883262597 -0.00023682794568856527 0.0034127484702866175 -0.00385450947884088 0.0022034541983556107 0.00015306934434078127 0.00024153353400574321 0.003899077313243203
leaf_weight=130 2471 629 157 212 1389 6499 2469 325
leaf_count=130 2471 629 157 212 1389 6499 2469 325
internal_value=8.72358e-05 3.49759e-05 -0.000970837 -0.0014672 0.000114061 0.00034065 -0.000246461 0.00164402
internal_weight=14281 13826 998 841 12828 7888 4940 455
internal_count=14281 13826 998 841 12828 7888 4940 455
is_linear=0
shrinkage=0.025


Tree=163
num_leaves=10
num_cat=0
split_feature=44 16 16 35 36 11 30 5 37
split_gain=1.7699 1.61165 2.57153 5.10491 3.4095 1.5361 1.82487 0.882454 0.0343644
threshold=0.010739648249000313 0.024106965400278572 0.022642872296273712 0.10954382270574571 0.47109559178352362 0.016568548977375034 0.28076130151748663 0.36140158772468572 0.0091252909041941183
decision_type=2 2 2 2 2 2 2 2 2
left_child=8 2 4 -4 -2 7 -7 -3 -1
right_child=1 5 3 -5 -6 6 -8 -9 -10
leaf_value=0.0058327769254494528 0.00016906996547387469 0.00033568268526182386 0.00045822455734233935 -0.0022103333165547634 -0.0026739116626161657 0.00058385243992748956 -0.0016445251101537463 0.0041405634739405395 0.0018720318788156135
leaf_weight=184 8185 489 793 819 445 1793 488 969 149
leaf_count=184 8185 489 793 819 445 1793 488 969 149
internal_value=0.000138191 9.44696e-05 -6.72147e-05 -0.000982529 0.000103503 0.000538528 0.000129593 0.00117139 0.00192678
internal_weight=14314 13981 10242 1612 8630 3739 2281 1458 333
internal_count=14314 13981 10242 1612 8630 3739 2281 1458 333
is_linear=0
shrinkage=0.025


Tree=164
num_leaves=10
num_cat=0
split_feature=9 17 3 11 3 31 36 35 13
split_gain=1.9328 1.70787 1.84918 2.59491 1.7613 0.457488 0.255649 0.179985 0.0541587
threshold=0.014917381573468448 -0.5060780644416808 0.072186280041933074 0.029776033945381645 0.68802121281623851 0.092731203883886351 -0.13760903477668759 0.094316668808460249 -0.066795881837606416
decision_type=2 2 2 2 2 2 2 2 2
left_child=5 6 3 -3 -4 -1 -2 -8 -7
right_child=1 2 4 -5 -6 8 7 -9 -10
leaf_value=0.00019941735993337812 0.00052636234187877458 -0.00058648190524822471 0.00043726016425559483 0.0023936334834812195 -0.001467481188560068 0.0045097217634685093 0.0040837137457920237 0.001757686084549922 0.0011873253708195096
leaf_weight=126 131 5583 7011 459 226 260 206 127 122
leaf_count=126 131 5583 7011 459 226 260 206 127 122
internal_value=0.000127753 7.10104e-05 1.8161e-05 -0.000304076 0.000288077 0.00163499 0.00155384 0.00192678 0.00206395
internal_weight=14251 13743 13279 6042 7237 508 464 333 382
internal_count=14251 13743 13279 6042 7237 508 464 333 382
is_linear=0
shrinkage=0.025


Tree=165
num_leaves=14
num_cat=0
split_feature=31 43 18 37 16 35 35 41 38 34 31 9 35
split_gain=1.7194 3.58912 2.29998 1.5904 2.47738 1.76033 1.31178 2.10926 1.20939 3.74873 1.08453 0.983166 0.77071
threshold=2.164859533309937 0.04747052118182183 0.032512826845049865 0.023582911118865017 0.016649560071527961 -0.19672566652297971 0.2154425382614136 0.63742861151695263 -0.10893821716308592 -0.036906015127897256 0.62978407740592968 0.030493404716253284 -0.15806698054075238
decision_type=2 2 2 2 2 2 2 2 2 2 2 2 2
left_child=3 2 -2 4 10 -6 7 -3 12 -10 -1 -8 -5
right_child=1 6 -4 8 5 -7 11 -9 9 -11 -12 -13 -14
leaf_value=0.00030297941217859555 -0.0035597492366352627 -0.0013727605134596745 -0.001697678423989663 0.0007687862422775133 -0.0028505675986954648 -7.8107958394638691e-05 0.0054666307253994351 0.0038399860585515188 -0.002685418405966825 0.0058220946433260555 0.002595265506735956 -8.0200355696318778e-05 0.0062262989676614075
leaf_weight=1870 122 518 122 233 141 8408 207 185 296 363 893 391 599
leaf_count=1870 122 518 122 233 141 8408 207 185 296 363 893 391 599
internal_value=8.80479e-05 -0.000697581 -0.0034488 0.000183577 8.16251e-05 -0.000128156 -0.000165582 -0.000898658 0.000950033 0.000137425 0.000732027 0.000686153 0.00158154
internal_weight=14348 1545 244 12803 11312 8549 1301 703 1491 659 2763 598 832
internal_count=14348 1545 244 12803 11312 8549 1301 703 1491 659 2763 598 832
is_linear=0
shrinkage=0.025


Tree=166
num_leaves=8
num_cat=0
split_feature=3 30 11 41 35 32 47
split_gain=1.8776 1.51273 2.01828 1.9717 1.48713 1.17519 0.895347
threshold=0.68802121281623851 -0.62986296415328968 0.014711344614624979 0.71101671457290661 0.076162815093994155 0.55092892050743114 0.65737342834472667
decision_type=2 2 2 2 2 2 2
left_child=1 5 4 -4 -3 -1 -7
right_child=-2 2 3 -5 -6 6 -8
leaf_value=-0.0004374354012571651 -0.0020633328137602143 0.0020188221813398099 -0.00053120021279402189 0.00036015984260419744 0.00010226142164651493 0.00068078995263879066 0.0029487630311255814
leaf_weight=121 227 1447 5543 2365 2978 1201 415
leaf_count=121 227 1447 5543 2365 2978 1201 415
internal_value=6.8959e-05 0.000106128 8.20645e-06 -0.000230475 0.000435948 0.000795781 0.00097702
internal_weight=14297 14070 12333 7908 4425 1737 1616
internal_count=14297 14070 12333 7908 4425 1737 1616
is_linear=0
shrinkage=0.025


Tree=167
num_leaves=9
num_cat=0
split_feature=3 35 37 35 35 16 13 43
split_gain=1.49437 1.55131 2.73117 2.56996 1.34603 2.05689 0.60266 0.427741
threshold=0.68802121281623851 0.22178854793310168 0.0080982437357306498 0.059907127171754844 0.24784320592880252 0.027128291316330436 -0.21430713683366773 -0.19617359340190885
decision_type=2 2 2 2 2 2 2 2
left_child=1 2 6 -4 7 -6 -1 -3
right_child=-2 4 3 -5 5 -7 -8 -9
leaf_value=0.0066330010657716784 -0.0018913203209697687 0.00051635114897559127 0.00016042992435782167 -0.00071099306586446236 -0.00010881601063526433 0.0036537570721548842 0.0016192989683764319 0.0046639815871393547
leaf_weight=299 224 142 5740 4234 1694 886 531 526
leaf_count=299 224 142 5740 4234 1694 886 531 526
internal_value=0.000107398 0.000140411 -3.1223e-06 -0.000118624 0.000619044 0.000355416 0.00136976 0.00161776
internal_weight=14276 14052 10804 9974 3248 2580 830 668
internal_count=14276 14052 10804 9974 3248 2580 830 668
is_linear=0
shrinkage=0.025


Tree=168
num_leaves=10
num_cat=0
split_feature=17 37 10 5 24 30 43 41 10
split_gain=1.61029 1.63398 2.46316 2.24829 1.70299 1.65231 0.864729 0.218858 0.348359
threshold=-0.5060780644416808 0.024521977640688423 0.022960451431572441 1.2408807277679446 20.793427467346195 -0.31629692018032068 -0.13815139234066007 0.5457189977169038 0.015638871118426326
decision_type=2 2 2 2 2 2 2 2 2
left_child=7 2 4 6 -2 -4 -3 -1 -9
right_child=1 3 5 -5 -6 -7 -8 8 -10
leaf_value=0.004477846603701984 -0.00042703834069888336 0.00024480814854532812 0.00014160391607098783 -0.0016109331110439615 0.00032637872875474058 -0.0014792866883823821 0.0039868775095180265 0.0025087938490335549 4.6266997109389678e-05
leaf_weight=150 3537 437 477 135 7235 1078 923 169 124
leaf_count=150 3537 437 477 135 7235 1078 923 169 124
internal_value=8.97864e-05 4.1495e-05 -5.28097e-05 0.000820833 8.10755e-05 -0.00098157 0.00113095 0.00156529 0.0010948
internal_weight=14265 13822 12327 1495 10772 1555 1360 443 293
internal_count=14265 13822 12327 1495 10772 1555 1360 443 293
is_linear=0
shrinkage=0.025


Tree=169
num_leaves=13
num_cat=0
split_feature=13 3 41 38 11 9 31 46 9 0 41 31
split_gain=1.58387 1.55004 2.54117 3.10865 1.90384 1.80479 1.88964 1.59989 0.76314 1.11143 0.198407 0.146455
threshold=-0.43828728795051569 0.072186280041933074 0.51365593075752269 -0.065974175930023179 0.030146511271595958 0.031910076737403877 1.2327646613121035 0.085656639188528075 0.027281151153147224 -0.0015599282924085853 0.70413309335708629 0.026275178417563442
decision_type=2 2 2 2 2 2 2 2 2 2 2 2
left_child=8 2 3 -2 -4 7 -7 -3 11 -10 -11 -1
right_child=1 5 4 -5 -6 6 -8 -9 9 10 -12 -13
leaf_value=0.00095278881547549647 -0.00032036408754049597 -0.0012819419136212774 -0.00010049696175658706 -0.0024528227157863125 0.0031508757732449898 0.0011536539613112126 -0.0011449496347163462 0.00083374598149590039 -0.0014933383068027797 0.00049555227382345611 0.0021229287720959228 0.005933309997368498
leaf_weight=122 870 184 4438 494 257 629 1529 5110 185 125 123 296
leaf_count=122 870 184 4438 494 257 629 1529 5110 185 125 123 296
internal_value=6.25566e-05 -3.05185e-06 -0.000300338 -0.00124817 -2.26063e-05 0.000237864 -0.000369279 0.000486649 0.00110543 0.00034532 0.00143775 0.00186466
internal_weight=14362 13511 6059 1364 4695 7452 2158 5294 851 433 248 418
internal_count=14362 13511 6059 1364 4695 7452 2158 5294 851 433 248 418
is_linear=0
shrinkage=0.025


Tree=170
num_leaves=15
num_cat=0
split_feature=38 36 35 36 38 37 33 35 35 16 40 35 15 37
split_gain=1.46889 2.46851 4.26554 3.79446 3.57874 3.01597 2.38963 2.93716 5.89237 2.21501 1.92881 1.73851 1.58051 1.85058
threshold=-0.019439239054918286 0.21314036846160891 0.099443349987268462 0.40795207023620611 -0.21742141991853711 0.0090839238837361353 0.0013591253664344551 0.15933381021022799 0.12745998054742816 0.026717389933764938 1.2016625404357912 0.004641768755391241 0.92241379618644725 0.01548532582819462
decision_type=2 2 2 2 2 2 2 2 2 2 2 2 2 2
left_child=1 2 5 11 -4 -1 7 8 -2 -5 -9 -3 13 -8
right_child=6 3 4 9 -6 -7 12 10 -10 -11 -12 -13 -14 -15
leaf_value=0.0049654377436049064 -0.00026578457746342726 0.00089316546447271205 -0.0045578805502915418 -0.0012381238104945849 -0.00083693083767319345 -2.0222250313634874e-06 0.00085036362955628474 0.00019778500032304727 -0.0040246060700057061 0.0024501753919396263 -0.0017472955154432793 0.0062387341479715717 -0.0023359895776475623 -0.0009028972442668697
leaf_weight=812 202 828 131 840 965 4331 2128 695 148 442 178 1444 156 998
leaf_count=812 202 828 131 840 965 4331 2128 695 148 442 178 1444 156 998
internal_value=8.3112e-05 0.000255282 -4.34416e-05 0.000780767 -0.00145663 0.000257624 -0.000289634 -0.00123066 -0.00315141 -0.000302059 -0.00043992 0.00139383 6.04656e-05 0.000186442
internal_weight=14298 9793 6239 3554 1096 5143 4505 1223 350 1282 873 2272 3282 3126
internal_count=14298 9793 6239 3554 1096 5143 4505 1223 350 1282 873 2272 3282 3126
is_linear=0
shrinkage=0.025


Tree=171
num_leaves=14
num_cat=0
split_feature=11 30 9 39 47 34 38 36 33 32 37 30 36
split_gain=1.5544 2.1913 1.73562 3.00648 1.95087 1.42317 1.72146 2.36418 1.63372 0.961413 0.629041 0.186206 0.0153136
threshold=0.014092981349676849 -0.56213358044624318 0.022330074571073059 1.0543843507766726 0.31474687159061437 0.139903798699379 -0.0019349282956682143 0.28765527904033666 -0.00076555513078346838 0.54186391830444347 0.027446017600595955 0.17684189975261691 0.34873464703559881
decision_type=2 2 2 2 2 2 2 2 2 2 2 2 2
left_child=5 9 3 -3 -4 6 8 -8 -1 -2 -11 -7 -13
right_child=1 2 4 -5 -6 11 7 -9 -10 10 -12 12 -14
leaf_value=-7.0415536521057192e-05 -0.00023166118890666885 -0.0025550370764157375 0.0020414675988647581 0.00067559223458050132 -0.00027498446997417951 0.0026728146743945419 -0.002238621377269458 0.00038024747304819974 0.0015512183866817156 0.00059259311163805263 0.0046968644226461015 0.0072130452615809318 0.0043387317832500076
leaf_weight=1184 133 496 1102 269 6398 145 244 507 1650 1550 297 187 154
leaf_count=1184 133 496 1102 269 6398 145 244 507 1650 1550 297 187 154
internal_value=7.04386e-05 -9.32926e-05 -0.000272823 -0.00140422 -0.000155729 0.000483624 0.000308148 -0.000749008 0.000591317 0.000651763 0.000802511 0.00174898 0.00208454
internal_weight=14316 10245 8265 765 7500 4071 3585 751 2834 1980 1847 486 341
internal_count=14316 10245 8265 765 7500 4071 3585 751 2834 1980 1847 486 341
is_linear=0
shrinkage=0.025


Tree=172
num_leaves=9
num_cat=0
split_feature=38 36 41 41 38 36 34 22
split_gain=1.90565 1.96712 1.97385 4.29254 1.76535 2.17611 1.80282 0.0713172
threshold=-0.30866937339305872 -0.17939045280218122 0.35837602615356451 0.6902616322040559 -0.065974175930023179 0.47109559178352362 0.14204169809818271 0.357885092496872
decision_type=2 2 2 2 2 2 2 2
left_child=7 2 -2 -4 5 -3 -6 -1
right_child=1 4 3 -5 6 -7 -8 -9
leaf_value=0.0033884557763335511 0.00098814577315373803 0.00086509705221811005 -0.003876353976376513 0.00011392557257178418 -0.00033142860691467036 -0.0014065571673366655 0.0014721870038950434 0.0016120883422663249
leaf_weight=220 160 5483 351 341 5426 471 1583 148
leaf_count=220 160 5483 351 341 5426 471 1583 148
internal_value=8.29047e-05 3.48228e-05 -0.00112456 -0.00170552 0.00011191 0.000428554 -0.000156294 0.00184651
internal_weight=14183 13815 852 692 12963 5954 7009 368
internal_count=14183 13815 852 692 12963 5954 7009 368
is_linear=0
shrinkage=0.025


Tree=173
num_leaves=15
num_cat=0
split_feature=11 30 35 35 11 46 39 13 36 40 8 35 36 12
split_gain=1.36861 2.03584 1.60149 2.54168 1.87226 1.57447 2.77581 2.07481 1.15464 1.02034 1.97053 1.527 0.933411 0.760142
threshold=0.014394701458513738 -0.86732736229896534 -0.048106122761964791 0.18743147701025012 0.015869939699769024 0.21164613962173465 0.88092693686485302 -0.25583374500274653 0.32394278049469 0.52690666913986217 0.016272445209324363 0.06604239717125894 0.12095010653138162 -0.19929409027099607
decision_type=2 2 2 2 2 2 2 2 2 2 2 2 2 2
left_child=5 12 4 -4 -3 6 7 -1 -8 10 -7 -11 13 -2
right_child=1 2 3 -5 -6 9 8 -9 -10 11 -12 -13 -14 -15
leaf_value=0.00011124525191145626 0.0020304804056509892 -0.0033527699903329097 -0.00069216512017058302 0.0004182379146659772 0.00060593991093812138 0.0013841957274355211 0.0028655314344242589 -0.0029945129380618265 -0.0010338408870006939 0.0033072400335650283 -0.0039315223325529277 0.00063151629988595357 0.0031479159978643496 -0.00069936546656777202
leaf_weight=209 179 126 4190 2489 2197 133 288 295 121 938 123 2255 520 212
leaf_count=209 179 126 4190 2489 2197 133 288 295 121 938 123 2255 520 212
internal_value=0.000100228 -6.16303e-05 -0.00017639 -0.000373466 0.000387135 0.000469144 -0.000447985 -0.00168713 0.00106582 0.000714027 -0.000780651 0.000836851 0.00106032 0.000116793
internal_weight=14275 9913 9002 6679 2323 4362 913 504 409 3449 256 3193 911 391
internal_count=14275 9913 9002 6679 2323 4362 913 504 409 3449 256 3193 911 391
is_linear=0
shrinkage=0.025


Tree=174
num_leaves=10
num_cat=0
split_feature=38 37 37 35 35 3 38 3 31
split_gain=1.5999 1.7608 3.0802 2.76656 2.43085 2.35919 1.97835 1.78802 0.314064
threshold=-0.30485139787197107 0.0093778399750590342 0.010592315811663868 0.17123692482709887 0.27911078929901129 0.25224345922470098 -0.17115406692028043 0.68802121281623851 0.14001914113759997
decision_type=2 2 2 2 2 2 2 2 2
left_child=8 4 3 -3 6 -6 -2 -4 -1
right_child=1 2 7 -5 5 -7 -8 -9 -10
leaf_value=0.0047603071813495284 -0.0018203485377574599 -0.0014242924517595852 8.7069168765526825e-05 0.0053154541505090738 -0.0019206383196469668 0.00030633349650261522 0.0014094621522469295 -0.0019381830813172839 0.00069183822949719551
leaf_weight=226 169 981 9770 130 138 200 2307 166 227
leaf_count=226 169 981 9770 130 138 200 2307 166 227
internal_value=7.7083e-05 2.85772e-05 -0.000113215 -0.00135865 0.000586644 -0.0013812 0.000860036 2.60287e-05 0.00153111
internal_weight=14314 13861 11047 1111 2814 338 2476 9936 453
internal_count=14314 13861 11047 1111 2814 338 2476 9936 453
is_linear=0
shrinkage=0.025


Tree=175
num_leaves=9
num_cat=0
split_feature=38 36 9 48 36 34 40 26
split_gain=1.78358 1.70868 1.9829 3.2408 1.84732 2.08705 1.84954 0.208418
threshold=-0.30866937339305872 -0.15085972100496289 0.021331420168280605 0.54310345649719249 -0.03503217734396457 -0.045699179172515862 0.73328164219856273 0.018950762227177623
decision_type=2 2 2 2 2 2 2 2
left_child=7 2 -2 -4 5 -3 -6 -1
right_child=1 4 3 -5 6 -7 -8 -9
leaf_value=0.0029389000889623279 -0.0039481220581530424 -0.0011622507193854977 0.00086549926562951907 -0.0017038224036312628 -0.00088229242710419686 0.0062028184942381215 0.00014644832492251636 0.002474855122311053
leaf_weight=120 153 200 388 456 1679 742 10294 262
leaf_count=120 153 200 388 456 1679 742 10294 262
internal_value=6.67006e-05 1.96703e-05 -0.000974301 -0.000481449 9.72331e-05 0.00116024 1.26274e-05 0.00174096
internal_weight=14294 13912 997 844 12915 942 11973 382
internal_count=14294 13912 997 844 12915 942 11973 382
is_linear=0
shrinkage=0.025


Tree=176
num_leaves=15
num_cat=0
split_feature=24 41 40 29 10 44 29 37 37 34 3 47 44 40
split_gain=1.67363 2.87104 2.44442 1.8199 1.57202 1.88659 1.41104 1.203 1.99625 4.78238 1.2847 1.04126 1.29515 0.443104
threshold=21.962167739868168 0.73657879233360302 1.3190979957580569 0.028745977208018306 0.011935337446630003 0.013266313821077349 0.049626726657152183 0.0095269763842225092 0.010752105154097082 0.057673700153827674 0.73048949241638195 0.78154808282852184 0.022994888946413997 0.98941293358802807
decision_type=2 2 2 2 2 2 2 2 2 2 2 2 2 2
left_child=1 2 3 -1 5 -3 -4 11 9 -9 -10 12 -2 -6
right_child=7 4 6 -5 13 -7 -8 8 10 -11 -12 -13 -14 -15
leaf_value=0.00090299159750044085 0.00086678456482619742 0.0029367569021811488 -0.00036048469779012402 -0.0007804328418280225 0.0040746406308632783 -0.0036416293490320775 -0.0037351509547253873 0.00059327226938735969 0.00035244165652111205 -0.0026438239901806879 -0.0024504011909898069 0.0028364822860995616 -0.0014484754577674106 0.00098506596927729604
leaf_weight=710 1373 122 132 3044 236 149 126 364 6107 333 124 476 162 704
leaf_count=710 1373 122 132 3044 236 149 126 364 6107 333 124 476 162 704
internal_value=7.04984e-05 -0.000284286 -0.000607107 -0.000441274 0.000778166 -0.000874094 -0.00294202 0.000278539 0.000120979 -0.00114138 0.000263991 0.000816592 0.000491072 0.00126323
internal_weight=14162 5223 4012 3754 1211 271 258 8939 6928 697 6231 2011 1535 940
internal_count=14162 5223 4012 3754 1211 271 258 8939 6928 697 6231 2011 1535 940
is_linear=0
shrinkage=0.025


Tree=177
num_leaves=11
num_cat=0
split_feature=40 46 22 40 3 40 40 31 13 23
split_gain=1.442 2.40037 1.90339 1.69644 1.67841 1.8078 2.66676 1.75013 1.47736 0.46675
threshold=1.3124855756759646 0.28690260648727423 0.66318061947822582 1.36194384098053 0.68802121281623851 1.1212141513824465 0.94137525558471691 0.4053920060396195 -0.052865352481603615 0.16469112783670428
decision_type=2 2 2 2 2 2 2 2 2 2
left_child=4 9 3 -3 5 6 -1 -7 -4 -2
right_child=1 2 8 -5 -6 7 -8 -9 -10 -11
leaf_value=0.00044569173582064781 0.0020574803731937671 -0.00363357415714696 0.00063214865466931574 -0.00085106138479192702 -0.0018251648604192879 -0.00036837845622186339 -0.00045634946903157437 0.0019463122394060635 -0.00078149051914410588 0.0003293434346950341
leaf_weight=6599 133 129 235 358 200 612 3862 1854 133 121
leaf_count=6599 133 129 235 358 200 612 3862 1854 133 121
internal_value=0.000125255 -0.000737208 -0.00137355 -0.00239075 0.000198846 0.000234786 9.04119e-05 0.000843282 0 0.00136583
internal_weight=14236 1109 855 487 13127 12927 10461 2466 368 254
internal_count=14236 1109 855 487 13127 12927 10461 2466 368 254
is_linear=0
shrinkage=0.025


Tree=178
num_leaves=12
num_cat=0
split_feature=13 40 9 44 36 9 36 12 12 32 13
split_gain=1.39159 1.85278 2.08652 3.71852 1.58221 2.4295 1.92811 1.07874 0.901896 0.388189 0.213542
threshold=-0.43828728795051569 1.3124855756759646 0.03939445689320565 0.025674687698483471 0.22587104886770251 0.016342828050255779 0.47109559178352362 -0.27006474137306208 -0.36043150722980494 1.0902980566024782 -0.46369700133800501
decision_type=2 2 2 2 2 2 2 2 2 2 2
left_child=7 4 3 -3 5 -2 -6 8 -1 10 -9
right_child=1 2 -4 -5 6 -7 -8 9 -10 -11 -12
leaf_value=0.0055428443770660259 0.0031972557625361653 -0.00049476153912712936 0.0029728197704294648 -0.0034561907118447915 0.0010573403668553312 -0.00032261579849944625 -0.00036039637882107046 0.0041919196932661352 -0.002640355420472488 0.00043365002040640448 0.0010468098625106661
leaf_weight=120 663 633 152 125 4691 5564 1635 337 146 120 123
leaf_count=120 663 633 152 125 4691 5564 1635 337 146 120 123
internal_value=0.000116407 5.39242e-05 -0.00103142 -0.0015711 0.000133481 -0.000148628 0.00041206 0.00109724 -0.000198339 0.00169872 0.00202957
internal_weight=14309 13463 910 758 12553 6227 6326 846 266 580 460
internal_count=14309 13463 910 758 12553 6227 6326 846 266 580 460
is_linear=0
shrinkage=0.025


Tree=179
num_leaves=9
num_cat=0
split_feature=38 36 26 46 36 5 4 3
split_gain=1.7229 1.99866 2.75274 2.1931 1.64091 3.24442 1.97796 0.110645
threshold=-0.30866937339305872 -0.15085972100496289 0.033989338204264648 0.37386569380760198 -0.03503217734396457 -0.094572953879833208 0.17285276204347613 -0.15976808965206143
decision_type=2 2 2 2 2 2 2 2
left_child=7 2 3 -2 5 -3 -6 -1
right_child=1 4 -4 -5 6 -7 -8 -9
leaf_value=0.0043892361041942196 -0.0021383521910498678 -0.0015962357474290573 -0.0033462524501459813 0.00036038280029919434 -0.00031371760070045463 0.0069815463519567744 0.00036878588391088324 0.0023525988054027523
leaf_weight=139 275 246 194 512 5042 686 7017 238
leaf_count=139 275 246 194 512 5042 686 7017 238
internal_value=7.42825e-05 2.85291e-05 -0.00105603 -0.000380366 0.000111284 0.00111926 3.24313e-05 0.00173102
internal_weight=14349 13972 981 787 12991 932 12059 377
internal_count=14349 13972 981 787 12991 932 12059 377
is_linear=0
shrinkage=0.025


Tree=180
num_leaves=12
num_cat=0
split_feature=13 24 36 39 26 3 27 19 29 1 14
split_gain=1.73749 1.90658 2.17673 2.59365 2.39261 1.47906 1.15031 1.00704 0.555365 0.225156 0.0573017
threshold=-0.43828728795051569 23.755349159240726 0.49264408648014074 0.72895440459251415 0.02563455514609814 0.68802121281623851 -0.021950936876237389 -0.11581910029053687 0.048577465116977699 0.032279873266816146 0.38114453852176672
decision_type=2 2 2 2 2 2 2 2 2 2 2
left_child=7 2 3 -2 -4 6 -3 8 -1 10 -9
right_child=1 5 4 -5 -6 -7 -8 9 -10 -11 -12
leaf_value=0.0032119602627635603 -0.0013565744366327986 -0.001097437064202492 0.0016540444590710031 0.00012184207901638029 -0.003583774058957833 -0.0017636464262441661 0.00034810813802786775 0.0039952510474459404 -0.0027451358736571623 0.0010601755791381665 0.0025153198224906982
leaf_weight=135 1174 124 141 4133 223 214 7443 218 120 152 232
leaf_count=135 1174 124 141 4133 223 214 7443 218 120 152 232
internal_value=8.49694e-05 1.47694e-05 -0.000333201 -0.000202607 -0.00219173 0.000269233 0.000328348 0.00117314 -0.000120192 0.00172776 0.00201923
internal_weight=14309 13452 5671 5307 364 7781 7567 857 255 602 450
internal_count=14309 13452 5671 5307 364 7781 7567 857 255 602 450
is_linear=0
shrinkage=0.025


Tree=181
num_leaves=11
num_cat=0
split_feature=31 43 23 35 41 9 35 45 45 20
split_gain=1.38861 2.22958 1.71183 3.03106 1.64781 1.61123 1.4737 1.57902 1.38121 1.01091
threshold=2.3361346721649174 0.18507772684097293 0.1404140964150429 -0.14671169966459272 0.65819871425628673 0.014917381573468448 0.41866117715835577 0.20983126014471057 0.99137932062149059 0.72791448235511791
decision_type=2 2 2 2 2 2 2 2 2 2
left_child=2 4 3 -1 -2 -5 7 -4 9 -3
right_child=1 8 6 5 -6 -7 -8 -9 -10 -11
leaf_value=-0.0041708541516573914 -0.0025997471441867414 -0.00029712318054110414 -0.00019249324343530638 0.0016565546757796275 -9.7949335547137337e-05 -0.0001236166657819819 -0.0020536930255945838 0.00074781011481537412 -0.0026185798699027182 0.0028439465507402416
leaf_weight=181 235 386 1398 423 141 4878 216 5861 152 363
leaf_count=181 235 386 1398 423 141 4878 216 5861 152 363
internal_value=8.10276e-05 -0.000703003 0.000159023 -0.000175642 -0.00230643 -6.43139e-05 0.000405247 0.000466857 -1.79359e-05 0.00041943
internal_weight=14234 1277 12957 5482 376 5301 7475 7259 901 749
internal_count=14234 1277 12957 5482 376 5301 7475 7259 901 749
is_linear=0
shrinkage=0.025


Tree=182
num_leaves=10
num_cat=0
split_feature=17 37 15 37 30 43 37 20 31
split_gain=1.86202 1.46434 2.03859 1.8094 1.40763 1.48014 0.855295 0.275379 0.148144
threshold=-0.5274316370487212 0.023582911118865017 0.92241379618644725 0.015261415857821705 -0.30390147864818567 -0.13815139234066007 0.01548532582819462 0.027443547733128074 0.080470349639654173
decision_type=2 2 2 2 2 2 2 2 2
left_child=8 2 3 -2 7 -6 -4 -3 -1
right_child=1 4 6 -5 5 -7 -8 -9 -10
leaf_value=0.00080778182647886639 0.00018720292122198688 0.0025889886647788361 -0.0026014297851561508 -0.00051119135144934969 -0.002036446517579454 0.0012752229445827437 -0.0013314674579112834 0.0056943189049735487 0.0028575445635573619
leaf_weight=137 8299 266 127 3614 277 754 176 446 259
leaf_count=137 8299 266 127 3614 277 754 176 446 259
internal_value=8.74827e-05 3.87605e-05 -5.75852e-05 -5.13919e-06 0.000715818 0.000117037 -0.00206575 0.00156729 0.00176746
internal_weight=14355 13959 12216 11913 1743 1031 303 712 396
internal_count=14355 13959 12216 11913 1743 1031 303 712 396
is_linear=0
shrinkage=0.025


Tree=183
num_leaves=9
num_cat=0
split_feature=38 24 41 40 32 35 17 26
split_gain=1.72724 1.63589 2.2582 2.16887 1.89691 1.09711 1.19171 0.20303
threshold=-0.30866937339305872 23.755349159240726 0.73657879233360302 1.3124855756759646 0.59949123859405529 -0.19672566652297971 -0.37672972679138178 0.019162789918482307
decision_type=2 2 2 2 2 2 2 2
left_child=7 2 3 -2 -4 -3 -7 -1
right_child=1 5 4 -5 -6 6 -8 -9
leaf_value=0.0027581650101681792 -0.00033239361538871861 -0.0027325081431395226 -0.0018687940523419511 -0.0025634285524437851 0.0010587088259254526 0.0019981408838043537 0.00020631964094224714 0.002995441009676103
leaf_weight=121 4244 194 145 289 1246 431 7351 260
leaf_count=121 4244 194 145 289 1246 431 7351 260
internal_value=8.89858e-05 4.27006e-05 -0.000271336 -0.000542364 0.000606196 0.000276751 0.000324098 0.00173899
internal_weight=14281 13900 5924 4533 1391 7976 7782 381
internal_count=14281 13900 5924 4533 1391 7976 7782 381
is_linear=0
shrinkage=0.025


Tree=184
num_leaves=13
num_cat=0
split_feature=30 34 38 40 37 31 40 40 23 37 20 9
split_gain=1.46631 1.58245 1.94353 1.99106 1.69084 1.45056 1.08707 1.21349 0.716383 0.644229 0.687619 0.0306919
threshold=-0.58456766605377186 0.17045219987630847 -0.0019349282956682143 0.87956273555755626 0.012531218584626915 0.044596908614039428 0.74253234267234813 0.61676627397537243 0.27440536022186285 0.026796324178576473 -0.19926015287637708 0.029546272009611133
decision_type=2 2 2 2 2 2 2 2 2 2 2 2
left_child=6 2 5 -4 -3 -2 7 -1 -6 10 -8 -11
right_child=1 4 3 -5 8 -7 9 -9 -10 11 -12 -13
leaf_value=0.0018164681371933668 -0.0011624074062019604 0.0076426935019446697 0.00059446912326454964 -0.0012888926729903855 -0.00048983009367522341 6.787043003028246e-05 0.0027923126235574539 -0.0016373230984365055 0.0020174677538592023 0.0055923012827150537 0.0002763509163541239 0.0058894202194077179
leaf_weight=137 436 389 661 1250 294 8938 203 190 233 134 1174 160
leaf_count=137 436 389 661 1250 294 8938 203 190 233 134 1174 160
internal_value=6.62666e-05 -3.61502e-05 -0.000117914 -0.000843554 0.000959555 2.97207e-05 0.000693335 -0.000606175 2.11467e-05 0.000952417 0.00071364 0.00201923
internal_weight=14199 12201 11285 1911 916 9374 1998 327 527 1671 1377 294
internal_count=14199 12201 11285 1911 916 9374 1998 327 527 1671 1377 294
is_linear=0
shrinkage=0.025


Tree=185
num_leaves=11
num_cat=0
split_feature=17 43 39 44 36 13 8 30 31 42
split_gain=1.53674 1.77626 2.58666 2.21789 2.55225 2.11369 2.07134 1.44377 0.462188 0.298906
threshold=-0.46686924993991846 -0.19617359340190885 0.90176171064376842 0.028791630640625957 0.20831683278083804 -0.22362807393074033 0.028529591858386997 0.35629682242870336 0.049381246790289886 0.0063447875436395415
decision_type=2 2 2 2 2 2 2 2 2 2
left_child=8 2 5 4 -3 -2 -5 -4 -1 -10
right_child=1 3 7 6 -6 -7 -8 -9 9 -11
leaf_value=6.5417451708456122e-05 -0.00080880139228595616 -8.9153066610348847e-05 0.00018241058873259833 0.0011074114054209227 0.0013711450651718493 -0.0031559899192872979 -0.0012512002098463045 -0.00095833253070093437 0.0037868294878582211 0.0010122808927920098
leaf_weight=144 540 4985 1452 377 4298 329 1411 411 206 222
leaf_count=144 540 4985 1452 377 4298 329 1411 411 206 222
internal_value=3.34667e-05 -1.89201e-05 -0.000589605 0.000121547 0.000277374 -0.00171196 -0.000682515 -5.95556e-05 0.00129766 0.00170612
internal_weight=14375 13803 2732 11071 9283 869 1788 1863 572 428
internal_count=14375 13803 2732 11071 9283 869 1788 1863 572 428
is_linear=0
shrinkage=0.025


Tree=186
num_leaves=12
num_cat=0
split_feature=30 40 48 40 46 35 44 17 9 41 36
split_gain=1.45201 1.89777 2.8531 2.63827 3.32911 2.39474 1.57757 1.27849 1.36607 1.46647 0.90557
threshold=-0.56213358044624318 0.8691898286342622 0.094827588647604003 0.77298396825790416 0.75650331377983104 -0.19672566652297971 0.031744487583637244 0.84563082456588756 0.023627135902643207 0.67520955204963695 0.12647917866706851
decision_type=2 2 2 2 2 2 2 2 2 2 2
left_child=7 3 -3 4 -2 -4 -5 8 9 -1 -10
right_child=1 2 5 6 -6 -7 -8 -9 10 -11 -12
leaf_value=0.0022687843056371304 0.00075230067566488615 -0.0024102816945583707 -0.0035985491268433175 0.0029661507306806109 -0.0019644853177911543 -0.00012499682231169559 -0.0011769055479101686 -0.00055441333157445238 0.00025420595697503158 -0.001081039610078058 0.0038383562658161744
leaf_weight=328 1695 157 129 1584 824 7651 120 136 599 338 705
leaf_count=328 1695 157 129 1584 824 7651 120 136 599 338 705
internal_value=6.19264e-05 -4.26427e-05 -0.00027087 0.000384638 -0.000127278 -0.000201509 0.00114321 0.000667338 0.000832279 -8.01042e-05 0.00130157
internal_weight=14266 12160 7937 4223 2519 7780 1704 2106 1970 666 1304
internal_count=14266 12160 7937 4223 2519 7780 1704 2106 1970 666 1304
is_linear=0
shrinkage=0.025


Tree=187
num_leaves=9
num_cat=0
split_feature=38 31 29 9 13 12 30 0
split_gain=1.26059 1.24188 2.25082 1.50709 1.56013 1.24884 0.923963 0.145303
threshold=-0.31172589957714075 0.044596908614039428 0.046126572415232665 0.015404217410832645 -0.43828728795051569 -0.16602604091167447 -0.18566292524337766 0.006548353238031269
decision_type=2 2 2 2 2 2 2 2
left_child=7 2 5 6 -5 -2 -3 -1
right_child=1 3 -4 4 -6 -7 -8 -9
leaf_value=0.0028371467049860522 0.0007618554348650438 -0.00010332983874084255 -0.0031299636950596794 0.0020962896365352146 1.8362944257767949e-05 -0.0018818695733425449 0.0031869320260950254 0.003861324451675318
leaf_weight=189 318 142 124 538 12240 136 407 132
leaf_count=189 318 142 124 538 12240 136 407 132
internal_value=0.00013764 0.000101096 -0.00102702 0.000150859 9.49504e-05 -0.000182462 0.00142825 0.00167561
internal_weight=14226 13905 578 13327 12778 454 549 321
internal_count=14226 13905 578 13327 12778 454 549 321
is_linear=0
shrinkage=0.025


Tree=188
num_leaves=13
num_cat=0
split_feature=16 36 11 31 20 20 36 13 40 29 36 40
split_gain=1.48991 1.90043 2.05599 1.95859 3.13606 3.00443 1.56315 1.5501 1.54633 2.16421 1.54339 0.465863
threshold=0.016649560071527961 0.21809379011392596 0.030146511271595958 1.1589707136154177 0.32735180854797369 0.087651547044515624 -0.17939045280218122 -0.43221326172351832 0.69480967521667492 0.031643854454159744 0.38159722089767462 1.0920127034187319
decision_type=2 2 2 2 2 2 2 2 2 2 2 2
left_child=6 2 7 5 -5 -3 -1 -2 9 -8 -10 -4
right_child=1 3 11 4 -6 -7 8 -9 10 -11 -12 -13
leaf_value=-0.0015892321264720879 0.00093553193131706456 -0.00034375387881292719 0.00050694371265037235 -0.001618362857732578 0.00038787216699651231 0.0022854184548661335 0.0024648880282976964 -0.00069583260356493107 0.0019482041305439437 -0.0025913764694055407 -0.0019491795232722449 0.0048019769759903748
leaf_weight=146 455 1026 158 723 2327 2046 122 4476 2214 257 141 194
leaf_count=146 455 1026 158 723 2327 2046 122 4476 2214 257 141 194
internal_value=0.000114153 -1.3694e-05 -0.000361431 0.000285417 -0.00016162 0.000730826 0.000621751 -0.000494581 0.000758945 -0.00070638 0.000998411 0.00146709
internal_weight=14285 11405 5283 6122 3050 3072 2880 4931 2734 379 2355 352
internal_count=14285 11405 5283 6122 3050 3072 2880 4931 2734 379 2355 352
is_linear=0
shrinkage=0.025


Tree=189
num_leaves=12
num_cat=0
split_feature=13 34 35 34 35 5 12 16 39 32 25
split_gain=1.41969 1.31702 2.24494 1.83028 1.97348 1.5531 1.26665 1.13637 0.78301 0.43231 0.176857
threshold=-0.43828728795051569 0.139903798699379 0.38493418693542486 0.091456320136785521 0.19306533038616183 -0.35684670507907862 -0.29302370548248285 0.024139283224940303 0.97185879945755016 1.1054144501686098 -11.129111766815184
decision_type=2 2 2 2 2 2 2 2 2 2 2
left_child=6 3 7 5 -5 -2 -1 -3 -4 10 -8
right_child=1 2 8 4 -6 -7 9 -9 -10 -11 -12
leaf_value=-0.00054497094981946666 -0.0013447199050660374 0.00022468876398104381 3.0418645823051717e-06 -0.001180358074697279 0.00027456085528765908 9.6049636437047393e-05 0.0009627321178196503 0.005044621219303845 -0.0025503463486466274 0.0003897490724387334 0.0040447129555310568
leaf_weight=219 400 791 143 1102 763 9290 123 792 134 126 376
leaf_count=219 400 791 143 1102 763 9290 123 792 134 126 376
internal_value=7.29985e-05 9.78027e-06 0.000626676 -8.92084e-05 -0.000805481 4.83498e-05 0.00106449 0.000992601 -0.00142287 0.0016369 0.00196677
internal_weight=14259 13415 1860 11555 1865 9690 844 1583 277 625 499
internal_count=14259 13415 1860 11555 1865 9690 844 1583 277 625 499
is_linear=0
shrinkage=0.025


Tree=190
num_leaves=11
num_cat=0
split_feature=13 40 13 21 4 48 46 28 48 2
split_gain=1.55448 1.58638 1.85838 1.67904 1.40959 2.54818 1.94474 0.877577 0.301197 0.179015
threshold=-0.43828728795051569 1.3124855756759646 -0.077404718846082674 50.358591079711921 0.10769112035632135 0.61023476719856273 0.65214762091636669 0.32500000298023229 0.86720469594001781 -0.04561041668057441
decision_type=2 2 2 2 2 2 2 2 2 2
left_child=7 4 3 -3 5 -2 -6 -1 9 -9
right_child=1 2 -4 -5 6 -7 -8 8 -10 -11
leaf_value=-0.00033233994645926477 -0.00080694786615651307 -0.0014940818109603813 -0.0016517516722627094 0.00061822634578281919 0.0013964890280555621 0.00054110440850258152 -6.6693917725869114e-05 0.0009386638202658784 0.00051158988028232935 0.0050064414756552907
leaf_weight=167 3151 363 203 336 3890 1527 3959 203 193 272
leaf_count=167 3151 363 203 336 3890 1527 3959 203 193 272
internal_value=9.48736e-05 2.9124e-05 -0.000979879 -0.000349787 0.000102637 -0.000239964 0.000307646 0.00113839 0.00154346 0.00188802
internal_weight=14264 13429 902 699 12527 4678 7849 835 668 475
internal_count=14264 13429 902 699 12527 4678 7849 835 668 475
is_linear=0
shrinkage=0.025


Tree=191
num_leaves=9
num_cat=0
split_feature=38 36 9 39 35 36 5 31
split_gain=1.2863 1.61595 2.33241 2.84772 1.98226 4.09145 1.80409 0.16204
threshold=-0.31172589957714075 -0.17408153414726255 0.021416229195892814 1.0515654087066653 0.059907127171754844 0.21809379011392596 0.62300804257392894 0.19970505684614184
decision_type=2 2 2 2 2 2 2 2
left_child=7 2 -2 -4 6 -6 -3 -1
right_child=1 4 3 -5 5 -7 -8 -9
leaf_value=0.0047875374173228791 -0.0042548741967295091 0.00017017132025360569 0.00062667350128750631 -0.0013065300501837913 -0.00080805139839483639 0.00033769354209812292 0.0019311142417826031 0.00067297915949437266
leaf_weight=206 141 3407 384 401 2820 5290 1473 120
leaf_count=206 141 3407 384 401 2820 5290 1473 120
internal_value=7.18573e-05 3.47498e-05 -0.00097073 -0.000419304 0.000107253 -0.0001317 0.000505374 0.00161254
internal_weight=14242 13916 926 785 12990 8110 4880 326
internal_count=14242 13916 926 785 12990 8110 4880 326
is_linear=0
shrinkage=0.025


Tree=192
num_leaves=12
num_cat=0
split_feature=30 43 48 40 46 31 3 9 40 44 8
split_gain=1.42015 1.68823 3.22705 4.00256 2.26634 2.3925 2.12233 2.10491 1.06682 0.79363 0.458614
threshold=-0.69944876432418812 -0.14612916857004163 0.38114453852176672 0.94578951597213756 0.65214762091636669 0.72058290243148815 -0.2180298566818237 0.029457863420248035 0.75194698572158825 0.023782472126185897 0.018835258670151237
decision_type=2 2 2 2 2 2 2 2 2 2 2
left_child=8 2 3 -2 6 -6 -3 -4 -1 10 -10
right_child=1 4 7 -5 5 -7 -8 -9 9 -11 -12
leaf_value=-0.0011642946494097404 -0.00020963648591849289 -0.0029740766556647629 0.0003963899244330282 -0.0033944346938183448 -0.0013871362040211348 2.2680527529437034e-05 0.0010824755053511815 -0.0010527254229705271 0.0011008913108241354 -0.00011446759436327988 0.0032373719879866709
leaf_weight=236 598 204 1634 354 924 3781 4530 770 332 163 719
leaf_count=236 598 204 1634 354 924 3781 4530 770 332 163 719
internal_value=2.85089e-05 -5.51757e-05 -0.000536671 -0.00176463 0.00011555 -0.000272028 0.000501952 -4.51431e-05 0.0007689 0.00106952 0.00132221
internal_weight=14245 12795 3356 952 9439 4705 4734 2404 1450 1214 1051
internal_count=14245 12795 3356 952 9439 4705 4734 2404 1450 1214 1051
is_linear=0
shrinkage=0.025


Tree=193
num_leaves=10
num_cat=0
split_feature=38 3 11 44 40 13 31 3 41
split_gain=1.61617 1.362 2.29796 2.66464 1.85676 1.69884 1.296 0.35233 0.259508
threshold=-0.30866937339305872 0.025343060493469242 0.030146511271595958 0.017846646718680862 1.36194384098053 -0.081308685243129716 1.1488487124443056 -0.2588979303836822 0.67121675610542308
decision_type=2 2 2 2 2 2 2 2 2
left_child=8 2 3 -2 6 -6 -3 -4 -1
right_child=1 4 7 -5 5 -7 -8 -9 -10
leaf_value=0.0032673514461645844 8.9506975076478388e-05 0.00090136662639645957 0.0035202831289743728 -0.0012638073477679434 -6.155302232298409e-05 -0.0024147582189246318 -2.6143540589001847e-05 0.0014008651525834774 0.00063422173065421977
leaf_weight=251 2354 4463 168 2528 241 162 3728 227 125
leaf_count=251 2354 4463 168 2528 241 162 3728 227 125
internal_value=5.69219e-05 1.23415e-05 -0.000303152 -0.000452987 0.000206856 -0.00143689 0.000289318 0.00151563 0.00166339
internal_weight=14247 13871 5277 4882 8594 403 8191 395 376
internal_count=14247 13871 5277 4882 8594 403 8191 395 376
is_linear=0
shrinkage=0.025


Tree=194
num_leaves=13
num_cat=0
split_feature=31 43 11 11 35 46 23 16 35 35 41 9
split_gain=1.28862 2.39679 2.31607 2.81632 1.3857 2.01382 1.42713 1.70839 1.20528 1.05027 1.96603 0.881953
threshold=2.164859533309937 0.16387443244457248 0.024071670137345794 0.01835612487047911 -0.19672566652297971 0.38114453852176672 0.13885628432035449 0.01804363634437323 0.41866117715835577 0.20624481141567233 0.60065317153930675 0.029985326342284683
decision_type=2 2 2 2 2 2 2 2 2 2 2 2
left_child=4 2 3 -2 5 -1 7 -6 -8 10 -3 -11
right_child=1 9 -4 -5 6 -7 8 -9 -10 11 -12 -13
leaf_value=-0.0031360815029827524 -0.0013089070143341573 -0.0011729857777252437 0.00079251584865019746 -0.0029081075630010985 0.00044100031167110021 0.00015634533952440629 0.00056085679717913866 -0.00037168145043507 -0.002786697629173654 0.0050041105832204884 0.0032758577193356419 0.0001023936948133977
leaf_weight=132 206 390 123 136 2194 212 6928 3132 191 159 189 353
leaf_count=132 206 390 123 136 2194 212 6928 3132 191 159 189 353
internal_value=8.23172e-05 -0.000594971 -0.00208777 -0.00313761 0.00016541 -0.0013861 0.000209337 -9.91839e-05 0.000440939 4.2199e-05 -0.00067851 0.000867988
internal_weight=14345 1556 465 342 12789 344 12445 5326 7119 1091 579 512
internal_count=14345 1556 465 342 12789 344 12445 5326 7119 1091 579 512
is_linear=0
shrinkage=0.025


Tree=195
num_leaves=14
num_cat=0
split_feature=37 35 40 35 35 5 38 20 3 39 32 33 34
split_gain=1.40306 1.75845 1.83052 1.20014 4.55641 3.17257 2.84151 2.44355 1.62418 1.10219 0.929638 0.466143 0.354181
threshold=0.0080982437357306498 0.24284086376428607 0.86602813005447399 0.18743147701025012 0.10954382270574571 1.0453504323959353 -0.075549017637968049 0.025169237516820434 0.13790217787027362 1.0574669837951662 0.65337783098220836 -0.0028552328003570433 -0.03440399840474128
decision_type=2 2 2 2 2 2 2 2 2 2 2 2 2
left_child=1 10 -3 4 8 -6 12 -8 -2 -4 -1 -12 -5
right_child=3 2 9 6 5 -7 7 -9 -10 -11 11 -13 -14
leaf_value=-0.000456304910865947 -2.6027297432641654e-05 0.0027313672189293822 -0.0020025259446595097 0.0019114011198938397 -0.00093992078966052362 -0.0024978569896709772 -0.0014325748877214248 0.00032456558603981078 0.00101488157091284 -0.00013306370663204479 0.00085059705439393535 0.0067389799462714275 0.0082168797766156553
leaf_weight=121 5682 126 121 122 2133 283 211 3020 1247 122 132 617 383
leaf_count=121 5682 126 121 122 2133 283 211 3020 1247 122 132 617 383
internal_value=3.44678e-05 0.000837018 -0.000591577 -4.13609e-05 -0.000193182 -0.00112712 0.000336474 6.0646e-05 0.000132139 -0.00185988 0.00145 0.00177885 0.00207108
internal_weight=14320 1239 369 13081 9345 2416 3736 3231 6929 243 870 749 505
internal_count=14320 1239 369 13081 9345 2416 3736 3231 6929 243 870 749 505
is_linear=0
shrinkage=0.025


Tree=196
num_leaves=10
num_cat=0
split_feature=38 3 11 44 37 34 31 46 33
split_gain=1.31878 1.60012 1.83045 2.44641 1.62041 1.69526 1.52667 0.387368 0.209393
threshold=-0.30866937339305872 0.031877186149358756 0.030146511271595958 0.018010131083428863 0.019648350775241855 -0.036906015127897256 1.3124901056289675 0.42329227924346929 0.004102561855688692
decision_type=2 2 2 2 2 2 2 2 2
left_child=8 2 3 -2 6 -6 -3 -4 -1
right_child=1 4 7 -5 5 -7 -8 -9 -10
leaf_value=0.0015440780179296083 4.5672237551399923e-05 0.00042892339812047918 0.0038890391334975255 -0.0010786191648440733 6.0515064832541881e-05 0.0044256365935813431 -0.00036920612214008517 0.00057904100223613345 0.003094385053811721
leaf_weight=187 2533 4357 143 2527 634 909 2538 237 185
leaf_count=187 2533 4357 143 2527 634 909 2538 237 185
internal_value=6.26974e-05 2.25997e-05 -0.000311065 -0.000438055 0.000238511 0.0009698 7.33697e-05 0.0013474 0.00152188
internal_weight=14250 13878 5440 5060 8438 1543 6895 380 372
internal_count=14250 13878 5440 5060 8438 1543 6895 380 372
is_linear=0
shrinkage=0.025


Tree=197
num_leaves=9
num_cat=0
split_feature=13 45 36 35 38 12 8 31
split_gain=1.31573 1.78947 2.18389 3.95223 2.29411 1.06226 0.410072 0.251442
threshold=-0.43828728795051569 0.019258987158536914 0.20831683278083804 0.080457612872123732 -0.12176326662302016 -0.29302370548248285 0.029394204728305343 0.044596908614039428
decision_type=2 2 2 2 2 2 2 2
left_child=5 -2 3 -3 -4 -1 7 -7
right_child=1 2 4 -5 -6 6 -8 -9
leaf_value=-0.00036207134721560051 -0.0023916961068714926 0.00012188511593151867 0.0031239880761666805 -0.00096696469052109555 0.00016282673625298095 0.00076750825544307031 0.00052537600579003027 0.004166234294130761
leaf_weight=219 120 4222 991 2257 5824 151 140 337
leaf_count=219 120 4222 991 2257 5824 151 140 337
internal_value=8.73581e-05 2.6362e-05 5.47974e-05 -0.000273172 0.000367485 0.0010402 0.00156201 0.00190416
internal_weight=14261 13414 13294 6479 6815 847 628 488
internal_count=14261 13414 13294 6479 6815 847 628 488
is_linear=0
shrinkage=0.025


Tree=198
num_leaves=14
num_cat=0
split_feature=38 34 11 39 36 3 35 39 35 26 5 39 39
split_gain=1.74267 2.59949 2.51334 3.21221 2.3363 2.80856 2.41934 2.05394 1.50348 1.56768 1.41662 0.935155 0.59103
threshold=-0.065974175930023179 0.14204169809818271 0.015314111020416023 1.2368091940879824 0.46392485499382025 -0.0097420746460556967 0.15525458008050921 1.3513059616088869 0.38493418693542486 0.017548041418194774 0.62300804257392894 0.88403204083442699 0.97185879945755016
decision_type=2 2 2 2 2 2 2 2 2 2 2 2 2
left_child=4 2 7 -4 6 -6 10 -2 9 -3 -1 -7 -10
right_child=1 8 3 -5 5 11 -8 -9 12 -11 -12 -13 -14
leaf_value=8.9673956450614422e-05 0.00019358193174086086 -0.00088941081479351715 -0.0012740028258441042 0.00018568669779971451 -0.0037558521989182097 0.0024976274168413345 0.0073894073120915234 -0.0016153510156596653 0.00023955386227730109 0.0038627507969983183 0.0019805497273527868 -0.00055436382403901844 -0.0023747461161237834
leaf_weight=4936 2743 155 1826 718 125 143 425 128 147 1173 1410 220 130
leaf_count=4936 2743 155 1826 718 125 143 425 128 147 1173 1410 220 130
internal_value=7.11461e-05 -0.000209075 -0.000471633 -0.00104306 0.000342959 -0.00131592 0.000464323 3.34667e-05 0.000671584 0.00102307 0.000339907 -0.00016644 -0.00097961
internal_weight=14279 7020 5415 2544 7259 488 6771 2871 1605 1328 6346 363 277
internal_count=14279 7020 5415 2544 7259 488 6771 2871 1605 1328 6346 363 277
is_linear=0
shrinkage=0.025


Tree=199
num_leaves=10
num_cat=0
split_feature=17 3 38 41 5 31 36 9 43
split_gain=1.20388 1.15931 1.81323 3.10021 1.94105 1.61729 2.12154 1.61228 0.187233
threshold=-0.5499587059020995 0.072186280041933074 -0.065974175930023179 0.52352130413055431 0.64843368530273449 1.3124901056289675 0.12095010653138162 0.032540246844291694 -0.22088302671909329
decision_type=2 2 2 2 2 2 2 2 2
left_child=8 2 4 -4 -2 6 -3 -7 -1
right_child=1 5 3 -5 -6 7 -8 -9 -10
leaf_value=0.0041212555738773743 -0.00012668949794453449 -9.8344284791879335e-05 -0.0021921704528617865 -0.00017986940491435742 0.0020294863740549967 0.00078432967273222166 0.0017990413556632145 -0.0011436787294732901 0.00074607870101612021
leaf_weight=157 3832 1603 527 1339 789 1846 2678 1309 181
leaf_count=157 3832 1603 527 1339 789 1846 2678 1309 181
internal_value=0.000106635 7.00927e-05 -0.000173483 -0.000830438 9.10615e-05 0.000283396 0.000599918 -0.000144383 0.0015707
internal_weight=14261 13923 6487 1866 4621 7436 4281 3155 338
internal_count=14261 13923 6487 1866 4621 7436 4281 3155 338
is_linear=0
shrinkage=0.025


Tree=200
num_leaves=12
num_cat=0
split_feature=13 40 4 39 46 22 13 0 28 10 24
split_gain=1.37655 1.58185 1.66966 2.22216 1.99758 1.1627 0.997472 0.914043 0.797765 0.507268 0.561322
threshold=-0.43828728795051569 1.3124855756759646 0.10769112035632135 1.132588326931 0.65214762091636669 0.69568613171577465 -0.1004144325852394 -0.012003369629383085 0.32500000298023229 0.015815667808055881 22.392769813537601
decision_type=2 2 2 2 2 2 2 2 2 2 2
left_child=8 2 3 -2 -4 7 -7 -3 -1 -10 -11
right_child=1 5 4 -5 -6 6 -8 -9 9 10 -12
leaf_value=-0.0002932958726679255 -0.00064141814137189893 -0.0019586369203843292 0.0013114594164080912 0.00074151900055298935 -4.0738067869504018e-05 0.0011788544982599641 -0.00043417271589510072 -0.00065324655633425147 0.0036211102040548584 4.2290109604078316e-06 0.0035283239828244502
leaf_weight=158 3667 195 3874 1005 3951 222 167 354 266 207 202
leaf_count=158 3667 195 3874 1005 3951 222 167 354 266 207 202
internal_value=0.000121821 5.99889e-05 0.000134879 -0.000238133 0.000358397 -0.000926564 0.000104696 -0.00166291 0.00110531 0.00147978 0.000884662
internal_weight=14268 13435 12497 4672 7825 938 389 549 833 675 409
internal_count=14268 13435 12497 4672 7825 938 389 549 833 675 409
is_linear=0
shrinkage=0.025


Tree=201
num_leaves=13
num_cat=0
split_feature=30 37 37 36 36 40 30 35 40 36 29 5
split_gain=1.28918 1.72833 2.30674 3.41161 2.09529 1.59431 2.33558 1.69391 0.982988 0.686934 0.652463 0.759173
threshold=-0.60809463262557972 0.0096004037186503428 0.01049356395378709 0.079140175133943572 0.22228828817605975 0.71567329764366161 0.10335682332515718 0.27911078929901129 0.74253234267234813 0.096182402223348631 0.066968947649002089 -0.10885817557573317
decision_type=2 2 2 2 2 2 2 2 2 2 2 2
left_child=8 5 3 -3 -4 6 -2 -7 9 -1 11 -10
right_child=1 2 4 -5 -6 7 -8 -9 10 -11 -12 -13
leaf_value=-0.0024139605886849512 -0.0022395322039753577 0.00016922450218453107 -0.00044624126733702502 -0.0023951273367536718 0.00039738761263681316 0.001561279856785289 0.00081500595064398188 -0.00062796021913345498 0.002330415838541123 0.00043991406746246873 0.0025658278200200576 0.00023683151068602831
leaf_weight=138 170 398 4392 373 4509 2025 209 290 421 142 215 955
leaf_count=138 170 398 4392 373 4509 2025 209 290 421 142 215 955
internal_value=5.34512e-05 -3.86993e-05 -0.000195179 -0.0015029 -8.04232e-05 0.0005201 -0.000966797 0.00076778 0.000664312 -0.000679824 0.000906172 0.000694243
internal_weight=14237 12366 9672 771 8901 2694 379 2315 1871 280 1591 1376
internal_count=14237 12366 9672 771 8901 2694 379 2315 1871 280 1591 1376
is_linear=0
shrinkage=0.025


Tree=202
num_leaves=11
num_cat=0
split_feature=43 46 40 47 44 17 3 46 40 40
split_gain=1.12418 2.93194 4.32775 2.29572 2.43155 1.92095 1.59141 1.25244 0.811557 0.691508
threshold=-0.024005728773772713 0.69570478796958934 0.46519245207309728 0.019258987158536914 0.013266313821077349 -0.5499587059020995 0.55922853946685802 0.86720469594001781 0.85580661892890941 1.2256724238395693
decision_type=2 2 2 2 2 2 2 2 2 2
left_child=3 6 -3 -1 9 -6 8 -4 -2 -5
right_child=1 2 7 4 5 -7 -8 -9 -10 -11
leaf_value=-0.0035906333953029191 0.0025954422087623714 -0.005082034080688305 -0.0002995594138883938 0.0030085165803125295 0.0030406460759927634 -0.00036789111593909011 -0.0021595176712682147 0.00054802000719387156 0.00065339827436804729 -9.9032823989412885e-05
leaf_weight=140 1315 203 1940 715 241 5374 129 1808 2269 147
leaf_count=140 1315 203 1940 715 241 5374 129 1808 2269 147
internal_value=0.000116985 0.000323217 -0.000149456 -0.000120998 -5.03316e-05 -0.000241326 0.000827394 4.36319e-05 0.000927487 0.0011808
internal_weight=14281 7664 3951 6617 6477 5615 3713 3748 3584 862
internal_count=14281 7664 3951 6617 6477 5615 3713 3748 3584 862
is_linear=0
shrinkage=0.025


Tree=203
num_leaves=10
num_cat=0
split_feature=9 37 36 47 16 33 41 46 4
split_gain=1.23774 1.4054 1.95444 1.91161 1.51336 1.29219 0.812567 0.567096 0.00125028
threshold=0.014311928302049639 0.023582911118865017 0.53403553366661083 0.019258987158536914 0.016649560071527961 0.0065364760812371978 0.65199437737464916 0.23105636239051822 0.065767973661422743
decision_type=2 2 2 2 2 2 2 2 2
left_child=7 3 5 -2 -5 -3 -4 -1 -9
right_child=1 2 6 4 -6 -7 -8 8 -10
leaf_value=0.00012461252716451724 -0.0034496115815699016 0.0010224677160331024 0.00060166880465868959 0.00056831456898794616 -0.00017588867104301553 0.0055700238520630828 -0.0018739962007615113 0.0056689054123397371 0.001947594763696287
leaf_weight=134 138 827 138 2516 9452 605 170 147 120
leaf_count=134 138 827 138 2516 9452 605 170 147 120
internal_value=4.63971e-05 6.04659e-06 0.000669771 -8.90718e-05 -5.41843e-05 0.00106037 -0.00111422 0.00140702 0.00206342
internal_weight=14247 13846 1740 12106 11968 1432 308 401 267
internal_count=14247 13846 1740 12106 11968 1432 308 401 267
is_linear=0
shrinkage=0.025


Tree=204
num_leaves=12
num_cat=0
split_feature=41 40 39 45 4 48 12 40 47 40 39
split_gain=1.1976 2.17995 6.13879 1.9418 2.55526 1.68883 1.3849 1.16377 1.0647 0.794189 0.0835803
threshold=0.74474322795867931 1.0148395895957949 1.0312064290046694 0.057776963338255889 -0.14889296144247052 0.97212031483650219 -0.22967632859945294 0.69480967521667492 0.67663240432739269 0.85280367732048046 0.8992094397544862
decision_type=2 2 2 2 2 2 2 2 2 2 2
left_child=3 9 -3 4 6 7 -1 -5 -4 -2 -11
right_child=1 2 8 5 -6 -7 -8 -9 -10 10 -12
leaf_value=-0.001621320155640202 0.00048501515611762197 -0.0025124773104833846 3.0404217936091864e-05 -0.00066535804146621892 -0.0026078972565874666 -0.0026516531662128841 0.00090052043066114545 0.00012096335201218141 0.00095198117647409181 0.0028106344629427286 0.0034252646203615832
leaf_weight=141 235 238 927 1623 146 229 223 9301 600 121 521
leaf_count=141 235 238 927 1623 146 229 223 9301 600 121 521
internal_value=1.96542e-05 0.000500095 -3.53098e-06 -8.88112e-05 -0.00158981 -1.89325e-05 -0.000430217 2.55056e-05 0.000578492 0.00151502 0.0019687
internal_weight=14305 2642 1765 11663 510 11153 364 10924 1527 877 642
internal_count=14305 2642 1765 11663 510 11153 364 10924 1527 877 642
is_linear=0
shrinkage=0.025


Tree=205
num_leaves=13
num_cat=0
split_feature=30 43 46 40 36 35 23 31 40 38 43 47
split_gain=1.50992 1.90272 3.58877 2.88567 2.36848 2.10211 2.54673 1.95033 1.09196 0.629839 0.50385 0.615161
threshold=-0.57316672801971424 0.0024615819565951829 0.65214762091636669 0.46519245207309728 0.47109559178352362 -0.14671169966459272 0.20862841606140139 2.2667704820632939 0.74253234267234813 -0.19103229045867917 0.26540271937847143 0.19057226926088336
decision_type=2 2 2 2 2 2 2 2 2 2 2 2
left_child=8 5 4 -4 -3 6 -2 -7 9 -1 11 -10
right_child=1 2 3 -5 -6 7 -8 -9 10 -11 -12 -13
leaf_value=-0.0027607746319202008 -0.0038203049840399676 0.0020744154640723661 -0.0048945932038645772 -2.2664030585940978e-05 -0.001894307251167405 -7.8170090482574252e-05 0.00011964045475285634 -0.0028646165185523525 0.00011035376241967562 0.00020425720257918314 -0.00012014724558577178 0.0018788234838818072
leaf_weight=134 136 2109 204 3730 337 5482 138 133 369 207 121 1242
leaf_count=134 136 2109 204 3730 337 5482 138 133 369 207 121 1242
internal_value=9.92369e-05 -5.80486e-06 0.000292678 -0.000173585 0.00104396 -0.000330209 -0.00245072 -0.000223532 0.00072245 -0.000552746 0.000977979 0.00109607
internal_weight=14342 12269 6380 3934 2446 5889 274 5615 2073 341 1732 1611
internal_count=14342 12269 6380 3934 2446 5889 274 5615 2073 341 1732 1611
is_linear=0
shrinkage=0.025


Tree=206
num_leaves=10
num_cat=0
split_feature=38 36 26 36 5 5 46 26 14
split_gain=1.18639 1.53743 2.09022 1.78767 1.7196 1.61942 1.42366 0.275009 0.0385304
threshold=-0.30866937339305872 -0.15085972100496289 0.033989338204264648 -0.03503217734396457 -0.094572953879833208 -0.23481584340333936 0.39125831425189977 0.01924008131027222 0.54310345649719249
decision_type=2 2 2 2 2 2 2 2 2
left_child=7 2 6 4 -3 -5 -2 -1 -9
right_child=1 3 -4 5 -6 -7 -8 8 -10
leaf_value=0.0010167511429104239 -0.0015485454859467112 -0.001057255452783923 -0.0031798002283890919 0.00089322425929155153 0.0060529160961082969 -5.471645598034373e-05 0.0004347572443034095 0.0028561130285986837 0.0021853728529337038
leaf_weight=123 309 261 187 998 664 10939 489 129 120
leaf_count=123 309 261 187 998 664 10939 489 129 120
internal_value=7.14462e-05 3.32985e-05 -0.000915404 0.000106765 0.00116263 2.39701e-05 -0.000340909 0.00145557 0.00193406
internal_weight=14219 13847 985 12862 925 11937 798 372 249
internal_count=14219 13847 985 12862 925 11937 798 372 249
is_linear=0
shrinkage=0.025


Tree=207
num_leaves=13
num_cat=0
split_feature=46 43 40 41 44 46 3 35 30 8 40 17
split_gain=1.28921 2.30192 2.16295 7.87141 2.1759 2.99832 1.97928 1.89917 1.84453 1.61398 1.28036 0.432722
threshold=0.69570478796958934 0.012268173042684795 0.58617985248565685 0.33072385191917425 0.028977220878005031 0.91434335708618175 0.55922853946685802 -0.19672566652297971 0.79857864975929271 0.028867533430457119 0.86377033591270458 0.42415191233158117
decision_type=2 2 2 2 2 2 2 2 2 2 2 2
left_child=1 7 3 11 5 -4 10 -1 -9 -6 -3 -2
right_child=2 6 4 -5 9 -7 -8 8 -10 -11 -12 -13
leaf_value=-0.0024507305754744337 0.0023219555779370486 0.0027317725001974988 -0.0001872228294953754 -0.0061859778540574624 0.0009221584585003299 0.0025961696311805737 -0.0018209104535511945 0.0001158856083737846 -0.0016568821250734782 -0.0015152607853395647 0.00054617066981329403 -0.00015132007717079442
leaf_weight=167 121 1139 2475 149 188 686 123 5902 518 876 1799 123
leaf_count=167 121 1139 2475 149 188 686 123 5902 518 876 1799 123
internal_value=6.71818e-05 0.000231923 -0.000275524 -0.00203832 -0.00010786 0.000219915 0.000797864 -3.05293e-05 3.79378e-05 -0.00108396 0.000930598 0.000717872
internal_weight=14266 9648 4618 393 4225 3161 3061 6587 6420 1064 2938 244
internal_count=14266 9648 4618 393 4225 3161 3061 6587 6420 1064 2938 244
is_linear=0
shrinkage=0.025


Tree=208
num_leaves=11
num_cat=0
split_feature=13 40 9 11 40 13 47 12 37 15
split_gain=1.34376 1.37341 1.59034 1.74662 1.43702 2.19145 1.89746 0.891622 0.446954 0.195791
threshold=-0.43828728795051569 1.3124855756759646 0.03939445689320565 0.022134765982627872 1.1212141513824465 -0.38387258350849146 0.69589141011238109 -0.3040268719196319 0.016696170903742317 0.40517242252826696
decision_type=2 2 2 2 2 2 2 2 2 2
left_child=7 4 3 -3 5 -2 -6 -1 9 -9
right_child=1 2 -4 -5 6 -7 -8 8 -10 -11
leaf_value=-0.00022083874608847697 -0.0012674901508288588 -0.00047912134390617887 0.0022625085806573381 -0.002727256294619609 -1.6351014630801453e-05 -9.8970985854024676e-06 0.0021642154290960123 0.002125996642067422 0.00034716903664694425 0.0037584107798739122
leaf_weight=202 372 599 145 161 1205 9764 1058 178 157 315
leaf_count=202 372 599 145 161 1205 9764 1058 178 157 315
internal_value=3.063e-05 -3.07122e-05 -0.000968406 -0.00142974 3.75888e-05 -8.91183e-05 0.000606812 0.000990373 0.00144084 0.00180974
internal_weight=14156 13304 905 760 12399 10136 2263 852 650 493
internal_count=14156 13304 905 760 12399 10136 2263 852 650 493
is_linear=0
shrinkage=0.025


Tree=209
num_leaves=13
num_cat=0
split_feature=36 38 36 5 20 35 3 5 26 17 34 37
split_gain=1.34286 2.3742 1.8499 1.9274 1.59732 1.45026 2.27034 1.88726 1.40772 1.34834 0.92227 0.551177
threshold=-0.17408153414726255 -0.24104673415422437 -0.03503217734396457 -0.087108775973319993 -0.093210112303495393 -0.055456452071666711 -0.026333854533731934 0.61076074838638317 0.033989338204264648 -0.24733142554759976 -0.045699179172515862 0.014734101016074421
decision_type=2 2 2 2 2 2 2 2 2 2 2 2
left_child=1 8 3 4 -2 7 -7 -4 11 -3 -5 -1
right_child=2 9 5 10 -6 6 -8 -9 -10 -11 -12 -13
leaf_value=0.0012148649189641187 0.0015865233779756224 -0.0034636392679902894 0.00012665890600975754 0.00025560115886251488 -0.0027192044635129002 -0.00067176719938174883 6.2283348313903856e-05 0.0029902279467120202 -0.0023827826982843556 -0.00052073603304686542 0.0063364894383254938 -0.00031659177058251405
leaf_weight=328 346 158 1145 170 153 1772 8554 537 152 216 616 191
leaf_count=328 346 158 1145 170 153 1772 8554 537 152 216 616 191
internal_value=4.4534e-05 -0.000815476 0.000112893 0.0010126 -0.000190972 1.57122e-05 -9.4739e-05 0.000695762 6.84173e-05 -0.00239776 0.00178097 0.00069895
internal_weight=14338 1045 13293 1285 499 12008 10326 1682 671 374 786 519
internal_count=14338 1045 13293 1285 499 12008 10326 1682 671 374 786 519
is_linear=0
shrinkage=0.025


Tree=210
num_leaves=13
num_cat=0
split_feature=16 37 36 36 36 19 8 31 35 35 21 24
split_gain=1.31621 1.89731 2.57787 2.02066 4.61185 2.56409 1.33341 1.33682 1.07399 0.902703 0.825075 0.623818
threshold=0.016649560071527961 0.023582911118865017 0.52496865391731273 0.28962449729442602 0.27905875444412237 -0.063058789819478975 0.03534302860498429 0.6536967158317567 0.13710474967956546 0.16668710857629779 44.365028381347663 15.546440124511721
decision_type=2 2 2 2 2 2 2 2 2 2 2 2
left_child=6 3 8 4 -2 -5 7 9 -3 -1 -4 -9
right_child=1 2 10 5 -6 -7 -8 11 -10 -11 -12 -13
leaf_value=0.00050933268624357936 -0.00032354497261800224 0.0019230899020069075 -0.00014641162031467765 -0.0014688323225709021 -0.0031582014515686724 0.0004626022759581514 -0.0010997168724884306 -0.00010210162606916734 0.0061524383070932324 -0.001025717019875113 -0.0025908468927897414 0.0032516539257987048
leaf_weight=1711 5301 1034 160 296 146 3908 185 137 322 128 133 721
leaf_count=1711 5301 1034 160 296 146 3908 185 137 322 128 133 721
internal_value=5.9826e-05 -6.13666e-05 0.000720224 -0.000195863 -0.000513802 0.000214719 0.000536457 0.000679589 0.00118204 0.00029352 -0.00138003 0.00149334
internal_weight=14182 11300 1649 9651 5447 4204 2882 2697 1356 1839 293 858
internal_count=14182 11300 1649 9651 5447 4204 2882 2697 1356 1839 293 858
is_linear=0
shrinkage=0.025


Tree=211
num_leaves=14
num_cat=0
split_feature=38 35 35 38 37 40 4 40 31 40 26 35 34
split_gain=1.29163 2.68589 2.48706 3.83266 2.3413 1.92403 3.35288 5.57712 2.07718 2.86331 1.56183 0.977623 0.167237
threshold=-0.076920133084058748 0.15689333528280261 0.10206797719001771 -0.2133880481123924 0.016557741910219196 0.86602813005447399 0.12755934149026874 0.73598620295524608 1.1488487124443056 1.1240597367286684 0.017829000018537048 0.076162815093994155 -0.032424243167042725
decision_type=2 2 2 2 2 2 2 2 2 2 2 2 2
left_child=1 2 4 -4 -1 6 7 -2 10 -10 -7 -8 -3
right_child=5 12 3 -5 -6 8 11 -9 9 -11 -12 -13 -14
leaf_value=0.001028148130968349 -0.0027835440826235111 0.0035401158900535573 -0.0042832280847508279 -0.00020185341572627509 -0.00021245800262353144 -0.00041356362117431412 -0.0006534742067244529 0.0029086408862950717 -0.0016216906310051833 0.00010631131857303111 0.00034042107765863211 0.0022875179400235666 0.00770913193386166
leaf_weight=3555 408 143 120 600 2101 739 229 368 1253 885 2041 1450 374
leaf_count=3555 408 143 120 600 2101 739 229 368 1253 885 2041 1450 374
internal_value=0.000109225 0.000355357 0.000212937 -0.00116379 0.00039017 -0.000120121 0.000449695 -0.000901088 -0.000406002 -0.000991017 4.26392e-05 0.00107853 0.00208094
internal_weight=14266 6893 6376 720 5656 7373 2455 776 4918 2138 2780 1679 517
internal_count=14266 6893 6376 720 5656 7373 2455 776 4918 2138 2780 1679 517
is_linear=0
shrinkage=0.025


Tree=212
num_leaves=11
num_cat=0
split_feature=13 40 46 43 40 46 46 29 43 36
split_gain=1.65503 1.52466 1.53933 2.87204 1.37351 2.71319 1.94241 1.05032 1.08959 0.116266
threshold=-0.45675580203533167 1.3124855756759646 0.28690260648727423 -0.16556887328624723 1.1212141513824465 0.10582306981086732 0.69570478796958934 0.051236473023891456 -0.26819863915443415 -0.023601999506354329
decision_type=2 2 2 2 2 2 2 2 2 2
left_child=7 4 -3 -4 6 -6 -2 9 -9 -1
right_child=1 2 3 -5 5 -7 -8 8 -10 -11
leaf_value=0.0041230984428893488 0.00012671146075636506 0.00088570182328071359 -0.0022844057917463588 -0.00051865474674319398 -0.0018076783476512872 0.00098393305447094749 -0.0005558416914584369 -0.0040931939762195012 0.0012240158377613856 0.0032979782015353865
leaf_weight=258 7058 121 150 681 154 2176 3254 129 123 177
leaf_count=258 7058 121 150 681 154 2176 3254 129 123 177
internal_value=1.54873e-05 -4.47642e-05 -0.00100705 -0.00139504 2.75758e-05 0.000575482 -9.58369e-05 0.00120845 -5.35019e-05 0.00194602
internal_weight=14281 13594 952 831 12642 2330 10312 687 252 435
internal_count=14281 13594 952 831 12642 2330 10312 687 252 435
is_linear=0
shrinkage=0.025


Tree=213
num_leaves=9
num_cat=0
split_feature=38 38 35 38 11 17 33 33
split_gain=1.69735 1.13762 3.9279 2.6113 2.1758 2.04488 1.53754 0.126506
threshold=-0.30866937339305872 -0.19103229045867917 0.10357385128736497 -0.10303508490324019 0.015477458480745556 0.62525370717048656 -0.021204485557973381 0.004102561855688692
decision_type=2 2 2 2 2 2 2 2
left_child=7 2 5 6 -5 -2 -3 -1
right_child=1 3 -4 4 -6 -7 -8 -9
leaf_value=0.0017910813309293659 -0.00031903795691416888 -0.0015965782643414868 -0.0033807364157603793 0.0002834420888629333 -0.00044609569534510667 0.0037049962636932542 0.0014235292425847812 0.0028707613621105675
leaf_weight=182 1776 193 223 3823 4713 257 2914 191
leaf_count=182 1776 193 223 3823 4713 257 2914 191
internal_value=3.41468e-06 -4.10852e-05 -0.000554511 5.80573e-05 -0.000167281 -0.000201791 0.000678422 0.00165675
internal_weight=14272 13899 2256 11643 8536 2033 3107 373
internal_count=14272 13899 2256 11643 8536 2033 3107 373
is_linear=0
shrinkage=0.025


Tree=214
num_leaves=11
num_cat=0
split_feature=13 40 9 17 4 31 27 12 32 39
split_gain=1.24761 1.74821 1.66228 2.67957 1.33551 2.49842 1.97328 0.717463 0.642058 0.074362
threshold=-0.45675580203533167 1.3124855756759646 0.03939445689320565 0.49419690668582922 0.18558406084775927 0.91667494177818309 0.00078607501927763234 -0.29302370548248285 1.0535230636596682 1.2787274122238161
decision_type=2 2 2 2 2 2 2 2 2 2
left_child=7 4 3 -3 6 -6 -2 -1 9 -9
right_child=1 2 -4 -5 5 -7 -8 8 -10 -11
leaf_value=-0.0004905560141346487 0.00022372648626601611 -0.00035694127604134229 0.0029928341299119915 -0.0029702342054195442 0.0016288860942662237 -1.6245445592905223e-05 -0.00059909118560254196 0.004492733606985125 5.1094537830685081e-05 0.00073135168133895301
leaf_weight=193 2694 592 153 200 1966 4647 3382 240 120 121
leaf_count=193 2694 592 153 200 1966 4647 3382 240 120 121
internal_value=2.71607e-05 -2.44702e-05 -0.00105921 -0.0015229 5.24855e-05 0.000298617 -0.000214397 0.00107327 0.00158693 0.00210724
internal_weight=14308 13634 945 792 12689 6613 6076 674 481 361
internal_count=14308 13634 945 792 12689 6613 6076 674 481 361
is_linear=0
shrinkage=0.025


Tree=215
num_leaves=15
num_cat=0
split_feature=30 11 31 46 40 38 40 40 40 46 40 14 46 26
split_gain=1.24843 1.68925 1.90554 4.76692 1.63345 1.57638 2.97482 2.75915 0.854691 0.934639 0.940752 0.925917 1.89858 0.59657
threshold=-0.62986296415328968 0.015419909264892341 0.57889869809150707 0.80776411294937145 0.86602813005447399 -0.047704154625535004 1.1370488405227663 0.94578951597213756 0.89462947845458995 0.30429521203041082 1.0885785818099978 0.3426265567541123 0.39125831425189977 0.021689984947443012
decision_type=2 2 2 2 2 2 2 2 2 2 2 2 2 2
left_child=8 2 3 -2 -4 7 -7 -3 11 -10 -11 13 -13 -1
right_child=1 5 4 -5 -6 6 -8 -9 9 10 -12 12 -14 -15
leaf_value=0.0029163067410152947 7.7951354444116431e-05 0.00080081305888656548 0.0028574265044954443 -0.0034817054221528971 0.00037840342236442959 -0.0014531487734186354 0.00043051828798302411 -0.00045028340190118686 0.0043367158918166046 0.0019684251037422312 -0.00020626288126949938 -0.0026867809440829548 0.00091859131176189913 -0.00012103625897507938
leaf_weight=140 2436 2026 992 141 1541 1836 799 2741 451 301 327 180 229 121
leaf_count=140 2436 2026 992 141 1541 1836 799 2741 451 301 327 180 229 121
internal_value=4.00429e-05 -4.70359e-05 0.000301808 -0.000174768 0.000788515 -0.000288747 -0.000778882 -1.59785e-05 0.000664909 0.00109894 0.000456161 -2.77777e-05 -0.000775966 0.00111372
internal_weight=14261 12512 5110 2577 2533 7402 2635 4767 1749 1079 628 670 409 261
internal_count=14261 12512 5110 2577 2533 7402 2635 4767 1749 1079 628 670 409 261
is_linear=0
shrinkage=0.025


Tree=216
num_leaves=10
num_cat=0
split_feature=38 44 24 41 37 40 13 39 18
split_gain=1.16936 1.20144 1.19915 2.36939 1.35161 0.497441 0.736511 0.386583 0.0415429
threshold=-0.2956880778074264 0.010739648249000313 21.962167739868168 0.46836531162261968 0.0096004037186503428 0.84765222668647777 -0.3911213874816894 0.83824375271797191 -0.012282050680369137
decision_type=2 2 2 2 2 2 2 2 2
left_child=5 7 3 -3 -4 8 -7 -2 -1
right_child=1 2 4 -5 -6 6 -8 -9 -10
leaf_value=0.0038945764453186525 0.00029855882633398354 -0.0014642409511008371 0.00067327450618470523 -4.2287521491828375e-05 -1.3376538905361376e-05 0.003952083092755564 -0.00076361348607109658 0.0066173919602884532 0.0022089246214364541
leaf_weight=139 132 967 1956 3746 6617 192 159 202 121
leaf_count=139 132 967 1956 3746 6617 192 159 202 121
internal_value=6.47128e-05 1.60551e-05 -2.09727e-05 -0.000341511 0.000154611 0.00113028 0.000481039 0.00148599 0.00195755
internal_weight=14231 13620 13286 4713 8573 611 351 334 260
internal_count=14231 13620 13286 4713 8573 611 351 334 260
is_linear=0
shrinkage=0.025


Tree=217
num_leaves=11
num_cat=0
split_feature=13 40 9 44 40 44 32 12 32 48
split_gain=1.15 1.254 1.69748 3.61801 1.50027 1.62316 1.27941 0.871087 0.570127 0.118264
threshold=-0.45675580203533167 1.3124855756759646 0.03939445689320565 0.026283506304025653 1.1240597367286684 0.031475229188799865 1.0263562798500063 -0.3040268719196319 1.0592829585075381 0.81896552443504345
decision_type=2 2 2 2 2 2 2 2 2 2
left_child=7 4 3 -3 5 -2 -6 -1 9 -9
right_child=1 2 -4 -5 6 -7 -8 8 -10 -11
leaf_value=-0.00074490587752084508 2.8806660394020534e-05 -0.00046461651696106423 0.0031967041812445032 -0.0029046665779570522 0.0012320584610068361 -0.00077249399628786131 -0.00011969957460176253 0.0035997879146078128 4.6267797951376215e-05 0.00082726508037241466
leaf_weight=186 9508 681 145 122 1437 878 841 269 123 122
leaf_count=186 9508 681 145 122 1437 878 841 269 123 122
internal_value=3.48363e-05 -1.56972e-05 -0.000890608 -0.00134437 4.96291e-05 -7.73505e-05 0.000630202 0.0010195 0.00154865 0.00201073
internal_weight=14312 13612 948 803 12664 10386 2278 700 514 391
internal_count=14312 13612 948 803 12664 10386 2278 700 514 391
is_linear=0
shrinkage=0.025


Tree=218
num_leaves=12
num_cat=0
split_feature=36 35 26 35 11 46 3 5 35 38 41
split_gain=1.13791 2.44622 1.61813 1.4616 2.51523 2.33071 2.04502 1.61381 1.18466 0.693926 0.198532
threshold=-0.17408153414726255 -0.14235104620456693 0.033360198140144355 -0.055456452071666711 0.015175361186265947 0.10582306981086732 -0.011696050409227608 0.61076074838638317 -0.12450252845883368 -0.24403308331966397 0.5457189977169038
decision_type=2 2 2 2 2 2 2 2 2 2 2
left_child=1 -1 9 7 5 -5 -6 8 -2 -3 -9
right_child=3 2 -4 4 6 -7 -8 10 -10 -11 -12
leaf_value=-0.003552091718903673 -0.00040467522958005349 0.0010500576986650085 -0.0023184617119616177 -0.00072184009484792689 -0.00079649599534975957 0.00086048050758641805 -4.3253022830610585e-05 0.0010729832064076265 0.00120811813828851 -0.00014780901866899692 0.004206463721310361
leaf_weight=173 681 411 187 472 1634 4242 4713 127 887 243 432
leaf_count=173 681 411 187 472 1634 4242 4713 127 887 243 432
internal_value=3.5106e-05 -0.000769136 -0.000196513 9.76845e-05 -1.72826e-05 0.000419316 -0.000342609 0.000697115 0.000278926 0.000385053 0.00184619
internal_weight=14202 1014 841 13188 11061 4714 6347 2127 1568 654 559
internal_count=14202 1014 841 13188 11061 4714 6347 2127 1568 654 559
is_linear=0
shrinkage=0.025


Tree=219
num_leaves=10
num_cat=0
split_feature=17 40 9 44 46 46 36 13 46
split_gain=1.09946 1.19924 1.53887 2.78062 1.38167 2.38161 2.31375 0.235249 0.356839
threshold=-0.48844322562217707 1.3190979957580569 0.038243615999817855 0.024774373508989814 0.35628965497016912 0.65214762091636669 -0.14391931891441342 -0.43221326172351832 0.052177859470248229
decision_type=2 2 2 2 2 2 2 2 2
left_child=7 4 3 -3 6 -6 -2 8 -1
right_child=1 2 -4 -5 5 -7 -8 -9 -10
leaf_value=0.0038653289168459996 -0.002405000794922155 -0.00042330708934118868 0.0020977227204773529 -0.002972749032444366 0.00090174668597234559 -0.00012272615315650436 -0.00020798130469440403 0.00035419980064160252 0.0005727745194498776
leaf_weight=161 218 662 160 120 3883 4930 3813 120 222
leaf_count=161 218 662 160 120 3883 4930 3813 120 222
internal_value=4.13636e-05 -2.71823e-07 -0.000859292 -0.00131989 6.25536e-05 0.000238291 -0.000319933 0.00118356 0.00148518
internal_weight=14289 13786 942 782 12844 8813 4031 503 383
internal_count=14289 13786 942 782 12844 8813 4031 503 383
is_linear=0
shrinkage=0.025


Tree=220
num_leaves=15
num_cat=0
split_feature=16 16 37 5 36 36 36 36 9 35 35 40 13 37
split_gain=1.16868 2.26424 2.58947 1.92251 1.67219 2.03478 1.46036 1.35062 1.33245 1.25548 1.23982 0.993069 1.70496 0.937155
threshold=0.024106965400278572 0.020622772164642814 0.013613819144666197 -0.10885817557573317 0.44967386126518255 0.23597877472639087 0.14045994728803637 0.44223661720752722 0.026934710331261161 0.23115389049053195 0.34286741912364965 1.0267423391342165 -0.34764431416988367 0.020662810653448108
decision_type=2 2 2 2 2 2 2 2 2 2 2 2 2 2
left_child=1 4 3 -3 5 -1 11 -4 9 -8 -10 13 -13 -2
right_child=6 2 7 -5 -6 -7 8 -9 10 -11 -12 12 -14 -15
leaf_value=-7.084910001217152e-06 -0.00080523332483223178 0.00028569537935501532 0.00024262940679919658 -0.001488448725415445 -0.0023126173445412695 0.0016616448708094902 0.0011107166644676229 -0.0018598388845156863 0.0015585823928883904 0.0051694956551810098 -0.00079143734655412207 0.00038965428277425379 -0.0015537612083521995 0.0032368042621788483
leaf_weight=4766 318 304 1788 1126 223 1960 591 424 1058 486 630 164 245 259
leaf_count=4766 318 304 1788 1126 223 1960 591 424 1058 486 630 164 245 259
internal_value=5.91588e-05 -7.46743e-05 -0.000579586 -0.00140679 0.00018928 0.000261291 0.000438299 -4.00315e-05 0.000733303 0.00141982 0.000288689 -0.00038219 -0.00131944 0.000277062
internal_weight=14342 10591 3642 1430 6949 6726 3751 2212 2765 1077 1688 986 409 577
internal_count=14342 10591 3642 1430 6949 6726 3751 2212 2765 1077 1688 986 409 577
is_linear=0
shrinkage=0.025


Tree=221
num_leaves=13
num_cat=0
split_feature=13 36 35 5 38 38 35 19 41 41 44 39
split_gain=1.23871 1.54358 3.53213 3.0428 2.85564 2.4697 2.66172 1.21755 1.00387 2.33991 0.559762 0.123234
threshold=-0.43828728795051569 0.22587104886770251 0.096512328833341612 0.67037886381149303 -0.21481008082628247 -0.12176326662302016 0.19306533038616183 -0.055870650336146348 0.74626317620277416 0.54158252477645885 0.029194862581789497 1.3513059616088869
decision_type=2 2 2 2 2 2 2 2 2 2 2 2
left_child=7 2 3 -2 -4 10 -7 8 9 -1 -3 -9
right_child=1 5 4 -5 -6 6 -8 11 -10 -11 -12 -13
leaf_value=0.0026310032533897933 -0.0001255836239842564 0.0035615871407377528 -0.0040392289608522768 0.0023814360375340061 -0.00075504867911450977 -0.0004362573619796921 0.00087099522801899025 0.0046474701806779291 0.0015123012652406669 -0.0021729751765815013 6.7773044832784068e-05 0.00092770432190848447
leaf_weight=133 4004 729 158 736 2003 2435 3304 269 139 189 131 120
leaf_count=133 4004 729 158 736 2003 2435 3304 269 139 189 131 120
internal_value=6.40022e-05 5.0908e-06 -0.000255756 0.000125132 -0.00109245 0.000278808 8.98765e-05 0.000986842 9.9249e-05 -0.00065367 0.00152457 0.00200825
internal_weight=14350 13500 6901 4740 2161 6599 5739 850 461 322 860 389
internal_count=14350 13500 6901 4740 2161 6599 5739 850 461 322 860 389
is_linear=0
shrinkage=0.025


Tree=222
num_leaves=8
num_cat=0
split_feature=37 13 36 35 38 36 13
split_gain=1.09327 1.07138 1.34741 4.55068 2.18761 1.0545 0.203263
threshold=0.0070376950316131124 -0.45675580203533167 0.22587104886770251 0.10954382270574571 -0.12176326662302016 -0.15085972100496289 -0.49398656189441675
decision_type=2 2 2 2 2 2 2
left_child=-1 5 3 -3 -4 -2 -7
right_child=1 2 4 -5 -6 6 -8
leaf_value=0.012283975001758457 -9.6927654295177434e-05 0.00012080026376723776 0.0032861940920951697 -0.0011775692761558294 6.6253050815847926e-05 0.0050737764100629839 0.0016114296580910696
leaf_weight=127 214 5018 865 1814 5778 300 161
leaf_count=127 214 5018 865 1814 5778 300 161
internal_value=9.18115e-05 7.0205e-05 2.08643e-05 -0.000225062 0.000274707 0.0010386 0.00170869
internal_weight=14277 14150 13475 6832 6643 675 461
internal_count=14277 14150 13475 6832 6643 675 461
is_linear=0
shrinkage=0.025


Tree=223
num_leaves=14
num_cat=0
split_feature=11 47 30 16 9 30 40 48 17 5 17 8 40
split_gain=0.984141 2.21561 1.68919 1.55654 2.27277 1.44924 1.42195 1.59979 1.33502 1.11127 1.10094 0.945621 0.916338
threshold=0.014770213048905136 0.3706896454095841 -0.5075620412826537 0.024106965400278572 0.017470034770667556 1.1789707541465761 1.2218908071517947 0.78154808282852184 0.80411735177040111 0.36140158772468572 0.84563082456588756 0.023608910851180557 0.65654709935188305
decision_type=2 2 2 2 2 2 2 2 2 2 2 2 2
left_child=1 3 10 4 -1 8 12 -8 -4 -5 11 -2 -3
right_child=2 6 5 9 -6 -7 7 -9 -10 -11 -12 -13 -14
leaf_value=0.00091287206370073849 4.0729038988191144e-05 -0.0026833191960119753 -0.00048060089077616146 -0.00036221178224689874 -0.0013752210460425307 0.0019289033009504614 0.00092483282460178312 -0.0013123607624023858 0.0002713962510308977 0.0036755276623471563 -0.00069683399180215256 0.0014873575294199895 0.0038401679758997328
leaf_weight=1082 879 125 5309 260 1169 189 151 146 2051 353 156 1080 1390
leaf_count=1082 879 125 5309 260 1169 189 151 146 2051 353 156 1080 1390
internal_value=7.79889e-05 0.000375721 -6.55444e-05 -5.53328e-05 -0.000361813 -0.000241097 0.00105875 -0.000500828 -0.000297861 0.0010538 0.000557193 0.000721105 0.00136924
internal_weight=14340 4676 9664 2864 2251 7549 1812 297 7360 613 2115 1959 1515
internal_count=14340 4676 9664 2864 2251 7549 1812 297 7360 613 2115 1959 1515
is_linear=0
shrinkage=0.025


Tree=224
num_leaves=9
num_cat=0
split_feature=3 24 46 17 36 35 35 27
split_gain=1.33563 1.46475 2.16445 3.22973 1.96392 1.19685 2.60809 1.09944
threshold=0.68802121281623851 23.755349159240726 0.75650331377983104 0.74621582031250011 0.4880418479442597 0.22178854793310168 0.12533523142337802 -0.0072000070940703145
decision_type=2 2 2 2 2 2 2 2
left_child=1 2 4 -4 -1 6 -3 -7
right_child=-2 5 3 -5 -6 7 -8 -9
leaf_value=0.00016153082010431834 -0.0017615577408302573 0.00044452830400097931 -0.0024903182877798295 0.00014055776892150522 -0.0026721113263556608 -0.0010369358177426925 -0.0005452600501043703 0.001676898453642993
leaf_weight=4461 222 3536 649 711 345 169 1826 2381
leaf_count=4461 222 3536 649 711 345 169 1826 2381
internal_value=7.8207e-05 0.000109263 -0.000178861 -0.00105769 6.93724e-05 0.000334565 0.000120878 0.000780333
internal_weight=14300 14078 6166 1360 4806 7912 5362 2550
internal_count=14300 14078 6166 1360 4806 7912 5362 2550
is_linear=0
shrinkage=0.025


Tree=225
num_leaves=9
num_cat=0
split_feature=13 3 36 45 37 12 8 19
split_gain=1.22518 1.10686 1.28204 1.97688 1.5857 0.768982 0.33787 0.100826
threshold=-0.45675580203533167 0.68802121281623851 0.20831683278083804 0.057776963338255889 0.0092449728399515169 -0.29302370548248285 0.028414376080036167 -0.046140151098370545
decision_type=2 2 2 2 2 2 2 2
left_child=5 2 4 -4 -2 -1 7 -7
right_child=1 -3 3 -5 -6 6 -8 -9
leaf_value=-6.2525549261816045e-05 0.00088379053464016316 -0.0015979935353848769 -0.0011085181834821136 0.00050296032936911293 -0.0003383770684979257 0.0015095805338276884 0.00039271383919356717 0.0048466727685420249
leaf_weight=202 1364 214 326 6388 5285 163 122 209
leaf_count=202 1364 214 326 6388 5285 163 122 209
internal_value=6.31217e-05 1.00318e-05 3.93665e-05 0.000283338 -0.000206079 0.00108238 0.00161072 0.00198607
internal_weight=14273 13577 13363 6714 6649 696 494 372
internal_count=14273 13577 13363 6714 6649 696 494 372
is_linear=0
shrinkage=0.025


Tree=226
num_leaves=10
num_cat=0
split_feature=13 40 45 36 19 13 36 32 48
split_gain=1.37879 2.01351 1.44617 1.38462 1.37694 1.49489 0.805768 0.667203 0.0920759
threshold=-0.45675580203533167 1.3124855756759646 0.019258987158536914 0.21809379011392596 0.12478069216012956 -0.093553386628627763 -0.21272230893373487 1.0993001461029055 0.8479457199573518
decision_type=2 2 2 2 2 2 2 2 2
left_child=6 2 -2 -4 5 -3 -1 8 -8
right_child=1 4 3 -5 -6 -7 7 -9 -10
leaf_value=-0.00014305042953860868 -0.0018562043174477347 -0.00087361882934713832 -0.00015257008434392148 0.00040819113186367582 0.0005567700145162666 -0.0022485873031658698 0.0036759189811740585 9.1899050406094862e-05 0.0032798489095200558
leaf_weight=123 124 602 6139 6377 214 134 321 124 121
leaf_count=123 124 602 6139 6377 214 134 321 124 121
internal_value=1.68896e-05 -3.81573e-05 4.49783e-05 7.25782e-05 -0.00114529 -0.00165823 0.00110411 0.00150394 0.0019547
internal_weight=14279 13590 12640 12516 950 736 689 566 442
internal_count=14279 13590 12640 12516 950 736 689 566 442
is_linear=0
shrinkage=0.025


Tree=227
num_leaves=9
num_cat=0
split_feature=41 40 48 9 40 30 9 33
split_gain=1.34489 1.2271 2.98017 2.58199 2.52565 2.13773 1.85361 0.756947
threshold=0.059105746448040015 0.73598620295524608 0.057776963338255889 0.025854485109448436 0.8691898286342622 -0.62986296415328968 0.031910076737403877 -0.0030844388529658313
decision_type=2 2 2 2 2 2 2 2
left_child=-1 2 7 -4 6 -6 -3 -2
right_child=1 4 3 -5 5 -7 -8 -9
leaf_value=-0.001092288369500969 -0.00010331798948193336 0.0024881086437150176 -0.0018088920865537384 0.00038897261297421963 0.0011321720280318287 -0.0001339877769650279 -0.0004563202339904174 0.0033436372370923822
leaf_weight=134 121 2213 1201 519 1167 8069 502 332
leaf_count=134 121 2213 1201 519 1167 8069 502 332
internal_value=4.47838e-05 6.92725e-05 -0.00047578 -0.000952898 0.000169057 -2.74591e-05 0.000838695 0.00131277
internal_weight=14258 14124 2173 1720 11951 9236 2715 453
internal_count=14258 14124 2173 1720 11951 9236 2715 453
is_linear=0
shrinkage=0.025


Tree=228
num_leaves=14
num_cat=0
split_feature=24 46 17 43 43 39 8 35 31 43 35 31 46
split_gain=1.18867 2.19702 2.59644 3.29327 1.91976 2.16581 1.6761 1.45539 1.01926 1.68825 1.2133 0.870671 0.713086
threshold=23.755349159240726 0.69570478796958934 0.76870611310005199 -0.054989505559206002 -0.074162796139717088 0.99777343869209301 0.025404604151844982 0.039440046995878227 2.4519053697586064 0.18507772684097293 0.1817961856722832 0.022166455164551738 0.82868674397468578
decision_type=2 2 2 2 2 2 2 2 2 2 2 2 2
left_child=1 4 3 -3 5 -1 -4 -6 11 -10 -11 -2 -13
right_child=8 2 6 -5 7 -7 -8 -9 9 10 -12 12 -14
leaf_value=-0.0013289235889821121 -0.00079729342103580607 0.00096166300410857044 0.0023505930715907253 -0.0024545602419423721 0.0015734435143186804 0.00028958712477633911 -0.00045325975789067033 -0.00014476917096990267 -0.001912535389469243 -0.001671226847572532 0.0017927898548651363 0.00016956056759472138 0.001118249417510084
leaf_weight=1317 201 156 292 735 1080 1229 504 851 217 228 405 6023 1043
leaf_count=1317 201 156 292 735 1080 1229 504 851 217 228 405 6023 1043
internal_value=8.48742e-06 -0.000252675 -0.00102024 -0.00194336 3.59773e-05 -0.000413073 1.09239e-05 0.000630811 0.000207615 -0.000606725 4.11443e-05 0.000304077 0.000351259
internal_weight=14281 6164 1687 891 4477 2546 796 1931 8117 850 633 7267 7066
internal_count=14281 6164 1687 891 4477 2546 796 1931 8117 850 633 7267 7066
is_linear=0
shrinkage=0.025


Tree=229
num_leaves=9
num_cat=0
split_feature=41 21 38 36 12 43 40 39
split_gain=1.45664 1.28328 1.10852 1.52997 0.725298 1.33994 0.659827 0.416964
threshold=0.059105746448040015 74.04016494750978 -0.2956880778074264 -0.14391931891441342 -0.0092712021432816965 -0.10051846131682395 0.84765222668647777 1.2897913455963137
decision_type=2 2 2 2 2 2 2 2
left_child=-1 2 6 -4 7 -6 -2 -3
right_child=1 4 3 -5 5 -7 -8 -9
leaf_value=-0.0011360579489733097 0.0025646311189541841 0.0021198432393227142 -0.0009993756673553312 2.0377392504118981e-05 -0.0015595514278165122 0.00088545617106117755 0.00027166788355568257 -8.8464664855901005e-05
leaf_weight=138 247 735 785 10865 166 914 347 138
leaf_count=138 247 735 785 10865 166 914 347 138
internal_value=7.01709e-05 9.58493e-05 3.06241e-07 -5.30887e-05 0.000690118 0.000247696 0.00104967 0.0012258
internal_weight=14335 14197 12244 11650 1953 1080 594 873
internal_count=14335 14197 12244 11650 1953 1080 594 873
is_linear=0
shrinkage=0.025


Tree=230
num_leaves=15
num_cat=0
split_feature=24 46 17 38 9 43 48 48 37 37 36 3 34 36
split_gain=1.06473 1.89334 2.73368 2.68043 1.77178 1.48823 2.21598 1.13905 0.911347 2.19073 3.94019 1.08617 0.850719 1.12105
threshold=23.565312385559086 0.75650331377983104 0.74621582031250011 -0.27892369031906122 0.029169738292694095 0.012268173042684795 0.38114453852176672 0.74303007125854503 0.0096004037186503428 0.010713704396039249 0.1721996292471886 0.64222037792205822 0.16158985346555713 0.32676836848258978
decision_type=2 2 2 2 2 2 2 2 2 2 2 2 2 2
left_child=1 5 3 -3 -4 6 -1 -7 12 10 -10 -11 13 -2
right_child=8 2 4 -5 -6 7 -8 -9 9 11 -12 -13 -14 -15
leaf_value=-0.0014536598430057192 0.0010141874988873272 0.0010698444735346515 0.0028270081713945771 -0.002697123684537834 -0.00046807081572680371 0.0016433554723822013 0.000128177253782445 -0.00020579984734992829 0.00023160652733503586 0.00029412194592936858 -0.0036130876480758461 -0.0013763799198110941 0.0059601820095461014 -0.00051046349738643104
leaf_weight=1130 1229 127 225 534 484 1026 2215 317 337 5502 250 250 278 393
leaf_count=1130 1229 127 225 534 484 1026 2215 317 337 5502 250 250 278 393
internal_value=5.32269e-05 -0.000197716 -0.00101364 -0.00216404 5.77732e-05 4.02196e-05 -0.000240672 0.000742767 0.000238507 9.31984e-05 -0.00135346 0.000242965 0.000718504 0.000490934
internal_weight=14297 6058 1370 661 709 4688 3345 1343 8239 6339 587 5752 1900 1622
internal_count=14297 6058 1370 661 709 4688 3345 1343 8239 6339 587 5752 1900 1622
is_linear=0
shrinkage=0.025


Tree=231
num_leaves=15
num_cat=0
split_feature=24 46 5 11 19 34 23 5 37 37 34 35 33 38
split_gain=1.19935 1.32418 3.27304 3.48484 1.59983 2.80266 1.21698 1.14322 1.0554 2.41595 3.17868 1.18285 1.13497 0.701202
threshold=23.755349159240726 0.77389594912529003 0.55649656057357799 0.017094762995839122 -0.086924143135547624 -0.0082147885113954527 0.12415428459644319 1.1599593162536623 0.0096004037186503428 0.010752105154097082 0.057673700153827674 0.28855048120021826 0.0075542102567851552 -0.17115406692028043
decision_type=2 2 2 2 2 2 2 2 2 2 2 2 2 2
left_child=1 4 3 -3 5 -1 -6 -4 11 10 -10 13 -11 -2
right_child=8 2 7 -5 6 -7 -8 -9 9 12 -12 -13 -14 -15
leaf_value=4.390690047067147e-06 -0.00053935004901425551 -0.0038152276953533023 0.00045179380746633764 -0.00020235862341239064 -0.00019853956860634871 -0.0029364834471179877 0.00060702094543227847 -0.00091483034355822803 0.00027517758260143366 -2.0793510082863828e-07 -0.0029468878719027462 -0.00024731148948917256 0.0010368643460524495 0.0018429243861905953
leaf_weight=291 129 201 632 198 2356 150 2103 248 295 3565 305 215 2070 1564
leaf_count=291 129 201 632 198 2356 150 2103 248 295 3565 305 215 2070 1564
internal_value=6.44763e-05 -0.000197485 -0.000912188 -0.00277537 -8.91938e-06 -0.00143778 0.000132449 -4.94349e-05 0.000264022 0.000105168 -0.00139463 0.000778228 0.000267066 0.00100191
internal_weight=14322 6179 1279 399 4900 441 4459 880 8143 6235 600 1908 5635 1693
internal_count=14322 6179 1279 399 4900 441 4459 880 8143 6235 600 1908 5635 1693
is_linear=0
shrinkage=0.025


Tree=232
num_leaves=9
num_cat=0
split_feature=13 43 36 17 5 12 39 32
split_gain=1.16696 1.34013 1.21008 1.66792 1.66693 1.12707 0.229651 0.0124017
threshold=-0.46369700133800501 -0.52251181006431568 0.20831683278083804 0.91086941957473766 1.1739781498908999 -0.29302370548248285 1.3212200999259951 0.9561058282852174
decision_type=2 2 2 2 2 2 2 2
left_child=5 -2 3 -3 -4 -1 7 -7
right_child=1 2 4 -5 -6 6 -8 -9
leaf_value=-0.0010393968828705227 -0.001935691522923756 -0.00022659146649344711 0.0005569393191926685 0.0021735851684229492 -0.00057063559946182426 0.0047345333620752751 0.00016905632496119714 0.0024378521900000833
leaf_weight=166 133 6170 6125 464 746 199 137 121
leaf_count=166 133 6170 6125 464 746 199 137 121
internal_value=6.28243e-05 1.3835e-05 3.93228e-05 -0.000200896 0.000272142 0.00111664 0.00175595 0.00213462
internal_weight=14261 13638 13505 6634 6871 623 457 320
internal_count=14261 13638 13505 6634 6871 623 457 320
is_linear=0
shrinkage=0.025


Tree=233
num_leaves=10
num_cat=0
split_feature=11 41 12 25 40 13 40 32 22
split_gain=1.04732 1.99345 1.85257 2.36193 1.82972 1.45821 1.54568 0.532368 0.288605
threshold=0.030146511271595958 0.4072625488042832 -0.29302370548248285 -22.755678176879879 1.0148395895957949 -0.46369700133800501 1.3124855756759646 1.0263562798500063 0.75441765785217296
decision_type=2 2 2 2 2 2 2 2 2
left_child=2 -2 3 -1 -5 7 -7 -4 -3
right_child=1 8 5 4 -6 6 -8 -9 -10
leaf_value=0.0014713954616243858 -0.0007100942697967961 0.0043348506490258117 0.00281748613372121 -0.00018998814033499806 -0.0037259813374554748 4.5781706201164896e-05 -0.00064397866335367377 0.00034435570232736528 0.0015101876832150564
leaf_weight=126 201 332 319 127 182 11904 879 122 140
leaf_count=126 201 332 319 127 182 11904 879 122 140
internal_value=3.82752e-05 0.000997419 -8.87359e-06 -0.00160511 -0.00277468 4.37487e-05 -4.78955e-06 0.00144899 0.00188417
internal_weight=14332 673 13659 435 309 13224 12783 441 472
internal_count=14332 673 13659 435 309 13224 12783 441 472
is_linear=0
shrinkage=0.025


Tree=234
num_leaves=12
num_cat=0
split_feature=16 36 36 36 35 37 37 3 27 43 37
split_gain=1.02429 1.7425 1.52903 1.51983 4.24899 3.51301 2.63851 1.80504 1.97726 1.42588 1.37643
threshold=0.016649560071527961 -0.17939045280218122 0.38377764821052557 0.28962449729442602 0.10954382270574571 0.018690415658056739 0.016233198344707492 -0.011696050409227608 -0.010665487032383679 0.071787051856517806 0.0090470421127975004
decision_type=2 2 2 2 2 2 2 2 2 2 2
left_child=1 -1 10 4 6 -6 -2 9 -9 -5 -3
right_child=3 2 -4 7 5 -7 -8 8 -10 -11 -12
leaf_value=-0.0014318717181678823 0.0008112751134228285 0.0052260270968127465 -0.0016514842804094467 -0.00040690422691400438 -0.0014268093875204487 0.0019414857847827518 -0.00048023390434962079 -0.0019677451057421801 0.00081869331069350088 -0.0016507965829778476 0.0002318516671379685
leaf_weight=147 2287 801 163 725 1868 472 1690 215 4021 128 1749
leaf_count=147 2287 801 163 725 1868 472 1690 215 4021 128 1749
internal_value=2.86421e-05 0.000451571 0.000598326 -7.70089e-05 -0.000336325 -0.0011807 0.000159782 0.000243669 0.000455966 -0.000799825 0.000750979
internal_weight=14266 2860 2713 11406 6317 2340 3977 5089 4236 853 2550
internal_count=14266 2860 2713 11406 6317 2340 3977 5089 4236 853 2550
is_linear=0
shrinkage=0.025


Tree=235
num_leaves=8
num_cat=0
split_feature=41 17 11 46 11 48 48
split_gain=1.46192 1.09518 1.14115 1.93227 1.56875 0.322528 0.265291
threshold=0.059105746448040015 -0.46686924993991846 0.015175361186265947 0.10582306981086732 0.030146511271595958 0.80080705881118786 0.38114453852176672
decision_type=2 2 2 2 2 2 2
left_child=-1 5 3 -3 -4 6 -2
right_child=1 2 4 -5 -6 -7 -8
leaf_value=-0.0010840309061441766 0.00035547217284222742 -0.0013286361888028874 -0.00015218077699533084 0.00069614122008784243 0.0017002870692908124 0.00010279051195217364 0.0027564095516520483
leaf_weight=138 131 382 8098 4442 626 165 276
leaf_count=138 131 382 8098 4442 626 165 276
internal_value=7.45812e-05 0.000100443 5.45083e-05 0.000363171 -0.000115563 0.00116768 0.0015443
internal_weight=14258 14120 13548 4824 8724 572 407
internal_count=14258 14120 13548 4824 8724 572 407
is_linear=0
shrinkage=0.025


Tree=236
num_leaves=13
num_cat=0
split_feature=30 9 20 39 44 39 41 40 12 35 20 34
split_gain=1.38874 1.21485 1.33006 2.127 2.10619 1.20142 3.1224 0.95366 0.620185 0.744584 0.618997 0.169264
threshold=-0.86732736229896534 0.017470034770667556 0.26073536276817327 0.99777343869209301 0.028791630640625957 0.85228922963142406 0.633997142314911 0.72273260354995739 -0.15957135707139966 0.06849765777587892 0.073047555983066573 -0.053249446675181382
decision_type=2 2 2 2 2 2 2 2 2 2 2 2
left_child=7 5 3 -3 -4 6 -2 -1 11 -10 -7 -9
right_child=1 2 4 -5 -6 10 -8 8 9 -11 -12 -13
leaf_value=-0.00075967535427839668 0.0011393780243517451 -0.00089985221424347239 0.00076943706799172378 5.5841018938695172e-05 -0.00071645063828234754 0.0070280931334849115 -0.001880948629265836 0.0029241427832811515 -0.00059236122426754021 0.0025257751719084446 0.00050829712179685754 0.0032063385579639021
leaf_weight=123 760 3544 3322 3717 1366 303 121 123 191 233 122 294
leaf_count=123 760 3544 3322 3717 1366 303 121 123 191 233 122 294
internal_value=1.87185e-05 -4.76055e-05 -0.000127259 -0.000339423 0.000200032 0.000674104 0.000136851 0.000932663 0.0012367 0.000533217 0.00175872 0.00192239
internal_weight=14219 13255 11949 7261 4688 1306 881 964 841 424 425 417
internal_count=14219 13255 11949 7261 4688 1306 881 964 841 424 425 417
is_linear=0
shrinkage=0.025


Tree=237
num_leaves=11
num_cat=0
split_feature=38 3 37 41 34 46 31 38 46 4
split_gain=1.10051 1.24872 2.42919 2.47387 1.50657 1.4003 3.07457 2.10021 0.247263 0.0851748
threshold=-0.30866937339305872 0.025343060493469242 0.016518998891115192 0.74304121732711803 0.11881402134895326 0.65214762091636669 0.68707063794136058 -0.065974175930023179 0.44270250201225286 0.0043224403634667405
decision_type=2 2 2 2 2 2 2 2 2 2
left_child=8 2 4 -4 -2 7 -7 -3 -1 -10
right_child=1 5 3 -5 -6 6 -8 -9 9 -11
leaf_value=0.0013030394969389463 0.00010364698694654317 0.0021087156927091111 -0.0016468316945945677 0.00013606279033705559 -0.0013266015001203082 -0.0019396472155376971 9.067052316236999e-05 5.7222231064550267e-05 0.0034670931472595666 0.0012515679777446961
leaf_weight=135 3121 1422 1101 765 294 517 3439 3275 123 120
leaf_count=135 3121 1422 1101 765 294 517 3439 3275 123 120
internal_value=1.91207e-05 -1.67694e-05 -0.000319949 -0.00104423 7.4927e-05 0.00016762 -0.00017767 0.000459645 0.00134138 0.00181956
internal_weight=14312 13934 5281 1866 3415 8653 3956 4697 378 243
internal_count=14312 13934 5281 1866 3415 8653 3956 4697 378 243
is_linear=0
shrinkage=0.025


Tree=238
num_leaves=13
num_cat=0
split_feature=34 38 36 16 36 36 40 45 35 26 9 39
split_gain=1.08742 2.20879 2.23305 4.93609 1.74434 3.57471 1.72624 1.62235 1.55862 1.35967 1.02561 0.450652
threshold=0.14204169809818271 -0.018733770586550232 0.28962449729442602 0.022875982336699966 0.45946973562240606 0.22977772355079654 1.2218908071517947 0.20983126014471057 0.38493418693542486 0.017548041418194774 0.030064365826547149 0.97185879945755016
decision_type=2 2 2 2 2 2 2 2 2 2 2 2
left_child=1 4 3 -3 5 -1 -4 -6 9 -2 -11 -10
right_child=8 2 6 -5 7 -7 -8 -9 11 10 -12 -13
leaf_value=-3.2690573916095753e-05 -0.00054529758991210531 -0.00087056533846740158 8.6369689063900637e-05 -0.0034605230160087361 -0.0031449659658404103 0.0022842760755429807 -0.001382779350282113 -0.00038773692012357267 -0.00011129375719951772 0.0046678378504924449 0.0010443326594962502 -0.0024913815095864243
leaf_weight=6194 166 980 1637 157 158 2377 302 628 144 791 616 138
leaf_count=6194 166 980 1637 157 158 2377 302 628 144 791 616 138
internal_value=3.06969e-05 -5.31636e-05 -0.000634128 -0.0015116 0.000137391 0.000241517 -0.000113812 -0.000984513 0.000594758 0.000903834 0.00115882 -0.00109321
internal_weight=14288 12433 3076 1137 9357 8571 1939 786 1855 1573 1407 282
internal_count=14288 12433 3076 1137 9357 8571 1939 786 1855 1573 1407 282
is_linear=0
shrinkage=0.025


Tree=239
num_leaves=13
num_cat=0
split_feature=37 17 37 3 37 41 39 40 9 36 39 4
split_gain=0.905975 1.9888 1.90182 3.15887 2.03972 1.89305 1.55554 2.49707 1.32761 1.17495 0.870667 0.798153
threshold=0.024521977640688423 0.969701647758484 0.016778284683823589 -0.011696050409227608 0.018809925764799122 0.71285155415534984 0.85228922963142406 0.89703840017318737 0.017729950137436393 0.52496865391731273 0.97741863131523143 0.0078709435183554905
decision_type=2 2 2 2 2 2 2 2 2 2 2 2
left_child=2 9 6 5 -5 -4 7 -1 -8 11 -3 -2
right_child=1 10 3 4 -6 -7 8 -9 -10 -11 -12 -13
leaf_value=8.852716173103609e-05 0.00084628804249379901 -0.0020332798253412851 -0.0019603937016374568 -0.0012141773455335118 0.0010946825516237088 -0.00015746528887587485 0.003427131774624283 -0.0012108832638160426 0.00016070637133218488 -0.0011446994053785117 0.00033830386172803385 0.0050706421417404217
leaf_weight=2464 310 154 485 998 1218 402 497 986 5723 175 171 662
leaf_count=2464 310 154 485 998 1218 402 497 986 5723 175 171 662
internal_value=3.90352e-05 0.000625423 -2.82712e-05 -0.000566683 -5.79693e-05 -0.00182315 0.000144057 -0.000280391 0.000380522 0.00111654 -0.00107955 0.00145727
internal_weight=14245 1472 12773 3103 2216 887 9670 3450 6220 1147 325 972
internal_count=14245 1472 12773 3103 2216 887 9670 3450 6220 1147 325 972
is_linear=0
shrinkage=0.025


Tree=240
num_leaves=13
num_cat=0
split_feature=37 16 40 36 36 36 36 15 35 41 31 20
split_gain=1.00448 1.87666 1.83602 2.30706 1.49404 1.48231 4.09323 1.7363 1.17441 1.45171 1.02063 1.02046
threshold=0.023582911118865017 0.016649560071527961 0.69480967521667492 -0.030676622875034806 0.52496865391731273 0.28962449729442602 0.27905875444412237 0.88793104887008678 0.13710474967956546 0.53499943017959606 0.044596908614039428 0.30482451617717748
decision_type=2 2 2 2 2 2 2 2 2 2 2 2
left_child=1 2 3 -1 8 6 -3 -7 9 -2 -4 -6
right_child=4 5 10 -5 11 7 -8 -9 -10 -11 -12 -13
leaf_value=0.0018311804918991282 -0.0016579277330599452 -0.00026697593756558856 -0.0017590629248810754 -0.0026254888262557154 -0.002399909817541492 0.00019656161225151201 -0.0030509550554972159 -0.0023167255831722726 0.0060909434172139801 0.0020779319554070281 0.0012049294540975248 0.00020135045685761932
leaf_weight=147 134 5317 145 252 121 4041 149 210 332 968 2225 203
leaf_count=147 134 5317 145 252 121 4041 149 210 332 968 2225 203
internal_value=1.60539e-05 -6.23448e-05 0.000510544 -0.0010427 0.000575014 -0.000226419 -0.000498766 0.000122474 0.000923384 0.000518293 0.000776316 -0.00093845
internal_weight=14244 12486 2769 399 1758 9717 5466 4251 1434 1102 2370 324
internal_count=14244 12486 2769 399 1758 9717 5466 4251 1434 1102 2370 324
is_linear=0
shrinkage=0.025


Tree=241
num_leaves=15
num_cat=0
split_feature=44 20 36 40 31 12 40 35 26 13 19 8 10 48
split_gain=1.14196 2.28953 2.07085 2.06047 1.66527 1.98947 1.54923 1.50288 1.44622 1.41771 1.13544 0.844956 0.316926 0.089425
threshold=0.027284160256385807 0.34614741802215582 0.52496865391731273 0.72273260354995739 1.2164656519889834 -0.25197796523571009 0.86102840304374706 0.18743147701025012 0.026969193480908874 -0.19068056344985959 0.14149743318557742 0.02658129204064608 0.021112737245857719 0.43892149627208715
decision_type=2 2 2 2 2 2 2 2 2 2 2 2 2 2
left_child=1 2 3 -1 9 -6 13 -7 -4 11 -8 -2 -11 -3
right_child=4 6 8 -5 5 7 10 -9 -10 12 -12 -13 -14 -15
leaf_value=-0.00083671881204083222 0.0021558707807365512 0.0047027624690843001 -0.00040497855832790914 0.00014991701485688499 0.0024337400001816457 -0.0016322456860949942 0.002481991036441407 -0.00096955176747205425 -0.0024845459319333832 0.0051065141308481773 -0.00023498133489035573 -0.00088809621502702711 0.002118314269747212 0.0019747110463949752
leaf_weight=1456 122 489 137 7828 176 682 653 780 120 209 832 378 141 168
leaf_count=1456 122 489 137 7828 176 682 653 780 120 209 832 378 141 168
internal_value=5.44054e-05 0.000158389 -6.93999e-06 5.42309e-05 -0.000430706 -0.000896987 0.000896018 -0.00120228 -0.00219943 0.000460526 0.000440436 -0.000383663 0.00167254 0.00190521
internal_weight=14171 11683 9541 9284 2488 1638 2142 1462 257 850 1485 500 350 657
internal_count=14171 11683 9541 9284 2488 1638 2142 1462 257 850 1485 500 350 657
is_linear=0
shrinkage=0.025


Tree=242
num_leaves=13
num_cat=0
split_feature=36 3 30 38 34 17 35 36 36 9 3 37
split_gain=1.17752 1.96531 1.9516 1.42502 2.25997 2.03696 1.85742 2.06735 1.26796 1.10368 0.907502 0.370248
threshold=-0.22456060349941251 0.098335407674312605 -0.37946258485317225 -0.065974175930023179 0.14204169809818271 -0.23775798082351682 0.16169244796037677 0.47109559178352362 0.60637953877449047 0.025674590840935711 -0.07897231355309485 0.018078198656439785
decision_type=2 2 2 2 2 2 2 2 2 2 2 2
left_child=1 2 11 6 5 -5 7 -2 -8 -6 -4 -1
right_child=3 -3 10 4 9 -7 8 -9 -10 -11 -12 -13
leaf_value=-0.00022578799366064834 0.00029786628500922871 0.0011008605778440536 -0.0031744101151722744 0.002046631716467082 0.0048329640149316917 -0.00052094945006489588 0.0071906495942373949 -0.0018654241448009265 -0.0007127352586331875 0.00021147708733500271 -0.0023105869840542095 0.00036239901447753848
leaf_weight=124 5785 123 133 346 540 5179 442 293 124 1033 133 127
leaf_count=124 5785 123 133 346 540 5179 442 293 124 1033 133 127
internal_value=4.50929e-05 -0.000998062 -0.00167864 9.44752e-05 -0.000151168 -0.000389919 0.000357761 0.0002283 0.00172285 0.000682034 -0.00315037 -6.34765e-05
internal_weight=14382 640 517 13742 7098 5525 6644 6078 566 1573 266 251
internal_count=14382 640 517 13742 7098 5525 6644 6078 566 1573 266 251
is_linear=0
shrinkage=0.025


Tree=243
num_leaves=10
num_cat=0
split_feature=44 21 13 36 12 26 44 39 7
split_gain=0.947905 1.0542 0.983496 1.2372 0.760585 0.675058 0.948489 0.607726 0.523429
threshold=0.010739648249000313 78.074462890625014 -0.45675580203533167 0.21809379011392596 -0.3040268719196319 0.01924008131027222 0.031475229188799865 0.83824375271797191 0.00594967044889927
decision_type=2 2 2 2 2 2 2 2 2
left_child=7 2 4 -4 -2 8 -7 -1 -3
right_child=1 5 3 -5 -6 6 -8 -9 -10
leaf_value=3.8281995117951774e-05 -0.00085165738761194289 -0.0011858175144843425 -0.00030009436347434534 9.921925896287118e-05 0.0013822620664941307 0.0021967289302082089 -0.00084908459373516396 0.0061754571147603675 0.0011140644703242174
leaf_weight=144 174 135 5923 6019 459 867 127 207 130
leaf_count=144 174 135 5923 6019 459 867 127 207 130
internal_value=4.97711e-05 1.65295e-05 -5.2166e-05 -0.000103687 0.000903213 0.000705103 0.00100475 0.00132374 -0.000393518
internal_weight=14185 13834 12575 11942 633 1259 994 351 265
internal_count=14185 13834 12575 11942 633 1259 994 351 265
is_linear=0
shrinkage=0.025


Tree=244
num_leaves=11
num_cat=0
split_feature=9 23 34 35 36 31 4 4 17 37
split_gain=1.04744 1.32118 1.46801 2.31227 1.5619 1.2566 1.77868 1.10331 0.373969 0.0787637
threshold=0.014311928302049639 0.12496617808938028 0.071427382528781905 0.14640463888645175 0.36443485319614416 2.4519053697586064 0.79026317596435558 0.31922599673271185 -0.057220989838242524 0.0090185254812240618
decision_type=2 2 2 2 2 2 2 2 2 2
left_child=8 2 4 -4 -2 7 -7 -3 -1 -10
right_child=1 5 3 -5 -6 6 -8 -9 9 -11
leaf_value=8.5035858420280661e-05 0.00021220991867962536 8.3270937610434423e-05 -0.0019753919417128513 -6.5347370582462865e-05 -0.0014205669664407537 -0.0011594590829834956 0.00048959768726997176 0.00093677037759196189 0.0059303078052457079 0.0012864979945425726
leaf_weight=120 2510 5533 420 789 551 504 484 3072 142 129
leaf_count=120 2510 5533 420 789 551 504 484 3072 142 129
internal_value=0.00011072 7.40014e-05 -0.000290936 -0.00102656 0 0.000237159 -0.000602971 0.00033464 0.00137942 0.00188859
internal_weight=14254 13863 4270 1209 3061 9593 988 8605 391 271
internal_count=14254 13863 4270 1209 3061 9593 988 8605 391 271
is_linear=0
shrinkage=0.025


Tree=245
num_leaves=11
num_cat=0
split_feature=38 36 36 5 46 4 39 4 44 30
split_gain=0.938678 1.23247 1.91433 1.94786 1.72504 2.80472 1.75049 1.3976 0.222372 0.181659
threshold=-0.30866937339305872 -0.15085972100496289 -0.03503217734396457 -0.094572953879833208 0.38114453852176672 -0.38904841244220728 1.1507604122161867 0.20943221449851993 0.022161420434713367 -0.060298448428511613
decision_type=2 2 2 2 2 2 2 2 2 2
left_child=8 4 3 -3 5 -2 -6 -4 9 -1
right_child=1 2 7 -5 6 -7 -8 -9 -10 -11
leaf_value=0.0038634856794781455 -0.00025245099963953948 -0.0013069226525317956 -0.00026911808842968745 0.0054195889131508183 0.00072157122134109558 -0.0026534270207632538 -0.0011179746272632427 0.00018860949565269262 0.0036838117674167521 0.00023386554886781286
leaf_weight=121 205 253 5537 682 493 155 170 6342 140 120
leaf_count=121 205 253 5537 682 493 155 170 6342 140 120
internal_value=4.48227e-06 -2.89878e-05 3.7347e-05 0.00112367 -0.000862111 -0.00224315 -9.16915e-05 -4.80687e-05 0.00122085 0.000696138
internal_weight=14218 13837 12814 935 1023 360 663 11879 381 241
internal_count=14218 13837 12814 935 1023 360 663 11879 381 241
is_linear=0
shrinkage=0.025


Tree=246
num_leaves=9
num_cat=0
split_feature=11 35 40 45 0 43 9 41
split_gain=1.17656 1.87831 3.12928 1.67316 2.4792 1.58637 1.45336 0.234443
threshold=0.030146511271595958 -0.19672566652297971 0.8823344111442567 0.057776963338255889 -0.014787917025387285 0.26540271937847143 0.034923322498798377 0.44534736871719366
decision_type=2 2 2 2 2 2 2 2
left_child=1 2 -1 4 -3 7 -5 -2
right_child=5 3 -4 6 -6 -7 -8 -9
leaf_value=0.0011349940868552286 0.00080260378630632803 -0.0024767538298258551 -0.0028822433222806857 0.00015596222756891385 -0.00025621487722650584 -0.00037818862439588754 -0.00060987638261880705 0.0039943139918308009
leaf_weight=131 121 135 120 11085 480 194 1616 359
leaf_count=131 121 135 120 11085 480 194 1616 359
internal_value=5.76479e-05 6.35509e-06 -0.00211426 4.75753e-05 -0.00121976 0.00107327 0.000109889 0.00184278
internal_weight=14241 13567 251 13316 615 674 12701 480
internal_count=14241 13567 251 13316 615 674 12701 480
is_linear=0
shrinkage=0.025


Tree=247
num_leaves=15
num_cat=0
split_feature=11 46 48 41 30 45 0 30 35 36 8 46 39 12
split_gain=0.955374 2.35528 2.84089 1.67491 1.41223 1.53815 1.90409 1.31427 1.17553 1.58504 1.03576 1.00463 0.802606 0.654863
threshold=0.014092981349676849 0.21164613962173465 0.41966252028942114 0.62174654006958019 -0.5075620412826537 0.057776963338255889 -0.0046681519597768775 0.53623306751251232 0.06604239717125894 0.28265497088432318 0.018835258670151237 0.20871143788099292 0.72027119994163524 -0.13999964296817777
decision_type=2 2 2 2 2 2 2 2 2 2 2 2 2 2
left_child=1 2 3 -1 11 6 -6 -7 -3 -10 -4 13 -13 -2
right_child=4 8 10 -5 5 7 -8 -9 9 -11 -12 12 -14 -15
leaf_value=-0.00094743477529679013 0.0043026957285245042 0.0027701363596179629 0.0032191512757730693 -0.0033942918275577413 -0.0016038782729188052 -0.00024745921124904907 -6.7315138229305784e-05 0.00060333929462617723 -0.0003175872052458419 0.0017038173093903845 -0.00099256675219342437 -0.0010448879290632751 0.00029357271606395962 0.00088774679248026882
leaf_weight=362 378 998 203 120 181 6368 240 1191 1201 1035 148 194 1460 168
leaf_count=362 378 998 203 120 181 6368 240 1191 1201 1035 148 194 1460 168
internal_value=6.56926e-05 0.000389551 -0.000789081 -0.00203029 -6.32056e-05 -0.000218378 -0.00168134 -0.000135014 0.000695817 0.000372044 0.000902388 0.000496032 0.000183092 0.00142241
internal_weight=14247 4067 833 482 10180 7980 421 7559 3234 2236 351 2200 1654 546
internal_count=14247 4067 833 482 10180 7980 421 7559 3234 2236 351 2200 1654 546
is_linear=0
shrinkage=0.025


Tree=248
num_leaves=15
num_cat=0
split_feature=34 38 37 37 35 35 33 33 37 35 24 47 38 48
split_gain=0.903961 1.87182 1.30206 1.78755 1.19001 1.3754 1.05815 2.08362 2.07996 0.85068 0.732134 0.724872 0.70013 0.561895
threshold=0.13507592678070071 -0.0019349282956682143 0.0081807607784867304 0.0084927449934184569 0.15525458008050921 0.38493418693542486 0.0061868757475167522 0.015833471901714805 0.014734101016074421 0.12533523142337802 21.857915878295902 0.52457812428474437 -0.132829874753952 0.5524578094482423
decision_type=2 2 2 2 2 2 2 2 2 2 2 2 2 2
left_child=1 2 11 -4 9 10 8 -8 -3 12 -6 -1 -2 -7
right_child=4 6 3 -5 5 13 7 -9 -10 -11 -12 -13 -14 -15
leaf_value=0.00016950184839608146 -0.001446984868273089 -0.00051502075398844756 -0.0022055610738129726 5.1387242860617509e-05 -0.00022896947008577414 0.00048541213324418235 0.0006958477697192666 -0.0022876276065966188 -0.002870239001922242 -0.002258790649364626 0.0042750167492516594 0.0042664050472348133 0.0055212817409991781 -0.0018647078046997473
leaf_weight=406 142 599 173 9793 135 163 666 193 142 136 1068 380 181 122
leaf_count=406 142 599 173 9793 135 163 666 193 142 136 1068 380 181 122
internal_value=6.92989e-05 -9.20522e-06 0.000109115 3.09649e-05 0.000569288 0.000913429 -0.000806075 -0.000198206 -0.00149631 -0.000530711 0.00128415 0.00108565 0.00015625 -0.000625
internal_weight=14299 12352 10752 9966 1947 1488 1600 859 741 459 1203 786 323 285
internal_count=14299 12352 10752 9966 1947 1488 1600 859 741 459 1203 786 323 285
is_linear=0
shrinkage=0.025


Tree=249
num_leaves=12
num_cat=0
split_feature=13 40 19 44 45 19 4 41 41 39 3
split_gain=1.15477 1.24288 1.04984 0.986631 1.12697 0.93614 1.13811 0.762671 1.6699 0.525522 0.0343003
threshold=-0.43828728795051569 1.3124855756759646 -0.055870650336146348 0.010739648249000313 0.057776963338255889 0.12478069216012956 0.10769112035632135 0.54158252477645885 0.70759814977645885 0.83824375271797191 -0.11858319491147994
decision_type=2 2 2 2 2 2 2 2 2 2 2
left_child=2 3 7 9 -5 6 -3 -1 -9 -2 -4
right_child=1 5 10 4 -6 -7 -8 8 -10 -11 -12
leaf_value=0.0029602773541787196 8.1000630252172463e-05 -0.00017779020951690468 0.00086942485848973735 -0.00076677744134743576 9.2021091179229835e-05 0.00052391235693628139 -0.0013570841633040013 -0.0021106324757117286 0.0022399471188674857 0.0076208892858483403 0.0036056592859091681
leaf_weight=129 138 373 120 408 11862 223 339 159 181 173 251
leaf_count=129 138 373 120 408 11862 223 339 159 181 173 251
internal_value=0.000101577 4.50226e-05 0.000998521 0.000110937 7.48473e-05 -0.000831117 -0.00127441 0.000192511 -0.000416667 0.0014913 0.00198471
internal_weight=14356 13516 840 12581 12270 935 712 469 340 311 371
internal_count=14356 13516 840 12581 12270 935 712 469 340 311 371
is_linear=0
shrinkage=0.025


Tree=250
num_leaves=15
num_cat=0
split_feature=38 33 3 31 16 33 36 36 16 37 48 36 3 24
split_gain=0.961755 1.69941 3.09887 3.166 1.56125 1.64299 1.33962 2.33645 2.27459 2.22866 1.58633 1.47129 1.39325 0.579957
threshold=-0.018733770586550232 0.0013591253664344551 0.25506740808486944 1.169639050960541 0.032330494374036796 0.025803223252296451 0.20221763849258426 0.46392485499382025 0.022393968887627128 0.011546375229954721 0.077035948634147658 -0.0030094485264271493 0.061685683205723769 43.098217010498054
decision_type=2 2 2 2 2 2 2 2 2 2 2 2 2 2
left_child=6 2 3 -2 5 -3 9 12 -9 11 -11 -1 -8 -4
right_child=1 4 13 -5 -6 -7 7 8 -10 10 -12 -13 -14 -15
leaf_value=0.0019746448518714777 -0.0010222312169042111 0.00037657517200137682 0.0023307532484538752 -0.0017726222210112247 -0.001310748175114851 -0.0022171316053348779 0.00025103795202084797 -0.0024073750985096937 0.0017028272574682157 0.0019914089073748776 -0.00046957077023271934 -3.6172878905328215e-05 0.0038135984400150588 -0.00027632705243861854
leaf_weight=1294 498 2901 233 190 206 197 1301 364 388 255 3443 1248 1543 233
leaf_count=1294 498 2901 233 190 206 197 1301 364 388 255 3443 1248 1543 233
internal_value=6.32038e-05 -0.000240589 -0.0010645 -0.00212662 4.64643e-05 0.000189736 0.00020158 0.000585601 -0.000645641 -1.90151e-05 -0.000411491 0.000549176 0.000913917 0.000496285
internal_weight=14294 4458 1154 688 3304 3098 9836 3596 752 6240 3698 2542 2844 466
internal_count=14294 4458 1154 688 3304 3098 9836 3596 752 6240 3698 2542 2844 466
is_linear=0
shrinkage=0.025


Tree=251
num_leaves=13
num_cat=0
split_feature=9 30 3 39 9 30 44 12 3 39 30 15
split_gain=1.04141 1.17324 1.24102 1.89466 1.68017 1.00011 1.09857 0.758058 0.921156 0.638716 0.614438 0.589986
threshold=0.017470034770667556 -0.76666617393493641 0.1399677246809006 1.106085002422333 0.034636452794075019 -0.29007150232791895 0.015255447011440994 -0.094042871147394166 0.10534432530403139 0.8215550184249879 0.6297074854373933 0.3189655095338822
decision_type=2 2 2 2 2 2 2 2 2 2 2 2
left_child=5 7 3 -3 -4 9 10 11 -9 -1 -7 -2
right_child=1 2 4 -5 -6 6 -8 8 -10 -11 -12 -13
leaf_value=-0.0011345781046710767 -0.00024405022750798565 -0.00055870475430185279 0.00049719258631694338 0.00012282137525209777 -0.00062340784967929901 0.0026479544559215797 -0.0021742289462265362 -0.0011931981443766022 0.0023663191285805676 0.0028643044950577836 -0.00025201777725100211 0.0017499615813827596
leaf_weight=127 141 4156 4157 2263 1246 851 120 189 157 121 137 700
leaf_count=127 141 4156 4157 2263 1246 851 120 189 157 121 137 700
internal_value=6.48052e-05 -3.55377e-06 -7.93734e-05 -0.00031464 0.000199011 0.000722814 0.0010456 0.000743498 -0.000224359 -0.000686759 0.00132301 0.00114805
internal_weight=14365 13009 11822 6419 5403 1356 1108 1187 346 248 988 841
internal_count=14365 13009 11822 6419 5403 1356 1108 1187 346 248 988 841
is_linear=0
shrinkage=0.025


Tree=252
num_leaves=13
num_cat=0
split_feature=13 40 24 41 16 40 23 19 46 8 29 39
split_gain=1.45682 1.59449 1.34612 1.71366 1.15047 1.36179 1.12395 0.982424 0.824997 0.531953 0.493126 0.190364
threshold=-0.43828728795051569 1.3124855756759646 19.995412826538089 0.71772700548172008 0.015462978277355434 0.69480967521667492 0.12704696506261828 -0.055870650336146348 0.82868674397468578 0.022302086465060714 0.052678342908620841 1.3426542878150942
decision_type=2 2 2 2 2 2 2 2 2 2 2 2
left_child=7 4 3 -3 5 -2 -6 9 -4 -1 -11 -9
right_child=1 2 8 -5 6 -7 -8 11 -10 10 -12 -13
leaf_value=-0.00030217516139587178 -0.00074131616604868218 -0.0028607626345012287 -0.00070685191066875328 -5.0982035642856106e-05 -0.00036866976357054887 0.0017791811780367166 6.9867750457448517e-05 0.0030750981704810248 0.0009475546345853853 0.002706111320390205 -0.00032101950378098923 0.00056747841328031118
leaf_weight=147 251 141 512 122 3420 1383 7477 261 164 157 157 121
leaf_count=147 251 141 512 122 3420 1383 7477 261 164 157 157 121
internal_value=-7.85631e-07 -6.44711e-05 -0.00105535 -0.00256063 9.67224e-06 0.000627669 -8.26682e-05 0.00100383 -0.000446035 0.000206545 0.000795455 0.00193475
internal_weight=14313 13470 939 263 12531 1634 10897 843 676 461 314 382
internal_count=14313 13470 939 263 12531 1634 10897 843 676 461 314 382
is_linear=0
shrinkage=0.025


Tree=253
num_leaves=15
num_cat=0
split_feature=16 40 13 24 37 36 41 17 36 36 27 34 8 43
split_gain=1.19145 1.61852 1.57337 1.52376 1.31246 1.99538 1.30339 1.4394 1.18986 5.32239 2.61117 1.08607 1.00369 0.653637
threshold=0.016649560071527961 0.72273260354995739 -0.21430713683366773 22.895337104797367 0.023582911118865017 0.52496865391731273 0.63562622666358959 -0.007864327169954775 0.28962449729442602 0.27905875444412237 -0.0072000070940703145 0.086892414838075652 0.03759786672890187 0.0024615819565951829
decision_type=2 2 2 2 2 2 2 2 2 2 2 2 2 2
left_child=1 2 -1 -4 8 12 7 -3 9 -2 -10 -8 -6 -7
right_child=4 6 3 -5 5 13 11 -9 10 -11 -12 -13 -14 -15
leaf_value=0.0011705394910789164 -0.00022610078426953174 7.5591743656204042e-05 -0.0025682902244049083 -7.1579148599956559e-05 0.0044863784991405042 -0.0013375440045163135 0.00025312393143416874 0.0039304350002146056 -0.0021696193749375049 -0.0030367826579205002 0.00030068753623553037 -0.00090676202914467862 0.00075642246427230048 -0.00019599488812922528
leaf_weight=159 5321 408 146 174 647 150 959 921 309 149 3930 146 692 147
leaf_count=159 5321 408 146 174 647 150 959 921 309 149 3930 146 692 147
internal_value=4.65366e-05 0.000497344 -0.000818698 -0.00182692 -6.88325e-05 0.000584247 0.000760045 0.00128654 -0.000179766 -0.000423516 0.000133424 0.000118243 0.000997954 -0.00124586
internal_weight=14258 2913 479 320 11345 1636 2434 1329 9709 5470 4239 1105 1339 297
internal_count=14258 2913 479 320 11345 1636 2434 1329 9709 5470 4239 1105 1339 297
is_linear=0
shrinkage=0.025


Tree=254
num_leaves=12
num_cat=0
split_feature=17 36 35 17 10 38 35 27 36 47 9
split_gain=0.998019 1.07216 2.2816 2.50833 1.96285 1.87414 2.45507 0.78339 0.314514 0.331438 0.0474865
threshold=-0.46686924993991846 0.22587104886770251 0.064379703253507628 0.67335438728332531 0.022654593922197822 -0.12176326662302016 0.15525458008050921 0.0021349067101255064 -0.15085972100496289 0.3706896454095841 0.025854485109448436
decision_type=2 2 2 2 2 2 2 2 2 2 2
left_child=8 2 3 -2 -4 7 -7 -3 -1 -10 -11
right_child=1 5 4 -5 -6 6 -8 -9 9 10 -12
leaf_value=0.00018317299205334046 -4.6256326685684051e-05 0.0012229266741862943 -0.00050677743363574204 0.0032143869465974294 -0.0013652730558765642 -0.00051957979599242079 0.00057272767488284317 0.0053598168455007578 0.00049022212551947937 0.004917694580756915 0.0011065699082148611
leaf_weight=159 3786 572 2234 663 320 1815 3926 329 149 149 120
leaf_count=159 3786 572 2234 663 320 1815 3926 329 149 149 120
internal_value=7.89872e-05 3.52565e-05 -0.000179973 0.000160811 -0.000775205 0.000263089 9.50662e-05 0.00132036 0.00109321 0.00145095 0.00197537
internal_weight=14222 13645 7003 4449 2554 6642 5741 901 577 418 269
internal_count=14222 13645 7003 4449 2554 6642 5741 901 577 418 269
is_linear=0
shrinkage=0.025


Tree=255
num_leaves=11
num_cat=0
split_feature=35 48 5 48 40 36 47 35 11 35
split_gain=1.0475 2.88645 1.54939 1.218 2.01187 2.60049 1.75173 1.48407 1.80808 1.35023
threshold=0.41247424483299261 0.29548789560794836 0.99052628874778759 0.27622890472412115 0.90317383408546459 0.11230043694376947 0.29548789560794836 -0.13077270984649655 0.030146511271595958 -0.088990189135074602
decision_type=2 2 2 2 2 2 2 2 2 2
left_child=3 -2 -3 4 6 -6 -1 8 -5 -9
right_child=1 2 -4 7 5 -7 -8 9 -10 -11
leaf_value=0.00098171548405061944 0.0031418914767422459 -0.0034184749256938223 -0.00064959520792958261 -0.0015380807906020294 0.0013515394034857879 -0.002237189962104643 -0.00060765360296305025 0.001511069888929529 0.0024430703188049697 0.00020260710369909439
leaf_weight=1563 152 174 169 527 268 676 1386 706 197 8512
leaf_count=1563 152 174 169 527 268 676 1386 706 197 8512
internal_value=6.06035e-05 -0.0010625 -0.00233118 0.000101608 -0.000272255 -0.00127371 4.78166e-05 0.000248693 -0.000835048 0.000334897
internal_weight=14330 495 343 13835 3893 944 2949 9942 724 9218
internal_count=14330 495 343 13835 3893 944 2949 9942 724 9218
is_linear=0
shrinkage=0.025


Tree=256
num_leaves=15
num_cat=0
split_feature=11 31 46 35 47 11 40 31 45 36 40 31 40 9
split_gain=1.01073 2.21932 5.2315 3.40686 1.84831 1.70773 1.95309 1.68819 1.47407 1.55826 1.36114 3.03027 0.959958 0.61065
threshold=0.014770213048905136 0.54629662632942211 0.79128858447074901 0.1434770151972771 0.38114453852176672 0.030146511271595958 1.0977527499198916 0.83763545751571666 0.35326485335826879 0.47109559178352362 0.87223950028419506 1.4729329943656924 0.56493046879768383 0.020999409258365635
decision_type=2 2 2 2 2 2 2 2 2 2 2 2 2 2
left_child=1 2 3 -1 8 7 -7 -6 9 -2 12 -12 -3 -10
right_child=4 10 -4 -5 5 6 -8 -9 13 -11 11 -13 -14 -15
leaf_value=0.0014068757639309317 0.00019747227977948094 -8.1421295320092198e-05 -0.0033590911031493292 -0.0011322373048756888 -3.5758140513872455e-05 -0.0002570742498795811 0.0031730658386741593 -0.0009504850399724026 -0.00059306468301934673 -0.0023069409426019981 0.0015699900467708043 -0.0013588380448912747 0.0049461984495733696 0.0018646658071406154
leaf_weight=1493 1020 138 138 681 2968 338 338 3340 125 227 965 414 844 1221
leaf_count=1493 1020 138 138 681 2968 338 338 3340 125 227 965 414 844 1221
internal_value=-6.57655e-06 0.000294196 -0.0002541 4.76137e-05 -0.000154065 -0.000366111 0.000820485 -0.000494812 0.000414261 -0.000200679 0.000833157 0.000318822 0.00154382 0.000987232
internal_weight=14250 4673 2312 2174 9577 6984 676 6308 2593 1247 2361 1379 982 1346
internal_count=14250 4673 2312 2174 9577 6984 676 6308 2593 1247 2361 1379 982 1346
is_linear=0
shrinkage=0.025


Tree=257
num_leaves=13
num_cat=0
split_feature=30 37 37 39 19 34 13 37 37 38 12 11
split_gain=0.952982 1.1944 2.87892 1.9554 1.94085 1.80186 1.38807 1.36255 0.625233 0.850359 0.79886 0.496494
threshold=-0.78290128707885731 0.016778284683823589 0.018809925764799122 0.76487344503402721 0.059374418109655387 -0.036906015127897256 -0.25583374500274653 0.013871475122869016 0.01054795738309622 -0.19337134063243863 -0.21970437467098233 0.018655462190508846
decision_type=2 2 2 2 2 2 2 2 2 2 2 2
left_child=8 3 4 6 -3 -4 -2 -5 -1 10 -10 -11
right_child=1 2 5 7 -6 -7 -8 -9 9 11 -12 -13
leaf_value=-0.00023798069407427486 0.0011505864861023807 -0.0018942661686879422 -0.00057219517152655517 6.4524739717973419e-05 -0.00042372394970198424 0.0012556412873840229 -0.00074203188693917508 0.0011730058923127154 0.0013189385912050627 0.0011727251540330167 -0.00090861489512284333 0.0043943589857760113
leaf_weight=236 408 680 1375 4767 599 1375 1994 1850 152 209 142 444
leaf_count=236 408 680 1375 4767 599 1375 1994 1850 152 209 142 444
internal_value=1.72978e-05 -4.39553e-05 -0.000401896 0.000115387 -0.00137948 5.2178e-05 -0.000493872 0.0003377 0.000695497 0.000983456 -0.000112876 0.00148366
internal_weight=14231 13048 4029 9019 1279 2750 2402 6617 1183 947 294 653
internal_count=14231 13048 4029 9019 1279 2750 2402 6617 1183 947 294 653
is_linear=0
shrinkage=0.025


Tree=258
num_leaves=15
num_cat=0
split_feature=16 9 34 34 16 37 36 36 40 36 15 36 17 27
split_gain=1.14288 2.01933 1.6493 1.59231 2.4738 2.69226 2.143 2.38822 2.04838 1.79492 0.937776 0.871547 0.726813 0.22118
threshold=0.024106965400278572 0.027041279710829261 0.12515074014663699 0.091456320136785521 0.023035148158669475 0.016647787764668468 0.42099049687385565 0.22587104886770251 0.96010982990264904 0.37315741181373602 0.81896552443504345 0.60637953877449047 0.29887516796588903 0.0039081252180039891
decision_type=2 2 2 2 2 2 2 2 2 2 2 2 2 2
left_child=3 2 12 6 9 -6 7 -1 -8 -5 11 -3 -2 -12
right_child=1 10 -4 4 5 -7 8 -9 -10 -11 13 -13 -14 -15
leaf_value=-5.9805880607812704e-05 -2.8434324706566844e-07 -1.0954083533111337e-05 0.0064537543563879521 -0.00051871111650358124 -0.0019686622403772289 0.00075382448290838282 6.7590653902611984e-05 0.0013326558790028335 -0.0022077834737901361 0.0031934456669873539 0.0011650472917143293 -0.0012512481596071053 0.0018713932083614616 0.0052466090605238231
leaf_weight=5067 541 1672 423 1778 197 122 386 2293 413 285 120 314 501 173
leaf_count=5067 541 1672 423 1778 197 122 386 2293 413 285 120 314 501 173
internal_value=4.59238e-05 0.000421112 0.00114371 -8.68812e-05 -0.000655111 -0.00268904 7.85461e-05 0.000213001 -0.00114583 -0.000331842 -4.21409e-05 -0.000240457 0.00059575 0.00126258
internal_weight=14285 3744 1465 10541 2382 319 8159 7360 799 2063 2279 1986 1042 293
internal_count=14285 3744 1465 10541 2382 319 8159 7360 799 2063 2279 1986 1042 293
is_linear=0
shrinkage=0.025


Tree=259
num_leaves=13
num_cat=0
split_feature=43 46 35 24 17 4 23 35 46 13 8 9
split_gain=0.951098 2.1374 1.86422 1.66312 2.89973 1.3407 1.4907 1.21173 1.17271 2.37381 1.0989 1.06622
threshold=-0.080643273890018449 0.6347549855709077 -0.16059710830450055 22.79225063323975 0.75312989950180065 -0.12773676961660382 0.1183094121515751 0.010622686706483366 0.16405374556779864 -0.25215153396129603 0.019500875845551494 0.034505091607570655
decision_type=2 2 2 2 2 2 2 2 2 2 2 2
left_child=2 8 -1 4 -3 10 -7 -5 9 -2 -4 -10
right_child=1 3 5 7 -6 6 -8 -9 11 -11 -12 -13
leaf_value=-0.0019749195106374177 0.0017559800611715278 -0.0016196256909287903 0.0014073910868793275 0.0011930844229442973 0.00027070369506580142 -0.001005882534484535 -1.124651914654702e-05 -2.3718013831154743e-05 0.0013701798901308232 -0.0046525349549695547 -4.4400720398406376e-05 -0.00047381635859081346
leaf_weight=226 129 910 769 748 746 1033 2185 2568 3169 197 1138 501
leaf_count=226 129 910 769 748 746 1033 2185 2568 3169 197 1138 501
internal_value=6.39662e-05 0.000221637 -0.000199076 -0.000123317 -0.000769867 -9.86841e-05 -0.00041072 0.000198359 0.000652025 -0.000766616 0.000424294 0.000780612
internal_weight=14319 8968 5351 4972 1656 5125 3218 3316 3996 326 1907 3670
internal_count=14319 8968 5351 4972 1656 5125 3218 3316 3996 326 1907 3670
is_linear=0
shrinkage=0.025


Tree=260
num_leaves=13
num_cat=0
split_feature=40 48 46 11 43 40 17 48 16 13 11 42
split_gain=1.26975 2.94779 2.89513 4.71795 2.12313 2.10193 2.60098 2.28075 1.46396 1.2176 0.728895 0.221767
threshold=0.73328164219856273 0.057776963338255889 0.75650331377983104 0.017897579818964008 0.037762075662612922 0.86102840304374706 1.2917022705078127 0.094827588647604003 0.018375191837549213 -0.15586078912019727 0.023366650566458706 0.028376054018735889
decision_type=2 2 2 2 2 2 2 2 2 2 2 2
left_child=1 10 4 -4 -3 6 9 -7 -9 -2 11 -1
right_child=5 2 3 -5 -6 7 -8 8 -10 -11 -12 -13
leaf_value=0.0034975164398755331 0.00072823186425695677 -0.0009572010332220542 -0.0037465658550300627 0.00049832694708076592 0.0013882987237356179 -0.0023154047007193411 -0.0037831478548162874 0.00057095260497092351 -7.7993551368232115e-05 0.003354392959756754 -0.00044427665877254472 0.00077535794465909309
leaf_weight=218 1010 784 322 167 414 165 131 2921 6379 1406 132 217
leaf_count=218 1010 784 322 167 414 165 131 2921 6379 1406 132 217
internal_value=0.000107473 -0.00043548 -0.000961141 -0.00257338 -0.0002899 0.000210015 0.000846885 3.76189e-05 9.06771e-05 0.00103625 0.00111233 0.00160511
internal_weight=14266 2254 1687 489 1198 12012 2547 9465 9300 2416 567 435
internal_count=14266 2254 1687 489 1198 12012 2547 9465 9300 2416 567 435
is_linear=0
shrinkage=0.025


Tree=261
num_leaves=15
num_cat=0
split_feature=36 35 38 10 17 38 19 24 34 33 34 38 44 5
split_gain=1.11304 3.0983 3.40951 2.92898 1.93552 1.8353 2.11491 3.11046 1.68779 1.19704 1.08531 1.47726 1.03398 0.545383
threshold=0.21809379011392596 0.099443349987268462 -0.21742141991853711 0.022799149155616764 0.64264565706253063 -0.11917687579989432 -0.083405826240777955 27.690718650817875 0.12515074014663699 -0.0035252773668617006 -0.083213470876216875 -0.16466531902551648 0.028302753344178203 1.0094448924064638
decision_type=2 2 2 2 2 2 2 2 2 2 2 2 2 2
left_child=1 4 -3 -4 8 10 7 -7 -1 -8 11 -2 -6 -12
right_child=5 2 3 -5 12 6 9 -9 -10 -11 13 -13 -14 -15
leaf_value=6.7748514304408295e-05 0.0040441312113850374 -0.0038196565562318065 -0.00028631692889970406 -0.001839401554382036 0.0046526118432996628 -0.0023439152471356728 -0.00066656855402403138 0.00082003557035479312 -0.0015586451894522421 0.00048062347895285005 0.0042866630922916513 -0.0010735149660900886 -0.00013542895363199365 0.00061122717445080406
leaf_weight=4253 120 133 1748 204 566 182 1061 128 302 4490 538 185 214 129
leaf_count=4253 120 133 1748 204 566 182 1061 128 302 4490 538 185 214 129
internal_value=4.39228e-05 -0.000167508 -0.000983852 -0.000709632 0.000150983 0.000274386 0.000105907 -0.00188492 -4.52302e-05 0.000219808 0.00127815 2.01614e-05 0.00129777 0.00183966
internal_weight=14253 7420 2085 1952 5335 6833 5861 310 4555 5551 972 305 780 667
internal_count=14253 7420 2085 1952 5335 6833 5861 310 4555 5551 972 305 780 667
is_linear=0
shrinkage=0.025


Tree=262
num_leaves=8
num_cat=0
split_feature=30 30 16 9 16 40 45
split_gain=0.916659 0.904688 1.19631 2.33157 2.02409 0.811186 0.839998
threshold=1.6095827221870425 -0.76666617393493641 0.024106965400278572 0.029169738292694095 0.022642872296273712 0.7297625243663789 0.43892149627208715
decision_type=2 2 2 2 2 2 2
left_child=1 5 4 -4 -3 -1 -7
right_child=-2 2 3 -5 -6 6 -8
leaf_value=-0.00076776115710648152 0.0034244519849491854 -4.3122516765639732e-05 0.0015049356384688141 -0.00033758845056418659 -0.0010044202616686733 0.0030561783813974827 6.8623428820923578e-06
leaf_weight=182 169 7978 1717 1717 1501 656 412
leaf_count=182 169 7978 1717 1717 1501 656 412
internal_value=1.38628e-05 -7.85211e-06 -7.0541e-05 0.00032822 -0.000215758 0.00063247 0.000898183
internal_weight=14332 14163 12913 3434 9479 1250 1068
internal_count=14332 14163 12913 3434 9479 1250 1068
is_linear=0
shrinkage=0.025


Tree=263
num_leaves=14
num_cat=0
split_feature=40 5 25 13 38 24 40 20 17 44 40 47 43
split_gain=1.02066 1.28099 1.88352 1.30434 1.11896 1.14024 0.948402 2.38361 2.7669 1.63422 2.4766 1.89026 0.502414
threshold=1.3124855756759646 0.033950367942452438 -4.4920923709869376 -0.093553386628627763 -0.14699686318635938 20.601840972900394 0.73598620295524608 0.34614741802215582 -0.014067834243178366 0.025928970426321033 1.0885785818099978 0.80080705881118786 0.45107945799827581
decision_type=2 2 2 2 2 2 2 2 2 2 2 2 2
left_child=6 4 -3 -4 5 -2 7 8 -1 11 -11 -8 -9
right_child=1 2 3 -5 -6 -7 9 12 -10 10 -12 -13 -14
leaf_value=0.0011371276651326459 -0.00077792091928629127 -0.0021134358836326756 0.00075333159556468577 -0.00074308543725346704 0.0010959488493858399 0.00048658640457218457 0.00018795879437361583 0.0029430132950223203 -0.0011004005533841782 -0.00087691679515948637 0.0016568909440617598 0.0034482314873876953 3.8690837512478569e-05
leaf_weight=540 155 134 257 234 132 224 8008 256 1352 1473 771 574 126
leaf_count=540 155 134 257 234 132 224 8008 256 1352 1473 771 574 126
internal_value=3.39689e-05 -0.000682515 -0.00143849 -0.000688004 0.000234981 -0.000445963 9.68143e-05 -0.00036584 -0.000732077 0.000194696 -0.000404068 0.000352131 0.00141796
internal_weight=14236 1136 625 491 511 379 13100 2274 1892 10826 2244 8582 382
internal_count=14236 1136 625 491 511 379 13100 2274 1892 10826 2244 8582 382
is_linear=0
shrinkage=0.025


Tree=264
num_leaves=11
num_cat=0
split_feature=35 48 40 35 35 37 11 36 32 36
split_gain=0.981143 2.42334 1.29019 1.13412 2.08813 2.27795 1.6901 1.48274 2.68906 1.97826
threshold=0.41247424483299261 0.29548789560794836 0.99626663327217113 0.18036336451768878 0.11282950639724733 0.0096004037186503428 0.012994729448109867 0.21314036846160891 1.1082907319068911 0.32394278049469
decision_type=2 2 2 2 2 2 2 2 2 2
left_child=3 -2 -3 4 6 -6 -1 8 -5 -9
right_child=1 2 -4 7 5 -7 -8 9 -10 -11
leaf_value=0.0016919080694814228 0.0019312554540319418 -0.0038051164523547213 -0.00070084992905828519 0.00033709133090594411 0.00035309341439841393 -0.0011510684380619087 -9.3869210599067091e-06 0.0041276021589768596 -0.0023115605868069045 0.00040274962702489722
leaf_weight=1208 152 186 185 490 873 1539 6252 857 181 2344
leaf_count=1208 152 186 185 490 873 1539 6252 857 181 2344
internal_value=4.1077e-05 -0.00101562 -0.00210439 8.2097e-05 -5.96081e-05 -0.000698697 0.000146517 0.000444609 -0.000615754 0.000669448
internal_weight=14267 523 371 13744 9872 2412 7460 3872 671 3201
internal_count=14267 523 371 13744 9872 2412 7460 3872 671 3201
is_linear=0
shrinkage=0.025


Tree=265
num_leaves=14
num_cat=0
split_feature=43 46 40 39 31 31 11 9 30 40 35 35 11
split_gain=1.10413 2.8064 3.57074 2.79124 2.51736 2.23675 1.86992 1.71983 1.64987 1.39462 2.44264 1.13558 0.540921
threshold=0.0098592266440391558 0.65737342834472667 0.46519245207309728 0.88649371266365062 1.562847971916199 0.66187387704849254 0.015477458480745556 0.020735117606818679 0.21767868101596835 0.86377033591270458 0.33673110604286199 0.083591867238283171 0.023148710839450363
decision_type=2 2 2 2 2 2 2 2 2 2 2 2 2
left_child=3 9 -3 4 7 -4 11 -1 -8 12 -11 -5 -2
right_child=1 2 5 6 -6 -7 8 -9 -10 10 -12 -13 -14
leaf_value=-0.0014806152453727944 0.0028958799300422854 -0.0042784899355861935 -0.0015078957185755298 0.0040663863957968744 -0.002298208138183979 0.00019788113871994307 0.00015352059715878559 2.4714593311554811e-05 -0.0010470757605369903 0.00072056289246903 -0.0057895648946686539 0.00057800696430011626 1.6585381052421707e-05
leaf_weight=1109 989 208 518 363 147 3420 2726 1289 760 1540 121 982 120
leaf_count=1109 989 208 518 363 147 3420 2726 1289 760 1540 121 982 120
internal_value=5.58685e-05 0.000283016 -0.000127379 -0.000156313 -0.00082598 4.15294e-05 0.000195668 -0.000623699 -0.000108493 0.000898649 0.000432923 0.000986111 0.0015855
internal_weight=14292 6916 4146 7376 2545 3938 4831 2398 3486 2770 1661 1345 1109
internal_count=14292 6916 4146 7376 2545 3938 4831 2398 3486 2770 1661 1345 1109
is_linear=0
shrinkage=0.025


Tree=266
num_leaves=8
num_cat=0
split_feature=41 39 40 43 20 38 46
split_gain=1.00994 1.06689 5.38231 0.966888 1.99797 0.864236 0.398288
threshold=0.059105746448040015 0.46072573959827429 0.46519245207309728 0.019517267122864727 0.070618115365505232 -0.00073403975693508972 0.82607382535934459
decision_type=2 2 2 2 2 2 2
left_child=-1 3 -3 4 -2 -4 -5
right_child=1 2 5 6 -6 -7 -8
leaf_value=-0.00087522125632651646 0.0032544337918426897 -0.0039554164308433842 0.00010851472366405928 0.0033594397119033879 -0.002018964159318432 -0.0002510657728937803 0.00029183488393127273
leaf_weight=139 127 193 10825 294 144 2380 213
leaf_count=139 127 193 10825 294 144 2380 213
internal_value=2.48779e-05 4.64531e-05 -5.50241e-06 0.000943487 -0.000240036 5.53559e-05 0.00158447
internal_weight=14315 14176 13398 778 271 13205 507
internal_count=14315 14176 13398 778 271 13205 507
is_linear=0
shrinkage=0.025


Tree=267
num_leaves=12
num_cat=0
split_feature=40 46 43 45 48 40 31 31 13 26 16
split_gain=1.16637 1.98743 2.60028 1.19609 0.974895 2.79285 1.29896 1.2718 1.23372 0.546668 0.514291
threshold=1.3190979957580569 0.28690260648727423 -0.11599134653806685 0.61023476719856273 0.077035948634147658 0.46519245207309728 1.0685203075408938 0.44242390990257269 -0.089623607695102678 0.022285327315330509 0.016255742870271209
decision_type=2 2 2 2 2 2 2 2 2 2 2
left_child=4 9 -3 -4 6 -6 10 -7 -8 -2 -1
right_child=1 2 3 -5 5 7 8 -9 -10 -11 -12
leaf_value=0.00021231115041166345 0.0015681089563139427 -0.0018936974210726773 0.00068516336382671921 -0.0007126360977844472 -0.0030091116106570046 -0.00012431725391518351 -0.00083046568393707577 0.00042324973526475224 0.00064050246676813655 0.00020537137910435564 0.0031223339884344343
leaf_weight=121 125 200 191 427 218 4232 191 7762 246 121 446
leaf_count=121 125 200 191 427 218 4232 191 7762 246 121 446
internal_value=8.35668e-05 -0.000709775 -0.00130468 -0.000479534 0.000148155 8.58436e-05 0.000895689 0.000137824 -0.00011595 0.00123008 0.00168051
internal_weight=14280 1064 818 618 13216 12212 1004 11994 437 246 567
internal_count=14280 1064 818 618 13216 12212 1004 11994 437 246 567
is_linear=0
shrinkage=0.025


Tree=268
num_leaves=15
num_cat=0
split_feature=16 9 16 37 37 37 36 34 27 36 16 38 6 11
split_gain=1.10038 1.96872 1.79989 2.51882 4.87736 1.71896 1.71391 1.47283 0.988642 0.979929 0.94685 0.937204 0.819669 0.404226
threshold=0.024106965400278572 0.026608977466821674 0.01804363634437323 0.010713704396039249 0.0099363145418465155 0.0090185254812240618 0.42099049687385565 0.12668983638286593 -0.0093254749663174135 -0.19711299985647199 0.031839871779084213 -0.035679331049323075 0.040692364796996124 0.023618668317794803
decision_type=2 2 2 2 2 2 2 2 2 2 2 2 2 2
left_child=2 7 5 4 -4 11 -5 12 13 -7 -10 -1 -2 -3
right_child=1 8 3 6 -6 9 -8 -9 10 -11 -12 -13 -14 -15
leaf_value=0.0052147893219028525 0.0016376819225108461 -0.0018655451341521665 -0.00037269024315321264 9.053623493657371e-05 -0.0029573812030812296 -0.00080567298641050071 -0.001369827690058711 0.007090367168930945 0.0003644661992433779 6.1550338418910874e-05 -0.0008156708927727791 0.00024040840645916893 -0.00037750782546590788 -0.00010009249767586074
leaf_weight=603 634 125 1462 3906 258 244 714 394 1645 2910 433 432 342 124
leaf_count=603 634 125 1462 3906 258 244 714 394 1645 2910 433 432 342 124
internal_value=-1.6074e-05 0.000354201 -0.000146786 -0.000412726 -0.00122826 0.000254232 -0.000106757 0.00110455 -8.62992e-05 -3.44254e-05 9.06146e-05 0.00113582 0.000569572 -0.00156004
internal_weight=14226 3697 10529 6340 1720 4189 4620 1370 2327 3154 2078 1035 976 249
internal_count=14226 3697 10529 6340 1720 4189 4620 1370 2327 3154 2078 1035 976 249
is_linear=0
shrinkage=0.025


Tree=269
num_leaves=11
num_cat=0
split_feature=35 48 17 34 34 37 16 16 9 40
split_gain=1.05751 2.35685 1.25525 1.15899 1.65316 1.91606 1.25864 2.37776 1.29822 1.05538
threshold=0.41866117715835577 0.29548789560794836 0.80411735177040111 0.13507592678070071 0.11881402134895326 0.016164114698767666 0.024560993537306789 0.021916245110332969 0.02751960884779692 0.7297625243663789
decision_type=2 2 2 2 2 2 2 2 2 2
left_child=3 -2 -3 4 9 -6 7 -5 -8 -1
right_child=1 2 -4 6 5 -7 8 -9 -10 -11
leaf_value=-0.00035888971858130333 0.0030833923509256435 -0.0042946219937415441 -0.0012859831962662455 0.0035242671886204684 -0.0013525837673707842 0.0018311495303605968 0.0063991260627034394 -0.0011825533937589398 0.0015540241628184397 0.00010034091022619455
leaf_weight=1846 129 136 176 464 442 132 380 403 456 9757
leaf_count=1846 129 136 176 464 442 132 380 403 456 9757
internal_value=3.98751e-05 -0.00115751 -0.00233044 7.87721e-05 -6.25914e-06 -0.00131045 0.000688671 1.29015e-05 0.00137782 5.82573e-05
internal_weight=14321 441 312 13880 12177 574 1703 867 836 11603
internal_count=14321 441 312 13880 12177 574 1703 867 836 11603
is_linear=0
shrinkage=0.025


Tree=270
num_leaves=15
num_cat=0
split_feature=4 47 40 13 48 40 30 17 3 39 9 27 40 1
split_gain=1.34643 1.66202 1.5896 3.52071 3.0228 1.94813 1.94507 1.51178 1.03592 4.11255 1.4153 0.937567 0.739206 0.384673
threshold=0.2055376470088959 0.14343360066413882 0.74560302495956432 -0.21226337552070615 0.077035948634147658 0.90317383408546459 -1.0442050099372862 -0.281911090016365 0.090105492621660246 0.70343813300132763 0.034505091607570655 0.00041130064346361911 0.89703840017318737 0.013909944798797371
decision_type=2 2 2 2 2 2 2 2 2 2 2 2 2 2
left_child=2 12 3 7 -5 11 -7 -1 9 -3 -10 -4 -2 -14
right_child=1 8 5 4 -6 6 -8 -9 10 -11 -12 -13 13 -15
leaf_value=-0.0011593136482854476 0.0041687155468673265 -0.0021553503791092387 0.0025694273752536068 0.00091002421056838711 -0.0023259366905530382 0.0026283691766298355 -0.00021067719180756304 0.0017025037139908603 0.00082040358241579402 5.4340213381384534e-05 -0.00040583792135559667 0.00046920474868850657 -0.00016636810805712433 0.0017411323338135242
leaf_weight=153 407 154 720 244 609 289 4206 534 3284 1282 1282 893 121 125
leaf_count=153 407 154 720 244 609 289 4206 534 3284 1282 1282 893 121 125
internal_value=0.000104924 0.000365053 -0.000120704 -0.000837379 -0.00190705 5.95044e-05 -0.000206944 0.00048591 0.000232853 -0.000349584 0.000417578 0.000804234 0.00155965 0.000433267
internal_weight=14303 6655 7648 1540 853 6108 4495 687 6002 1436 4566 1613 653 246
internal_count=14303 6655 7648 1540 853 6108 4495 687 6002 1436 4566 1613 653 246
is_linear=0
shrinkage=0.025


Tree=271
num_leaves=12
num_cat=0
split_feature=16 16 16 6 36 48 46 44 36 5 0
split_gain=1.22256 2.01287 1.71502 1.38559 1.30239 1.12674 1.44785 1.20785 1.09742 1.03456 0.701578
threshold=0.031839871779084213 0.037212114781141288 0.025207782164216045 0.068569459021091475 0.14045994728803637 0.27622890472412115 0.39125831425189977 0.010496585164219143 0.48585800826549536 0.57054764032363903 -0.018663908354938027
decision_type=2 2 2 2 2 2 2 2 2 2 2
left_child=2 3 5 9 10 6 -1 -7 -6 -2 -4
right_child=1 -3 4 -5 8 7 -8 -9 -10 -11 -12
leaf_value=-0.0013450094693690598 0.00031742995533843259 0.0046934770578396538 0.0013639258769955389 -0.0021243807500407712 0.00283670133969092 0.005191293675925278 -5.2467107012851845e-05 3.2634629138166016e-05 0.0002159625298629918 -0.0013903977733764829 -0.0008429923880994716
leaf_weight=973 154 179 158 138 1160 196 2162 7766 617 265 493
leaf_count=973 154 179 158 138 1160 196 2162 7766 617 265 493
internal_value=3.82904e-05 -0.00094973 9.28493e-05 -0.00169262 0.000694102 -3.83939e-05 -0.000439888 0.000119085 0.00104447 -0.000934552 -0.00025343
internal_weight=14261 736 13525 557 2428 11097 3135 7962 1777 419 651
internal_count=14261 736 13525 557 2428 11097 3135 7962 1777 419 651
is_linear=0
shrinkage=0.025


Tree=272
num_leaves=12
num_cat=0
split_feature=17 34 37 38 17 33 18 32 4 0 11
split_gain=0.915607 0.9562 1.90777 1.00291 1.36689 1.23157 0.735176 0.645371 0.312581 0.462263 0.213466
threshold=-0.46686924993991846 0.17045219987630847 0.012531218584626915 -0.0019349282956682143 -0.30043633282184595 0.0052241429220885047 0.030979316681623462 1.1054144501686098 -0.32502017915248865 0.0059533696621656427 0.017961201258003715
decision_type=2 2 2 2 2 2 2 2 2 2 2
left_child=7 3 10 4 -2 -5 -4 8 -1 -10 -3
right_child=1 2 6 5 -6 -7 -8 -9 9 -11 -12
leaf_value=0.0021416942068561229 -0.00063738258774231774 0.0056828392465633924 -0.0011960240776082533 -0.0010470239061596764 8.2778466736988738e-05 -0.00012430887638581237 0.00088053093229701934 -0.0001584107759439073 0.0025250404946196717 -2.119371841261316e-05 0.0029034204389372449
leaf_weight=160 674 308 129 624 10013 1431 410 144 144 131 120
leaf_count=160 674 308 129 624 10013 1431 410 144 144 131 120
internal_value=4.29407e-05 1.18501e-06 0.000757459 -5.59935e-05 4.08016e-05 -0.000561286 -0.000222886 0.00101241 0.00149148 0.000915179 0.0019948
internal_weight=14288 13709 967 12742 10687 2055 539 579 435 275 428
internal_count=14288 13709 967 12742 10687 2055 539 579 435 275 428
is_linear=0
shrinkage=0.025


Tree=273
num_leaves=9
num_cat=0
split_feature=30 36 35 29 37 31 4 36
split_gain=1.06206 0.911488 1.92842 3.13987 2.30176 1.84901 2.81194 1.80604
threshold=1.6095827221870425 0.22977772355079654 0.10954382270574571 0.085441272705793395 0.0090185254812240618 1.3124901056289675 0.45106977224349981 0.31474713981151586
decision_type=2 2 2 2 2 2 2 2
left_child=1 2 4 -4 -1 7 -7 -3
right_child=-2 5 3 -5 -6 6 -8 -9
leaf_value=0.0029029601870794279 0.0021848361580308535 0.0023765259549166115 -0.00026666307451723515 -0.0027354477768173611 -6.3673650476090226e-05 -0.0013053107202932466 0.00015775937025545243 0.00018656496520759355
leaf_weight=765 155 1297 1649 300 4773 655 2154 2468
leaf_count=765 155 1297 1649 300 4773 655 2154 2468
internal_value=4.45645e-05 2.10615e-05 -0.000167011 -0.000842502 7.01336e-05 0.000236168 -0.000247423 0.000598475
internal_weight=14216 14061 7487 1949 5538 6574 2809 3765
internal_count=14216 14061 7487 1949 5538 6574 2809 3765
is_linear=0
shrinkage=0.025


Tree=274
num_leaves=14
num_cat=0
split_feature=37 35 36 36 32 35 33 5 36 23 20 13 40
split_gain=1.11947 1.52533 1.88043 2.74187 1.93484 1.87056 2.20668 1.79738 1.44445 1.14659 1.44475 0.922574 0.288523
threshold=0.0090185254812240618 0.18487631529569629 0.21809379011392596 0.34261490404605871 0.96285736560821544 0.11282950639724733 0.0010754995164461436 0.64160192012786876 -0.03503217734396457 0.1690831854939461 0.140211395919323 -0.1293874382972717 0.84984910488128673
decision_type=2 2 2 2 2 2 2 2 2 2 2 2 2
left_child=8 5 4 -4 -3 7 -7 -2 12 10 -10 -11 -1
right_child=1 2 3 -5 -6 6 -8 -9 9 11 -12 -13 -14
leaf_value=0.0044614255109396385 -0.0001492938126135122 0.0019089201001262026 0.0032625364123203544 3.2475393230403043e-05 -0.0022589316199856913 -0.0016498678698593915 -4.7473685662973364e-05 0.0009638364098727612 0.00029690045203352428 -8.8706558320258516e-05 -0.00089020381008758176 0.0025321693476126812 0.0074740902089652592
leaf_weight=120 4964 186 1031 2140 239 897 1025 1482 675 252 477 544 280
leaf_count=120 4964 186 1031 2140 239 897 1025 1482 675 252 477 544 280
internal_value=3.83287e-05 -5.92154e-05 0.000370383 0.000581313 -0.00117733 -0.000244685 -0.000928256 -3.93349e-05 0.00053708 0.000250256 -0.000249568 0.000978464 0.00189815
internal_weight=14312 11964 3596 3171 425 8368 1922 6446 2348 1948 1152 796 400
internal_count=14312 11964 3596 3171 425 8368 1922 6446 2348 1948 1152 796 400
is_linear=0
shrinkage=0.025


Tree=275
num_leaves=13
num_cat=0
split_feature=34 35 36 34 11 30 36 35 36 36 30 9
split_gain=0.940637 1.43977 1.43935 1.54965 1.54468 1.63732 1.3231 1.30684 0.979297 1.74714 0.495338 0.281869
threshold=0.13374463468790057 0.38493418693542486 0.52496865391731273 0.11881402134895326 0.017427752725780014 0.24315409362316134 0.22587104886770251 0.22544828057289126 0.40320891141891485 0.33196821808815008 0.10335682332515718 0.027189373970031742
decision_type=2 2 2 2 2 2 2 2 2 2 2 2
left_child=2 8 3 6 -4 -6 -1 -5 9 -2 -3 -10
right_child=1 10 4 7 5 -7 -8 -9 11 -11 -12 -13
leaf_value=-6.3901482850003507e-05 0.0011877858065393091 0.00025286723897059471 0.0032541635365420001 -0.001797516946286608 -0.00096473793549784088 -0.0044153942781999895 0.0005031515887212797 7.1066940393690748e-05 0.0056838580313832831 -0.0011836972731808766 -0.0019470332220326192 0.00290074722830631
leaf_weight=6618 834 122 135 294 350 135 4517 216 267 181 182 407
leaf_count=6618 834 122 135 294 350 135 4517 216 267 181 182 407
internal_value=6.05589e-05 0.000563689 -2.08842e-05 4.13091e-05 -0.00119 -0.00184949 0.000103793 -0.00129854 0.000850797 0.000349265 -0.000999191 0.00158873
internal_weight=14258 1993 12265 11645 620 485 11135 510 1689 1015 304 674
internal_count=14258 1993 12265 11645 620 485 11135 510 1689 1015 304 674
is_linear=0
shrinkage=0.025


Tree=276
num_leaves=12
num_cat=0
split_feature=3 37 41 40 23 43 13 46 44 37 30
split_gain=0.954734 1.79487 2.04511 2.29569 1.43928 1.98111 1.82325 1.3402 1.73848 2.10127 1.70685
threshold=0.025343060493469242 0.016557741910219196 0.84502726793289196 0.97628337144851696 0.14113832265138629 -0.33807224035263056 -0.20605760067701337 0.038517974317073829 0.027284160256385807 0.018921818584203724 0.67884969711303722
decision_type=2 2 2 2 2 2 2 2 2 2 2
left_child=1 4 3 -3 6 -6 -1 -2 9 -9 -10
right_child=7 2 -4 -5 5 -7 -8 8 10 -11 -12
leaf_value=0.0001723721050604218 -0.0011185589516301707 -0.00014945635447022364 0.0026081507809457638 -0.0016548276766815508 -0.0012973035744511289 0.0013234866579825138 -0.0010985770596359647 0.00016710232173652059 -0.00090931283324641144 0.0027371012541752208 0.00093843164399670946
leaf_weight=1476 171 965 152 791 220 1229 735 5453 1539 1267 311
leaf_count=1476 171 965 152 791 220 1229 735 5453 1539 1267 311
internal_value=5.35316e-05 -0.000201642 -0.000822661 -0.00106687 0.000121078 0.000733322 -0.000278091 0.000216813 0.000261662 0.000448885 -0.00041442
internal_weight=14309 5568 1908 1756 3660 1449 2211 8741 8570 6720 1850
internal_count=14309 5568 1908 1756 3660 1449 2211 8741 8570 6720 1850
is_linear=0
shrinkage=0.025


Tree=277
num_leaves=12
num_cat=0
split_feature=40 46 43 35 40 39 5 40 46 46 17
split_gain=1.09667 2.28804 2.45608 1.32775 2.37175 2.35649 2.20951 1.15762 2.22061 1.65015 1.02035
threshold=1.3190979957580569 0.28690260648727423 -0.187246598303318 -0.12450252845883368 0.97405219078063976 1.0060803294181826 -0.22005289793014524 1.1370488405227663 0.14464352279901507 0.70194101333618175 0.48158290982246404
decision_type=2 2 2 2 2 2 2 2 2 2 2
left_child=3 -2 -3 4 6 -6 -1 9 -9 -5 -4
right_child=1 2 10 7 5 -7 -8 8 -10 -11 -12
leaf_value=-0.001461951512737549 0.00096671947985881327 -0.0015117354843988879 3.7245027491718252e-05 0.00033803954941270483 -0.0035086448323425924 -0.00066095581667661063 0.0011335458339734744 -0.0012227684367600447 0.0011984937957230533 -0.00030992675953447337 -0.0018229547193125105
leaf_weight=120 236 128 429 7011 125 282 482 210 1905 3087 265
leaf_count=120 236 128 429 7011 125 282 482 210 1905 3087 265
internal_value=2.05636e-05 -0.000751411 -0.00137696 8.30688e-05 -0.000785256 -0.00224818 0.000203872 0.000155611 0.00068691 4.34278e-05 -0.000763591
internal_weight=14280 1058 822 13222 1009 407 602 12213 2115 10098 694
internal_count=14280 1058 822 13222 1009 407 602 12213 2115 10098 694
is_linear=0
shrinkage=0.025


Tree=278
num_leaves=13
num_cat=0
split_feature=37 36 37 2 35 35 41 6 8 35 35 1
split_gain=1.18295 1.77879 1.75235 1.81252 1.63075 3.42492 1.60434 1.43347 1.18894 0.977216 1.36912 0.868214
threshold=0.024521977640688423 0.52496865391731273 0.016557741910219196 0.077340234071016326 0.11997384950518609 0.15525458008050921 0.66483068466186535 0.025990043766796592 0.034248242154717452 0.053856713697314269 -0.015333476476371287 -0.024371053092181679
decision_type=2 2 2 2 2 2 2 2 2 2 2 2
left_child=2 9 4 7 6 -6 -1 -4 -5 10 -2 -3
right_child=1 11 3 8 5 -7 -8 -9 -10 -11 -12 -13
leaf_value=0.0010061916667742892 0.002466100835969091 0.00074489832002382181 -1.4513141378686422e-05 0.00099120674766113863 -0.0014223701247008272 8.9422893811838479e-05 -4.5535707161507009e-05 -0.0012624630933828203 -0.00062607315534044515 0.0055956451640282985 -0.00068254394221349741 -0.0020988608894988688
leaf_weight=3216 662 121 700 780 986 3375 1912 1426 396 319 226 181
leaf_count=3216 662 121 700 780 986 3375 1912 1426 396 319 226 181
internal_value=1.0049e-05 0.000671235 -6.76968e-05 -0.000563577 0.000104408 -0.000249943 0.000406926 -0.000998944 0.000219094 0.00110252 0.000659295 -0.00102199
internal_weight=14300 1509 12791 3302 9489 4361 5128 2126 1176 1207 888 302
internal_count=14300 1509 12791 3302 9489 4361 5128 2126 1176 1207 888 302
is_linear=0
shrinkage=0.025


Tree=279
num_leaves=10
num_cat=0
split_feature=13 3 43 11 31 40 35 30 40
split_gain=1.12917 1.2593 2.43479 2.13123 2.10289 1.71439 1.61402 1.58966 0.584309
threshold=-0.49398656189441675 0.072186280041933074 0.31495732069015508 0.030146511271595958 1.3124901056289675 0.8691898286342622 0.35007102787494665 0.58894142508506786 1.1590086817741396
decision_type=2 2 2 2 2 2 2 2 2
left_child=8 2 3 -2 -4 7 -7 -3 -1
right_child=1 5 4 -5 -6 6 -8 -9 -10
leaf_value=0.0042286729671234041 -0.00016281824075848478 0.00033231167973888471 -0.0021026764311596227 0.0023375400178302654 -0.0001932708643294826 0.00012639061837962741 -0.00089996025683314297 0.0036848303852290449 0.00025444043044577596
leaf_weight=222 5757 1973 125 321 150 4248 671 579 195
leaf_count=222 5757 1973 125 321 150 4248 671 579 195
internal_value=5.5893e-05 1.65414e-05 -0.000241625 -0.000135418 -0.00252232 0.000236925 -3.47785e-05 0.000762124 0.00132998
internal_weight=14241 13824 6353 6078 275 7471 4919 2552 417
internal_count=14241 13824 6353 6078 275 7471 4919 2552 417
is_linear=0
shrinkage=0.025


Tree=280
num_leaves=13
num_cat=0
split_feature=24 31 43 17 31 16 20 35 40 35 43 18
split_gain=1.10492 1.61603 2.73729 1.82708 2.40406 1.04438 1.05787 0.982898 1.57715 1.46035 0.93155 0.396094
threshold=21.962167739868168 2.2016083002090459 0.20299807935953143 0.73965623974800121 0.86692318320274364 0.015462978277355434 -0.070612352341413484 0.18036336451768878 0.85580661892890941 0.12533523142337802 -0.13195611536502835 0.075071737170219435
decision_type=2 2 2 2 2 2 2 2 2 2 2 2
left_child=1 3 -3 4 -1 6 -2 9 -9 -7 -5 -8
right_child=5 2 -4 10 -6 7 11 8 -10 -11 -12 -13
leaf_value=-2.7493856246299445e-05 -0.0004482825056134542 -0.0026349632805941266 -7.7632966024638166e-06 -0.0017910747850899971 -0.001484529224118849 6.2637905490115536e-05 0.0019260195279481509 0.0021243388202625588 3.9488007215902557e-05 -0.00061249153868854023 0.0016681642118095748 0.00019796652375304218
leaf_weight=3333 192 122 178 120 799 3343 707 1088 2393 1225 605 148
leaf_count=3333 192 122 178 120 799 3343 707 1088 2393 1225 605 148
internal_value=2.98956e-05 -0.000261769 -0.00202869 -0.000149373 -0.000353819 0.000195995 0.0009375 9.82432e-05 0.000414874 -0.000141865 0.00100171 0.00131541
internal_weight=14253 5157 300 4857 4132 9096 1047 8049 3481 4568 725 855
internal_count=14253 5157 300 4857 4132 9096 1047 8049 3481 4568 725 855
is_linear=0
shrinkage=0.025


Tree=281
num_leaves=11
num_cat=0
split_feature=38 34 35 35 46 35 40 13 42 39
split_gain=1.06638 1.26387 1.28945 1.14258 1.17272 0.992511 0.749251 0.984311 0.286621 0.153804
threshold=-0.27892369031906122 0.139903798699379 0.43895612657070165 -0.19672566652297971 0.62613427639007579 0.15525458008050921 0.90130659937858593 -0.4151602834463119 -0.020569400861859318 0.73284137248992931
decision_type=2 2 2 2 2 2 2 2 2 2
left_child=6 3 5 -2 -5 -3 9 8 -8 -1
right_child=1 2 -4 4 -6 -7 7 -9 -10 -11
leaf_value=0.0017995249980872316 -0.0034354888948031079 -0.00039339155998680128 -0.0013214651593280149 6.8843466934856291e-05 -0.00027586958102733094 0.0030589201730481757 0.0011287966744987217 -0.00060899089758421465 0.0039908332330583201 0.0026007937188262322
leaf_weight=220 142 467 202 6903 4463 1238 121 230 123 155
leaf_count=220 142 467 202 6903 4463 1238 121 230 123 155
internal_value=4.056e-05 -1.35059e-05 0.000581198 -0.000112807 -8.38756e-05 0.000807749 0.000897248 0.000216597 0.00132028 0.00172697
internal_weight=14264 13415 1907 11508 11366 1705 849 474 244 375
internal_count=14264 13415 1907 11508 11366 1705 849 474 244 375
is_linear=0
shrinkage=0.025


Tree=282
num_leaves=14
num_cat=0
split_feature=34 9 28 37 38 5 36 37 36 30 16 16 44
split_gain=0.827871 1.40734 1.37108 1.22508 0.908969 1.80323 2.17005 1.20314 1.98307 1.47731 0.828094 1.54759 0.307101
threshold=0.14204169809818271 0.026370549574494365 0.47499999403953558 0.019648350775241855 -0.065974175930023179 -0.18778568506240842 0.28962449729442602 0.011546375229954721 0.08287313207983972 0.017851303331553939 0.024139283224940303 0.020974503830075267 0.014308356679975988
decision_type=2 2 2 2 2 2 2 2 2 2 2 2 2
left_child=4 10 -3 -4 7 12 -7 9 -9 -1 11 -2 -6
right_child=1 2 3 -5 5 6 -8 8 -10 -11 -12 -13 -14
leaf_value=-1.6497728373975932e-05 0.0057084750740873224 -0.0021484877086143822 -0.00032042984513318263 0.0051168176423535688 0.0022125576170152058 -0.00080368087555839898 2.4160356619219024e-05 -0.00033767433801739635 0.00061260679628489438 0.0023388661389613348 0.005966250663159485 -0.0011458543344467515 0.00030097030933446713
leaf_weight=964 192 123 795 247 149 2265 2720 2185 2911 978 319 147 259
leaf_count=964 192 123 795 247 149 2265 2720 2185 2911 978 319 147 259
internal_value=3.70819e-05 0.000534054 5.34197e-06 0.000309217 -3.54816e-05 -0.000279965 -0.000412074 0.000151037 -4.97451e-05 0.000679892 0.00145362 0.000555959 0.00130448
internal_weight=14254 1823 1165 1042 12431 5393 4985 7038 5096 1942 658 339 408
internal_count=14254 1823 1165 1042 12431 5393 4985 7038 5096 1942 658 339 408
is_linear=0
shrinkage=0.025


Tree=283
num_leaves=15
num_cat=0
split_feature=34 9 6 38 13 30 29 47 34 15 37 37 15 34
split_gain=1.23293 1.3399 1.11542 1.40567 2.58214 1.08163 1.1665 1.09958 1.00674 1.63532 1.29551 0.751325 0.457892 0.273075
threshold=0.139903798699379 0.025674590840935711 0.071436360478401198 -0.11399348825216292 -0.13525860756635663 0.20676308870315555 0.050886349752545364 0.33400586247444158 0.089503929018974318 0.56034481525421154 0.016557741910219196 0.019385031424462799 0.3189655095338822 0.16395609825849536
decision_type=2 2 2 2 2 2 2 2 2 2 2 2 2 2
left_child=2 12 8 11 -5 6 -3 -7 10 -10 -1 -4 -2 -14
right_child=1 5 3 4 -6 7 -8 -9 9 -11 -12 -13 13 -15
leaf_value=0.00029909992361042836 0.00043802992081694851 -0.001372024029190253 -0.00069948019459235627 -0.0026591927412232446 -0.00070158926235524015 0.0024866031064665907 0.0018490875491570516 -0.0014265722268029914 0.00010887032993602622 -0.00063258910979973693 -0.00023319625994046918 0.0011714169205610686 0.0016701410336473434 0.0046526026814780463
leaf_weight=6262 152 120 167 120 327 132 556 418 1044 904 3244 340 153 328
leaf_count=6262 152 120 167 120 327 132 556 418 1044 904 3244 340 153 328
internal_value=3.93253e-05 0.000639083 -5.02496e-05 -0.000869395 -0.0018833 0.000149269 0.000820485 -0.000664414 1.77809e-05 -0.000498592 0.000124461 2.19727e-05 0.00156936 0.00194702
internal_weight=14267 1859 12408 954 447 1226 676 550 11454 1948 9506 507 633 481
internal_count=14267 1859 12408 954 447 1226 676 550 11454 1948 9506 507 633 481
is_linear=0
shrinkage=0.025


Tree=284
num_leaves=13
num_cat=0
split_feature=34 37 38 33 8 15 33 15 35 37 12 32
split_gain=0.952836 2.00832 1.56967 1.38587 2.06524 1.49516 1.33593 2.76421 2.06832 0.594764 0.64664 0.240365
threshold=0.17045219987630847 0.012531218584626915 -0.0019349282956682143 0.0051436624489724645 0.026796015910804275 0.57758620381355297 -0.0014869939768686888 0.3706896454095841 0.1787853613495827 0.016164114698767666 -0.054943932220339768 0.80522105097770702
decision_type=2 2 2 2 2 2 2 2 2 2 2 2
left_child=2 11 6 4 -4 -5 7 -1 -8 -3 -11 -2
right_child=1 9 3 5 -6 -7 8 -9 -10 10 -12 -13
leaf_value=-3.013587235837525e-05 0.0018575589455497102 -0.00086370910511503825 -0.00047938431254366089 0.0017980880670371577 -0.0028103978086710625 -0.00054948055736119016 4.0665253452973145e-05 -0.0016984761982475984 0.0018899435317210611 -0.001584694803260492 0.002378685828574889 0.0055956690525216608
leaf_weight=3787 120 234 451 322 174 1148 5488 562 1444 131 190 298
leaf_count=3787 120 234 451 322 174 1148 5488 562 1444 131 190 298
internal_value=-1.01887e-05 0.000742587 -6.56714e-05 -0.000693452 -0.00167659 -0.000266949 5.06159e-05 -0.000291973 0.000266506 -0.000234375 0.00044862 0.00204196
internal_weight=14349 973 13376 2095 625 1470 11281 4349 6932 555 321 418
internal_count=14349 973 13376 2095 625 1470 11281 4349 6932 555 321 418
is_linear=0
shrinkage=0.025


Tree=285
num_leaves=14
num_cat=0
split_feature=3 35 11 4 40 40 11 40 48 4 20 34 17
split_gain=0.951205 1.59583 1.58509 1.51201 2.22048 2.19856 1.44873 3.14705 2.04614 1.30717 1.15829 0.89241 0.178953
threshold=0.072186280041933074 0.072850793600082411 0.029776033945381645 0.18006349354982379 0.7263658642768861 0.86102840304374706 0.022426047362387184 0.97891241312026989 0.27622890472412115 0.77663829922676098 0.18077914416790011 0.027509550563991073 0.12150967121124269
decision_type=2 2 2 2 2 2 2 2 2 2 2 2 2
left_child=2 9 6 4 -3 -5 8 -8 -1 11 12 -2 -4
right_child=1 3 10 5 -6 -7 7 -9 -10 -11 -12 -13 -14
leaf_value=-0.00092525363281926564 0.0024237458381727393 -0.0031336916001360551 0.0011763450483651167 0.0017036258203375579 -0.00010205214358944223 -8.0743728125593181e-05 0.00024773820914005695 -0.001793184375072282 0.000248467025744612 -0.0013996593756530399 -0.00034482597266542075 0.00024511094308860102 0.0036525176497659347
leaf_weight=1394 920 222 121 1339 1355 2949 686 873 3356 140 124 542 238
leaf_count=1394 920 222 121 1339 1355 2949 686 873 3356 140 124 542 238
internal_value=2.3924e-05 0.000218984 -0.000189606 2.66185e-05 -0.000632901 0.000271081 -0.000296365 -0.000956681 -7.75499e-05 0.000917082 0.00118084 0.00114093 0.00189904
internal_weight=14259 7467 6792 5865 1577 4288 6309 1559 4750 1602 483 1462 359
internal_count=14259 7467 6792 5865 1577 4288 6309 1559 4750 1602 483 1462 359
is_linear=0
shrinkage=0.025


Tree=286
num_leaves=11
num_cat=0
split_feature=35 48 5 34 36 34 17 35 16 16
split_gain=1.15931 2.19982 1.78299 1.12642 1.85053 1.8803 1.68237 1.14308 0.890064 0.833421
threshold=0.41866117715835577 0.26724137365818029 0.99052628874778759 0.13507592678070071 0.52496865391731273 0.11881402134895326 0.76870611310005199 0.15525458008050921 0.021916245110332969 0.024560993537306789
decision_type=2 2 2 2 2 2 2 2 2 2
left_child=3 -2 -3 4 5 -1 -6 8 -5 -9
right_child=1 2 -4 7 6 -7 -8 9 -10 -11
leaf_value=4.62940493833712e-05 0.0023247125793325178 -0.0036473418479864498 -0.00083089948796311985 0.00096087997818157078 -0.0029961316628920672 -0.0011891614496588004 -0.00054638977620000216 0.00036924011001385215 -0.0011787765480655394 0.0038979430406570516
leaf_weight=11031 120 151 165 181 212 541 327 526 280 741
leaf_count=11031 120 151 165 181 212 541 327 526 280 741
internal_value=5.68987e-06 -0.00125567 -0.00234813 4.63198e-05 -3.84821e-05 2.7965e-05 -0.00146369 0.000642672 -0.000410408 0.00103086
internal_weight=14275 436 316 13839 12111 11572 539 1728 461 1267
internal_count=14275 436 316 13839 12111 11572 539 1728 461 1267
is_linear=0
shrinkage=0.025


Tree=287
num_leaves=8
num_cat=0
split_feature=13 46 40 40 46 36 35
split_gain=1.11497 1.40317 1.17344 1.55197 1.42144 1.1215 0.0100145
threshold=-0.49398656189441675 0.019258987158536914 1.3124855756759646 1.1212141513824465 0.28690260648727423 -0.15085972100496289 0.028479252941906456
decision_type=2 2 2 2 2 2 2
left_child=5 -2 3 -3 -4 -1 -7
right_child=1 2 4 -5 -6 6 -8
leaf_value=-0.00086998700650284331 -0.00088376235889770036 -1.5120882387892853e-05 0.0008485071302279638 0.00073022559685871321 -0.00067726689868201091 0.004006954694771192 0.0039051201908605797
leaf_weight=124 144 10359 149 2395 842 182 120
leaf_count=124 144 10359 149 2395 842 182 120
internal_value=4.40818e-05 4.76834e-06 3.13637e-05 9.63047e-05 -0.000794428 0.0012964 0.00211319
internal_weight=14315 13889 13745 12754 991 426 302
internal_count=14315 13889 13745 12754 991 426 302
is_linear=0
shrinkage=0.025


Tree=288
num_leaves=8
num_cat=0
split_feature=3 17 3 17 43 38 40
split_gain=0.880647 0.922264 1.10086 1.31958 1.2734 0.672169 0.676961
threshold=0.73048949241638195 -0.43578933179378504 0.25224345922470098 0.3796051293611527 0.39355547726154333 -0.16346724331378934 0.96934950351715099
decision_type=2 2 2 2 2 2 2
left_child=1 5 4 -4 -3 6 -1
right_child=-2 2 3 -5 -6 -7 -8
leaf_value=-0.00061647115633840961 -0.0016381046373953627 -2.6245109619719962e-05 0.0017542716526609903 6.4370205258133673e-05 -0.00075061364342167262 0.0033444450844012743 0.00080915482855704066
leaf_weight=140 160 9814 879 2444 374 200 319
leaf_count=140 160 9814 879 2444 374 200 319
internal_value=3.44438e-05 5.59966e-05 1.08206e-05 0.000406025 -0.000117605 0.000965738 0.000412177
internal_weight=14330 14170 13511 3323 10188 659 459
internal_count=14330 14170 13511 3323 10188 659 459
is_linear=0
shrinkage=0.025


Tree=289
num_leaves=15
num_cat=0
split_feature=33 15 46 12 39 41 48 4 11 43 4 38 34 30
split_gain=0.917269 2.0231 1.27621 1.57482 1.23112 1.21536 1.17346 1.97518 1.26966 0.942203 0.936357 0.891968 1.05932 0.140153
threshold=-0.0014869939768686888 0.3706896454095841 0.62613427639007579 -0.17770637571811673 0.84989559650421154 0.31398834288120275 0.27622890472412115 0.17285276204347613 0.017382634803652767 0.040347229689359672 0.13039476424455645 -0.033641722053289407 0.13173542171716693 -0.091647818684577928
decision_type=2 2 2 2 2 2 2 2 2 2 2 2 2 2
left_child=1 2 9 -4 -3 11 7 -7 -8 -1 -6 13 -13 -2
right_child=5 4 3 -5 10 6 8 -9 -10 -11 -12 12 -14 -15
leaf_value=4.4476818885889835e-05 0.0013324359878843181 -0.0022572719393080501 0.001381365739450718 -0.00069523071010037707 -0.001647601478519326 -0.0016532252736763933 0.0008665289601000447 0.00024433423452912959 -3.0071060076260322e-05 0.0013402215872182531 0.00027852313178063293 -0.00015554089777218425 0.0030681383570408142 0.0024188676058111824
leaf_weight=1816 120 226 284 1258 174 918 3168 1003 3786 567 200 337 176 321
leaf_count=1816 120 226 284 1258 174 918 3168 1003 3786 567 200 337 176 321
internal_value=3.85648e-05 -0.000255243 -4.61195e-05 -0.00060682 -0.00160124 0.000174522 8.23481e-05 -0.000462747 0.00023405 0.000314594 -0.000682718 0.00102059 0.000291989 0.00184137
internal_weight=14354 4525 3925 1542 600 9829 8875 1921 6954 2383 374 954 513 441
internal_count=14354 4525 3925 1542 600 9829 8875 1921 6954 2383 374 954 513 441
is_linear=0
shrinkage=0.025


Tree=290
num_leaves=9
num_cat=0
split_feature=38 38 35 23 41 13 13 35
split_gain=0.948084 1.16094 3.69059 2.79257 1.49826 1.32975 1.38096 0.144848
threshold=-0.31172589957714075 -0.19103229045867917 0.10206797719001771 0.13969897478818896 0.30682003498077398 -0.49398656189441675 -0.3911213874816894 -0.13375213742256162
decision_type=2 2 2 2 2 2 2 2
left_child=7 2 4 -4 -2 -3 -7 -1
right_child=1 5 3 -5 -6 6 -8 -9
leaf_value=0.0015625791561431992 0.0016672019417834751 0.0037864554766731682 -0.00026284735504241525 -0.0035305480902841908 -0.00023597440793545035 -0.00067631361104193493 7.9355873005017074e-05 0.0034059524707389767
leaf_weight=126 210 175 120 123 1870 408 11054 184
leaf_count=126 210 175 120 123 1870 408 11054 184
internal_value=5.21017e-05 2.10348e-05 -0.00048808 -0.00337198 -0.000140887 0.000123368 8.9278e-05 0.00140873
internal_weight=14270 13960 2323 243 2080 11637 11462 310
internal_count=14270 13960 2323 243 2080 11637 11462 310
is_linear=0
shrinkage=0.025


Tree=291
num_leaves=11
num_cat=0
split_feature=13 3 9 40 43 31 11 46 36 27
split_gain=1.00979 1.15245 1.74361 1.97115 1.55401 2.20666 2.19321 1.49074 0.905242 0.0500379
threshold=-0.49398656189441675 0.12033486366271974 0.034353757277131088 1.0885785818099978 0.34733337163925176 1.3865473270416262 0.029776033945381645 0.052177859470248229 -0.15085972100496289 0.0014681343454867604
decision_type=2 2 2 2 2 2 2 2 2 2
left_child=8 4 7 -4 6 -6 -2 -3 -1 -10
right_child=1 2 3 -5 5 -7 -8 -9 9 -11
leaf_value=-0.0002861144105642012 -0.00016183692639418115 -0.0014795462731908822 -0.0011867328011417677 0.00044451501713694468 -0.00172902686361947 -4.4216968930948677e-05 0.0017953271621363211 0.00059594950250969187 0.0045184473931396537 0.0027885063957122803
leaf_weight=120 6861 125 805 635 121 171 386 4832 154 150
leaf_count=120 6861 125 805 635 121 171 386 4832 154 150
internal_value=3.78525e-05 6.27738e-07 0.000247774 -0.000514706 -0.000208278 -0.00198232 -0.000134618 0.000470828 0.00123252 0.00195388
internal_weight=14360 13936 6397 1440 7539 292 7247 4957 424 304
internal_count=14360 13936 6397 1440 7539 292 7247 4957 424 304
is_linear=0
shrinkage=0.025


Tree=292
num_leaves=10
num_cat=0
split_feature=34 37 39 30 9 40 37 34 32
split_gain=1.06341 1.37581 1.07604 0.972944 1.44639 1.13086 0.664749 0.834187 0.367553
threshold=0.17045219987630847 0.012531218584626915 0.10080933943390848 -0.86732736229896534 0.017470034770667556 0.74253234267234813 0.015980270691215995 0.19076158851385119 0.79903477430343639
decision_type=2 2 2 2 2 2 2 2 2
left_child=2 8 -1 5 -5 -4 -3 -8 -2
right_child=1 6 3 4 -6 -7 7 -9 -10
leaf_value=-0.00060857045587891156 0.001593604760511483 -0.00089789356167903106 -0.00074822544766399847 0.00091333114052934627 -8.9834167815437349e-05 0.0014854088795619833 0.0031201410842997177 -0.00062780476763129797 0.0049062193928271639
leaf_weight=120 121 202 164 1302 10970 773 224 128 319
leaf_count=120 121 202 164 1302 10970 773 224 128 319
internal_value=1.75357e-05 0.000804555 -4.09666e-05 -1.86354e-05 -7.85004e-05 0.000755043 -1.56529e-05 0.000626751 0.00183989
internal_weight=14323 994 13329 13209 12272 937 554 352 440
internal_count=14323 994 13329 13209 12272 937 554 352 440
is_linear=0
shrinkage=0.025


Tree=293
num_leaves=15
num_cat=0
split_feature=16 11 16 16 33 40 48 36 1 38 44 34 25 9
split_gain=0.889881 1.34734 1.34336 3.14236 2.45543 1.9064 2.32408 1.94374 1.29301 1.1345 1.02916 0.688979 0.655218 0.627177
threshold=0.025207782164216045 0.016398426145315174 0.022642872296273712 0.022944572381675247 -0.014405292458832262 0.72273260354995739 0.057776963338255889 0.47109559178352362 -0.017693729139864441 -0.11627030000090598 0.033414032310247428 0.12335854768753053 19.634959220886234 0.027830716222524646
decision_type=2 2 2 2 2 2 2 2 2 2 2 2 2 2
left_child=2 11 5 9 -5 6 -1 -7 -3 -4 -10 12 -2 -13
right_child=1 8 3 4 -6 7 -8 -9 10 -11 -12 13 -14 -15
leaf_value=0.0013683794477178728 0.0011005140256066693 0.00093277430270344991 -0.001012475380438245 -0.0026127570590551937 2.2595226698967358e-05 0.00024520373600175525 -0.0013714055412506309 -0.0015715848219779315 -0.00077327205183321706 -0.004401438769703751 0.0010770868784804153 0.0054981724451396742 -0.00045734444973176191 0.0014188559697890443
leaf_weight=338 555 824 135 177 1765 7139 1013 402 954 120 178 344 153 160
leaf_count=338 555 824 135 177 1765 7139 1013 402 954 120 178 344 153 160
internal_value=4.46116e-05 0.00041404 -6.05056e-05 -0.000613647 -0.000263867 7.57279e-05 -0.00078632 0.000231414 4.4621e-06 -0.00319712 -0.000539798 0.00106717 0.000545231 0.00177554
internal_weight=14257 3168 11089 2197 1942 8892 1351 7541 1956 255 1132 1212 708 504
internal_count=14257 3168 11089 2197 1942 8892 1351 7541 1956 255 1132 1212 708 504
is_linear=0
shrinkage=0.025


Tree=294
num_leaves=9
num_cat=0
split_feature=17 11 11 35 9 44 12 5
split_gain=1.06506 1.16474 1.90553 2.34807 1.66212 0.782247 0.549144 0.823875
threshold=1.4222589731216433 0.030146511271595958 0.022426047362387184 -0.15014292299747464 0.034636452794075019 0.03210581652820111 -0.33844783902168268 0.52832478284835827
decision_type=2 2 2 2 2 2 2 2
left_child=1 2 4 -4 -1 -2 -3 -8
right_child=5 6 3 -5 -6 -7 7 -9
leaf_value=0.00015404241823800926 1.3646979544825719e-05 0.0044516375543150475 -0.0025926023719089419 -0.00020678890182239835 -0.0018817929142288391 -0.0024797501104759857 -0.00020933456107874882 0.0019365508185617865
leaf_weight=10540 125 162 302 2136 433 132 183 256
leaf_count=10540 125 162 302 2136 433 132 183 256
internal_value=4.66759e-05 7.66035e-05 2.76723e-05 -0.000603254 0.000168633 -0.00153149 0.00114893 0.000655969
internal_weight=14269 14012 13411 2438 10973 257 601 439
internal_count=14269 14012 13411 2438 10973 257 601 439
is_linear=0
shrinkage=0.025


Tree=295
num_leaves=15
num_cat=0
split_feature=33 0 24 47 11 39 40 37 37 45 40 32 46 11
split_gain=0.874408 1.30077 1.3462 1.11787 1.05576 1.27507 1.43854 1.15411 2.19757 1.06538 0.999431 0.988385 0.777386 0.738707
threshold=-0.0014869939768686888 0.0067815133370459088 27.195875167846683 0.33400586247444158 0.021969495341181759 1.0658796429634096 0.97171172499656688 0.019648350775241855 0.01548532582819462 0.90517240762710582 0.82170298695564281 0.71228769421577465 0.62613427639007579 0.015314111020416023
decision_type=2 2 2 2 2 2 2 2 2 2 2 2 2 2
left_child=1 11 3 -3 7 6 -6 8 -2 -7 -4 13 -13 -1
right_child=4 2 10 -5 5 9 -8 -9 -10 -11 -12 12 -14 -15
leaf_value=-0.00051695406006825541 0.00051202384741317328 0.00018858970342226688 0.0013707429805610777 -0.0020936379194153934 -0.0001155052324557598 0.00049559399103134673 -0.0017032552841467913 0.0019099508749869218 -0.0005916140854539232 -0.00065588977057861328 -0.00091747503533994566 4.930222058271395e-05 -0.0003823797360369365 0.0016729660473389812
leaf_weight=132 5098 127 136 315 691 1019 346 888 1492 188 266 1912 1161 436
leaf_count=132 5098 127 136 315 691 1019 346 888 1492 188 266 1912 1161 436
internal_value=6.93957e-05 -0.000218541 -0.00109982 -0.00204418 0.000202915 -0.000270676 -0.000912908 0.000345951 0.000230288 0.000277434 -3.37837e-05 -1.13137e-05 -0.000190464 0.000940227
internal_weight=14207 4485 844 442 9722 2244 1037 7478 6590 1207 402 3641 3073 568
internal_count=14207 4485 844 442 9722 2244 1037 7478 6590 1207 402 3641 3073 568
is_linear=0
shrinkage=0.025


Tree=296
num_leaves=10
num_cat=0
split_feature=38 34 37 36 39 37 1 32 26
split_gain=0.896135 0.938614 1.66356 1.20859 2.27556 1.65199 0.655219 0.27505 0.223194
threshold=-0.31172589957714075 0.17045219987630847 0.012531218584626915 0.47109559178352362 0.79781314730644237 0.024521977640688423 0.073622751981019988 0.78813946247100841 0.01924008131027222
decision_type=2 2 2 2 2 2 2 2 2
left_child=8 3 7 5 -5 -2 -4 -3 -1
right_child=1 2 6 4 -6 -7 -8 -9 -10
leaf_value=0.0012892828181680751 -3.339987829713755e-05 0.0022221019730395398 0.00044376174756200805 0.0015191020382853634 -0.0013265525562049497 0.0021909591573006414 -0.0013527923717599087 0.0047887448373686711 0.0034566359066467212
leaf_weight=122 10584 120 445 341 895 1116 120 318 207
leaf_count=122 10584 120 445 341 895 1116 120 318 207
internal_value=4.12493e-05 1.01299e-05 0.000745288 -4.6654e-05 -0.000788678 3.15037e-05 -0.000142544 0.00189334 0.00132111
internal_weight=14268 13939 1003 12936 1236 11700 565 438 329
internal_count=14268 13939 1003 12936 1236 11700 565 438 329
is_linear=0
shrinkage=0.025


Tree=297
num_leaves=14
num_cat=0
split_feature=17 31 43 24 12 3 34 38 34 40 31 20 18
split_gain=0.965464 1.44871 2.61174 1.21378 1.34749 1.22656 1.17241 1.0666 2.35899 1.07428 0.825039 0.62702 0.0619246
threshold=0.80411735177040111 1.7266284227371218 0.085115674883127226 44.858900070190437 -0.28336706757545466 0.50287559628486644 0.046276656910777099 -0.12176326662302016 -0.04042371362447738 1.1125565171241762 2.2367875576019292 0.39267660677433019 -0.010675111785531042
decision_type=2 2 2 2 2 2 2 2 2 2 2 2 2
left_child=1 3 -3 4 -1 -5 -4 10 11 -10 12 -9 -2
right_child=7 2 6 5 -6 -7 -8 8 9 -11 -12 -13 -14
leaf_value=-0.001011690453352528 0.0039743275002104266 -0.0024199622946899473 -0.0010064777689789107 0.0028263109198325559 -1.5337280117293623e-07 -0.0006325736372903354 0.00052242661687264356 -0.0021174486300398728 2.2442532309329441e-05 0.003727958218297417 0.00013187478791213647 -0.0014366293669810721 0.0036039264272980358
leaf_weight=531 284 137 138 726 9653 129 258 120 1342 548 205 128 140
leaf_count=531 284 137 138 726 9653 129 258 120 1342 548 205 128 140
internal_value=4.47052e-05 -5.5174e-05 -0.00132203 5.99883e-06 -6.95602e-05 0.00090843 -0.000258728 0.000464015 0.000193071 0.000498021 0.00136632 -0.00207016 0.00199009
internal_weight=14339 11572 533 11039 10184 855 396 2767 2138 1890 629 248 424
internal_count=14339 11572 533 11039 10184 855 396 2767 2138 1890 629 248 424
is_linear=0
shrinkage=0.025


Tree=298
num_leaves=8
num_cat=0
split_feature=12 12 1 30 16 16 42
split_gain=1.17078 1.1243 1.78482 2.44628 1.05029 2.10221 1.17898
threshold=-0.39291308820247645 -0.29302370548248285 -0.092133823782205568 -0.57316672801971424 0.031839871779084213 0.02759466785937548 0.032393168658018119
decision_type=2 2 2 2 2 2 2
left_child=-1 2 -2 -4 5 -3 -6
right_child=1 4 3 -5 6 -7 -8
leaf_value=0.004318579545887255 0.002081762683994398 2.6174024624294452e-06 0.0019888798218592719 -0.0024942039541033531 -4.5716851159227722e-05 0.0016244077028961326 -0.0015644534909638871
leaf_weight=148 129 11639 132 294 399 1283 249
leaf_count=148 129 11639 132 294 399 1283 249
internal_value=3.86084e-05 1.45967e-05 -0.00108259 -0.00186485 6.03132e-05 0.000110138 -0.000916922
internal_weight=14273 14125 555 426 13570 12922 648
internal_count=14273 14125 555 426 13570 12922 648
is_linear=0
shrinkage=0.025


Tree=299
num_leaves=13
num_cat=0
split_feature=9 43 39 41 3 11 39 40 19 9 13 32
split_gain=0.847889 1.2727 2.30704 3.32083 0.999564 2.41373 1.9008 1.61292 2.38988 1.44798 0.339419 0.257618
threshold=0.017470034770667556 0.034852929413318641 0.85537850856781017 0.62572327256202709 0.12033486366271974 0.012149503920227291 0.65739315748214733 0.8691898286342622 0.34686839580535894 0.031910076737403877 -0.19238048046827314 0.88250252604484569
decision_type=2 2 2 2 2 2 2 2 2 2 2 2
left_child=1 2 3 -1 5 -2 -7 9 -9 -6 -4 -3
right_child=4 11 10 -5 7 6 -8 8 -10 -11 -12 -13
leaf_value=0.00010319520839077172 -0.0026556288614505924 0.0016344466266820401 0.0061401365157927037 -0.0029972236653163509 0.0018695111384835806 -0.001128632949663984 6.8041292896480611e-06 6.4100063971687119e-05 -0.0020706313585475366 -0.00022636112908300113 0.00068051808351914155 0.003543802544073243
leaf_weight=470 170 134 226 123 1441 672 6045 3884 212 458 121 297
leaf_count=470 170 134 226 123 1441 672 6045 3884 212 458 121 297
internal_value=6.14568e-05 0.000651345 0.000125661 -0.000813127 -1.06687e-06 -0.000206943 -0.000130355 0.000234375 -4.35868e-05 0.000835741 0.00173651 0.00176892
internal_weight=14253 1371 940 593 12882 6887 6717 5995 4096 1899 347 431
internal_count=14253 1371 940 593 12882 6887 6717 5995 4096 1899 347 431
is_linear=0
shrinkage=0.025


Tree=300
num_leaves=15
num_cat=0
split_feature=37 37 36 38 30 33 47 4 3 38 39 8 24 42
split_gain=1.16998 1.2983 1.96157 1.69106 1.29757 1.32787 1.2134 1.96226 1.18386 0.93421 0.538834 0.28809 0.247521 0.264257
threshold=0.023582911118865017 0.0094606340862810629 -0.01124499551951885 -0.13701449334621427 -0.31629692018032068 0.0065364760812371978 0.22909024357795718 0.089275509119033827 -0.0097420746460556967 -0.30866937339305872 0.79781314730644237 0.03759786672890187 20.996598243713382 0.0134937702678144
decision_type=2 2 2 2 2 2 2 2 2 2 2 2 2 2
left_child=1 2 10 -4 12 8 7 -3 -6 -8 -1 -7 -2 -14
right_child=4 6 3 -5 5 11 9 -9 -10 -11 -12 -13 13 -15
leaf_value=0.0011731124259785298 0.0050680195379635322 -0.00035206017254050983 -0.0024269315759743028 0.00015822243293151444 -0.0017671532733757396 0.0036627421927798182 0.0016818297272078169 0.0014417835251305479 0.0001263528819448309 -0.00021149329239614223 0.0053675796652303863 0.0007451903389453212 0.0042034550251598907 0.0012725824669988812
leaf_weight=207 162 1063 127 2086 251 217 251 1176 402 7127 447 172 366 177
leaf_count=207 162 1063 127 2086 251 217 251 1176 402 7127 447 172 366 177
internal_value=5.76883e-05 -2.67234e-05 0.000439154 7.94636e-05 0.000662814 9.43172e-05 -0.000166415 0.000341466 -0.000587006 -0.000321516 0.00163695 0.00124683 0.00148768 0.00118841
internal_weight=14231 12484 2867 2213 1747 1042 9617 2239 653 7378 654 389 705 543
internal_count=14231 12484 2867 2213 1747 1042 9617 2239 653 7378 654 389 705 543
is_linear=0
shrinkage=0.025


Tree=301
num_leaves=15
num_cat=0
split_feature=36 35 34 5 38 35 47 37 37 36 32 31 5 15
split_gain=1.12304 2.78817 3.13548 2.51041 2.09589 2.11042 2.10343 1.95656 1.8274 1.62446 1.52733 1.4902 0.702614 0.572378
threshold=0.21998091787099841 0.10954382270574571 0.10005006194114686 0.00706778233870864 -0.11917687579989432 0.014880453236401083 0.50531914830207836 0.016557741910219196 0.020762239582836631 0.1721996292471886 0.65337783098220836 0.93758124113082897 1.1599593162536623 0.21551724523305896
decision_type=2 2 2 2 2 2 2 2 2 2 2 2 2 2
left_child=1 7 3 -3 12 6 -6 10 -9 -4 -1 -7 13 -2
right_child=4 2 9 -5 5 11 -8 8 -10 -11 -12 -13 -14 -15
leaf_value=-0.00032800026559316205 0.00028521785780960985 -0.00011950048306672997 0.0019531187708435483 -0.0018547534390336113 7.0623539617557267e-05 0.00083765832088622647 -0.0024281279060144809 -0.0011869196511254526 0.00044122952776340835 -0.0016863202525250693 0.0008019766448313844 -8.4012469499294214e-05 -0.00042445510392333496 0.0035405122193588471
leaf_weight=618 124 421 506 862 226 2298 223 846 754 138 3376 3104 120 683
leaf_count=618 124 421 506 862 226 2298 223 846 754 138 3376 3104 120 683
internal_value=4.48302e-05 -0.000164928 -0.000984084 -0.0016974 0.000278454 0.000101819 -0.00153359 0.000116762 -0.000619159 0.000429507 0.000413541 0.000240198 0.0013801 0.00164563
internal_weight=14299 7521 1927 1283 6778 5851 449 5594 1600 644 3994 5402 927 807
internal_count=14299 7521 1927 1283 6778 5851 449 5594 1600 644 3994 5402 927 807
is_linear=0
shrinkage=0.025


Tree=302
num_leaves=8
num_cat=0
split_feature=41 39 40 36 43 20 46
split_gain=1.05306 1.03465 2.87697 1.33227 0.656532 1.17027 0.505348
threshold=0.059105746448040015 0.46072573959827429 0.46519245207309728 -0.17408153414726255 0.034852929413318641 0.070618115365505232 0.79128858447074901
decision_type=2 2 2 2 2 2 2
left_child=-1 4 -3 -4 5 -2 -6
right_child=1 2 3 -5 6 -7 -8
leaf_value=-0.00053509627102681708 0.0027658277000519645 -0.0024942709892829644 -0.00065092900355470098 0.000106353458615537 0.0030384889810131876 -0.0022483709899444085 0.00053385693631116443
leaf_weight=147 133 188 873 12303 249 137 253
leaf_count=147 133 188 873 12303 249 137 253
internal_value=8.58239e-05 0.000108461 5.63805e-05 0.000101187 0.000995817 0 0.00152613
internal_weight=14283 14136 13364 13176 772 270 502
internal_count=14283 14136 13364 13176 772 270 502
is_linear=0
shrinkage=0.025


Tree=303
num_leaves=11
num_cat=0
split_feature=35 48 43 42 48 40 44 35 30 24
split_gain=0.979923 2.61597 1.39908 1.25671 1.17724 1.68125 1.19762 0.664136 0.548352 0.531996
threshold=0.41866117715835577 0.26724137365818029 -0.049605907872319215 -0.11553654447197913 0.27622890472412115 0.93274977803230297 0.010496585164219143 0.17463068664073947 -0.71642702817916859 20.601840972900394
decision_type=2 2 2 2 2 2 2 2 2 2
left_child=3 -2 -3 7 5 -5 -6 8 -1 -9
right_child=1 2 -4 4 6 -7 -8 9 -10 -11
leaf_value=0.0029854301960581418 0.0040787824639459428 -0.00090513074321498053 -0.0033530257216790879 -4.6443511286738386e-05 0.0049633192050627384 -0.0017307407726106123 7.5319678216310398e-05 9.2381318295930949e-05 2.2206111947913278e-05 0.0027067443089591452
leaf_weight=131 122 157 171 2983 203 705 8683 144 657 364
leaf_count=131 122 157 171 2983 203 705 8683 144 657 364
internal_value=5.54102e-05 -0.00108516 -0.0022485 9.32433e-05 1.61977e-05 -0.000358448 0.000172506 0.000833013 0.000364124 0.00153752
internal_weight=14320 450 328 13870 12574 3688 8886 1296 788 508
internal_count=14320 450 328 13870 12574 3688 8886 1296 788 508
is_linear=0
shrinkage=0.025


Tree=304
num_leaves=10
num_cat=0
split_feature=35 39 34 36 34 17 26 41 35
split_gain=0.85926 1.65837 1.52039 2.16823 1.77702 1.42313 1.39024 1.16766 0.888943
threshold=0.41247424483299261 0.86684846878051769 0.13507592678070071 0.52496865391731273 0.12923452258110049 0.77690300345420849 0.017548041418194774 0.65955099463462841 0.1500036492943764
decision_type=2 2 2 2 2 2 2 2 2
left_child=2 -2 3 4 -1 -5 -4 -3 -8
right_child=1 7 6 5 -6 -7 8 -9 -10
leaf_value=6.2547106008703832e-05 0.0012715676163199817 -0.0037611440152165543 -0.0013120122026880935 -0.0028022692174647264 -0.0016375634010961375 -0.00058599148170214465 4.7384679989527833e-05 -0.00049902005468007403 0.0030047078868703403
leaf_weight=11343 158 172 167 203 162 309 379 185 1158
leaf_count=11343 158 172 167 203 162 309 379 185 1158
internal_value=7.08343e-05 -0.000925481 0.000109009 9.25396e-06 8.0908e-05 -0.00157398 0.000806758 -0.00186809 0.00104491
internal_weight=14236 515 13721 12017 11505 512 1704 357 1537
internal_count=14236 515 13721 12017 11505 512 1704 357 1537
is_linear=0
shrinkage=0.025


Tree=305
num_leaves=14
num_cat=0
split_feature=34 38 33 29 9 15 36 35 31 34 35 9 35
split_gain=0.870623 1.67664 1.71312 1.93963 1.47322 1.1406 0.892306 1.86566 1.8069 0.683275 0.320036 0.188593 0.151954
threshold=0.17045219987630847 -0.0019349282956682143 0.0051436624489724645 0.073515191674232497 0.028181409463286403 0.54310345649719249 0.20831683278083804 0.10954382270574571 0.83763545751571666 0.19076158851385119 0.35007102787494665 0.032935671508312232 0.26530496776103979
decision_type=2 2 2 2 2 2 2 2 2 2 2 2 2
left_child=1 6 3 -3 12 -4 7 -1 -8 10 -6 -11 -2
right_child=4 2 5 -5 9 -7 8 -9 -10 11 -12 -13 -14
leaf_value=8.8699256000395415e-05 0.002318202467001527 -0.00055568754586305736 0.0019836442515689797 -0.0025652814825196705 0.0027747634328471964 -0.00035795033411722195 0.0014111973503234368 -0.00073251035474189343 -6.1188784268550902e-06 -0.00071836801930589178 -0.0009586989876215218 -0.00094239240079179636 0.0042909811882010851
leaf_weight=5327 182 463 283 129 224 1176 1900 1216 2736 123 121 120 243
leaf_count=5327 182 463 283 129 224 1176 1900 1216 2736 123 121 120 243
internal_value=5.79907e-05 3.30572e-06 -0.000652359 -0.00178183 0.000762525 -0.00018528 0.000124397 -6.28053e-05 0.000389733 -4.00505e-05 0.000660714 -0.00105343 0.001875
internal_weight=14243 13230 2051 592 1013 1459 11179 6543 4636 588 345 243 425
internal_count=14243 13230 2051 592 1013 1459 11179 6543 4636 588 345 243 425
is_linear=0
shrinkage=0.025


Tree=306
num_leaves=11
num_cat=0
split_feature=5 43 39 40 29 46 31 43 31 32
split_gain=1.04027 1.052 2.8596 2.57946 2.52666 1.10658 2.59841 1.36691 0.433573 0.284236
threshold=-0.51470413804054249 -0.16556887328624723 0.90176171064376842 1.229916036128998 0.064432892948389067 0.62613427639007579 0.59980207681655895 0.017114367336034778 0.084247868508100524 0.97999522089958202
decision_type=2 2 2 2 2 2 2 2 2 2
left_child=8 2 4 -4 -2 7 -7 -3 9 -1
right_child=1 5 3 -5 -6 6 -8 -9 -10 -11
leaf_value=0.002252671039530699 -0.00049803585964481873 2.3778534669906051e-06 0.00067957806619927882 -0.0010614991504782516 -0.0033073048145203614 -0.0010911044422358129 6.7768641071189452e-05 0.0010159382543201865 0.0027598639263007505 -0.00022488530371947502
leaf_weight=148 838 2995 1676 543 221 924 4328 2304 182 120
leaf_count=148 838 2995 1676 543 221 924 4328 2304 182 120
internal_value=1.86398e-05 -1.96074e-05 -0.000410828 9.72348e-05 -0.00147674 0.000101483 -0.000154794 0.000356571 0.00119506 0.000508242
internal_weight=14279 13829 3278 2219 1059 10551 5252 5299 450 268
internal_count=14279 13829 3278 2219 1059 10551 5252 5299 450 268
is_linear=0
shrinkage=0.025


Tree=307
num_leaves=8
num_cat=0
split_feature=11 35 41 45 41 36 43
split_gain=0.925267 2.11368 2.00463 1.39503 2.22763 0.97601 0.354666
threshold=0.030146511271595958 -0.19672566652297971 0.4072625488042832 0.057776963338255889 0.74626317620277416 0.21998091787099841 0.17447976022958758
decision_type=2 2 2 2 2 2 2
left_child=1 -1 -2 4 -3 -5 -4
right_child=2 3 6 5 -6 -7 -8
leaf_value=-0.0021731400379074533 -0.0004335936986468078 -0.00095651484999181738 0.0037226390188265374 -0.00010035545521652382 0.0021085215420671099 0.00020945370838437415 0.0010440309898017274
leaf_weight=238 202 500 336 6599 134 6182 138
leaf_count=238 202 500 336 6599 134 6182 138
internal_value=-4.97061e-06 -5.02452e-05 0.000893906 -7.91719e-06 -0.00114828 4.85884e-05 0.00178236
internal_weight=14329 13653 676 13415 634 12781 474
internal_count=14329 13653 676 13415 634 12781 474
is_linear=0
shrinkage=0.025


Tree=308
num_leaves=15
num_cat=0
split_feature=37 37 3 41 48 35 16 36 34 38 47 24 8 21
split_gain=1.29162 1.09683 2.26323 2.30914 1.59141 1.56786 2.79233 1.63432 1.01521 1.67337 1.34698 0.808826 0.775427 0.657395
threshold=0.023582911118865017 0.016926769167184833 0.072186280041933074 0.68553307652473461 0.82868674397468578 0.13010810315608981 0.024106965400278572 0.35875788331031805 -0.041450416669249528 -0.11323275044560431 0.59097579121589672 33.635219573974616 0.04040601663291455 56.447937011718757
decision_type=2 2 2 2 2 2 2 2 2 2 2 2 2 2
left_child=1 5 3 -3 -4 7 -7 -1 9 11 -11 -2 -10 -14
right_child=8 2 4 -5 -6 6 -8 -9 12 10 -12 -13 13 -15
leaf_value=0.00056373011277687727 0.0030676993754014965 -0.0017840710033050517 0.00067966407353667411 -8.1431884637562775e-05 -0.0020191796393494756 -0.00060881102677568216 0.00099999729542880542 -0.0004022184704065345 0.0041547178275125173 6.1771873174223683e-05 -0.0024911703444575536 -0.00015197557408852771 0.0029227715922134239 -0.00099098450499010473
leaf_weight=4951 441 597 1331 560 254 2842 1400 568 537 183 131 202 126 121
leaf_count=4951 441 597 1331 560 254 2842 1400 568 537 183 131 202 126 121
internal_value=3.35989e-05 -5.48648e-05 -0.000496451 -0.00133498 0.000113994 6.87335e-05 -0.000291676 0.000346895 0.000670819 0.000115645 -0.00135972 0.000850695 0.00133555 0.000143849
internal_weight=14244 12503 2742 1157 1585 9761 4242 5519 1741 957 314 643 784 247
internal_count=14244 12503 2742 1157 1585 9761 4242 5519 1741 957 314 643 784 247
is_linear=0
shrinkage=0.025


Tree=309
num_leaves=11
num_cat=0
split_feature=3 43 11 37 40 36 46 40 26 27
split_gain=0.941498 1.49478 2.19942 1.82387 1.24599 1.9666 1.12545 1.09867 1.01197 0.209258
threshold=0.025343060493469242 0.33815847337245947 0.030146511271595958 0.016518998891115192 1.36194384098053 0.30167111754417425 0.038517974317073829 1.1370488405227663 0.021624378859996799 0.00050089845899492513
decision_type=2 2 2 2 2 2 2 2 2 2
left_child=1 2 3 -1 6 8 -2 -8 -6 -4
right_child=4 -3 9 -5 5 -7 7 -9 -10 -11
leaf_value=1.3096790066023005e-05 -0.00091053308257091369 -0.00053965247509467633 0.00068910745989370385 -0.00082556859794555683 -0.00055898043600415904 -0.0019775656083176156 0.00010958300751950537 0.00097977894680724865 0.00065454425739865064 0.0037046213872030118
leaf_weight=3330 167 184 141 1650 120 125 6586 1555 178 222
leaf_count=3330 167 184 141 1650 120 125 6586 1555 178 222
internal_value=1.49864e-05 -0.000239741 -0.000161041 -0.000299649 0.000176998 -0.0011361 0.000245248 0.000288025 0 0.00170177
internal_weight=14258 5527 5343 4980 8731 423 8308 8141 298 363
internal_count=14258 5527 5343 4980 8731 423 8308 8141 298 363
is_linear=0
shrinkage=0.025


Tree=310
num_leaves=12
num_cat=0
split_feature=43 11 31 12 9 29 18 9 44 30 44
split_gain=0.960943 1.99585 2.59734 2.221 1.61677 2.21421 2.33429 2.05014 0.489201 0.212782 0.0179345
threshold=0.066761393100023284 0.030146511271595958 2.164859533309937 -0.28772169351577753 0.018639316782355312 0.041915776208043105 0.0089328764006495493 0.034505091607570655 0.013367054983973505 -0.17088729143142697 0.015461133792996408
decision_type=2 2 2 2 2 2 2 2 2 2 2
left_child=1 2 3 -1 8 6 -6 -7 -2 -3 -10
right_child=4 9 -4 -5 5 7 -8 -9 10 -11 -12
leaf_value=-0.0016707480931306311 0.00028213831962067696 0.0018779328155775141 -0.0014328980314014287 -9.0711359937664325e-06 0.00015626874762749617 0.00093498485367970877 -0.0017580002283766162 -0.00022855695198838668 0.0036241490702044361 0.0029526916740950722 0.0020367669641591347
leaf_weight=410 190 222 239 7693 560 2733 381 1375 206 120 156
leaf_count=410 190 222 239 7693 560 2733 381 1375 206 120 156
internal_value=3.36775e-05 -0.000130481 -0.000208308 -0.000130889 0.000289199 0.000146666 -0.000942125 0.000398432 0.00156867 0.0017255 0.00210831
internal_weight=14285 8684 8342 8103 5601 5049 941 4108 552 342 362
internal_count=14285 8684 8342 8103 5601 5049 941 4108 552 342 362
is_linear=0
shrinkage=0.025


Tree=311
num_leaves=8
num_cat=0
split_feature=41 17 36 9 30 9 8
split_gain=1.08558 0.926719 1.01156 2.12892 1.50843 0.482409 0.0486093
threshold=0.059105746448040015 -0.5274316370487212 0.20831683278083804 0.018745083361864093 0.017851303331553939 0.028094526380300525 0.020434275269508365
decision_type=2 2 2 2 2 2 2
left_child=-1 5 3 -3 -4 6 -2
right_child=1 2 4 -5 -6 -7 -8
leaf_value=-0.00057131085209796554 0.0012458555353945561 0.0016173547366004869 0.00059704662186570211 -0.00024330752342130227 -4.7503867024866706e-05 2.1432802965127163e-05 0.0029212239681351108
leaf_weight=137 140 1336 3218 5471 3683 131 123
leaf_count=137 140 1336 3218 5471 3683 131 123
internal_value=5.20395e-05 7.43426e-05 3.92876e-05 -0.000176343 0.00025286 0.00126253 0.00187034
internal_weight=14239 14102 13708 6807 6901 394 263
internal_count=14239 14102 13708 6807 6901 394 263
is_linear=0
shrinkage=0.025


Tree=312
num_leaves=13
num_cat=0
split_feature=40 5 36 41 20 20 9 40 30 30 37 40
split_gain=0.930971 1.85384 3.21424 4.14755 1.6086 1.31587 1.3022 2.42502 1.8122 1.17616 1.59447 0.896218
threshold=0.71125364303588878 0.060544094070792205 0.096182402223348631 0.3200604915618897 0.21684670448303225 -0.15941509604454038 0.026450277306139473 1.4629510045051577 0.79857864975929271 1.4872074723243716 0.013613819144666197 0.64611038565635692
decision_type=2 2 2 2 2 2 2 2 2 2 2 2
left_child=1 5 3 -3 -4 -1 7 8 -2 10 -8 -7
right_child=6 2 4 -5 -6 11 9 -9 -10 -11 -12 -13
leaf_value=-0.00073683236499294904 0.0007713689415130055 9.8647820110843323e-05 -0.00054578715108368218 -0.0038933105831734181 0.0006590165558232686 0.0025284166766408149 -0.00064236136451414981 -0.00091445475138976116 -0.00097160641460470253 0.0035850626714350603 8.7145412588502188e-05 0.00013411990571639984
leaf_weight=137 5354 214 443 293 369 251 1955 138 567 134 4335 135
leaf_count=137 5354 214 443 293 369 251 1955 138 567 134 4335 135
internal_value=8.24321e-05 -0.000440579 -0.000941276 -0.00249268 2.90699e-05 0.000807292 0.000160254 0.000423194 0.000501392 -8.69108e-05 -0.000138006 0.00155691
internal_weight=14325 1842 1319 507 812 523 12483 6059 5921 6424 6290 386
internal_count=14325 1842 1319 507 812 523 12483 6059 5921 6424 6290 386
is_linear=0
shrinkage=0.025


Tree=313
num_leaves=9
num_cat=0
split_feature=41 4 41 48 31 3 32 31
split_gain=1.14912 1.30187 1.39438 2.57912 1.30655 1.09505 0.939263 0.809966
threshold=0.059105746448040015 0.20943221449851993 0.30682003498077398 0.27622890472412115 0.91667494177818309 0.10302451997995378 0.65865191817283641 0.4106262475252152
decision_type=2 2 2 2 2 2 2 2
left_child=-1 2 7 -4 6 -6 -3 -2
right_child=1 4 3 -5 5 -7 -8 -9
leaf_value=-0.00064265901415036986 0.0032983303940554484 -0.00028076627638769051 -0.0015709655392117238 -2.043873513732849e-05 -0.00043517076368874795 0.00018968718569110921 0.0016005467277010015 0.00017550197402588477
leaf_weight=139 220 165 1481 5644 1078 3588 1663 240
leaf_count=139 220 165 1481 5644 1078 3588 1663 240
internal_value=-8.7006e-06 1.35793e-05 -0.000208333 -0.000295407 0.000273696 5.00429e-05 0.000839471 0.00111559
internal_weight=14218 14079 7585 7125 6494 4666 1828 460
internal_count=14218 14079 7585 7125 6494 4666 1828 460
is_linear=0
shrinkage=0.025


Tree=314
num_leaves=8
num_cat=0
split_feature=39 11 40 45 12 40 13
split_gain=1.27779 0.918203 1.53488 1.75569 1.27777 2.42675 1.53738
threshold=0.10080933943390848 0.030146511271595958 1.0977527499198916 0.59097579121589672 -0.29302370548248285 1.021700441837311 -0.46369700133800501
decision_type=2 2 2 2 2 2 2
left_child=-1 4 3 -3 5 -2 -6
right_child=1 2 -4 -5 6 -7 -8
leaf_value=-0.0005484552554533438 0.00031655827660395121 0.0016840272614288426 0.0031964946805665578 -0.00070110807565017296 0.0012347106978715398 -0.002441448906041891 5.4055584407952076e-06
leaf_weight=143 198 151 317 180 441 231 12638
leaf_count=143 198 151 317 180 441 231 12638
internal_value=3.78392e-05 6.24074e-05 0.000978178 -0.000197173 1.76683e-05 -0.00131624 6.23854e-05
internal_weight=14299 14156 648 331 13508 429 13079
internal_count=14299 14156 648 331 13508 429 13079
is_linear=0
shrinkage=0.025


Tree=315
num_leaves=7
num_cat=0
split_feature=41 39 40 36 27 7
split_gain=0.761558 1.04169 3.2463 1.00786 0.854193 0.481794
threshold=0.059105746448040015 0.48445479571819311 0.46519245207309728 -0.19043911248445508 -0.0018384450813755391 0.016556172631680969
decision_type=2 2 2 2 2 2
left_child=-1 4 -3 -4 -2 -6
right_child=1 2 3 -5 5 -7
leaf_value=-0.00040238618830227646 -0.00040963172930196385 -0.0034044756122542635 -0.0005864558238864075 6.3805077964179495e-05 0.0014410608797057827 8.9296540614810846e-05
leaf_weight=145 138 196 708 12367 613 160
leaf_count=145 138 196 708 12367 613 160
internal_value=6.18372e-05 8.09721e-05 2.41979e-05 7.31079e-05 0.000896561 0.00122269
internal_weight=14327 14182 13271 13075 911 773
internal_count=14327 14182 13271 13075 911 773
is_linear=0
shrinkage=0.025


Tree=316
num_leaves=13
num_cat=0
split_feature=21 26 37 38 35 37 15 31 36 36 23 10
split_gain=0.988742 1.04474 1.34105 1.01267 1.85167 1.68992 1.30648 1.74942 0.844617 0.774384 0.57239 0.306369
threshold=76.123535156250014 0.019162789918482307 0.0095269763842225092 -0.066790603101253496 0.15689333528280261 0.016926769167184833 0.38793103396892553 0.92696112394332897 0.28765527904033666 0.51863935589790355 0.48648776113986975 0.0084070651791989821
decision_type=2 2 2 2 2 2 2 2 2 2 2 2
left_child=3 2 -2 4 5 -1 7 -5 -8 -6 11 -3
right_child=1 10 -4 6 9 -7 8 -9 -10 -11 -12 -13
leaf_value=0.00034413788796782704 0.00073451291371425583 0.0033994956937488637 -0.0018635934498212195 -5.9567657819202668e-05 0.00612047929959095 -0.00031695288525771664 -0.00028969847106251274 -0.0012969736564350787 0.00019838679738740781 1.0380763701207679e-06 -5.3217176609442337e-05 0.00078159945234915077
leaf_weight=3804 229 290 154 938 418 2409 1712 760 2540 122 165 770
leaf_count=3804 229 290 154 938 418 2409 1712 760 2540 122 165 770
internal_value=6.08586e-05 0.000643986 -0.000480026 -1.26888e-05 0.000196249 7.25717e-05 -0.00025084 -0.000836025 -1.49752e-05 0.00159404 0.00100102 0.00121479
internal_weight=14311 1608 383 12703 6753 6213 5950 1698 4252 540 1225 1060
internal_count=14311 1608 383 12703 6753 6213 5950 1698 4252 540 1225 1060
is_linear=0
shrinkage=0.025


Tree=317
num_leaves=12
num_cat=0
split_feature=13 40 36 34 36 35 40 37 11 9 40
split_gain=0.950098 1.03815 1.41655 1.32799 1.05186 1.05126 2.65466 1.38406 0.757527 0.668792 0.0428598
threshold=-0.45675580203533167 1.3124855756759646 0.15769447386264804 0.061445375904440887 -0.049770474433898919 -0.12755776196718213 0.97405219078063976 0.019648350775241855 0.019470275379717353 0.031084068119525913 1.050509035587311
decision_type=2 2 2 2 2 2 2 2 2 2 2
left_child=8 5 4 -4 -3 6 -2 -7 10 -10 -1
right_child=1 2 3 -5 -6 7 -8 -9 9 -11 -12
leaf_value=0.0015897164145195217 0.00012994178263629684 -0.00070709342444898909 -0.0021708861950131999 -0.0003618645186631575 0.00035779397413626614 -1.4690463327405988e-05 -0.0016372408306031738 0.0011506961046100206 -0.00019370399760652426 0.00064876708866373311 0.0042461533768717264
leaf_weight=121 561 197 139 185 431 9484 340 2317 193 231 142
leaf_count=121 561 197 139 185 431 9484 340 2317 193 231 142
internal_value=1.54225e-05 -2.99252e-05 -0.00082419 -0.00215426 -0.000116509 2.9413e-05 -0.000790563 9.28554e-05 0.000919436 0.000241842 0.00196362
internal_weight=14341 13654 952 324 628 12702 901 11801 687 424 263
internal_count=14341 13654 952 324 628 12702 901 11801 687 424 263
is_linear=0
shrinkage=0.025


Tree=318
num_leaves=8
num_cat=0
split_feature=12 12 21 13 46 20 39
split_gain=0.866153 1.06348 1.75345 0.974401 1.46828 0.78293 0.767843
threshold=-0.39291308820247645 -0.29302370548248285 42.745529174804695 -0.46369700133800501 0.019258987158536914 -0.089906200766563402 1.3212200999259951
decision_type=2 2 2 2 2 2 2
left_child=-1 2 5 6 -5 -2 -3
right_child=1 3 -4 4 -6 -7 -8
leaf_value=0.0038500784739497946 -0.001021684440148827 0.002593746569947139 -0.0023703534433232791 -0.00072831468508686222 1.7716482711714019e-05 0.0017581046955998895 -5.9960586512612073e-05
leaf_weight=149 192 308 206 142 13000 136 140
leaf_count=149 192 308 206 142 13000 136 140
internal_value=2.63518e-05 5.57374e-06 -0.00108302 4.9191e-05 9.41289e-06 4.12914e-05 0.00118929
internal_weight=14273 14124 534 13590 13142 328 448
internal_count=14273 14124 534 13590 13142 328 448
is_linear=0
shrinkage=0.025


Tree=319
num_leaves=10
num_cat=0
split_feature=17 23 23 39 47 5 30 11 34
split_gain=1.02022 0.852604 1.0719 2.00647 1.06803 1.50524 1.18027 0.983379 0.0909279
threshold=-0.5499587059020995 0.12704696506261828 0.098910838365554823 0.78605416417121898 0.50531914830207836 1.4966652989387514 0.74744597077369701 0.016452873125672344 1.0000000180025095e-35
decision_type=2 2 2 2 2 2 2 2 2
left_child=8 2 7 -4 6 -6 -3 -2 -1
right_child=1 4 3 -5 5 -7 -8 -9 -10
leaf_value=0.00083853682259774683 0.00027268024325869734 0.00059855808113228851 -0.001548857520269759 -0.00014559126348532526 -1.257514222852466e-05 -0.0021092167160211492 -0.001231927365265408 -0.00026235704513061009 0.0024007694206185522
leaf_weight=132 1690 3752 645 1479 5055 184 308 807 210
leaf_count=132 1690 3752 645 1479 5055 184 308 807 210
internal_value=2.61969e-05 -6.7324e-06 -0.000284533 -0.000696923 0.000130723 -0.000104167 0.000435117 6.44485e-05 0.00136527
internal_weight=14262 13920 4621 2124 9299 5239 4060 2497 342
internal_count=14262 13920 4621 2124 9299 5239 4060 2497 342
is_linear=0
shrinkage=0.025


Tree=320
num_leaves=7
num_cat=0
split_feature=41 38 36 41 5 24
split_gain=1.05829 1.06029 1.10509 1.76196 1.03026 0.267677
threshold=0.059105746448040015 -0.30866937339305872 -0.15085972100496289 0.35837602615356451 -0.47559754550456995 25.957098007202152
decision_type=2 2 2 2 2 2
left_child=-1 5 3 -3 -4 -2
right_child=1 2 4 -5 -6 -7
leaf_value=-0.00045976520692310045 0.002503834285458242 0.0011997933520027215 0.0021042754894249741 -0.00095089281973046325 5.0880985346729917e-05 0.00081324997512701456
leaf_weight=139 239 169 304 814 12525 122
leaf_count=139 239 169 304 814 12525 122
internal_value=7.32522e-05 9.53062e-05 5.96187e-05 -0.000745192 0.000122039 0.00142418
internal_weight=14312 14173 13812 983 12829 361
internal_count=14312 14173 13812 983 12829 361
is_linear=0
shrinkage=0.025


Tree=321
num_leaves=8
num_cat=0
split_feature=41 41 40 5 43 31 33
split_gain=1.41161 0.824355 3.00384 1.35836 1.29775 1.07465 0.107989
threshold=0.059105746448040015 0.31398834288120275 0.46519245207309728 0.24708422273397448 0.034852929413318641 0.38889752328395849 -0.0017390255234204231
decision_type=2 2 2 2 2 2 2
left_child=-1 3 -3 6 -5 -4 -2
right_child=1 2 5 4 -6 -7 -8
leaf_value=-0.00050021045590893513 0.0027984679307365219 -0.0038389846217188775 -0.00016066128947032926 -0.0012514847565018984 0.00041350971461401017 0.00016267443820638735 0.0030042101942699723
leaf_weight=138 121 182 4270 205 710 8463 235
leaf_count=138 121 182 4270 205 710 8463 235
internal_value=3.16666e-05 5.69904e-05 -2.41864e-06 0.000663205 0.000142663 4.32761e-05 0.0019633
internal_weight=14324 14186 12915 1271 915 12733 356
internal_count=14324 14186 12915 1271 915 12733 356
is_linear=0
shrinkage=0.025


Tree=322
num_leaves=9
num_cat=0
split_feature=37 16 9 16 34 34 1 39
split_gain=1.10468 0.929822 1.64396 1.39045 2.89943 1.24064 1.07906 1.07327
threshold=0.0070376950316131124 0.024106965400278572 0.025999399833381179 0.022642872296273712 0.1198314279317856 0.14428272098302844 -0.057367147877812379 1.402511775493622
decision_type=2 2 2 2 2 2 2 2
left_child=-1 3 6 5 -5 -2 -3 -4
right_child=1 2 7 4 -6 -7 -8 -9
leaf_value=0.010787585431462757 -3.5175267536750709e-05 -0.00022894883683183235 -0.00024420270002720694 -0.00013575260454021116 -0.0018832479143113387 0.0031798381313416866 0.0019158503133917878 0.0018669410043656417
leaf_weight=120 8308 199 2178 1207 400 492 1060 295
leaf_count=120 8308 199 2178 1207 400 492 1060 295
internal_value=9.90264e-06 -1.034e-05 0.000327469 -0.000132179 -0.000807227 -7.80797e-06 0.00106112 -4.4895e-05
internal_weight=14259 14139 3732 10407 1607 8800 1259 2473
internal_count=14259 14139 3732 10407 1607 8800 1259 2473
is_linear=0
shrinkage=0.025


Tree=323
num_leaves=12
num_cat=0
split_feature=47 44 40 45 40 45 4 24 44 13 30
split_gain=0.96638 1.7915 1.40852 1.2449 1.14479 1.13134 1.6672 1.06906 0.795179 0.265237 0.091256
threshold=0.86720469594001781 0.028302753344178203 1.4397432804107668 0.99137932062149059 1.094751298427582 0.057776963338255889 -0.12773676961660382 10.345211982727053 0.01722749695181847 -0.3873299360275268 -0.12196796759963034
decision_type=2 2 2 2 2 2 2 2 2 2 2
left_child=2 9 5 4 -3 6 -1 -7 -4 -2 -11
right_child=1 3 8 -5 -6 7 -8 -9 -10 10 -12
leaf_value=-1.3672235788746992e-05 0.00010051964397027175 -5.9189923173007689e-05 -0.00082060455086758902 -0.0015551486946731878 0.0018760641607003027 -0.00042745081807819981 -0.0013436690344235142 8.6369153345444144e-05 -0.00017071401687420554 0.0016340734268409209 0.0036142468087964185
leaf_weight=378 120 654 160 144 481 140 184 11459 158 153 347
leaf_count=378 120 654 160 144 481 140 184 11459 158 153 347
internal_value=8.78642e-05 0.000612526 7.30945e-06 7.10671e-05 0.00035636 5.10645e-05 -0.00103836 0.000104813 -0.00162152 0.00171 0.00196782
internal_weight=14378 1899 12479 1279 1135 12161 562 11599 318 620 500
internal_count=14378 1899 12479 1279 1135 12161 562 11599 318 620 500
is_linear=0
shrinkage=0.025


Tree=324
num_leaves=9
num_cat=0
split_feature=38 31 48 39 40 11 39 20
split_gain=0.987452 1.10413 2.35013 2.95667 1.83166 4.53517 2.05958 0.452288
threshold=-0.30866937339305872 0.47636410593986517 0.057776963338255889 0.66753670573234569 0.46519245207309728 0.017160355113446716 0.24478551000356677 -0.093210112303495393
decision_type=2 2 2 2 2 2 2 2
left_child=7 2 -2 -4 5 -3 -6 -1
right_child=1 4 3 -5 6 -7 -8 -9
leaf_value=0.003987272663043947 0.0039202884882173607 -0.005262322418998479 -0.0022059064713619088 -6.1357202225230853e-05 -0.00099149065050406081 0.00084436619518370474 0.00024327543264923186 0.0001729737617673397
leaf_weight=207 204 125 601 4235 133 141 8438 172
leaf_count=207 204 125 601 4235 133 141 8438 172
internal_value=2.86622e-05 -5.49263e-06 -0.000301041 -0.000413912 0.000162435 -0.00185886 0.000226942 0.0012793
internal_weight=14256 13877 5040 4836 8837 266 8571 379
internal_count=14256 13877 5040 4836 8837 266 8571 379
is_linear=0
shrinkage=0.025


Tree=325
num_leaves=15
num_cat=0
split_feature=40 21 17 46 13 8 5 46 40 42 29 30 31 44
split_gain=0.990755 1.27028 1.3609 1.42948 1.18414 0.878268 1.4878 3.04479 1.42956 1.18671 1.4623 1.41078 0.512329 0.500096
threshold=1.3190979957580569 52.332504272460945 0.13604231923818591 0.75650331377983104 -0.053686380386352532 0.03734297119081021 0.70922085642814647 0.84346643090248119 1.1240597367286684 0.0028940816409885888 0.095178920775651946 -0.31629692018032068 0.36215208470821386 0.019330775365233425
decision_type=2 2 2 2 2 2 2 2 2 2 2 2 2 2
left_child=5 2 13 -4 12 6 7 -1 -8 11 -11 -7 -3 -2
right_child=1 4 3 -5 -6 9 8 -9 -10 10 -12 -13 -14 -15
leaf_value=9.1043567196557234e-05 0.00026104454403656454 -0.00020127177980512799 -0.0021828317131927953 -0.00077561296465327573 -0.001073036284771991 0.002747497518439957 0.00029076763018620231 -0.0019123980277427376 0.0035389277467404064 -0.0014843906806934484 4.4785232554337372e-05 -0.00050082350820290463 0.0012107206754942814 -0.00080078282036084359
leaf_weight=8090 168 143 128 124 137 251 2321 505 688 631 404 383 238 120
leaf_count=8090 168 143 128 124 137 251 2321 505 688 631 404 383 238 120
internal_value=2.93842e-05 -0.000704374 -0.00154817 -0.00287451 0.000169694 8.85865e-05 0.000166143 -7.26651e-07 0.000644078 -0.000445788 -0.000967548 0.000397105 0.000897021 -0.000337031
internal_weight=14331 1058 540 252 518 13273 11604 8595 3009 1669 1035 634 381 288
internal_count=14331 1058 540 252 518 13273 11604 8595 3009 1669 1035 634 381 288
is_linear=0
shrinkage=0.025


Tree=326
num_leaves=11
num_cat=0
split_feature=24 31 11 35 46 24 36 22 9 3
split_gain=0.794224 0.948637 1.43298 1.36487 1.22098 0.803001 0.6974 0.515996 0.506103 0.450959
threshold=52.177762985229499 2.5936177968978886 0.030146511271595958 -0.14671169966459272 0.96521475911140453 39.344392776489265 0.28265497088432318 0.75441765785217296 0.036903280764818198 0.57698610424995433
decision_type=2 2 2 2 2 2 2 2 2 2
left_child=1 2 3 -1 5 -3 -2 -4 -6 -8
right_child=6 4 7 -5 8 -7 9 -9 -10 -11
leaf_value=-0.0013504919932764447 -9.911072638362929e-05 -0.00066076960921818107 0.001836890769887032 4.7376226940850432e-05 0.0016797395474006755 -0.0019445348901504088 0.0044678890562536572 0.00043740876011791005 -0.00046588932079255716 0.0011390731125085775
leaf_weight=560 210 314 417 11741 163 164 242 153 130 163
leaf_count=560 210 314 417 11741 163 164 242 153 130 163
internal_value=6.21407e-05 2.18914e-05 7.34895e-05 1.59476e-05 -0.000826353 -0.00160197 0.0009375 0.00129348 0.000423658 0.00153963
internal_weight=14257 13642 12871 12301 771 478 615 570 293 405
internal_count=14257 13642 12871 12301 771 478 615 570 293 405
is_linear=0
shrinkage=0.025


Tree=327
num_leaves=12
num_cat=0
split_feature=21 25 7 0 37 44 37 27 2 13 20
split_gain=1.01812 1.01408 1.33385 1.1489 1.02619 1.82197 1.28501 0.757131 0.73901 0.307488 0.168827
threshold=27.098170280456547 -9.4089488983154279 -0.0024645570665597911 -0.01245659217238426 0.019648350775241855 0.028113856911659244 0.016778284683823589 -0.009742256719619034 -0.03269872069358825 -0.44337745010852808 -0.093210112303495393
decision_type=2 2 2 2 2 2 2 2 2 2 2
left_child=7 2 3 -2 6 -6 -3 -1 -4 -9 -11
right_child=1 4 8 -5 5 -7 -8 9 -10 10 -12
leaf_value=-0.00061995454738124594 -0.00050249281717018254 3.9564877362088535e-05 0.00028174317451776703 -0.0016859624261613857 0.001911446690998196 -0.00085588658490028048 -0.00057456808513793437 0.0001263129787782346 -0.00069201104651233432 0.002082576222386035 0.0013821151260190025
leaf_weight=121 435 8387 641 303 1533 432 1482 133 132 221 415
leaf_count=121 435 8387 641 303 1533 432 1482 133 132 221 415
internal_value=4.25738e-05 -1.1704e-05 -0.000620877 -0.00137786 6.57785e-05 0.000586929 -3.75987e-05 0.000858939 9.80078e-05 0.00115149 0.00137871
internal_weight=14235 13345 1511 738 11834 1965 9869 890 773 769 636
internal_count=14235 13345 1511 738 11834 1965 9869 890 773 769 636
is_linear=0
shrinkage=0.025


Tree=328
num_leaves=8
num_cat=0
split_feature=17 40 9 37 44 43 9
split_gain=0.761841 0.842863 1.22505 1.23474 0.829158 0.889041 0.273159
threshold=-0.5499587059020995 1.3190979957580569 0.03905069828033448 0.010658981744199993 0.047565177083015449 0.017114367336034778 0.027758741751313213
decision_type=2 2 2 2 2 2 2
left_child=6 4 3 -3 5 -2 -1
right_child=1 2 -4 -5 -6 -7 -8
leaf_value=0.0024819737406130016 -4.8407872832334172e-05 9.7642655734533592e-05 0.0019686956013315686 -0.00082744039231599179 -0.00068546468965412048 0.0002371571189896768 9.1316522175627978e-05
leaf_weight=232 6757 289 145 534 157 6094 120
leaf_count=232 6757 289 145 534 157 6094 120
internal_value=4.63093e-05 1.67192e-05 -0.000692446 -0.00107035 7.02183e-05 9.305e-05 0.00118697
internal_weight=14328 13976 968 823 13008 12851 352
internal_count=14328 13976 968 823 13008 12851 352
is_linear=0
shrinkage=0.025


Tree=329
num_leaves=10
num_cat=0
split_feature=17 40 40 11 35 40 48 44 40
split_gain=0.983257 2.25809 1.14809 1.62711 3.19406 1.37506 1.95809 1.79902 0.520401
threshold=1.3742074370384219 0.84765222668647777 0.94137525558471691 0.030146511271595958 -0.14671169966459272 0.74253234267234813 0.057776963338255889 0.03210581652820111 1.1305957436561587
decision_type=2 2 2 2 2 2 2 2 2
left_child=2 -2 5 4 -4 6 -1 -7 -5
right_child=1 -3 3 8 -6 7 -8 -9 -10
leaf_value=0.0013925144119847014 -0.0035830769528054094 0.00021527730412268596 -0.0022478023666970951 0.00022852233097167001 -6.9129073245937102e-05 0.0011003206048453937 -0.00046376019323400661 -0.00070815959855310496 0.0030304547299645958
leaf_weight=544 120 206 253 122 6749 3921 1795 260 279
leaf_count=544 120 206 253 122 6749 3921 1795 260 279
internal_value=5.02491e-05 -0.00129532 8.26573e-05 -0.000129758 -0.000219602 0.000324713 -0.000158383 0.000596333 0.00140702
internal_weight=14249 326 13923 7403 7002 6520 2339 4181 401
internal_count=14249 326 13923 7403 7002 6520 2339 4181 401
is_linear=0
shrinkage=0.025


Tree=330
num_leaves=7
num_cat=0
split_feature=41 48 40 47 29 33
split_gain=0.897039 1.07095 2.17256 1.33246 1.04239 0.474378
threshold=0.059105746448040015 0.077035948634147658 0.46519245207309728 0.019258987158536914 0.087375968694686904 -0.0028552328003570433
decision_type=2 2 2 2 2 2
left_child=-1 4 -3 -4 5 -2
right_child=1 2 3 -5 -6 -7
leaf_value=-0.00045623074633596911 0.0003531252038437015 -0.0029405821248355991 -0.0025706829760155435 5.6575216080070726e-05 -0.00032357144573531247 0.0021621085956460657
leaf_weight=138 179 220 142 12908 184 501
leaf_count=138 179 220 142 12908 184 501
internal_value=5.41957e-05 7.4528e-05 1.83617e-05 6.08006e-05 0.000924914 0.00137774
internal_weight=14272 14134 13270 13050 864 680
internal_count=14272 14134 13270 13050 864 680
is_linear=0
shrinkage=0.025


Tree=331
num_leaves=5
num_cat=0
split_feature=41 12 43 9
split_gain=1.01846 0.812079 0.922667 0.776428
threshold=0.059105746448040015 -0.39291308820247645 -0.55635732412338246 0.014311928302049639
decision_type=2 2 2 2
left_child=-1 -2 -3 -4
right_child=1 2 3 -5
leaf_value=-0.00049404172750725731 0.0035206906939961799 -0.0012684241942030772 0.0013017252883856145 8.2414120139961063e-06
leaf_weight=139 162 136 395 13411
leaf_count=139 162 136 395 13411
internal_value=3.34258e-05 5.51954e-05 3.3968e-05 5.49382e-05
internal_weight=14243 14104 13942 13806
internal_count=14243 14104 13942 13806
is_linear=0
shrinkage=0.025


Tree=332
num_leaves=14
num_cat=0
split_feature=34 36 34 3 5 39 40 9 30 14 40 16 3
split_gain=0.829192 1.33765 1.89571 2.45707 1.75759 1.49115 1.22913 1.21544 1.1324 1.21921 0.856584 0.61473 0.907652
threshold=0.14204169809818271 0.52496865391731273 0.1198314279317856 0.067573644220829024 0.62975716590881359 0.86684846878051769 1.2424143552780154 0.025674590840935711 0.21767868101596835 0.17672413587570193 1.1240597367286684 0.024139283224940303 0.18270263075828555
decision_type=2 2 2 2 2 2 2 2 2 2 2 2 2
left_child=1 2 6 -4 -3 -6 -1 11 9 -9 -10 12 -2
right_child=7 4 3 -5 5 -7 -8 8 10 -11 -12 -13 -14
leaf_value=0.00023838155202388301 -0.0004965773322003356 -0.0030614192057470532 -0.00239228445114654 -5.7460444726386294e-05 0.0016891338877161037 -0.0017005944108700927 -0.00014754504376260716 -0.00091575484016486223 -0.00173830018429138 0.0012707622595153163 0.004241298687411482 0.0057639479230684057 0.0034550261574883903
leaf_weight=9625 171 120 166 409 194 325 1591 126 406 571 126 311 132
leaf_count=9625 171 120 166 409 194 325 1591 126 406 571 126 311 132
internal_value=0.000101642 2.76438e-05 8.86954e-05 -0.00130388 -0.00108113 -0.000422233 0.000161193 0.000595915 0.000134725 0.000799501 -0.000723929 0.0015004 0.000653409
internal_weight=14273 12430 11791 575 639 519 11216 1843 1229 697 532 614 303
internal_count=14273 12430 11791 575 639 519 11216 1843 1229 697 532 614 303
is_linear=0
shrinkage=0.025


Tree=333
num_leaves=13
num_cat=0
split_feature=37 36 36 31 5 13 17 25 35 24 42 26
split_gain=0.961979 1.51378 1.11788 2.13318 1.80435 1.79035 1.59651 1.30738 0.968991 1.02531 0.628978 0.286904
threshold=0.0090470421127975004 -0.03503217734396457 0.22587104886770251 1.0685203075408938 0.45511862635612493 -0.4151602834463119 0.91907224059104931 15.78803873062134 0.28855048120021826 21.209260940551761 0.0083781057037413138 0.01301291072741151
decision_type=2 2 2 2 2 2 2 2 2 2 2 2
left_child=1 11 5 7 -5 10 -7 -4 9 -3 -2 -1
right_child=2 8 3 4 -6 6 -8 -9 -10 -11 -12 -13
leaf_value=0.0017672396766015464 0.00013560438398934648 -0.00049566601874051258 0.0017275823893691219 -0.0029026347837992463 -7.1586065073305457e-05 -0.00037239753880786161 0.001580558195695216 -0.00038756437398900509 -0.00062883289175343256 0.00086121917593184416 0.0021138647948487437 0.0068606442297015251
leaf_weight=121 573 465 2013 120 2972 5094 444 472 237 1228 221 285
leaf_count=121 573 465 2013 120 2972 5094 444 472 237 1228 221 285
internal_value=6.35966e-05 0.000527018 -2.6964e-05 0.000230428 -0.000206248 -0.000254655 -0.000414712 0.000775602 0.000229328 0.000442432 0.000849499 0.00190693
internal_weight=14245 2336 11909 5577 3092 6332 5538 2485 1930 1693 794 406
internal_count=14245 2336 11909 5577 3092 6332 5538 2485 1930 1693 794 406
is_linear=0
shrinkage=0.025


Tree=334
num_leaves=15
num_cat=0
split_feature=5 11 38 24 36 47 11 5 5 40 6 41 36 11
split_gain=0.965931 1.96161 1.94869 1.34283 1.58169 1.22484 1.43225 1.29255 1.15959 1.66089 1.07547 0.66807 0.454945 0.284243
threshold=0.70922085642814647 0.016333735547959808 -0.11917687579989432 41.287851333618171 0.30831910669803625 0.86720469594001781 0.022512516938149933 -0.020998336374759671 -0.49876053631305689 1.2256724238395693 0.062986359000206008 0.55387383699417125 -0.053165622055530541 0.013573450502008201
decision_type=2 2 2 2 2 2 2 2 2 2 2 2 2 2
left_child=5 3 11 13 -5 8 -7 -8 12 -10 -4 -3 -1 -2
right_child=1 2 10 4 -6 6 7 -9 9 -11 -12 -13 -14 -15
leaf_value=0.00015540328924092334 0.0012141003423291686 -0.00015668722384051061 -8.9330162692862316e-05 -0.0010874642011492138 0.001960391361351775 0.0024793904161154326 -0.0022325087464715415 0.00055124200848204825 -6.2922921670101071e-05 -0.00060294747781728102 -0.0010795662756403629 0.0027248141465611446 0.0024396923572316538 0.0034551379119986667
leaf_weight=236 310 150 1665 211 335 475 149 389 7772 1013 367 524 219 461
leaf_count=236 310 150 1665 211 335 475 149 389 7772 1013 367 524 219 461
internal_value=4.43772e-05 0.000372704 -1.06048e-05 0.00116207 0.000197369 -8.39588e-05 0.000737967 -0.000135819 -0.000175095 -0.000239619 -0.000399484 0.00114691 0.0010462 0.00183151
internal_weight=14276 4023 2706 1317 546 10253 1013 538 9240 8785 2032 674 455 771
internal_count=14276 4023 2706 1317 546 10253 1013 538 9240 8785 2032 674 455 771
is_linear=0
shrinkage=0.025


Tree=335
num_leaves=9
num_cat=0
split_feature=17 46 34 38 39 17 13 26
split_gain=0.987865 1.31092 0.917074 1.46323 1.35823 1.19178 0.884369 0.875436
threshold=1.3742074370384219 0.98260739445686351 0.13507592678070071 -0.017926861532032486 0.9402013123035432 0.90149280428886425 -0.26674993336200709 0.017264617606997493
decision_type=2 2 2 2 2 2 2 2
left_child=2 -2 3 5 -5 -1 -4 -8
right_child=1 -3 6 4 -6 -7 7 -9
leaf_value=5.8033455479848037e-05 -0.0025206903185828384 0.00013038067077343385 -0.00089874441363398453 -0.00065367711626386374 2.9435920148155673e-05 0.0019026614370251491 -0.00055182659656269285 0.001632239125671041
leaf_weight=8132 140 196 192 1410 1487 1014 147 1538
leaf_count=8132 140 196 192 1410 1487 1014 147 1538
internal_value=7.0735e-05 -0.00125733 0.000103681 2.29292e-05 -0.000465627 0.000178532 0.00061703 0.000802515
internal_weight=14256 336 13920 12043 2897 9146 1877 1685
internal_count=14256 336 13920 12043 2897 9146 1877 1685
is_linear=0
shrinkage=0.025


Tree=336
num_leaves=11
num_cat=0
split_feature=34 36 3 34 6 35 26 13 40 39
split_gain=0.923513 1.58681 1.76672 1.46872 1.46059 1.20545 1.50431 1.23015 1.13398 0.317508
threshold=0.139903798699379 0.47109559178352362 -0.0076636837329715482 0.12923452258110049 0.036578364670276649 0.38493418693542486 0.017548041418194774 -0.27816140651702875 0.72273260354995739 0.97185879945755016
decision_type=2 2 2 2 2 2 2 2 2 2
left_child=1 3 -3 8 -4 6 -2 -8 -1 -7
right_child=5 2 4 -5 -6 9 7 -9 -10 -11
leaf_value=-0.000303527807747402 -0.00098516404857106185 -0.0024744950491127895 0.0010360462618965512 -0.0010251804579310565 -0.0012108134546237731 -2.4089494718788229e-05 -0.00044097686053487918 0.0026924880389441927 0.00013451900746365344 -0.0017565944812110248
leaf_weight=1723 171 186 357 199 503 143 154 1302 9445 136
leaf_count=1723 171 186 357 199 503 143 154 1302 9445 136
internal_value=2.90597e-05 -4.92228e-05 -0.00097883 3.61635e-05 -0.000484104 0.000540947 0.000803462 0.00106691 7.50695e-05 -0.000955106
internal_weight=14319 12413 1046 11367 860 1906 1627 1456 11168 279
internal_count=14319 12413 1046 11367 860 1906 1627 1456 11168 279
is_linear=0
shrinkage=0.025


Tree=337
num_leaves=10
num_cat=0
split_feature=13 46 9 30 23 19 41 41 9
split_gain=0.83211 1.50101 0.9648 1.13033 1.11193 0.954613 0.721708 1.24604 0.201733
threshold=-0.43828728795051569 0.019258987158536914 0.017470034770667556 -0.10888388380408286 0.12704696506261828 -0.055870650336146348 0.52849429845809948 0.74782240390777599 0.027592904865741733
decision_type=2 2 2 2 2 2 2 2 2
left_child=5 -2 3 -3 -4 6 -1 -8 -7
right_child=1 2 4 -5 -6 8 7 -9 -10
leaf_value=0.0031114497064743838 -0.00072720720840744896 -0.00036117932069542187 -0.00026212842855600349 0.0018321722547563056 5.6771262545827631e-05 0.003984927786043627 -0.001769396984784442 0.001932165729941474 0.00025386625563417106
leaf_weight=126 126 440 3489 853 8579 225 197 140 144
leaf_count=126 126 440 3489 853 8579 225 197 140 144
internal_value=9.86117e-06 -3.71516e-05 -1.05678e-05 0.000636556 -8.06551e-05 0.00077509 2.67103e-06 -0.00058845 0.00171457
internal_weight=14319 13487 13361 1293 12068 832 463 337 369
internal_count=14319 13487 13361 1293 12068 832 463 337 369
is_linear=0
shrinkage=0.025


Tree=338
num_leaves=6
num_cat=0
split_feature=3 24 2 3 4
split_gain=0.951218 0.909106 0.728164 0.995414 0.319672
threshold=0.68802121281623851 55.694366455078132 0.32716931402683264 0.23790187388658526 0.62727347016334545
decision_type=2 2 2 2 2
left_child=1 2 3 -1 -3
right_child=-2 4 -4 -5 -6
leaf_value=-4.3225833148556879e-05 -0.0011993602532060429 0.0024001538540899211 -0.001631195761961312 0.00045917505990661226 0.0047099000750133275
leaf_weight=10419 222 178 174 3181 123
leaf_count=10419 222 178 174 3181 123
internal_value=2.5347e-06 2.88531e-05 -6.34931e-07 1.97539e-05 0.00137663
internal_weight=14297 14075 13774 13600 301
internal_count=14297 14075 13774 13600 301
is_linear=0
shrinkage=0.025


Tree=339
num_leaves=10
num_cat=0
split_feature=13 46 36 31 10 19 24 45 29
split_gain=0.917782 1.19757 1.02241 1.94439 1.77531 0.949723 0.730032 1.05202 0.287071
threshold=-0.43828728795051569 0.019258987158536914 0.22587104886770251 1.2717049717903139 0.0073159083258360633 -0.055870650336146348 33.826574325561531 0.1241746135056019 0.048392405733466155
decision_type=2 2 2 2 2 2 2 2 2
left_child=5 -2 4 -4 -3 6 7 -1 -7
right_child=1 2 3 -5 -6 8 -8 -9 -10
leaf_value=-0.00096988494980732899 -0.00078369454473779939 0.001234502622761527 0.00080905149100919747 -0.00016892223369577221 -0.00019864701210663366 0.0031316703901496123 0.0030014377156658933 0.00070912456491404588 0.00032183484983227791
leaf_weight=180 129 467 3572 2877 6359 224 130 171 152
leaf_count=180 129 467 3572 2877 6359 224 130 171 152
internal_value=4.99449e-06 -4.53985e-05 -2.11784e-05 0.000203943 -0.000234775 0.000796114 4.37244e-05 -0.000537219 0.001729
internal_weight=14261 13404 13275 6449 6826 857 481 351 376
internal_count=14261 13404 13275 6449 6826 857 481 351 376
is_linear=0
shrinkage=0.025


Tree=340
num_leaves=9
num_cat=0
split_feature=41 46 40 43 43 46 30 35
split_gain=0.955048 0.836459 2.98049 2.63373 2.47053 1.77775 1.74447 1.42094
threshold=0.059105746448040015 0.69570478796958934 0.77298396825790416 0.22211492806673053 0.0024615819565951829 0.74303007125854503 0.79857864975929271 0.38493418693542486
decision_type=2 2 2 2 2 2 2 2
left_child=-1 4 3 -3 6 -4 -2 -6
right_child=1 2 5 -5 7 -7 -8 -9
leaf_value=-0.00045566347284824388 3.5272030477350366e-06 -0.0024270869066751878 -0.00055386988591772342 -1.2349008542215478e-05 0.0011029411900923033 0.00039239777034771574 -0.0013207953061026884 -0.0012288843901683087
leaf_weight=141 5930 518 593 464 3027 2963 500 158
leaf_count=141 5930 518 593 464 3027 2963 500 158
internal_value=1.59977e-05 3.71699e-05 -0.000241856 -0.0014577 0.000169569 9.37238e-05 -0.000111694 0.000738636
internal_weight=14294 14153 4538 982 9615 3556 6430 3185
internal_count=14294 14153 4538 982 9615 3556 6430 3185
is_linear=0
shrinkage=0.025


Tree=341
num_leaves=15
num_cat=0
split_feature=34 38 46 24 28 26 23 16 16 3 11 29 46 34
split_gain=0.864923 1.4255 1.40998 1.35514 1.11006 1.17441 1.04918 1.287 2.11064 1.01969 0.93261 0.63834 0.625021 0.0168813
threshold=0.13507592678070071 -0.0019349282956682143 0.65214762091636669 11.692543029785158 0.47499999403953558 0.01924008131027222 0.15185710787773135 0.02759466785937548 0.023461837321519855 0.014510176610201599 0.013968676328659059 0.049012076109647758 0.52911534905433666 0.16158985346555713
decision_type=2 2 2 2 2 2 2 2 2 2 2 2 2 2
left_child=1 2 9 -4 12 -6 7 8 -2 -1 13 -12 -3 -8
right_child=6 4 3 -5 5 -7 10 -9 -10 -11 11 -13 -14 -15
leaf_value=-4.2337308755080767e-06 0.00047996061593979296 -0.00027779863678229649 -0.0006302251654833745 -0.00010246136881105997 -0.0015487183457343172 -0.00039289615893750769 0.0039680255361865795 0.0015434405184917496 -0.002492278475232276 0.00074812055750014535 -0.00063275799107449045 0.0010264624030043923 0.0012395544986452845 0.0039728520597420592
leaf_weight=3620 157 256 122 3939 395 740 126 174 130 3115 127 1014 189 226
leaf_count=3620 157 256 122 3939 395 740 126 174 130 3115 127 1014 189 226
internal_value=2.39799e-05 -5.28026e-05 4.94168e-05 -0.000317572 -0.000753154 -0.00116776 0.000512379 -0.000517704 -0.00154538 0.000271699 0.00083528 0.000476658 0.000291667 0.00195728
internal_weight=14330 12376 10796 4061 1580 1135 1954 461 287 6735 1493 1141 445 352
internal_count=14330 12376 10796 4061 1580 1135 1954 461 287 6735 1493 1141 445 352
is_linear=0
shrinkage=0.025


Tree=342
num_leaves=15
num_cat=0
split_feature=33 38 17 11 24 1 38 16 36 37 15 37 36 5
split_gain=1.06779 1.71986 1.54891 1.53183 1.69644 1.12014 1.04845 0.90423 1.1181 1.69935 1.56758 0.801286 0.835886 0.726887
threshold=-0.0027383277192711826 -0.11750972643494605 0.55024057626724254 0.016753410920500759 30.95947360992432 0.021491341292858127 -0.068819910287857042 0.01475461106747389 0.29328395426273351 0.023582911118865017 0.88793104887008678 0.0089655136689543741 0.1721996292471886 0.96446675062179577
decision_type=2 2 2 2 2 2 2 2 2 2 2 2 2 2
left_child=1 2 5 6 -5 -1 -3 11 9 -9 -10 -2 -13 -4
right_child=7 3 13 4 -6 -7 -8 8 10 -11 -12 12 -14 -15
leaf_value=9.8317191843090053e-05 0.0052658449742943123 0.0021248894613233025 0.0032874905211496049 -0.0014548979809649548 -0.0001444709415065223 -0.0014922673421247992 -0.00058870544553196291 -0.00018242027777056545 0.00046023678601182474 0.0023582830198331465 -0.0014775487754326946 -1.7722781775175274e-05 0.0047614670577890116 0.00017823374127871793
leaf_weight=887 355 207 387 604 380 285 995 4544 3842 517 273 588 154 176
leaf_count=887 355 207 387 604 380 285 995 4544 3842 517 273 588 154 176
internal_value=-2.87871e-05 -0.000379839 0.000204741 -0.000846075 -0.00157609 -0.000309048 -0.000239229 0.000104714 2.27373e-05 -0.000225276 0.000329187 0.000781534 0.000299532 0.00127861
internal_weight=14194 3921 1735 2186 984 1172 1202 10273 9176 5061 4115 1097 742 563
internal_count=14194 3921 1735 2186 984 1172 1202 10273 9176 5061 4115 1097 742 563
is_linear=0
shrinkage=0.025


Tree=343
num_leaves=11
num_cat=0
split_feature=6 41 5 35 46 40 29 39 27 19
split_gain=0.980701 1.08026 0.993746 0.99438 1.97465 1.19236 0.794378 0.835962 0.283574 0.290693
threshold=0.068569459021091475 0.28866481781005865 -0.49876053631305689 -0.12450252845883368 0.38114453852176672 1.3124855756759646 0.095178920775651946 0.97500485181808483 0.0014199156430549922 -0.067683156579732881
decision_type=2 2 2 2 2 2 2 2 2 2
left_child=2 -2 8 4 -4 -5 7 -3 -1 -10
right_child=1 6 3 5 -6 -7 -8 -9 9 -11
leaf_value=0.0022528600960439404 -0.0011529865504923524 0.00023869318201206167 -0.0016680015352900771 0.00011739564966992816 3.8759340640414191e-05 -0.00034250216146600935 0.0014059483588789216 -0.00079410134112422876 -0.00014091805958139949 0.00077636469394586896
leaf_weight=237 153 375 296 10872 639 808 217 476 123 123
leaf_count=237 153 375 296 10872 639 808 217 476 123 123
internal_value=9.86117e-06 -0.000665783 7.35519e-05 3.02101e-05 -0.00075133 9.3603e-05 -0.000371622 -0.000719918 0.00118084 0.000532869
internal_weight=14319 1221 13098 12615 935 11680 1068 851 483 246
internal_count=14319 1221 13098 12615 935 11680 1068 851 483 246
is_linear=0
shrinkage=0.025


Tree=344
num_leaves=9
num_cat=0
split_feature=41 36 36 5 17 46 26 40
split_gain=0.875638 0.76528 1.91327 2.45946 1.82335 2.70226 2.55126 1.44767
threshold=0.059105746448040015 0.20831683278083804 0.3171991258859635 1.076553523540497 0.64264565706253063 0.69570478796958934 0.032079629600048072 1.2764671444892886
decision_type=2 2 2 2 2 2 2 2
left_child=-1 4 3 -3 5 -2 -6 -4
right_child=1 2 7 -5 6 -7 -8 -9
leaf_value=-0.00041929643124503734 -2.0779511654142871e-05 0.0016064649963952787 1.5065793238482351e-05 -0.00071555076159758493 0.0019409866010940023 -0.00085156260147791851 -0.00087763641951311825 -0.0012758412078998039
leaf_weight=144 4606 2096 4353 261 911 1351 314 266
leaf_count=144 4606 2096 4353 261 911 1351 314 266
internal_value=1.66012e-06 2.21529e-05 0.00020896 0.000787998 -0.000158446 -0.000339861 0.000716463 -8.56941e-05
internal_weight=14302 14158 6976 2357 7182 5957 1225 4619
internal_count=14302 14158 6976 2357 7182 5957 1225 4619
is_linear=0
shrinkage=0.025


Tree=345
num_leaves=11
num_cat=0
split_feature=13 46 9 21 43 19 28 26 19 4
split_gain=0.899655 1.25857 1.06099 1.25893 0.859266 0.769033 0.540261 0.258354 0.221485 0.000399698
threshold=-0.43828728795051569 0.019258987158536914 0.017470034770667556 27.674799919128422 0.10415063798427583 -0.055870650336146348 0.37500000000000006 0.02589378505945206 -0.11045984551310538 -0.27960436046123499
decision_type=2 2 2 2 2 2 2 2 2 2
left_child=5 -2 4 -4 -3 6 -1 9 -8 -7
right_child=1 2 3 -5 -6 7 8 -9 -10 -11
leaf_value=-0.00054746486563613959 -0.00077305222561414877 0.00036330430284778082 0.00075701011711987111 -7.0859193619872651e-05 0.0027784346781891227 0.0023026202488027211 0.0021126853356540401 0.00027672820405030569 5.8303229696240741e-05 0.0033896834442745105
leaf_weight=207 127 987 671 11292 275 120 126 120 126 144
leaf_count=207 127 987 671 11292 275 120 126 120 126 144
internal_value=7.48249e-06 -4.22062e-05 -1.74791e-05 -9.07628e-05 0.00066989 0.000797465 8.8901e-05 0.00161632 0.000870623 0.00205855
internal_weight=14195 13352 13225 11963 1262 843 459 384 252 264
internal_count=14195 13352 13225 11963 1262 843 459 384 252 264
is_linear=0
shrinkage=0.025


Tree=346
num_leaves=14
num_cat=0
split_feature=33 35 10 33 24 14 17 9 40 46 46 30 45
split_gain=1.07233 1.76559 1.63566 1.63218 1.45112 1.43437 1.12581 0.964945 1.52078 3.70738 1.44955 1.18712 1.63514
threshold=-0.0028552328003570433 -0.013657571747899054 0.024082139134407047 -0.0039895654190331689 17.750074386596683 0.71515038609504711 0.14666447788476947 0.029263300821185115 0.69480967521667492 0.86085903644561779 0.90441620349884044 -1.0140030384063718 0.3706896454095841
decision_type=2 2 2 2 2 2 2 2 2 2 2 2 2
left_child=1 3 4 6 -3 -4 -1 8 9 -2 -10 -9 -13
right_child=7 2 5 -5 -6 -7 -8 11 10 -11 -12 12 -14
leaf_value=-0.0002641490391854648 0.00011856328498751656 -0.001473353594221947 -0.0011891030307519276 -0.00091079984777698545 -0.00010705625730028992 -0.0024147451469898203 0.0022192354739696599 0.0017073042467759102 0.00035272425671050963 -0.0032610921336646511 0.0036472660635896896 -0.00083079253697539005 4.5437074551058095e-05
leaf_weight=419 774 303 336 209 1736 134 784 158 5371 174 396 846 2654
leaf_count=419 774 303 336 209 1736 134 784 158 5371 174 396 846 2654
internal_value=3.52298e-05 -0.000316161 -0.000714499 0.000387262 -0.000401786 -0.00203947 0.000746068 0.000168746 0.000346912 -0.000575813 0.000500043 -0.000156634 -0.000254993
internal_weight=14294 3921 2509 1412 2039 470 1203 10373 6715 948 5767 3658 3500
internal_count=14294 3921 2509 1412 2039 470 1203 10373 6715 948 5767 3658 3500
is_linear=0
shrinkage=0.025


Tree=347
num_leaves=14
num_cat=0
split_feature=30 11 36 39 13 46 19 9 19 43 13 2 43
split_gain=0.83232 1.16277 1.80379 2.00357 1.25277 1.45023 0.985927 1.25708 1.14795 0.815775 0.727895 0.431664 0.188912
threshold=-0.57316672801971424 0.020115164108574394 -0.19711299985647199 1.0658796429634096 -0.40856105089187617 0.095583789050579085 0.0734875723719597 0.030493404716253284 -0.032023964449763291 0.092871218919754042 -0.099519383162260042 -0.054631836712360375 0.059115456417202956
decision_type=2 2 2 2 2 2 2 2 2 2 2 2 2
left_child=6 4 -3 -4 11 -6 7 8 -1 10 -8 -2 -9
right_child=1 2 3 -5 5 -7 9 12 -10 -11 -12 -13 -14
leaf_value=-0.00029224079051462911 0.00012724144070435907 -0.0023275376753928022 -0.00057028902831881916 0.00028089830783081435 -0.00093803234192804381 0.00010623715633869995 0.0019754793155421307 0.0026263801400051093 0.0010053553524395761 -0.0007580081078412572 -0.00051756081832278445 0.0034608666678505404 0.00033993695703611626
leaf_weight=571 147 230 1640 1697 506 7718 122 317 582 184 140 301 120
leaf_count=571 147 230 1640 1697 506 7718 122 317 582 184 140 301 120
internal_value=5.12081e-05 -2.62372e-05 -0.000406285 -0.000254713 0.000129509 5.81785e-05 0.000518741 0.000811129 0.000368092 -0.000507206 0.00036985 0.00141004 0.00194853
internal_weight=14275 12239 3567 3337 8672 8224 2036 1590 1153 446 262 448 437
internal_count=14275 12239 3567 3337 8672 8224 2036 1590 1153 446 262 448 437
is_linear=0
shrinkage=0.025


Tree=348
num_leaves=15
num_cat=0
split_feature=38 37 16 37 15 13 35 35 39 39 16 16 40 34
split_gain=0.868301 1.4704 2.59964 1.80014 1.55883 1.40829 1.22674 1.12566 1.05466 1.63893 0.89883 0.897566 0.853452 0.74068
threshold=-0.00073403975693508972 0.014734101016074421 0.024560993537306789 0.013353099115192892 0.5948275923728944 -0.034360049292445176 0.29255259037017828 0.35709157586097723 0.65739315748214733 0.60878700017929088 0.01602374762296677 0.031091174110770229 0.89703840017318737 0.093688186258077635
decision_type=2 2 2 2 2 2 2 2 2 2 2 2 2 2
left_child=6 2 3 -2 5 -3 8 -8 9 -1 -10 -4 -9 -6
right_child=1 4 11 -5 13 -7 7 12 10 -11 -12 -13 -14 -15
leaf_value=-4.1410402492695502e-05 -0.0007736510863108842 -0.0034164257096647348 0.0040057529025532878 0.0025429451804358117 -0.0017061943837806733 -0.0010763014948117985 0.0042514938893781044 0.0010659765452418178 0.00051515109947041198 -0.002045256289592175 -3.3535231531615751e-06 -0.00015753765226251724 -0.00037189825492870484 1.1871745974745111e-05
leaf_weight=1271 929 128 455 229 140 146 513 200 1799 345 7256 172 294 409
leaf_count=1271 929 128 455 229 140 146 513 200 1799 345 7256 172 294 409
internal_value=6.12367e-07 -0.000410926 -3.49153e-06 -0.000708297 -0.0012817 -0.00280914 9.31911e-05 0.000925148 1.3699e-05 -0.000572949 0.000119343 0.00128362 5.76153e-05 -0.000489621
internal_weight=14286 2608 1785 1158 823 274 11678 1007 10671 1616 9055 627 494 549
internal_count=14286 2608 1785 1158 823 274 11678 1007 10671 1616 9055 627 494 549
is_linear=0
shrinkage=0.025


Tree=349
num_leaves=10
num_cat=0
split_feature=38 3 36 34 44 17 40 34 22
split_gain=0.827504 0.936034 1.4041 1.3291 1.30008 2.18728 1.99878 1.17885 0.271647
threshold=-0.30866937339305872 0.041777199134230621 0.38531298935413366 0.088028844445943846 0.028646077960729602 0.66653847694396984 0.46519245207309728 0.1198314279317856 0.24407193064689639
decision_type=2 2 2 2 2 2 2 2 2
left_child=8 2 7 -4 6 -6 -3 -2 -1
right_child=1 4 3 -5 5 -7 -8 -9 -10
leaf_value=0.0032523666910641985 1.5316279325558936e-05 -0.0033909550932380694 -0.0010785531661521078 0.0014092277841441781 0.00041687409523917074 -0.001303159605934882 0.00042907656468653041 -0.0011582094765720519 0.00037311174725652952
leaf_weight=149 4547 183 591 126 615 932 6552 390 215
leaf_count=149 4547 183 591 126 615 932 6552 390 215
internal_value=6.07306e-05 2.93201e-05 -0.000218015 -0.00124827 0.000198956 -0.000451836 0.000349592 -6.60157e-05 0.00122967
internal_weight=14300 13936 5654 717 8282 1547 6735 4937 364
internal_count=14300 13936 5654 717 8282 1547 6735 4937 364
is_linear=0
shrinkage=0.025


Tree=350
num_leaves=7
num_cat=0
split_feature=33 41 39 16 16 4
split_gain=0.828617 0.768128 0.887014 0.968184 0.709776 0.465583
threshold=0.042010651901364333 0.11206618323922159 0.46072573959827429 0.016649560071527961 0.017338991165161136 0.29382610321044927
decision_type=2 2 2 2 2 2
left_child=1 5 4 -4 -3 -1
right_child=-2 2 3 -5 -6 -7
leaf_value=-4.4755631733871433e-06 0.0039753043082007807 -0.00015641149589260656 0.00035056872417094754 -4.3738383972598576e-05 0.0012832171180069986 -0.00081831558547587569
leaf_weight=121 164 144 2706 10496 523 131
leaf_count=121 164 144 2706 10496 523 131
internal_value=5.64207e-05 3.51303e-05 6.06351e-05 1.50489e-05 0.000946801 -0.00131809
internal_weight=14285 14121 13869 13202 667 252
internal_count=14285 14121 13869 13202 667 252
is_linear=0
shrinkage=0.025


Tree=351
num_leaves=8
num_cat=0
split_feature=11 22 32 29 41 5 43
split_gain=0.751908 0.777191 0.949801 0.707895 0.715069 0.71401 0.626561
threshold=0.0082435375079512613 1.0138245820999148 0.69746494293212902 0.095310188829898848 0.8348204791545869 0.32688972353935247 0.089882094413042082
decision_type=2 2 2 2 2 2 2
left_child=-1 3 -3 4 -2 -5 -4
right_child=1 2 6 5 -6 -7 -8
leaf_value=0.0031200630376684597 -4.5591523168876479e-06 -0.0020708806832557308 -0.0014553991953127961 -6.4125638603038782e-06 0.00093685633361125517 0.0018802600700201816 0.00029786277344241675
leaf_weight=225 12221 121 434 165 429 193 452
leaf_count=225 12221 121 434 165 429 193 452
internal_value=2.23764e-05 -4.45699e-07 -0.000668231 5.10068e-05 1.92613e-05 0.00113981 -0.000368967
internal_weight=14240 14015 1007 13008 12650 358 886
internal_count=14240 14015 1007 13008 12650 358 886
is_linear=0
shrinkage=0.025


Tree=352
num_leaves=9
num_cat=0
split_feature=13 46 42 35 31 36 39 18
split_gain=1.00457 1.07817 1.00531 1.26059 1.17348 0.881782 0.284335 0.29202
threshold=-0.45675580203533167 0.019258987158536914 -0.11553654447197913 0.37864516675472265 0.026275178417563442 -0.21272230893373487 0.88092693686485302 -0.044120404869318001
decision_type=2 2 2 2 2 2 2 2
left_child=5 -2 3 -3 -4 -1 -7 -8
right_child=1 2 4 -5 -6 6 7 -9
leaf_value=-0.00032433881071332901 -0.00059772128523770699 0.00082064695058897675 -0.00094216649114871103 -0.0024098030563174788 -2.330661388223458e-05 0.00040356303917310732 0.0015395013939280191 0.0033648395542041154
leaf_weight=131 134 1104 191 131 12071 142 120 303
leaf_count=131 134 1104 191 131 12071 142 120 303
internal_value=1.64842e-05 -3.05257e-05 -7.4988e-06 0.000670363 -7.65264e-05 0.000939729 0.00137061 0.00169685
internal_weight=14327 13631 13497 1235 12262 696 565 423
internal_count=14327 13631 13497 1235 12262 696 565 423
is_linear=0
shrinkage=0.025


Tree=353
num_leaves=13
num_cat=0
split_feature=13 43 46 44 48 31 42 46 19 8 8 26
split_gain=0.898544 1.04323 2.03903 1.96873 1.5642 3.74262 2.05721 1.14231 0.896887 0.714417 0.599091 0.221009
threshold=-0.43828728795051569 -0.080643273890018449 0.6347549855709077 0.013173602521419527 0.59097579121589672 1.6136722564697268 0.010944964829832317 0.16405374556779864 -0.055870650336146348 0.022769527509808544 0.032515764236450202 0.023373313248157505
decision_type=2 2 2 2 2 2 2 2 2 2 2 2
left_child=8 4 7 -4 5 -2 -6 -3 9 -1 -11 -10
right_child=1 2 3 -5 6 -7 -8 -9 11 10 -12 -13
leaf_value=-0.00048976578331150287 -0.00036028135007021891 -0.0025391108580539471 -0.0014348665883705358 -4.6495109534202768e-05 0.00043044511845274371 -0.0025805550860063704 -0.0010838200394974018 0.00072616983817530014 0.0032679675255041594 0.0017256055999082306 -4.9489448616801341e-05 0.00057947703792689568
leaf_weight=155 2516 280 146 4781 1616 120 419 3579 230 148 160 160
leaf_count=155 2516 280 146 4781 1616 120 419 3579 230 148 160 160
internal_value=3.27455e-05 -1.68065e-05 0.000143186 -0.000192873 -0.000318916 -0.000720844 0.000199142 0.000573564 0.000817308 5.60898e-05 0.00076278 0.00169304
internal_weight=14310 13457 8786 4927 4671 2636 2035 3859 853 463 308 390
internal_count=14310 13457 8786 4927 4671 2636 2035 3859 853 463 308 390
is_linear=0
shrinkage=0.025


Tree=354
num_leaves=9
num_cat=0
split_feature=44 40 40 20 40 41 35 44
split_gain=0.685325 0.88824 1.92252 2.47805 1.69151 3.73544 1.53651 1.13
threshold=0.047565177083015449 0.94137525558471691 0.74253234267234813 0.34614741802215582 0.99626663327217113 0.74626317620277416 -0.14671169966459272 0.03210581652820111
decision_type=2 2 2 2 2 2 2 2
left_child=1 2 3 -1 5 -3 -6 -4
right_child=-2 4 7 -5 6 -7 -8 -9
leaf_value=-0.00051259079493709895 -0.00050284445128091543 -0.001396034338392845 0.00098179742273832868 0.00090244146517593426 -0.00084460494035571505 0.0024188537778507125 6.3691296049790135e-05 -0.00041718529236702928
leaf_weight=1958 163 1064 3987 388 339 219 5880 262
leaf_count=1958 163 1064 3987 388 339 219 5880 262
internal_value=3.11077e-05 5.04362e-05 0.000262311 -0.000309974 -0.000135041 -0.000959821 3.47446e-05 0.000579749
internal_weight=14260 14097 6595 2346 7502 1283 6219 4249
internal_count=14260 14097 6595 2346 7502 1283 6219 4249
is_linear=0
shrinkage=0.025


Tree=355
num_leaves=13
num_cat=0
split_feature=13 40 34 43 39 38 9 31 30 26 31 33
split_gain=0.905044 1.01988 1.43628 1.50214 1.13874 1.18251 0.797024 0.962633 0.986417 0.655676 0.48567 0.0106783
threshold=-0.43828728795051569 1.3052054047584536 0.097305420786142363 -0.16556887328624723 1.4550389647483828 -0.017926861532032486 0.027281151153147224 0.15755801647901538 -0.42335294187068934 0.033180890604853637 0.026275178417563442 0.0011541465646587314
decision_type=2 2 2 2 2 2 2 2 2 2 2 2
left_child=6 4 3 -3 5 -2 10 8 -8 -6 -1 -12
right_child=1 2 -4 -5 9 -7 7 -9 -10 -11 11 -13
leaf_value=1.0589683877629178e-05 0.00013962059762613724 -0.0021220777434013314 0.00080874718008617336 -0.0004295626415041871 0.0044266292828988394 -0.00031966887570679576 0.00092396927716712526 0.001209277520325656 -0.0014209630469785948 0.00015577112465889231 0.0025794582159589692 0.0032172497788578638
leaf_weight=122 8235 157 181 642 232 3917 121 203 120 144 120 185
leaf_count=122 8235 157 181 642 232 3917 121 203 120 144 120 185
internal_value=4.45809e-05 -5.45761e-06 -0.000780457 -0.00123912 5.4955e-05 1.22358e-05 0.000823345 6.40313e-05 -0.000980691 0.00140092 0.00158854 0.00211694
internal_weight=14379 13508 980 799 12528 12152 871 444 241 376 427 305
internal_count=14379 13508 980 799 12528 12152 871 444 241 376 427 305
is_linear=0
shrinkage=0.025


Tree=356
num_leaves=12
num_cat=0
split_feature=16 37 10 40 48 46 42 6 5 30 6
split_gain=1.01432 1.02536 0.931314 0.842966 2.52504 2.51438 0.784206 0.86568 0.471864 0.45739 0.19514
threshold=0.015462978277355434 0.0089921806938946264 0.04402620159089566 0.8691898286342622 0.094827588647604003 0.80776411294937145 -0.036749452352523797 0.035801263526082046 -0.013567774556577204 -0.49713882803916926 0.017701242119073871
decision_type=2 2 2 2 2 2 2 2 2 2 2
left_child=1 8 3 5 -5 -2 9 -8 -1 -3 -10
right_child=2 6 -4 4 -6 -7 7 -9 10 -11 -12
leaf_value=2.3698314704457161e-06 0.00077758852888075089 0.0022849640934615818 0.0024938655496251042 -0.0021106227530623234 -9.8398471703031306e-05 -0.00049634179044801647 -0.0003310232943248226 0.001225179515380541 0.0014682818284230447 0.00041547801024933084 0.0041568066768763994
leaf_weight=121 3156 120 165 149 7839 1075 686 175 144 290 350
leaf_count=121 3156 120 165 149 7839 1075 686 175 144 290 350
internal_value=4.68477e-05 0.00058633 -3.50108e-05 -6.10478e-05 -0.00021253 0.000223383 0.000173394 -0.000249711 0.00142137 0.00106928 0.00176102
internal_weight=14270 1886 12384 12219 7988 4231 1271 861 615 410 494
internal_count=14270 1886 12384 12219 7988 4231 1271 861 615 410 494
is_linear=0
shrinkage=0.025


Tree=357
num_leaves=10
num_cat=0
split_feature=17 40 11 11 40 34 40 45 36
split_gain=1.21411 2.68428 1.29798 1.00851 1.75963 1.22869 0.808218 1.17956 0.041519
threshold=1.3742074370384219 0.91111883521080028 0.030146511271595958 0.022225954569876197 0.97891241312026989 0.13507592678070071 1.0977527499198916 0.59097579121589672 0.10010129958391191
decision_type=2 2 2 2 2 2 2 2 2
left_child=2 -2 3 5 -5 -1 7 -4 -8
right_child=1 -3 6 4 -6 -7 8 -9 -10
leaf_value=-7.0601341940665104e-06 -0.0034516012640785527 0.0013765412190997767 0.0012587793441855757 0.00017746668565020519 -0.00081958592945139221 0.0010890458487103592 0.0043780373485307958 -0.00045497780396386127 0.00188534750343319
leaf_weight=9276 160 153 143 1026 1490 1505 131 126 180
leaf_count=9276 160 153 143 1026 1490 1505 131 126 180
internal_value=-1.32079e-06 -0.00152909 3.32266e-05 -1.70086e-05 -0.000467572 8.77296e-05 0.0011859 0.000150548 0.00204509
internal_weight=14190 313 13877 13297 2516 10781 580 269 311
internal_count=14190 313 13877 13297 2516 10781 580 269 311
is_linear=0
shrinkage=0.025


Tree=358
num_leaves=12
num_cat=0
split_feature=40 11 11 36 16 17 40 4 4 40 36
split_gain=0.769342 1.96461 1.861 2.11874 1.93255 1.81781 1.62738 1.83401 0.972801 0.59692 0.000112727
threshold=0.94137525558471691 0.030146511271595958 0.022426047362387184 0.17959444969892505 0.018375191837549213 1.4222589731216433 0.74253234267234813 0.1953946799039841 0.79026317596435558 1.1072126030921938 0.10010129958391191
decision_type=2 2 2 2 2 2 2 2 2 2 2
left_child=5 2 4 -4 -2 6 7 -1 -8 -3 -11
right_child=1 9 3 -5 -6 -7 8 -9 -10 10 -12
leaf_value=-0.0006493060533688806 0.00061354991660889102 1.8909960826931573e-06 -0.0013634509643485552 -0.00025742406287873322 -0.00030491131186623265 -0.0020624444900289151 0.00063613807556885712 0.00054601814249914833 0.0038229361871367643 0.0033498445150021761 0.0019354213552532291
leaf_weight=1500 1855 122 695 898 3686 169 3964 854 245 127 173
leaf_count=1500 1855 122 695 898 3686 169 3964 854 245 127 173
internal_value=4.64389e-05 -0.000126141 -0.000225347 -0.000977002 -7.4377e-06 0.00024102 0.000308503 -0.000215663 0.000603049 0.00151932 0.00211066
internal_weight=14288 7556 7134 1593 5541 6732 6563 2354 4209 422 300
internal_count=14288 7556 7134 1593 5541 6732 6563 2354 4209 422 300
is_linear=0
shrinkage=0.025


Tree=359
num_leaves=14
num_cat=0
split_feature=31 43 29 29 30 11 12 21 40 13 5 40 5
split_gain=0.744566 1.55782 1.43943 1.12766 1.80255 0.977945 1.39497 2.03246 0.965152 0.904857 0.736901 0.644193 0.0108968
threshold=2.4519053697586064 0.18507772684097293 0.088789727538824095 0.092175439000129714 0.3245587050914765 0.030146511271595958 -0.29302370548248285 41.235631942749031 1.094751298427582 -0.46369700133800501 0.5634247660636903 0.82468348741531383 0.28587108850479132
decision_type=2 2 2 2 2 2 2 2 2 2 2 2 2
left_child=5 2 -2 11 -5 6 7 -1 10 -8 -7 -3 -10
right_child=1 3 -4 4 -6 8 9 -9 12 -11 -12 -13 -14
leaf_value=3.2367824593394641e-05 -0.0017507899403347623 -0.00016662904463372581 6.6692379404001236e-05 -0.0022146082250152992 0.00080007560843498948 -0.0003352170899873307 0.001007001770840192 -0.0028420843521763535 0.00403197129287636 5.4909453140053481e-05 0.0010405217139045735 0.0026850962479582309 0.0020839665640555753
leaf_weight=269 177 120 123 231 155 120 440 142 120 11730 121 306 186
leaf_count=269 177 120 123 231 155 120 440 142 120 11730 121 306 186
internal_value=0.000113636 -0.0005047 -0.00202869 5.96696e-05 -0.000904731 0.00016666 0.000120869 -0.00130108 0.00119792 0.000169918 0 0.000948376 0.00211817
internal_weight=14240 1112 300 812 386 13128 12581 411 547 12170 241 426 306
internal_count=14240 1112 300 812 386 13128 12581 411 547 12170 241 426 306
is_linear=0
shrinkage=0.025


Tree=360
num_leaves=15
num_cat=0
split_feature=16 36 34 37 26 3 40 34 9 47 37 37 34 4
split_gain=1.05316 1.59709 1.79139 1.9082 1.46294 1.67719 1.34452 1.11429 1.11786 1.24476 0.939 1.69734 1.0832 0.406708
threshold=0.024065744131803516 0.47109559178352362 0.088913511484861388 0.017789544537663463 0.025707738474011425 0.1933596879243851 0.72273260354995739 0.1011830009520054 0.028257712721824649 0.63811445236206066 0.020133496262133125 0.016696170903742317 -0.0474743153899908 0.4448522180318833
decision_type=2 2 2 2 2 2 2 2 2 2 2 2 2 2
left_child=1 2 6 -4 13 -6 -1 10 -9 -10 11 -2 -12 -3
right_child=7 4 3 -5 5 -7 -8 8 9 -11 12 -13 -14 -15
leaf_value=-0.00045656909599622349 0.00017298875469203381 -0.00072481828771610356 -0.00050258444548072993 0.0016205404542589835 -0.003101487223366292 -0.00084871981789519206 0.00030533784463969887 0.0025455913133326864 -0.00094127357820128509 0.0015360083747641147 3.7611920495816197e-05 -0.0012754761430074971 0.0050765732557813345 0.0016254405969607555
leaf_weight=1170 1068 126 2066 361 141 226 6274 580 334 401 675 429 283 123
leaf_count=1170 1068 126 2066 361 141 226 6274 580 334 401 675 429 283 123
internal_value=6.38937e-05 -6.44538e-05 1.22773e-05 -0.000576172 -0.00129428 -0.00228831 0.000205229 0.000422186 0.00100852 0.000346284 0.000104167 -0.000283788 0.000715213 0.000162402
internal_weight=14257 10487 9871 2427 616 367 7444 3770 1315 735 2455 1497 958 249
internal_count=14257 10487 9871 2427 616 367 7444 3770 1315 735 2455 1497 958 249
is_linear=0
shrinkage=0.025


Tree=361
num_leaves=11
num_cat=0
split_feature=35 48 30 34 36 17 34 32 26 9
split_gain=0.749182 1.70055 1.06574 1.0103 1.12319 1.57063 1.38975 1.0522 0.775578 0.695295
threshold=0.41247424483299261 0.24834922701120379 0.071514528244733824 0.14204169809818271 0.52496865391731273 0.76870611310005199 0.11881402134895326 1.009617865085602 0.017548041418194774 0.029457863420248035
decision_type=2 2 2 2 2 2 2 2 2 2
left_child=3 -2 -3 4 6 -6 -1 8 -5 -9
right_child=1 2 -4 7 5 -7 -8 9 -10 -11
leaf_value=8.0248645247847064e-05 0.0019828822547364577 0.00016102324544167083 -0.0020736702480312198 -0.0014435651802853812 -0.00302394997144899 -0.00011131834583033478 -0.00056278512509911076 0.0042956793763754752 0.00064010509330547074 0.0008683765864588019
leaf_weight=10988 124 133 235 141 211 347 604 372 860 213
leaf_count=10988 124 133 235 141 211 347 604 372 860 213
internal_value=6.94689e-05 -0.000882797 -0.00173928 0.000104341 2.62239e-05 -0.0010635 7.96543e-05 0.000696889 0.00019508 0.00153602
internal_weight=14228 492 368 13736 12150 558 11592 1586 1001 585
internal_count=14228 492 368 13736 12150 558 11592 1586 1001 585
is_linear=0
shrinkage=0.025


Tree=362
num_leaves=12
num_cat=0
split_feature=4 45 29 46 41 4 13 46 38 11 9
split_gain=0.775743 2.08745 1.39207 2.02081 2.47631 1.00948 2.25786 1.43152 0.976506 2.04166 0.826254
threshold=-0.12773676961660382 0.057776963338255889 0.063719134777784361 0.49561403691768652 0.67715010046958934 0.18006349354982379 -0.39999970793724055 0.6347549855709077 -0.13795092701911923 0.015600595623254778 0.026136950589716438
decision_type=2 2 2 2 2 2 2 2 2 2 2
left_child=2 -2 8 4 -4 6 -3 -7 9 -1 -10
right_child=1 5 3 -5 -6 7 -8 -9 10 -11 -12
leaf_value=-0.0015525929413990616 -0.0011901150542440377 0.0043555116052981938 -0.0034398906006655908 0.0023068708902442459 0.00044435360475436961 0.00062300788907086269 -0.00025651601794396666 -6.2246956223641013e-05 0.0017431118979365869 0.00065846703204385469 -8.0826825435045068e-06
leaf_weight=280 180 199 173 167 174 3105 4382 4010 682 804 168
leaf_count=280 180 199 173 167 174 3105 4382 4010 682 804 168
internal_value=4.91138e-05 -3.39827e-05 0.000454036 -0.000691233 -0.00177912 7.1576e-06 -0.000281563 0.000193996 0.000762635 0.000255969 0.0013962
internal_weight=14324 11876 2448 514 347 11696 4581 7115 1934 1084 850
internal_count=14324 11876 2448 514 347 11696 4581 7115 1934 1084 850
is_linear=0
shrinkage=0.025


Tree=363
num_leaves=13
num_cat=0
split_feature=16 38 42 42 34 45 41 14 13 5 35 44
split_gain=0.865735 1.17392 1.12629 1.14183 0.866141 0.79448 2.23862 1.25755 0.995782 1.16299 0.728408 0.496833
threshold=0.015462978277355434 -0.14197238534688947 -0.027264038100838658 0.029511587694287304 0.097305420786142363 0.057776963338255889 0.74474322795867931 0.20983126014471057 -0.42069531977176661 -0.35684670507907862 0.014880453236401083 0.01517902920022607
decision_type=2 2 2 2 2 2 2 2 2 2 2 2
left_child=1 2 -1 -4 10 6 7 -2 11 -10 -3 -7
right_child=5 4 3 -5 -6 8 -8 -9 9 -11 -12 -13
leaf_value=0.00049628841716678365 -0.00014162130311157062 0.00063737697483116202 -0.0014647766907222135 5.2181611051395198e-07 -0.00038493114566501285 -0.00011348323661433207 0.0020322293338030681 -0.0018500629329181008 -0.00086405891030271256 6.9267204458143896e-06 0.0025385971492801031 0.0012709944263301306
leaf_weight=162 226 416 149 182 213 144 126 233 300 10845 795 470
leaf_count=162 226 416 149 182 213 144 126 233 300 10845 795 470
internal_value=7.15864e-05 0.000565167 -0.000474397 -0.00131324 0.000929846 -4.75738e-06 -0.000900424 -0.00171606 3.96337e-05 -1.40134e-05 0.00118935 0.00101575
internal_weight=14261 1917 493 331 1424 12344 585 459 11759 11145 1211 614
internal_count=14261 1917 493 331 1424 12344 585 459 11759 11145 1211 614
is_linear=0
shrinkage=0.025


Tree=364
num_leaves=14
num_cat=0
split_feature=30 31 41 46 40 44 31 43 0 25 39 23 30
split_gain=0.988296 1.16097 1.92639 2.49167 1.90776 3.07369 1.43401 0.734779 0.716499 0.744558 0.63043 0.604446 0.0173226
threshold=-0.71642702817916859 0.47636410593986517 0.28866481781005865 0.75650331377983104 0.46519245207309728 0.029396033845841888 0.93758124113082897 -0.16222599148750302 0.0028591639129444961 4.2962210178375253 0.92662888765335094 0.23517373949289325 -0.98172855377197255
decision_type=2 2 2 2 2 2 2 2 2 2 2 2 2
left_child=7 2 -2 -4 5 -3 -6 10 9 -9 -1 -10 -12
right_child=1 4 3 -5 6 -7 -8 8 11 -11 12 -13 -14
leaf_value=0.00077646668258769976 0.0032531961573568019 -0.0038765420875306409 -0.0001470738405510047 -0.0016282301348548693 0.00081856736763037034 0.00083170742229264237 -2.116823349592918e-05 0.0025569394217005285 -0.00048386630242983736 -0.00024929132011862785 0.0038417103019714807 0.00084893048076720113 0.001191919081763782
leaf_weight=203 235 124 3883 294 2709 121 5414 244 327 190 175 121 149
leaf_count=203 235 124 3883 294 2709 121 5414 244 327 190 175 121 149
internal_value=2.05193e-05 -4.83965e-05 -0.00037667 -0.000502451 0.00012406 -0.002025 0.000190853 0.000647985 0.000195885 0.000919704 0.00138393 -0.000493929 0.00206307
internal_weight=14189 12780 4412 4177 8368 245 8123 1409 882 434 527 448 324
internal_count=14189 12780 4412 4177 8368 245 8123 1409 882 434 527 448 324
is_linear=0
shrinkage=0.025


Tree=365
num_leaves=13
num_cat=0
split_feature=38 36 46 36 5 37 26 25 14 45 39 14
split_gain=1.37274 1.30538 1.41722 1.06842 2.14111 1.01296 0.958104 0.42297 0.704191 0.476057 0.244468 0.00539738
threshold=-0.27892369031906122 -0.14391931891441342 0.26950998604297643 -0.03503217734396457 -0.087108775973319993 0.018921818584203724 0.031416898593306548 -6.1713609695434561 0.40948276221752172 0.35326485335826879 1.1260152459144595 0.68534484505653392
decision_type=2 2 2 2 2 2 2 2 2 2 2 2
left_child=7 2 -2 4 -3 -5 -4 8 9 -1 11 -9
right_child=1 3 6 5 -6 -7 -8 10 -10 -11 -12 -13
leaf_value=0.00026409526951822843 -0.0025759876638189153 -0.001260305180330105 0.0001310199959631585 -6.5118770904373332e-05 0.0044934717496876398 0.00044322449002820766 -0.0018428390599764797 0.0030724029280022793 -0.0007488729111502653 0.0018676890503167604 0.00053018113413309288 0.0013464372883459637
leaf_weight=130 156 181 415 9185 633 2762 120 138 163 122 138 149
leaf_count=130 156 181 415 9185 633 2762 120 138 163 122 138 149
internal_value=5.06226e-05 -1.03105e-05 -0.00106501 4.67062e-05 0.00092033 -1.26547e-05 -0.000428241 0.00102811 0.000431548 0.00125973 0.0015843 0.00200771
internal_weight=14292 13452 691 12761 814 11947 535 840 415 252 425 287
internal_count=14292 13452 691 12761 814 11947 535 840 415 252 425 287
is_linear=0
shrinkage=0.025


Tree=366
num_leaves=13
num_cat=0
split_feature=43 40 47 40 11 22 4 43 39 26 5 23
split_gain=0.896918 2.15007 1.78179 1.29176 1.26728 2.45401 1.56962 1.08262 1.05636 1.05003 1.10033 0.400901
threshold=0.30846506357192999 1.2764671444892886 0.86720469594001781 1.4397432804107668 0.02068310230970383 0.62199571728706371 0.66223415732383739 0.066761393100023284 1.4127311110496523 0.032999720424413688 0.19136352092027667 0.12549457699060443
decision_type=2 2 2 2 2 2 2 2 2 2 2 2
left_child=2 4 3 7 6 -6 -2 -1 -5 11 -11 -4
right_child=1 -3 9 8 5 -7 -8 -9 -10 10 -12 -13
leaf_value=-5.2777655988776564e-05 -0.00020177602836022853 -0.0018986482332785243 0.00075192007464071819 -0.0015776897582508243 0.00037641313632267247 -0.0015645121878952687 0.0016777420234604283 0.00045924482864922187 -7.3182894216562293e-05 -0.0023003510807538567 0.00044135567430753368 0.0021140222280879059
leaf_weight=7704 600 134 180 125 324 315 483 3156 169 121 370 557
leaf_count=7704 600 134 180 125 324 315 483 3156 169 121 370 557
internal_value=2.5539e-05 -0.000485626 0.00010283 2.57649e-06 -0.000239577 -0.00111995 0.000276884 4.77451e-05 -0.00161789 0.00100466 9.32461e-05 0.00159872
internal_weight=14238 1856 12382 11154 1722 639 1083 10860 294 1228 491 737
internal_count=14238 1856 12382 11154 1722 639 1083 10860 294 1228 491 737
is_linear=0
shrinkage=0.025


Tree=367
num_leaves=11
num_cat=0
split_feature=9 37 37 36 36 35 19 37 35 35
split_gain=0.932611 1.0598 2.23726 2.43316 1.74821 1.71158 1.66656 1.34966 0.541724 0.0689078
threshold=0.014311928302049639 0.019648350775241855 0.016926769167184833 0.33700770139694219 0.52496865391731273 0.15337150543928149 0.016346708871424202 0.013694727793335916 0.0062867188826203355 0.11107799410820009
decision_type=2 2 2 2 2 2 2 2 2 2
left_child=8 2 7 -4 5 -3 -6 -2 -1 -10
right_child=1 4 3 -5 6 -7 -8 -9 9 -11
leaf_value=-0.0001527904273964095 -6.2112758446059677e-05 0.00021928552314989526 -0.0013906050258189466 0.00011359144886066144 -0.0023643631777165936 0.004013507152782151 0.00023799491180442967 0.00038952189574622723 0.0048044004588941747 0.00062219240094454637
leaf_weight=121 6645 1900 889 739 227 578 183 2791 158 121
leaf_count=121 6645 1900 889 739 227 578 183 2791 158 121
internal_value=3.64806e-05 1.70175e-06 -0.000109201 -0.000963717 0.000428189 0.000680125 -0.00106928 3.79992e-05 0.00121914 0.00181778
internal_weight=14352 13952 11064 1628 2888 2478 410 9436 400 279
internal_count=14352 13952 11064 1628 2888 2478 410 9436 400 279
is_linear=0
shrinkage=0.025


Tree=368
num_leaves=9
num_cat=0
split_feature=38 36 47 9 13 33 41 12
split_gain=1.2857 0.83508 1.79076 2.03209 1.30626 0.805566 0.347285 0.0879578
threshold=-0.30866937339305872 -0.15085972100496289 0.80080705881118786 0.021160094067454342 -0.49398656189441675 0.0061259726062417039 0.67715010046958934 -0.18809291720390317
decision_type=2 2 2 2 2 2 2 2
left_child=6 2 3 -2 7 -6 -1 -3
right_child=1 4 -4 -5 5 -7 -8 -9
leaf_value=0.0022769564892392842 -0.0032601947765811888 0.0028254796729359124 -0.0030154901387161974 0.00028343491643817833 -6.1368127802728415e-05 0.0002123281881786985 0.00018701135904405615 0.0019334948297552016
leaf_weight=244 135 127 193 651 8000 4663 132 120
leaf_count=244 135 127 193 651 8000 4663 132 120
internal_value=3.37247e-05 -5.12802e-06 -0.000707571 -0.000162769 4.79095e-05 1.19396e-05 0.00146654 0.00183036
internal_weight=14265 13889 979 786 12910 12663 376 247
internal_count=14265 13889 979 786 12910 12663 376 247
is_linear=0
shrinkage=0.025


Tree=369
num_leaves=15
num_cat=0
split_feature=37 37 32 43 35 10 36 38 30 20 41 36 29 9
split_gain=0.907891 1.81006 1.64106 1.61533 1.59186 1.42917 1.38974 1.27176 1.21684 1.93684 1.17522 0.897313 0.847788 0.553311
threshold=0.019648350775241855 0.017069165594875816 1.3056870698928835 -0.049605907872319215 0.16300999373197558 0.018456977792084221 0.33700770139694219 -0.038112789392471307 -0.31629692018032068 -0.10785693675279616 0.66841360926628124 0.52496865391731273 0.038027180358767516 0.035432726144790656
decision_type=2 2 2 2 2 2 2 2 2 2 2 2 2 2
left_child=1 2 5 -4 8 -1 10 -8 12 -10 -3 13 -2 -6
right_child=4 6 3 -5 11 -7 7 -9 9 -11 -12 -13 -14 -15
leaf_value=1.662147297840524e-06 -0.00042159845746485145 -0.0017784305034123692 -0.002074604174282815 -3.1347080256449093e-05 0.0051060759572776069 0.00060807061190842155 0.0050979486657649238 -0.00064913624979477278 -0.001204652863686603 4.3119760758250813e-06 -0.00012560951483864212 6.6956685820538097e-05 0.0017963293139783756 0.0018076603985655152
leaf_weight=7756 151 544 145 231 424 1729 129 602 177 1150 285 230 616 124
leaf_count=7756 151 544 145 231 424 1729 129 602 177 1150 285 230 616 124
internal_value=6.30334e-05 -3.643e-05 8.83084e-05 -0.00151903 0.000460115 0.000153451 -0.000826677 -2.20787e-05 9.70701e-05 -0.000357545 -0.00152428 0.00142241 0.000888925 0.00196881
internal_weight=14293 11421 9861 376 2872 9485 1560 731 2094 1327 829 778 767 548
internal_count=14293 11421 9861 376 2872 9485 1560 731 2094 1327 829 778 767 548
is_linear=0
shrinkage=0.025


Tree=370
num_leaves=15
num_cat=0
split_feature=9 46 39 25 13 5 23 47 33 13 3 9 48 37
split_gain=0.824073 1.46043 2.29338 1.48475 1.41964 1.95714 1.1707 1.20028 1.03645 1.03208 1.48146 0.613228 0.400404 0.289311
threshold=0.017470034770667556 0.21164613962173465 0.85537850856781017 1.4659076929092409 -0.066795881837606416 0.36692059040069586 0.12704696506261828 0.16269258409738543 0.0013080109492875638 -0.4151602834463119 0.10302451997995378 0.02528911363333464 0.1241746135056019 0.012131629977375271
decision_type=2 2 2 2 2 2 2 2 2 2 2 2 2 2
left_child=1 2 3 -1 13 -6 9 12 -9 11 -11 -2 -8 -3
right_child=6 4 -4 -5 5 -7 7 8 -10 10 -12 -13 -14 -15
leaf_value=-0.0022447216049792398 0.003734377580260378 0.0045624168755983496 0.0032783610619568312 1.9252115605131572e-05 -0.0020473445744151482 0.0032654166824542135 0.0020411217439913476 -0.00020555196245474806 0.00015746240126341784 -0.00053194368166941102 0.00012112747385552769 -0.0001070055690518013 0.0014517056120949604 0.00064932728731630508
leaf_weight=129 154 478 127 125 203 173 193 3385 4949 2042 1413 126 628 131
leaf_count=129 154 478 127 125 203 173 193 3385 4949 2042 1413 126 628 131
internal_value=2.51561e-05 0.000608133 -0.000689767 -0.00206081 0.00111742 -7.54592e-05 -3.63512e-05 0.000115311 2.44335e-05 -0.000409425 -0.000529263 0.0010307 0.00102452 0.00185871
internal_weight=14256 1366 381 254 985 376 12890 9155 8334 3735 3455 280 821 609
internal_count=14256 1366 381 254 985 376 12890 9155 8334 3735 3455 280 821 609
is_linear=0
shrinkage=0.025


Tree=371
num_leaves=13
num_cat=0
split_feature=13 37 26 16 40 28 10 9 9 31 15 9
split_gain=0.750677 0.74563 1.22575 1.1021 1.3423 1.04513 0.950758 0.667187 0.887054 0.541088 0.350542 0.231374
threshold=-0.43828728795051569 0.023582911118865017 0.027529797516763214 0.016117570921778682 0.83453750610351574 0.47499999403953558 0.023650155402719978 0.027281151153147224 0.030675137415528301 0.15755801647901538 0.38793103396892553 0.02686210256069899
decision_type=2 2 2 2 2 2 2 2 2 2 2 2
left_child=7 3 11 5 -5 -2 -4 10 -9 -10 -1 -3
right_child=1 2 6 4 -6 -7 -8 8 9 -11 -12 -13
leaf_value=0.0012729008511403472 0.0010767453234688928 0.0036796672361646392 0.0033129121556127756 0.00020947628231177546 -0.00023330022689763589 -9.4947876677079937e-06 -0.00013427168695378391 -0.00075149326578430927 -1.1576496981246243e-05 0.0017180886770447098 0.0023651691198611061 0.0042104381109647404
leaf_weight=136 983 155 220 2956 6628 1182 1075 150 125 154 264 198
leaf_count=136 983 155 220 2956 6628 1182 1075 150 125 154 264 198
internal_value=7.08841e-05 2.50896e-05 0.000522535 -4.43465e-05 -0.000159949 0.00046371 0.000158654 0.000798861 9.50462e-05 0.0009375 0.00152778 0.00181913
internal_weight=14226 13397 1648 11749 9584 2165 1295 829 429 279 400 353
internal_count=14226 13397 1648 11749 9584 2165 1295 829 429 279 400 353
is_linear=0
shrinkage=0.025


Tree=372
num_leaves=15
num_cat=0
split_feature=23 4 43 41 46 5 40 37 33 36 3 33 33 35
split_gain=0.72147 1.37044 1.82351 2.31291 1.55831 1.18362 1.03049 0.996341 1.29837 1.4235 1.03383 0.995994 1.24264 0.822557
threshold=0.12415428459644319 -0.12285948544740675 0.0098592266440391558 0.42428527772426611 0.71309739351272594 -0.31322276592254633 1.0010098814964297 0.0096004037186503428 0.0061868757475167522 0.4880418479442597 0.01671234238892794 0.01037758542224765 0.013776950072497131 0.28855048120021826
decision_type=2 2 2 2 2 2 2 2 2 2 2 2 2 2
left_child=1 5 3 -3 -4 6 -1 11 9 -9 -10 13 -13 -2
right_child=7 2 4 -5 -6 -7 -8 8 10 -11 -12 12 -14 -15
leaf_value=-0.0012061570201124534 0.0017147843968722369 -0.0019459479386497239 0.0010847168295042905 -0.00044696279804911152 -0.00030800236232948405 0.0011561452554936641 0.0010761689119459779 -2.6604576138100286e-05 -6.0670447718246917e-05 -0.0015438682175829769 0.00094831688404543835 -0.0019657434571282296 0.0018541585679565358 -0.00019453878139657552
leaf_weight=147 1230 228 948 1575 794 692 138 4367 1113 442 2168 130 138 166
leaf_count=147 1230 228 948 1575 794 692 138 4367 1113 442 2168 130 138 166
internal_value=5.83819e-05 -0.000201844 -0.000431338 -0.00098797 0.000142387 0.000622454 -0.000711207 0.000179706 6.40829e-05 -0.000196562 0.000447733 0.000736219 -0.000636447 0.00100553
internal_weight=14276 4522 3545 1803 1742 977 285 9754 8090 4809 3281 1664 268 1396
internal_count=14276 4522 3545 1803 1742 977 285 9754 8090 4809 3281 1664 268 1396
is_linear=0
shrinkage=0.025


Tree=373
num_leaves=12
num_cat=0
split_feature=16 35 35 38 31 10 48 15 34 35 34
split_gain=0.710822 1.00464 3.18841 1.67123 1.7023 1.51466 0.953516 0.85903 1.21507 0.794354 0.558508
threshold=0.015462978277355434 0.17463068664073947 0.12533523142337802 -0.075549017637968049 0.28070919215679174 0.0069453301839530477 0.094827588647604003 0.78448277711868297 0.088913511484861388 0.014880453236401083 -0.031412668526172631
decision_type=2 2 2 2 2 2 2 2 2 2 2
left_child=7 2 6 10 -5 -4 -2 8 9 -1 -3
right_child=1 3 5 4 -6 -7 -8 -9 -10 -11 -12
leaf_value=1.2143269420368392e-05 0.001253791755182803 0.00056995861611665311 0.00094816712208059626 -0.00098656375438822027 0.00014249419580379964 -0.001289038010772428 -1.1510950875392546e-05 0.0071733729163855758 -0.00075758651175660745 0.0015023664506465051 0.0042254541433369291
leaf_weight=784 542 147 123 181 3760 1414 5739 197 238 734 370
leaf_count=784 542 147 123 181 3760 1414 5739 197 238 734 370
internal_value=4.32943e-05 -2.67689e-05 -0.000197974 0.000271958 9.40827e-05 -0.00121676 5.11057e-05 0.000485827 0.000303095 0.000567137 0.00160201
internal_weight=14229 12276 7818 4458 3941 1537 6281 1953 1756 1518 517
internal_count=14229 12276 7818 4458 3941 1537 6281 1953 1756 1518 517
is_linear=0
shrinkage=0.025


Tree=374
num_leaves=15
num_cat=0
split_feature=30 31 30 26 47 9 43 45 23 26 8 35 44 31
split_gain=0.982876 1.39789 1.44826 1.1156 1.09091 1.52475 1.5067 0.815467 1.28485 1.01567 1.4101 0.808384 0.711704 0.306071
threshold=-0.58456766605377186 0.044596908614039428 0.27437245845794683 0.022285327315330509 0.19057226926088336 0.017470034770667556 0.10659798979759218 0.41966252028942114 0.11687929555773736 0.022056143730878833 0.027119244448840622 0.0031202738173305993 0.016290680505335334 0.58546510338783275
decision_type=2 2 2 2 2 2 2 2 2 2 2 2 2 2
left_child=7 2 3 -2 6 -6 -3 8 11 12 -11 -1 -9 -10
right_child=1 4 -4 -5 5 -7 -8 9 13 10 -12 -13 -14 -15
leaf_value=-0.00083992525569040119 0.00078645495327407623 0.00019667911778478163 -0.0041142206417976029 -0.0011810036879899173 0.0035963950203214928 -7.2828389856617923e-05 0.0024658988854373166 -0.00020815055217988742 0.0019122732133369507 -0.001221439161994554 0.00024891317503750274 0.00097928678729646891 0.0022512430303705897 0.00021704017817491194
leaf_weight=178 181 1718 127 123 348 9387 471 153 594 199 344 174 213 125
leaf_count=178 181 1718 127 123 348 9387 471 153 594 199 344 174 213 125
internal_value=5.97107e-05 -2.27548e-05 -0.00141342 -0.000432848 2.7559e-05 -8.53438e-05 0.000531563 0.000576197 0.00104205 1.77791e-05 -0.000659215 -0.000178571 0.00103437 0.00164537
internal_weight=14335 12355 431 304 11924 9735 2189 1980 1071 909 543 352 366 719
internal_count=14335 12355 431 304 11924 9735 2189 1980 1071 909 543 352 366 719
is_linear=0
shrinkage=0.025


Tree=375
num_leaves=7
num_cat=0
split_feature=10 35 40 6 7 47
split_gain=0.696697 1.11386 1.21366 0.997922 1.2704 1.07755
threshold=0.04402620159089566 -0.19672566652297971 0.96247589588165294 0.069963503628969206 -0.063009049743413911 0.86720469594001781
decision_type=2 2 2 2 2 2
left_child=1 2 -1 5 -5 -3
right_child=-2 3 -4 4 -6 -7
leaf_value=-0.0001354307601145623 0.0024054783685777664 2.515365012113887e-05 -0.0015762526287788192 0.00098884147178257878 -0.00070399095045342445 0.00068766733812577411
leaf_weight=157 165 11302 120 151 915 1480
leaf_count=157 165 11302 120 151 915 1480
internal_value=6.2522e-05 4.29053e-05 -0.00151152 7.49838e-05 -0.000657096 0.00013676
internal_weight=14290 14125 277 13848 1066 12782
internal_count=14290 14125 277 13848 1066 12782
is_linear=0
shrinkage=0.025


Tree=376
num_leaves=14
num_cat=0
split_feature=27 4 35 37 17 36 11 16 27 27 8 25 40
split_gain=0.765397 1.61942 1.79982 2.04405 1.2598 1.14653 1.20603 1.13455 1.1659 0.944534 1.04422 0.897628 0.833785
threshold=0.00082375237252563249 0.19207952916622165 0.059907127171754844 0.019488723948597911 0.63155817985534679 0.52496865391731273 0.017427752725780014 0.018254579976201061 -0.0072000070940703145 0.0010243555880151691 0.036612298339605338 1.4659076929092409 0.7393348515033723
decision_type=2 2 2 2 2 2 2 2 2 2 2 2 2
left_child=5 2 4 -4 -2 7 -7 12 -9 -3 -11 -8 -1
right_child=1 9 3 -5 -6 6 11 8 -10 10 -12 -13 -14
leaf_value=-6.1097339359514327e-05 -9.5295867363551942e-05 -0.0011701947570383151 -0.0010835777592557527 0.0024947881786877824 0.0024557314808100091 0.0014745997368367102 -0.00070952931918140622 -0.00053370255368945642 0.00021647752388539526 0.00047011626652247637 -0.00064654620800259845 -0.0030337790180929199 0.0014218851140354993
leaf_weight=409 1945 130 1627 268 226 141 157 836 3180 3062 733 120 1387
leaf_count=409 1945 130 1627 268 226 141 157 836 3180 3062 733 120 1387
internal_value=4.36701e-05 -0.000117715 -0.000467637 -0.00102961 2.12547e-05 0.000251604 -0.00100177 0.000343605 0.000107871 0.000243321 0.000317434 -0.00195479 0.000865491
internal_weight=14221 7991 4066 1895 2171 6230 418 5812 4016 3925 3795 277 1796
internal_count=14221 7991 4066 1895 2171 6230 418 5812 4016 3925 3795 277 1796
is_linear=0
shrinkage=0.025


Tree=377
num_leaves=7
num_cat=0
split_feature=41 38 21 36 40 22
split_gain=1.01279 0.872708 0.739749 0.813986 0.438913 0.406575
threshold=0.059105746448040015 -0.31172589957714075 24.874526977539066 0.20831683278083804 0.87517720460891735 0.18907242268323901
decision_type=2 2 2 2 2 2
left_child=-1 4 5 -4 -2 -3
right_child=1 2 3 -5 -6 -7
leaf_value=-0.00044846913879316252 0.0029925470006581553 0.00059270753302429608 -9.0320115704713716e-05 0.00012522448767130539 0.00055011577934690331 0.0019493251734198512
leaf_weight=140 143 501 6486 6739 175 123
leaf_count=140 143 501 6486 6739 175 123
internal_value=5.14429e-05 7.31196e-05 4.26773e-05 2.36215e-06 0.00135836 0.000880366
internal_weight=14307 14167 13849 13225 318 624
internal_count=14307 14167 13849 13225 318 624
is_linear=0
shrinkage=0.025


Tree=378
num_leaves=13
num_cat=0
split_feature=4 45 17 36 26 46 30 40 13 16 48 42
split_gain=0.780253 1.37954 1.28153 1.24858 1.19291 1.52281 2.70509 0.512231 0.460886 0.538237 0.305983 0.232432
threshold=-0.12773676961660382 0.057776963338255889 -0.37672972679138178 0.12199170142412187 0.021299890242516998 0.39125831425189977 -0.5385756492614745 1.0290986299514773 -0.30122320353984827 0.017933302558958534 0.31474687159061437 0.023327328264713291
decision_type=2 2 2 2 2 2 2 2 2 2 2 2
left_child=4 -2 11 -4 8 6 -6 -7 9 -1 -10 -3
right_child=1 2 3 -5 5 7 -8 -9 10 -11 -12 -13
leaf_value=2.2503341576979971e-06 -0.0013435042985949777 0.003406841716634695 -0.00026596272792074707 7.1180417392730519e-05 0.0015513978780128238 0.0014987520842341324 -0.0011090999077994488 9.1327794437732126e-05 0.00080764914628955156 0.0010618014764197106 0.0022818636938151996 0.0002456902402742725
leaf_weight=386 183 179 3748 7590 237 283 533 238 120 367 277 141
leaf_count=386 183 179 3748 7590 237 283 533 238 120 367 277 141
internal_value=2.09107e-05 -6.25738e-05 -2.77586e-05 -7.26218e-05 0.000427739 -8.9699e-05 -0.000798387 0.000943441 0.0010119 0.000628298 0.00170709 0.00151923
internal_weight=14282 11841 11658 11338 2441 1291 770 521 1150 753 397 320
internal_count=14282 11841 11658 11338 2441 1291 770 521 1150 753 397 320
is_linear=0
shrinkage=0.025


Tree=379
num_leaves=15
num_cat=0
split_feature=16 16 36 33 6 14 34 36 35 20 30 9 16 24
split_gain=0.76672 2.26482 2.23672 2.16164 1.55421 1.15332 0.9573 2.15836 1.13794 0.912364 0.716023 0.710443 0.699169 0.65499
threshold=0.02759466785937548 0.031839871779084213 0.49588042497634893 0.0052241429220885047 0.036578364670276649 0.68534484505653392 0.091456320136785521 0.39159438014030462 -0.19672566652297971 0.4623315036296845 0.29881086945533758 0.029457863420248035 0.028496605344116691 24.062123298645023
decision_type=2 2 2 2 2 2 2 2 2 2 2 2 2 2
left_child=2 11 6 4 -4 10 8 -8 -1 -7 -3 -2 -13 -5
right_child=1 5 3 13 -6 9 7 -9 -10 -11 -12 12 -14 -15
leaf_value=-0.0018867613256255506 0.0017308084943923917 0.00040161515436736039 -0.0011511714042301744 -0.0016523161148134056 -0.0043924326461972944 -0.0018797981678447052 -0.00039281889291053389 0.0045973347951088163 0.00016415095047935178 -0.00017215476970005875 -0.00072200522586274253 -0.00098564516944995239 0.0018725945764100427 0.00083132455668389531
leaf_weight=201 792 341 145 143 151 132 2367 273 8538 121 146 237 350 294
leaf_count=201 792 341 145 143 151 132 2367 273 8538 121 146 237 350 294
internal_value=4.01272e-05 0.000478461 -3.62094e-05 -0.00137026 -0.00300249 -0.000629195 4.9741e-05 -0.000366257 0.000176264 -0.00198159 7.3679e-05 0.00107749 0.000399071 -0.000229072
internal_weight=14231 2119 12112 733 296 740 11379 2640 8739 253 487 1379 587 437
internal_count=14231 2119 12112 733 296 740 11379 2640 8739 253 487 1379 587 437
is_linear=0
shrinkage=0.025


Tree=380
num_leaves=13
num_cat=0
split_feature=13 2 40 22 36 36 9 8 13 38 27 21
split_gain=0.814076 0.832206 0.822294 1.35695 0.975693 0.853173 2.105 1.82597 0.776812 0.662808 0.778396 0.148638
threshold=-0.43828728795051569 -0.036318216472864144 1.3190979957580569 0.69181141257286083 0.10426279157400133 0.21809379011392596 0.018639316782355312 0.016464077867567543 -0.05686745606362819 -0.26547384262084955 0.00092897602007724356 50.569869995117195
decision_type=2 2 2 2 2 2 2 2 2 2 2 2
left_child=1 9 5 4 -4 6 -2 -7 -5 -1 -11 -3
right_child=2 11 3 8 -6 7 -8 -9 -10 10 -12 -13
leaf_value=0.0012487257013921215 0.0012900809804355861 0.00085508828382120259 -0.0002097740476219174 0.00080961433302531778 -0.0016691916237907619 -0.0004695267750185861 -0.00026255400660514164 0.00041432033494810249 -0.00089316311879913393 0.0002538178336929642 -0.00083453733840676441 0.0022985205732682546
leaf_weight=175 1294 149 328 234 199 723 4794 5782 120 166 135 224
leaf_count=175 1294 149 328 234 199 723 4794 5782 120 166 135 224
internal_value=3.14944e-05 0.000780152 -1.5487e-05 -0.000751975 -0.0015531 3.58193e-05 -0.000176227 0.000235215 0.000428273 7.01664e-05 -0.000625 0.00165675
internal_weight=14323 849 13474 881 527 12593 6088 6505 354 476 301 373
internal_count=14323 849 13474 881 527 12593 6088 6505 354 476 301 373
is_linear=0
shrinkage=0.025


Tree=381
num_leaves=13
num_cat=0
split_feature=40 22 8 41 22 17 16 3 36 13 13 39
split_gain=1.02829 1.44041 1.59485 1.92164 0.842336 1.15241 1.10221 0.815496 1.64873 1.39273 0.743577 0.344751
threshold=1.3190979957580569 0.65027412772178661 0.019852667115628723 0.76394981145858776 1.0980836153030398 0.48158290982246404 0.021441875956952575 0.06991522386670114 -0.088757522404193864 -0.23416599631309507 -0.11296671256422995 1.4436544179916384
decision_type=2 2 2 2 2 2 2 2 2 2 2 2
left_child=4 2 -2 -4 7 6 -6 9 -9 -1 11 -3
right_child=1 10 3 -5 5 -7 -8 8 -10 -11 -12 -13
leaf_value=0.00013979007352478323 0.00048466535275926896 0.0018257103937557003 -0.0014246219754728128 9.3996516286785174e-05 -0.0012038389611272425 0.00034770918815316544 -0.0029693101628185483 0.0019381296802925862 0.00017887999747175036 -0.00037395311158865021 -0.0004479480291845281 0.00025967050687257428
leaf_weight=3198 132 126 353 140 150 211 126 303 6413 2758 187 126
leaf_count=3198 132 126 353 140 150 211 126 303 6413 2758 187 126
internal_value=3.52299e-05 -0.000709775 -0.00147817 -0.00213102 9.61905e-05 -0.000917175 -0.00197064 0.000135975 0.000324915 -7.61197e-05 0.000374437 0.00125973
internal_weight=14223 1064 625 493 13159 487 276 12672 6716 5956 439 252
internal_count=14223 1064 625 493 13159 487 276 12672 6716 5956 439 252
is_linear=0
shrinkage=0.025


Tree=382
num_leaves=9
num_cat=0
split_feature=21 20 47 31 36 40 17 48
split_gain=0.644743 0.594644 1.58378 1.96445 1.20542 1.16869 3.98318 1.52023
threshold=15.363976478576662 0.266266480088234 0.86720469594001781 0.81653678417205822 -0.15085972100496289 0.8691898286342622 1.3742074370384219 0.1241746135056019
decision_type=2 2 2 2 2 2 2 2
left_child=-1 2 3 -2 -4 6 -3 -7
right_child=1 5 4 -5 -6 7 -8 -9
leaf_value=0.0016471429076039803 -3.7139586712172039e-06 0.0012241235091452409 -0.0014436096002844252 -0.00059588009221110813 0.0016564177747842952 -0.0015272996646035946 -0.0030782903010102263 3.037061373840814e-05
leaf_weight=171 6693 1414 121 1769 728 168 130 3100
leaf_count=171 6693 1414 121 1769 728 168 130 3100
internal_value=3.69782e-05 1.77839e-05 -9.83522e-05 -0.000202403 0.000926522 0.000243668 0.000809393 -2.25328e-05
internal_weight=14294 14123 9311 8462 849 4812 1544 3268
internal_count=14294 14123 9311 8462 849 4812 1544 3268
is_linear=0
shrinkage=0.025


Tree=383
num_leaves=9
num_cat=0
split_feature=30 37 36 40 37 47 35 19
split_gain=0.850191 0.861309 1.33197 1.1879 1.08424 2.50228 1.3265 0.845587
threshold=1.4872074723243716 0.023403232917189602 0.52496865391731273 0.93927651643753063 0.016778284683823589 0.91434335708618175 0.11997384950518609 0.17497397214174273
decision_type=2 2 2 2 2 2 2 2
left_child=1 4 7 -4 6 -6 -1 -3
right_child=-2 2 3 -5 5 -7 -8 -9
leaf_value=0.00027440308713413622 0.0023821709869655673 0.0017393080915634005 0.0011975223213391351 -0.0015174564089794262 -0.00017984247329167692 -0.0022863682392330947 -0.0001472958059695281 -0.0013403251545938163
leaf_weight=5132 227 1350 148 182 2575 200 4363 123
leaf_count=5132 227 1350 148 182 2575 200 4363 123
internal_value=5.54877e-05 3.02778e-05 0.000539961 -0.000876866 -4.42973e-05 -0.000478867 8.22369e-05 0.000863498
internal_weight=14300 14073 1803 330 12270 2775 9495 1473
internal_count=14300 14073 1803 330 12270 2775 9495 1473
is_linear=0
shrinkage=0.025


Tree=384
num_leaves=7
num_cat=0
split_feature=37 38 34 35 38 41
split_gain=0.752046 0.749718 0.746299 1.32079 1.16695 0.42798
threshold=0.0070376950316131124 -0.30866937339305872 0.14204169809818271 0.38493418693542486 -0.065974175930023179 0.54158252477645885
decision_type=2 2 2 2 2 2
left_child=-1 5 4 -4 -3 -2
right_child=1 2 3 -5 -6 -7
leaf_value=0.0081203804797487632 0.0028218180089384479 9.2381305071133376e-05 0.0012123964236353431 -0.0012815650254935649 -0.00026006118627923863 0.00017309143938381644
leaf_weight=121 178 6606 1519 273 5351 192
leaf_count=121 178 6606 1519 273 5351 192
internal_value=3.11514e-05 1.35409e-05 -1.60861e-05 0.000458403 -8.78824e-05 0.00111667
internal_weight=14240 14119 13749 1792 11957 370
internal_count=14240 14119 13749 1792 11957 370
is_linear=0
shrinkage=0.025


Tree=385
num_leaves=12
num_cat=0
split_feature=21 30 6 38 15 32 16 8 42 35 8
split_gain=0.791545 0.845114 0.862601 1.40163 1.20893 0.635418 0.727388 0.559783 0.537788 0.396922 0.146676
threshold=78.074462890625014 -1.3198792934417722 0.068569459021091475 -0.11399348825216292 0.077586207538843169 0.90316742658615123 0.018965835683047775 0.036612298339605338 -0.037468336522579186 0.14481195062398913 0.024874577298760418
decision_type=2 2 2 2 2 2 2 2 2 2 2
left_child=1 8 4 -4 -3 6 -2 10 -1 -8 -7
right_child=5 2 3 -5 -6 7 9 -9 -10 -11 -12
leaf_value=0.0031420859754716837 -0.0012968213216263456 -0.0026255094102826042 0.00010942756271682348 -0.00095435862927488219 -6.4617289833109798e-06 0.0016723209517069443 -6.6451101886819095e-05 -0.00056659696630129673 5.8891921878844606e-05 0.0021250115162365587 0.002832060556162841
leaf_weight=153 187 142 499 526 11497 278 154 140 174 227 289
leaf_count=153 187 142 499 526 11497 278 154 140 174 227 289
internal_value=-2.12843e-05 -8.01207e-05 -0.00011317 -0.000807039 -5.12065e-05 0.000571289 -4.14484e-05 0.00106917 0.0011634 0.000573187 0.00141827
internal_weight=14266 12991 12664 1025 11639 1275 568 707 327 381 567
internal_count=14266 12991 12664 1025 11639 1275 568 707 327 381 567
is_linear=0
shrinkage=0.025


Tree=386
num_leaves=14
num_cat=0
split_feature=34 35 6 34 40 17 40 38 33 8 33 27 11
split_gain=0.883417 0.991455 0.904223 1.24638 0.841144 1.5976 1.43073 0.832777 0.918876 0.732106 0.70969 0.893348 0.783653
threshold=0.14204169809818271 0.28855048120021826 0.071436360478401198 -0.11849038675427435 0.72273260354995739 0.095546625554561629 0.8691898286342622 -1.0000000180025095e-35 0.013304424937814476 0.034248242154717452 0.0051436624489724645 0.0030319173820316796 0.018775072880089286
decision_type=2 2 2 2 2 2 2 2 2 2 2 2 2
left_child=2 10 4 -4 5 -1 -6 -3 -9 -5 11 -2 -12
right_child=1 7 3 9 6 -7 -8 8 -10 -11 12 -13 -14
leaf_value=0.00037231497711930311 0.0030502016767893336 0.0023780564196939392 0.0031745326625853818 -0.00020583221959478458 0.0010224781782973821 -0.00048970264252756984 -3.628057561205451e-06 -0.0015853778657121658 0.00022353102215432968 -0.001450373925145871 0.0050577247556796321 -0.00077340794255615437 0.00081333336112229056
leaf_weight=596 217 235 144 426 2332 1135 7396 217 268 403 415 156 340
leaf_count=596 217 235 144 426 2332 1135 7396 217 268 403 415 156 340
internal_value=7.83165e-05 0.000587561 1.90972e-06 -0.000727249 6.4659e-05 -0.000441388 0.000155528 -0.00012931 -0.000727041 -0.00110462 0.00104921 0.000135582 0.00148849
internal_weight=14280 1848 12432 973 11459 1731 9728 720 485 829 1128 373 755
internal_count=14280 1848 12432 973 11459 1731 9728 720 485 829 1128 373 755
is_linear=0
shrinkage=0.025


Tree=387
num_leaves=6
num_cat=0
split_feature=3 8 12 18 46
split_gain=0.723868 0.830308 0.905192 1.93338 0.875304
threshold=0.68802121281623851 0.057141719385981567 -0.29302370548248285 -0.049428856000304215 0.6347549855709077
decision_type=2 2 2 2 2
left_child=1 2 3 -1 -4
right_child=-2 -3 4 -5 -6
leaf_value=0.00017980174505719752 -0.0010157387250440779 0.0034165016732080802 0.00017925656463196036 -0.0014575884232139783 -8.3251700659358054e-05
leaf_weight=333 225 134 8114 305 5143
leaf_count=333 225 134 8114 305 5143
internal_value=5.81213e-05 8.13205e-05 6.16008e-05 -0.000853421 0.000106413
internal_weight=14254 14029 13895 638 13257
internal_count=14254 14029 13895 638 13257
is_linear=0
shrinkage=0.025


Tree=388
num_leaves=15
num_cat=0
split_feature=35 38 40 35 39 44 40 9 17 4 4 8 6 24
split_gain=0.865366 1.85621 1.99137 1.66519 1.64675 1.60824 1.58926 1.37431 1.26641 1.65295 1.22507 0.643799 0.332537 0.0186544
threshold=0.17463068664073947 -0.073971465229988084 0.85580661892890941 0.11997384950518609 0.93757230043411266 0.019704924896359447 1.0860027670860293 0.032015120610594756 0.91086941957473766 0.72370037436485302 0.28302007913589483 0.038119286298751838 0.049718463793396957 31.679337501525882
decision_type=2 2 2 2 2 2 2 2 2 2 2 2 2 2
left_child=3 12 7 8 -4 10 -7 -3 9 -1 -5 -10 13 -2
right_child=1 2 4 5 -6 6 -8 -9 11 -11 -12 -13 -14 -15
leaf_value=-4.07246519798564e-06 0.0059013179443736319 0.0014155962381136413 -0.00084889805786968859 -0.00045460991325282712 9.6498895149437833e-05 -0.0015991182964313891 8.6173577479575284e-05 -0.00050714800089447223 0.0024865719020206734 -0.0019899320963299573 0.0012548332549552489 -3.5518522513814955e-06 0.0013740639985550026 0.0037990642158037889
leaf_weight=6851 226 999 906 816 1866 638 276 258 531 134 292 256 156 120
leaf_count=6851 226 999 906 816 1866 638 276 258 531 134 292 256 156 120
internal_value=1.09038e-05 0.000296792 0.00011558 -0.000120803 -0.000257022 -0.000759127 -0.00153292 0.000939976 4.48439e-05 -6.16952e-05 -0.000111186 0.00099274 0.00172337 0.00216168
internal_weight=14325 4531 4029 9794 2772 2022 914 1257 7772 6985 1108 787 502 346
internal_count=14325 4531 4029 9794 2772 2022 914 1257 7772 6985 1108 787 502 346
is_linear=0
shrinkage=0.025


Tree=389
num_leaves=6
num_cat=0
split_feature=12 43 35 40 23
split_gain=0.895258 1.13741 0.966958 1.92805 0.788383
threshold=-0.39291308820247645 -0.55635732412338246 -0.19672566652297971 0.97405219078063976 0.12704696506261828
decision_type=2 2 2 2 2
left_child=-1 -2 3 -3 -4
right_child=1 2 4 -5 -6
leaf_value=0.0029498084996822239 -0.001321815292957882 0.00017535372417800627 -9.6614692533391385e-05 -0.0019568448628702519 9.516638349255583e-05
leaf_weight=152 147 173 4657 120 8978
leaf_count=152 147 173 4657 120 8978
internal_value=2.5383e-05 3.99512e-06 2.79015e-05 -0.00138003 5.91093e-05
internal_weight=14227 14075 13928 293 13635
internal_count=14227 14075 13928 293 13635
is_linear=0
shrinkage=0.025


Tree=390
num_leaves=12
num_cat=0
split_feature=6 38 34 5 11 35 40 16 35 2 40
split_gain=0.835836 1.08252 2.20788 1.24133 0.973879 1.42569 2.67826 1.00651 0.671941 0.545727 0.440565
threshold=0.069963503628969206 -0.11399348825216292 0.034701298922300346 0.080564524978399291 0.032224137336015708 -0.14235104620456693 0.97405219078063976 0.02759466785937548 0.37864516675472265 -0.029043154790997502 1.0920127034187319
decision_type=2 2 2 2 2 2 2 2 2 2 2
left_child=4 3 -3 -2 5 6 -1 -7 -4 -5 -6
right_child=1 2 8 9 10 7 -8 -9 -10 -11 -12
leaf_value=0.00017245149144817131 -0.00074276656915135881 -0.0020214747864476866 0.00015033370292671269 0.0032315477371661254 5.8887598983947214e-05 2.0445479744060621e-05 -0.0018474778344256563 0.0007859047873395831 -0.0012777529693052448 0.00036668560578574736 0.0032605856226284717
leaf_weight=376 164 181 351 199 133 10786 272 1434 121 170 160
leaf_count=376 164 181 351 199 133 10786 272 1434 121 170 160
internal_value=4.259e-05 -0.00059089 -0.0012709 0.000234666 0.000100353 6.70979e-05 -0.00107006 0.000128323 -0.000343291 0.00104612 0.00151426
internal_weight=14347 1186 653 533 13161 12868 648 12220 472 369 293
internal_count=14347 1186 653 533 13161 12868 648 12220 472 369 293
is_linear=0
shrinkage=0.025


Tree=391
num_leaves=8
num_cat=0
split_feature=44 11 43 40 46 46 29
split_gain=0.674589 0.826176 1.13368 1.083 1.29257 1.08451 0.081922
threshold=0.047565177083015449 0.030146511271595958 0.23461656272411349 1.3052054047584536 0.28690260648727423 0.34785239398479467 0.073515191674232497
decision_type=2 2 2 2 2 2 2
left_child=1 3 6 5 -5 -1 -3
right_child=-2 2 -4 4 -6 -7 -8
leaf_value=-0.0001387955325237388 -0.00049171755026105549 0.0008605400006464611 -6.5027133668148381e-05 0.00040258947438767808 -0.00051817869598727096 0.00018905557692960016 0.0030943222014423581
leaf_weight=4255 165 163 130 257 828 8251 205
leaf_count=4255 165 163 130 257 828 8251 205
internal_value=5.6368e-05 7.56529e-05 0.00107107 3.83386e-05 -0.000716743 0.000104608 0.00177949
internal_weight=14254 14089 498 13591 1085 12506 368
internal_count=14254 14089 498 13591 1085 12506 368
is_linear=0
shrinkage=0.025


Tree=392
num_leaves=13
num_cat=0
split_feature=16 16 35 33 36 33 17 46 36 7 37 35
split_gain=0.823421 1.53595 3.01577 2.17234 1.76363 1.83785 1.41551 1.33652 1.30501 1.25354 1.16485 0.808214
threshold=0.024065744131803516 0.022594901733100418 -0.013657571747899054 -0.0093572121113538725 0.47109559178352362 0.019633836112916473 1.3742074370384219 0.37386569380760198 0.1298915967345238 -0.021277523599565026 0.014734101016074421 -0.11266281083226203
decision_type=2 2 2 2 2 2 2 2 2 2 2 2
left_child=1 4 11 -4 5 -1 8 -6 9 -2 -10 -3
right_child=6 2 3 -5 7 -7 -8 -9 10 -11 -12 -13
leaf_value=0.00016092707021035207 0.00092441801746343032 -7.554278928264177e-05 -0.0033848075844634218 -0.00083874899093641609 -0.0025792189361249756 -0.0012236422803143052 -0.00090753078192348357 -0.0003150059222969867 0.0018368109178329016 -0.00054145898594499164 0.00024373203780517365 0.0021916755453481921
leaf_weight=7948 253 156 123 1001 133 477 162 304 1192 703 1465 354
leaf_count=7948 253 156 123 1001 133 477 162 304 1192 703 1465 354
internal_value=4.87708e-05 -6.46366e-05 -0.000767999 -0.00149136 6.47063e-05 0.000146056 0.00036541 -0.00147342 0.000470218 -0.000316077 0.000755541 0.000813107
internal_weight=14271 10496 1634 1124 8862 8425 3775 437 3613 956 2657 510
internal_count=14271 10496 1634 1124 8862 8425 3775 437 3613 956 2657 510
is_linear=0
shrinkage=0.025


Tree=393
num_leaves=12
num_cat=0
split_feature=9 26 19 43 36 13 16 46 13 29 46
split_gain=0.8085 1.16774 2.31599 1.27958 1.15503 1.62682 1.44284 1.03293 1.17858 2.05387 0.727791
threshold=0.017470034770667556 0.017829000018537048 0.10824183374643327 0.19295851141214374 0.22228828817605975 -0.40420721471309656 0.020736523903906349 0.10582306981086732 -0.077404718846082674 0.033648006618022926 0.18254688382148745
decision_type=2 2 2 2 2 2 2 2 2 2 2
left_child=7 2 3 -2 5 -3 -6 -1 10 -10 -9
right_child=1 4 -4 -5 6 -7 -8 8 9 -11 -12
leaf_value=-0.00097807971757175199 -3.7134582582201814e-05 0.00065739677717827256 -0.0019917894969108622 -0.0025656722760287669 0.001261751599142411 -0.00018721936646407019 6.5606857183628179e-06 -3.3734597130674347e-05 -0.0017588561943217883 0.0017647833111029564 0.0036708836906404123
leaf_weight=155 1402 785 170 132 1730 4768 3949 138 238 197 623
leaf_count=155 1402 785 170 132 1730 4768 3949 138 238 197 623
internal_value=6.03494e-06 -5.43813e-05 -0.0006634 -0.000346816 3.77103e-05 -0.000217929 0.000288749 0.000587205 0.000839925 -0.000184659 0.00143114
internal_weight=14287 12936 1704 1534 11232 5553 5679 1351 1196 435 761
internal_count=14287 12936 1704 1534 11232 5553 5679 1351 1196 435 761
is_linear=0
shrinkage=0.025


Tree=394
num_leaves=14
num_cat=0
split_feature=47 17 5 41 9 29 26 43 46 21 20 32 43
split_gain=0.921599 1.17837 1.96228 2.79325 1.16432 1.14856 1.52406 1.03375 0.987675 0.792125 0.314369 0.236753 0.19825
threshold=0.19057226926088336 0.50710022449493419 0.00706778233870864 0.6386837661266328 0.017729950137436393 0.022810979746282104 0.01764285005629063 -0.2091775834560394 0.37386569380760198 41.887887954711921 0.11490583419799806 1.0993001461029055 -0.14851140230894086
decision_type=2 2 2 2 2 2 2 2 2 2 2 2 2
left_child=1 2 8 -4 9 12 -7 -3 -1 -2 -11 -9 -6
right_child=4 7 3 -5 5 6 -8 11 -10 10 -12 -13 -14
leaf_value=0.00042586932424137447 -0.0013205331402307754 -0.00083678373528272741 0.0007446131852472715 -0.0020271251838882257 0.001970716875111302 -0.00071394539227732055 -2.2007502365545977e-05 0.0020554587068252455 0.0025100594591041898 0.0074317020940487775 0.00076011293324756599 0.0014610570926924624 0.0020390836975205389
leaf_weight=648 120 122 772 460 131 969 9776 417 235 225 126 157 146
leaf_count=648 120 122 772 460 131 969 9776 417 235 225 126 157 146
internal_value=3.69524e-05 0.00044256 0.000144458 -0.00049616 -6.18585e-05 -0.000114605 -0.000156395 0.00133203 0.00104307 0.00114758 0.00174508 0.00177677 0.00145833
internal_weight=14304 2811 2115 1232 11493 11022 10745 696 883 471 351 574 277
internal_count=14304 2811 2115 1232 11493 11022 10745 696 883 471 351 574 277
is_linear=0
shrinkage=0.025


Tree=395
num_leaves=14
num_cat=0
split_feature=29 35 40 5 35 40 48 14 24 3 30 39 35
split_gain=0.744561 1.10849 1.82524 2.91805 1.31187 1.24091 2.02678 1.2415 0.919869 1.0627 0.627053 0.678359 0.510969
threshold=0.028214073739945892 0.18036336451768878 0.69039636850357067 0.068470854312181487 0.12533523142337802 0.86102840304374706 0.1241746135056019 0.1241746135056019 29.007381439208988 -0.14140818268060681 -0.20927981287240979 0.97185879945755016 0.13010810315608981
decision_type=2 2 2 2 2 2 2 2 2 2 2 2 2
left_child=8 2 3 -2 -4 7 -7 -3 10 -10 11 -1 -12
right_child=1 5 4 -5 -6 6 -8 -9 9 -11 12 -13 -14
leaf_value=-0.00034797655334273004 0.00032876716355357324 -0.00081842738469887089 6.5998850347373259e-05 -0.0014217552619468863 -0.00046149726585746934 -0.0020398850415312571 0.00014723461502520437 0.0019955454394964458 0.00083500015951031242 -0.0012181646836330723 0.0023853186928996751 0.00081539214539865304 0.00027224667500880387
leaf_weight=288 325 158 5888 703 1614 135 2721 1135 128 231 560 182 213
leaf_count=288 325 158 5888 703 1614 135 2721 1135 128 231 560 182 213
internal_value=5.22365e-05 -1.15302e-05 -0.000175015 -0.00116045 -3.8464e-05 0.000322882 2.92731e-05 0.000963983 0.000559272 -0.000539148 0.000882412 0.000144737 0.00131909
internal_weight=14281 12679 8530 1028 7502 4149 2856 1293 1602 359 1243 470 773
internal_count=14281 12679 8530 1028 7502 4149 2856 1293 1602 359 1243 470 773
is_linear=0
shrinkage=0.025


Tree=396
num_leaves=11
num_cat=0
split_feature=35 48 5 42 10 37 36 32 1 35
split_gain=0.827259 1.76058 1.35483 0.940974 0.870779 1.81896 1.36972 0.662558 0.520149 0.268302
threshold=0.41247424483299261 0.24834922701120379 0.99052628874778759 -0.11553654447197913 0.024475886486470703 0.018921818584203724 0.52496865391731273 1.1082907319068911 -0.074734155088663087 0.004641768755391241
decision_type=2 2 2 2 2 2 2 2 2 2
left_child=3 -2 -3 7 5 -5 -6 8 -1 -9
right_child=1 2 -4 4 6 -7 -8 9 -10 -11
leaf_value=0.0013675251496889573 0.0023126950998510268 -0.0027118247949521109 -0.00035622229917828475 -9.3033339587237482e-06 -9.5720305415748164e-05 0.0012733899156909031 -0.001807663194346634 0.00032269128371587176 5.7246347886997306e-05 0.0019586092328966655
leaf_weight=162 122 197 175 9344 1694 1232 199 130 803 194
leaf_count=162 122 197 175 9344 1694 1232 199 130 803 194
internal_value=2.97223e-05 -0.000969439 -0.00182692 6.63919e-05 0 8.82479e-05 -0.000493282 0.000708076 0.000367268 0.00168313
internal_weight=14252 494 372 13758 12469 10576 1893 1289 965 324
internal_count=14252 494 372 13758 12469 10576 1893 1289 965 324
is_linear=0
shrinkage=0.025


Tree=397
num_leaves=14
num_cat=0
split_feature=33 0 39 35 46 35 3 43 46 14 26 11 11
split_gain=0.847062 1.90836 1.32504 0.888604 2.82637 1.05149 1.11916 0.857581 1.41878 1.06352 0.778685 0.73015 0.395312
threshold=-0.0016153606702573595 0.0071693621575832376 0.53671196103096019 -0.16059710830450055 0.38114453852176672 -0.083438433706760393 -0.011696050409227608 -0.25590318441390986 0.61552816629409801 0.32336756587028509 0.032247720286250121 0.014930597972124817 0.023844310082495216
decision_type=2 2 2 2 2 2 2 2 2 2 2 2 2
left_child=1 7 -3 4 -2 11 -7 9 -9 -1 -4 -5 -6
right_child=3 2 10 5 12 6 -8 8 -10 -11 -12 -13 -14
leaf_value=0.00011559755681544138 -0.0017255076606256282 -0.0026990990444555009 -0.00019357823330759009 -0.00089450751728189246 0.0011829956363154008 -0.00013871331280880726 0.00023220488172529885 0.00061979021669494774 -0.00024564145203379684 -0.0015912635598887008 -0.0018057032118579197 0.0011822383198536153 -4.5068339559408284e-05
leaf_weight=308 158 122 548 128 152 1916 6305 1691 1364 256 174 982 157
leaf_count=308 158 122 548 128 152 1916 6305 1691 1364 256 174 982 157
internal_value=7.50912e-05 -0.000209546 -0.0012765 0.000205422 -0.000850106 0.000259346 0.000160619 3.89764e-05 0.000206291 -0.000850176 -0.000844223 0.000980942 0.000529459
internal_weight=14261 4463 844 9798 467 9331 8221 3619 3055 564 722 1110 309
internal_count=14261 4463 844 9798 467 9331 8221 3619 3055 564 722 1110 309
is_linear=0
shrinkage=0.025


Tree=398
num_leaves=15
num_cat=0
split_feature=16 36 19 39 39 38 16 9 33 44 42 40 0 37
split_gain=0.683966 1.25501 1.51058 1.27284 1.52495 1.36439 1.11167 1.13625 1.13456 0.967976 0.943583 1.39644 0.93522 0.898044
threshold=0.024065744131803516 0.47109559178352362 0.0010818890295922758 0.79781314730644237 1.3276763558387759 -0.23743882775306699 0.031839871779084213 0.029360615648329261 0.005979471607133747 0.022161420434713367 0.032393168658018119 0.88962307572364818 0.011685751844197513 0.010394560173153879
decision_type=2 2 2 2 2 2 2 2 2 2 2 2 2 2
left_child=1 3 9 5 -5 -1 7 8 -2 -3 12 -12 -8 -9
right_child=6 2 -4 4 -6 -7 10 13 -10 -11 11 -13 -14 -15
leaf_value=0.00082572932741452581 0.00053589297884984281 -0.0004415612669418647 -0.00011110710402742691 0.00022124751012648895 -0.00037689465500227487 -0.00045177499242159868 -0.00030627472927746881 0.0022971022658428465 0.00267394578214767 -0.0029659742919888373 0.00067549035882685684 -0.0015898932093125471 0.0023869823142778491 -0.00013167795222795832
leaf_weight=352 988 138 371 5841 1207 2472 347 142 613 123 129 140 136 1294
leaf_count=352 988 138 371 5841 1207 2472 347 142 613 123 129 140 136 1294
internal_value=1.9321e-05 -8.40945e-05 -0.00115973 -1.40477e-05 0.000165001 -0.000462619 0.000307393 0.00052145 0.000978362 -0.00259868 -0.000546565 -0.00171989 0.000105021 6.07226e-06
internal_weight=14293 10504 632 9872 7048 2824 3789 3037 1601 261 752 269 483 1436
internal_count=14293 10504 632 9872 7048 2824 3789 3037 1601 261 752 269 483 1436
is_linear=0
shrinkage=0.025


Tree=399
num_leaves=14
num_cat=0
split_feature=33 15 38 32 34 22 38 36 36 48 28 32 0
split_gain=0.761262 1.05803 1.43239 1.08828 1.09615 0.834004 0.64808 1.93802 1.12322 1.08523 0.907781 1.37223 0.914912
threshold=-0.0027383277192711826 0.3706896454095841 -0.11399348825216292 0.80522105097770702 -0.06232399865984916 0.75441765785217296 -0.19103229045867917 0.014507382642477753 0.057755971327424056 0.14343360066413882 0.42499999701976782 0.64325553178787243 -0.0082582724280655367
decision_type=2 2 2 2 2 2 2 2 2 2 2 2 2
left_child=1 3 -3 5 -5 -1 7 9 -9 -2 12 -12 -8
right_child=6 2 -4 4 -6 -7 10 8 -10 -11 11 -13 -14
leaf_value=0.00074778167358364371 0.0023118575533356278 0.00040286280350502004 -0.0027842602875355338 0.00089417616604041861 -0.00052296395390114307 -0.00084748682166507772 -6.9684931246070754e-05 -0.002107184147536354 -0.00053148780625225547 -3.5514826062136303e-05 -0.00044539475915876287 0.00014621120464445472 0.0012472119674139539
leaf_weight=817 187 127 163 547 2108 170 406 154 164 1300 631 6147 1352
leaf_count=817 187 127 163 547 2108 170 406 154 164 1300 631 6147 1352
internal_value=6.31217e-05 -0.000232093 -0.00167373 -0.000113449 -0.000378289 0.000590978 0.000176034 -0.000252072 -0.00200851 0.000124833 0.000267387 0.000134712 0.000773539
internal_weight=14273 3932 290 3642 2655 987 10341 1805 318 1487 8536 6778 1758
internal_count=14273 3932 290 3642 2655 987 10341 1805 318 1487 8536 6778 1758
is_linear=0
shrinkage=0.025


Tree=400
num_leaves=15
num_cat=0
split_feature=37 35 26 11 47 35 35 37 37 38 37 24 25 33
split_gain=0.695745 1.51684 1.65281 1.36644 1.86323 1.20547 1.73745 2.13362 1.32112 2.05414 1.17842 0.903372 0.860708 0.665485
threshold=0.0090470421127975004 0.12647326290607455 0.019398590549826625 0.016333735547959808 0.62931033968925487 0.17463068664073947 0.11282950639724733 0.01309006614610553 0.012844447046518328 -0.052400358021259301 0.016557741910219196 32.893093109130866 14.954083919525148 -0.0022674868814647193
decision_type=2 2 2 2 2 2 2 2 2 2 2 2 2 2
left_child=1 3 11 13 -5 6 10 -8 -7 -10 -2 -3 -4 -1
right_child=5 2 12 4 -6 8 7 -9 9 -11 -12 -13 -14 -15
leaf_value=0.00050056113102908727 0.00013992484002400908 -0.00026319351003964176 -0.00028317085658828838 -0.0011740588254038201 0.00072776567358767306 0.0022423447022679806 -0.0014552893595599717 -1.6757343636124817e-05 0.0030671071318500863 -0.00019914371009662174 -0.00023190549030017386 -0.0018496581139432417 0.0016018695366323841 0.004559182332035349
leaf_weight=304 3825 373 167 121 232 784 764 803 678 2450 2557 183 406 602
leaf_count=304 3825 373 167 121 232 784 764 803 678 2450 2557 183 406 602
internal_value=7.65575e-05 0.00046542 -0.000195106 0.00106112 -0.000240922 -1.36937e-06 -0.000178684 -0.000923187 0.000357097 0.000124082 3.71858e-06 -0.00116533 0.000737457 0.00157382
internal_weight=14249 2388 1129 1259 353 11861 7949 1567 3912 3128 6382 556 573 906
internal_count=14249 2388 1129 1259 353 11861 7949 1567 3912 3128 6382 556 573 906
is_linear=0
shrinkage=0.025


Tree=401
num_leaves=12
num_cat=0
split_feature=35 11 40 9 9 35 16 16 27 16 12
split_gain=0.664219 1.61195 2.34691 3.23404 1.26403 0.81706 1.0576 2.08003 1.92102 0.898496 0.72675
threshold=-0.12450252845883368 0.031734716147184379 0.97405219078063976 0.029169738292694095 0.022992718964815143 -0.055456452071666711 0.024106965400278572 0.022642872296273712 -0.0018384450813755391 0.02738115377724171 -0.1704413294792175
decision_type=2 2 2 2 2 2 2 2 2 2 2
left_child=1 2 4 -4 -1 9 7 -7 -8 10 -2
right_child=5 -3 3 -5 -6 6 8 -9 -10 -11 -12
leaf_value=-0.0019701951384370007 0.001586986544358137 0.0029066212993254102 0.00020209883288317706 -0.0024874924704862671 0.0004067360369003622 1.289042167768493e-05 -0.00049898367362183468 -0.0010008361125125134 0.00080687868242394322 -0.0011188061601037642 0.0003513725893048911
leaf_weight=121 728 169 158 249 453 7191 692 1192 2341 143 865
leaf_count=121 728 169 158 249 453 7191 692 1192 2341 143 865
internal_value=3.83554e-05 -0.000535714 -0.00092926 -0.00236954 9.28326e-05 8.92112e-05 1.1711e-05 -0.000132481 0.000411866 0.000593768 0.000767366
internal_weight=14302 1150 981 407 574 13152 11416 8383 3033 1736 1593
internal_count=14302 1150 981 407 574 13152 11416 8383 3033 1736 1593
is_linear=0
shrinkage=0.025


Tree=402
num_leaves=13
num_cat=0
split_feature=42 35 45 8 37 40 19 29 3 40 43 9
split_gain=0.73312 0.92847 0.837603 0.760404 1.53403 1.6259 1.44671 0.847303 1.7294 0.890368 0.616288 0.457234
threshold=-0.11553654447197913 0.3815195113420487 0.10491563007235528 0.034248242154717452 0.018921818584203724 0.46519245207309728 0.011892319656908514 0.095178920775651946 0.50287559628486644 1.1555284261703493 -0.16823502629995343 0.025915279053151611
decision_type=2 2 2 2 2 2 2 2 2 2 2 2
left_child=1 2 11 4 5 -2 -6 8 -5 -9 -4 -1
right_child=3 -3 10 7 6 -7 -8 9 -10 -11 -12 -13
leaf_value=0.00038383383751523575 -0.0010556799975994966 -0.0016626613677261613 0.0015534590467424995 -9.1311181823354394e-05 0.00011399157174398622 2.7896836307400842e-05 0.0028617433762597507 -4.3507024020110942e-05 -0.0019222725474913338 0.0024031135635625457 0.00053522135466308059 -0.00031899994074367197
leaf_weight=123 358 126 284 1470 752 8816 630 467 259 164 665 167
leaf_count=123 358 126 284 1470 752 8816 630 467 259 164 665 167
internal_value=7.49861e-05 0.000625 0.000837018 1.6156e-05 0.000107353 -9.12399e-06 0.0008823 -0.000388478 -0.000675461 0.000387186 0.00119628 -0.000317797
internal_weight=14281 1365 1239 12916 10556 9174 1382 2360 1729 631 949 290
internal_count=14281 1365 1239 12916 10556 9174 1382 2360 1729 631 949 290
is_linear=0
shrinkage=0.025


Tree=403
num_leaves=12
num_cat=0
split_feature=40 40 41 24 17 40 20 46 44 35 43
split_gain=0.799944 2.06315 2.81092 2.05715 2.04932 1.55736 1.89135 1.41131 1.4068 1.84834 0.244838
threshold=0.94137525558471691 0.99626663327217113 0.73946022987365734 23.234200477600101 1.4222589731216433 0.74253234267234813 0.34614741802215582 0.91434335708618175 0.036924656480550773 -0.14671169966459272 0.3860666304826737
decision_type=2 2 2 2 2 2 2 2 2 2 2
left_child=4 2 3 -2 5 6 -1 -7 9 -3 -10
right_child=1 8 -4 -5 -6 7 -8 -9 10 -11 -12
leaf_value=-0.00027945893025952361 -0.0017476010085283125 -0.00089557031098571542 0.0018611412441926494 -0.00039588962200949146 -0.0019636198415126163 0.00053810835825518868 0.000999892071105438 0.0030139295908109907 0.0043955263456667368 4.5822338483424743e-05 0.00064427550513926097
leaf_weight=2000 485 310 228 587 148 3801 354 378 166 5720 122
leaf_count=2000 485 310 228 587 148 3801 354 378 166 5720 122
internal_value=5.00735e-05 -0.000124459 -0.00102969 -0.00156801 0.000249963 0.000317567 -0.000194468 0.000607373 6.1482e-05 -1.96768e-05 0.00175341
internal_weight=14299 7618 1300 1072 6681 6533 2354 4179 6318 6030 288
internal_count=14299 7618 1300 1072 6681 6533 2354 4179 6318 6030 288
is_linear=0
shrinkage=0.025


Tree=404
num_leaves=13
num_cat=0
split_feature=37 36 37 47 47 2 33 41 1 33 40 14
split_gain=0.741305 1.12783 1.0284 2.1763 1.36224 1.35161 1.28478 0.915482 0.888672 0.820748 0.682327 0.494926
threshold=0.023582911118865017 0.52496865391731273 0.016778284683823589 0.91434335708618175 0.8479457199573518 0.058079637587070472 0.025803223252296451 0.65199437737464916 0.04850085265934468 0.0065364760812371978 1.0148395895957949 0.76228907704353344
decision_type=2 2 2 2 2 2 2 2 2 2 2 2
left_child=2 9 4 5 6 -4 -1 -3 -6 10 -2 -11
right_child=1 7 3 -5 8 -7 -8 -9 -10 11 -12 -13
leaf_value=1.2582775061000259e-05 0.0013583148334437697 0.0014676044759335571 -0.00039087914926206658 -0.0019428753291920479 0.00088673835953624396 0.00034740020317271876 -0.0022041715395348881 -0.0011746191113133474 -2.0008824297370665e-05 0.0044891904249306407 -0.00031800654966672399 0.00055596066287140944
leaf_weight=8119 493 152 1576 217 1029 1034 127 182 434 445 334 146
leaf_count=8119 493 152 1576 217 1029 1034 127 182 434 445 334 146
internal_value=4.46898e-05 0.000525754 -2.2227e-05 -0.000441825 9.94699e-05 -0.000236616 -2.46939e-05 -0.000763274 0.00080126 0.000835383 0.000314002 0.00154572
internal_weight=14288 1752 12536 2827 9709 2610 8246 334 1463 1418 827 591
internal_count=14288 1752 12536 2827 9709 2610 8246 334 1463 1418 827 591
is_linear=0
shrinkage=0.025


Tree=405
num_leaves=11
num_cat=0
split_feature=13 36 42 22 28 16 10 7 9 12
split_gain=0.742715 1.32019 0.620858 0.811768 0.798548 1.06516 0.749978 0.579048 0.205427 0.0333583
threshold=-0.49398656189441675 -0.15085972100496289 -0.10341247543692587 -0.02794228587299585 0.47499999403953558 0.020106177777051929 0.024475886486470703 -0.021980533376336094 0.025999399833381179 -0.19766142219305036
decision_type=2 2 2 2 2 2 2 2 2 2
left_child=1 -1 4 7 5 -2 -5 -4 -6 -3
right_child=2 9 3 6 8 -7 -8 -9 -10 -11
leaf_value=-0.00066854106986542793 0.0010154319178548711 0.003416198173862549 8.2380419107446888e-05 4.2704078896448568e-05 0.0016843583648544895 -0.00022919212482521209 -0.00043150857197291043 -0.0014548622784946235 0.00064164907880468391 0.0015985166815482396
leaf_weight=124 420 146 124 10267 160 702 1723 143 337 160
leaf_count=124 420 146 124 10267 160 702 1723 143 337 160
internal_value=6.00064e-05 0.00107759 2.76458e-05 -3.2723e-05 0.000487223 0.000109805 -1.56306e-06 -0.00138327 0.00131723 0.0019574
internal_weight=14306 430 13876 12257 1619 1122 11990 267 497 306
internal_count=14306 430 13876 12257 1619 1122 11990 267 497 306
is_linear=0
shrinkage=0.025


Tree=406
num_leaves=10
num_cat=0
split_feature=37 19 33 15 16 17 38 37 42
split_gain=0.935071 1.21198 1.3293 1.16117 0.987538 0.911342 1.49293 1.15608 0.257928
threshold=0.023582911118865017 0.18000286817550662 0.0065364760812371978 0.077586207538843169 0.018375191837549213 0.89352002739906322 -0.051605883985757821 0.016557741910219196 0.032393168658018119
decision_type=2 2 2 2 2 2 2 2 2
left_child=3 2 4 -1 -2 7 -7 -5 -4
right_child=1 -3 8 5 -6 6 -8 -9 -10
leaf_value=-0.0015737713531468634 -0.0013515588060781039 -0.0014297472613789524 0.0037966497338855001 3.8904765154629895e-05 0.00071274164549083052 0.0029455160373753563 1.5270209013072855e-05 -0.0003173946116866373 0.00082919944929920524
leaf_weight=188 123 120 445 8294 821 539 1073 2473 202
leaf_count=188 123 120 445 8294 821 539 1073 2473 202
internal_value=6.22244e-05 0.000609703 0.000796523 -1.20306e-05 0.000188356 1.74621e-05 0.000571274 -6.50992e-05 0.00166603
internal_weight=14278 1711 1591 12567 944 12379 1612 10767 647
internal_count=14278 1711 1591 12567 944 12379 1612 10767 647
is_linear=0
shrinkage=0.025


Tree=407
num_leaves=12
num_cat=0
split_feature=33 0 24 7 41 40 45 6 16 7 46
split_gain=0.659525 2.04008 1.55934 1.12064 1.07324 1.38751 1.01258 0.888017 0.884037 0.778212 0.511524
threshold=-0.0016153606702573595 0.0071693621575832376 26.690174102783207 -0.03780804201960563 0.31398834288120275 0.51051798462867748 0.038517974317073829 0.038786699995398528 0.032191650941967971 0.013321343343704941 0.80776411294937145
decision_type=2 2 2 2 2 2 2 2 2 2 2
left_child=1 6 7 -2 10 -6 -1 -3 -8 -4 -5
right_child=3 2 9 4 5 -7 8 -9 -10 -11 -12
leaf_value=-0.0010167585667158517 -0.0017195925634893767 -0.0009506638671529544 0.00058658817033617775 0.0015511711365601133 -0.0014605347758343691 9.8787600535877809e-05 0.00014804496732503779 -0.0033571835322550518 -0.0010410411092515758 -0.0013372037859430651 0.00015246958289417373
leaf_weight=127 148 223 135 542 193 8619 3281 186 223 277 348
leaf_count=127 148 223 135 542 193 8619 3281 186 223 277 348
internal_value=5.23346e-05 -0.000199405 -0.00132113 0.000166794 0.000200757 0.000116111 5.39742e-05 -0.0024064 0.000136435 -0.00021283 0.00102654
internal_weight=14302 4452 821 9850 9702 8812 3631 409 3504 412 890
internal_count=14302 4452 821 9850 9702 8812 3631 409 3504 412 890
is_linear=0
shrinkage=0.025


Tree=408
num_leaves=9
num_cat=0
split_feature=37 36 35 34 5 36 5 40
split_gain=0.726239 0.794816 2.87993 2.84071 2.33623 1.68104 2.83581 1.60621
threshold=0.0070376950316131124 0.22977772355079654 0.10954382270574571 0.14428272098302844 0.67037886381149303 0.3171991258859635 1.076553523540497 1.266490161418915
decision_type=2 2 2 2 2 2 2 2
left_child=-1 2 4 -4 -2 6 -3 -7
right_child=1 5 3 -5 -6 7 -8 -9
leaf_value=0.0078362024003463798 -2.3531403780371171e-05 0.0019372783438461171 -0.001046892333043442 0.0021969610660509168 0.0014824171918191185 4.7946907435473237e-05 -0.0008419775930498275 -0.0012367422010247408
leaf_weight=120 4840 1733 1567 350 787 4358 226 308
leaf_count=120 4840 1733 1567 350 787 4358 226 308
internal_value=5.18575e-05 3.46586e-05 -0.00014025 -0.000976197 0.000144043 0.000234729 0.000848396 -2.22114e-05
internal_weight=14289 14169 7544 1917 5627 6625 1959 4666
internal_count=14289 14169 7544 1917 5627 6625 1959 4666
is_linear=0
shrinkage=0.025


Tree=409
num_leaves=14
num_cat=0
split_feature=34 16 16 33 19 20 43 10 16 33 36 26 36
split_gain=0.889458 0.930867 1.22288 1.35863 0.911465 1.30549 1.42686 0.947698 0.795146 0.723303 0.511214 0.369088 0.26652
threshold=0.13507592678070071 0.02759466785937548 0.021626019850373272 0.0011541465646587314 0.2158344313502312 0.63303065299987804 0.32110843062400823 0.024475886486470703 0.018375191837549213 0.011544095352292063 0.6779322922229768 0.035515036433935172 0.16085882484912875
decision_type=2 2 2 2 2 2 2 2 2 2 2 2 2
left_child=4 2 9 -4 5 6 -1 8 -6 -2 12 -7 -3
right_child=1 10 3 -5 7 11 -8 -9 -10 -11 -12 -13 -14
leaf_value=3.8602189372040084e-05 0.0039163202408726196 0.00054744137906827868 -0.0018449155465475185 2.8548847085204378e-06 0.0016992382433087792 0.0035970377621445237 -0.00030252839831634674 -0.0013945134091294313 -0.00038003562724885629 -0.00076466692718434742 -0.00011183449428589306 0.00046218367938926844 0.00252414415546075
leaf_weight=10376 320 123 127 536 120 213 859 135 478 160 130 138 512
leaf_count=10376 320 123 127 536 120 213 859 135 478 160 130 138 512
internal_value=6.75415e-05 0.000569132 0.000109974 -0.000578218 -9.83843e-06 4.38919e-05 -2.78016e-06 -0.000862127 -0.000412521 0.00106959 0.00124188 0.00153441 0.0015332
internal_weight=14227 1908 1143 663 12319 11586 11235 733 598 480 765 351 635
internal_count=14227 1908 1143 663 12319 11586 11235 733 598 480 765 351 635
is_linear=0
shrinkage=0.025


Tree=410
num_leaves=13
num_cat=0
split_feature=12 6 13 46 11 37 40 35 30 36 48 42
split_gain=0.760614 1.70986 0.857594 2.20187 4.95605 1.77634 1.41537 1.23442 1.2244 0.854362 0.649167 0.396178
threshold=-0.29302370548248285 0.028340432792901996 -0.23416599631309507 0.10582306981086732 0.013573450502008201 0.011546375229954721 1.3190979957580569 0.1434770151972771 0.071514528244733824 0.10224450379610063 0.62931033968925487 -0.086284577846527086
decision_type=2 2 2 2 2 2 2 2 2 2 2 2
left_child=1 -1 5 4 -4 7 -5 -2 -7 11 -11 -3
right_child=2 9 3 6 -6 8 -8 -9 -10 10 -12 -13
leaf_value=-0.0017859084310199839 0.0016312436581177013 0.0029911146033889174 -0.0036488861461578398 8.7297599656550206e-05 0.0002045039330118201 0.00021471861045778971 -0.00055363967137722506 -0.00047896277880730986 -0.00057845023241381529 -0.00082474874438490499 0.00012594535913457736 0.00015846117531181228
leaf_weight=180 1240 123 148 8879 283 1485 508 180 821 120 121 155
leaf_count=180 1240 123 148 8879 283 1485 508 180 821 120 121 155
internal_value=5.97453e-05 -0.000740412 0.00010176 -2.0233e-05 -0.00175745 0.000424484 5.97584e-05 0.00111842 -1.62258e-06 0 -0.00108232 0.000931979
internal_weight=14243 699 13544 9818 431 3726 9387 1420 2306 519 241 278
internal_count=14243 699 13544 9818 431 3726 9387 1420 2306 519 241 278
is_linear=0
shrinkage=0.025


Tree=411
num_leaves=13
num_cat=0
split_feature=38 38 17 31 6 41 43 9 44 30 27 5
split_gain=0.848715 0.743761 2.07551 1.94087 1.04147 1.04813 0.866122 0.642627 1.25655 0.369651 0.195295 0.0520928
threshold=-0.29079276323318476 -0.19103229045867917 0.63155817985534679 0.25863905251026159 0.068569459021091475 0.27444030344486242 0.040347229689359672 0.028451358899474147 0.024394297972321514 0.071514528244733824 0.0010243555880151691 -0.17949702590703961
decision_type=2 2 2 2 2 2 2 2 2 2 2 2
left_child=7 2 3 -2 6 -6 -3 9 -9 11 -4 -1
right_child=1 4 10 -5 5 -7 -8 8 -10 -11 -12 -13
leaf_value=0.0036619527380546712 -9.1485819550017388e-06 -1.6036496864297136e-05 0.0022013715545048649 -0.001447722965867781 -0.0008080338705048957 -0.00022873715056749718 0.00039862977157466024 -0.0014567354603244658 0.0026246804783420833 0.00012032019640641168 0.005297855576549655 0.00082569993317631969
leaf_weight=165 971 6248 125 730 123 808 4447 121 139 162 127 121
leaf_count=165 971 6248 125 730 123 808 4447 121 139 162 127 121
internal_value=5.50134e-05 1.03984e-05 -0.000439862 -0.000756887 8.67295e-05 -0.000711805 0.000157126 0.000895863 -7.07546e-05 0.00146523 0.00164883 0.00200601
internal_weight=14287 13579 1953 1701 11626 931 10695 708 260 448 252 286
internal_count=14287 13579 1953 1701 11626 931 10695 708 260 448 252 286
is_linear=0
shrinkage=0.025


Tree=412
num_leaves=14
num_cat=0
split_feature=23 4 17 17 36 10 42 9 27 37 17 37 18
split_gain=0.829709 1.16847 1.57129 1.41523 1.36271 0.968944 1.58486 2.11537 1.35923 0.809835 0.808974 0.785085 0.38132
threshold=0.12704696506261828 -0.13177477568387982 0.80411735177040111 0.52604004740715038 -0.15085972100496289 0.024475886486470703 0.029511587694287304 0.03877625614404679 0.02649427950382233 0.024521977640688423 1.107213616371155 0.019488723948597911 -0.012866236735135315
decision_type=2 2 2 2 2 2 2 2 2 2 2 2 2
left_child=1 4 3 -3 -1 8 9 -8 11 -7 -4 -2 -6
right_child=5 2 10 -5 12 6 7 -9 -10 -11 -12 -13 -14
leaf_value=-0.00060733611177072255 0.00010495565275685925 -0.00024980312572509472 0.0016827062983397183 -0.0013102463093608815 0.00032083947995671484 -5.3462130043475456e-05 -0.0015734679728806697 0.00028104328093958792 -0.0018126919218917096 0.0014445534331929612 -0.00070882547240288 0.0011078280277988112 0.0014897201966476517
leaf_weight=224 6057 2710 363 582 274 859 454 269 124 783 127 943 482
leaf_count=224 6057 2710 363 582 274 859 454 269 124 783 127 943 482
internal_value=5.58538e-05 -0.00021266 -0.000412926 -0.000610782 0.000552031 0.000191305 -0.000245253 -0.00121738 0.000337179 0.00018139 0.000896465 0.000384547 0.00106275
internal_weight=14251 4762 3782 3292 980 9489 2365 723 7124 1642 490 7000 756
internal_count=14251 4762 3782 3292 980 9489 2365 723 7124 1642 490 7000 756
is_linear=0
shrinkage=0.025


Tree=413
num_leaves=10
num_cat=0
split_feature=17 11 12 29 44 35 31 13 11
split_gain=0.766513 1.50535 2.08909 1.49698 1.13847 0.736547 0.348903 0.477744 0.0384877
threshold=1.3742074370384219 0.030146511271595958 -0.3040268719196319 0.050886349752545364 0.028977220878005031 0.18036336451768878 1.0994784235954287 -0.32976937294006342 0.032904995605349548
decision_type=2 2 2 2 2 2 2 2 2
left_child=1 2 3 -1 -2 -4 7 -3 -8
right_child=4 6 5 -5 -6 -7 8 -9 -10
leaf_value=-3.2748614586094562e-06 0.0013135069136836698 0.0019245327813348222 -2.8986176977758427e-05 -0.0023542150698108145 -0.0014920789015210171 0.00022340281186959744 0.0009238024747861255 -9.9353018804795173e-05 0.00299912731807115
leaf_weight=156 126 171 8862 193 198 4132 151 146 133
leaf_count=156 126 171 8862 193 198 4132 151 146 133
internal_value=2.54853e-05 5.40362e-05 -8.4273e-07 -0.00189619 -0.00116641 5.02924e-05 0.00127269 0.000656056 0.00191609
internal_weight=14268 13944 13343 349 324 12994 601 317 284
internal_count=14268 13944 13343 349 324 12994 601 317 284
is_linear=0
shrinkage=0.025


Tree=414
num_leaves=14
num_cat=0
split_feature=39 36 41 10 43 17 46 40 4 47 48 36 46
split_gain=0.80449 1.58189 4.02633 1.60765 1.12281 2.02154 1.47441 1.60405 1.32294 1.11155 1.07175 0.933919 0.758427
threshold=1.106085002422333 -0.15085972100496289 0.69172459840774547 0.018548820167779926 0.030080559663474563 0.96217361092567455 0.65214762091636669 0.46519245207309728 0.33112736046314245 0.019258987158536914 0.78154808282852184 0.4880418479442597 0.54779189825057995
decision_type=2 2 2 2 2 2 2 2 2 2 2 2 2
left_child=4 2 -2 -4 5 9 8 -8 -6 -1 12 -12 -3
right_child=1 10 3 -5 6 -7 7 -9 -10 -11 11 -13 -14
leaf_value=-0.002130059725298462 -0.0039028266291106367 0.0024922653284676893 -0.00040709455940944649 0.00085462507970347009 0.0020126693119563921 -0.0020926137753994544 -0.0018917611080929157 2.3403215602132653e-05 2.0540336550706655e-05 -5.7651519267203971e-05 0.00019297307811974522 -0.0012049056781732869 0.00039528009890773489
leaf_weight=160 122 650 126 199 858 195 209 2760 856 4876 2502 280 531
leaf_count=160 122 650 126 199 858 195 209 2760 856 4876 2502 280 531
internal_value=6.30715e-05 0.000343998 -0.00105365 0.000397727 -6.1372e-05 -0.000313455 0.00021891 -0.000116426 0.000802065 -0.000213995 0.000504347 0.000232777 0.00113512
internal_weight=14324 4410 447 325 9914 5231 4683 2969 1714 5036 3963 2782 1181
internal_count=14324 4410 447 325 9914 5231 4683 2969 1714 5036 3963 2782 1181
is_linear=0
shrinkage=0.025


Tree=415
num_leaves=11
num_cat=0
split_feature=35 48 43 35 36 43 35 16 30 38
split_gain=0.922568 1.73204 1.67595 0.912659 1.61665 1.75386 1.59261 2.5478 1.4865 1.2069
threshold=0.41247424483299261 0.40040352940559393 -0.049605907872319215 0.18036336451768878 0.11919474974274637 0.21797949075698855 0.12533523142337802 0.018375191837549213 0.18193152546882632 -0.052400358021259301
decision_type=2 2 2 2 2 2 2 2 2 2
left_child=3 -2 -3 6 5 -5 8 -8 -1 -6
right_child=1 2 -4 4 9 -7 7 -9 -10 -11
leaf_value=-4.4330705010743372e-05 0.00036309701030240644 -0.00036593503997815508 -0.0039562182771396047 8.3861172384761588e-06 0.0026852903368548525 -0.0016829318767518184 0.00097537539827284982 -0.0010753210310286423 0.00048951170387002919 0.00021483066077176649
leaf_weight=5371 201 158 132 314 624 120 557 1466 2463 2838
leaf_count=5371 201 158 132 314 624 120 557 1466 2463 2838
internal_value=1.78084e-05 -0.00104083 -0.00226695 5.64218e-05 0.000380351 -0.00104499 -7.11062e-05 -0.000695883 8.97756e-05 0.000562085
internal_weight=14244 491 290 13753 3896 434 9857 2023 7834 3462
internal_count=14244 491 290 13753 3896 434 9857 2023 7834 3462
is_linear=0
shrinkage=0.025


Tree=416
num_leaves=7
num_cat=0
split_feature=30 2 4 16 16 27
split_gain=0.735493 0.761425 1.66618 0.850606 1.49596 1.06898
threshold=1.6095827221870425 0.32716931402683264 0.65255147218704235 0.023637976497411731 0.022642872296273712 -0.0041405735537409774
decision_type=2 2 2 2 2 2
left_child=1 3 -3 4 -1 -5
right_child=-2 2 -4 5 -6 -7
leaf_value=2.4856464168232015e-05 0.0014044485668797703 -0.002015191860958639 0.00099609453390974898 -0.00027262340451781919 -0.0005762855807416162 0.0004555981289032457
leaf_weight=8680 170 156 179 762 856 3522
leaf_count=8680 170 156 179 762 856 3522
internal_value=6.67307e-05 4.63454e-05 -0.00112132 7.54974e-05 -5.54186e-05 0.000368093
internal_weight=14325 14155 335 13820 9536 4284
internal_count=14325 14155 335 13820 9536 4284
is_linear=0
shrinkage=0.025


Tree=417
num_leaves=11
num_cat=0
split_feature=38 37 36 3 35 38 37 14 30 39
split_gain=0.943796 0.968515 1.9261 1.6124 1.20941 1.97068 1.84459 0.70859 0.224871 0.213054
threshold=-0.30485139787197107 0.0090470421127975004 -0.01124499551951885 0.25506740808486944 0.17463068664073947 -0.075549017637968049 0.013029302004724743 0.68534484505653392 -0.0040651320014148942 0.75365784764289867
decision_type=2 2 2 2 2 2 2 2 2 2
left_child=7 2 9 -4 6 -6 -3 8 -1 -2
right_child=1 4 3 -5 5 -7 -8 -9 -10 -11
leaf_value=0.003190227076737176 0.0011585369131222485 -0.00050468714679471037 -0.00027568100863646481 0.0014642803012832445 0.0031031371821141052 1.5689931871135522e-05 -9.2650177566205749e-07 -1.4152742887123471e-05 0.00011590970635616486 0.0043097769589779478
leaf_weight=202 135 2765 1319 506 493 3394 4745 163 123 409
leaf_count=202 135 2765 1319 506 493 3394 4745 163 123 409
internal_value=1.77959e-05 -2.02417e-05 0.000438606 4.4399e-05 -0.000116317 0.000240558 -0.000301896 0.0010928 0.00176136 0.00173725
internal_weight=14254 13766 2369 1825 11397 3887 7510 488 325 544
internal_count=14254 13766 2369 1825 11397 3887 7510 488 325 544
is_linear=0
shrinkage=0.025


Tree=418
num_leaves=11
num_cat=0
split_feature=42 48 29 24 48 8 11 38 27 6
split_gain=0.787557 1.0819 0.831447 0.783673 0.74033 1.58612 1.22112 0.464942 0.358012 0.0593486
threshold=0.20967632532119754 0.31474687159061437 0.095260251313447966 25.725574493408207 0.35326485335826879 0.041168194264173515 0.016333735547959808 -0.038112789392471307 0.0027648322284221654 0.057337006554007537
decision_type=2 2 2 2 2 2 2 2 2 2
left_child=2 7 4 -4 5 -1 -6 -2 -3 -5
right_child=1 8 3 9 6 -7 -8 -9 -10 -11
leaf_value=-3.7539114909846159e-05 -0.00035921495350293531 -0.00083073703187741511 -6.3736008185928837e-05 0.0031934863396234324 0.00065648533408596598 -0.0016322389109316604 -1.6737239293932863e-05 0.0018604311077798441 -0.0020324332804242851 0.0035068603179853465
leaf_weight=4514 127 121 171 196 3255 144 5437 120 134 122
leaf_count=4514 127 121 171 196 3255 144 5437 120 134 122
internal_value=5.20181e-05 -0.000914694 8.7854e-05 0.00109565 5.0075e-05 -0.000203463 0.000186702 0.000243056 -0.00204327 0.00182276
internal_weight=14341 502 13839 489 13350 4658 8692 247 255 318
internal_count=14341 502 13839 489 13350 4658 8692 247 255 318
is_linear=0
shrinkage=0.025


Tree=419
num_leaves=11
num_cat=0
split_feature=13 3 11 30 23 31 47 44 29 39
split_gain=0.93602 1.15899 1.15663 1.59382 1.12453 0.798599 0.780007 1.95522 1.01013 0.18943
threshold=-0.43221326172351832 -0.28143721818923945 0.020115164108574394 -0.34693646430969233 0.20257650315761569 0.21055161952972415 0.86720469594001781 0.027634332887828354 0.095123361796140685 0.85778588056564342
decision_type=2 2 2 2 2 2 2 2 2 2
left_child=2 4 9 -4 -2 -5 8 -8 -3 -1
right_child=1 6 3 5 -6 -7 7 -9 -10 -11
leaf_value=0.00030604403319158338 -0.002347612322782531 -3.702332384770818e-05 0.0016221457959835024 -0.0020579237240577089 -2.0727366799949653e-05 2.4464242491888069e-05 0.0024943485196302867 1.8791149014141308e-06 0.00096644622035752979 0.0027392910013490559
leaf_weight=128 194 10868 229 124 214 122 453 1174 502 278
leaf_count=128 194 10868 229 124 214 122 453 1174 502 278
internal_value=2.68527e-05 -2.47016e-05 0.000814052 -1.30207e-05 -0.00132869 -0.00140936 1.62476e-05 0.000527727 -5.65933e-05 0.00178528
internal_weight=14286 13405 881 475 408 246 12997 1627 11370 406
internal_count=14286 13405 881 475 408 246 12997 1627 11370 406
is_linear=0
shrinkage=0.025


Tree=420
num_leaves=9
num_cat=0
split_feature=41 8 40 17 31 41 34 9
split_gain=0.791234 0.715315 1.41048 4.92226 1.20895 1.00181 1.72718 1.08689
threshold=0.059105746448040015 0.033324414864182479 0.46519245207309728 0.18237919360399249 0.4899324774742127 0.69376403093338024 0.046276656910777099 0.037317199632525451
decision_type=2 2 2 2 2 2 2 2
left_child=-1 2 3 -2 -4 6 -3 -7
right_child=1 5 4 -5 -6 7 -8 -9
leaf_value=-0.00017589070566295588 0.0046631400161178229 -0.00093568820283316569 -3.833563246661244e-05 -0.0030012562249141549 0.00035986823215718047 -0.00015693366550499231 0.00020192983450491775 0.0029220908311292093
leaf_weight=142 156 1127 4627 208 6238 650 803 309
leaf_count=142 156 1127 4627 208 6238 650 803 309
internal_value=2.93552e-05 4.87681e-05 0.000139421 -0.00137873 0.000191467 -0.000301054 -0.000629845 0.000353994
internal_weight=14260 14118 11229 364 10865 2889 1930 959
internal_count=14260 14118 11229 364 10865 2889 1930 959
is_linear=0
shrinkage=0.025


Tree=421
num_leaves=13
num_cat=0
split_feature=42 37 47 11 33 38 36 47 23 29 37 30
split_gain=0.750329 0.972452 1.52881 1.84648 1.31367 2.62085 0.858024 0.513323 0.486092 0.752262 0.49592 0.174985
threshold=-0.11553654447197913 0.0090470421127975004 0.78154808282852184 0.016268628649413589 0.004102561855688692 -0.00073403975693508972 0.22587104886770251 0.22909024357795718 0.12356454133987428 0.038270179182291038 0.016778284683823589 0.3245587050914765
decision_type=2 2 2 2 2 2 2 2 2 2 2 2
left_child=7 2 3 -2 5 -3 -6 -1 9 -9 -10 -4
right_child=1 4 11 -5 6 -7 -8 8 10 -11 -12 -13
leaf_value=0.001124645506414639 0.0006380732372851263 -0.00013258757900874742 0.00066559681937641401 -0.0011690043726934217 -2.2827015473366813e-05 -0.0020728802440302305 0.00047867280539139228 0.0005867296198024982 0.0012215305919657353 -0.0011529918569309825 4.0096432808348204e-06 0.0049807138655231474
leaf_weight=182 1382 5583 261 350 2527 244 2388 123 527 121 394 218
leaf_count=182 1382 5583 261 350 2527 244 2388 123 527 121 394 218
internal_value=7.64594e-05 1.74603e-05 0.000494698 0.000143207 -8.03712e-05 -0.000334576 0.000219766 0.000637019 0.000432692 -0.000537148 0.000697894 0.00173812
internal_weight=14300 12953 2211 1732 10742 5827 4915 1347 1165 244 921 479
internal_count=14300 12953 2211 1732 10742 5827 4915 1347 1165 244 921 479
is_linear=0
shrinkage=0.025


Tree=422
num_leaves=8
num_cat=0
split_feature=17 29 43 11 45 41 32
split_gain=0.771792 0.752178 0.852459 0.843352 0.820385 1.63443 0.958918
threshold=-0.68598148226737965 0.095178920775651946 0.50955119729042064 0.02068310230970383 0.057776963338255889 0.74626317620277416 1.2932829856872561
decision_type=2 2 2 2 2 2 2
left_child=-1 4 3 -3 5 -2 -6
right_child=1 2 -4 -5 6 -7 -8
leaf_value=0.0014228430356703077 -0.00065868199517359245 0.0035061225795254241 -0.00054841425578174799 0.00025449375343065695 4.4416019020707104e-05 0.0017168306576812919 -0.00065568290638651065
leaf_weight=125 478 341 161 360 11856 145 808
leaf_count=125 478 341 161 360 11856 145 808
internal_value=5.27874e-05 3.47076e-05 0.00074827 0.00112783 -1.13789e-05 -0.00089371 3.18692e-05
internal_weight=14274 14149 862 701 13287 623 12664
internal_count=14274 14149 862 701 13287 623 12664
is_linear=0
shrinkage=0.025


Tree=423
num_leaves=7
num_cat=0
split_feature=37 2 4 23 12 40
split_gain=0.878944 0.73325 1.37643 0.755267 1.10642 0.580301
threshold=0.0070376950316131124 0.32716931402683264 0.65255147218704235 0.36044393479824072 -0.3040268719196319 0.96934950351715099
decision_type=2 2 2 2 2 2
left_child=-1 3 -3 4 -2 -5
right_child=1 2 -4 5 -6 -7
leaf_value=0.0096547286520111148 -0.00058891454497579285 -0.001895136980408363 0.00099070411248654441 6.2542891813441602e-05 3.500972379706558e-05 0.0013210771205351822
leaf_weight=121 396 158 172 348 12643 450
leaf_count=121 396 158 172 348 12643 450
internal_value=7.26755e-05 5.37152e-05 -0.00110075 8.20872e-05 3.57445e-05 0.000826588
internal_weight=14288 14167 330 13837 13039 798
internal_count=14288 14167 330 13837 13039 798
is_linear=0
shrinkage=0.025


Tree=424
num_leaves=11
num_cat=0
split_feature=31 48 9 26 34 41 35 29 27 30
split_gain=0.740613 1.42979 0.743825 0.849071 2.24307 0.758731 0.68449 1.29111 0.74543 0.29625
threshold=0.022166455164551738 0.40040352940559393 0.017470034770667556 0.01764285005629063 0.029888775199651722 0.11206618323922159 0.14481195062398913 0.020281197503209118 0.0025275954976677899 -0.37195496261119837
decision_type=2 2 2 2 2 2 2 2 2 2
left_child=1 -1 6 4 -4 -5 7 -2 -8 -3
right_child=2 9 3 5 -6 -7 8 -9 -10 -11
leaf_value=-0.0011342515403071028 -0.0013637493051519014 0.0006729726634889634 0.0014381909849522237 -0.00010993396787913616 -0.00064017396848451867 6.6660482597197883e-05 0.00067869673450795739 0.0027049621556644089 -0.0015232143936682692 -0.00026624654639377526
leaf_weight=130 154 121 539 226 1004 10915 231 742 176 120
leaf_count=130 154 121 539 226 1004 10915 231 742 176 120
internal_value=5.31749e-05 -0.00104056 8.29939e-05 2.39381e-05 -0.000524063 0.000100597 0.000650803 0.00103635 -0.000185073 8.63822e-05
internal_weight=14358 371 13987 12684 1543 11141 1303 896 407 241
internal_count=14358 371 13987 12684 1543 11141 1303 896 407 241
is_linear=0
shrinkage=0.025


Tree=425
num_leaves=14
num_cat=0
split_feature=16 16 33 35 36 36 34 16 35 16 23 36 31
split_gain=1.02197 1.09899 2.24545 2.03667 1.09186 1.56571 1.37215 1.04555 1.21611 0.965039 0.982959 0.957636 0.941818
threshold=0.025207782164216045 0.022313864901661876 -0.023312887176871296 -0.010967702604830263 0.40795207023620611 0.23940546065568927 0.066722426563501372 0.031839871779084213 0.41247424483299261 0.037212114781141288 0.1974785849452019 0.1318037956953049 1.7704916000366213
decision_type=2 2 2 2 2 2 2 2 2 2 2 2 2
left_child=1 4 -3 -4 5 -1 -6 8 11 10 -9 -2 -10
right_child=7 2 3 -5 6 -7 -8 9 12 -11 -12 -13 -14
leaf_value=-1.952444461383862e-05 5.8141731567448983e-06 -0.0034761510293933508 0.00076962641011201719 -0.00047310922135681134 -0.0010882438062918525 0.00080827645642281634 0.0031039916894680785 9.25722546891785e-05 -0.0023753052172394806 0.0036095782009535012 -0.0013221738581462193 0.0019509663011990142 0.00045843936418937667
leaf_weight=5539 613 130 697 1776 580 2226 149 273 130 169 294 1570 152
leaf_count=5539 613 130 697 1776 580 2226 149 273 130 169 294 1570 152
internal_value=4.99022e-05 -6.31642e-05 -0.000512366 -0.00033747 7.39794e-05 0.00016168 -0.00084639 0.00044331 0.00069079 -0.000376181 -0.000876311 0.000891796 -0.000831881
internal_weight=14298 11097 2603 2473 8494 7765 729 3201 2465 736 567 2183 282
internal_count=14298 11097 2603 2473 8494 7765 729 3201 2465 736 567 2183 282
is_linear=0
shrinkage=0.025


Tree=426
num_leaves=15
num_cat=0
split_feature=16 36 48 23 16 14 37 16 9 11 27 44 23 7
split_gain=0.917317 1.66705 1.86274 2.46952 1.2 0.982887 0.966796 2.13546 1.6564 0.889915 0.746705 0.594044 0.531062 0.467175
threshold=0.02759466785937548 0.49588042497634893 0.46680118143558508 0.17768781632184985 0.031839871779084213 0.69589141011238109 0.013694727793335916 0.018375191837549213 0.021981349214911464 0.022964020259678367 0.00096831051632761966 0.026762675493955616 0.2181811407208443 0.0026216558180749421
decision_type=2 2 2 2 2 2 2 2 2 2 2 2 2 2
left_child=1 6 10 -4 9 12 7 -1 -8 13 -3 -11 -6 -2
right_child=4 2 3 -5 5 -7 8 -9 -10 11 -12 -13 -14 -15
leaf_value=0.00029516455197222882 0.0015195853938621624 -0.0011349717915558862 -0.0033597439524386051 -0.00069968031374305004 0.00043153552169666268 -0.0012015297661063923 -0.00055741884781869151 -0.00039130020828475801 0.00041661544697686368 -0.0010136113894970461 0.0012900266681892022 0.0010666651951048854 -0.00079896114949604732 0.0006635497453643741
leaf_weight=3056 629 181 173 200 304 226 933 3205 4209 126 183 136 204 510
leaf_count=3056 629 181 173 200 304 226 933 3205 4209 126 183 136 204 510
internal_value=5.12081e-05 -3.24207e-05 -0.00118093 -0.00241071 0.000528622 -0.000282476 4.17471e-05 -0.000166174 0.000296046 0.000957504 7.79134e-05 -0.000332397 0.000319201 0.00125983
internal_weight=14275 12140 737 373 2135 734 11403 6261 5142 1401 364 262 508 1139
internal_count=14275 12140 737 373 2135 734 11403 6261 5142 1401 364 262 508 1139
is_linear=0
shrinkage=0.025


Tree=427
num_leaves=13
num_cat=0
split_feature=3 37 9 5 46 10 19 43 11 27 27 13
split_gain=0.959273 1.34142 1.39604 2.33322 1.4919 1.31431 1.37599 1.16899 1.76438 1.17381 0.176056 0.0067146
threshold=0.025343060493469242 0.019648350775241855 0.032015120610594756 0.59346973896026622 0.095583789050579085 0.018344566226005558 0.1775632053613663 0.34733337163925176 0.030146511271595958 0.0015162170166149738 0.00050089845899492513 -0.096480675041675554
decision_type=2 2 2 2 2 2 2 2 2 2 2 2
left_child=7 2 4 -4 -2 11 -7 8 9 -1 -10 -3
right_child=1 5 3 -5 -6 6 -8 -9 10 -11 -12 -13
leaf_value=5.845442552225184e-05 -0.00086930569851392933 0.0036665731427351087 0.00082252198948086258 -0.0010427733207115282 0.00021870032418713349 0.0011846240348888717 -0.0013178486437898963 -0.00036819474517616087 0.00078209058201749284 -0.00032338369379405015 0.0025367975353492475 0.0036927843279432257
leaf_weight=2567 324 120 450 1036 5345 1080 141 171 130 2457 224 263
leaf_count=2567 324 120 450 1036 5345 1080 141 171 130 2457 224 263
internal_value=4.1134e-05 0.000204387 5.67389e-05 -0.000622904 0.000236385 0.000856899 0.000445555 -0.000215385 -0.000148384 -0.000270183 0.00154248 0.00212951
internal_weight=14308 8759 7155 1486 5669 1604 1221 5549 5378 5024 354 383
internal_count=14308 8759 7155 1486 5669 1604 1221 5549 5378 5024 354 383
is_linear=0
shrinkage=0.025


Tree=428
num_leaves=9
num_cat=0
split_feature=37 36 8 5 37 37 36 10
split_gain=0.735419 0.665593 1.35333 1.58837 1.21603 3.02729 2.89332 0.946473
threshold=0.0070376950316131124 0.22977772355079654 0.016661645844578746 0.70922085642814647 0.011774933431297542 0.0098332329653203505 0.3171991258859635 0.011145844589918854
decision_type=2 2 2 2 2 2 2 2
left_child=-1 2 7 -4 5 -3 -6 -2
right_child=1 4 3 -5 6 -7 -8 -9
leaf_value=0.0074421683712926987 3.4855426023705108e-05 5.1188408487335698e-05 -0.00023524560232512901 0.00054432690723630098 0.0027256168611096265 -0.0019457159821326708 7.8697086314003551e-06 0.0022287824700206438
leaf_weight=120 1161 1339 4755 1182 1426 318 3515 436
leaf_count=120 1161 1339 4755 1182 1426 318 3515 436
internal_value=4.02435e-05 2.2901e-05 -0.00013712 -0.000311553 0.000206535 -0.000376805 0.000403609 0.000506398
internal_weight=14252 14132 7534 5937 6598 1657 4941 1597
internal_count=14252 14132 7534 5937 6598 1657 4941 1597
is_linear=0
shrinkage=0.025


Tree=429
num_leaves=8
num_cat=0
split_feature=5 46 36 37 37 19 16
split_gain=0.771143 0.978805 0.702111 1.58949 1.21239 0.513873 0.533409
threshold=-0.49876053631305689 0.019258987158536914 0.22977772355079654 0.0080982437357306498 0.011734911240637304 -0.04752885922789573 0.018965835683047775
decision_type=2 2 2 2 2 2 2
left_child=5 -2 3 -3 -4 6 -1
right_child=1 2 4 -5 -6 -7 -8
leaf_value=-0.00011663643523470128 -0.0005921550277843225 0.0013954655071422117 -0.00021521952690669398 -0.00013232428240645655 0.00031610276509834602 0.001425361224688498 0.0012572902351305414
leaf_weight=121 147 760 1638 6389 4928 209 165
leaf_count=121 147 760 1638 6389 4928 209 165
internal_value=4.77824e-05 1.25298e-05 3.50766e-05 -0.000135763 0.000221998 0.0010125 0.000287801
internal_weight=14357 13862 13715 7149 6566 495 286
internal_count=14357 13862 13715 7149 6566 495 286
is_linear=0
shrinkage=0.025


Tree=430
num_leaves=11
num_cat=0
split_feature=13 3 30 42 46 46 11 30 32 48
split_gain=0.690505 1.27004 1.40568 0.8985 2.0742 0.98543 0.550524 0.862215 0.755259 0.672627
threshold=-0.43828728795051569 -0.28892141580581659 -0.57316672801971424 -0.10173759236931799 0.10435571894049646 0.16405374556779864 0.019959573633968834 -0.57316672801971424 0.87031808495521557 0.43892149627208715
decision_type=2 2 2 2 2 2 2 2 2 2
left_child=6 2 -2 5 -5 -3 9 -8 -9 -1
right_child=1 3 -4 4 -6 -7 7 8 -10 -11
leaf_value=3.5333805485571535e-05 0.00024858832173233972 0.0012523252764804274 -0.0013484721324895073 -0.0010852777987830761 3.1641111557223553e-05 0.00017199908606940642 0.0020659857546840269 -0.0010213745459833837 0.00032531144693881522 0.002595588147735388
leaf_weight=130 124 307 225 747 10850 1154 171 120 169 242
leaf_count=130 124 307 225 747 10850 1154 171 120 169 242
internal_value=4.85293e-05 4.5669e-06 -0.00147246 4.50701e-05 -2.81201e-05 0.000628411 0.000745221 0.00014785 -0.000667517 0.00145557
internal_weight=14239 13407 349 13058 11597 1461 832 460 289 372
internal_count=14239 13407 349 13058 11597 1461 832 460 289 372
is_linear=0
shrinkage=0.025


Tree=431
num_leaves=9
num_cat=0
split_feature=24 39 40 46 35 48 17 17
split_gain=0.843791 0.740895 1.12059 2.43552 1.73133 0.982995 1.10667 0.609322
threshold=10.345211982727053 1.0921879410743716 0.86102840304374706 0.75650331377983104 -0.15014292299747464 0.78154808282852184 -0.032142013311386101 0.63699576258659374
decision_type=2 2 2 2 2 2 2 2
left_child=-1 2 3 -2 -4 7 -7 -3
right_child=1 5 4 -5 -6 6 -8 -9
leaf_value=-0.00045388311573218895 0.00063562549140167978 0.00028765685011729981 -0.0016307529855095139 -0.00026431265774520016 -8.4280276314235652e-05 -0.00030204862187380605 0.00027271462474681024 0.0027609081808699491
leaf_weight=171 3095 1123 212 1402 4829 781 2266 398
leaf_count=171 3095 1123 212 1402 4829 781 2266 398
internal_value=6.38042e-05 8.56602e-05 -3.91647e-05 0.000246835 -0.000295531 0.00034742 8.55997e-05 0.000865826
internal_weight=14277 14106 9538 4497 5041 4568 3047 1521
internal_count=14277 14106 9538 4497 5041 4568 3047 1521
is_linear=0
shrinkage=0.025


Tree=432
num_leaves=9
num_cat=0
split_feature=11 38 16 16 11 41 30 17
split_gain=0.77617 0.762854 0.807971 1.29467 0.936692 0.600903 0.838829 0.463498
threshold=0.0082435375079512613 -0.27892369031906122 0.024106965400278572 0.022594901733100418 0.016568548977375034 0.5260368585586549 -0.020108565688133236 -0.014067834243178366
decision_type=2 2 2 2 2 2 2 2
left_child=-1 5 3 -3 -4 7 -7 -2
right_child=1 2 4 -5 -6 6 -8 -9
leaf_value=0.0030121070138380036 0.0028343375735162637 -1.9835471878808898e-05 0.0010137009647941347 -0.00047726662057127309 -1.3249401642882742e-05 0.0012317694840795956 -0.00048654858042164342 9.0743531448222498e-06
leaf_weight=227 180 8228 1406 1498 2074 330 191 134
leaf_count=227 180 8228 1406 1498 2074 330 191 134
internal_value=1.49759e-05 -8.27628e-06 -5.51623e-05 -0.000172516 0.000270804 0.000721726 0.000182985 0.00157915
internal_weight=14268 14041 13206 9726 3480 835 521 314
internal_count=14268 14041 13206 9726 3480 835 521 314
is_linear=0
shrinkage=0.025


Tree=433
num_leaves=9
num_cat=0
split_feature=44 39 35 11 43 44 11 27
split_gain=0.746842 0.898948 0.675456 1.35836 1.74296 1.06436 0.981033 0.945801
threshold=0.010739648249000313 0.83824375271797191 -0.048106122761964791 0.015175361186265947 0.10659798979759218 0.047565177083015449 0.022225954569876197 0.00041130064346361911
decision_type=2 2 2 2 2 2 2 2
left_child=1 -1 3 4 -2 7 -5 -4
right_child=2 -3 5 6 -6 -7 -8 -9
leaf_value=-0.00021137966353762397 -0.0019967907940645481 0.0039417104413075853 0.00018460102991510786 0.00087053646758082051 0.0018283832696405927 -0.0008614798642095833 3.6168030990195975e-05 -0.00010772636298948143
leaf_weight=138 162 215 4218 1243 130 120 1371 6704
leaf_count=138 162 215 4218 1243 130 120 1371 6704
internal_value=6.26486e-05 0.00119064 3.32367e-05 0.000372295 -0.00122475 -5.5558e-05 0.000555078 -2.87132e-05
internal_weight=14301 353 13948 2906 292 11042 2614 10922
internal_count=14301 353 13948 2906 292 11042 2614 10922
is_linear=0
shrinkage=0.025


Tree=434
num_leaves=12
num_cat=0
split_feature=34 35 36 5 34 19 26 45 38 26 48
split_gain=0.793854 1.17828 1.17199 1.8632 1.06817 1.36576 1.34581 0.949432 0.813428 0.908061 0.535796
threshold=0.14204169809818271 0.38493418693542486 0.52496865391731273 0.6565767526626588 0.086892414838075652 0.31527613103389746 0.020129473879933361 0.80080705881118786 -0.15933406352996823 0.017264617606997493 0.5524578094482423
decision_type=2 2 2 2 2 2 2 2 2 2 2
left_child=2 8 4 -4 5 -1 -6 -5 -2 -10 -3
right_child=1 10 3 7 6 -7 -8 -9 9 -11 -12
leaf_value=0.00011330296227520846 -0.00060565887206723691 4.9295230908632487e-05 -0.0025207050615740794 0.00010537269982049433 -0.00080265299126129836 -0.0017931761313749657 2.5577587999501634e-05 -0.0014204356522516291 -0.00077977765541750504 0.0023457764943927775 -0.0016307608704396088
leaf_weight=9459 143 145 125 394 913 125 1262 124 138 1298 120
leaf_count=9459 143 145 125 394 913 125 1262 124 138 1298 120
internal_value=8.6573e-05 0.000569903 1.40043e-05 -0.00102045 7.15106e-05 0.000185499 -0.000427179 -0.000332218 0.000830966 0.00101232 -0.000949074
internal_weight=14246 1844 12402 643 11759 9584 2175 518 1579 1436 265
internal_count=14246 1844 12402 643 11759 9584 2175 518 1579 1436 265
is_linear=0
shrinkage=0.025


Tree=435
num_leaves=15
num_cat=0
split_feature=16 40 17 4 46 16 46 36 36 36 0 7 5 35
split_gain=0.738623 1.16443 1.56004 2.1353 1.57504 1.38701 1.58167 1.13891 0.907562 0.990976 1.03461 0.951003 1.31482 0.738882
threshold=0.025207782164216045 0.72273260354995739 -0.026086691766977307 0.14972178637981418 0.38114453852176672 0.020622772164642814 0.86720469594001781 0.1721996292471886 0.14045994728803637 0.60637953877449047 0.018194000236690048 -0.025576896965503689 0.42575931549072271 0.41866117715835577
decision_type=2 2 2 2 2 2 2 2 2 2 2 2 2 2
left_child=1 2 4 -4 -1 6 -3 -7 11 13 -11 -2 -13 -10
right_child=8 5 3 -5 -6 7 -8 -9 9 10 -12 12 -14 -15
leaf_value=-0.00050305319737591341 0.000713235583002133 8.5998306300239864e-05 -0.0015898684410390641 -1.7240765050052556e-05 0.0019558018225173356 0.00019485872654691108 0.0012670047268658997 -0.00038021670080932377 0.0014511598592443693 0.00032773262901394966 -0.0021321137167094467 -8.9772196360493438e-06 -0.0014977846358560413 -0.0005517881137012987
leaf_weight=234 213 5086 590 645 180 1130 763 2543 1584 320 151 483 193 233
leaf_count=234 213 5086 590 645 180 1130 763 2543 1584 320 151 483 193 233
internal_value=6.01791e-05 -3.5008e-05 -0.000647672 -0.00109375 0.000665275 7.07202e-05 0.000310258 -0.000308931 0.00039637 0.000660161 -0.000349265 -0.000275447 -0.000739721 0.000925494
internal_weight=14348 11171 1649 1235 414 9522 5849 3673 3177 2288 471 889 676 1817
internal_count=14348 11171 1649 1235 414 9522 5849 3673 3177 2288 471 889 676 1817
is_linear=0
shrinkage=0.025


Tree=436
num_leaves=11
num_cat=0
split_feature=34 41 6 24 47 11 30 11 5 37
split_gain=0.804498 1.18275 1.08122 1.19208 0.888308 0.816094 0.945336 0.871821 0.738978 0.509054
threshold=0.13507592678070071 0.83935174345970165 0.079607166349887862 24.808663368225101 0.86720469594001781 0.011178904213011267 0.041211370378732688 0.016268628649413589 0.13852435350418094 0.020063180476427082
decision_type=2 2 2 2 2 2 2 2 2 2
left_child=1 2 4 -4 -1 -2 8 -8 -7 -3
right_child=5 9 3 -5 -6 6 7 -9 -10 -11
leaf_value=-7.2509541668947211e-05 0.0041286190360909454 0.00014642012979703754 -0.0016861532376615199 -0.0001519690407305968 0.00039508740138420926 -0.0010454741405338155 0.00057035165650367009 -0.0015469686241015483 0.0011731965406546693 0.0045248954160736444
leaf_weight=9912 185 196 203 456 1384 125 497 473 693 154
leaf_count=9912 185 196 203 456 1384 125 497 473 693 154
internal_value=-2.4417e-05 -0.00010002 -0.000142663 -0.00112387 -8.43951e-05 0.000442998 0.000272588 -0.00025 0.000897631 0.00132042
internal_weight=14278 12305 11955 659 11296 1973 1788 970 818 350
internal_count=14278 12305 11955 659 11296 1973 1788 970 818 350
is_linear=0
shrinkage=0.025


Tree=437
num_leaves=8
num_cat=0
split_feature=41 48 40 46 46 44 47
split_gain=1.06305 0.972287 2.64095 4.20938 1.05761 1.00416 0.114737
threshold=0.059105746448040015 0.057776963338255889 0.46519245207309728 0.72135123610496532 0.86720469594001781 0.0271351607516408 0.16269258409738543
decision_type=2 2 2 2 2 2 2
left_child=-1 5 3 -3 -4 6 -2
right_child=1 2 4 -5 -6 -7 -8
leaf_value=-0.00022587257751107115 0.0036546234586115724 0.00063233870231969164 -1.4936439194601198e-05 -0.0041364497056608157 0.00054913869537331157 -6.5713866968207185e-05 0.001779121801960119
leaf_weight=144 227 120 11473 124 1763 234 154
leaf_count=144 227 120 11473 124 1763 234 154
internal_value=2.74678e-05 5.00887e-05 5.09835e-06 -0.00254518 5.3527e-05 0.00101815 0.00180376
internal_weight=14239 14095 13480 244 13236 615 381
internal_count=14239 14095 13480 244 13236 615 381
is_linear=0
shrinkage=0.025


Tree=438
num_leaves=5
num_cat=0
split_feature=37 41 45 44
split_gain=0.651645 0.642677 0.774349 1.14898
threshold=0.0071931711863726386 0.059105746448040015 0.99137932062149059 0.036924656480550773
decision_type=2 2 2 2
left_child=-1 -2 3 -3
right_child=1 2 -4 -5
leaf_value=0.0020046991952952851 -0.00024145204451896183 7.377429304949863e-06 -0.00084895843730893735 0.0010418361721287312
leaf_weight=172 142 13315 220 475
leaf_count=172 142 13315 220 475
internal_value=3.86455e-05 1.93368e-05 3.7014e-05 6.11636e-05
internal_weight=14324 14152 14010 13790
internal_count=14324 14152 14010 13790
is_linear=0
shrinkage=0.025


Tree=439
num_leaves=7
num_cat=0
split_feature=41 41 40 5 31 33
split_gain=0.881033 0.960768 1.85775 1.0248 0.78613 0.741692
threshold=0.059105746448040015 0.2815821915864945 0.46519245207309728 1.0185080766677859 0.4899324774742127 -0.0027383277192711826
decision_type=2 2 2 2 2 2
left_child=-1 3 -3 5 -4 -2
right_child=1 2 4 -5 -6 -7
leaf_value=-0.00013853318044485235 -3.7826802148968369e-05 -0.0020496272882292174 -0.00011621098014792781 -0.0001642355664139289 0.00010223162504089047 0.0013924970915270879
leaf_weight=143 199 227 5073 192 7830 567
leaf_count=143 199 227 5073 192 7830 567
internal_value=-1.51903e-05 4.52362e-06 -5.09135e-05 0.000767134 -1.05554e-05 0.00117866
internal_weight=14231 14088 13130 958 12903 766
internal_count=14231 14088 13130 958 12903 766
is_linear=0
shrinkage=0.025


Tree=440
num_leaves=8
num_cat=0
split_feature=12 12 21 36 36 13 44
split_gain=0.822478 0.945847 0.948033 0.856202 1.34531 1.30148 0.228384
threshold=-0.36043150722980494 -0.3040268719196319 39.370344161987312 0.22587104886770251 0.31840151548385626 -0.25391793251037592 0.028113856911659244
decision_type=2 2 2 2 2 2 2
left_child=6 2 -2 5 -5 -3 -1
right_child=1 3 -4 4 -6 -7 -8
leaf_value=0.00035755046171243363 -1.4314047024528049e-05 0.00011228655132262921 -0.0014883986191118886 0.00084425359660202581 2.3119120959484963e-06 -0.0002391438731839167 0.0031316028509607813
leaf_weight=120 193 2731 155 2004 4462 4501 129
leaf_count=120 193 2731 155 2004 4462 4501 129
internal_value=3.19057e-05 5.96052e-06 -0.00127125 3.93163e-05 0.000248609 -0.000146988 0.00144193
internal_weight=14295 14046 348 13698 6466 7232 249
internal_count=14295 14046 348 13698 6466 7232 249
is_linear=0
shrinkage=0.025


Tree=441
num_leaves=8
num_cat=0
split_feature=3 30 44 32 11 47 43
split_gain=0.814001 0.757683 1.69305 1.26333 1.09811 1.44246 1.18045
threshold=0.68802121281623851 -0.37195496261119837 0.012285047210752966 0.66451600193977367 0.016333735547959808 0.67663240432739269 0.32110843062400823
decision_type=2 2 2 2 2 2 2
left_child=1 2 -1 -4 5 -3 -6
right_child=-2 4 3 -5 6 -7 -8
leaf_value=-0.0011575728370118415 -0.00088149591121663431 1.6795747556657311e-05 -0.00045256414505031933 0.00062956051883031588 -5.1453006757537296e-05 0.0012317685016417779 -0.00042426725960637295
leaf_weight=233 225 4697 451 2474 4614 767 887
leaf_count=233 225 4697 451 2474 4614 767 887
internal_value=3.40522e-05 5.84832e-05 0.000399542 0.000565273 -3.93117e-05 0.000210962 -0.000289003
internal_weight=14348 14123 3158 2925 10965 5464 5501
internal_count=14348 14123 3158 2925 10965 5464 5501
is_linear=0
shrinkage=0.025


Tree=442
num_leaves=9
num_cat=0
split_feature=19 19 40 43 48 20 44 34
split_gain=0.634801 0.881433 2.78048 1.08179 0.947682 1.69473 1.34878 0.894226
threshold=-0.22468979656696317 -0.099488534033298479 1.1936094760894778 -0.12693954259157178 0.27622890472412115 0.12983757257461551 0.010739648249000313 0.015115128830075266
decision_type=2 2 2 2 2 2 2 2
left_child=-1 2 7 -4 5 -3 -6 -2
right_child=1 4 3 -5 6 -7 -8 -9
leaf_value=0.0023964896924673455 0.00019906531554344273 -0.00099809427424102284 -0.0035242928030007185 -0.00090766689702452888 0.0038448035745828127 5.0361947774554843e-05 7.9122465075178502e-05 -0.00095041639284612004
leaf_weight=170 749 1511 158 122 246 2332 8945 122
leaf_count=170 749 1511 158 122 246 2332 8945 122
internal_value=3.87362e-05 1.98204e-05 -0.00064122 -0.00278509 7.8898e-05 -0.000249805 0.000217078 5.27969e-05
internal_weight=14355 14185 1151 280 13034 3843 9191 871
internal_count=14355 14185 1151 280 13034 3843 9191 871
is_linear=0
shrinkage=0.025


Tree=443
num_leaves=10
num_cat=0
split_feature=17 40 40 47 9 9 41 30 4
split_gain=0.846082 2.42089 0.814735 1.81345 2.25422 1.66115 1.21408 1.42458 1.26694
threshold=1.3742074370384219 0.84765222668647777 0.94137525558471691 0.67663240432739269 0.025854485109448436 0.026703901588916782 0.6026645600795747 -0.95066696405410755 -0.020517176948487755
decision_type=2 2 2 2 2 2 2 2 2
left_child=2 -2 6 4 -4 -5 8 -8 -1
right_child=1 -3 3 5 -6 -7 7 -9 -10
leaf_value=-0.00058647762953710925 -0.0035989405671664285 0.00096389064748569453 3.1616603920085527e-05 0.001221715753668665 -0.0007715659421391642 3.3754796312974059e-05 -0.00085679420379470076 0.0011188968286234416 0.00014803782734561601
leaf_weight=976 120 217 2634 568 1864 2402 238 1924 3431
leaf_count=976 120 217 2634 568 1864 2402 238 1924 3431
internal_value=5.41589e-05 -0.00117325 8.44788e-05 -9.35032e-05 -0.00041056 0.000384454 0.000287686 0.000772381 4.78809e-05
internal_weight=14374 337 14037 7468 4498 2970 6569 2162 4407
internal_count=14374 337 14037 7468 4498 2970 6569 2162 4407
is_linear=0
shrinkage=0.025


Tree=444
num_leaves=12
num_cat=0
split_feature=4 45 10 35 11 22 11 29 31 46 38
split_gain=0.787548 1.80624 1.38269 1.3317 2.09392 0.932033 0.864842 0.85255 1.95812 0.849037 0.689701
threshold=-0.12773676961660382 0.057776963338255889 0.014350214041769506 -0.033536339178681367 0.015654272399842743 1.169248700141907 0.01754496339708567 0.050886349752545364 0.057865019887685783 0.6347549855709077 -0.2604879736900329
decision_type=2 2 2 2 2 2 2 2 2 2 2
left_child=2 -2 3 4 -1 9 -5 10 -9 -3 -4
right_child=1 5 7 6 -6 -7 -8 8 -10 -11 -12
leaf_value=-0.0020627521183581763 -0.0012476641011830759 0.0001183807376073925 0.0019476095298400827 0.0027456351057173513 0.0010023286700162422 -0.00076211529376252109 4.6431039260923149e-05 -0.0021921849292290785 -2.7869463783286813e-05 -0.00011096783321978672 3.0396668502160307e-05
leaf_weight=123 181 6233 212 496 174 214 132 127 571 5136 598
leaf_count=123 181 6233 212 496 174 214 132 127 571 5136 598
internal_value=2.1916e-05 -6.23459e-05 0.000431194 0.00118952 -0.000169702 -2.25448e-05 0.00183847 -3.22207e-05 -0.000673897 8.02278e-06 0.000513804
internal_weight=14197 11764 2433 925 297 11583 628 1508 698 11369 810
internal_count=14197 11764 2433 925 297 11583 628 1508 698 11369 810
is_linear=0
shrinkage=0.025


Tree=445
num_leaves=9
num_cat=0
split_feature=41 31 45 24 31 46 3 21
split_gain=0.738456 0.723231 1.57383 1.95728 1.01059 2.05342 1.22292 0.80761
threshold=0.059105746448040015 2.2016083002090459 0.74303007125854503 22.274411201477054 0.4962011724710465 0.75650331377983104 0.54610511660575878 48.555162429809577
decision_type=2 2 2 2 2 2 2 2
left_child=-1 4 3 -3 5 -2 -6 -4
right_child=1 2 7 -5 6 -7 -8 -9
leaf_value=-0.00023892546384912764 5.2805689879820095e-06 -0.0011879026220087505 0.0014967145155685248 -0.00049866672337848161 0.00029437822622893726 -0.00098017845466025449 -0.00077402855789111846 -9.8199357961511791e-05
leaf_weight=146 5091 120 207 325 6967 408 232 812
leaf_count=146 5091 120 207 325 6967 408 232 812
internal_value=5.6854e-05 7.57924e-05 -0.000448434 -0.00168056 0.000136877 -0.000117415 0.000331934 8.91114e-05
internal_weight=14308 14162 1464 445 12698 5499 7199 1019
internal_count=14308 14162 1464 445 12698 5499 7199 1019
is_linear=0
shrinkage=0.025


Tree=446
num_leaves=6
num_cat=0
split_feature=30 19 44 47 32
split_gain=0.736121 0.678147 0.752198 2.17401 2.119
threshold=1.6095827221870425 -0.22468979656696317 0.028646077960729602 0.88646370172500621 0.85233509540557872
decision_type=2 2 2 2 2
left_child=1 -1 3 -3 -4
right_child=-2 2 4 -5 -6
leaf_value=0.0021123083716032393 0.0025767862729697329 -7.2177951993107338e-06 0.00049091722935048717 0.0018785425868098169 -0.00096991970191257252
leaf_weight=170 164 11567 747 433 1183
leaf_count=170 164 11567 747 433 1183
internal_value=9.02315e-06 -1.01913e-05 -3.00501e-05 4.32113e-05 -0.000487726
internal_weight=14264 14100 13930 12000 1930
internal_count=14264 14100 13930 12000 1930
is_linear=0
shrinkage=0.025


Tree=447
num_leaves=7
num_cat=0
split_feature=17 40 11 35 40 35
split_gain=0.932335 2.32202 1.25019 0.921544 2.45066 1.15926
threshold=1.3742074370384219 0.83884707093238842 0.037145419046282775 -0.12450252845883368 0.97405219078063976 -0.083438433706760393
decision_type=2 2 2 2 2 2
left_child=2 -2 3 4 -1 -5
right_child=1 -3 -4 5 -6 -7
leaf_value=0.00015499018150008992 -0.0032340818229567858 0.00094853895405750939 0.0051616724292618005 0.00085114036204434927 -0.00096477367910816666 -5.7696145890491924e-06
leaf_weight=597 124 216 155 1162 426 11576
leaf_count=597 124 216 155 1162 426 11576
internal_value=-2.01589e-06 -0.00128623 2.93622e-05 3.35982e-06 -0.000716196 6.18968e-05
internal_weight=14256 340 13916 13761 1023 12738
internal_count=14256 340 13916 13761 1023 12738
is_linear=0
shrinkage=0.025


Tree=448
num_leaves=13
num_cat=0
split_feature=40 17 20 13 39 43 38 4 26 36 9 22
split_gain=0.66121 1.94225 2.566 1.96609 1.56188 2.6413 2.5816 1.65422 1.60215 1.57997 1.03464 0.309174
threshold=0.86102840304374706 1.3742074370384219 0.36275675892829901 -0.21430713683366773 0.91033425927162182 -0.080643273890018449 -0.051605883985757821 -0.17110411822795865 0.032999720424413688 -0.14391931891441342 0.020735117606818679 0.86152246594429027
decision_type=2 2 2 2 2 2 2 2 2 2 2 2
left_child=1 2 3 -1 5 7 -7 -2 10 -10 -6 -4
right_child=4 -3 11 -5 8 6 -8 -9 9 -11 -12 -13
leaf_value=0.00074016651613209973 -1.4218560231680401e-05 -0.0025405351260759435 0.0034400871097976268 -0.00026775524828441419 0.0016990425924120721 0.0013212326036238528 -0.00081039218630860142 -0.0018397365411886449 -0.0023250377160306738 -0.0001681356737390396 7.8139188096335537e-05 0.00061458746559703368
leaf_weight=1348 281 132 547 2347 886 708 782 642 132 1297 4671 391
leaf_count=1348 281 132 547 2347 886 708 782 642 132 1297 4671 391
internal_value=3.37886e-05 0.000273847 0.000361417 6.25001e-05 -8.73298e-05 -0.000635339 1.25419e-05 -0.00168238 0.00010138 -0.000642434 0.000294184 0.00152572
internal_weight=14164 4765 4633 3695 9399 2413 1490 923 6986 1429 5557 938
internal_count=14164 4765 4633 3695 9399 2413 1490 923 6986 1429 5557 938
is_linear=0
shrinkage=0.025


Tree=449
num_leaves=10
num_cat=0
split_feature=35 35 16 14 35 42 37 31 9
split_gain=0.646754 0.935062 1.28098 1.26067 1.1987 0.956139 1.02565 0.824609 0.556958
threshold=0.41247424483299261 0.30404825508594518 0.032191650941967971 0.68534484505653392 0.28855048120021826 -0.090081781148910509 0.018690415658056739 1.7704916000366213 0.03281249292194844
decision_type=2 2 2 2 2 2 2 2 2
left_child=1 2 4 -4 -1 -3 -7 -2 -9
right_child=7 5 3 -5 -6 6 -8 8 -10
leaf_value=5.2257536522811074e-05 -0.0022301893587438801 0.0037054714926454619 -5.5267376385947188e-05 -0.0017100052249443571 -0.0012505316113324606 -5.6408478112431711e-05 0.0022527219797903964 -0.00054733201511908674 0.001188760992223806
leaf_weight=12064 209 236 303 148 142 585 296 178 120
leaf_count=12064 209 236 303 148 142 585 296 178 120
internal_value=8.72358e-05 0.00012002 5.81465e-05 -0.00124178 0.000107178 0.000812166 0.000419018 -0.000783691 4.53796e-05
internal_weight=14281 13774 12657 451 12206 1117 881 507 298
internal_count=14281 13774 12657 451 12206 1117 881 507 298
is_linear=0
shrinkage=0.025


Tree=450
num_leaves=8
num_cat=0
split_feature=16 16 16 36 30 6 40
split_gain=0.829156 1.09076 1.17956 1.01088 0.963303 0.823918 0.694533
threshold=0.037212114781141288 0.031839871779084213 0.028496605344116691 0.49588042497634893 0.29327811300754553 0.039229506626725204 1.2218908071517947
decision_type=2 2 2 2 2 2 2
left_child=1 2 3 -1 5 -3 -4
right_child=-2 4 6 -5 -6 -7 -8
leaf_value=4.0642700833850366e-05 0.0041317765655442444 0.00074481641435917645 0.0012635661197125147 -0.00090954030023549556 -0.0015851880014249075 -0.00079511939271166619 -0.00068597359049590997
leaf_weight=11744 180 134 765 868 213 207 120
leaf_count=11744 180 134 765 868 213 207 120
internal_value=5.94445e-05 3.70839e-05 8.23027e-05 1.97156e-05 -0.00104428 -0.000191474 0.000962079
internal_weight=14231 14051 13497 12612 554 341 885
internal_count=14231 14051 13497 12612 554 341 885
is_linear=0
shrinkage=0.025


Tree=451
num_leaves=11
num_cat=0
split_feature=9 31 35 38 3 9 17 31 13 40
split_gain=0.84519 1.54311 1.22148 0.75784 0.908024 1.48606 1.0644 0.755373 0.427149 0.349349
threshold=0.017470034770667556 0.049381246790289886 0.14481195062398913 -0.31172589957714075 0.19621861726045611 0.034353757277131088 0.74621582031250011 0.61375942826271068 -0.099519383162260042 0.87517720460891735
decision_type=2 2 2 2 2 2 2 2 2 2
left_child=1 -1 8 9 6 -6 -5 -4 -3 -2
right_child=3 2 7 4 5 -7 -8 -9 -10 -11
leaf_value=-0.00065323985857553078 0.0025852213850978047 0.0037590522992953347 -0.00083968826853528765 -0.00017339589685220309 0.0004406515301667675 -0.00051955941844621307 0.00019314204000222458 0.0014766100483701646 0.0013679743782002369 0.00048062395581321277
leaf_weight=151 130 552 284 6822 3304 1148 1404 125 253 156
leaf_count=151 130 552 284 6822 3304 1148 1404 125 253 156
internal_value=3.42718e-05 0.000625 0.000925964 -2.7662e-05 -5.70645e-05 0.000229695 -0.000213066 -0.000172101 0.0014892 0.00123282
internal_weight=14329 1365 1214 12964 12678 4452 8226 409 805 286
internal_count=14329 1365 1214 12964 12678 4452 8226 409 805 286
is_linear=0
shrinkage=0.025


Tree=452
num_leaves=5
num_cat=0
split_feature=39 38 37 36
split_gain=0.895187 0.600739 0.575463 0.596122
threshold=0.10080933943390848 -0.32183244824409479 0.0071931711863726386 0.21998091787099841
decision_type=2 2 2 2
left_child=-1 -2 -3 -4
right_child=1 2 3 -5
leaf_value=-0.0001784043442715259 0.0022513637266456548 0.0018401589629768143 -8.2561031994253951e-05 9.7703223136013989e-05
leaf_weight=143 233 173 7108 6734
leaf_count=143 233 173 7108 6734
internal_value=0 2.0259e-05 -4.45699e-07 -1.90474e-05
internal_weight=14391 14248 14015 13842
internal_count=14391 14248 14015 13842
is_linear=0
shrinkage=0.025


Tree=453
num_leaves=7
num_cat=0
split_feature=8 26 37 47 6 43
split_gain=0.597539 0.674844 1.15849 0.772734 1.3168 0.895881
threshold=0.057141719385981567 0.045762682333588607 0.022662520408630375 0.88646370172500621 0.072918549180030837 0.46574716269969946
decision_type=2 2 2 2 2 2
left_child=1 3 -3 5 -5 -1
right_child=-2 2 -4 4 -6 -7
leaf_value=-1.9184820358525802e-05 0.0024719372615279807 -0.0013039622505172156 0.00078586154709092367 0.00057724416717698957 -0.00047599231615037645 0.00071996780944026412
leaf_weight=12149 166 145 154 1175 161 372
leaf_count=12149 166 145 154 1175 161 372
internal_value=4.35368e-05 2.53338e-05 -0.00113898 5.13094e-05 0.000621738 -9.2806e-06
internal_weight=14322 14156 299 13857 1336 12521
internal_count=14322 14156 299 13857 1336 12521
is_linear=0
shrinkage=0.025


Tree=454
num_leaves=15
num_cat=0
split_feature=37 11 38 34 37 37 34 33 47 33 35 33 25 8
split_gain=0.75481 0.862639 1.36644 1.19292 0.993411 0.818655 1.81564 1.98487 1.77273 1.39305 1.61129 0.752209 0.571099 0.163796
threshold=0.023582911118865017 0.021532656624913219 -0.10893821716308592 -0.031412668526172631 0.031315771862864501 0.016778284683823589 0.062001651152968414 0.015146658290177585 0.91434335708618175 0.013580322265625002 0.11997384950518609 0.024629064835608009 -8.7124948501586896 0.032888531684875495
decision_type=2 2 2 2 2 2 2 2 2 2 2 2 2 2
left_child=5 12 4 -4 -3 9 8 -8 -7 10 -1 -11 -2 -14
right_child=1 2 3 -5 -6 6 7 -9 -10 11 -12 -13 13 -15
leaf_value=0.00021166503375179648 0.00017533858418198033 0.0035033396559937696 -0.0018206137192880363 0.00026154897348211264 1.9043869744782258e-05 -0.00032700043450217944 0.0012784265175534014 -0.0013070403318021695 -0.0016729414312245884 0.0020059754137305096 -0.00020125208508379517 -0.00051038240975138525 0.0035477677844970561 0.0019245826625077672
leaf_weight=4697 159 269 217 176 440 1673 772 287 137 993 3766 190 238 253
leaf_count=4697 159 269 217 176 440 1673 772 287 137 993 3766 190 238 253
internal_value=8.31174e-05 0.000568441 0.000134372 -0.00103329 0.000793067 1.44769e-05 -0.000355341 0.000461701 -0.000836777 0.000125246 1.19569e-05 0.000926978 0.00128817 0.00170615
internal_weight=14267 1752 1102 393 709 12515 2869 1059 1810 9646 8463 1183 650 491
internal_count=14267 1752 1102 393 709 12515 2869 1059 1810 9646 8463 1183 650 491
is_linear=0
shrinkage=0.025


Tree=455
num_leaves=12
num_cat=0
split_feature=21 25 28 26 14 31 25 26 27 27 22
split_gain=0.697205 0.808967 1.14313 1.25432 1.08878 1.24026 0.885333 0.85884 0.529212 0.539252 0.417107
threshold=26.583303451538089 -9.4089488983154279 0.42499999701976782 0.01924008131027222 0.54310345649719249 0.45573139190673834 -16.0617561340332 0.022712004370987419 -0.0080923340283334238 -0.00047854501463007176 0.10691194608807565
decision_type=2 2 2 2 2 2 2 2 2 2 2
left_child=8 4 7 -4 6 -6 -2 -3 -1 -10 -11
right_child=1 2 3 -5 5 -7 -8 -9 9 10 -12
leaf_value=-0.00053515187410789044 0.00070693673064293626 0.0010416385605324489 -0.00026928952118279958 5.4595493882531499e-05 -0.0024741008687603483 -7.2038230846900193e-05 -0.00031814691357273759 2.3681736667245744e-05 0.0023967595199211903 -3.6944979939049818e-05 0.0012910678796194213
leaf_weight=130 432 1093 2490 7204 146 138 841 1061 165 280 276
leaf_count=130 432 1093 2490 7204 146 138 841 1061 165 280 276
internal_value=3.39213e-05 -9.78738e-06 6.02169e-05 -5.50314e-05 -0.000544974 -0.00193339 -0.000223983 0.000580709 0.000725759 0.000993457 0.00059492
internal_weight=14256 13405 11848 9694 1557 284 1273 2154 851 721 556
internal_count=14256 13405 11848 9694 1557 284 1273 2154 851 721 556
is_linear=0
shrinkage=0.025


Tree=456
num_leaves=8
num_cat=0
split_feature=41 41 40 46 35 5 37
split_gain=0.682586 0.678408 1.40753 1.16286 1.01296 0.748126 0.000399698
threshold=0.059105746448040015 0.31398834288120275 0.44542901217937475 0.40388205647468572 0.115712758153677 0.149851068854332 0.013495070394128563
decision_type=2 2 2 2 2 2 2
left_child=-1 3 -3 6 -5 -4 -2
right_child=1 2 5 4 -6 -7 -8
leaf_value=-0.00018138889255010264 0.0045605109814590662 -0.0022050722834246173 -0.00010976688582909772 0.00096797835978721942 -0.00016823190325073695 0.00011480287936419102 0.003294200865905237
leaf_weight=140 144 150 4523 455 511 8209 120
leaf_count=140 144 150 4523 455 511 8209 120
internal_value=2.44618e-05 4.24135e-05 -1.07666e-05 0.000602227 0.000189238 1.7567e-05 0.00205855
internal_weight=14252 14112 12882 1230 966 12732 264
internal_count=14252 14112 12882 1230 966 12732 264
is_linear=0
shrinkage=0.025


Tree=457
num_leaves=9
num_cat=0
split_feature=17 10 11 3 40 40 9 37
split_gain=0.772194 1.32926 1.19848 1.01166 1.65316 0.92048 0.837261 0.808093
threshold=1.3742074370384219 0.026942873373627666 0.030146511271595958 -0.28143721818923945 1.0172742009162905 1.094751298427582 0.034761307761073119 0.017438588663935665
decision_type=2 2 2 2 2 2 2 2
left_child=2 -2 3 4 -1 7 -5 -4
right_child=1 -3 5 6 -6 -7 -8 -9
leaf_value=0.00015836482351082835 0.00022023390463312288 -0.0010124753508713635 -0.0001403533970086657 7.2678450488922476e-05 -0.0013716770813566367 0.0021943433476423559 -0.00046410818604520894 0.00047187431752143666
leaf_weight=211 200 125 158 11349 239 321 1640 124
leaf_count=211 200 125 158 11349 239 321 1640 124
internal_value=3.90517e-05 -0.0011553 6.75412e-05 1.79449e-05 -0.00114011 0.00115337 5.89696e-05 8.27527e-05
internal_weight=14367 325 14042 13439 450 603 12989 282
internal_count=14367 325 14042 13439 450 603 12989 282
is_linear=0
shrinkage=0.025


Tree=458
num_leaves=6
num_cat=0
split_feature=30 17 40 11 40
split_gain=1.00576 0.916087 1.65852 0.877063 0.776002
threshold=1.6095827221870425 1.3742074370384219 0.83884707093238842 0.037145419046282775 1.2218908071517947
decision_type=2 2 2 2 2
left_child=1 3 -3 4 -1
right_child=-2 2 -4 -5 -6
leaf_value=5.149583765968598e-05 0.0026803905199195878 -0.003377934041608677 0.00010032207406050596 0.0047150728404847667 -0.00011029782571820939
leaf_weight=11682 166 120 216 153 2037
leaf_count=11682 166 120 216 153 2037
internal_value=4.54657e-05 2.2075e-05 -0.00125733 5.39563e-05 3.21518e-05
internal_weight=14374 14208 336 13872 13719
internal_count=14374 14208 336 13872 13719
is_linear=0
shrinkage=0.025


Tree=459
num_leaves=14
num_cat=0
split_feature=22 32 10 16 25 41 12 14 22 45 44 22 19
split_gain=0.736969 1.92405 0.922262 1.0246 0.814302 1.15043 0.973581 0.945937 0.836054 0.96928 0.771605 0.589858 0.456482
threshold=0.82705175876617443 0.64325553178787243 0.0080576473847031611 0.014027417637407781 -9.4089488983154279 0.5676870346069337 -0.17192827165126798 0.3491379320621491 0.42956253886222845 0.71515038609504711 0.022756472229957584 0.034661449491977699 0.12124016135931016
decision_type=2 2 2 2 2 2 2 2 2 2 2 2 2
left_child=4 10 12 -4 5 6 -1 -7 11 -10 -2 -6 -3
right_child=1 2 3 -5 8 7 -8 -9 9 -11 -12 -13 -14
leaf_value=-2.9328553510158431e-05 -0.0017404965837390608 5.003575756352722e-05 0.0021598001909170928 -0.00034410696037389315 -0.00067450816673658449 0.00040650672346198612 -0.0016246569441042526 -0.00040643231047090894 0.00016374228611376739 -0.00019840436874015333 -3.0499821001151721e-05 0.00046453029582414946 0.0016489405607616157
leaf_weight=383 204 258 131 2627 142 1049 299 540 3729 1739 124 2723 343
leaf_count=383 204 258 131 2627 142 1049 299 540 3729 1739 124 2723 343
internal_value=1.89739e-05 -0.000284737 -0.000102928 -0.000298136 0.000125248 -0.000292728 -0.00114811 7.29298e-05 0.000240016 5.7327e-05 -0.00209835 0.000585801 0.00077764
internal_weight=14291 3687 3359 2758 10604 2271 682 1589 8333 5468 328 2865 601
internal_count=14291 3687 3359 2758 10604 2271 682 1589 8333 5468 328 2865 601
is_linear=0
shrinkage=0.025


Tree=460
num_leaves=8
num_cat=0
split_feature=41 48 45 29 34 32 35
split_gain=0.678236 0.823163 0.663728 1.05822 0.630917 0.481072 0.145016
threshold=0.11206618323922159 0.057776963338255889 0.99137932062149059 0.094439048320055022 -0.00075153153738938261 0.89580440521240245 0.13400837033987048
decision_type=2 2 2 2 2 2 2
left_child=5 4 3 -3 -2 -1 -6
right_child=1 2 -4 -5 6 -7 -8
leaf_value=3.2221370356159075e-06 -1.1132111588521892e-05 -1.2204547061582697e-05 -0.0010130794682281601 0.00057945262090584816 0.0029751202934675154 -0.0012717982368556898 0.0014622432069358628
leaf_weight=123 194 11809 211 1520 142 120 171
leaf_count=123 194 11809 211 1520 142 120 171
internal_value=3.97867e-05 6.30694e-05 2.53785e-05 4.80914e-05 0.00104736 -0.00125504 0.00173349
internal_weight=14290 14047 13540 13329 507 243 313
internal_count=14290 14047 13540 13329 507 243 313
is_linear=0
shrinkage=0.025


Tree=461
num_leaves=13
num_cat=0
split_feature=36 35 29 37 24 7 40 14 29 29 32 2
split_gain=0.604231 2.26895 2.04364 1.87157 1.68005 1.15347 1.07986 1.01073 1.2799 1.07041 0.953874 0.394088
threshold=0.22977772355079654 0.12533523142337802 0.085441272705793395 0.0090185254812240618 35.753940582275398 -0.021980533376336094 0.82468348741531383 0.97212031483650219 0.095154039561748519 0.087375968694686904 0.86215695738792431 0.13114723563194278
decision_type=2 2 2 2 2 2 2 2 2 2 2 2
left_child=1 3 10 6 -4 -5 -1 8 9 -2 -3 -10
right_child=7 2 4 5 -6 -7 -8 -9 11 -11 -12 -13
leaf_value=-5.2387945004668463e-05 0.00021012238238749927 0.00029383624756686161 -0.0038556821189542098 0.00050826494252508383 -0.0010197043362539246 -7.8311020485902758e-05 0.0034713365421298681 -0.0015669458051422527 0.0017579192985016205 -0.00050364888584771917 -0.00042720276358438876 0.0022796733519916818
leaf_weight=248 5114 453 123 694 160 4378 657 213 221 847 948 229
leaf_count=248 5114 453 123 694 160 4378 657 213 221 847 948 229
internal_value=6.69175e-05 -8.36485e-05 -0.00089328 0.000143974 -0.00281684 -4.21015e-05 0.00118819 0.000241929 0.000299447 0.000200511 -0.000491643 0.00157967
internal_weight=14285 7661 1684 5977 283 5072 905 6624 6411 5961 1401 450
internal_count=14285 7661 1684 5977 283 5072 905 6624 6411 5961 1401 450
is_linear=0
shrinkage=0.025


Tree=462
num_leaves=14
num_cat=0
split_feature=16 16 16 37 40 36 32 16 40 40 11 17 4
split_gain=0.596603 1.77349 2.1898 1.45459 1.28418 1.22823 1.00511 1.01522 0.934364 0.826479 2.53021 1.33113 0.608436
threshold=0.01804363634437323 0.018965835683047775 0.01861462835222483 0.0090185254812240618 1.1240597367286684 0.28765527904033666 1.2872664928436282 0.017465499229729179 0.82170298695564281 0.95254158973693859 0.012480103876441719 1.4222589731216433 0.2903361469507218
decision_type=2 2 2 2 2 2 2 2 2 2 2 2 2
left_child=3 2 4 5 -2 8 7 -5 -1 11 -11 -3 -7
right_child=1 9 -4 6 -6 12 -8 -9 -10 10 -12 -13 -14
leaf_value=0.00017603456798175884 -0.0010651302494277298 0.00020566465794620158 -0.0020644629886454524 -4.0132554146515175e-05 0.00055789035339972746 -0.00094897984269787239 -0.00093898523435475005 0.0012434171840419081 0.0041304114419312655 -0.0015531850681335963 -1.0075204404155664e-05 -0.0022711053138557802 0.0006097909578410617
leaf_weight=197 514 4368 143 2521 150 123 140 488 578 440 4340 152 122
leaf_count=197 514 4368 143 2521 150 123 140 488 578 440 4340 152 122
internal_value=2.16197e-05 -8.17098e-05 -0.00120228 0.000273419 -0.000573617 0.00109146 5.15228e-06 0.000104927 0.00157853 1.54488e-05 -0.000212905 0.000258287 -0.000425
internal_weight=14276 10107 807 4169 664 1020 3149 3009 775 9300 4780 4520 245
internal_count=14276 10107 807 4169 664 1020 3149 3009 775 9300 4780 4520 245
is_linear=0
shrinkage=0.025


Tree=463
num_leaves=12
num_cat=0
split_feature=4 41 5 38 5 44 30 44 40 11 11
split_gain=0.819719 1.27298 1.50372 1.65689 1.12099 1.04053 1.03008 1.18719 1.18431 0.632502 0.676122
threshold=-0.12773676961660382 0.72728547453880321 -0.26949703693389887 -0.13491919636726377 -0.45503072440624232 0.017049049027264122 0.50367307662963878 0.014308356679975988 0.7297625243663789 0.018584785051643852 0.025621276348829273
decision_type=2 2 2 2 2 2 2 2 2 2 2
left_child=1 2 3 -1 -2 -4 8 -8 -6 -3 -11
right_child=4 9 5 -5 6 -7 7 -9 -10 10 -12
leaf_value=-0.0011092079682160367 0.002749821988780347 0.0024549063168538641 0.002222647294813323 0.0026185751934522162 -0.0004321397410187172 1.0065605509258721e-05 -0.0012013974866756172 0.00062475910065535928 -2.997370370301252e-05 4.2142324222477109e-06 0.00095158027767904734
leaf_weight=508 149 273 382 148 1386 650 200 2124 7957 312 169
leaf_count=508 149 273 382 148 1386 650 200 2124 7957 312 169
internal_value=2.19976e-05 0.000438803 5.24218e-05 -0.000875567 -6.37635e-05 0.000649711 -9.22078e-05 0.000377308 -0.000209804 0.00128953 0.000712449
internal_weight=14258 2442 1688 656 11816 1032 11667 2324 9343 754 481
internal_count=14258 2442 1688 656 11816 1032 11667 2324 9343 754 481
is_linear=0
shrinkage=0.025


Tree=464
num_leaves=12
num_cat=0
split_feature=29 5 38 31 20 43 5 44 46 8 9
split_gain=0.78151 0.914845 0.886774 1.17844 1.70856 1.70546 1.149 3.3333 1.92092 0.432791 0.644426
threshold=0.09524793922901155 1.1890789866447451 -0.018733770586550232 1.3124901056289675 0.76725116372108471 0.019517267122864727 0.70922085642814647 0.028977220878005031 0.69570478796958934 0.036182824522256858 0.040008528158068664
decision_type=2 2 2 2 2 2 2 2 2 2 2
left_child=2 9 6 5 -5 -4 8 -8 -1 -2 -11
right_child=1 -3 3 4 -6 -7 7 -9 -10 10 -12
leaf_value=0.00010479228772075701 0.0046648772407521296 -0.0011687592565966546 -0.00019549585520396663 -0.00090369611834903787 0.0010647413977955507 0.0012136049541846209 0.0017540332962010482 -0.00058339658625859139 -0.00044794349022234245 6.0245108925509329e-06 0.0031894429766494135
leaf_weight=5862 188 134 1855 1354 310 692 1611 495 1412 246 167
leaf_count=5862 188 134 1855 1354 310 692 1611 495 1412 246 167
internal_value=6.16671e-05 0.000853041 1.8112e-05 -0.000282554 -0.000799131 5.33896e-05 0.000153836 0.000667338 3.94981e-06 0.00127269 0.000780502
internal_weight=14326 735 13591 4211 1664 2547 9380 2106 7274 601 413
internal_count=14326 735 13591 4211 1664 2547 9380 2106 7274 601 413
is_linear=0
shrinkage=0.025


Tree=465
num_leaves=14
num_cat=0
split_feature=29 30 32 29 13 39 3 25 30 24 3 24 21
split_gain=0.658741 0.979298 0.87553 0.832993 2.76459 1.55736 1.09634 0.840328 1.44741 1.13005 0.588054 0.58337 0.414292
threshold=0.030740039423108104 -0.11359048634767531 0.99974343180656444 0.039320964366197593 -0.20605760067701337 0.81783425807952892 -0.24518837034702298 -9.4089488983154279 -0.37946258485317225 16.119374275207523 -0.10563710704445838 23.755349159240726 41.006902694702156
decision_type=2 2 2 2 2 2 2 2 2 2 2 2 2
left_child=1 2 11 4 6 -6 -2 8 -5 -9 -3 -1 -12
right_child=3 10 -4 7 5 -7 -8 9 -10 -11 12 -13 -14
leaf_value=-0.00010731945271042804 -0.00082306842676187263 -0.00025538213898714592 -0.0010055496346079665 0.0006898393998039929 -0.0020629130638871755 -0.00029075469712097667 0.00086520230195316161 -0.00031789629980254002 -0.00058328646482948266 0.00015546775948541893 0.00069672479275786642 0.00086022066771402033 0.0018060618164457449
leaf_weight=561 130 198 216 392 570 736 742 952 798 7765 377 317 557
leaf_count=561 130 198 216 392 570 736 742 952 798 7765 377 317 557
internal_value=5.7366e-05 0.000452152 -7.62055e-05 -1.49916e-05 -0.000457512 -0.00118516 0.000625713 8.18453e-05 -0.000538703 0.000167536 0.000966359 0.000270385 0.0012287
internal_weight=14311 2226 1094 12085 2178 1306 872 9907 1190 8717 1132 878 934
internal_count=14311 2226 1094 12085 2178 1306 872 9907 1190 8717 1132 878 934
is_linear=0
shrinkage=0.025


Tree=466
num_leaves=13
num_cat=0
split_feature=9 31 35 31 33 0 41 23 31 19 46 29
split_gain=0.836563 1.35923 0.95026 0.934241 0.766378 1.53265 1.16334 0.911642 1.11393 0.707224 0.506313 0.493607
threshold=0.017470034770667556 0.049381246790289886 0.1172725483775139 0.63783550262451183 -0.0014869939768686888 0.028240391053259376 0.4114948064088822 0.12704696506261828 2.6633386611938481 0.095639485865831389 0.70194101333618175 0.020281197503209118
decision_type=2 2 2 2 2 2 2 2 2 2 2 2
left_child=1 -1 11 -4 5 6 -2 9 -9 -6 -7 -3
right_child=4 2 3 -5 7 10 -8 8 -10 -11 -12 -13
leaf_value=-0.00087471206420923139 -0.00050812564398454191 0.00019987107359014788 -0.00038219413579741469 0.0018820869948590901 -0.0002759955421503144 -0.0025340944846929414 -1.0349711062958406e-05 0.00019631081245111899 -0.00060530724112717739 0.0006341280448711261 -0.001434873446223831 0.0030962699879340475
leaf_weight=156 656 131 362 128 2222 124 3178 5715 515 373 126 618
leaf_count=156 656 131 362 128 2222 124 3178 5715 515 373 126 618
internal_value=-4.10571e-06 0.000575893 0.000857114 0 -6.74654e-05 -0.000350636 -0.000223691 6.29956e-05 0.000227546 -0.000329327 -0.00223039 0.00141412
internal_weight=14304 1395 1239 490 12909 4084 3834 8825 6230 2595 250 749
internal_count=14304 1395 1239 490 12909 4084 3834 8825 6230 2595 250 749
is_linear=0
shrinkage=0.025


Tree=467
num_leaves=9
num_cat=0
split_feature=38 36 9 39 13 39 41 18
split_gain=0.626257 0.755431 1.29973 1.88357 1.06637 0.738589 0.15929 0.151578
threshold=-0.32183244824409479 -0.15085972100496289 0.021416229195892814 1.0455918908119204 -0.49398656189441675 1.106085002422333 0.61766803264617931 -0.021643475629389283
decision_type=2 2 2 2 2 2 2 2
left_child=6 2 -2 -4 7 -6 -1 -3
right_child=1 4 3 -5 5 -7 -8 -9
leaf_value=0.0024834348972032159 -0.0025350060901620851 0.00086162897128242268 0.00070718824177956835 -0.00051308099844829319 -2.6134786426513948e-05 0.00017306275099784158 0.00098800939872739179 0.0023135236044430399
leaf_weight=121 168 122 430 461 8957 3772 120 165
leaf_count=121 168 122 430 461 8957 3772 120 165
internal_value=5.47274e-05 3.24042e-05 -0.000607378 -0.000213449 8.5151e-05 5.03574e-05 0.00130589 0.00157962
internal_weight=14316 14075 1059 891 13016 12729 241 287
internal_count=14316 14075 1059 891 13016 12729 241 287
is_linear=0
shrinkage=0.025


Tree=468
num_leaves=6
num_cat=0
split_feature=40 40 41 43 31
split_gain=0.694865 1.28927 0.821261 0.926511 0.677228
threshold=0.39014583826065069 0.44542901217937475 0.086012769490480437 0.066761393100023284 0.52593180537223827
decision_type=2 2 2 2 2
left_child=4 -2 -3 -4 -1
right_child=1 2 3 -5 -6
leaf_value=0.004548733379015072 -0.002762226438634541 -0.00022593335831933185 -3.2974653467250146e-05 0.00022898807367398248 -3.7790308429950927e-05
leaf_weight=167 169 126 8414 5248 120
leaf_count=167 169 126 8414 5248 120
internal_value=3.00899e-05 4.387e-06 3.18097e-05 5.11269e-05 0.00123716
internal_weight=14244 13957 13788 13662 287
internal_count=14244 13957 13788 13662 287
is_linear=0
shrinkage=0.025


Tree=469
num_leaves=15
num_cat=0
split_feature=16 16 16 15 23 36 40 37 36 7 46 16 14 35
split_gain=0.689793 1.0561 2.09921 2.60238 1.86285 1.59887 1.50274 1.13223 0.879893 1.11953 1.13888 1.00532 1.25399 0.869043
threshold=0.025207782164216045 0.022594901733100418 0.022944572381675247 0.19827586412429812 0.20862841606140139 0.47109559178352362 0.96010982990264904 0.026796324178576473 0.14045994728803637 -0.021277523599565026 0.70194101333618175 0.031839871779084213 0.69589141011238109 0.41866117715835577
decision_type=2 2 2 2 2 2 2 2 2 2 2 2 2 2
left_child=1 5 4 -4 -3 7 -7 -1 9 -2 -11 13 -13 -10
right_child=8 2 3 -5 -6 6 -8 -9 11 10 -12 12 -14 -15
leaf_value=7.2560664599274685e-05 0.00059262573090240929 -0.00033598600027171741 -0.0027709662886907876 3.9171034561751269e-05 -0.0023273591483234913 6.8458149320430153e-05 -0.0021590256663808357 0.0032810876707228091 0.0014883242431541959 -0.00015304031995681461 -0.0017210203733752927 0.00039007046664482186 -0.0009815682334293281 -0.00042595287866692964
leaf_weight=8076 269 160 140 1786 154 203 251 297 1541 421 195 353 151 246
leaf_count=8076 269 160 140 1786 154 203 251 297 1541 421 195 353 151 246
internal_value=7.90463e-05 -1.36605e-05 -0.00049833 -0.000183195 -0.00237853 0.000108837 -0.00132625 0.000188142 0.000403568 -0.000259831 -0.000851449 0.000662565 -0.000311886 0.000940988
internal_weight=14243 11067 2240 1926 314 8827 454 8373 3176 885 616 2291 504 1787
internal_count=14243 11067 2240 1926 314 8827 454 8373 3176 885 616 2291 504 1787
is_linear=0
shrinkage=0.025


Tree=470
num_leaves=11
num_cat=0
split_feature=34 26 41 32 20 37 31 14 10 37
split_gain=0.823927 1.22035 0.916595 0.728796 1.0773 0.918124 0.713448 1.04177 0.702106 0.594227
threshold=0.14204169809818271 0.017548041418194774 0.83935174345970165 1.3056870698928835 0.67061778903007518 0.015915942378342155 2.0141876935958867 0.42828319966793066 0.011202017776668073 0.019648350775241855
decision_type=2 2 2 2 2 2 2 2 2 2
left_child=2 -2 3 4 -1 -5 8 -8 -3 -4
right_child=1 6 9 5 -6 -7 7 -9 -10 -11
leaf_value=-3.437750110362388e-05 -0.0013161560049889721 0.0026090694380862065 0.00013864185116830251 -0.00095535389090626731 0.0011128160081667351 -0.00011248200509609275 -0.0010739890210090864 0.0015806933115082118 0.00038015558429944208 0.0044552160704773155
leaf_weight=10670 166 440 178 256 567 626 139 308 768 150
leaf_count=10670 166 440 178 256 567 626 139 308 768 150
internal_value=2.19822e-05 0.000518209 -5.0293e-05 -8.62957e-05 -3.12443e-05 -0.000776494 0.000726657 -0.000113385 0.00104184 0.00124249
internal_weight=14268 1821 12447 12119 11237 882 1655 447 1208 328
internal_count=14268 1821 12447 12119 11237 882 1655 447 1208 328
is_linear=0
shrinkage=0.025


Tree=471
num_leaves=15
num_cat=0
split_feature=47 9 9 21 17 4 20 41 35 5 35 37 35 35
split_gain=0.769149 1.22583 1.10468 1.25634 1.08763 3.17153 1.2043 1.08754 0.830724 1.67219 0.94311 0.824649 0.660944 0.235714
threshold=0.19057226926088336 0.021725115366280082 0.018745083361864093 43.756311416625984 0.063442200422287001 0.10769112035632135 -0.13740342855453488 0.66950860619544994 0.41866117715835577 0.99052628874778759 0.18036336451768878 0.01117206458002329 -0.0014119492843747137 0.34286741912364965
decision_type=2 2 2 2 2 2 2 2 2 2 2 2 2 2
left_child=1 4 3 -2 6 -6 -1 13 10 -10 -4 -5 -9 -3
right_child=2 7 8 11 5 -7 -8 12 9 -11 -12 -13 -14 -15
leaf_value=-0.00034643090414620756 -0.00099727894067197401 0.0035944525211030879 -9.1592908579442449e-05 0.0046674076028415624 -0.0021281313539684779 0.00047312261804944786 0.0012344423733166316 0.0010361874849493199 -0.0032213138169021427 9.6872519571469958e-05 0.00015407639816658538 -0.00015878344111100088 -0.00057950096001021167 0.00070597804818053889
leaf_weight=207 210 305 7292 459 372 618 633 273 159 207 2998 120 307 122
leaf_count=207 210 305 7292 459 372 618 633 273 159 207 2998 120 307 122
internal_value=3.14098e-05 0.000399807 -5.94977e-05 0.000839106 1.02181e-05 -0.000546482 0.000673077 0.00109807 -0.000126981 -0.00129043 -8.43855e-05 0.0014405 0.000373932 0.0020515
internal_weight=14282 2837 11445 789 1830 990 840 1007 10656 366 10290 579 580 427
internal_count=14282 2837 11445 789 1830 990 840 1007 10656 366 10290 579 580 427
is_linear=0
shrinkage=0.025


Tree=472
num_leaves=15
num_cat=0
split_feature=36 16 39 40 36 17 43 8 40 22 44 33 33 24
split_gain=0.647101 1.59513 1.33682 1.51409 0.730701 1.41041 1.51141 1.35565 1.45303 0.963386 0.742024 0.654674 0.528928 0.327061
threshold=0.52496865391731273 0.028236421756446365 0.93231782317161571 0.96247589588165294 0.22977772355079654 0.91907224059104931 0.27546031773090368 0.018059301190078262 1.266490161418915 0.62199571728706371 0.025409532710909847 0.017019232735037807 0.0073241852223873147 35.982378005981452
decision_type=2 2 2 2 2 2 2 2 2 2 2 2 2 2
left_child=4 2 12 -4 5 6 -1 9 -9 -6 -7 13 -2 -3
right_child=1 11 3 -5 7 10 -8 8 -10 -11 -12 -13 -14 -15
leaf_value=-3.9038508204774978e-06 -0.00090586197922055056 0.00081065387008188929 2.5958801793272026e-05 -0.0026082215293878625 0.00021571364012699522 0.0035663224888184465 -0.00051037152834984632 0.00051609736447213853 -0.00090329774314900843 -0.0006841738555031676 0.00025332698190734759 0.0026476490504474736 0.0017092414205664584 -0.00067816486231486359
leaf_weight=6304 127 120 122 216 456 254 791 4283 305 574 281 153 131 124
leaf_count=6304 127 120 122 216 456 254 791 4283 305 574 281 153 131 124
internal_value=5.06283e-05 -0.000562375 -0.00137895 -0.0024016 9.72422e-05 -6.13948e-05 -0.00015581 0.000313667 0.000498313 -0.000501208 0.00116898 0.000649876 0 -0.000135542
internal_weight=14241 993 596 338 13248 7630 7095 5618 4588 1030 535 397 258 244
internal_count=14241 993 596 338 13248 7630 7095 5618 4588 1030 535 397 258 244
is_linear=0
shrinkage=0.025


Tree=473
num_leaves=12
num_cat=0
split_feature=40 46 20 41 5 20 48 19 46 36 31
split_gain=0.813351 2.52622 3.55553 2.61659 1.37703 1.33036 1.19265 1.16013 1.16697 1.09174 0.61786
threshold=0.86102840304374706 0.75650331377983104 0.37791447341442114 0.31398834288120275 1.4374070763587954 0.17013770341873172 0.10491563007235528 0.33220896124839788 0.81745311617851268 0.31840151548385626 1.3241878747940066
decision_type=2 2 2 2 2 2 2 2 2 2 2
left_child=1 5 3 -3 -4 9 -2 8 -8 -1 -7
right_child=6 2 4 -5 -6 10 7 -9 -10 -11 -12
leaf_value=0.00051888968119612753 -0.001083156728630979 0.00054620409234836388 0.0011101823193197544 -0.0016457079054103298 -0.0010729310872356981 0.0028279195235947721 -6.1894467688500314e-05 -0.0012912209417855897 0.00046786029890315208 -0.00035120547694722287 0.00039726709368444923
leaf_weight=1872 223 275 494 591 133 678 7470 235 1504 390 344
leaf_count=1872 223 275 494 591 133 678 7470 235 1504 390 344
internal_value=8.17865e-06 0.000274205 -0.000574933 -0.00161165 0.000848497 0.000662435 -0.000125967 -8.09908e-05 -3.43857e-05 0.000319255 0.00141066
internal_weight=14209 4777 1493 866 627 3284 9432 9209 8974 2262 1022
internal_count=14209 4777 1493 866 627 3284 9432 9209 8974 2262 1022
is_linear=0
shrinkage=0.025


Tree=474
num_leaves=9
num_cat=0
split_feature=38 35 37 35 13 40 12 40
split_gain=0.914882 0.793758 1.26475 1.373 1.23437 1.56274 1.43167 0.855239
threshold=-0.32724350690841669 0.18036336451768878 0.0080982437357306498 0.10954382270574571 -0.24811274558305738 1.1334022879600527 -0.099081795662641511 0.79357779026031505
decision_type=2 2 2 2 2 2 2 2
left_child=-1 2 7 -4 5 -3 -6 -2
right_child=1 4 3 -5 6 -7 -8 -9
leaf_value=0.0025277971833490556 -0.00054223426594491588 -0.00087974581034820426 -8.5428123136329579e-06 -0.00061259459002629447 0.0016162356306002074 0.0041882729965952653 9.837891417984341e-05 0.0026249652078373614
leaf_weight=186 187 307 6692 2153 760 121 3183 657
leaf_count=186 187 307 6692 2153 760 121 3183 657
internal_value=2.86823e-05 4.88811e-06 -0.000120822 -0.000209746 0.000284792 -0.000978637 0.000424582 0.00079947
internal_weight=14246 14060 9689 8845 4371 428 3943 844
internal_count=14246 14060 9689 8845 4371 428 3943 844
is_linear=0
shrinkage=0.025


Tree=475
num_leaves=13
num_cat=0
split_feature=22 46 33 27 11 29 29 8 37 10 2 44
split_gain=0.643782 1.59387 1.27577 1.37706 0.921507 0.795357 1.87031 1.69044 1.4559 1.29959 1.19507 0.17103
threshold=0.86790356040000927 0.085656639188528075 -0.0031891110120341177 0.0035817649913951759 0.011248199734836819 0.094587769359350218 0.092175439000129714 0.03734297119081021 0.015980270691215995 0.033216347917914398 0.20136496424674991 0.022385532036423687
decision_type=2 2 2 2 2 2 2 2 2 2 2 2
left_child=5 -2 3 -3 -4 6 10 11 -8 -9 -1 -7
right_child=1 2 4 -5 -6 7 8 9 -10 -11 -12 -13
leaf_value=1.6453545418426708e-05 -0.0016404906800287561 -0.00059276177483518421 0.0017246183546504271 -0.0021907252530463483 -7.3504552485060312e-05 0.000954909754032377 -0.0015891181890148216 -0.00020960831050647369 -6.7608191555653393e-06 0.0011102316670995544 0.0020119558677247902 0.0020376644200438875
leaf_weight=9394 141 262 420 145 2102 159 124 528 137 274 317 342
leaf_count=9394 141 262 420 145 2102 159 124 528 137 274 317 342
internal_value=2.13416e-05 -0.00029878 -0.000169138 -0.00145934 3.90781e-05 0.000109153 3.24497e-05 0.000689029 -0.00203477 -1.70383e-05 8.96718e-05 0.00182065
internal_weight=14345 3070 2929 407 2522 11275 9972 1303 261 802 9711 501
internal_count=14345 3070 2929 407 2522 11275 9972 1303 261 802 9711 501
is_linear=0
shrinkage=0.025


Tree=476
num_leaves=13
num_cat=0
split_feature=34 38 37 37 10 35 5 38 38 24 34 8
split_gain=0.685679 1.03918 1.55862 1.99956 1.54824 1.20036 1.4185 0.883596 1.12102 1.08322 0.794372 0.172437
threshold=0.14204169809818271 -0.08220400288701056 0.011820125393569471 0.0099363145418465155 0.026475353166460994 0.18743147701025012 0.64160192012786876 -0.15933406352996823 -0.011555322445929049 21.962167739868168 -0.031412668526172631 0.033665664494037635
decision_type=2 2 2 2 2 2 2 2 2 2 2 2
left_child=1 5 3 -3 -4 6 -1 -2 11 -10 -7 -9
right_child=7 2 4 -5 -6 10 -8 8 9 -11 -12 -13
leaf_value=-4.5953452755617603e-05 -0.0010649777427164178 -8.9933778367734505e-05 0.00010680642893441562 -0.0013794733896593204 -0.00071920432587976803 0.00037525906112135252 0.00068987849243787574 0.0054163038171103663 -0.0010200163046412329 0.0004490978528815651 0.0049494341330665707 0.0026968640761135566
leaf_weight=4654 145 1788 3255 610 389 153 1358 226 153 1205 250 121
leaf_count=4654 145 1788 3255 610 389 153 1358 226 153 1205 250 121
internal_value=6.0265e-06 -6.02832e-05 -0.000295808 -0.000790158 2.84325e-05 0.000160631 7.04256e-05 0.000454852 0.00061769 0.000285217 0.00147365 0.00187855
internal_weight=14307 12457 6042 2398 3644 6415 6012 1850 1705 1358 403 347
internal_count=14307 12457 6042 2398 3644 6415 6012 1850 1705 1358 403 347
is_linear=0
shrinkage=0.025


Tree=477
num_leaves=15
num_cat=0
split_feature=27 37 30 40 31 27 30 40 19 47 4 42 40 5
split_gain=0.80646 1.24344 1.03219 1.52942 1.00167 1.53545 1.11217 1.08269 1.95327 1.37377 1.0255 0.696842 0.68798 0.978629
threshold=0.00041130064346361911 0.016696170903742317 -0.38774669170379633 0.94777143001556408 0.4962011724710465 0.0021820418769493703 -0.73035758733749379 1.1240597367286684 0.28741580247879034 0.33400586247444158 -0.095652095973491655 -0.083763085305690752 1.3243254423141482 0.040536537766456611
decision_type=2 2 2 2 2 2 2 2 2 2 2 2 2 2
left_child=1 12 11 -4 5 10 -7 9 -9 -6 -2 -3 -1 -14
right_child=4 2 3 -5 7 6 -8 8 -10 -11 -12 -13 13 -15
leaf_value=0.00060217479539916496 -7.5235223399993107e-06 0.0014466904953054347 0.00014316625771287395 -0.0010156656329230358 0.00054327023175634165 0.00076238682606136145 -0.0001973003253743095 0.00090516107409268341 -0.0010136699185526344 -0.0002660926982839954 -0.0014175978425676351 0.00022883713508136747 0.00070641488538441361 -0.00079358330248699015
leaf_weight=3450 214 136 682 745 1222 439 2064 1310 122 2721 400 427 132 153
leaf_count=3450 214 136 682 745 1222 439 2064 1310 122 2721 400 427 132 153
internal_value=3.77058e-05 0.000267234 -0.000234962 -0.000594448 -0.000116365 -0.000472854 -0.000193879 8.94518e-05 0.000677627 -0.000123164 -0.00158926 0.000662412 0.000536431 -0.000625
internal_weight=14217 5725 1990 1427 8492 3117 2503 5375 1432 3943 614 563 3735 285
internal_count=14217 5725 1990 1427 8492 3117 2503 5375 1432 3943 614 563 3735 285
is_linear=0
shrinkage=0.025


Tree=478
num_leaves=11
num_cat=0
split_feature=13 36 43 39 22 19 43 4 30 6
split_gain=0.724447 1.19393 0.770164 2.27385 2.31577 2.10513 1.1932 1.55685 0.871337 0.082976
threshold=-0.49398656189441675 -0.15085972100496289 0.066761393100023284 0.88976734876632702 0.89231845736503612 -0.081322301179170595 0.26081073284149175 0.47503533959388738 0.69090983271598827 0.027082815766334537
decision_type=2 2 2 2 2 2 2 2 2 2
left_child=1 -1 3 4 -2 -5 8 -8 -4 -3
right_child=2 9 6 5 -6 -7 7 -9 -10 -11
leaf_value=-0.0012791391768290426 -0.00018975836101318191 0.0014189802819197139 0.00030322894154612904 -0.00040009344830905982 -0.0017584067223230335 0.00021968783064201815 -0.00064605311516958497 0.00013547906245490996 0.0027551620431361299 0.0027259700049870714
leaf_weight=127 2563 121 2900 877 494 4342 732 1620 372 182
leaf_count=127 2563 121 2900 877 494 4342 732 1620 372 182
internal_value=1.52599e-05 0.00102012 -1.57317e-05 -0.000169514 -0.000710728 0.000146679 0.000209407 -0.000217968 0.000518386 0.00187094
internal_weight=14330 430 13900 8276 3057 5219 5624 2352 3272 303
internal_count=14330 430 13900 8276 3057 5219 5624 2352 3272 303
is_linear=0
shrinkage=0.025


Tree=479
num_leaves=8
num_cat=0
split_feature=13 45 17 46 11 29 41
split_gain=0.925233 1.435 0.762373 1.07167 0.878249 0.395812 0.106924
threshold=-0.49398656189441675 0.019258987158536914 1.3742074370384219 0.97212031483650219 0.029776033945381645 0.048577465116977699 0.63562622666358959
decision_type=2 2 2 2 2 2 2
left_child=5 -2 4 -4 -3 6 -1
right_child=1 2 3 -5 -6 -7 -8
leaf_value=0.0033285022127191102 -0.0011863811846426263 1.3844189368504816e-05 -0.0021321511343911754 2.0936465863327784e-05 0.00058969122454913053 4.8119951742278383e-05 0.00089311670300155498
leaf_weight=128 150 12746 132 194 568 164 136
leaf_count=128 150 12746 132 194 568 164 136
internal_value=4.84252e-05 1.22328e-05 3.98499e-05 -0.00114426 6.97313e-05 0.00118649 0.00177974
internal_weight=14218 13790 13640 326 13314 428 264
internal_count=14218 13790 13640 326 13314 428 264
is_linear=0
shrinkage=0.025


Tree=480
num_leaves=10
num_cat=0
split_feature=9 10 9 29 29 43 9 6 41
split_gain=0.616736 1.09352 0.961107 1.53475 1.11324 1.09642 0.877142 0.693554 0.021652
threshold=0.04544345103204251 0.030549944378435615 0.034761307761073119 0.039847215637564666 0.095095116645097746 0.46574716269969946 0.035563940182328231 0.052311684936285026 0.43645419180393225
decision_type=2 2 2 2 2 2 2 2 2
left_child=2 8 4 -4 5 -1 -5 -6 -2
right_child=1 -3 3 6 7 -7 -8 -9 -10
leaf_value=-4.3080063874353322e-06 0.001054283265455546 -9.7551864674612064e-05 0.0020717452143772979 -0.0019562791990654846 0.0026496119001142905 0.0010971928758917681 -0.00024668107307504987 1.1430422248795815e-05 0.0025744246415327493
leaf_weight=11161 121 232 159 258 289 337 1487 157 160
leaf_count=11161 121 232 159 258 289 337 1487 157 160
internal_value=2.41021e-05 0.000871139 -7.12833e-06 -0.000528418 7.5634e-05 2.72756e-05 -0.000746428 0.00129435 0.00190997
internal_weight=14361 513 13848 1904 11944 11498 1745 446 281
internal_count=14361 513 13848 1904 11944 11498 1745 446 281
is_linear=0
shrinkage=0.025


Tree=481
num_leaves=10
num_cat=0
split_feature=5 21 31 48 9 42 34 7 16
split_gain=0.705974 0.670394 0.801439 1.06876 0.971525 0.575544 0.518484 0.421468 0.225963
threshold=-0.5325154960155486 27.098170280456547 0.044596908614039428 0.3706896454095841 0.017470034770667556 -0.13466158509254453 -0.02046665363013744 0.0066175132524222144 0.020122220739722255
decision_type=2 2 2 2 2 2 2 2 2
left_child=8 5 3 -3 -4 6 -2 -7 -1
right_child=1 2 4 -5 -6 7 -8 -9 -10
leaf_value=0.00020811499989763154 0.00066439394901415664 -0.0021354439224322958 0.00087024564008710784 -1.6074087516313233e-05 -4.1986613615990173e-05 0.0015334497097635891 -0.00084359577512335194 -5.0507097050920885e-05 0.0017981132563958239
leaf_weight=223 121 127 1150 207 11541 443 122 144 175
leaf_count=223 121 127 1150 207 11541 443 122 144 175
internal_value=-4.29574e-06 -3.47221e-05 -7.91442e-05 -0.0012795 -4.65697e-05 0.000651198 -0.000347782 0.00107475 0.00102668
internal_weight=14253 13855 13025 334 12691 830 243 587 398
internal_count=14253 13855 13025 334 12691 830 243 587 398
is_linear=0
shrinkage=0.025


Tree=482
num_leaves=13
num_cat=0
split_feature=16 16 30 4 42 16 36 16 11 26 36 29
split_gain=0.846841 1.0723 1.0243 1.17985 1.16598 0.783973 1.16197 1.03738 0.762022 0.817908 0.647715 0.461825
threshold=0.031839871779084213 0.025207782164216045 0.29327811300754553 0.48097711801528936 0.031621400266885764 0.020622772164642814 0.23597877472639087 0.020853124558925632 0.015477458480745556 0.020503981038928035 0.58069878816604625 0.066968947649002089
decision_type=2 2 2 2 2 2 2 2 2 2 2 2
left_child=1 5 4 -4 11 6 -1 -7 9 -3 -10 -2
right_child=2 8 3 -5 -6 7 -8 -9 10 -11 -12 -13
leaf_value=-2.8635318191156562e-05 1.3654812742211042e-05 0.00016459131701723122 -0.0021826771085442682 -0.00075174136921694564 -0.0011365802415539133 -0.0014558151656212251 0.00062927944445492583 -8.1832447161116334e-05 0.00035906964738771451 0.0027619854545855188 -0.0010375548914990061 0.0026890043384703126
leaf_weight=4767 205 290 123 136 156 348 2173 3834 1376 516 251 132
leaf_count=4767 205 290 123 136 156 348 2173 3834 1376 516 251 132
internal_value=2.53293e-06 4.83961e-05 -0.000810766 -0.00206913 -0.000122992 -5.51585e-05 0.000107092 -0.00032571 0.000523482 0.00115136 0.000206036 0.00069079
internal_weight=14307 13555 752 259 493 11122 6940 4182 2433 806 1627 337
internal_count=14307 13555 752 259 493 11122 6940 4182 2433 806 1627 337
is_linear=0
shrinkage=0.025


Tree=483
num_leaves=6
num_cat=0
split_feature=37 33 35 5 16
split_gain=0.7168 0.709782 0.623902 1.27658 0.991086
threshold=0.0071931711863726386 0.038127567619085319 0.41247424483299261 0.99052628874778759 0.025451495312154297
decision_type=2 2 2 2 2
left_child=-1 2 4 -4 -2
right_child=1 -3 3 -5 -6
leaf_value=0.001860587428655462 -3.3809585916868308e-05 0.0022880542726485716 -0.0014910198642185081 0.00024623651156931452 0.00027292344613889872
leaf_weight=162 10804 216 257 232 2643
leaf_count=162 10804 216 257 232 2643
internal_value=1.07376e-05 -8.0348e-06 -3.07545e-05 -0.00090334 8.364e-07
internal_weight=14314 14152 13936 489 13447
internal_count=14314 14152 13936 489 13447
is_linear=0
shrinkage=0.025


Tree=484
num_leaves=15
num_cat=0
split_feature=16 37 16 34 37 41 37 34 36 36 34 37 33 16
split_gain=0.593262 1.47626 1.29547 2.5076 2.38383 1.44689 1.22139 1.22574 1.14395 1.90156 1.52806 0.775275 0.624985 0.911404
threshold=0.024065744131803516 0.014734101016074421 0.022642872296273712 0.12923452258110049 0.016596006229519848 0.54934030771255504 0.018617026507854465 -0.032424243167042725 0.36187605559825903 0.22587104886770251 0.102215763181448 0.017681182362139228 -0.0077492396812885991 0.028321133926510814
decision_type=2 2 2 2 2 2 2 2 2 2 2 2 2 2
left_child=2 12 8 5 -5 -4 11 -8 9 -1 -10 -3 13 -2
right_child=1 6 3 4 -6 -7 7 -9 10 -11 -12 -13 -14 -15
leaf_value=-2.2371007578419842e-05 -0.0020843245219035827 -6.876419713908344e-05 -0.0011188982844889453 -0.002608926777620561 0.00017362997912578535 0.00027078018221534625 -0.0001443254581953595 0.0026986785401312986 -0.00062095489824360011 0.0010293445754495012 0.0031488136833746124 -0.0013608930165725152 0.0011673781774544042 0.00075293036229956206
leaf_weight=5462 146 525 482 228 122 749 803 587 1177 2049 216 327 1259 121
leaf_count=5462 146 525 482 228 122 749 803 587 1177 2049 216 327 1259 121
internal_value=1.93752e-05 0.000288564 -7.68588e-05 -0.00073534 -0.00258803 -0.000195186 -0.000117379 0.000336022 3.97071e-05 0.000162487 -0.000616059 -0.000862019 0.000887492 -0.000188419
internal_weight=14253 3768 10485 1581 350 1231 2242 1390 8904 7511 1393 852 1526 267
internal_count=14253 3768 10485 1581 350 1231 2242 1390 8904 7511 1393 852 1526 267
is_linear=0
shrinkage=0.025


Tree=485
num_leaves=14
num_cat=0
split_feature=34 35 29 36 17 11 40 43 22 11 40 35 17
split_gain=0.619362 1.09666 1.13792 0.992533 1.87693 1.17185 0.935618 2.21725 1.66139 0.739211 1.24985 0.620266 0.339688
threshold=0.14204169809818271 0.28855048120021826 0.041915776208043105 0.52496865391731273 0.61352431774139415 0.017214745283126835 1.2342243790626528 -0.19013474136590955 0.62199571728706371 0.015477458480745556 1.1467254757881167 0.14640463888645175 0.59672552347183239
decision_type=2 2 2 2 2 2 2 2 2 2 2 2 2
left_child=3 2 -2 6 -5 -6 8 -8 -1 12 -11 -4 -3
right_child=1 9 11 4 5 -7 7 -9 -10 10 -12 -13 -14
leaf_value=0.0003013208446046263 -9.3266151595304992e-05 -3.1548182482486672e-06 0.00029812151385235508 -0.0023624161077050693 0.0034462089211970957 -0.00076293679514292316 -0.0011242288175885794 2.3652585253731691e-05 -0.0001629068474806608 -0.0019598546113348096 0.0016030508935441384 0.0035731115905860127 0.0022871612747393708
leaf_weight=5554 198 120 310 126 124 394 495 1249 4454 329 123 614 131
leaf_count=5554 198 120 310 126 124 394 495 1249 4454 329 123 614 131
internal_value=3.83981e-05 0.000467896 0.000952751 -2.44939e-05 -0.000976502 -0.000284417 2.75369e-05 -0.000505289 0.000121218 -0.000298376 -0.000905361 0.00132266 0.000766602
internal_weight=14221 1825 1122 12396 644 518 11752 1744 10008 703 452 924 251
internal_count=14221 1825 1122 12396 644 518 11752 1744 10008 703 452 924 251
is_linear=0
shrinkage=0.025


Tree=486
num_leaves=13
num_cat=0
split_feature=6 48 40 33 47 31 33 33 36 15 17 43
split_gain=0.796751 0.920776 2.41281 1.02432 0.958106 0.867967 0.733669 1.07579 0.769537 0.693438 0.526003 0.50961
threshold=0.069963503628969206 0.077035948634147658 0.46519245207309728 0.00098695419728755973 0.16269258409738543 0.4899324774742127 -0.021204485557973381 -0.0011428945581428704 0.23772022128105166 0.52586206793785106 0.42415191233158117 0.31495732069015508
decision_type=2 2 2 2 2 2 2 2 2 2 2 2
left_child=1 3 -3 4 -1 -4 10 8 -8 -9 -2 -5
right_child=6 2 5 11 -6 -7 7 9 -10 -11 -12 -13
leaf_value=0.0018080353539512508 -0.00079111817712226471 -0.0019852203991184061 -6.2233946374682747e-05 0.001776113052067914 -0.00048238365305181105 0.00019121369894111863 -0.00073001482534487845 0.0013747335103142244 -0.0021198764041700092 -0.0003808965857872125 0.0023887486389776 0.00011717208688507872
leaf_weight=139 158 213 4830 425 199 7223 124 148 120 506 132 141
leaf_count=139 158 213 4830 425 199 7223 124 148 120 506 132 141
internal_value=3.22879e-05 8.87098e-05 3.1273e-05 0.000856711 -0.000215014 7.88896e-05 -0.000585708 -0.000939922 -0.00234438 -0.00039264 0.000487288 0.00150394
internal_weight=14358 13170 12266 904 338 12053 1188 898 244 654 290 566
internal_count=14358 13170 12266 904 338 12053 1188 898 244 654 290 566
is_linear=0
shrinkage=0.025


Tree=487
num_leaves=15
num_cat=0
split_feature=47 4 13 39 35 9 40 30 19 46 26 35 41 41
split_gain=0.663563 1.46103 2.12555 2.39365 1.87834 1.16286 1.11832 1.044 0.946538 1.4863 1.2411 0.715878 0.365614 0.0554783
threshold=0.19057226926088336 0.10462755709886552 -0.11172403767704962 0.88092693686485302 0.16050910204648974 0.017470034770667556 0.88962307572364818 0.41849946975708013 -0.077864073216915117 0.095583789050579085 0.01880740933120251 0.050088072195649154 0.3200604915618897 0.60662856698036205
decision_type=2 2 2 2 2 2 2 2 2 2 2 2 2 2
left_child=1 2 3 -1 -4 7 12 13 9 -7 -10 -8 -3 -2
right_child=5 6 4 -5 -6 8 11 -9 10 -11 -12 -13 -14 -15
leaf_value=-0.00023976840580811591 0.0045507227370556657 0.00052720465845250311 -0.0030838394830071249 0.002129481821103662 0.00014855101585439925 0.0011021765081977066 0.0019722551621996882 -0.0016741582971653065 -0.0004251790960743223 -0.00047268431576612209 4.2488572469457842e-05 -0.00072863711330067177 0.0026250411949782296 0.0063377753376636014
leaf_weight=833 149 139 128 340 120 222 145 122 1513 1403 7965 400 695 163
leaf_count=833 149 139 128 340 120 222 145 122 1513 1403 7965 400 695 163
internal_value=2.69315e-05 0.000372103 -0.000186711 0.00025573 -0.00226779 -5.64243e-05 0.000951048 0.00120444 -0.000106792 -0.000663343 -1.04133e-05 5.68183e-05 0.00152414 0.00196767
internal_weight=14337 2800 1421 1173 248 11537 1379 434 11103 1625 9478 545 834 312
internal_count=14337 2800 1421 1173 248 11537 1379 434 11103 1625 9478 545 834 312
is_linear=0
shrinkage=0.025


Tree=488
num_leaves=9
num_cat=0
split_feature=42 47 29 37 47 13 6 6
split_gain=0.725477 1.04717 1.35657 1.02038 1.35116 0.924885 0.568813 0.432097
threshold=0.30776378512382513 0.88646370172500621 0.095095116645097746 0.016696170903742317 0.95286133885383617 -0.49398656189441675 0.039489489048719413 0.028340432792901996
decision_type=2 2 2 2 2 2 2 2
left_child=1 2 5 7 -5 -1 -4 -3
right_child=-2 3 6 4 -6 -7 -8 -9
leaf_value=0.0019619315663228919 -0.0012836663292917062 0.00049185398391754585 0.0019821355247542642 0.00039049248516762709 -0.00090171968226510882 -3.0345792547190462e-05 0.00033065464656606528 0.0009527016033537034
leaf_weight=276 170 312 258 293 175 11729 334 752
leaf_count=276 170 312 258 293 175 11729 334 752
internal_value=6.23078e-05 8.25139e-05 6.84424e-06 0.000698601 -0.000261628 -5.04787e-05 0.00117044 0.00112605
internal_weight=14299 14129 12597 1532 468 12005 592 1064
internal_count=14299 14129 12597 1532 468 12005 592 1064
is_linear=0
shrinkage=0.025


Tree=489
num_leaves=12
num_cat=0
split_feature=8 31 21 9 47 46 18 38 37 42 36
split_gain=0.683531 0.972612 1.08335 1.00207 0.895972 1.17455 0.993863 1.06966 0.703561 0.439128 0.17673
threshold=0.03734297119081021 0.16120673716068271 42.114738464355476 0.034066529944539077 0.8479457199573518 0.98260739445686351 0.11681737005710603 -0.018733770586550232 0.016778284683823589 0.017466261982917789 0.33196821808815008
decision_type=2 2 2 2 2 2 2 2 2 2 2
left_child=4 -2 9 -4 6 8 7 -1 -6 -3 -8
right_child=1 2 3 -5 5 -7 10 -9 -10 -11 -12
leaf_value=0.00011695348761632549 -0.0015259764119185679 0.0010203386857384517 0.00023526207616345854 -0.00072501498180325454 0.0012048739836191162 -0.00031419743957502373 0.0014860685777874163 -0.0001043828358659204 -0.00011442406458284511 -0.0002718214395246008 0.00094645184825025352
leaf_weight=7380 128 303 387 888 970 140 174 3479 169 120 159
leaf_count=7380 128 303 387 888 970 140 174 3479 169 120 159
internal_value=7.9447e-05 -0.000370699 -0.000204786 -0.000571289 0.00014598 0.000772002 7.35689e-05 3.14112e-05 0.0010413 0.000879089 0.00140902
internal_weight=14297 1826 1698 1275 12471 1279 11192 10859 1139 423 333
internal_count=14297 1826 1698 1275 12471 1279 11192 10859 1139 423 333
is_linear=0
shrinkage=0.025


Tree=490
num_leaves=9
num_cat=0
split_feature=37 21 26 34 33 25 39 43
split_gain=0.706304 0.624766 0.997934 1.8325 1.05754 0.922681 1.24399 1.19454
threshold=0.0071931711863726386 54.659183502197273 0.01924008131027222 0.068892665207386031 -0.0022674868814647193 -9.4089488983154279 1.5277315974235537 0.1158050298690796
decision_type=2 2 2 2 2 2 2 2
left_child=-1 5 3 -3 -4 7 -7 -2
right_child=1 2 4 -5 -6 6 -8 -9
leaf_value=0.0022906633692082999 -0.00026270864363523241 0.00010442175390428337 -0.00035141651924745082 -0.00099272929984877702 8.2077943219659719e-05 0.00031230606419907541 -0.0002669174407408443 0.0014142306835411718
leaf_weight=163 1873 868 1270 932 3885 4733 218 357
leaf_count=163 1873 868 1270 932 3885 4733 218 357
internal_value=3.25959e-05 1.29942e-05 -0.000155352 -0.000661357 2.05912e-05 0.000176907 0.000367484 -0.000243288
internal_weight=14299 14136 6955 1800 5155 7181 4951 2230
internal_count=14299 14136 6955 1800 5155 7181 4951 2230
is_linear=0
shrinkage=0.025


Tree=491
num_leaves=15
num_cat=0
split_feature=38 10 5 46 38 47 34 44 39 40 47 17 19 48
split_gain=1.14527 1.07447 2.02353 2.55466 1.91836 2.46649 2.32001 1.05888 0.905814 1.82531 2.29895 1.27807 1.03994 1.2715
threshold=-0.017926861532032486 0.024268182925879959 0.64160192012786876 0.69570478796958934 -0.11399348825216292 0.95286133885383617 -0.036906015127897256 0.03210581652820111 0.93757230043411266 0.86602813005447399 0.48606015741825109 1.0465555191040041 0.33220896124839788 0.78154808282852184
decision_type=2 2 2 2 2 2 2 2 2 2 2 2 2 2
left_child=1 2 3 -1 5 -3 -6 -4 9 11 -11 -2 13 -10
right_child=8 4 7 -5 6 -7 -8 -9 12 10 -12 -13 -14 -15
leaf_value=0.00014856804871488062 0.000186666996332285 0.00045604404909357948 0.0017365464447662441 -0.00042083575082765292 -0.0018003791310358395 -0.0013344843799545062 -5.4884575212465887e-05 -0.00025150195796008599 0.00056833423096291707 -0.0016868028243110329 8.0714452822696505e-06 -0.0017250493641711559 -0.0013231176162968048 -0.00037206879502545533
leaf_weight=4760 1049 1222 1624 1044 346 137 573 183 1267 579 398 132 133 918
leaf_count=4760 1049 1222 1624 1044 346 137 573 183 1267 579 398 132 133 918
internal_value=1.78324e-05 0.00016841 0.000311351 8.24153e-05 -0.000306066 0.00028684 -0.00118642 0.00104098 -0.000313267 -0.000681345 -0.00147785 -1.37014e-05 2.74431e-05 0.000162671
internal_weight=14365 9889 7611 5804 2278 1359 919 1807 4476 2158 977 1181 2318 2185
internal_count=14365 9889 7611 5804 2278 1359 919 1807 4476 2158 977 1181 2318 2185
is_linear=0
shrinkage=0.025


Tree=492
num_leaves=10
num_cat=0
split_feature=32 29 42 29 30 15 27 24 38
split_gain=0.894364 1.65993 3.62899 1.01288 0.736081 0.703731 0.880808 0.516875 0.454087
threshold=1.3056870698928835 0.094914872199296965 0.090537074953317656 0.059372387826442725 1.4872074723243716 0.93965518474578869 0.019932852126657966 31.256173133850101 -0.051605883985757821
decision_type=2 2 2 2 2 2 2 2 2
left_child=4 2 3 -2 5 6 -1 -3 -7
right_child=1 7 -4 -5 -6 8 -8 -9 -10
leaf_value=3.0771395187719497e-05 0.00054708686942581163 -4.6362835172251114e-05 -0.0020270962138650866 -0.00087272566843095097 0.0043465542466842684 0.0025057137375428004 -0.0014292493061268082 0.0017734010381467069 -0.00030122050842682684
leaf_weight=12371 221 125 142 326 158 281 301 201 121
leaf_count=12371 221 125 142 326 158 281 301 201 121
internal_value=4.46429e-05 -0.000667892 -0.00136347 -0.000409873 0.000100004 7.86567e-05 4.52592e-05 0.000781722 0.00110258
internal_weight=14247 1015 689 547 13232 13074 12672 326 402
internal_count=14247 1015 689 547 13232 13074 12672 326 402
is_linear=0
shrinkage=0.025


Tree=493
num_leaves=10
num_cat=0
split_feature=30 29 24 36 24 40 11 30 43
split_gain=0.742303 0.670908 0.966891 1.55353 0.939799 1.08252 0.904316 0.589474 0.460292
threshold=-1.4036574363708494 0.027991158887743953 21.857915878295902 0.40320891141891485 29.007381439208988 0.93020960688591015 0.037145419046282775 -0.66955015063285817 -0.14113498479127881
decision_type=2 2 2 2 2 2 2 2 2
left_child=8 4 3 -3 7 -6 -4 -2 -1
right_child=1 2 6 -5 5 -7 -8 -9 -10
leaf_value=0.0027135855263030195 -0.00051431708339308782 -4.8827887163502192e-05 7.7508567318261498e-06 -0.00090399811609007141 -0.001223630650617657 0.0019271796333911592 0.0046111124170918668 0.00072067946075522261 1.3096319641658661e-05
leaf_weight=144 128 3616 8149 684 214 120 121 999 128
leaf_count=144 128 3616 8149 684 214 120 121 999 128
internal_value=-2.17535e-05 -4.74671e-05 -0.000106859 -0.000410859 0.000457879 -0.000689528 5.06043e-05 0.000804991 0.00125903
internal_weight=14303 14031 12570 4300 1461 334 8270 1127 272
internal_count=14303 14031 12570 4300 1461 334 8270 1127 272
is_linear=0
shrinkage=0.025


Tree=494
num_leaves=12
num_cat=0
split_feature=1 40 45 4 41 16 48 40 7 40 11
split_gain=0.814093 1.18164 1.05747 1.32528 0.980026 0.794412 0.76795 1.17743 0.690349 0.405467 0.257035
threshold=-0.0079922671429812891 1.2387296557426455 0.1241746135056019 -0.10736577585339545 0.11206618323922159 0.01602374762296677 0.057776963338255889 0.44542901217937475 0.011236432939767839 0.86377033591270458 0.016568548977375034
decision_type=2 2 2 2 2 2 2 2 2 2 2
left_child=1 5 -3 -4 -2 9 10 -8 -7 -1 -6
right_child=4 2 3 -5 6 8 7 -9 -10 -11 -12
leaf_value=0.00019379177154107605 -0.00064082375012870958 -0.00070179874300895309 0.0010224632639926835 -0.00038418378029426211 0.0018738622290573308 8.747213489997653e-05 -0.00223062057128561 -2.0646886102753776e-05 0.0011488527492147312 0.0032712208667556269 0.00035994756161666106
leaf_weight=290 164 134 133 495 215 3133 128 8343 779 394 131
leaf_count=290 164 134 133 495 215 3133 128 8343 779 394 131
internal_value=5.69054e-05 0.000300904 -0.000604628 -0.000156003 -8.80535e-05 0.000452891 -5.11504e-05 -9.92507e-05 0.00031242 0.00123911 0.0010933
internal_weight=14339 5358 762 628 8981 4596 8817 8471 3912 684 346
internal_count=14339 5358 762 628 8981 4596 8817 8471 3912 684 346
is_linear=0
shrinkage=0.025


Tree=495
num_leaves=11
num_cat=0
split_feature=35 48 42 36 41 17 34 23 9 13
split_gain=0.760824 1.56269 1.1551 1.36911 2.08239 1.13076 0.855728 0.56453 0.578918 0.485747
threshold=0.41247424483299261 0.40040352940559393 -0.11553654447197913 0.60637953877449047 0.67323017120361339 0.80411735177040111 0.13507592678070071 0.12356454133987428 0.025915279053151611 -0.45075519382953638
decision_type=2 2 2 2 2 2 2 2 2 2
left_child=2 -2 7 6 -5 -3 -4 8 -1 -9
right_child=1 5 3 4 -6 -7 -8 9 -10 -11
leaf_value=0.0001863986175988997 0.00039401110140264154 -0.0032438982669513042 -1.1896609855076161e-05 -0.00039330586267818685 -0.0022416742286290934 -0.00053689354032192738 0.00058850224991010669 -0.00020725551914948373 -0.00063471496190707351 0.0012089725505303836
leaf_weight=131 211 131 10828 329 121 158 1263 129 131 889
leaf_count=131 211 131 10828 329 121 158 1263 129 131 889
internal_value=2.41694e-05 -0.000928218 5.93991e-05 -1.32511e-05 -0.00135989 -0.0021131 3.68925e-05 0.000773346 -0.000238764 0.00103983
internal_weight=14321 500 13821 12541 450 289 12091 1280 262 1018
internal_count=14321 500 13821 12541 450 289 12091 1280 262 1018
is_linear=0
shrinkage=0.025


Tree=496
num_leaves=8
num_cat=0
split_feature=37 4 38 11 44 5 43
split_gain=0.769022 0.732406 1.24773 2.03712 1.61241 1.07466 1.13085
threshold=0.0070376950316131124 -0.12773676961660382 -0.14094761759042737 0.015543990302830936 0.017049049027264122 -0.45503072440624232 0.054546302184462554
decision_type=2 2 2 2 2 2 2
left_child=-1 2 3 -2 -4 -3 -7
right_child=1 5 4 -5 -6 6 -8
leaf_value=0.0072458456124070494 -0.0012361086065503816 0.0025087653563868983 0.0020706134113154416 0.00016291949948426458 1.5482783678262931e-05 -0.00020581755630946853 4.7805209430476739e-05
leaf_weight=121 288 142 547 1103 502 5793 5792
leaf_count=121 288 142 547 1103 502 5793 5792
internal_value=9.70764e-06 -7.14428e-06 0.000385992 -0.000101182 0.00103534 -8.96053e-05 -0.000117019
internal_weight=14288 14167 2440 1391 1049 11727 11585
internal_count=14288 14167 2440 1391 1049 11727 11585
is_linear=0
shrinkage=0.025


Tree=497
num_leaves=10
num_cat=0
split_feature=30 20 47 26 9 40 5 48 45
split_gain=0.555053 0.607179 1.28018 1.52746 1.1084 0.924647 2.08784 2.07415 0.303634
threshold=-1.3198792934417722 0.29343710839748388 0.86720469594001781 0.03376384265720845 0.017579999752342704 0.79961740970611583 1.2605009078979494 0.094827588647604003 0.35326485335826879
decision_type=2 2 2 2 2 2 2 2 2
left_child=8 2 4 -4 -2 6 -3 -7 -1
right_child=1 5 3 -5 -6 7 -8 -9 -10
leaf_value=0.0022679720404255783 0.00049259436161435365 0.0010752600062037096 0.0017042503160372873 -0.00010240414022167358 -0.00012903271309412339 -0.0017625484857355376 -0.0011766603114860767 9.3274301285382075e-05 6.0365802623921992e-05
leaf_weight=196 1376 744 613 277 7323 148 136 3338 150
leaf_count=196 1376 744 613 277 7323 148 136 3338 150
internal_value=3.99309e-05 1.47744e-05 -9.60235e-05 0.000803073 -0.000189137 0.00025938 0.000981638 7.41193e-05 0.00102208
internal_weight=14301 13955 9589 890 8699 4366 880 3486 346
internal_count=14301 13955 9589 890 8699 4366 880 3486 346
is_linear=0
shrinkage=0.025


Tree=498
num_leaves=9
num_cat=0
split_feature=17 47 31 46 9 48 21 26
split_gain=0.615865 0.628262 1.71381 2.54792 1.30737 1.37823 1.04233 0.664371
threshold=-0.68598148226737965 0.19057226926088336 0.6536967158317567 0.72135123610496532 0.018407131545245651 0.29548789560794836 42.745529174804695 0.0297986064106226
decision_type=2 2 2 2 2 2 2 2
left_child=-1 2 3 -2 6 -6 -3 -4
right_child=1 4 7 -5 5 -7 -8 -9
leaf_value=0.0013734272758046872 6.4862949333769436e-05 -0.0012329152234605051 0.0015589504900569689 -0.0023988704762435051 -0.00027503259793823395 -3.6319493109786731e-06 0.002964666141526965 -0.00033456370944984822
leaf_weight=120 1694 168 861 125 2437 8198 519 145
leaf_count=120 1694 168 861 125 2437 8198 519 145
internal_value=2.54003e-06 -1.2454e-05 0.00032023 -0.000135005 -9.61198e-05 -0.000165061 0.000955564 0.00114614
internal_weight=14267 14147 2825 1819 11322 10635 687 1006
internal_count=14267 14147 2825 1819 11322 10635 687 1006
is_linear=0
shrinkage=0.025


Tree=499
num_leaves=15
num_cat=0
split_feature=33 7 10 2 34 37 16 35 24 37 8 35 45 5
split_gain=0.634761 1.20582 2.01116 1.66695 1.14102 1.58235 1.41926 1.27984 1.12042 1.07985 1.03399 0.851136 1.02372 0.741277
threshold=-0.0016153606702573595 -0.013561814557760952 0.024475886486470703 0.0069077333901077518 -0.059203272685408585 0.019488723948597911 0.020489935763180259 -0.027478935196995732 15.772249698638918 0.017917974852025512 0.030579364858567718 0.099443349987268462 0.5524578094482423 0.40399847924709326
decision_type=2 2 2 2 2 2 2 2 2 2 2 2 2 2
left_child=1 11 8 -4 6 9 -2 -7 -3 -6 -8 13 -13 -1
right_child=4 2 3 -5 5 7 10 -9 -10 -11 -12 12 -14 -15
leaf_value=0.0001470686606899575 -0.0017977900734048879 -0.0010719712586622066 -0.00062195370937584481 -0.0020240435073145585 5.9438675488331715e-05 -0.00018526207815530545 0.00094905172816513595 0.0020462903524983938 -4.4168287213478452e-06 -0.00046759487614010328 -0.00024363873920301739 -0.00098934774698871048 0.00021874214230552453 0.0017206608153739343
leaf_weight=622 198 302 267 132 7011 354 230 1051 1736 721 380 514 420 464
leaf_count=622 198 302 267 132 7011 354 230 1051 1736 721 380 514 420 464
internal_value=1.7266e-05 -0.000229998 -0.000604525 -0.00221844 0.000128769 0.000209063 -0.00076722 0.00097961 -0.000280837 6.76943e-05 -0.000152439 0.000219136 -0.000328807 0.000695463
internal_weight=14402 4457 2437 399 9945 9137 808 1405 2038 7732 610 2020 934 1086
internal_count=14402 4457 2437 399 9945 9137 808 1405 2038 7732 610 2020 934 1086
is_linear=0
shrinkage=0.025


Tree=500
num_leaves=11
num_cat=0
split_feature=37 36 44 3 15 24 29 32 40 30
split_gain=0.861519 1.44637 1.41147 1.20639 0.898975 0.811389 1.85115 0.744472 0.402683 0.177259
threshold=0.024928314611315731 0.30956642329692846 0.028646077960729602 0.0079838307574391382 0.060344828292727477 18.674987792968754 0.029139592312276367 1.2872664928436282 1.0977527499198916 -0.73035758733749379
decision_type=2 2 2 2 2 2 2 2 2 2
left_child=4 8 3 -3 -1 6 -6 -7 9 -2
right_child=1 2 -4 -5 5 7 -8 -9 -10 -11
leaf_value=-0.00127315197574455 0.0022861633296701969 -0.00098838515005865543 -0.0012908350400443044 0.0017525686318568059 0.00042042815117968556 8.2480358112587175e-05 -0.00027744688427997562 -0.00028841900201444356 0.00033838736159940249 0.0033670594516489421
leaf_weight=121 157 206 155 375 679 8996 2328 674 213 343
leaf_count=121 157 206 155 375 679 8996 2328 674 213 343
internal_value=5.34136e-05 0.000630158 -0.000140013 0.000420222 -1.16183e-05 8.77237e-06 -0.00034902 0.000120801 0.00142932 0.00181931
internal_weight=14247 1449 736 581 12798 12677 3007 9670 713 500
internal_count=14247 1449 736 581 12798 12677 3007 9670 713 500
is_linear=0
shrinkage=0.025


Tree=501
num_leaves=12
num_cat=0
split_feature=34 41 35 26 9 38 26 33 39 31 37
split_gain=0.590234 1.05991 0.968188 1.30836 0.978417 0.944797 1.3063 1.03593 0.778399 0.563557 0.506844
threshold=0.13374463468790057 0.83935174345970165 0.41866117715835577 0.019162789918482307 0.022828849032521251 -0.0016831400571390984 0.018566151149570945 -0.0014869939768686888 0.96319130063056957 2.1341483592987065 0.020063180476427082
decision_type=2 2 2 2 2 2 2 2 2 2 2
left_child=1 5 3 4 -2 7 -7 -1 -4 -5 -3
right_child=2 10 8 9 -6 6 -8 -9 -10 -11 -12
leaf_value=-0.00021017665557675373 0.00026478112189053706 0.00021381836735946983 0.00017615457212033351 0.0016065073497882644 -0.0016105001246179687 -0.0010712632675588007 -3.5404588470813415e-05 0.00010386318521724016 -0.0021775100146250682 5.6497907385532297e-05 0.0039622153934115072
leaf_weight=3965 175 196 123 1136 120 504 1007 6474 132 324 153
leaf_count=3965 175 196 123 1136 120 504 1007 6474 132 324 153
internal_value=3.43196e-05 -3.0173e-05 0.000431142 0.000642756 -0.000854167 -7.05771e-05 -0.000653859 1.35246e-05 -0.000985577 0.000951365 0.00131709
internal_weight=14309 12299 2010 1755 295 11950 1511 10439 255 1460 349
internal_count=14309 12299 2010 1755 295 11950 1511 10439 255 1460 349
is_linear=0
shrinkage=0.025


Tree=502
num_leaves=12
num_cat=0
split_feature=36 16 23 30 15 33 16 16 35 26 34
split_gain=0.697395 2.13909 1.58423 1.19174 0.772636 1.2124 1.86051 0.869568 0.729062 0.57789 0.178862
threshold=0.49588042497634893 0.02759466785937548 0.15185710787773135 0.083821371197700514 0.93965518474578869 0.019633836112916473 0.022035434842109684 0.032330494374036796 0.33311218023300176 0.027362027205526832 -0.0097867907024919969
decision_type=2 2 2 2 2 2 2 2 2 2 2
left_child=4 2 -2 -4 5 7 -7 -1 -3 -10 -6
right_child=1 8 3 -5 10 6 -8 -9 9 -11 -12
leaf_value=6.4895824474477793e-05 -0.0023646636285506784 0.0032462277150563639 -0.00088176378908184916 0.00088032092547651582 0.0033497538402782832 -0.001873077550951587 2.9193218954116885e-05 -0.00046858445981950455 0.00077694812055158528 -0.00099355468985931855 0.00071991135798240452
leaf_weight=11626 222 204 253 245 121 236 443 362 131 233 147
leaf_count=11626 222 204 253 245 121 236 443 362 131 233 147
internal_value=5.10438e-05 -0.00050174 -0.00140517 -0.000593936 0.000106743 7.78292e-05 -0.00094481 0.000136642 0.000634817 -2.37126e-05 0.00142399
internal_weight=14223 1288 720 498 12935 12667 679 11988 568 364 268
internal_count=14223 1288 720 498 12935 12667 679 11988 568 364 268
is_linear=0
shrinkage=0.025


Tree=503
num_leaves=10
num_cat=0
split_feature=35 17 35 13 11 35 39 11 16
split_gain=0.606035 0.967957 0.771956 1.08009 1.83001 0.823565 0.670195 0.60232 0.192079
threshold=0.41247424483299261 0.80411735177040111 0.30404825508594518 -0.042042480781674378 0.016807540319859985 0.28855048120021826 1.0921879410743716 0.016867144964635376 0.026561590842902664
decision_type=2 2 2 2 2 2 2 2 2
left_child=2 -2 5 8 -5 6 -1 -3 -4
right_child=1 7 3 4 -6 -7 -8 -9 -10
leaf_value=-3.7264647023340051e-05 -0.0015731842299840559 0.0018945394975298684 0.0010349994220773173 0.0006119680566910381 -0.0019879996762790088 -0.00084825102385332335 0.00010622561223926128 -0.00043692050106313341 0.0037542142230156776
leaf_weight=8382 237 128 404 359 132 222 4066 127 225
leaf_count=8382 237 128 404 359 132 222 4066 127 225
internal_value=2.44104e-05 -0.000832495 5.57268e-05 0.000683333 -0.000183972 0 2.72024e-05 0.000216346 0.00136632
internal_weight=14282 492 13790 1120 491 12670 12448 255 629
internal_count=14282 492 13790 1120 491 12670 12448 255 629
is_linear=0
shrinkage=0.025


Tree=504
num_leaves=11
num_cat=0
split_feature=20 31 19 20 40 31 45 6 35 31
split_gain=0.837677 1.35591 1.21406 0.90837 1.42588 1.01081 0.886359 0.456982 0.396939 0.167446
threshold=0.76725116372108471 2.4519053697586064 0.18000286817550662 0.266266480088234 0.86602813005447399 0.81653678417205822 0.76228907704353344 0.049718463793396957 0.25044226646423345 3.2325458526611333
decision_type=2 2 2 2 2 2 2 2 2 2
left_child=1 3 6 5 -5 -1 -3 9 -9 -2
right_child=7 2 -4 4 -6 -7 -8 8 -10 -11
leaf_value=1.7103441335418615e-05 0.0045327677619670468 -0.0010367771301557297 -0.0012714466956881853 0.0011687861216689666 1.7461147418643981e-05 -0.00028956180752781022 0.0004042345911236264 -0.00089134863357413676 0.0011983795525511119 0.0012191672132002441
leaf_weight=7333 157 194 179 1101 2534 2051 268 126 175 148
leaf_count=7333 157 194 179 1101 2534 2051 268 126 175 148
internal_value=4.96637e-05 8.69018e-06 -0.00110875 6.45924e-05 0.000400069 -6.48364e-05 -0.000404175 0.000955401 0.000232843 0.00163306
internal_weight=14266 13660 641 13019 3635 9384 462 606 301 305
internal_count=14266 13660 641 13019 3635 9384 462 606 301 305
is_linear=0
shrinkage=0.025


Tree=505
num_leaves=15
num_cat=0
split_feature=35 46 23 11 11 17 41 16 24 13 35 37 6 29
split_gain=0.773662 1.14017 1.72439 1.1183 1.30931 0.90147 0.747536 1.01356 0.999838 1.33505 0.982796 0.888303 0.722584 0.330792
threshold=-0.12450252845883368 0.39125831425189977 0.14113832265138629 0.021261918358504776 0.031734716147184379 -0.14861603081226346 0.73657879233360302 0.015462978277355434 19.907004356384281 -0.23416599631309507 0.18036336451768878 0.0090839238837361353 0.018395219929516319 0.042935980483889587
decision_type=2 2 2 2 2 2 2 2 2 2 2 2 2 2
left_child=1 2 -1 13 -5 -4 7 11 12 -10 -9 -2 -8 -3
right_child=6 3 5 4 -6 -7 8 10 9 -11 -12 -13 -14 -15
leaf_value=-0.0030647028566968531 0.0022169781706710004 0.00013721736220273034 0.00018744502916370813 -0.0010952572609163483 0.0023783756276033502 -0.000892787170952653 -2.6132419004691052e-06 -0.00013444678802094321 0.00099246176494207261 -0.00032593968106600906 9.0191997821619714e-05 3.9610541027864431e-05 0.0014779896334271927 0.0012749630376987491
leaf_weight=121 595 133 141 322 131 130 200 5371 572 1034 3754 942 628 160
leaf_count=121 595 133 141 322 131 130 200 5371 572 1034 3754 942 628 160
internal_value=3.36225e-05 -0.000589457 -0.00167191 -4.99325e-06 -0.000788755 -0.000511775 8.84475e-05 -1.28893e-06 0.000483292 0.00011406 -0.000101999 0.000590953 0.00118697 0.00117869
internal_weight=14234 1138 392 746 453 271 13096 10662 2434 1606 9125 1537 828 293
internal_count=14234 1138 392 746 453 271 13096 10662 2434 1606 9125 1537 828 293
is_linear=0
shrinkage=0.025


Tree=506
num_leaves=8
num_cat=0
split_feature=15 12 16 15 15 27 38
split_gain=0.70155 0.622112 0.615269 1.65088 0.814858 0.542263 0.183167
threshold=0.93965518474578869 -0.39291308820247645 0.01475461106747389 0.28448276221752172 0.90517240762710582 0.00092897602007724356 -0.056674452498555176
decision_type=2 2 2 2 2 2 2
left_child=1 -1 3 -3 -4 -2 -7
right_child=5 2 4 -5 -6 6 -8
leaf_value=0.0026786861998832068 -2.9173063108906949e-05 -0.001226059435781978 -1.3448027257738558e-05 0.00048044902010487456 -0.0016616976226619729 0.0025705301700178849 0.00098027702238461033
leaf_weight=150 145 140 12234 1205 158 155 142
leaf_count=150 145 140 12234 1205 158 155 142
internal_value=2.90394e-05 -1.88948e-06 -2.01025e-05 0.000486111 -7.57239e-05 0.00100392 0.0016101
internal_weight=14329 13887 13737 1345 12392 442 297
internal_count=14329 13887 13737 1345 12392 442 297
is_linear=0
shrinkage=0.025


Tree=507
num_leaves=10
num_cat=0
split_feature=13 39 43 31 39 46 41 17 7
split_gain=0.778294 0.991214 0.797606 2.04776 1.83342 1.28511 1.44874 1.15632 0.874237
threshold=-0.49398656189441675 1.2954130768775942 0.066761393100023284 2.1341483592987065 1.0921879410743716 0.65214762091636669 0.66660353541374218 0.87641325592994701 0.0095117604359984415
decision_type=2 2 2 2 2 2 2 2 2
left_child=1 -1 3 8 -5 6 -4 -7 -2
right_child=2 -3 5 4 -6 7 -8 -9 -10
leaf_value=0.0026612603439425541 -6.0283748013033748e-05 -7.7195412214031608e-05 0.001094550858392662 -0.0023787805356881289 -4.8751963568929319e-05 -0.00015415963127513816 -0.0002285481056641174 0.00043173203645096382 0.00036446013197264537
leaf_weight=246 5844 177 1305 132 145 2321 491 1541 2148
leaf_count=246 5844 177 1305 132 145 2321 491 1541 2148
internal_value=6.22606e-05 0.00111273 2.95185e-05 -0.00012645 -0.00222074 0.000258476 0.000809967 0 -5.17381e-05
internal_weight=14350 423 13927 8269 277 5658 1796 3862 7992
internal_count=14350 423 13927 8269 277 5658 1796 3862 7992
is_linear=0
shrinkage=0.025


Tree=508
num_leaves=15
num_cat=0
split_feature=36 31 35 34 29 5 46 26 14 14 40 11 32 38
split_gain=0.842662 1.9585 1.86495 2.60488 2.44228 2.41757 1.51815 1.50798 2.30838 1.40026 1.16606 2.43192 0.964878 0.63732
threshold=0.21998091787099841 1.1488487124443056 0.11429632455110551 0.14428272098302844 0.085441272705793395 0.67037886381149303 0.69570478796958934 0.020055193454027179 0.42828319966793066 0.97212031483650219 1.2256724238395693 0.014930597972124817 0.65865191817283641 -0.08901293575763701
decision_type=2 2 2 2 2 2 2 2 2 2 2 2 2 2
left_child=2 10 5 4 -4 6 -1 8 -3 -9 12 -12 -2 -7
right_child=1 7 3 -5 -6 13 -8 9 -10 -11 11 -13 -14 -15
leaf_value=4.2190074538774974e-05 -0.00024362369853467376 -0.0014947873724916812 -0.00040769039570803301 0.0020283106569976964 -0.0022329044539913692 0.0021745268099457376 -0.00037922927920560663 3.7011383366194443e-05 9.8343158534077688e-05 -0.0013562127798944206 -0.0023356371517097171 0.00093333798907424483 0.00108975579601176 1.970466920038086e-05
leaf_weight=3774 355 122 1288 335 196 593 1149 2872 127 200 122 136 2860 186
leaf_count=3774 355 122 1288 335 196 593 1149 2872 127 200 122 136 2860 186
internal_value=3.01153e-05 0.000232203 -0.000151641 -0.000847725 -0.00129869 6.98704e-05 -0.000134182 -0.000200316 -0.00205217 -4.50925e-05 0.000647283 -0.000945817 0.000778339 0.00136001
internal_weight=14315 6794 7521 1819 1484 5702 4923 3321 249 3072 3473 258 3215 779
internal_count=14315 6794 7521 1819 1484 5702 4923 3321 249 3072 3473 258 3215 779
is_linear=0
shrinkage=0.025


Tree=509
num_leaves=13
num_cat=0
split_feature=42 46 45 46 41 13 9 13 25 23 45 48
split_gain=0.632196 0.931684 0.952582 0.813032 1.81328 2.01722 0.86109 1.95071 1.07198 0.800717 0.374095 0.138547
threshold=-0.10173759236931799 0.25046659260988241 0.1241746135056019 0.18254688382148745 0.32499971985816961 -0.23416599631309507 0.017830457538366321 -0.074770383536815629 -8.9465236663818342 0.13269963115453723 0.094827588647604003 0.48606015741825109
decision_type=2 2 2 2 2 2 2 2 2 2 2 2
left_child=1 10 -3 4 -2 -6 7 -5 -8 -4 -1 -12
right_child=3 2 9 6 5 -7 8 -9 -10 -11 11 -13
leaf_value=0.00020133201872835332 0.0060785864909084636 -0.00080524530204996382 -0.00044904772236752067 0.0030050382504968631 -5.1045092618995367e-06 -0.0016277986704937904 -0.00044440068746464669 -0.0003139521577791496 1.9501286871262302e-05 0.00073754586975236696 0.00019869810670472185 0.0018724428210641767
leaf_weight=225 121 147 256 696 1088 625 1130 461 8410 739 127 282
leaf_count=225 121 147 256 696 1088 625 1130 461 8410 739 127 282
internal_value=1.30136e-05 0.000454099 2.07063e-05 -4.91583e-05 -0.000534937 -0.00074869 3.37555e-05 0.000676635 -4.3871e-05 0.00030625 0.0012187 0.00166969
internal_weight=14307 1776 1142 12531 1834 1713 10697 1157 9540 995 634 409
internal_count=14307 1776 1142 12531 1834 1713 10697 1157 9540 995 634 409
is_linear=0
shrinkage=0.025


Tree=510
num_leaves=11
num_cat=0
split_feature=13 36 25 45 27 28 26 12 42 20
split_gain=0.878164 1.02544 0.820207 1.27166 1.02588 0.845027 1.77227 0.93016 0.652228 0.0313551
threshold=-0.49398656189441675 -0.14391931891441342 -9.8583049774169904 0.73275861144065868 -0.00047854501463007176 0.42499999701976782 0.01924008131027222 -0.064986094832420335 -0.04300034046173095 -0.25742498040199274
decision_type=2 2 2 2 2 2 2 2 2 2
left_child=1 -1 3 4 -2 7 -7 -4 -5 -3
right_child=2 9 5 8 -6 6 -8 -9 -10 -11
leaf_value=-0.00044659318856790626 8.3550298825200395e-05 0.0021286327035146811 0.00025125565490651192 0.0025835312113989769 -0.00064703127420454617 -0.0003637082792499892 6.7057256149830586e-05 0.001674788437769061 -4.0497913997206887e-05 0.0012131569903077255
leaf_weight=121 579 139 1737 161 1113 2523 7195 468 124 159
leaf_count=121 579 139 1737 161 1113 2523 7195 468 124 159
internal_value=3.77863e-05 0.00115861 3.14644e-06 -0.000467331 -0.000729965 8.18453e-05 -1.78699e-05 0.00052319 0.00105603 0.00194307
internal_weight=14319 419 13900 1977 1692 11923 9718 2205 285 298
internal_count=14319 419 13900 1977 1692 11923 9718 2205 285 298
is_linear=0
shrinkage=0.025


Tree=511
num_leaves=9
num_cat=0
split_feature=19 17 2 40 8 19 12 45
split_gain=0.868939 1.21052 0.722642 0.787798 1.3143 0.605138 0.997634 0.18003
threshold=0.34686839580535894 0.72546809911727916 0.20136496424674991 1.1370488405227663 0.032684646546840675 -0.22468979656696317 -0.29302370548248285 0.61023476719856273
decision_type=2 2 2 2 2 2 2 2
left_child=2 -2 5 4 -4 -1 -7 -5
right_child=1 -3 3 7 -6 6 -8 -9
leaf_value=0.0018646981617326701 -0.00077870369345235365 0.0007482592289207241 0.0012250107729395035 0.00071705348395734126 -0.00054021480899297636 -0.00026288826374031276 6.359204634515958e-06 0.0028538776486556577
leaf_weight=162 170 153 514 124 278 502 12178 201
leaf_count=162 170 153 514 124 278 502 12178 201
internal_value=1.7411e-05 -0.00125381 4.77121e-05 0.000656194 0.000218005 -4.96215e-06 -2.5128e-05 0.00168561
internal_weight=14282 323 13959 1117 792 12842 12680 325
internal_count=14282 323 13959 1117 792 12842 12680 325
is_linear=0
shrinkage=0.025


Tree=512
num_leaves=8
num_cat=0
split_feature=44 44 40 29 44 19 27
split_gain=0.804171 1.02047 0.898032 1.58604 1.26427 0.665238 0.111959
threshold=0.050453184172511108 0.037830190733075149 1.2256724238395693 0.094965886324644103 0.03210581652820111 0.18845679610967639 0.0019204084528610112
decision_type=2 2 2 2 2 2 2
left_child=1 2 4 -4 -1 6 -3
right_child=-2 5 3 -5 -6 -7 -8
leaf_value=8.5911435511103266e-05 -0.00025788314751333963 0.00063649476023725545 -0.00023751534408122095 0.0027530292225541268 -0.0005845835056037099 -7.0230268739819877e-05 0.0017099031380423573
leaf_weight=11299 120 168 1762 205 527 136 154
leaf_count=11299 120 168 1762 205 527 136 154
internal_value=4.49535e-05 6.28684e-05 2.36448e-05 -0.000469701 0.000106394 0.0012176 0.00183104
internal_weight=14371 14251 13793 1967 11826 458 322
internal_count=14371 14251 13793 1967 11826 458 322
is_linear=0
shrinkage=0.025


Tree=513
num_leaves=15
num_cat=0
split_feature=22 39 45 40 9 10 37 44 37 3 29 29 44 10
split_gain=0.717532 1.23882 1.79015 2.08174 1.31189 1.24671 1.08373 1.56983 1.92857 1.55876 0.963976 2.77075 0.717644 0.704921
threshold=0.87119266390800487 0.88976734876632702 0.52457812428474437 0.83233803510665905 0.022992718964815143 0.013331756461411716 0.016778284683823589 0.027479092590510849 0.021010483615100387 -0.011696050409227608 0.094587769359350218 0.092175439000129714 0.030922081321477893 0.025043757632374767
decision_type=2 2 2 2 2 2 2 2 2 2 2 2 2 2
left_child=6 2 3 -2 -3 -6 10 9 -9 -8 11 -1 -4 -12
right_child=1 4 12 -5 5 -7 7 8 -10 -11 13 -13 -14 -15
leaf_value=0.00014874125028055659 -0.00015932208805925294 0.0015446656745094916 5.6416386422166465e-05 -0.0030072044838911896 -0.00097466820693012249 0.00038107329854067639 -0.00021754105918190127 -0.0015044679120038637 -1.3460950698511997e-05 0.00045922086529847484 0.0022183283876156951 -0.00098418976203885184 -0.00071463139908640051 -5.1635931380144263e-05
leaf_weight=6751 260 460 728 215 550 660 1248 385 467 1783 454 135 128 158
leaf_count=6751 260 460 728 215 550 660 1248 385 467 1783 454 135 128 158
internal_value=3.81422e-05 -0.000304807 -0.000872942 -0.00209635 0.000145522 -0.000282922 0.000129216 -0.000208655 -0.00115373 5.64065e-05 0.000305045 0.000218945 -0.000178571 0.00125405
internal_weight=14382 3001 1331 475 1670 1210 11381 3883 852 3031 7498 6886 856 612
internal_count=14382 3001 1331 475 1670 1210 11381 3883 852 3031 7498 6886 856 612
is_linear=0
shrinkage=0.025


Tree=514
num_leaves=10
num_cat=0
split_feature=9 40 40 46 47 45 29 41 35
split_gain=0.82887 1.36088 1.50269 3.24259 1.71848 1.13905 1.47053 1.39987 0.992956
threshold=0.026450277306139473 1.4629510045051577 0.69480967521667492 0.75650331377983104 0.69589141011238109 0.99137932062149059 0.095178920775651946 0.71921283006668102 0.20384284108877185
decision_type=2 2 2 2 2 2 2 2 2
left_child=1 2 3 -1 -4 6 7 -2 -8
right_child=5 -3 4 -5 -6 -7 8 -9 -10
leaf_value=0.00014482604623499109 -0.00018320344708328898 -0.00094464592661955803 0.00020160282416837889 -0.0015331420763830363 0.0025666853984331081 -0.0010080819938189825 7.6271982523149796e-05 0.00014548390317500759 0.0027521441112291272
leaf_weight=816 4106 134 5438 327 572 217 442 1956 269
leaf_count=816 4106 134 5438 327 572 217 442 1956 269
internal_value=3.75474e-05 0.00022439 0.000272597 -0.000554225 0.000431214 -0.000156362 -9.75582e-05 -0.000224782 0.000972416
internal_weight=14277 7287 7153 1143 6010 6990 6773 6062 711
internal_count=14277 7287 7153 1143 6010 6990 6773 6062 711
is_linear=0
shrinkage=0.025


Tree=515
num_leaves=7
num_cat=0
split_feature=40 40 6 35 35 13
split_gain=0.749285 0.874523 0.763845 0.839607 0.676754 0.521147
threshold=0.39014583826065069 0.44542901217937475 0.068569459021091475 -0.015333476476371287 -0.14235104620456693 -0.073370840400457368
decision_type=2 2 2 2 2 2
left_child=5 -2 4 -4 -3 -1
right_child=1 2 3 -5 -6 -7
leaf_value=0.001586845859446871 -0.0012604865557237542 -0.00043406022293379626 0.00019456848065159372 -0.00029919886910070403 5.6495249221082506e-05 -3.3516118966550929e-06
leaf_weight=177 182 722 348 860 11880 120
leaf_count=177 182 722 348 860 11880 120
internal_value=4.66106e-05 1.95579e-05 4.29787e-05 -0.000555441 0.000101035 0.00127897
internal_weight=14289 13992 13810 1208 12602 297
internal_count=14289 13992 13810 1208 12602 297
is_linear=0
shrinkage=0.025


Tree=516
num_leaves=10
num_cat=0
split_feature=31 30 26 9 39 46 37 47 26
split_gain=0.706764 1.28913 0.825537 0.726837 0.953117 0.961097 0.903792 1.55665 1.07995
threshold=0.030994426459074024 0.11941305920481683 0.024785079993307594 0.017470034770667556 0.97185879945755016 0.18254688382148745 0.013694727793335916 0.8479457199573518 0.03157202526926995
decision_type=2 2 2 2 2 2 2 2 2
left_child=1 2 -1 4 5 -2 7 -5 -8
right_child=3 -3 -4 6 -6 -7 8 -9 -10
leaf_value=0.00041826442964544298 -0.00097607619953786603 -0.0023354133644666263 -0.00040470661226706746 -0.00023571690102599046 0.0028882809736992879 0.00087505372079710894 0.00022806368352015478 0.00030977052298363774 -0.00014378710416841278
leaf_weight=228 211 120 125 4673 235 823 4447 1051 2332
leaf_count=228 211 120 125 4673 235 823 4447 1051 2332
internal_value=-1.97367e-05 -0.000964958 -0.000171089 1.26117e-05 0.000581829 0.000244225 -4.48712e-05 -0.000276444 0.000149801
internal_weight=14245 473 353 13772 1269 1034 12503 5724 6779
internal_count=14245 473 353 13772 1269 1034 12503 5724 6779
is_linear=0
shrinkage=0.025


Tree=517
num_leaves=6
num_cat=0
split_feature=3 24 19 47 0
split_gain=0.984402 0.997594 0.704291 0.695646 0.223583
threshold=0.73048949241638195 55.694366455078132 0.34686839580535894 0.88646370172500621 0.0015154707944020631
decision_type=2 2 2 2 2
left_child=1 2 3 -1 -3
right_child=-2 4 -4 -5 -6
leaf_value=2.5364678365518995e-06 -0.00062870876605338117 0.0011737302403795069 -0.0010939601313168395 0.00030888762930892104 0.0025722769444242338
leaf_weight=12231 171 156 140 1420 166
leaf_count=12231 171 156 140 1420 166
internal_value=5.97488e-05 8.33157e-05 5.04676e-05 6.9292e-05 0.00144878
internal_weight=14284 14113 13791 13651 322
internal_count=14284 14113 13791 13651 322
is_linear=0
shrinkage=0.025


Tree=518
num_leaves=11
num_cat=0
split_feature=31 4 3 44 46 3 36 4 30 4
split_gain=0.83371 1.53129 1.49579 1.48028 1.85878 0.975075 1.28295 1.16953 0.718751 0.47062
threshold=2.3767551183700566 0.79026317596435558 0.55922853946685802 0.028646077960729602 0.91434335708618175 0.26927913725376135 0.11838478967547418 0.73751372098922741 -0.11864757165312766 0.98402836918830883
decision_type=2 2 2 2 2 2 2 2 2 2
left_child=2 3 5 4 -2 7 -7 -1 -3 -10
right_child=1 8 -4 -5 -6 6 -8 -9 9 -11
leaf_value=2.1034095310645786e-06 -0.0010800059818917489 -0.00081756150986103812 -0.00063390864887921043 -0.0015776447260481439 0.0021208864978657783 -0.00021744185864389131 0.0010436083972789958 -0.0010019428435860346 0.0020836343899650208 -3.2040364974981842e-05
leaf_weight=10484 268 129 234 236 164 435 1722 131 258 176
leaf_count=10484 268 129 234 236 164 435 1722 131 258 176
internal_value=-1.93968e-05 -0.00064017 3.91016e-05 -0.00144688 -0.000546339 7.62113e-05 0.000560245 -2.17749e-05 0.000310299 0.000805809
internal_weight=14237 1231 13006 668 432 12772 2157 10615 563 434
internal_count=14237 1231 13006 668 432 12772 2157 10615 563 434
is_linear=0
shrinkage=0.025


Tree=519
num_leaves=9
num_cat=0
split_feature=41 48 24 8 47 45 30 33
split_gain=0.743227 0.980412 0.83823 0.795118 0.707113 2.71568 0.935094 0.373938
threshold=0.11206618323922159 0.057776963338255889 28.199587821960453 0.032067447900772102 0.88646370172500621 0.99137932062149059 -1.4915761351585386 -0.00037152552977204317
decision_type=2 2 2 2 2 2 2 2
left_child=2 3 -1 7 6 -6 -3 -2
right_child=1 4 -4 -5 5 -7 -8 -9
leaf_value=0.00010324945102597136 0.00057312443123146487 0.0019617029902872724 -0.00077419979102511969 -7.7413693985198286e-05 0.00064541367084259736 -0.0015817842974075883 -1.611978776499978e-05 0.0023207894713508002
leaf_weight=127 130 196 120 130 1310 134 11889 261
leaf_count=127 130 196 120 130 1310 134 11889 261
internal_value=4.97309e-05 7.42619e-05 -0.00129464 0.00113356 3.26032e-05 0.000554693 -2.94664e-05 0.00169508
internal_weight=14297 14050 247 521 13529 1444 12085 391
internal_count=14297 14050 247 521 13529 1444 12085 391
is_linear=0
shrinkage=0.025


Tree=520
num_leaves=11
num_cat=0
split_feature=8 29 47 48 30 3 30 41 14 46
split_gain=0.483762 1.67916 1.23433 0.960366 0.945509 1.52468 1.38954 1.15153 0.801013 0.616861
threshold=0.03710818104445935 0.09524793922901155 0.88646370172500621 0.077035948634147658 0.16752696782350543 0.014510176610201599 0.3245587050914765 0.30682003498077398 0.52457812428474437 0.96521475911140453
decision_type=2 2 2 2 2 2 2 2 2 2
left_child=1 2 3 -1 7 -6 -7 -2 -9 -4
right_child=4 -3 9 -5 5 6 -8 8 -10 -11
leaf_value=0.00055486843479578924 -0.00025674011972005905 0.0042742889649702862 0.00073462874541084695 -2.7805230768844428e-05 -0.005103694371749793 -0.0022494377955926625 0.00015751354150323688 0.0013120667147581673 -8.7798648220773271e-05 -9.9005620055820794e-05
leaf_weight=718 170 224 737 10566 124 151 395 516 564 136
leaf_count=718 170 224 737 10566 124 151 395 516 564 136
internal_value=2.07082e-05 7.84152e-05 3.79256e-05 -3.17786e-05 -0.000347402 -0.00110185 -0.000505898 5.4781e-05 0.000362903 0.000941059
internal_weight=14301 12381 12157 11284 1920 670 546 1250 1080 873
internal_count=14301 12381 12157 11284 1920 670 546 1250 1080 873
is_linear=0
shrinkage=0.025


Tree=521
num_leaves=10
num_cat=0
split_feature=13 36 40 8 30 16 46 45 36
split_gain=0.84538 0.779483 0.735077 1.34881 1.15105 0.892902 0.834842 0.706545 0.0981406
threshold=-0.49398656189441675 -0.15085972100496289 1.3124855756759646 0.04040601663291455 0.31916537880897528 0.015462978277355434 0.21164613962173465 0.019258987158536914 0.020524694584310058
decision_type=2 2 2 2 2 2 2 2 2
left_child=1 -1 5 4 -4 6 -2 -7 -3
right_child=2 8 3 -5 -6 7 -8 -9 -10
leaf_value=-0.00043899175858267379 -0.00023402918621114738 0.0021628535859003289 -0.00056555321012386763 0.0010008529269083936 0.00031868811396798926 -0.0010275563193526973 0.0010696706481584022 -2.7164678612261065e-06 0.0011280822161856409
leaf_weight=121 325 168 660 121 238 136 1379 11000 135
leaf_count=121 325 168 660 121 238 136 1379 11000 135
internal_value=2.28339e-05 0.00111597 -1.05488e-05 -0.000655517 -0.000995293 4.03855e-05 0.000572703 -4.07278e-05 0.00178977
internal_weight=14283 424 13859 1019 898 12840 1704 11136 303
internal_count=14283 424 13859 1019 898 12840 1704 11136 303
is_linear=0
shrinkage=0.025


Tree=522
num_leaves=15
num_cat=0
split_feature=6 43 33 33 16 36 19 36 31 26 35 34 38 9
split_gain=0.679544 0.841405 1.10563 0.974013 0.785884 1.00903 1.64391 1.30095 0.882097 0.892437 0.664261 0.656492 0.796452 0.201803
threshold=0.063824079930782332 0.24817291647195819 -0.023312887176871296 -0.00098874996183440068 0.027954854071140293 0.37813426554203039 0.013983930926769974 0.29328395426273351 2.164859533309937 0.031132487580180172 -0.11012518778443335 0.064079973846673979 -0.13491919636726377 0.027920308522880081
decision_type=2 2 2 2 2 2 2 2 2 2 2 2 2 2
left_child=4 2 13 -4 5 7 -7 -1 10 -10 -6 12 -3 -2
right_child=1 11 3 -5 8 6 -8 -9 9 -11 -12 -13 -14 -15
leaf_value=-9.0595122219618411e-06 -6.9487410357920367e-05 0.00095768564884517952 -0.0016012886033293181 -0.0001459153663496647 -0.0001676641423867149 -0.0008585785646144248 1.7218110492102657e-05 0.00069920609197039469 -0.00088764123585343194 0.0011280807076953666 0.0011855892749934051 0.0023197948478978596 -0.00078549349385904042 0.00071913107372471288
leaf_weight=7422 120 122 208 567 131 686 1255 1987 126 123 973 176 176 127
leaf_count=7422 120 122 208 567 131 686 1255 1987 126 123 973 176 176 127
internal_value=1.69847e-05 -0.00048551 -0.000889727 -0.00135417 7.68218e-05 8.25637e-06 -0.000509378 0.000115918 0.00064525 -0.000674212 0.00095018 0.000373173 -0.000325907 0.000540675
internal_weight=14199 1496 1022 775 12703 11350 1941 9409 1353 249 1104 474 298 247
internal_count=14199 1496 1022 775 12703 11350 1941 9409 1353 249 1104 474 298 247
is_linear=0
shrinkage=0.025


Tree=523
num_leaves=13
num_cat=0
split_feature=42 46 24 19 40 30 30 46 28 40 30 48
split_gain=0.639121 0.971253 0.911133 1.26559 0.681857 1.17995 1.31608 0.867928 1.80608 1.21201 0.530608 0.256005
threshold=-0.10341247543692587 0.30429521203041082 35.355670928955085 -0.11045984551310538 1.3439851403236391 -0.34693646430969233 0.25394569337368017 0.23105636239051822 0.42499999701976782 0.46519245207309728 0.25394569337368017 0.57171678543090831
decision_type=2 2 2 2 2 2 2 2 2 2 2 2
left_child=1 10 3 -3 7 -6 -7 8 -2 -9 11 -1
right_child=4 2 -4 -5 5 6 -8 9 -10 -11 -12 -13
leaf_value=0.00025487005674483336 0.00061755283100025033 -0.0012294905916590143 0.0016763036504564843 4.0340530885945431e-05 0.00027494630995102457 -0.00059198080399017021 5.3468917939061402e-05 -0.00036533541980758583 -0.00060358842642153508 5.1169152569799579e-05 0.00011638300014712869 0.001507829076268073
leaf_weight=225 686 203 160 648 133 388 247 369 1614 9054 220 260
leaf_count=225 686 203 160 648 133 388 247 369 1614 9054 220 260
internal_value=-2.47149e-05 0.000426351 -6.52066e-05 -0.000398656 -8.73278e-05 -0.000806921 -0.00125977 -3.93289e-05 -0.000474512 6.64246e-05 0.00113556 0.00159439
internal_weight=14207 1716 1011 851 12491 768 635 11723 2300 9423 705 485
internal_count=14207 1716 1011 851 12491 768 635 11723 2300 9423 705 485
is_linear=0
shrinkage=0.025


Tree=524
num_leaves=9
num_cat=0
split_feature=37 47 43 46 29 26 26 38
split_gain=0.756056 0.718705 1.34392 1.24062 0.854858 1.12138 0.74516 0.688529
threshold=0.0070376950316131124 0.19057226926088336 0.12072477117180826 0.73911070823669445 0.029139592312276367 0.020566329360008243 0.018884599208831791 -0.022353796288371083
decision_type=2 2 2 2 2 2 2 2
left_child=-1 2 3 -2 6 -6 -3 -4
right_child=1 4 7 -5 5 -7 -8 -9
leaf_value=0.0066728229756607502 0.0001567779611858204 0.00085241592545222682 0.0026933482437063363 -0.0014226426211567467 -0.00031497549286324121 -3.710938442507265e-06 -5.4501651105161559e-05 1.0474765184321836e-05
leaf_weight=121 2217 681 324 129 2204 8106 385 135
leaf_count=121 2217 681 324 129 2204 8106 385 135
internal_value=2.61237e-05 8.54725e-06 0.000366993 0.000120693 -7.94086e-05 -0.000149661 0.000591737 0.00159752
internal_weight=14302 14181 2805 2346 11376 10310 1066 459
internal_count=14302 14181 2805 2346 11376 10310 1066 459
is_linear=0
shrinkage=0.025


Tree=525
num_leaves=15
num_cat=0
split_feature=33 0 31 20 35 33 19 16 9 35 34 23 36 30
split_gain=0.730072 1.57445 1.22191 2.83653 0.961692 1.12124 1.03772 0.833584 1.04029 1.05764 0.897226 1.98523 1.17881 0.681734
threshold=-0.0016153606702573595 0.0071693621575832376 0.87649324536323558 0.30482451617717748 -0.013657571747899054 -0.0039895654190331689 -0.055870650336146348 0.024065744131803516 0.027830716222524646 0.23314278572797778 0.086892414838075652 0.12125138938426973 0.40795207023620611 0.69090983271598827
decision_type=2 2 2 2 2 2 2 2 2 2 2 2 2 2
left_child=1 4 -3 -4 5 -1 -6 10 9 -9 12 -12 -2 -10
right_child=7 2 3 -5 6 -7 -8 8 13 -11 11 -13 -14 -15
leaf_value=0.0010438361342634812 0.000171503340832825 -0.00028924710114272713 -0.0032092454031092212 -0.00086815749365414517 -0.00071413678703860311 -0.00036517012985955014 -2.902981909682148e-05 0.00019379594288468694 -6.0215402902326999e-05 0.0030279965653594934 -0.00095366885486340616 -6.2186147333008441e-06 -0.00084251694073904512 0.001798914152566351
leaf_weight=1007 4680 410 128 280 409 276 1937 522 1286 519 527 1631 522 125
leaf_count=1007 4680 410 128 280 409 276 1937 522 1286 519 527 1631 522 125
internal_value=-2.0769e-05 -0.000286669 -0.0012743 -0.00223668 -6.08832e-05 0.000486219 -0.000363143 9.91903e-05 0.000498067 0.00109584 -3.30956e-05 -0.000461743 0.000143797 5.03179e-05
internal_weight=14259 4447 818 408 3629 1283 2346 9812 2452 1041 7360 2158 5202 1411
internal_count=14259 4447 818 408 3629 1283 2346 9812 2452 1041 7360 2158 5202 1411
is_linear=0
shrinkage=0.025


Tree=526
num_leaves=7
num_cat=0
split_feature=17 40 12 31 29 44
split_gain=0.7187 1.86882 0.976401 0.943009 2.05342 0.867645
threshold=1.3742074370384219 0.84984910488128673 -0.39291308820247645 0.049381246790289886 0.050065014511346824 0.010496585164219143
decision_type=2 2 2 2 2 2
left_child=2 -2 -1 4 -4 -5
right_child=1 -3 3 5 -6 -7
leaf_value=0.0030557680999706194 -0.0028939787507094731 0.00016355566381084526 -2.541012057957954e-05 0.0018288740216179178 -0.0022626509633146704 2.205795321884344e-05
leaf_weight=132 121 210 539 236 120 12897
leaf_count=132 121 210 539 236 120 12897
internal_value=5.12799e-05 -0.00109003 7.92412e-05 5.78931e-05 -0.000860316 0.000104753
internal_weight=14255 331 13924 13792 659 13133
internal_count=14255 331 13924 13792 659 13133
is_linear=0
shrinkage=0.025


Tree=527
num_leaves=14
num_cat=0
split_feature=38 38 28 5 46 44 42 43 43 26 18 13 42
split_gain=0.748992 1.58203 1.62206 1.07387 2.41976 2.31521 1.57097 1.56571 1.35033 0.874817 1.63618 1.14557 0.516662
threshold=-0.017926861532032486 -0.0095890201628208143 0.57500001788139354 0.70922085642814647 0.96521475911140453 0.028302753344178203 -0.075066968798637376 0.31495732069015508 -0.14612916857004163 0.018497097305953506 0.024410257115960125 -0.24811274558305738 -0.047410910949110978
decision_type=2 2 2 2 2 2 2 2 2 2 2 2 2
left_child=3 2 12 4 7 8 -7 -1 -5 10 -3 -11 -2
right_child=1 9 -4 5 -6 6 -8 -9 -10 11 -12 -13 -14
leaf_value=4.1911802245374711e-05 0.00026355433708251966 1.9353291143918025e-05 -0.0018429452743452673 -0.0010668097143099594 -0.003153157435318701 0.0017422274253401104 -0.00052843448915089095 -0.00055182875834555039 0.0021689013727434815 -0.00049751308773070182 -0.0015682993889915083 0.00011681677427290529 -0.0011107995045577044
leaf_weight=7058 139 581 186 204 134 141 555 359 1401 223 435 2649 171
leaf_count=7058 139 581 186 204 134 141 555 359 1401 223 435 2649 171
internal_value=-9.0407e-06 -0.0002811 -0.00160429 0.000111469 -3.19282e-05 0.000583803 -0.000611626 2.84628e-05 0.00110637 -0.000108849 -0.000738247 0.000112531 -0.000456349
internal_weight=14236 4384 496 9852 7551 2301 696 7417 1605 3888 1016 2872 310
internal_count=14236 4384 496 9852 7551 2301 696 7417 1605 3888 1016 2872 310
is_linear=0
shrinkage=0.025


Tree=528
num_leaves=13
num_cat=0
split_feature=22 26 9 38 7 33 25 40 44 40 39 37
split_gain=0.845186 1.05275 2.1761 1.47979 1.43642 0.962758 1.03751 1.44473 0.950105 0.809628 0.808014 0.775505
threshold=0.82705175876617443 0.01924008131027222 0.020999409258365635 -0.006361552979797124 0.015069768764078619 0.042010651901364333 -9.4089488983154279 1.2342243790626528 0.022459126077592376 1.0977527499198916 1.6418175101280215 0.015261415857821705
decision_type=2 2 2 2 2 2 2 2 2 2 2 2
left_child=5 2 3 -2 -4 6 7 -1 11 -10 -8 -3
right_child=1 8 4 -5 -6 -7 10 -9 9 -11 -12 -13
leaf_value=-1.7880276048536069e-05 0.0016652774853796088 0.00042393725876260676 -0.0015099274601397834 -0.0014230836998226414 -0.00050592265746826441 0.0035681630428291214 9.9145361646405883e-05 -0.0013638077164638994 -0.00066936890321154727 0.00021237057406849221 -0.00021943435451321418 -0.00019219734210650658
leaf_weight=1771 351 861 246 267 131 135 8065 390 936 387 183 534
leaf_count=1771 351 861 246 267 131 135 8065 390 936 387 183 534
internal_value=1.13064e-05 -0.000312332 -0.00100625 -7.82503e-05 -0.00249018 0.00012596 9.75851e-05 -0.000388389 -5.46272e-05 -0.00053558 0.000225827 0.000397322
internal_weight=14257 3713 995 618 377 10544 10409 2161 2718 1323 8248 1395
internal_count=14257 3713 995 618 377 10544 10409 2161 2718 1323 8248 1395
is_linear=0
shrinkage=0.025


Tree=529
num_leaves=7
num_cat=0
split_feature=8 35 30 4 15 25
split_gain=0.904963 0.714294 1.01667 1.10778 0.655835 0.639847
threshold=0.057141719385981567 0.41247424483299261 0.071514528244733824 0.66223415732383739 0.95689654350280773 -9.4089488983154279
decision_type=2 2 2 2 2 2
left_child=1 4 -3 -4 5 -1
right_child=-2 2 3 -5 -6 -7
leaf_value=-0.00013770656858320222 0.0024047611066507434 0.0005860398584890753 -0.0016444444180649083 8.654916018240749e-06 0.001651509495118899 2.501500719282338e-05
leaf_weight=2186 170 167 202 134 230 11150
leaf_count=2186 170 167 202 134 230 11150
internal_value=3.44883e-05 1.18127e-05 -0.000907972 -0.00169721 4.66989e-05 2.3143e-05
internal_weight=14239 14069 503 336 13566 13336
internal_count=14239 14069 503 336 13566 13336
is_linear=0
shrinkage=0.025


Tree=530
num_leaves=9
num_cat=0
split_feature=21 6 6 40 27 0 7 42
split_gain=0.620697 0.607635 0.934976 0.584645 0.561906 0.553314 0.409159 0.192531
threshold=27.674799919128422 0.010357107501477005 0.011651319917291405 0.39014583826065069 -0.0080923340283334238 -0.0090910564176738245 0.0092825698666274565 -0.12649595737457273
decision_type=2 2 2 2 2 2 2 2
left_child=4 -2 -3 -4 -1 7 -7 -6
right_child=1 2 3 -5 5 6 -8 -9
leaf_value=-0.0005352454465297001 0.00068050364018990266 -0.0013999836722594315 0.00047188473140353881 -1.1276473987447527e-05 0.00068541107908211729 -6.7818645430940707e-06 0.0011627146601406572 0.0021088529843214156
leaf_weight=143 230 147 266 12655 122 343 136 207
leaf_count=143 230 147 266 12655 122 343 136 207
internal_value=3.44641e-05 -9.30232e-06 -3.2414e-05 -8.99341e-06 0.000649843 0.000908672 0.000343492 0.00169536
internal_weight=14249 13298 13068 12921 951 808 479 329
internal_count=14249 13298 13068 12921 951 808 479 329
is_linear=0
shrinkage=0.025


Tree=531
num_leaves=15
num_cat=0
split_feature=9 13 40 5 36 35 34 13 31 9 32 39 46 42
split_gain=0.474108 1.07633 1.78277 2.74734 1.91653 1.02637 1.11551 0.85142 1.65483 1.58931 1.55221 1.44018 1.31648 0.799309
threshold=0.029360615648329261 -0.23416599631309507 1.2256724238395693 0.149851068854332 0.28962449729442602 0.19614410400390628 -0.014702857472002505 -0.24811274558305738 0.77112311124801647 0.031084068119525913 0.92893004417419445 1.0280335545539858 0.35628965497016912 0.038754073902964599
decision_type=2 2 2 2 2 2 2 2 2 2 2 2 2 2
left_child=1 5 4 -4 -3 6 -1 9 13 10 -2 -11 -10 -9
right_child=7 2 3 -5 -6 -7 -8 8 12 11 -12 -13 -14 -15
leaf_value=5.88966392891641e-05 -0.0023933902655412613 -0.00017635282061766405 -0.0017533692417171275 -5.0304916799985665e-05 0.00062669390535351546 -0.00087699438168775039 0.00087720779645540929 0.0016535205390208981 -0.0019390006427054522 -0.0003787609689563209 -9.2005261916284042e-05 0.00011128723520374459 1.5786241796767473e-06 -4.358699199304863e-05
leaf_weight=1151 128 3374 127 391 2412 222 1456 443 363 472 153 778 2672 214
leaf_count=1151 128 3374 127 391 2412 222 1456 443 363 472 153 778 2672 214
internal_value=3.89075e-05 0.000147872 -3.30876e-05 -0.00143164 9.2169e-05 0.000552664 0.000693434 -0.000150392 5.37599e-05 -0.000645345 -0.00232955 -0.000253984 -0.000191201 0.00118769
internal_weight=14356 9133 6304 518 5786 2829 2607 5223 3692 1531 281 1250 3035 657
internal_count=14356 9133 6304 518 5786 2829 2607 5223 3692 1531 281 1250 3035 657
is_linear=0
shrinkage=0.025


Tree=532
num_leaves=8
num_cat=0
split_feature=3 17 47 44 48 32 25
split_gain=0.700811 0.713915 0.74853 1.16184 1.04719 0.581421 0.495842
threshold=0.73048949241638195 -0.46686924993991846 0.88646370172500621 0.028469235636293892 0.90517240762710582 1.1082907319068911 9.1191620826721209
decision_type=2 2 2 2 2 2 2
left_child=1 5 4 -4 -3 6 -1
right_child=-2 2 3 -5 -6 -7 -8
leaf_value=0.00080732140723707387 -0.0005888679565070117 4.7572643279362874e-06 0.0018109351582487124 1.1786046680657614e-05 -0.00037854245754518555 -8.8627777711188936e-05 1.5533714909904705e-05
leaf_weight=325 162 11241 409 1020 834 129 131
leaf_count=325 162 11241 409 1020 834 129 131
internal_value=2.95491e-05 4.90458e-05 1.13814e-05 0.000551778 -5.22557e-05 0.000900424 0.0013205
internal_weight=14251 14089 13504 1429 12075 585 456
internal_count=14251 14089 13504 1429 12075 585 456
is_linear=0
shrinkage=0.025


Tree=533
num_leaves=15
num_cat=0
split_feature=43 39 40 44 31 17 40 9 12 9 26 40 33 26
split_gain=0.672923 1.87741 1.76489 1.62043 1.60955 2.77492 1.73074 1.51828 1.35016 1.2851 3.26859 0.694858 0.558401 0.350666
threshold=0.066761393100023284 0.88092693686485302 0.83233803510665905 0.015398107934743168 0.87649324536323558 0.3505226075649262 1.2256724238395693 0.022062288597226146 -0.16213964670896527 0.018639316782355312 0.019092911854386333 0.76142212748527538 0.015560098923742773 0.034868357703089721
decision_type=2 2 2 2 2 2 2 2 2 2 2 2 2 2
left_child=1 2 7 -4 6 -6 -3 -1 12 11 -11 -10 13 -2
right_child=8 4 3 -5 5 -7 -8 -9 9 10 -12 -13 -14 -15
leaf_value=-0.00071775554535412952 0.0014276705954369702 0.0006352321081382579 -0.0020595246541466558 -0.00039965785768590265 -0.0029412971410442629 -7.5581488682656468e-05 -0.00017771423959837159 0.00054579080698203251 0.00018716292926035754 -0.0015728460935942698 2.7225638190263671e-05 0.0035364889685085901 -9.1415360168035388e-05 0.00013409903054335823
leaf_weight=873 425 3083 405 976 137 1497 892 772 238 431 3854 289 155 262
leaf_count=873 425 3083 405 976 137 1497 892 772 238 431 3854 289 155 262
internal_value=-1.19805e-05 -0.000151186 -0.000652837 -0.00131043 0.000118677 -0.000539201 0.000391018 -9.46969e-05 0.000199461 3.60703e-05 -0.000106352 0.00119596 0.00112013 0.00142522
internal_weight=14289 8635 3026 1381 5609 1634 3975 1645 5654 4812 4285 527 842 687
internal_count=14289 8635 3026 1381 5609 1634 3975 1645 5654 4812 4285 527 842 687
is_linear=0
shrinkage=0.025


Tree=534
num_leaves=15
num_cat=0
split_feature=16 16 35 33 35 36 26 33 6 36 3 5 35 42
split_gain=0.672714 1.29074 3.45123 1.97661 1.3091 1.02857 1.14452 1.12855 0.915137 1.2014 0.874525 0.728842 0.582905 1.02359
threshold=0.024065744131803516 0.022642872296273712 -0.010967702604830263 0.0067420182749629029 -0.11266281083226203 0.47109559178352362 0.031132487580180172 0.019633836112916473 0.039229506626725204 0.1298915967345238 -0.059523634612560265 0.00706778233870864 0.35007102787494665 0.067649718374013915
decision_type=2 2 2 2 2 2 2 2 2 2 2 2 2 2
left_child=1 5 4 -4 -3 7 -7 -1 9 11 -11 -2 -10 -14
right_child=8 2 3 -5 -6 6 -8 -9 12 10 -12 -13 13 -15
leaf_value=9.3891230058402192e-05 0.00050489642989367037 -0.00018652386216098016 -0.0016363528068757177 -1.6046493026490604e-05 0.0017578916691697024 -0.00011669671920144965 -0.0017751744687525793 -0.0010783782159917356 5.138917383725229e-05 -0.00012774268805747159 0.0017716076608276386 -0.0012698200429628629 -0.0013330378292778931 0.00034064286745235587
leaf_weight=7969 167 158 691 386 362 327 120 491 1560 191 1219 246 225 142
leaf_count=7969 167 158 691 386 362 327 120 491 1560 191 1219 246 225 142
internal_value=3.70819e-05 -6.50632e-05 -0.000718633 -0.00152611 0.000940476 5.17562e-05 -0.00110896 0.000114442 0.000324567 0.00072552 0.00107332 -0.000445574 -5.24067e-05 -0.00094422
internal_weight=14254 10504 1597 1077 520 8907 447 8460 3750 1823 1410 413 1927 367
internal_count=14254 10504 1597 1077 520 8907 447 8460 3750 1823 1410 413 1927 367
is_linear=0
shrinkage=0.025


Tree=535
num_leaves=8
num_cat=0
split_feature=12 12 32 46 13 39 12
split_gain=0.638459 0.777198 1.16323 0.802588 0.77557 0.732298 0.617657
threshold=-0.39291308820247645 -0.29302370548248285 0.90543136000633251 0.33687943220138555 -0.47125129401683802 1.3212200999259951 -0.14798036217689511
decision_type=2 2 2 2 2 2 2
left_child=-1 2 -2 -4 5 -3 -6
right_child=1 4 3 -5 6 -7 -8
leaf_value=0.0023834791519585351 -0.00098011989935693723 0.0021599372790994604 0.00025852603266370271 -0.00021930669140892865 0.00019543576799598689 -0.0001177905242066314 -9.797907476683555e-06
leaf_weight=143 223 287 160 162 3075 127 10136
leaf_count=143 223 287 160 162 3075 127 10136
internal_value=6.29453e-05 4.54146e-05 -0.000875 7.26301e-05 8.29972e-05 0.0011426 4.88992e-05
internal_weight=14313 14170 545 322 13625 414 13211
internal_count=14313 14170 545 322 13625 414 13211
is_linear=0
shrinkage=0.025


Tree=536
num_leaves=12
num_cat=0
split_feature=35 29 22 37 41 41 11 11 13 31 32
split_gain=0.607525 1.42195 1.02021 0.773979 0.707585 1.06098 1.45592 1.30184 0.88384 1.17848 0.677587
threshold=-0.12450252845883368 0.093877900391817107 0.73188295960426342 0.014870441518723966 0.75119560956954967 0.64207303524017345 0.012280100025236608 0.012944027781486513 -0.17720765620470044 0.4053920060396195 0.65337783098220836
decision_type=2 2 2 2 2 2 2 2 2 2 2
left_child=1 2 3 -1 5 7 -7 -2 10 -10 -6
right_child=4 -3 -4 -5 8 6 -8 -9 9 -11 -12
leaf_value=0.00066487433050865308 0.00075918466294191034 0.0017124412670984372 -0.0023191428549045787 -0.00043529719179492593 -0.00025822142714115057 -0.0012349296041553656 -4.1079790525986134e-05 -4.7763882931532659e-06 -0.0013754867040936692 0.00019976100901236303 0.0010354144661227512
leaf_weight=235 2189 160 230 479 147 461 2855 5656 137 805 915
leaf_count=235 2189 160 230 479 147 461 2855 5656 137 805 915
internal_value=5.71845e-05 -0.000503832 -0.000878556 -0.000394645 0.000104879 2.65315e-05 -0.00034741 0.00018551 0.000536959 -1.45194e-05 0.00102976
internal_weight=14269 1104 944 714 13165 11161 3316 7845 2004 942 1062
internal_count=14269 1104 944 714 13165 11161 3316 7845 2004 942 1062
is_linear=0
shrinkage=0.025


Tree=537
num_leaves=15
num_cat=0
split_feature=34 22 16 36 27 9 30 17 36 17 15 42 15 26
split_gain=0.607748 1.15604 1.34699 1.94353 1.11388 1.08931 1.01919 1.04915 0.999666 1.82524 0.945841 0.906523 0.547593 0.281534
threshold=0.14204169809818271 0.75441765785217296 0.018375191837549213 0.29328395426273351 0.00065409348462708305 0.026136950589716438 0.071514528244733824 0.26944093406200414 0.52496865391731273 0.68445280194282543 0.90517240762710582 0.039843680337071426 0.3189655095338822 0.019990407861769203
decision_type=2 2 2 2 2 2 2 2 2 2 2 2 2 2
left_child=1 8 4 -4 -3 12 7 -7 10 -10 -1 -8 -2 -14
right_child=5 2 3 -5 -6 6 11 -9 9 -11 -12 -13 13 -15
leaf_value=3.9494198224222435e-05 2.4496794631404016e-05 0.0012257703075759761 -0.001006145131498686 -3.8188131322625374e-06 -0.00021854510123727567 -0.00080124855271072697 -0.00106834110126256 0.0020225973321767315 -0.0025188193391871621 -4.9181023975648055e-06 0.0019589686946619007 0.00049321692462884808 0.00064613896724819884 0.0027323434303280938
leaf_weight=7866 159 554 1223 1149 847 139 392 397 125 362 258 261 207 291
leaf_count=7866 159 554 1223 1149 847 139 392 397 125 362 258 261 207 291
internal_value=2.76608e-05 -3.50108e-05 -0.000400013 -0.000763042 0.000210704 0.000450432 0 0.000801756 0.000124333 -0.000967988 0.000191137 -0.000662994 0.00126322 0.0016675
internal_weight=14230 12384 3773 2372 1401 1846 1189 536 8611 487 8124 653 657 498
internal_count=14230 12384 3773 2372 1401 1846 1189 536 8611 487 8124 653 657 498
is_linear=0
shrinkage=0.025


Tree=538
num_leaves=10
num_cat=0
split_feature=17 17 44 39 38 23 11 27 27
split_gain=0.692335 0.860394 2.40735 1.28468 0.824634 1.32982 0.98791 0.552583 0.521033
threshold=-0.46686924993991846 -0.281911090016365 0.021031276322901252 0.8215550184249879 -0.065974175930023179 0.12496617808938028 0.022426047362387184 0.00041130064346361911 0.0045893127098679551
decision_type=2 2 2 2 2 2 2 2 2
left_child=7 2 3 -2 6 -6 -3 -1 -9
right_child=1 4 -4 -5 5 -7 -8 8 -10
leaf_value=0.0011875320010953374 -0.0010124529196243778 0.00032430064793446305 -0.0017815104548620467 0.00040131271491037349 -0.00028206085056970483 4.1476810923330094e-05 -7.2839585463613257e-05 -0.0001824120174535235 0.00059776825142043052
leaf_weight=222 125 3921 239 521 2121 4570 2282 126 209
leaf_count=222 125 3921 239 521 2121 4570 2282 126 209
internal_value=4.94213e-05 1.38749e-05 -0.000737359 5.18434e-05 6.61874e-05 -0.000125635 0.000274042 0.000909698 0.000238971
internal_weight=14336 13779 885 646 12894 6691 6203 557 335
internal_count=14336 13779 885 646 12894 6691 6203 557 335
is_linear=0
shrinkage=0.025


Tree=539
num_leaves=8
num_cat=0
split_feature=38 45 41 41 40 48 44
split_gain=0.674357 0.663667 1.30274 2.06434 0.752354 2.29795 1.14726
threshold=-0.32724350690841669 0.057776963338255889 0.74129381775856029 0.56364938616752636 0.69480967521667492 0.057776963338255889 0.047565177083015449
decision_type=2 2 2 2 2 2 2
left_child=-1 2 3 -2 5 -3 -6
right_child=1 4 -4 -5 6 -7 -8
leaf_value=0.0015101118030165907 0.00020065029077525749 0.00059379188981093021 0.0010514010427506194 -0.00088142646031381792 6.3574791311757654e-05 -0.00046752621710986097 -0.00047161966706258648
leaf_weight=190 187 475 161 329 11676 1128 138
leaf_count=190 187 475 161 329 11676 1128 138
internal_value=4.57521e-05 2.50905e-05 -0.000734971 -0.00135077 6.41671e-05 -0.00044232 0.000133577
internal_weight=14284 14094 677 516 13417 1603 11814
internal_count=14284 14094 677 516 13417 1603 11814
is_linear=0
shrinkage=0.025


Tree=540
num_leaves=14
num_cat=0
split_feature=33 15 0 8 9 34 35 37 47 9 8 38 22
split_gain=0.943881 1.15757 0.952092 1.62049 1.05777 0.929591 1.8112 1.66257 1.45788 0.934279 0.74426 0.715809 0.490927
threshold=-0.0022674868814647193 0.3706896454095841 -0.010947114787995814 0.034248242154717452 0.03877625614404679 -0.058185368776321404 -0.02406427729874849 0.023057932034134868 0.61023476719856273 0.026450277306139473 0.033875744789838798 -0.093992900103330598 0.73779118061065685
decision_type=2 2 2 2 2 2 2 2 2 2 2 2 2
left_child=1 2 4 -4 -1 6 10 9 -8 -7 -2 -3 -9
right_child=5 11 3 -5 -6 7 8 12 -10 -11 -12 -13 -14
leaf_value=-2.6441553073371511e-06 0.0011258093437062865 -0.00025864584862776225 -0.00010667151808607004 -0.0013623308023560233 0.0028500573198865283 0.00022292952809198496 -0.0001071552898788032 0.0026325631814932506 -0.0016668813866734977 -3.969993288064105e-05 -0.00018578029153988693 -0.0023225466441483484 0.00055530226312567514
leaf_weight=1846 255 214 1412 295 229 4780 278 475 159 3640 186 159 290
leaf_count=1846 255 214 1412 295 229 4780 278 475 159 3640 186 159 290
internal_value=2.03017e-05 -0.000295973 -0.000162068 -0.000599445 0.000195313 0.000151594 -0.000621461 0.000226469 -0.00175622 0.000123887 0.000496076 -0.00161706 0.00133929
internal_weight=14218 4155 3782 1707 2075 10063 878 9185 437 8420 441 373 765
internal_count=14218 4155 3782 1707 2075 10063 878 9185 437 8420 441 373 765
is_linear=0
shrinkage=0.025


Tree=541
num_leaves=12
num_cat=0
split_feature=29 35 42 32 31 10 14 9 31 46 30
split_gain=0.740743 1.18214 1.23997 1.34992 0.98303 0.818426 0.76448 0.624003 0.442285 0.376952 0.000552264
threshold=0.09524793922901155 0.41866117715835577 -0.10341247543692587 1.3056870698928835 1.7704916000366213 0.024885946884751323 0.094827588647604003 0.042499767616391189 2.3361346721649174 0.84346643090248119 0.58894142508506786
decision_type=2 2 2 2 2 2 2 2 2 2 2
left_child=1 2 6 -4 -3 9 -1 -7 -6 10 -2
right_child=5 4 3 -5 8 7 -8 -9 -10 -11 -12
leaf_value=7.568684401542227e-05 0.0032432014794620137 -0.0024683045749211616 6.3903741725476887e-06 -0.00081839287000850115 0.00025860260428991523 -0.00077499661241266725 0.0011656862269786041 0.00061304140310741717 -0.00031899479700432741 3.231897644676654e-05 0.0029645112711143618
leaf_weight=888 138 167 10974 687 121 129 660 168 121 130 154
leaf_count=888 138 167 10974 687 121 129 660 168 121 130 154
internal_value=3.73903e-05 -3.57841e-06 3.71766e-05 -5.06814e-05 -0.00131944 0.000816644 0.000701063 -0.000169702 -0.000258097 0.00151932 0.00201599
internal_weight=14337 13618 13209 11661 409 719 1548 297 242 422 292
internal_count=14337 13618 13209 11661 409 719 1548 297 242 422 292
is_linear=0
shrinkage=0.025


Tree=542
num_leaves=10
num_cat=0
split_feature=31 41 11 45 26 38 35 46 40
split_gain=0.738063 2.32152 1.98622 1.36443 0.762501 0.65423 1.01307 0.600384 0.309204
threshold=0.044596908614039428 0.71101671457290661 0.015710618346929554 0.14343360066413882 0.01235887221992016 -0.29079276323318476 -0.12450252845883368 0.50970512628555309 0.74876791238784801
decision_type=2 2 2 2 2 2 2 2 2
left_child=1 2 -1 -4 8 7 -7 -6 -2
right_child=4 -3 3 -5 5 6 -8 -9 -10
leaf_value=-0.0016489759986733255 6.5572475459691044e-06 0.0010720054992872903 -0.00069417868020705804 0.001178793279800092 -6.5736548660008941e-05 -0.00035806216775501141 3.0067208740827326e-05 0.00088566082663077807 0.0010038029039563399
leaf_weight=151 120 228 123 147 172 767 11935 334 229
leaf_count=151 120 228 123 147 172 767 11935 334 229
internal_value=6.04286e-05 -0.000758792 -0.00185739 -0.000522727 0.000100372 6.91555e-05 3.33479e-05 0.000946673 0.00124647
internal_weight=14206 649 421 270 13557 13208 12702 506 349
internal_count=14206 649 421 270 13557 13208 12702 506 349
is_linear=0
shrinkage=0.025


Tree=543
num_leaves=10
num_cat=0
split_feature=38 3 39 36 46 40 9 42 41
split_gain=0.788227 0.658764 1.32968 1.34403 1.2319 1.16449 1.34345 1.15764 0.309537
threshold=-0.31172589957714075 0.10838513448834421 0.99777343869209301 0.31346818804740911 0.53917121887207042 0.86102840304374706 0.031910076737403877 -0.016204150393605229 0.54158252477645885
decision_type=2 2 2 2 2 2 2 2 2
left_child=8 2 3 -2 -4 6 -3 -7 -1
right_child=1 5 4 -5 -6 7 -8 -9 -10
leaf_value=0.0023447053462487453 -0.00011752939727434685 0.0010129335851026642 0.00031714184791996737 -0.00065584957236756894 -0.0001180230279232652 0.00039067595661230548 -0.00032496569253197554 -0.00015263844329441135 0.0010232602955424508
leaf_weight=151 3015 1652 2044 1008 1273 1622 430 2919 175
leaf_count=151 3015 1652 2044 1008 1273 1622 430 2919 175
internal_value=2.91207e-05 8.95834e-08 -0.000162525 -0.000468284 0.000206577 0.000181239 0.00067022 -4.20699e-05 0.00123489
internal_weight=14289 13963 7340 4023 3317 6623 2082 4541 326
internal_count=14289 13963 7340 4023 3317 6623 2082 4541 326
is_linear=0
shrinkage=0.025


Tree=544
num_leaves=10
num_cat=0
split_feature=24 28 47 22 11 11 46 47 48
split_gain=0.779395 1.58211 1.2986 1.40439 1.06937 1.10915 2.02496 0.863945 0.852515
threshold=19.32110691070557 0.62500000000000011 0.24834922701120379 0.41640599071979528 0.037145419046282775 0.026937469840049747 0.33687943220138555 0.86720469594001781 0.1241746135056019
decision_type=2 2 2 2 2 2 2 2 2
left_child=1 2 8 -4 5 7 -7 -2 -1
right_child=4 -3 3 -5 -6 6 -8 -9 -10
leaf_value=0.003307738076306176 5.7107385302083615e-05 -0.00084765318871494295 6.2495283849019691e-05 -0.00032977550592025256 0.0046681834278532184 0.0012550969257224926 -0.00076143887071379156 0.00063993495286872879 0.00014874184113004702
leaf_weight=210 8602 189 1124 1394 135 237 566 971 752
leaf_count=210 8602 189 1124 1394 135 237 566 971 752
internal_value=8.23935e-05 -0.000230335 -0.000105811 -0.000405767 0.000192207 0.000162195 -0.000725557 0.000237654 0.000670889
internal_weight=14180 3669 3480 2518 10511 10376 803 9573 962
internal_count=14180 3669 3480 2518 10511 10376 803 9573 962
is_linear=0
shrinkage=0.025


Tree=545
num_leaves=15
num_cat=0
split_feature=25 22 33 27 40 13 39 43 35 11 22 21 44 46
split_gain=0.533627 1.10896 1.11098 1.17107 0.966302 1.73783 1.21533 1.30944 1.2566 0.785413 0.684684 0.576269 0.571702 0.351866
threshold=-9.4089488983154279 0.42956253886222845 -0.0022674868814647193 -0.0040009059011936179 1.2342243790626528 -0.28534933924674982 1.123169004917145 0.10415063798427583 0.072850793600082411 0.016333735547959808 0.073147371411323561 33.99695014953614 0.018739487044513229 0.54779189825057995
decision_type=2 2 2 2 2 2 2 2 2 2 2 2 2 2
left_child=4 10 3 -3 6 12 7 -1 -8 -4 13 -12 -6 -2
right_child=1 2 9 -5 5 -7 8 -9 -10 -11 11 -13 -14 -15
leaf_value=-0.00035402982768803688 0.00023069055418840171 0.00082085957396372037 0.00025040578435396799 -0.00050412332504245366 0.0007600678714281664 -0.0024493377966417198 0.0022242167571392326 0.0014644296206621507 -0.0004813107279101538 -2.9097025589945364e-05 0.0013191077687596925 0.00021646917268146519 -0.0014238263416321241 -0.00075979080540780272
leaf_weight=1199 123 362 3401 1746 130 122 277 256 143 3685 451 2145 146 124
leaf_count=1199 123 362 3401 1746 130 122 277 256 143 3685 451 2145 146 124
internal_value=3.79847e-05 0.000104738 -2.8128e-05 -0.000531827 -0.000312226 -0.0014237 -6.98137e-05 -0.00041524 0.00110294 0.000121104 0.000535902 0.000656959 -0.000280249 -0.000699405
internal_weight=14310 12037 9194 2108 2273 398 1875 1455 420 7086 2843 2596 276 247
internal_count=14310 12037 9194 2108 2273 398 1875 1455 420 7086 2843 2596 276 247
is_linear=0
shrinkage=0.025


Tree=546
num_leaves=8
num_cat=0
split_feature=17 31 30 17 4 26 45
split_gain=0.751596 0.751811 1.57136 1.2571 0.880429 1.21361 1.13303
threshold=-0.68598148226737965 0.049381246790289886 0.27437245845794683 -0.281911090016365 -0.12773676961660382 0.014983918517827989 0.057776963338255889
decision_type=2 2 2 2 2 2 2
left_child=-1 2 3 -2 5 -3 -6
right_child=1 4 -4 -5 6 -7 -8
leaf_value=0.0017705347312075106 -0.0006379890208863463 0.0017395474234472644 -0.0024929322111185807 0.00071232016655522633 -0.00088027013378899675 0.00019715961241730955 -1.0804627130692745e-07
leaf_weight=120 265 237 138 283 181 1502 11530
leaf_count=120 265 237 138 283 181 1502 11530
internal_value=1.9897e-05 2.38677e-06 -0.000801375 -0.000178571 4.41287e-05 0.000568377 -3.33944e-05
internal_weight=14256 14136 686 548 13450 1739 11711
internal_count=14256 14136 686 548 13450 1739 11711
is_linear=0
shrinkage=0.025


Tree=547
num_leaves=12
num_cat=0
split_feature=24 34 33 1 40 10 46 11 9 43 9
split_gain=0.658808 1.30879 1.71454 1.92161 1.16278 1.13855 0.99605 0.805197 1.02049 1.23074 1.18106
threshold=19.32110691070557 0.02501173131167889 -0.0033829439198598261 -0.0062333845999091855 1.3337206840515139 0.022799149155616764 0.91303688287734996 0.037145419046282775 0.035114012658596046 -0.071314007043838487 0.035563940182328231
decision_type=2 2 2 2 2 2 2 2 2 2 2
left_child=1 4 3 -3 6 -4 -1 8 9 -2 -10
right_child=7 2 5 -5 -6 -7 -8 -9 10 -11 -12
leaf_value=0.00035882282665456979 -4.9367700602362532e-05 -0.0001077980474855408 -0.00026571888712775387 -0.0021497998276146023 -0.00045464109323682927 0.0017497315154903232 -0.000251980633291067 0.004562499552579119 -0.0019725023279101922 0.00028414178963190616 -0.00016968599883309643
leaf_weight=1805 3480 134 1130 131 156 139 182 137 131 5373 1489
leaf_count=1805 3480 134 1130 131 156 139 182 137 131 5373 1489
internal_value=4.27688e-05 -0.000244772 -0.000801657 -0.00261574 0.000151886 -0.000409144 0.000319403 0.000143076 0.000117031 0.000223103 -0.000457692
internal_weight=14287 3677 1534 265 2143 1269 1987 10610 10473 8853 1620
internal_count=14287 3677 1534 265 2143 1269 1987 10610 10473 8853 1620
is_linear=0
shrinkage=0.025


Tree=548
num_leaves=10
num_cat=0
split_feature=41 40 33 25 48 48 41 46 48
split_gain=0.909836 1.57497 1.18112 0.916986 0.753518 0.747138 0.669707 0.546504 0.716076
threshold=0.31398834288120275 0.46519245207309728 -0.0052721891552209845 7.8909683227539071 0.077035948634147658 0.35326485335826879 0.43032790720462805 0.30429521203041082 0.019258987158536914
decision_type=2 2 2 2 2 2 2 2 2
left_child=2 -2 3 -1 6 -6 -3 -4 -9
right_child=1 4 7 -5 5 -7 -8 8 -10
leaf_value=0.00010048221702655438 -0.0029006854802344829 -0.00012453768293594288 0.0042133715192506343 -0.0018480989353050062 -0.00016521495304656732 2.2134324439619503e-05 0.0037171440172208341 -6.9685431842486122e-05 0.0005996931102617638
leaf_weight=147 178 122 165 166 3337 9155 171 131 758
leaf_count=147 178 122 165 166 3337 9155 171 131 758
internal_value=5.18836e-05 -1.24344e-05 0.000664176 -0.000664308 2.00353e-05 -9.10209e-06 0.00126258 0.00106586 0.000801175
internal_weight=14330 12963 1367 313 12785 12492 293 1054 889
internal_count=14330 12963 1367 313 12785 12492 293 1054 889
is_linear=0
shrinkage=0.025


Tree=549
num_leaves=11
num_cat=0
split_feature=47 26 43 48 17 47 40 31 38 38
split_gain=0.782696 1.12239 1.06082 0.937968 0.807339 0.790899 1.19694 0.994935 0.385566 0.511836
threshold=0.88646370172500621 0.033180890604853637 -0.55635732412338246 0.97212031483650219 1.2917022705078127 0.48606015741825109 0.76477742195129406 0.54629662632942211 -0.010837844572961329 -0.13188617676496503
decision_type=2 2 2 2 2 2 2 2 2 2
left_child=2 8 -1 4 -3 7 -7 -4 9 -2
right_child=1 3 5 -5 -6 6 -8 -9 -10 -11
leaf_value=-0.0013519293479949761 0.00056412064360469849 0.00022113733346640943 -5.8926049963162559e-05 -0.001881534535488643 -0.00027063398642772639 -0.00062358074921700321 -2.1209485114608179e-05 0.00040471645576131042 0.00017136360551180306 0.0020515186274543662
leaf_weight=121 243 570 3724 137 121 797 4703 3316 216 347
leaf_count=121 243 570 3724 137 121 797 4703 3316 216 347
internal_value=3.71504e-05 0.000551403 -2.89159e-05 -8.85353e-05 0.000281968 -5.48018e-06 -0.000230472 0.000169447 0.00121301 0.00154412
internal_weight=14295 1634 12661 828 691 12540 5500 7040 806 590
internal_count=14295 1634 12661 828 691 12540 5500 7040 806 590
is_linear=0
shrinkage=0.025


Tree=550
num_leaves=9
num_cat=0
split_feature=24 31 36 17 43 4 8 4
split_gain=0.58521 0.992638 1.22291 1.17257 2.22924 1.04439 1.0266 0.638689
threshold=54.562639236450202 2.6633386611938481 0.49264408648014074 0.91086941957473766 -0.1517279967665672 0.73751372098922741 0.03682281821966172 0.61948761343956005
decision_type=2 2 2 2 2 2 2 2
left_child=1 3 6 5 -5 -1 -3 -2
right_child=7 2 -4 4 -6 -7 -8 -9
leaf_value=1.2052302936837041e-05 3.8796868563009627e-06 0.00035872254474999735 -0.0018394644527645035 -0.0018015781449610719 0.0010073826558755308 -0.0011294455475219162 -0.00091535724517580706 0.0024272770126271778
leaf_weight=11513 219 331 202 163 1077 271 228 225
leaf_count=11513 219 331 202 163 1077 271 228 225
internal_value=6.6127e-05 3.67115e-05 -0.000837141 8.85526e-05 0.000818273 1.09213e-05 -0.000214982 0.0009549
internal_weight=14229 13785 761 13024 1240 11784 559 444
internal_count=14229 13785 761 13024 1240 11784 559 444
is_linear=0
shrinkage=0.025


Tree=551
num_leaves=12
num_cat=0
split_feature=22 32 21 48 14 0 25 25 20 40 40
split_gain=0.699123 1.56011 1.11972 1.01928 0.834269 0.73757 0.654207 0.708402 0.679816 0.597964 0.398127
threshold=0.82705175876617443 0.64325553178787243 78.074462890625014 0.3706896454095841 0.90517240762710582 0.0049646208062767991 22.415547370910648 19.028967857360843 0.266266480088234 0.84137067198753368 0.89210772514343273
decision_type=2 2 2 2 2 2 2 2 2 2 2
left_child=6 5 3 -3 -4 -2 7 8 -1 -9 -8
right_child=1 2 4 -5 -6 -7 10 9 -10 -11 -12
leaf_value=3.1772516532182994e-06 -0.0011837178494170009 -0.00065841195787680101 0.0021669291472128541 9.9994108640483333e-06 -4.9437999428326632e-05 -0.0006251696714322882 0.0021874558626247052 0.000406657425705734 0.00036598997128344988 -0.0010988296761302169 0.00059149164588853914
leaf_weight=7370 145 955 588 1456 395 188 141 120 2474 218 225
leaf_count=7370 145 955 588 1456 395 188 141 120 2474 218 225
internal_value=3.19504e-05 -0.000261589 -9.81905e-05 -0.00038959 0.000608553 -0.0018824 0.000136336 9.80417e-05 0.000137451 -0.00101676 0.00116914
internal_weight=14275 3727 3394 2411 983 333 10548 10182 9844 338 366
internal_count=14275 3727 3394 2411 983 333 10548 10182 9844 338 366
is_linear=0
shrinkage=0.025


Tree=552
num_leaves=14
num_cat=0
split_feature=37 36 3 9 40 37 16 36 36 36 44 47 41
split_gain=0.705356 1.13662 1.64445 1.67759 1.05304 0.954424 2.13191 4.0474 1.3093 3.24512 1.24525 0.401303 0.147154
threshold=0.0090470421127975004 -0.01124499551951885 0.25833913683891302 0.024697861634194854 0.82468348741531383 0.010713704396039249 0.027689098380506042 0.25546276569366461 0.22977772355079654 0.31346818804740911 0.036924656480550773 0.73275861144065868 0.64417663216590892
decision_type=2 2 2 2 2 2 2 2 2 2 2 2 2
left_child=1 4 3 -3 -1 6 7 -2 10 -10 -7 -4 -6
right_child=5 2 11 -5 12 8 -8 -9 9 -11 -12 -13 -14
leaf_value=-0.00020500000760843341 -8.859649221410944e-05 9.2896422407719954e-05 0.00040806330568016565 -0.0010481194741605525 0.0051969481714466727 -9.8163495173652138e-05 0.0024614078639867802 -0.0021531552910295424 0.0024758554861786589 -1.3212999025547931e-05 0.0013215729742635672 0.0023034640223507097 0.0026311737685087355
leaf_weight=146 1202 908 265 402 274 4963 221 254 1327 3679 225 248 122
leaf_count=146 1202 908 265 402 274 4963 221 254 1327 3679 225 248 122
internal_value=1.9925e-05 0.00041403 0.000110093 -0.000356464 0.00141453 -5.82055e-05 -0.000610137 -0.000960814 3.22336e-05 0.000321044 -0.000245282 0.0013055 0.00207918
internal_weight=14236 2365 1823 1310 542 11871 1677 1456 10194 5006 5188 513 396
internal_count=14236 2365 1823 1310 542 11871 1677 1456 10194 5006 5188 513 396
is_linear=0
shrinkage=0.025


Tree=553
num_leaves=13
num_cat=0
split_feature=27 27 46 36 17 12 17 35 38 31 5 3
split_gain=0.783544 1.66959 1.0382 1.06956 1.08545 0.888617 0.879154 0.908895 0.881473 0.872319 1.28704 0.73956
threshold=0.00082375237252563249 0.0010243555880151691 0.61552816629409801 0.52496865391731273 0.67885425686836254 -0.3040268719196319 0.92756175994873058 0.41247424483299261 -0.028170658275485035 0.22049009799957278 0.14437396079301837 0.063492912799119963
decision_type=2 2 2 2 2 2 2 2 2 2 2 2
left_child=2 11 3 5 -5 -1 7 -3 -8 -4 -11 -2
right_child=1 6 9 4 -6 -7 8 -9 -10 10 -12 -13
leaf_value=-0.00049188904157194643 -0.00030404623171265068 -3.1717586132150683e-05 0.0016251951000271676 -0.0020376967602179631 0.00050530749590314871 0.00052850369529480984 0.0020358718226163278 -0.0012909128200579486 -1.0842719554216826e-05 -0.00084017665674271055 -4.6278833616279887e-05 -0.0013371360522077742
leaf_weight=187 122 6595 141 127 130 3297 503 234 489 132 2167 120
leaf_count=187 122 6595 141 127 130 3297 503 234 489 132 2167 120
internal_value=5.5268e-06 -0.000156327 0.000217629 0.000479512 -0.00105439 0.000595801 -9.15218e-05 -0.000193335 0.000600552 -0.000181493 -0.000302192 -0.00218117
internal_weight=14244 8063 6181 3741 257 3484 7821 6829 992 2440 2299 242
internal_count=14244 8063 6181 3741 257 3484 7821 6829 992 2440 2299 242
is_linear=0
shrinkage=0.025


Tree=554
num_leaves=8
num_cat=0
split_feature=44 44 8 44 40 39 12
split_gain=0.947522 0.827537 0.854543 1.74695 0.98584 0.763751 0.614486
threshold=0.047565177083015449 0.036924656480550773 0.03710818104445935 0.028646077960729602 1.3124855756759646 1.0603932142257693 -0.13282127678394315
decision_type=2 2 2 2 2 2 2
left_child=1 2 4 -4 -1 6 -3
right_child=-2 5 3 -5 -6 -7 -8
leaf_value=3.5511579176144245e-05 -0.00025584007085239688 0.00050915357210307274 9.284928281410054e-06 -0.0011782169189966324 -0.00026183836445932608 0.0038076733544461384 -0.00040497353062910808
leaf_weight=11272 168 121 939 554 908 201 130
leaf_count=11272 168 121 939 554 908 201 130
internal_value=-3.22597e-05 -9.28865e-06 -4.46885e-05 -0.000608311 2.41076e-05 0.00103665 8.30079e-05
internal_weight=14293 14125 13673 1493 12180 452 251
internal_count=14293 14125 13673 1493 12180 452 251
is_linear=0
shrinkage=0.025


Tree=555
num_leaves=8
num_cat=0
split_feature=13 36 31 20 40 47 21
split_gain=0.729045 0.838319 0.827175 0.722056 1.82986 1.51295 0.212491
threshold=-0.49398656189441675 -0.15085972100496289 0.0069846829865127811 0.37207975983619695 0.88485586643219005 0.8479457199573518 39.099832534790046
decision_type=2 2 2 2 2 2 2
left_child=1 -1 -2 5 -5 -4 -3
right_child=2 6 3 4 -6 -7 -8
leaf_value=-0.00030827147147714014 -0.0003500490982980668 0.0013507932060362272 -6.544808318243555e-05 0.0009322603301547619 -1.7357292226109993e-05 0.00043597186464014795 0.001834640074713442
leaf_weight=123 145 122 9392 1173 2072 1078 183
leaf_count=123 145 122 9392 1173 2072 1078 183
internal_value=2.71121e-06 0.00101328 -2.83988e-05 -7.74408e-06 0.000317308 -0.000109188 0.00171371
internal_weight=14288 428 13860 13715 3245 10470 305
internal_count=14288 428 13860 13715 3245 10470 305
is_linear=0
shrinkage=0.025


Tree=556
num_leaves=15
num_cat=0
split_feature=37 42 46 37 21 47 11 35 35 32 44 43 46 48
split_gain=0.66137 1.12176 1.2729 0.94874 1.79639 1.45901 1.36911 1.23357 2.35568 2.15345 0.773232 0.659256 1.50458 0.310093
threshold=0.024521977640688423 0.031621400266885764 0.46082879602909094 0.016778284683823589 59.525436401367195 0.91434335708618175 0.012628205586224796 0.13010810315608981 0.15689333528280261 0.83254906535148632 0.028791630640625957 -0.13815139234066007 0.31746919453144079 0.61023476719856273
decision_type=2 2 2 2 2 2 2 2 2 2 2 2 2 2
left_child=3 11 -3 7 5 -5 -6 9 -9 -1 -4 12 -2 -13
right_child=1 2 10 4 6 -7 -8 8 -10 -11 -12 13 -14 -15
leaf_value=-4.7341457864243684e-05 0.0023358410932515432 -0.0013385043193220915 0.0011807610973890029 -0.00020469127444861223 -0.0014796480416392876 -0.0014854616274394875 0.00056468473475577009 -0.0011058771189087957 3.6085779067634688e-05 0.00064733149513267131 -0.00054161403147919549 0.0040683502265778798 -0.0019784952761181074 0.0019408752492146915
leaf_weight=2464 251 162 283 1789 146 155 1031 781 3440 3030 126 341 126 228
leaf_count=2464 251 162 283 1789 146 155 1031 781 3440 3030 126 341 126 228
internal_value=4.01345e-05 0.000533016 -0.000332031 -1.78139e-05 -0.000397073 -0.000863904 0.000369078 0.000103524 -0.000216812 0.000350746 0.00040157 0.00106073 0.000225785 0.00159625
internal_weight=14353 1517 571 12836 3121 1944 1177 9715 4221 5494 409 946 377 569
internal_count=14353 1517 571 12836 3121 1944 1177 9715 4221 5494 409 946 377 569
is_linear=0
shrinkage=0.025


Tree=557
num_leaves=5
num_cat=0
split_feature=40 40 41 36
split_gain=0.736731 0.969911 1.12247 0.91343
threshold=0.37317341566085821 0.44542901217937475 0.086012769490480437 -0.19711299985647199
decision_type=2 2 2 2
left_child=-1 -2 -3 -4
right_child=1 2 3 -5
leaf_value=0.00067148077647812389 -0.0010831333963177059 -0.00028223942811750569 -0.00028908534541445698 6.5704084753489921e-06
leaf_weight=228 216 125 755 12968
leaf_count=228 216 125 755 12968
internal_value=-4.64257e-05 -6.99231e-05 -4.32216e-05 -2.08515e-05
internal_weight=14292 14064 13848 13723
internal_count=14292 14064 13848 13723
is_linear=0
shrinkage=0.025


Tree=558
num_leaves=8
num_cat=0
split_feature=44 9 9 29 47 10 47
split_gain=0.8179 0.900186 1.04159 1.61894 0.950054 0.666926 0.271023
threshold=0.047565177083015449 0.040868623182177551 0.034923322498798377 0.039847215637564666 0.88646370172500621 0.019296993501484398 0.95286133885383617
decision_type=2 2 2 2 2 2 2
left_child=1 2 4 -4 -1 -3 -7
right_child=-2 5 3 -5 -6 6 -8
leaf_value=2.4254834270179607e-05 -0.00026771453637959737 -5.7576900851522467e-05 0.0029118095757371819 -0.00053613395175796058 0.0011213528045444475 0.0020510806866729731 0.00034037945880460626
leaf_weight=11456 173 197 132 1326 490 334 188
leaf_count=11456 173 197 132 1326 490 334 188
internal_value=7.40334e-05 9.56435e-05 4.87547e-05 -0.000580143 0.000126245 0.000954765 0.00142078
internal_weight=14296 14123 13404 1458 11946 719 522
internal_count=14296 14123 13404 1458 11946 719 522
is_linear=0
shrinkage=0.025


Tree=559
num_leaves=7
num_cat=0
split_feature=17 40 11 12 34 34
split_gain=0.933403 2.05053 0.860509 0.877548 2.15422 0.763278
threshold=1.3742074370384219 0.85280367732048046 0.037145419046282775 -0.29302370548248285 -0.0020575963426381345 0.16754657775163653
decision_type=2 2 2 2 2 2
left_child=2 -2 3 4 -1 -5
right_child=1 -3 -4 5 -6 -7
leaf_value=5.7920136986019238e-06 -0.0023363744352434468 0.00057044502646160888 0.0044006817610009906 -9.3666577020002072e-06 -0.0012325646037755925 0.00046690150864144708
leaf_weight=422 122 206 145 12175 174 959
leaf_count=422 122 206 145 12175 174 959
internal_value=-3.95023e-05 -0.0013476 -7.65481e-06 -2.86675e-05 -0.000962978 1.36046e-05
internal_weight=14203 328 13875 13730 596 13134
internal_count=14203 328 13875 13730 596 13134
is_linear=0
shrinkage=0.025


Tree=560
num_leaves=10
num_cat=0
split_feature=35 9 40 44 44 13 44 5 36
split_gain=0.672822 1.68548 1.98259 1.14302 1.08446 1.01611 1.76156 1.35493 0.695936
threshold=-0.12755776196718213 0.046365726739168174 0.85280367732048046 0.047565177083015449 0.017105491831898693 -0.20816572010517118 0.012745491694658996 1.0959855914115908 -0.15085972100496289
decision_type=2 2 2 2 2 2 2 2 2
left_child=1 2 8 5 -4 7 -7 -2 -1
right_child=3 -3 4 -5 -6 6 -8 -9 -10
leaf_value=-0.0016352569335526205 0.00024260643539009163 0.0046329373790791788 4.9114168259254034e-06 -0.00030209547971523856 -0.001236483076760117 -0.00100315298406503 1.3630784068613932e-05 -0.00053214581164546593 0.00094642208851379811
leaf_weight=124 4188 120 162 143 408 553 8171 128 258
leaf_count=124 4188 120 162 143 408 553 8171 128 258
internal_value=3.0242e-05 -0.00056987 -0.000928683 7.97127e-05 -0.0018587 0.000104925 -4.96906e-05 0.000418595 0.000448966
internal_weight=14255 1072 952 13183 570 13040 8724 4316 382
internal_count=14255 1072 952 13183 570 13040 8724 4316 382
is_linear=0
shrinkage=0.025


Tree=561
num_leaves=8
num_cat=0
split_feature=12 3 24 43 10 17 15
split_gain=0.578648 0.933176 1.4411 0.915538 0.619489 1.18583 0.664472
threshold=-0.39291308820247645 -0.27341417968273157 23.565312385559086 -0.2239316180348396 0.034795505926013 0.79695835709571849 0.060344828292727477
decision_type=2 2 2 2 2 2 2
left_child=-1 2 -2 -4 6 -6 -3
right_child=1 4 3 -5 5 -7 -8
leaf_value=0.0021729452600660025 -0.00099425554352047373 -0.00081317914697736379 0.00047809874198718517 -0.00073638586259926024 -0.0010909494664137983 0.0012403623353893388 4.2249435292684054e-05
leaf_weight=149 194 160 202 171 211 174 12949
leaf_count=149 194 160 202 171 211 174 12949
internal_value=4.17693e-05 2.46162e-05 -0.000963724 -2.97618e-05 6.69495e-05 -0.000913461 9.65572e-05
internal_weight=14210 14061 567 373 13494 385 13109
internal_count=14210 14061 567 373 13494 385 13109
is_linear=0
shrinkage=0.025


Tree=562
num_leaves=15
num_cat=0
split_feature=47 48 3 13 19 38 31 48 37 46 43 28 43 38
split_gain=0.82193 1.30407 1.39526 1.70163 1.32374 1.3407 1.23055 1.11422 1.15259 1.04822 3.09373 1.08338 0.891791 0.144657
threshold=0.19057226926088336 0.29548789560794836 0.1399677246809006 -0.26030670106410975 -0.081322301179170595 -0.12049678713083266 0.86692318320274364 0.1241746135056019 0.0094606340862810629 0.70194101333618175 0.12072477117180826 0.47499999403953558 0.014615777879953386 -0.027242497541010376
decision_type=2 2 2 2 2 2 2 2 2 2 2 2 2 2
left_child=7 2 3 -2 5 -3 -6 8 -1 11 -11 -9 -4 -10
right_child=1 4 12 -5 6 -7 -8 9 13 10 -12 -13 -14 -15
leaf_value=-0.0006850448896829445 7.4164359168523268e-05 -7.6443994448618189e-06 -0.0012751785058902137 -0.0012066636384162968 0.00024914383618153337 -0.0010600092289005693 -3.33247499489025e-05 0.0008204553562890975 0.0031372617934649211 -0.002087735484077246 0.0013955811967529363 -0.00011675060864081623 0.00012335480557464375 0.00032512051762175717
leaf_weight=125 407 901 217 801 3951 416 3581 802 440 130 153 1018 1258 132
leaf_count=125 407 901 217 801 3951 416 3581 802 440 130 153 1018 1258 132
internal_value=5.04814e-05 -4.23636e-05 -0.000525018 -0.00115313 0.000103484 -0.000625 0.000232022 0.000434492 0.00129808 0.000142908 -0.00125434 0.000366438 -4.22288e-06 0.00177426
internal_weight=14332 11532 2683 1208 8849 1317 7532 2800 697 2103 283 1820 1475 572
internal_count=14332 11532 2683 1208 8849 1317 7532 2800 697 2103 283 1820 1475 572
is_linear=0
shrinkage=0.025


Tree=563
num_leaves=11
num_cat=0
split_feature=31 43 40 3 20 40 39 20 43 25
split_gain=0.737522 1.67789 1.24909 1.10675 1.288 1.38809 1.21865 0.992084 0.883026 0.568298
threshold=2.3361346721649174 0.012268173042684795 0.8083191215991975 0.54610511660575878 0.37207975983619695 0.88485586643219005 0.90176171064376842 0.76725116372108471 0.32110843062400823 18.118381500244144
decision_type=2 2 2 2 2 2 2 2 2 2
left_child=3 -2 9 4 8 -6 -5 -4 -1 -3
right_child=1 2 7 6 5 -7 -8 -9 -10 -11
leaf_value=5.776086696359095e-06 -0.001538647771116759 -0.0011864947903277132 -0.00018746766156752247 2.8822807532918375e-06 0.0019842681325554978 0.00012985627552839057 -0.0020891335888399763 0.0017697340284369069 -0.00037418814555164985 -0.00013537305755626343
leaf_weight=10440 126 123 558 142 657 1217 120 340 406 121
leaf_count=10440 126 123 558 142 657 1217 120 340 406 121
internal_value=-1.35916e-05 -0.000588177 -0.00027354 4.22539e-05 7.61298e-05 0.000680548 -0.00154963 0.000153655 -2.79927e-05 -0.00184237
internal_weight=14250 1268 1142 12982 12720 1874 262 898 10846 244
internal_count=14250 1268 1142 12982 12720 1874 262 898 10846 244
is_linear=0
shrinkage=0.025


Tree=564
num_leaves=9
num_cat=0
split_feature=37 35 35 34 16 38 31 6
split_gain=0.752177 0.66398 1.50172 1.51172 1.48602 1.0179 1.09807 0.750027
threshold=0.0070376950316131124 0.1787853613495827 0.11429632455110551 0.086892414838075652 0.018375191837549213 -0.078122343868017183 0.28675115108489996 0.046811372041702277
decision_type=2 2 2 2 2 2 2 2
left_child=-1 2 3 -2 -4 7 -7 -3
right_child=1 5 4 -5 -6 6 -8 -9
leaf_value=0.0062919914203114768 7.2909339698784296e-05 0.0048081399915194181 0.00031610641181951016 -0.00034129502361738781 -0.00076323041478215203 -0.0011865053970687 5.7579286115896721e-05 6.920458762805869e-05
leaf_weight=120 6653 314 601 883 1609 178 3751 183
leaf_count=120 6653 314 601 883 1609 178 3751 183
internal_value=1.91475e-05 1.67534e-06 -0.000113193 5.42038e-05 -0.000685666 0.000255868 0.000118518 0.00131723
internal_weight=14292 14172 9746 7536 2210 4426 3929 497
internal_count=14292 14172 9746 7536 2210 4426 3929 497
is_linear=0
shrinkage=0.025


Tree=565
num_leaves=9
num_cat=0
split_feature=39 40 46 43 4 40 9 44
split_gain=0.542958 0.683244 2.24859 3.23506 1.89129 1.77779 1.37922 0.977884
threshold=0.10080933943390848 0.76724120974540722 0.75650331377983104 0.15064332634210589 0.15903030335903171 0.86102840304374706 0.025854485109448436 0.031744487583637244
decision_type=2 2 2 2 2 2 2 2
left_child=-1 2 4 -4 -2 7 -7 -3
right_child=1 5 3 -5 -6 6 -8 -9
leaf_value=-0.00013943287770433211 -0.00030136750427059168 0.0014418097386237976 -0.002080312960299755 -7.1545206666363934e-05 0.0013146793156025047 0.00014913245087331086 -9.1261119338632488e-05 -0.0008845682755728618
leaf_weight=140 1268 1839 274 522 667 3993 5501 121
leaf_count=140 1268 1839 274 522 667 3993 5501 121
internal_value=1.26484e-05 2.86294e-05 -0.000325749 -0.00144039 0.000132088 0.000113775 -2.72396e-05 0.000798346
internal_weight=14325 14185 2731 796 1935 11454 9494 1960
internal_count=14325 14185 2731 796 1935 11454 9494 1960
is_linear=0
shrinkage=0.025


Tree=566
num_leaves=11
num_cat=0
split_feature=33 33 35 9 43 39 44 16 35 35
split_gain=0.65248 1.09144 1.4122 2.08282 0.846739 2.07187 1.26402 0.722002 0.801091 0.936298
threshold=0.012447750661522152 0.010536298621445896 -0.036298297345638268 0.024243362247943882 0.066761393100023284 0.89657261967659008 0.02007207274436951 0.033253720030188567 0.41866117715835577 0.1787853613495827
decision_type=2 2 2 2 2 2 2 2 2 2
left_child=1 4 -3 -4 5 -1 -6 8 9 -2
right_child=7 2 3 -5 6 -7 -8 -9 -10 -11
leaf_value=-0.00052532458910211797 0.00019702410886777226 0.00089115587588215568 0.00018512547000597507 -0.0015302089581431431 0.00090897763919168943 4.724073069069703e-05 -3.7861739167289126e-06 -0.00063187127026405679 -0.00065484650405094676 0.0022219057260966539
leaf_weight=2530 1672 135 141 216 1460 4200 2878 176 206 665
leaf_count=2530 1672 135 141 216 1460 4200 2878 176 206 665
internal_value=4.31428e-05 -3.837e-05 -0.00118461 -0.00200622 1.25306e-05 -0.000162398 0.000285229 0.000391428 0.000500883 0.000634607
internal_weight=14279 11560 492 357 11068 6730 4338 2719 2543 2337
internal_count=14279 11560 492 357 11068 6730 4338 2719 2543 2337
is_linear=0
shrinkage=0.025


Tree=567
num_leaves=9
num_cat=0
split_feature=17 44 44 35 40 40 31 40
split_gain=0.633097 1.49709 0.784078 0.885963 1.44749 1.02406 0.70875 1.41162
threshold=1.3742074370384219 0.028791630640625957 0.037830190733075149 -0.12450252845883368 0.96010982990264904 1.3124855756759646 1.7704916000366213 1.1040381193161013
decision_type=2 2 2 2 2 2 2 2
left_child=2 -2 3 4 -1 -5 7 -4
right_child=1 -3 6 5 -6 -7 -8 -9
leaf_value=9.4261080570002192e-05 0.0016587492843995991 -0.0016360867184064644 -0.00036479726385169194 5.7841225469365858e-05 -0.00060533776499977453 -0.00023772600956344678 0.0023517268388897959 0.0030042430165020534
leaf_weight=554 127 202 121 11460 475 960 202 127
leaf_count=554 127 202 121 11460 475 960 202 127
internal_value=3.78523e-05 -0.00103668 6.41004e-05 2.90807e-05 -0.000673356 8.80283e-05 0.00108516 0.000153162
internal_weight=14228 329 13899 13449 1029 12420 450 248
internal_count=14228 329 13899 13449 1029 12420 450 248
is_linear=0
shrinkage=0.025


Tree=568
num_leaves=9
num_cat=0
split_feature=37 29 39 13 36 35 31 28
split_gain=0.734452 0.65029 0.943487 0.898264 0.866365 2.16667 1.47338 0.306573
threshold=0.0071931711863726386 0.028214073739945892 0.98616981506347667 -0.35378421843051905 0.21809379011392596 0.099443349987268462 1.0457134246826174 0.47499999403953558
decision_type=2 2 2 2 2 2 2 2
left_child=-1 2 3 -2 5 -3 -6 -4
right_child=1 4 7 -5 6 -7 -8 -9
leaf_value=0.0019907632382164396 -0.0010230860615559423 5.5089734248272643e-06 0.0025409245127979855 0.00015960999778320768 0.00058674980362841405 -0.00062448588333242211 -7.5026686663087132e-05 0.00015120555714611805
leaf_weight=166 168 4449 325 901 2841 1744 3506 177
leaf_count=166 168 4449 325 901 2841 1744 3506 177
internal_value=3.05455e-05 1.03607e-05 0.000489372 6.16854e-05 -4.93223e-05 -0.000259963 0.000155266 0.00137821
internal_weight=14277 14111 1571 1069 12540 6193 6347 502
internal_count=14277 14111 1571 1069 12540 6193 6347 502
is_linear=0
shrinkage=0.025


Tree=569
num_leaves=10
num_cat=0
split_feature=37 14 25 8 15 37 19 37 8
split_gain=0.513443 0.695597 1.07062 0.785125 0.58932 0.648498 1.43568 0.964308 0.552147
threshold=0.026796324178576473 0.3706896454095841 -11.129111766815184 0.039761023595929153 0.060344828292727477 0.016557741910219196 0.084192980080842986 0.013694727793335916 0.03513577580451966
decision_type=2 2 2 2 2 2 2 2 2
left_child=4 8 -3 -4 -1 7 -7 -6 -2
right_child=1 2 3 -5 5 6 -8 -9 -10
leaf_value=-0.00098346883606615829 0.00073286858326696968 -0.00099344482190735252 0.0020957068435837841 -0.00012633730835621415 -4.2418974052324578e-06 -0.00030457166338161869 0.00034956373745966961 0.00038109578750884744 0.002926770313672819
leaf_weight=152 163 181 309 335 6916 2310 1209 2492 261
leaf_count=152 163 181 309 335 6916 2310 1209 2492 261
internal_value=4.80535e-05 0.0005313 9.78917e-05 0.00058359 1.24207e-06 2.02019e-05 -0.000268516 0.000128944 0.00134907
internal_weight=14328 1249 825 644 13079 12927 3519 9408 424
internal_count=14328 1249 825 644 13079 12927 3519 9408 424
is_linear=0
shrinkage=0.025


Tree=570
num_leaves=12
num_cat=0
split_feature=36 11 4 31 37 8 25 33 38 17 24
split_gain=0.7307 1.74039 1.10876 1.14739 1.00835 0.951686 0.945143 0.906487 1.0503 0.830422 0.476488
threshold=0.49588042497634893 0.015600595623254778 0.36704628169536596 2.6633386611938481 0.023057932034134868 0.029101388528943065 -10.862709522247313 0.019819957204163078 -0.098947938531637178 0.91086941957473766 41.287851333618171
decision_type=2 2 2 2 2 2 2 2 2 2 2
left_child=4 10 -3 -4 7 -6 -7 9 -9 -1 -2
right_child=1 2 3 -5 5 6 -8 8 -10 -11 -12
leaf_value=-9.3432412871037041e-06 0.0026921427132553816 -0.0020838852652151681 -2.8157498731318103e-05 -0.0016347803732688283 0.0032359937796183971 -0.00037651556123197919 0.0010457321833964078 -0.0012563712819605756 -0.00012134931202731119 0.00040956286750984264 3.5136759811424671e-05
leaf_weight=9865 150 209 621 163 238 318 955 142 413 1073 156
leaf_count=9865 150 209 621 163 238 318 955 142 413 1073 156
internal_value=1.05711e-05 -0.000553106 -0.00106338 -0.000613118 6.75495e-05 0.000673648 0.000392214 -1.18498e-05 -0.000993303 3.78097e-05 0.00107315
internal_weight=14303 1299 993 784 13004 1511 1273 11493 555 10938 306
internal_count=14303 1299 993 784 13004 1511 1273 11493 555 10938 306
is_linear=0
shrinkage=0.025


Tree=571
num_leaves=7
num_cat=0
split_feature=30 24 17 7 7 14
split_gain=0.519795 0.563452 0.716597 0.668066 1.00286 0.303424
threshold=-1.4915761351585386 54.562639236450202 0.89352002739906322 -0.063009049743413911 -0.039337893947958939 0.91434335708618175
decision_type=2 2 2 2 2 2
left_child=-1 3 5 -2 -5 -3
right_child=1 2 -4 4 -6 -7
leaf_value=0.00055694707610747267 0.0016953942668006105 0.0025201805603447805 -0.00055174257956951763 -0.00073651382872211095 -2.0716629395918443e-06 9.7091718219510553e-05
leaf_weight=222 138 206 121 425 13017 123
leaf_count=222 138 206 121 425 13017 123
internal_value=1.92012e-05 0 0.000865385 -2.89841e-05 -4.75012e-05 0.00147081
internal_weight=14252 14030 450 13580 13442 329
internal_count=14252 14030 450 13580 13442 329
is_linear=0
shrinkage=0.025


Tree=572
num_leaves=10
num_cat=0
split_feature=29 29 45 40 8 35 9 47 31
split_gain=0.558764 4.3224 1.47441 1.03912 0.960395 0.902595 1.08831 0.880709 0.31779
threshold=0.094266869127750411 0.092175439000129714 0.99137932062149059 1.1370488405227663 0.03710818104445935 -0.12755776196718213 0.029169738292694095 0.88646370172500621 2.4170376062393193
decision_type=2 2 2 2 2 2 2 2 2
left_child=1 5 3 4 -2 6 -1 -7 -5
right_child=2 -3 -4 8 -6 7 -8 -9 -10
leaf_value=4.3791511820627094e-05 0.00066467193374256063 -0.001800319580020188 -0.0010517737762341713 0.0038540195283814221 -0.00010992444402329739 1.8116855693600377e-06 -0.00083123605235350506 0.00048401614325325809 0.0007812561403059662
leaf_weight=433 564 222 133 376 684 10489 445 897 121
leaf_count=433 564 222 133 376 684 10489 445 897 121
internal_value=3.74078e-06 -5.63405e-05 0.000405603 0.000603572 0.000210495 6.41871e-06 -0.000763024 6.66097e-05 0.00156624
internal_weight=14364 12486 1878 1745 1248 12264 878 11386 497
internal_count=14364 12486 1878 1745 1248 12264 878 11386 497
is_linear=0
shrinkage=0.025


Tree=573
num_leaves=9
num_cat=0
split_feature=11 40 25 29 17 12 34 9
split_gain=0.558002 0.623148 1.80088 1.90573 1.14906 0.753435 1.62535 1.26031
threshold=0.037145419046282775 1.2387296557426455 -9.8583049774169904 0.054441694170236594 0.89352002739906322 -0.16731657832860944 0.029888775199651722 0.034505091607570655
decision_type=2 2 2 2 2 2 2 2
left_child=1 5 3 -3 -4 6 -1 -7
right_child=-2 2 4 -5 -6 7 -8 -9
leaf_value=0.00063676604831977069 0.0018496311394263305 -0.00021951929189931979 -3.9667754452509918e-05 -0.0030210993209047513 0.0024943959855872385 5.5405892028135814e-05 -0.00014755184336995525 -0.00068307858074044569
leaf_weight=1998 164 226 1267 122 208 8544 624 1121
leaf_count=1998 164 226 1267 122 208 8544 624 1121
internal_value=7.20465e-05 5.44634e-05 -0.00037541 -0.00197946 4.22307e-06 0.000118878 0.000494385 1.61583e-05
internal_weight=14274 14110 1823 348 1475 12287 2622 9665
internal_count=14274 14110 1823 348 1475 12287 2622 9665
is_linear=0
shrinkage=0.025


Tree=574
num_leaves=9
num_cat=0
split_feature=35 7 42 32 44 47 14 44
split_gain=0.621442 1.13199 1.04893 1.51974 0.756371 0.964369 1.09006 0.678417
threshold=-0.12755776196718213 -0.020972752012312409 0.069093219935894026 1.0902980566024782 0.047565177083015449 0.88646370172500621 0.97212031483650219 0.028977220878005031
decision_type=2 2 2 2 2 2 2 2
left_child=1 -1 3 -3 5 6 -2 -7
right_child=4 2 -4 -5 -6 7 -8 -9
leaf_value=0.00052710811568252864 7.6484275573066465e-07 -0.0011288866792173626 0.00085872230176326089 4.09899525409432e-05 -0.00023434016069316419 0.0016646196664297731 -0.0011995735597990873 0.00013440714030630993
leaf_weight=189 11506 443 208 228 136 463 242 895
leaf_count=189 11506 443 208 228 136 463 242 895
internal_value=-2.57596e-05 -0.000604613 -0.000985577 -0.00146635 2.06651e-05 4.07102e-05 -3.18003e-05 0.000670396
internal_weight=14310 1068 879 671 13242 13106 11748 1358
internal_count=14310 1068 879 671 13242 13106 11748 1358
is_linear=0
shrinkage=0.025


Tree=575
num_leaves=12
num_cat=0
split_feature=33 45 22 27 41 5 38 31 47 16 5
split_gain=0.758425 0.963639 0.968633 1.17453 0.888707 1.08344 0.942836 1.24057 1.21148 0.76427 0.628876
threshold=-0.0027383277192711826 0.038517974317073829 0.44518397748470312 -0.0040009059011936179 0.29422789812088018 0.28587108850479132 -0.17115406692028043 0.91667494177818309 0.91434335708618175 0.020106177777051929 0.5160295069217683
decision_type=2 2 2 2 2 2 2 2 2 2 2
left_child=1 -1 9 -4 5 -2 8 -8 -6 -3 -7
right_child=4 2 3 -5 6 10 7 -9 -10 -11 -12
leaf_value=-0.00110698063350595 0.0022262125800374313 0.00063200643157358932 0.00073249444645910502 -0.00054174556142553404 -8.5460919161989033e-05 -0.00019645505219069716 0.00030511711220420441 -4.0947904983612157e-05 -0.0013740587274966871 -3.7575959339981083e-05 0.00021756919113652114
leaf_weight=124 260 601 343 1574 1684 152 4095 3527 124 1290 495
leaf_count=124 260 601 343 1574 1684 152 4095 3527 124 1290 495
internal_value=3.09129e-05 -0.000263843 -0.000189811 -0.000585978 0.00014371 0.000889529 7.08798e-05 0.000193228 -0.000440568 0.000208993 0.000324003
internal_weight=14269 3932 3808 1917 10337 907 9430 7622 1808 1891 647
internal_count=14269 3932 3808 1917 10337 907 9430 7622 1808 1891 647
is_linear=0
shrinkage=0.025


Tree=576
num_leaves=8
num_cat=0
split_feature=37 42 28 46 3 48 46
split_gain=0.602886 0.536958 0.890536 0.996497 0.769501 0.68025 0.247956
threshold=0.0071931711863726386 -0.10173759236931799 0.47499999403953558 0.21164613962173465 -0.32277393341064448 0.97212031483650219 0.70194101333618175
decision_type=2 2 2 2 2 2 2
left_child=-1 2 3 -2 -3 -6 -4
right_child=1 4 6 -5 5 -7 -8
leaf_value=0.001933278616839818 0.00058703985083674722 -0.00054732851265357023 0.001159879009936813 -0.00015567312144652745 9.9602003331815397e-06 -0.00037232308410716875 5.4660272180189162e-05
leaf_weight=167 399 239 387 837 11778 337 127
leaf_count=167 399 239 387 837 11778 337 127
internal_value=4.70196e-05 2.86166e-05 0.000438034 6.7486e-05 -2.90273e-05 -5.15583e-07 0.0013078
internal_weight=14271 14104 1750 1236 12354 12115 514
internal_count=14271 14104 1750 1236 12354 12115 514
is_linear=0
shrinkage=0.025


Tree=577
num_leaves=14
num_cat=0
split_feature=24 41 0 32 20 17 26 43 39 13 41 9 36
split_gain=0.571797 1.49484 1.52013 1.40221 1.32247 0.595733 0.49745 1.1706 1.55835 1.05324 1.05542 0.943263 0.877531
threshold=19.32110691070557 0.73657879233360302 0.032443249598145492 0.61421021819114696 -0.046018568798899644 0.18237919360399249 0.025358997285366062 0.07403122261166574 0.99777343869209301 -0.25391793251037592 0.6970357894897462 0.028559875674545768 -0.10542841628193854
decision_type=2 2 2 2 2 2 2 2 2 2 2 2 2
left_child=1 2 4 -3 -1 -5 9 8 -8 12 -11 -9 -2
right_child=6 3 -4 5 -6 -7 7 11 -10 10 -12 -13 -14
leaf_value=0.00018509363588146798 -0.00010177147392584122 -0.0013252393428213232 -0.0012963231792490553 0.00015202911132861181 -0.0003738729646469382 0.0019602140086633062 -0.00075083110227162268 0.0012809770263911028 5.3015331616501986e-05 0.00020068346396208541 -0.00024235111964876748 1.0062007677317091e-05 0.0011537622123739878
leaf_weight=845 306 120 204 347 1776 394 1034 696 1442 3100 1093 1915 1066
leaf_count=845 306 120 204 347 1776 394 1034 696 1442 3100 1093 1915 1066
internal_value=4.9763e-05 -0.000217759 -0.000496908 0.00068851 -0.000329874 0.00110087 0.000142981 -3.4613e-05 -0.000424728 0.000306329 0.000107492 0.000333047 0.000906863
internal_weight=14338 3686 2825 861 2621 741 10652 5087 2476 5565 4193 2611 1372
internal_count=14338 3686 2825 861 2621 741 10652 5087 2476 5565 4193 2611 1372
is_linear=0
shrinkage=0.025


Tree=578
num_leaves=12
num_cat=0
split_feature=16 16 36 33 37 18 4 35 6 9 37
split_gain=0.616763 1.19939 1.18552 1.68473 1.10742 0.910733 1.03313 0.560787 0.404471 0.330871 0.218904
threshold=0.031839871779084213 0.027849691919982437 0.49588042497634893 0.0052241429220885047 0.013613819144666197 0.057525508105754859 0.21364864706993106 0.41866117715835577 0.053143467754125602 0.025854485109448436 0.017729865387082103
decision_type=2 2 2 2 2 2 2 2 2 2 2
left_child=1 2 4 -4 -1 6 9 8 -3 -2 -8
right_child=5 7 3 -5 -6 -7 10 -9 -10 -11 -12
leaf_value=-4.6887164242390427e-05 -5.666299771387941e-05 0.0015604511660002457 -0.0017589672208597536 2.2531364664943714e-05 0.00021267170371076094 -0.0014078429377563451 0.00019386383235437296 -5.089810372759063e-05 0.00014364723356736903 -0.00095287331986615908 0.0020129696248583555
leaf_weight=6246 122 696 333 463 5328 178 132 154 363 168 136
leaf_count=6246 122 696 333 463 5328 178 132 154 363 168 136
internal_value=5.52396e-05 9.39249e-05 1.96971e-05 -0.0009098 8.45281e-05 -0.000646086 -0.000130995 0.00084257 0.00104911 -0.00116525 0.000966117
internal_weight=14319 13583 12370 796 11574 736 558 1213 1059 290 268
internal_count=14319 13583 12370 796 11574 736 558 1213 1059 290 268
is_linear=0
shrinkage=0.025


Tree=579
num_leaves=9
num_cat=0
split_feature=15 36 31 7 20 19 13 19
split_gain=0.678074 0.639309 0.904726 1.25051 0.651312 0.996049 0.616475 0.417375
threshold=0.93965518474578869 0.60637953877449047 2.6633386611938481 0.014816617593169214 0.76725116372108471 0.33220896124839788 -0.13926986604928968 0.34686839580535894
decision_type=2 2 2 2 2 2 2 2
left_child=1 4 3 -3 5 -1 -2 -6
right_child=6 2 -4 -5 7 -7 -8 -9
leaf_value=3.2935889297035329e-06 0.0021263364119404817 0.00018417504622863417 -0.0016913282852742213 -0.0016622864818375113 0.0020062290495433078 -0.00074595619657595634 1.4994364053466896e-05 0.00025240564985453355
leaf_weight=12729 208 334 121 145 261 145 226 145
leaf_count=12729 208 334 121 145 261 145 226 145
internal_value=8.99164e-06 -2.11558e-05 -0.000816116 -0.000302169 1.45842e-05 -1.62085e-05 0.000976652 0.000994526
internal_weight=14314 13880 600 479 13280 12874 434 406
internal_count=14314 13880 600 479 13280 12874 434 406
is_linear=0
shrinkage=0.025


Tree=580
num_leaves=8
num_cat=0
split_feature=15 19 15 23 12 45 3
split_gain=0.535215 0.554252 0.825695 0.537659 0.87569 0.782151 0.44371
threshold=0.95689654350280773 0.34686839580535894 0.57758620381355297 0.29732233285903936 -0.31015013158321375 0.63811445236206066 0.063492912799119963
decision_type=2 2 2 2 2 2 2
left_child=1 3 -3 4 -1 -5 -2
right_child=6 2 -4 5 -6 -7 -8
leaf_value=-0.00056332070267038311 0.0023158411168598811 -0.001091565215912748 0.00043253031187218078 -1.2117950876029594e-05 8.6853864825309971e-06 0.00080164193627020098 0.00020035275465542495
leaf_weight=265 129 182 137 861 11814 820 165
leaf_count=265 129 182 137 861 11814 820 165
internal_value=5.22501e-05 2.95549e-05 -0.000991512 5.40321e-05 -3.82728e-06 0.000472272 0.0010995
internal_weight=14373 14079 319 13760 12079 1681 294
internal_count=14373 14079 319 13760 12079 1681 294
is_linear=0
shrinkage=0.025


Tree=581
num_leaves=8
num_cat=0
split_feature=39 48 40 17 8 31 33
split_gain=0.864483 0.75263 1.67473 6.03434 1.07388 0.880819 0.440616
threshold=0.10080933943390848 0.057776963338255889 0.46519245207309728 0.19216547161340716 0.032684646546840675 0.46885171532630926 -0.00037152552977204317
decision_type=2 2 2 2 2 2 2
left_child=-1 4 3 -3 6 -4 -2
right_child=1 2 5 -5 -6 -7 -8
leaf_value=-0.00025661180682586172 0.00033745592035932056 0.0040519591015760826 -7.5238182418123359e-05 -0.0028612317580331784 -0.00028488733479673618 0.00010119480750957514 0.0021611312828531105
leaf_weight=138 154 121 4972 131 152 8285 307
leaf_count=138 154 121 4972 131 152 8285 307
internal_value=1.88399e-05 3.88441e-05 0 -0.00199903 0.00089199 3.85501e-05 0.0014941
internal_weight=14260 14122 13509 252 613 13257 461
internal_count=14260 14122 13509 252 613 13257 461
is_linear=0
shrinkage=0.025


Tree=582
num_leaves=13
num_cat=0
split_feature=43 36 45 34 3 9 47 43 38 11 2 5
split_gain=0.668586 1.50677 2.35807 3.43938 1.49621 1.47887 1.06467 1.24037 1.12206 0.925572 0.779275 0.313825
threshold=0.27546031773090368 0.28265497088432318 0.88646370172500621 0.015115128830075266 0.57698610424995433 0.023138468153774742 0.88646370172500621 -0.55635732412338246 -0.13701449334621427 0.016452873125672344 -1.0000000180025095e-35 1.1464343070983889
decision_type=2 2 2 2 2 2 2 2 2 2 2 2
left_child=4 2 3 -2 6 -4 7 -1 -8 11 -11 -3
right_child=1 9 5 -5 -6 -7 8 -9 -10 10 -12 -13
leaf_value=-0.0012925341130967446 -6.9728915538377079e-06 0.0054687963867519999 0.0023431644037130756 -0.0019007198854608021 -0.0014290040062448844 -0.00021472445438205424 -2.2403562417665515e-05 2.9344988821828609e-05 0.001748977643174378 0.0006979479191609497 -0.000261360320021151 0.00059467735256591879
leaf_weight=125 135 165 207 122 159 757 317 10989 610 184 485 130
leaf_count=125 135 165 207 122 159 757 317 10989 610 184 485 130
internal_value=3.34435e-05 -0.000368151 -0.000951264 -0.00305821 0.000106002 -0.000370227 0.000138739 7.00379e-05 0.000950912 0.000365067 -0.000142804 0.00152083
internal_weight=14385 2185 1221 257 12200 964 12041 11114 927 964 669 295
internal_count=14385 2185 1221 257 12200 964 12041 11114 927 964 669 295
is_linear=0
shrinkage=0.025


Tree=583
num_leaves=8
num_cat=0
split_feature=2 12 24 9 46 31 22
split_gain=0.86609 0.781876 0.901252 0.983032 0.623023 1.09586 0.941386
threshold=-0.27575215697288508 -0.31015013158321375 33.826574325561531 0.037483930587768562 0.62613427639007579 0.59980207681655895 0.87119266390800487
decision_type=2 2 2 2 2 2 2
left_child=-1 2 3 -2 6 -6 -3
right_child=1 4 -4 -5 5 -7 -8
leaf_value=0.0012233971687827048 -0.0024717390858043208 0.00012836477175532453 0.00038926867891616028 -5.064722368030297e-05 -0.00051295513733635057 -4.1969571910572874e-06 -0.00021921344464349973
leaf_weight=178 130 6629 157 129 959 4502 1579
leaf_count=178 130 6629 157 129 959 4502 1579
internal_value=5.34422e-06 -1.64123e-05 -0.00107779 -0.00197443 1.58148e-05 -0.000190496 0.000153872
internal_weight=14263 14085 416 259 13669 5461 8208
internal_count=14263 14085 416 259 13669 5461 8208
is_linear=0
shrinkage=0.025


Tree=584
num_leaves=13
num_cat=0
split_feature=6 17 29 29 43 3 38 35 38 8 16 15
split_gain=0.720635 0.782347 0.750352 0.90017 1.20935 0.681604 0.676245 1.99443 0.931802 0.653054 0.29864 0.356398
threshold=0.068569459021091475 -0.5060780644416808 0.095178920775651946 0.081279415637254729 0.06411225721240045 0.36074353754520422 -0.19471576809883115 0.10954382270574571 -0.076920133084058748 0.04040601663291455 0.019868880510330204 0.50862067937850963
decision_type=2 2 2 2 2 2 2 2 2 2 2 2
left_child=1 10 3 4 -2 -4 7 -3 -8 -5 11 -1
right_child=2 6 5 9 -6 -7 8 -9 -10 -11 -12 -13
leaf_value=0.0010217247057084965 -0.00037731065811235661 -4.3739283339822276e-05 0.0027892889233215846 -0.00030262096305229132 0.0011339579119234227 -7.0350615024597862e-05 0.00038431630601855999 -0.0018830401510945363 -9.2427385058800357e-06 -0.0012362907606950644 0.001108442153776978 -2.616683147003636e-05
leaf_weight=120 341 1851 121 186 301 136 3799 159 6824 129 165 154
leaf_count=120 341 1851 121 186 301 136 3799 159 6824 129 165 154
internal_value=1.98552e-05 7.44629e-05 -0.00056091 -0.000884875 -0.000330371 0.000615458 3.76841e-05 -0.000381514 0.000117732 -0.00197266 0.00110642 0.000551075
internal_weight=14286 13072 1214 957 642 257 12633 2010 10623 315 439 274
internal_count=14286 13072 1214 957 642 257 12633 2010 10623 315 439 274
is_linear=0
shrinkage=0.025


Tree=585
num_leaves=8
num_cat=0
split_feature=40 31 31 39 45 2 9
split_gain=0.733997 0.564719 0.563619 1.8863 1.4776 0.799028 0.761474
threshold=0.39014583826065069 0.4899324774742127 0.049381246790289886 0.79388567805290233 0.10491563007235528 -0.23462836444377896 0.017470034770667556
decision_type=2 2 2 2 2 2 2
left_child=1 -1 3 -2 -5 -4 -7
right_child=2 -3 5 4 -6 6 -8
leaf_value=0.0039916440825861271 -0.001104022659308376 1.3508654772932751e-05 0.0011962994581466962 -0.00049352145880908038 0.00072612892492187784 0.00080928094377903507 -1.2424920265245205e-06
leaf_weight=146 186 139 224 184 335 1139 11934
leaf_count=146 186 139 224 184 335 1139 11934
internal_value=6.90072e-05 0.00131466 4.27466e-05 -0.000642606 0.000126431 7.97813e-05 5.36207e-05
internal_weight=14287 285 14002 705 519 13297 13073
internal_count=14287 285 14002 705 519 13297 13073
is_linear=0
shrinkage=0.025


Tree=586
num_leaves=15
num_cat=0
split_feature=38 33 10 43 35 4 8 38 23 26 35 22 28 43
split_gain=0.549618 1.1589 1.14584 1.24632 1.02685 0.923331 0.819188 1.8673 1.03834 0.746762 0.712577 1.33959 0.981212 0.32573
threshold=-0.00073403975693508972 0.0061868757475167522 0.011071074753999712 0.071787051856517806 0.26530496776103979 0.20246715843677524 0.032515764236450202 -0.11399348825216292 0.34545540809631353 0.020129473879933361 0.13864107429981234 0.82705175876617443 0.47499999403953558 0.18507772684097293
decision_type=2 2 2 2 2 2 2 2 2 2 2 2 2 2
left_child=4 2 5 -4 6 -2 8 -8 -1 -6 11 -3 -12 -11
right_child=1 10 3 -5 9 -7 7 -9 -10 13 12 -13 -14 -15
leaf_value=3.7767955054689609e-05 -0.00065237672969457481 0.00014541457036067155 -0.0015423884536360163 -3.44507565787369e-05 -0.00042778809270074098 0.0012825352379860844 8.5263101482609005e-05 -0.00059122807045455957 0.0021474140385999993 0.00053094561258656406 -0.00068114897647849899 -0.0016518724861519516 0.00036595233634145714 0.0024442198751074198
leaf_weight=7931 184 140 271 173 201 223 1315 990 164 725 239 181 1178 299
leaf_count=7931 184 140 271 173 201 223 1315 990 164 725 239 181 1178 299
internal_value=4.07027e-05 -0.000287683 -0.00104118 -0.00191258 0.000114467 -6.37135e-05 3.30371e-05 -0.000381493 0.000152006 0.000797764 7.96042e-05 -0.000970092 0.000324367 0.00107264
internal_weight=14214 2589 851 444 11625 407 10400 2305 8095 1225 1738 321 1417 1024
internal_count=14214 2589 851 444 11625 407 10400 2305 8095 1225 1738 321 1417 1024
is_linear=0
shrinkage=0.025


Tree=587
num_leaves=8
num_cat=0
split_feature=13 31 37 23 46 4 26
split_gain=0.668267 0.746891 0.971427 1.1601 0.704993 0.753244 0.605977
threshold=-0.52108535170555104 0.039385952055454261 0.017681182362139228 0.10930000990629198 0.019258987158536914 -0.20852763205766675 0.024785079993307594
decision_type=2 2 2 2 2 2 2
left_child=6 2 3 -2 -3 -6 -1
right_child=1 4 -4 -5 5 -7 -8
leaf_value=0.0025557785667189008 -0.00049110363382892034 -0.00023698219955765607 -0.00058108531708769005 0.00031342249429350049 0.00033374478414140239 -1.6905716552362515e-05 -1.5093868348033736e-05
leaf_weight=133 161 152 121 207 1090 12328 129
leaf_count=133 161 152 121 207 1090 12328 129
internal_value=-2.55653e-05 -4.95057e-05 -0.00100455 -0.000331769 -1.42725e-05 4.7494e-06 0.00121255
internal_weight=14321 14059 489 368 13570 13418 262
internal_count=14321 14059 489 368 13570 13418 262
is_linear=0
shrinkage=0.025


Tree=588
num_leaves=12
num_cat=0
split_feature=32 29 19 16 38 35 48 38 45 24 3
split_gain=0.645495 1.25888 2.05281 1.07888 0.770367 0.868289 1.04968 0.958118 0.418003 0.374413 0.26918
threshold=1.3056870698928835 0.094944600015878691 0.15333411842584613 0.024591968394815925 -0.29284955561161036 0.1787853613495827 0.057776963338255889 -0.011555322445929049 0.62931033968925487 23.011042594909672 0.15016017109155658
decision_type=2 2 2 2 2 2 2 2 2 2 2
left_child=4 2 3 -2 8 6 -6 -7 9 -1 -3
right_child=1 10 -4 -5 5 7 -8 -9 -10 -11 -12
leaf_value=0.0025159304248919888 0.00021689784968551026 -5.1139463172079581e-05 -0.001772908704109534 -0.0011180749267280983 0.00065417572080600072 0.0011994149464037596 -4.3413825216854484e-05 1.5356706075184174e-05 5.0995969051738398e-05 6.421529960312144e-05 0.0017188059127008057
leaf_weight=210 354 132 143 194 446 1524 8291 2480 236 120 182
leaf_count=210 354 132 143 194 446 1524 8291 2480 236 120 182
internal_value=3.30901e-05 -0.000575495 -0.00117277 -0.000449819 7.97214e-05 3.89339e-05 -0.000100234 0.000343914 0.000978546 0.00154851 0.000717085
internal_weight=14312 1005 691 548 13307 12741 8737 4004 566 330 314
internal_count=14312 1005 691 548 13307 12741 8737 4004 566 330 314
is_linear=0
shrinkage=0.025


Tree=589
num_leaves=11
num_cat=0
split_feature=36 17 20 41 40 43 17 40 8 9
split_gain=0.7217 1.53538 2.46827 1.4773 1.27936 1.19476 1.0106 1.94114 1.11693 0.90717
threshold=0.21998091787099841 0.92756175994873058 0.39267660677433019 0.31398834288120275 1.36194384098053 0.41108745336532598 1.1338898539543154 0.8083191215991975 0.017969323322176937 0.035114012658596046
decision_type=2 2 2 2 2 2 2 2 2 2
left_child=1 2 3 -1 6 -4 8 -8 -2 -3
right_child=4 9 5 -5 -6 -7 7 -9 -10 -11
leaf_value=0.0010463864056425383 -0.00018523751575454529 0.0027256497335885533 -0.0011885615158379152 -5.0175047032941405e-05 -0.00082319908655954408 -0.00011542437712363074 -0.0014918003073508413 4.6637293168370738e-05 0.00046561198635697542 6.2187249553430905e-05
leaf_weight=570 1030 278 179 6125 176 158 161 475 4948 210
leaf_count=570 1030 278 179 6125 176 158 161 475 4948 210
internal_value=6.59274e-05 -0.000102159 -0.00019735 -9.0485e-05 0.000252943 -0.00226974 0.000310281 -0.000629875 0.000411792 0.00124493
internal_weight=14310 7520 7032 6695 6790 337 6614 636 5978 488
internal_count=14310 7520 7032 6695 6790 337 6614 636 5978 488
is_linear=0
shrinkage=0.025


Tree=590
num_leaves=15
num_cat=0
split_feature=28 25 40 41 46 26 47 9 30 9 32 26 40 38
split_gain=0.738907 1.15858 1.27305 1.44024 1.08206 0.989531 1.60266 1.53713 1.80186 1.39443 1.20176 0.576972 1.28767 0.404669
threshold=0.42499999701976782 -7.4036772251129142 1.1983553767204287 0.6026645600795747 0.25046659260988241 0.020566329360008243 0.019258987158536914 0.027830716222524646 0.051454562693834312 0.022912275046110157 1.2872664928436282 0.021180544979870323 0.77298396825790416 -0.13599416613578794
decision_type=2 2 2 2 2 2 2 2 2 2 2 2 2 2
left_child=1 2 3 -1 -4 6 -2 10 -9 -8 -7 13 -13 -3
right_child=5 11 4 -5 -6 7 9 8 -10 -11 -12 12 -14 -15
leaf_value=-0.00030903323223109184 -0.0018782949051064331 7.2233629610937955e-05 0.00019738581008285242 0.0011995172126011068 -0.0013401131441696608 0.00035154648720862132 6.90660501843866e-06 9.8338504005706168e-05 -0.00049226850333086009 -0.00051287923467394601 -0.00037807542980693127 -0.00059214767485504664 0.00053851796288099279 0.0016615243711840023
leaf_weight=581 135 212 121 767 232 2604 2207 2218 1995 1065 403 173 989 632
leaf_count=581 135 212 121 767 232 2604 2207 2218 1995 1065 403 173 989 632
internal_value=2.00511e-06 0.000306102 -0.000170721 0.00017646 -0.0014979 -0.000103579 -0.000454645 6.14188e-05 -0.000245673 -0.000339869 0.000493443 0.000712954 0.000341688 0.00121172
internal_weight=14334 3707 1701 1348 353 10627 3407 7220 4213 3272 3007 2006 1162 844
internal_count=14334 3707 1701 1348 353 10627 3407 7220 4213 3272 3007 2006 1162 844
is_linear=0
shrinkage=0.025


Tree=591
num_leaves=8
num_cat=0
split_feature=12 31 39 26 19 40 4
split_gain=0.742025 0.764165 1.13063 0.985887 0.771882 2.45475 0.818437
threshold=-0.39291308820247645 0.044596908614039428 0.78168386220932018 0.020712006837129596 -0.077864073216915117 1.2424143552780154 -0.15957938134670255
decision_type=2 2 2 2 2 2 2
left_child=-1 2 -2 -4 5 -3 -6
right_child=1 4 3 -5 6 -7 -8
leaf_value=0.0019523583562873759 -0.0010741572892392867 -8.9188622220654348e-06 0.00056756992899067505 -0.00020394961996062682 0.00038003576714607375 -0.001898213330018556 1.0606800157583868e-05
leaf_weight=150 162 1178 191 252 1198 236 10842
leaf_count=150 162 1178 191 252 1198 236 10842
internal_value=1.34551e-05 -5.06603e-06 -0.000870902 -0.000192522 3.37136e-05 -0.000517089 9.91076e-05
internal_weight=14209 14059 605 443 13454 1414 12040
internal_count=14209 14059 605 443 13454 1414 12040
is_linear=0
shrinkage=0.025


Tree=592
num_leaves=9
num_cat=0
split_feature=40 36 35 34 37 39 32 46
split_gain=0.848263 0.878233 1.73887 2.61874 1.95429 1.41319 1.72792 0.948113
threshold=0.37317341566085821 0.21998091787099841 0.11997384950518609 0.13374463468790057 0.0089921806938946264 1.0688555836677553 0.78496170043945324 0.30429521203041082
decision_type=2 2 2 2 2 2 2 2
left_child=-1 2 4 -4 -2 6 -3 -7
right_child=1 5 3 -5 -6 7 -8 -9
leaf_value=0.00091324833306519703 0.001844310446592832 -0.0007200689110982302 -0.00090897680760892649 0.00076273850457378467 -5.0006088527307706e-05 -7.589725800564164e-05 5.2802913456583438e-05 0.0007032529449447466
leaf_weight=234 824 930 1256 424 4814 618 3393 1756
leaf_count=234 824 930 1256 424 4814 618 3393 1756
internal_value=2.89402e-06 -2.18437e-05 -0.000211491 -0.000916172 0 0.00018446 -8.3468e-05 0.000674128
internal_weight=14249 14015 7318 1680 5638 6697 4323 2374
internal_count=14249 14015 7318 1680 5638 6697 4323 2374
is_linear=0
shrinkage=0.025


Tree=593
num_leaves=12
num_cat=0
split_feature=22 40 16 11 11 21 35 11 40 29 29
split_gain=0.704324 1.15877 1.05568 0.947939 0.941805 0.638963 0.765052 0.972503 0.796752 0.547084 0.469434
threshold=0.86790356040000927 0.67999109625816356 0.031523328274488456 0.015314111020416023 0.016568548977375034 72.449142456054702 0.41866117715835577 0.017427752725780014 1.2387296557426455 0.04115236550569535 0.092756062746047988
decision_type=2 2 2 2 2 2 2 2 2 2 2
left_child=5 3 4 -2 -3 6 8 -8 -1 -7 -11
right_child=1 2 -4 -5 -6 9 7 -9 -10 10 -12
leaf_value=7.2810636759341966e-05 -0.0017727975304015866 0.00012151437070108199 -0.0014469080503292642 -3.302738156474556e-05 -0.00030430876755238855 -0.00016978873765178225 1.6167942168919749e-05 -0.0027891964810651858 -8.7750859588786725e-05 0.0013549294963287107 2.4308874163964006e-05
leaf_weight=8699 158 1487 126 130 1114 157 135 130 1472 465 185
leaf_count=8699 158 1487 126 130 1114 157 135 130 1472 465 185
internal_value=4.65366e-05 -0.000291805 -0.000128569 -0.00178754 -1.58288e-05 0.000137913 8.46424e-05 -0.00122685 0.000120013 0.000814347 0.0011355
internal_weight=14258 3015 2727 288 2601 11243 10436 265 10171 807 650
internal_count=14258 3015 2727 288 2601 11243 10436 265 10171 807 650
is_linear=0
shrinkage=0.025


Tree=594
num_leaves=13
num_cat=0
split_feature=35 11 40 8 40 48 8 8 12 6 9 11
split_gain=0.778047 1.08674 1.58527 2.02104 0.864076 1.05981 1.11761 0.861241 0.768047 1.28211 1.12695 0.571814
threshold=-0.12755776196718213 0.031734716147184379 0.85580661892890941 0.034248242154717452 1.3124855756759646 0.78154808282852184 0.03734297119081021 0.023971075192093853 -0.17192827165126798 0.063824079930782332 0.034066529944539077 0.016333735547959808
decision_type=2 2 2 2 2 2 2 2 2 2 2 2
left_child=1 2 7 -4 8 11 -7 -1 9 -2 -10 -6
right_child=4 -3 3 -5 5 6 -8 -9 10 -11 -12 -13
leaf_value=-0.00077962482399543441 0.0005087105364804073 0.0018014967214665741 -0.00042993865599921723 -0.0017146147074921668 0.0005861900370324588 -0.00051932070688024215 0.0010934924147103058 0.00071419959820682381 5.3546086250753872e-05 -0.00026809870229520309 -0.00065105274766519066 -0.00034515884397803289
leaf_weight=162 1928 174 383 146 144 592 121 225 8646 272 1285 160
leaf_count=162 1928 174 383 146 144 592 121 225 8646 272 1285 160
internal_value=6.23122e-06 -0.000633562 -0.00098127 -0.00186564 5.99674e-05 -0.000637231 -0.00116469 0.000220026 0.00011917 0.000541383 2.47837e-05 0.000578479
internal_weight=14238 1090 916 529 13148 1017 713 387 12131 2200 9931 304
internal_count=14238 1090 916 529 13148 1017 713 387 12131 2200 9931 304
is_linear=0
shrinkage=0.025


Tree=595
num_leaves=12
num_cat=0
split_feature=34 35 19 38 26 33 37 44 40 38 36
split_gain=0.621872 0.968457 1.11956 1.4962 0.715388 1.66671 1.4228 0.677398 0.719576 0.554793 0.193813
threshold=-0.092026501893997179 -0.12755776196718213 0.058051675558090217 -0.16466531902551648 0.03157202526926995 -0.0016153606702573595 0.022662520408630375 0.024583193473517898 1.1212141513824465 -0.21878027170896527 0.21998091787099841
decision_type=2 2 2 2 2 2 2 2 2 2 2
left_child=7 2 3 -2 6 -6 -3 8 9 -1 -9
right_child=1 4 -4 -5 5 -7 -8 10 -10 -11 -12
leaf_value=0.0019262602419282467 -0.00040460856887009327 6.1389897967798749e-06 0.0016691121452919466 -0.0012110041848312433 -0.0008612659729928786 1.8662279669648329e-05 0.0021692258714986336 0.0033576450327036421 -0.00093408315732431313 -7.3234780934410089e-06 0.00010624970963935676
leaf_weight=174 507 9767 164 123 694 1587 615 160 121 269 121
leaf_count=174 507 9767 164 123 694 1587 615 160 121 269 121
internal_value=-9.60975e-07 -4.28056e-05 -0.000887046 -0.00136811 9.96615e-06 -0.000389873 9.85608e-05 0.000654412 0.000138401 0.00061663 0.00164773
internal_weight=14302 13457 794 630 12663 2281 10382 845 564 443 281
internal_count=14302 13457 794 630 12663 2281 10382 845 564 443 281
is_linear=0
shrinkage=0.025


Tree=596
num_leaves=11
num_cat=0
split_feature=31 39 30 37 47 46 38 37 10 37
split_gain=0.808638 1.57172 0.838357 1.48696 0.735837 1.05852 1.19032 0.808061 1.8309 1.00207
threshold=0.044596908614039428 0.78978058695793163 -0.33099947869777674 0.01295759715139866 0.88646370172500621 0.98260739445686351 -0.13701449334621427 0.018690415658056739 0.020194306038320068 0.016557741910219196
decision_type=2 2 2 2 2 2 2 2 2 2
left_child=1 -1 -3 -4 7 6 -6 9 -9 -2
right_child=4 2 3 -5 5 -7 -8 8 -10 -11
leaf_value=-0.0012411386257895269 5.5726317018893146e-06 0.00039295549846351564 0.00096582365446019598 -0.0012867297941328213 -4.2699102861438597e-05 -0.00058615983808404926 0.00096203867015612387 0.0015139161066002953 -2.0234832528244897e-05 -0.00048300621783528894
leaf_weight=176 7877 219 120 133 382 239 977 931 1862 1317
leaf_count=176 7877 219 120 133 382 239 977 931 1862 1317
internal_value=5.62756e-05 -0.000802067 -2.88259e-05 -0.0010126 9.79581e-05 0.000601217 0.000873351 3.01243e-05 0.00040252 -8.24817e-05
internal_weight=14233 648 472 253 13585 1598 1359 11987 2793 9194
internal_count=14233 648 472 253 13585 1598 1359 11987 2793 9194
is_linear=0
shrinkage=0.025


Tree=597
num_leaves=12
num_cat=0
split_feature=21 17 40 35 16 43 48 48 27 14 34
split_gain=0.667608 0.611506 0.908643 2.72832 1.8259 0.737798 1.42489 0.971801 0.407317 0.540468 0.463641
threshold=83.255573272705092 0.73965623974800121 0.84443899989128124 0.1787853613495827 0.018485289998352531 -0.1517279967665672 0.59097579121589672 0.97212031483650219 0.0033805464627221231 0.81896552443504345 0.094834785908460631
decision_type=2 2 2 2 2 2 2 2 2 2 2
left_child=1 2 3 -1 -4 6 -3 -7 10 -10 -2
right_child=8 5 4 -5 -6 7 -8 -9 9 -11 -12
leaf_value=-5.6601057399477474e-05 0.00046093165323937539 -0.002696223445943966 8.4161823781109851e-05 0.0014532554111695503 -0.00025358300388939286 0.00022905254134906517 0.00025811386913508706 -0.00098189884700496544 0.0018430460543786044 -0.00045983368429727443 0.0028887573741158594
leaf_weight=2623 139 121 2628 852 4515 2592 228 122 124 175 181
leaf_count=2623 139 121 2628 852 4515 2592 228 122 124 175 181
internal_value=2.75254e-05 -8.49399e-06 -9.87244e-05 0.000231681 -0.000260387 0.000301907 -0.000766243 0.000442718 0.000827324 0.000135691 0.00144231
internal_weight=14300 13681 10618 3475 7143 3063 349 2714 619 299 320
internal_count=14300 13681 10618 3475 7143 3063 349 2714 619 299 320
is_linear=0
shrinkage=0.025


Tree=598
num_leaves=10
num_cat=0
split_feature=5 9 43 13 47 9 26 44 12
split_gain=0.642644 0.712722 1.26138 2.64691 0.968954 1.02757 0.705884 0.609045 0.206326
threshold=-0.57563671469688404 0.018407131545245651 0.054546302184462554 -0.11769961938261984 0.077035948634147658 0.021088305860757831 0.018566151149570945 0.013872878160327675 -0.21970437467098233
decision_type=2 2 2 2 2 2 2 2 2
left_child=8 2 3 -2 5 -3 -6 -4 -1
right_child=1 4 7 -5 6 -7 -8 -9 -10
leaf_value=0.0011360797430876803 0.00085503027329952852 -0.00061326941748757408 0.00081982416135447365 -0.0016961156904969415 -0.00030748370371987805 0.0035577369350216883 -6.2084496555214876e-06 0.0024153290398933303 2.9312681201385196e-05
leaf_weight=123 827 190 253 409 1651 278 10093 303 155
leaf_count=123 827 190 253 409 1651 278 10093 303 155
internal_value=1.7411e-05 -5.97821e-06 0.000458403 7.05086e-06 -7.47932e-05 0.0010333 -0.000119904 0.00144162 0.001197
internal_weight=14282 14004 1792 1236 12212 468 11744 556 278
internal_count=14282 14004 1792 1236 12212 468 11744 556 278
is_linear=0
shrinkage=0.025


Tree=599
num_leaves=12
num_cat=0
split_feature=37 38 34 26 35 19 5 31 17 38 35
split_gain=0.595816 1.6924 1.23053 1.10177 0.80855 1.52742 1.35881 1.22125 1.1562 1.24684 0.286902
threshold=0.0090470421127975004 -0.17115406692028043 0.027509550563991073 0.02183115761727095 0.18036336451768878 0.2158344313502312 0.6565767526626588 1.8787982463836672 1.3742074370384219 -0.08220400288701056 -0.019732232205569741
decision_type=2 2 2 2 2 2 2 2 2 2 2
left_child=1 -1 10 -4 5 6 -2 -7 9 -6 -3
right_child=4 2 3 -5 8 7 -8 -9 -10 -11 -12
leaf_value=-0.0012507703846828787 -9.729336927824411e-05 0.0013294350235254467 -5.0727310072712763e-05 0.0012229823849297823 0.0028721887461358418 -6.2644035849612794e-05 0.00016001848943641625 -0.0020012020629065412 -0.0014156723783533916 7.4757863877283187e-05 0.0036698327956269528
leaf_weight=163 6027 125 1180 564 391 158 1850 146 153 3271 329
leaf_count=163 6027 125 1180 564 391 158 1850 146 153 3271 329
internal_value=4.77824e-05 0.000410503 0.000596346 0.000288022 -2.32271e-05 -0.000163847 -9.5312e-05 -0.00188916 0.000276505 0.000367808 0.00175109
internal_weight=14357 2361 2198 1744 11996 8181 7877 304 3815 3662 454
internal_count=14357 2361 2198 1744 11996 8181 7877 304 3815 3662 454
is_linear=0
shrinkage=0.025


Tree=600
num_leaves=7
num_cat=0
split_feature=41 41 40 4 35 4
split_gain=0.92232 1.04824 1.36853 0.799761 0.751136 0.594936
threshold=0.086012769490480437 0.32499971985816961 0.46519245207309728 0.85115677118301403 -0.12450252845883368 0.56629106402397167
decision_type=2 2 2 2 2 2
left_child=-1 3 -3 5 -4 -2
right_child=1 2 4 -5 -6 -7
leaf_value=-0.00018709745708462807 0.00046755435929373443 -0.0026201155267043582 -0.00026375475127861831 -0.00055774550751067347 5.0731785284613323e-05 0.0025792927779502367
leaf_weight=199 944 161 1042 123 11542 216
leaf_count=199 944 161 1042 123 11542 216
internal_value=9.2134e-05 0.000116778 4.75491e-05 0.000796778 7.77465e-05 0.00100322
internal_weight=14227 14028 12745 1283 12584 1160
internal_count=14227 14028 12745 1283 12584 1160
is_linear=0
shrinkage=0.025


Tree=601
num_leaves=13
num_cat=0
split_feature=13 11 24 47 9 43 9 41 31 30 21 21
split_gain=0.856583 0.699409 1.56221 0.622752 1.26528 1.04953 0.987305 1.73281 0.805421 0.438298 0.23747 0.0881436
threshold=-0.43828728795051569 0.019959573633968834 22.470510482788089 0.19057226926088336 0.017470034770667556 -0.44815720617771143 0.01934435032308102 0.6386837661266328 2.0141876935958867 0.30477659404277807 38.252754211425788 33.99695014953614
decision_type=2 2 2 2 2 2 2 2 2 2 2 2
left_child=1 10 -3 6 9 -6 7 -2 -8 -5 -1 -4
right_child=3 2 11 4 5 -7 8 -9 -10 -11 -12 -13
leaf_value=0.00031609191290907782 0.00039933123391135481 -0.00025283358474380524 0.00072083224962386588 0.004532429479083222 -0.00083428181647180887 -3.8877409338450967e-05 0.00094169686895276359 -0.0011372325396556801 -0.00013737583821846091 2.0726561374359695e-05 0.0021632221857861927 0.001951006648984207
leaf_weight=122 856 204 121 259 206 10134 1290 414 140 136 252 142
leaf_count=122 856 204 121 259 206 10134 1290 414 140 136 252 142
internal_value=2.16197e-05 0.00079344 0.000129767 -2.65066e-05 -0.000112314 -0.000166143 0.000311922 -0.000191176 0.000762195 0.00126563 0.00159301 0.00140392
internal_weight=14276 841 467 13435 10735 10340 2700 1270 1430 395 374 263
internal_count=14276 841 467 13435 10735 10340 2700 1270 1430 395 374 263
is_linear=0
shrinkage=0.025


Tree=602
num_leaves=6
num_cat=0
split_feature=40 41 40 31 5
split_gain=0.858428 0.704959 0.655379 0.608987 0.386067
threshold=0.39014583826065069 0.086012769490480437 1.5085739493370058 0.46885171532630926 0.36692059040069586
decision_type=2 2 2 2 2
left_child=4 -2 3 -3 -1
right_child=1 2 -4 -5 -6
leaf_value=0.0032513096676821431 -0.00044428582706661034 -6.7432974342012346e-05 -0.0002586681200958369 5.8932402139067161e-05 2.0960247574829445e-05
leaf_weight=166 136 5058 224 8564 122
leaf_count=166 136 5058 224 8564 122
internal_value=-1.18213e-05 -4.03052e-05 -2.19297e-05 0 0.00132679
internal_weight=14270 13982 13846 13622 288
internal_count=14270 13982 13846 13622 288
is_linear=0
shrinkage=0.025


Tree=603
num_leaves=9
num_cat=0
split_feature=30 11 40 40 11 40 0 1
split_gain=0.659273 0.54881 1.28795 1.04907 0.71427 3.4954 0.614414 0.128837
threshold=-1.4915761351585386 0.029776033945381645 1.1150989532470705 0.79126965999603283 0.026937469840049747 1.021700441837311 0.032443249598145492 0.028592057526111606
decision_type=2 2 2 2 2 2 2 2
left_child=-1 4 3 -3 6 -6 -2 -4
right_child=1 2 7 -5 5 -7 -8 -9
leaf_value=0.00081055030316809669 3.1644707192710768e-05 0.0017443071189378982 0.0021411821151526584 -0.00029591936371173733 0.0016211488458558285 -0.0020015249153810723 -0.00018757078070342405 0.0014762220147858003
leaf_weight=230 11399 132 196 242 234 358 1376 130
leaf_count=230 11399 132 196 242 234 358 1376 130
internal_value=4.27389e-05 2.03419e-05 0.000700355 -0.000286939 -1.505e-05 -0.000860553 2.39633e-05 0.00183912
internal_weight=14297 14067 700 374 13367 592 12775 326
internal_count=14297 14067 700 374 13367 592 12775 326
is_linear=0
shrinkage=0.025


Tree=604
num_leaves=12
num_cat=0
split_feature=21 33 27 34 34 37 10 33 13 30 26
split_gain=0.664702 0.727348 1.2394 1.1934 0.902671 1.19793 0.6916 0.594621 0.565868 0.550092 0.27087
threshold=27.098170280456547 -0.0022674868814647193 0.0016446299268864097 0.088913511484861388 -0.059203272685408585 0.020249770954251293 0.018344566226005558 -0.014405292458832262 -0.39585854113101954 -0.33841174840927118 0.02589378505945206
decision_type=2 2 2 2 2 2 2 2 2 2 2
left_child=7 2 9 -4 6 -6 -3 -1 -9 -2 -10
right_child=1 4 3 -5 5 -7 -8 8 10 -11 -12
leaf_value=-0.00025759481430378731 0.00095530394322386296 0.00069764532167825412 -0.00032533701461528791 -0.00080975495313045931 3.0884795576172769e-05 0.0010519782897213761 -0.000642164851008266 -9.1008241955244665e-05 0.0017876705771211214 -3.1969507016399986e-05 0.00012001135861082022
leaf_weight=156 440 147 1245 310 7876 1087 536 187 378 1749 168
leaf_count=156 440 147 1245 310 7876 1087 536 187 378 1749 168
internal_value=5.71444e-05 1.25981e-05 -0.000282409 -0.000821314 0.000127837 0.000195278 -0.000743096 0.000717282 0.00101795 9.85644e-05 0.00142241
internal_weight=14279 13390 3744 1555 9646 8963 683 889 733 2189 546
internal_count=14279 13390 3744 1555 9646 8963 683 889 733 2189 546
is_linear=0
shrinkage=0.025


Tree=605
num_leaves=12
num_cat=0
split_feature=29 35 5 39 17 3 47 42 3 2 39
split_gain=0.683603 0.892445 1.3239 0.760559 0.994596 2.0508 0.809367 1.24438 1.21272 0.518082 0.504615
threshold=0.09524793922901155 0.20868230611085894 0.98164770007133495 1.106085002422333 0.91086941957473766 0.47065202891826635 0.19057226926088336 -0.051846429705619805 0.12390531599521638 -0.094370216131210313 1.0985686779022219
decision_type=2 2 2 2 2 2 2 2 2 2 2
left_child=3 2 10 6 5 -5 7 -1 -8 -6 -2
right_child=1 -3 -4 4 9 -7 8 -9 -10 -11 -12
leaf_value=0.00062242261504377424 0.0006686642913022651 0.0027501990456524905 -0.0015715341993936425 6.5121941386205048e-05 -0.00024783997845097765 -0.0019663798833334085 -0.00030451090730699806 -3.0533571671788528e-05 1.5186917933834839e-05 0.0014302622417276837 -2.5177124626357875e-05
leaf_weight=663 218 232 122 3469 130 142 3504 2093 3160 437 144
leaf_count=663 218 232 122 3469 130 142 3504 2093 3160 437 144
internal_value=-9.34064e-06 0.000740291 0.000109918 -4.95294e-05 0.000230397 7.50139e-05 -0.000174403 0.000184263 -0.000323699 0.00119974 0.000882153
internal_weight=14314 716 484 13598 4178 3611 9420 2756 6664 567 362
internal_count=14314 716 484 13598 4178 3611 9420 2756 6664 567 362
is_linear=0
shrinkage=0.025


Tree=606
num_leaves=6
num_cat=0
split_feature=15 38 2 19 3
split_gain=0.591602 0.939052 0.547397 0.727382 0.570243
threshold=0.077586207538843169 -0.083634912967681871 -0.27575215697288508 -0.17635256052017209 -0.28143721818923945
decision_type=2 2 2 2 2
left_child=1 -1 -2 -4 -5
right_child=2 -3 3 4 -6
leaf_value=-0.0023249567878190721 0.00065161487524368136 0.00022090032397991283 -0.00047832552254450884 -0.00043923237501880888 3.4112873012550409e-05
leaf_weight=121 161 153 184 424 13254
leaf_count=121 161 153 184 424 13254
internal_value=3.22508e-05 -0.00110663 5.53358e-05 3.77696e-05 5.94717e-05
internal_weight=14297 274 14023 13862 13678
internal_count=14297 274 14023 13862 13678
is_linear=0
shrinkage=0.025


Tree=607
num_leaves=12
num_cat=0
split_feature=33 40 6 44 20 37 3 47 3 44 40
split_gain=0.649355 0.567957 1.11218 1.28441 1.21037 0.768684 1.49592 1.18997 0.512318 0.213696 0.286398
threshold=0.028429348021745685 1.3337206840515139 0.02583330683410168 0.017622496932744983 0.3506638109683991 0.016778284683823589 0.01671234238892794 0.67663240432739269 0.32871116697788244 0.017507012002170089 0.92028588056564342
decision_type=2 2 2 2 2 2 2 2 2 2 2
left_child=1 5 3 -3 -4 7 -7 -1 9 -2 -11
right_child=8 2 4 -5 -6 6 -8 -9 -10 10 -12
leaf_value=4.6367793028389005e-06 0.00028596590496121355 -3.1910784262095076e-05 0.00015028647785285534 -0.0011449527275013431 -0.00041824401444945933 -0.0003659719235221801 7.3822315755352826e-05 0.00043470471608050127 -2.3639254707036368e-05 0.0009409370670788443 0.0028242405101740167
leaf_weight=6316 149 177 492 142 120 1487 2437 2608 122 130 161
leaf_count=6316 149 177 492 142 120 1487 2437 2608 122 130 161
internal_value=5.02754e-05 1.56886e-05 -0.000578258 -0.00176312 3.84928e-05 5.9422e-05 -0.000231293 0.000188011 0.00087963 0.00127809 0.00167652
internal_weight=14341 13779 931 319 612 12848 3924 8924 562 440 291
internal_count=14341 13779 931 319 612 12848 3924 8924 562 440 291
is_linear=0
shrinkage=0.025


Tree=608
num_leaves=15
num_cat=0
split_feature=40 29 11 27 41 13 36 34 11 41 48 35 40 10
split_gain=0.720453 1.61275 1.96318 1.24588 1.22856 1.46835 1.08435 2.57495 1.89503 1.22122 2.96352 0.839798 0.756405 0.711322
threshold=0.94137525558471691 0.04455294460058213 0.018249534070491794 -1.0000000180025095e-35 0.62777245044708263 -0.32976937294006342 0.36187605559825903 0.11403050646185876 0.026050717569887642 0.45712453126907354 0.38114453852176672 0.25754366815090185 0.98441720008850109 0.024475886486470703
decision_type=2 2 2 2 2 2 2 2 2 2 2 2 2 2
left_child=1 2 3 -1 5 -3 9 8 -8 12 -11 -6 -2 -4
right_child=6 4 13 -5 11 -7 7 -9 -10 10 -12 -13 -14 -15
leaf_value=0.00035233902521386535 -0.00080118000747598074 -0.0012001123434405823 0.0013715534189294894 -0.00049124550961643647 0.0019943062407431385 0.00016931170056548351 -0.0013792187174466388 0.00065023229065120909 0.00046259550984826294 -0.0014280775470328117 4.9672721312384823e-05 -0.00054818032853775494 0.0014204488242134624 -0.00018325721561725968
leaf_weight=556 135 248 567 1778 848 2525 1005 648 177 506 4529 134 563 134
leaf_count=556 135 248 567 1778 848 2525 1005 648 177 506 4529 134 563 134
internal_value=7.32171e-05 0.000260302 -0.00016653 -0.000516781 0.000606716 0.000333423 -9.39811e-05 -0.000623297 -0.0013174 7.42856e-05 -6.07638e-05 0.00136651 0.00105085 0.00098619
internal_weight=14353 6790 3035 2334 3755 2773 7563 1830 1182 5733 5035 982 698 701
internal_count=14353 6790 3035 2334 3755 2773 7563 1830 1182 5733 5035 982 698 701
is_linear=0
shrinkage=0.025


Tree=609
num_leaves=8
num_cat=0
split_feature=37 42 35 36 9 37 24
split_gain=0.800206 0.598388 0.699763 0.69242 1.54054 0.723314 0.460753
threshold=0.0070376950316131124 -0.11553654447197913 0.3815195113420487 0.58069878816604625 0.028181409463286403 0.021895317360758785 35.355670928955085
decision_type=2 2 2 2 2 2 2
left_child=-1 2 6 5 -5 -3 -2
right_child=1 3 -4 4 -6 -7 -8
leaf_value=0.0068246356359875741 0.0001263918279024523 -2.6451425426543553e-05 -0.00092071933027549648 0.00075394028673103695 -0.0011414531679023931 0.00042242707200312434 0.0018952254652152831
leaf_weight=125 963 10499 124 191 456 1637 234
leaf_count=125 963 10499 124 191 456 1637 234
internal_value=1.87053e-05 2.65881e-07 0.000506222 -5.17085e-05 -0.000845475 -8.54533e-06 0.000695716
internal_weight=14229 14104 1321 12783 647 12136 1197
internal_count=14229 14104 1321 12783 647 12136 1197
is_linear=0
shrinkage=0.025


Tree=610
num_leaves=14
num_cat=0
split_feature=27 27 1 29 37 24 13 36 15 37 32 30 35
split_gain=0.597472 1.0544 1.25073 0.923092 1.10994 1.0451 0.848074 1.67423 2.06708 0.936382 1.21248 0.934062 0.706106
threshold=0.00078607501927763234 0.0010243555880151691 0.013346348423510792 0.029139592312276367 0.019488723948597911 32.01292800903321 -0.05686745606362819 0.20831683278083804 0.40517242252826696 0.016696170903742317 0.81174650788307201 -0.37946258485317225 0.34286741912364965
decision_type=2 2 2 2 2 2 2 2 2 2 2 2 2
left_child=6 2 -2 5 -5 -3 9 8 -8 10 -1 -11 -9
right_child=1 3 -4 4 -6 -7 7 12 -10 11 -12 -13 -14
leaf_value=1.6275502428843331e-06 1.2157789857883125e-05 0.00069752145645319847 -0.0020251236957033254 -0.00010955310458162442 0.00033529673087970323 -0.00088813405867752904 -0.0013591073869475374 0.0010105675634157355 -9.5858805109456902e-05 0.00044792596876960626 0.00094993012064168716 -0.00035807145911065911 -0.00056058082843187299
leaf_weight=1107 145 766 141 5478 1436 128 171 758 317 547 1896 1173 198
leaf_count=1107 145 766 141 5478 1436 128 171 758 317 547 1896 1173 198
internal_value=5.93195e-05 -8.13371e-05 -0.00155928 -2.54383e-05 -0.000124115 0.000727197 0.000244856 -0.000282091 -0.00146805 0.000407413 0.00067362 -5.43477e-05 0.00032128
internal_weight=14261 8094 286 7808 6914 894 6167 1444 488 4723 3003 1720 956
internal_count=14261 8094 286 7808 6914 894 6167 1444 488 4723 3003 1720 956
is_linear=0
shrinkage=0.025


Tree=611
num_leaves=14
num_cat=0
split_feature=39 11 38 35 37 19 35 9 44 3 3 48 26
split_gain=0.645916 1.01955 1.64474 1.42907 1.39247 1.19383 0.972477 0.928681 1.92341 1.12304 0.803241 0.754013 0.147426
threshold=1.0688555836677553 0.021532656624913219 -0.1667070463299751 0.10206797719001771 0.019947187043726448 0.011892319656908514 0.10688609629869462 0.040868623182177551 0.031184994615614418 0.46239949762821203 -0.27341417968273157 0.97212031483650219 0.044978266581892974
decision_type=2 2 2 2 2 2 2 2 2 2 2 2 2
left_child=1 4 10 -4 6 -6 -1 8 9 -2 -3 12 -9
right_child=7 2 3 -5 5 -7 -8 11 -10 -11 -12 -13 -14
leaf_value=8.2704489714737714e-05 8.9813859025921578e-05 -0.00040849534533048078 -0.0012366581764342774 -3.9354230954180466e-05 1.412780909004533e-05 0.0023248231668430582 -0.00018870198885813198 0.0034464465012617172 -0.0015035563663933075 -0.00098675975221085223 0.00060664037877891219 -0.00021373835703469859 0.00010368648389012278
leaf_weight=2963 4118 169 743 472 490 505 3511 300 167 198 415 148 128
leaf_count=2963 4118 169 743 472 490 505 3511 300 167 198 415 148 128
internal_value=7.76244e-06 -0.000115793 -0.000649252 -0.00117316 1.22091e-05 0.00088125 -0.000120968 0.000235239 0.000111687 0.000216096 0.000430815 0.00117685 0.00170612
internal_weight=14327 9268 1799 1215 7469 995 6474 5059 4483 4316 584 576 428
internal_count=14327 9268 1799 1215 7469 995 6474 5059 4483 4316 584 576 428
is_linear=0
shrinkage=0.025


Tree=612
num_leaves=14
num_cat=0
split_feature=22 21 21 0 29 29 40 39 8 40 30 12 27
split_gain=0.629872 1.05456 1.29982 0.880157 0.681073 2.78808 0.956408 0.930612 0.709203 0.646226 0.529705 0.711785 0.107455
threshold=0.87119266390800487 78.074462890625014 73.203605651855483 0.021161098033189777 0.094266869127750411 0.092175439000129714 1.1590086817741396 0.49565921723842626 0.03710818104445935 0.85580661892890941 0.6297074854373933 -0.012745873536914585 0.0036144894547760491
decision_type=2 2 2 2 2 2 2 2 2 2 2 2 2
left_child=4 2 3 -2 5 7 8 -1 -6 -4 11 -3 -8
right_child=1 10 9 -5 6 -7 12 -9 -10 -11 -12 -13 -14
leaf_value=0.00058834250682950821 -0.00039238538048676864 0.00054161461334478181 -9.6613107026740977e-05 0.00011603188655233658 0.00043036928461830256 -0.0017424790138206702 0.0027128997342270164 2.051827743290206e-05 -5.6699973365554723e-05 -0.0016137649024557455 0.0016638144701412363 -0.00021493895099066875 0.0018129097722220434
leaf_weight=682 910 195 183 676 404 185 189 9034 662 308 185 554 137
leaf_count=682 910 195 183 676 404 185 189 9034 662 308 185 554 137
internal_value=5.79182e-05 -0.000262351 -0.000576969 -0.000222344 0.000143941 7.02858e-05 0.000661238 0.000129488 0.000288282 -0.00169607 0.000429979 0.000121021 0.00183912
internal_weight=14304 3011 2077 1586 11293 9901 1392 9716 1066 491 934 749 326
internal_count=14304 3011 2077 1586 11293 9901 1392 9716 1066 491 934 749 326
is_linear=0
shrinkage=0.025


Tree=613
num_leaves=15
num_cat=0
split_feature=39 36 41 3 36 40 10 11 40 35 38 37 39 37
split_gain=0.594009 1.10591 2.45566 1.19158 2.88704 1.33032 0.944057 0.880823 1.76616 2.47732 2.40022 0.975916 1.3225 1.17779
threshold=1.106085002422333 -0.14391931891441342 0.69376403093338024 0.35105857253074652 0.22228828817605975 1.3052054047584536 0.018941404297947887 0.021532656624913219 0.94137525558471691 0.072850793600082411 -0.076920133084058748 0.018809925764799122 0.95269846916198742 0.016696170903742317
decision_type=2 2 2 2 2 2 2 2 2 2 2 2 2 2
left_child=7 2 -2 5 -5 -3 -4 11 10 -10 -9 13 -13 -1
right_child=1 3 6 4 -6 -7 -8 8 9 -11 -12 12 -14 -15
leaf_value=2.3566124500279289e-05 -0.0030966925096309298 0.00087016367539313386 -0.00030119615923719184 -0.0019133716378381467 8.4348596325232723e-05 -8.0581034305833585e-05 0.00074787621714462603 0.00046493938728585268 -0.0014851954797012359 0.0007074681485891457 -0.0016268603330288137 0.0013035335051116048 -0.00026245412946763368 -0.00051000069036539043
leaf_weight=5616 123 2644 127 120 548 705 192 946 575 258 257 1027 307 829
leaf_count=5616 123 2644 127 120 548 705 192 946 575 258 257 1027 307 829
internal_value=6.6794e-05 0.00030606 -0.000869687 0.000437904 -0.000518202 0.000630963 0.000281636 -4.13696e-05 -0.000504042 -0.00138574 0.000104512 7.91689e-05 0.000693615 -4.74805e-05
internal_weight=14274 4459 442 4017 668 3349 319 9815 2036 833 1203 7779 1334 6445
internal_count=14274 4459 442 4017 668 3349 319 9815 2036 833 1203 7779 1334 6445
is_linear=0
shrinkage=0.025


Tree=614
num_leaves=14
num_cat=0
split_feature=33 35 10 24 22 14 38 35 38 37 32 38 45
split_gain=0.743791 1.18505 1.87233 1.24223 1.2409 0.930418 0.764175 2.0757 1.04632 1.1269 1.05902 0.787087 0.52122
threshold=-0.0031891110120341177 -0.013657571747899054 0.024082139134407047 17.750074386596683 0.75441765785217296 0.5646551549434663 -0.17115406692028043 0.10954382270574571 -0.0014484232524409888 0.014734101016074421 0.64325553178787243 -0.27892369031906122 0.35326485335826879
decision_type=2 2 2 2 2 2 2 2 2 2 2 2 2
left_child=1 4 3 -3 12 -4 7 11 10 -10 -8 -2 -1
right_child=6 2 5 -5 -6 -7 8 -9 9 -11 -12 -13 -14
leaf_value=-6.1654846595351271e-07 0.00038460387151290727 -0.0013167007819441705 -0.00049341431889870873 1.8950532923401856e-06 -0.0018909802445040418 -0.0017022769174381903 -0.00024015515652713116 -0.0017782811128828884 5.8536402558752158e-05 -0.00036879431005388587 0.00046527249870751818 -0.00014027640526404397 0.0012139682066317041
leaf_weight=391 656 292 259 1667 192 177 591 137 1870 846 5182 1307 727
leaf_count=391 656 292 259 1667 192 177 591 137 1870 846 5182 1307 727
internal_value=5.97071e-05 -0.000244272 -0.000575521 -0.000239944 0.000356464 -0.00204932 0.000166722 -0.000258313 0.000272693 -0.000130007 0.000463179 -4.38261e-05 0.000680098
internal_weight=14294 3705 2395 1959 1310 436 10589 2100 8489 2716 5773 1963 1118
internal_count=14294 3705 2395 1959 1310 436 10589 2100 8489 2716 5773 1963 1118
is_linear=0
shrinkage=0.025


Tree=615
num_leaves=9
num_cat=0
split_feature=12 33 22 38 27 34 37 38
split_gain=0.638626 0.614602 1.29362 1.21339 0.872305 0.707392 1.3626 1.03383
threshold=-0.39291308820247645 -0.0025355970719829197 0.58725449442863475 -0.11750972643494605 -0.0040009059011936179 -0.058185368776321404 0.024521977640688423 -0.11399348825216292
decision_type=2 2 2 2 2 2 2 2
left_child=-1 2 3 -2 -4 7 -7 -3
right_child=1 5 4 -5 -6 6 -8 -9
leaf_value=0.0018863061463056845 0.00052022169837969768 -2.9216988556004294e-05 0.00070331885798349781 -0.00025051097396653043 -0.00063040470918843551 2.6691194885130592e-05 0.0017708432701294113 -0.0015540464207153869
leaf_weight=141 1215 699 256 1254 1310 8749 595 129
leaf_count=141 1215 699 256 1254 1310 8749 595 129
internal_value=4.10194e-05 2.36597e-05 -0.000236695 0.000117724 -0.000798058 0.000127616 0.000190261 -0.000568727
internal_weight=14348 14207 4035 2469 1566 10172 9344 828
internal_count=14348 14207 4035 2469 1566 10172 9344 828
is_linear=0
shrinkage=0.025


Tree=616
num_leaves=11
num_cat=0
split_feature=35 28 35 36 40 35 34 37 30 1
split_gain=0.623909 0.946724 0.762517 1.37072 1.17478 0.942122 1.90274 1.15173 0.710321 0.62277
threshold=0.41247424483299261 0.52500000596046459 0.20624481141567233 0.11496162414550783 1.2917216420173647 0.11429632455110551 0.14428272098302844 0.016557741910219196 0.12398662045598031 0.0096136857755482214
decision_type=2 2 2 2 2 2 2 2 2 2
left_child=2 -2 5 9 -5 7 -7 -1 -3 -4
right_child=1 8 3 4 -6 6 -8 -9 -10 -11
leaf_value=0.000160712924231702 -0.0019732133424270977 0.0006819232465894384 6.9081306277586114e-06 0.00071491602008272868 -0.0010120700020307628 -0.00038767866734819442 0.0019966408228577338 -8.8434403473122385e-05 -0.00025333005880165302 -0.0012925889291505689
leaf_weight=4972 156 139 121 2896 162 2472 411 2605 224 133
leaf_count=4972 156 139 121 2896 162 2472 411 2605 224 133
internal_value=8.89236e-05 -0.000756202 0.000121489 0.000451839 0.00060031 1.61253e-05 -0.000367469 0.000163051 -3.05706e-05 -0.00128861
internal_weight=14291 519 13772 3312 3058 10460 2883 7577 363 254
internal_count=14291 519 13772 3312 3058 10460 2883 7577 363 254
is_linear=0
shrinkage=0.025


Tree=617
num_leaves=11
num_cat=0
split_feature=4 45 10 41 47 2 3 5 43 30
split_gain=0.64758 1.52705 0.982412 1.10999 1.33485 0.721527 1.09627 0.588491 0.51271 0.368518
threshold=-0.14889296144247052 0.057776963338255889 0.01428683288395405 0.72728547453880321 0.74303007125854503 -0.25299914181232447 -0.28143721818923945 -0.31322276592254633 -0.21680638939142224 -0.20927981287240979
decision_type=2 2 2 2 2 2 2 2 2 2
left_child=2 -2 7 4 -4 -3 -7 -1 -5 -9
right_child=1 5 3 8 -6 6 -8 9 -10 -11
leaf_value=2.2065250397871782e-05 -0.00084267765356844492 0.0018528974969767042 5.8829259029114444e-05 0.0018141171168140934 -0.0012107354462484099 -0.00070056142316852154 7.6044746845267256e-06 0.00039070693998863976 7.0034753392797638e-05 0.0024591406070290645
leaf_weight=236 207 132 594 225 350 206 11620 204 241 384
leaf_count=236 207 132 594 225 350 206 11620 204 241 384
internal_value=4.62546e-05 -2.51642e-05 0.000437137 3.09188e-05 -0.00045706 1.15984e-05 -8.76924e-06 0.00112033 0.00102707 0.00154089
internal_weight=14399 12165 2234 1410 944 11958 11826 824 466 588
internal_count=14399 12165 2234 1410 944 11958 11826 824 466 588
is_linear=0
shrinkage=0.025


Tree=618
num_leaves=9
num_cat=0
split_feature=39 48 35 36 41 3 41 41
split_gain=0.823464 1.26606 1.24618 0.887495 2.01301 1.08401 0.700452 0.827806
threshold=1.106085002422333 0.71515038609504711 0.43895612657070165 -0.13760903477668759 0.69172459840774547 0.35105857253074652 0.84502726793289196 0.79938045144081127
decision_type=2 2 2 2 2 2 2 2
left_child=1 6 3 4 -2 -5 7 -1
right_child=2 -3 -4 5 -6 -7 -8 -9
leaf_value=-1.5334583083691941e-05 -0.0036131463735990252 -0.0012069113298972627 -0.0023405227432682315 0.00035310083570147944 7.7235395027597386e-05 -0.00028559525088520278 0.0029478637730474674 -0.0013238217254517145
leaf_weight=9254 132 138 120 3324 334 604 123 339
leaf_count=9254 132 138 120 3324 334 604 123 339
internal_value=2.5308e-05 -0.000102318 0.000305101 0.000375938 -0.000644904 0.000499301 -6.72512e-05 -9.23369e-05
internal_weight=14368 9854 4514 4394 466 3928 9716 9593
internal_count=14368 9854 4514 4394 466 3928 9716 9593
is_linear=0
shrinkage=0.025


Tree=619
num_leaves=13
num_cat=0
split_feature=43 46 31 7 33 17 11 21 5 40 16 31
split_gain=0.689388 1.65977 1.65095 1.43439 1.32759 1.28962 1.25751 1.22021 1.19368 1.18134 1.08296 0.82865
threshold=0.034852929413318641 0.6347549855709077 2.2016083002090459 0.0095117604359984415 -0.0093572121113538725 0.87641325592994701 0.019804880023002628 49.628597259521491 1.0282969474792483 0.46519245207309728 0.024065744131803516 1.4588784575462344
decision_type=2 2 2 2 2 2 2 2 2 2 2 2
left_child=2 6 3 10 -5 9 11 -8 -7 -3 -1 -2
right_child=1 5 -4 4 -6 8 7 -9 -10 -11 -12 -13
leaf_value=-0.00024538922223320221 0.001291474899644864 -0.0024355017578737586 -0.0013323384108049965 -0.0012432651490684237 0.00039163074305564421 0.0020528334152872113 0.00053550338606463642 -0.00050115101386483888 1.1419973754540504e-05 -8.0694202087369988e-05 0.00013257876155140931 -0.00032650940476980849
leaf_weight=4317 1234 190 197 126 1969 390 300 350 1213 2464 1397 209
leaf_count=4317 1234 190 197 126 1969 390 300 350 1213 2464 1397 209
internal_value=2.84626e-05 0.000223249 -0.000125296 -6.67071e-05 0.000491072 -5.89511e-05 0.000798975 -0.000104962 0.00049829 -0.000398176 -0.000272556 0.00120943
internal_weight=14356 6350 8006 7809 2095 4257 2093 650 1603 2654 5714 1443
internal_count=14356 6350 8006 7809 2095 4257 2093 650 1603 2654 5714 1443
is_linear=0
shrinkage=0.025


Tree=620
num_leaves=15
num_cat=0
split_feature=22 39 43 40 32 47 11 17 5 32 40 19 36 9
split_gain=0.619326 1.43217 1.66475 1.50047 0.959478 0.865897 0.824444 1.0879 0.932896 0.819478 0.807713 2.28175 0.841498 0.566246
threshold=0.82705175876617443 0.89657261967659008 0.019517267122864727 0.83233803510665905 0.59949123859405529 0.88646370172500621 0.028631622903048996 0.77690300345420849 0.66327643394470226 0.75085633993148815 1.2256724238395693 -0.091084405779838548 0.49588042497634893 0.021894601173698906
decision_type=2 2 2 2 2 2 2 2 2 2 2 2 2 2
left_child=5 2 3 -2 -3 10 8 -8 -7 -4 12 -12 -1 -6
right_child=1 4 9 -5 13 6 7 -9 -10 -11 11 -13 -14 -15
leaf_value=9.1094611923399219e-05 -0.00028207883858503047 -0.00061044544160242307 -0.00093262205436574859 -0.0027003819514559851 0.0013677978882577157 0.001365263828585728 -0.00037208182579993756 0.00031520221493629982 8.7640166374560783e-05 1.503209091582087e-05 -0.0018434171335310536 1.3929032756879071e-05 -0.00048402001728476411 4.2027991044245078e-05
leaf_weight=7448 253 169 151 296 425 425 229 191 383 915 263 968 739 1497
leaf_count=7448 253 169 151 296 425 425 229 191 383 915 263 968 739 1497
internal_value=6.08589e-05 -0.000216586 -0.000775463 -0.00188854 0.000212906 0.000158084 0.00078163 -0.000102941 0.00124693 -0.000190243 7.57456e-05 -0.000518811 0.000166168 0.000375584
internal_weight=14352 3706 1615 549 2091 10646 1228 420 808 1066 9418 1231 8187 1922
internal_count=14352 3706 1615 549 2091 10646 1228 420 808 1066 9418 1231 8187 1922
is_linear=0
shrinkage=0.025


Tree=621
num_leaves=12
num_cat=0
split_feature=43 32 37 5 31 26 29 25 48 10 18
split_gain=0.608841 1.27619 1.63046 1.60154 1.12378 1.11336 0.953498 0.913489 0.812107 0.797961 0.649937
threshold=0.066761393100023284 0.79630306363105785 0.010713704396039249 0.50898966193199169 2.3361346721649174 0.033180890604853637 0.094266869127750411 32.148431777954109 0.38114453852176672 0.02526651602238417 0.023323873989284042
decision_type=2 2 2 2 2 2 2 2 2 2 2
left_child=4 2 3 -2 7 9 -7 8 -1 -3 -4
right_child=1 5 10 -5 -6 6 -8 -9 -10 -11 -12
leaf_value=-0.00025235061418662689 8.4281337799155227e-05 0.00038343311904401144 0.0006097498839096135 -0.0014650411476013377 -0.00093457242577092692 -0.00049625744116487693 0.00014725360504523309 -0.0014197792369627774 6.3786257269466448e-05 0.002860615325562873 -0.00035045713589473382
leaf_weight=2838 177 2694 515 332 185 611 736 147 5516 213 278
leaf_count=2838 177 2694 515 332 185 611 736 147 5516 213 278
internal_value=2.62337e-05 0.000230849 -0.000450459 -0.00154912 -0.000103987 0.000441125 -0.000148853 -6.06924e-05 -2.4973e-05 0.000716432 0.000252193
internal_weight=14242 5556 1302 509 8686 4254 1347 8501 8354 2907 793
internal_count=14242 5556 1302 509 8686 4254 1347 8501 8354 2907 793
is_linear=0
shrinkage=0.025


Tree=622
num_leaves=7
num_cat=0
split_feature=39 41 27 40 46 6
split_gain=0.648242 0.852483 1.49485 0.99292 1.20998 0.724206
threshold=0.10080933943390848 0.31398834288120275 -0.0045106154866516581 0.46519245207309728 0.86720469594001781 0.063824079930782332
decision_type=2 2 2 2 2 2
left_child=-1 2 -2 -3 -5 -4
right_child=1 3 5 4 -6 -7
leaf_value=-0.00035090926344381423 -0.00035081462888244668 -0.0014751747313164016 0.00072175165053236341 -1.7058150447530337e-05 0.00036290217957596154 -0.0002553572832099241
leaf_weight=135 131 182 924 11135 1577 164
leaf_count=135 131 182 924 11135 1577 164
internal_value=3.95532e-05 5.67539e-05 0.000687296 -2.61639e-06 2.34923e-05 0.000996112
internal_weight=14248 14113 1219 12894 12712 1088
internal_count=14248 14113 1219 12894 12712 1088
is_linear=0
shrinkage=0.025


Tree=623
num_leaves=12
num_cat=0
split_feature=1 48 33 15 22 25 7 13 16 16 9
split_gain=0.583437 0.749959 0.735012 1.14135 1.09362 0.870967 0.747356 0.664332 0.615287 0.846623 0.673885
threshold=-0.0079922671429812891 0.97212031483650219 -0.0014869939768686888 0.38793103396892553 0.62199571728706371 -9.1588826179504377 -0.027799219824373719 -0.25215153396129603 0.020106177777051929 0.025207782164216045 0.028094526380300525
decision_type=2 2 2 2 2 2 2 2 2 2 2
left_child=1 8 3 4 -2 7 -7 -4 10 -10 -1
right_child=2 -3 5 -5 -6 6 -8 -9 9 -11 -12
leaf_value=0.00013995691464235106 0.00022149188528350559 -0.00024490072594470896 -4.9954603496650599e-05 -0.0014838561086966708 -0.00034602755782780207 -0.00076880022242319557 4.8576277270603291e-05 -0.00097950872034194281 -0.0001475881846812424 0.00023559040304755479 0.0010351209699479725
leaf_weight=1416 700 196 197 227 1255 203 6172 129 1771 1298 665
leaf_count=1416 700 196 197 227 1255 203 6172 129 1771 1298 665
internal_value=2.39744e-05 0.000230564 -9.9713e-05 -0.000497828 -0.000296556 2.92649e-05 9.50236e-05 -0.00121979 0.000289767 6.22154e-05 0.000621405
internal_weight=14229 5346 8883 2182 1955 6701 6375 326 5150 3069 2081
internal_count=14229 5346 8883 2182 1955 6701 6375 326 5150 3069 2081
is_linear=0
shrinkage=0.025


Tree=624
num_leaves=12
num_cat=0
split_feature=42 31 39 4 45 17 24 26 40 31 12
split_gain=0.628405 0.706761 3.00662 0.942312 1.17418 1.15467 0.692685 0.605374 0.488289 0.804883 0.466379
threshold=-0.11553654447197913 0.053423788398504264 0.78978058695793163 -0.14889296144247052 0.057776963338255889 0.41363121569156652 39.605678558349616 0.020712006837129596 1.1212141513824465 1.0685203075408938 -0.20316427946090695
decision_type=2 2 2 2 2 2 2 2 2 2 2
left_child=6 2 -2 5 -5 -3 8 -4 9 -1 -10
right_child=1 3 7 4 -6 -7 -8 -9 10 -11 -12
leaf_value=0.00011978016129552474 -0.0030003765200784164 0.00015717162898377376 0.0008737343190869173 -0.0013045039265708294 -9.8729657814186626e-06 0.0030584052502249503 0.0036070828523179659 -0.00011394681954817665 2.0020740532974969e-05 -0.00040781693348167106 0.0014620901688311347
leaf_weight=511 154 1184 221 156 10813 211 156 230 155 271 254
leaf_count=511 154 1184 221 156 10813 211 156 230 155 271 254
internal_value=1.28309e-05 -4.01764e-05 -0.000870902 3.0327e-07 -7.7114e-05 0.000611607 0.000526073 0.00015625 0.00031041 -4.92375e-05 0.00100543
internal_weight=14316 12969 605 12364 10969 1395 1347 451 1191 782 409
internal_count=14316 12969 605 12364 10969 1395 1347 451 1191 782 409
is_linear=0
shrinkage=0.025


Tree=625
num_leaves=9
num_cat=0
split_feature=38 40 40 46 36 24 12 48
split_gain=0.715025 0.673801 0.737753 3.56787 0.888249 0.594563 0.815405 0.611988
threshold=-0.29079276323318476 0.37317341566085821 0.46519245207309728 0.72135123610496532 -0.15085972100496289 29.491207122802738 -0.14523716270923612 0.54310345649719249
decision_type=2 2 2 2 2 2 2 2
left_child=5 -2 3 -3 -4 6 -1 -8
right_child=1 2 4 -5 -6 -7 7 -9
leaf_value=0.0013727308760504492 0.00070388730489208103 0.001665503505391516 -0.00029178518729449472 -0.0027518472169960496 1.3931754425538316e-05 -0.0001926792073131341 0.0011403155530704955 -0.00045296559914635232
leaf_weight=235 198 124 720 125 12435 189 150 139
leaf_count=235 198 124 720 125 12435 189 150 139
internal_value=3.36069e-05 -6.52228e-06 -2.86187e-05 -0.00136319 -2.37453e-06 0.000802577 0.00123582 0.000310374
internal_weight=14315 13602 13404 249 13155 713 524 289
internal_count=14315 13602 13404 249 13155 713 524 289
is_linear=0
shrinkage=0.025


Tree=626
num_leaves=15
num_cat=0
split_feature=40 47 36 10 9 40 47 41 44 46 14 40 4 14
split_gain=0.618746 1.52325 1.67119 2.51376 1.29329 1.43195 1.26951 1.04137 2.04399 2.1335 1.24383 1.03186 0.871008 0.79849
threshold=0.94137525558471691 0.67663240432739269 0.067656949162483229 0.024677956476807598 0.027189373970031742 0.98707860708236705 0.54310345649719249 0.6026645600795747 0.014752965420484545 0.58257713913917553 0.91434335708618175 1.2845118045806887 -0.078638952225446687 0.95286133885383617
decision_type=2 2 2 2 2 2 2 2 2 2 2 2 2 2
left_child=7 2 3 -2 11 -6 -4 10 9 -9 12 -3 -1 -12
right_child=1 4 6 -5 5 -7 -8 8 -10 -11 13 -13 -14 -15
leaf_value=-0.00057217552180255002 0.00046843667364763824 0.0057459597666237473 -0.00028441789794325087 -0.00051711139459740792 -0.0014434165914631062 7.3715699315640519e-05 -0.00075520250108266458 0.00010592668557917774 0.0011362324895022467 -0.0015501539127184259 -0.00067461559885533754 5.1992549526157821e-07 7.706764956899088e-05 -0.00013249831596779985
leaf_weight=729 1062 389 2472 168 226 2200 815 483 1605 127 167 239 3328 295
leaf_count=729 1062 389 2472 168 226 2200 815 483 1605 127 167 239 3328 295
internal_value=3.93091e-06 -0.00015064 -0.000442558 0.000339069 0.000279095 1.38833e-05 -0.000737014 0.000178625 0.000622185 -0.000599593 -3.78536e-05 0.00128555 0.000101243 -0.00126071
internal_weight=14305 7571 4517 1230 3054 2426 3287 6734 2215 610 4519 628 4057 462
internal_count=14305 7571 4517 1230 3054 2426 3287 6734 2215 610 4519 628 4057 462
is_linear=0
shrinkage=0.025


Tree=627
num_leaves=8
num_cat=0
split_feature=41 44 48 26 20 38 48
split_gain=0.777991 0.82896 0.6451 4.78306 0.837943 0.617819 0.276269
threshold=0.086012769490480437 0.036924656480550773 0.97212031483650219 0.03157202526926995 0.24413080513477328 -0.14197238534688947 0.50531914830207836
decision_type=2 2 2 2 2 2 2
left_child=-1 2 4 -4 -2 -3 -7
right_child=1 5 3 -5 -6 6 -8
leaf_value=-0.0003157642245964795 -2.6439357883415552e-05 -2.5766214653101128e-05 0.0003881243883434866 -0.0031896789194345975 0.00014925076720026699 9.4982798455523846e-05 0.0022893510680869621
leaf_weight=197 8609 148 239 147 4597 170 230
leaf_count=197 8609 148 239 147 4597 170 230
internal_value=4.78491e-05 7.02546e-05 3.11651e-05 -0.00096867 6.1218e-05 0.00101944 0.00152778
internal_weight=14337 14140 13592 386 13206 548 400
internal_count=14337 14140 13592 386 13206 548 400
is_linear=0
shrinkage=0.025


Tree=628
num_leaves=11
num_cat=0
split_feature=37 16 36 37 47 34 15 47 26 11
split_gain=0.770989 1.13597 0.96165 0.910693 1.47676 1.26499 1.18578 1.02124 0.501836 0.41867
threshold=0.021895317360758785 0.016993483528494838 0.6166227161884309 0.016778284683823589 0.91434335708618175 -0.053249446675181382 0.14343360066413882 0.88646370172500621 0.031936101615428931 0.016568548977375034
decision_type=2 2 2 2 2 2 2 2 2 2
left_child=3 -2 8 5 6 9 -5 -7 -3 -1
right_child=1 2 -4 4 -6 7 -8 -9 -10 -11
leaf_value=1.872410356163655e-05 -0.00049295103403654793 0.0015792253869914314 -0.00085414483401597329 -0.0012609476205747907 -0.0016671369870235608 -2.824977258445217e-05 -4.9141974746839365e-05 0.00037888962434629231 0.0001872436786424106 0.0014554742146629393
leaf_weight=144 133 767 150 129 188 8085 2164 1068 1011 396
leaf_count=144 133 767 150 129 188 8085 2164 1068 1011 396
internal_value=2.3262e-05 0.000470111 0.00062791 -5.20362e-05 -0.000479183 5.68417e-05 -0.000298629 -1.21478e-05 0.000792905 0.00122706
internal_weight=14235 2061 1928 12174 2481 9693 2293 9153 1778 540
internal_count=14235 2061 1928 12174 2481 9693 2293 9153 1778 540
is_linear=0
shrinkage=0.025


Tree=629
num_leaves=9
num_cat=0
split_feature=30 11 31 46 16 35 37 16
split_gain=0.708267 0.615466 1.22759 2.75294 0.998571 0.952052 1.0402 0.855791
threshold=-1.4915761351585386 0.015419909264892341 0.57889869809150707 0.80776411294937145 0.016649560071527961 -0.048106122761964791 0.013150686398148538 0.02738115377724171
decision_type=2 2 2 2 2 2 2 2
left_child=-1 2 3 -2 -4 7 -7 -3
right_child=1 5 4 -5 -6 6 -8 -9
leaf_value=0.00097851809057617617 1.9870399338334781e-05 0.00020204474246827576 0.0025149947178221043 -0.0017446609957921647 0.00021455898237541474 -0.00030128485325179601 -1.5951950384896334e-05 -0.00012846285315176338
leaf_weight=222 2559 2146 501 149 2062 2225 4032 368
leaf_count=222 2559 2146 501 149 2062 2225 4032 368
internal_value=4.056e-05 1.77085e-05 0.000231473 -0.000137763 0.00062354 -0.000110101 -0.000275671 0.000299226
internal_weight=14264 14042 5271 2708 2563 8771 6257 2514
internal_count=14264 14042 5271 2708 2563 8771 6257 2514
is_linear=0
shrinkage=0.025


Tree=630
num_leaves=12
num_cat=0
split_feature=36 11 26 0 33 15 28 36 34 0 36
split_gain=0.621254 1.20777 1.67685 1.03049 0.686476 1.12032 0.950971 0.932793 0.759182 1.16174 0.872464
threshold=0.60637953877449047 0.015477458480745556 0.034407755360007293 0.015636471100151542 -0.0014869939768686888 0.38793103396892553 0.57500001788139354 0.28265497088432318 0.0097651197575032728 0.014254054054617884 0.21809379011392596
decision_type=2 2 2 2 2 2 2 2 2 2 2
left_child=4 -2 3 -3 5 6 -1 -7 10 -10 -6
right_child=1 2 -4 -5 8 7 -8 -9 9 -11 -12
leaf_value=4.4777064092291805e-05 0.0012784058494396634 -0.00058789653938888487 0.00048761318505497381 -0.0025386506763310883 6.8903851216434294e-05 -0.0015559249903712485 -0.00033473016444294514 4.8376110432875259e-05 -7.1171515040304242e-05 0.00021821519093884699 0.0015880808183787174
leaf_weight=3205 188 180 189 122 2276 189 906 132 3902 1869 1154
leaf_count=3205 188 180 189 122 2276 189 906 132 3902 1869 1154
internal_value=4.53134e-05 -0.000688962 -0.00134325 -0.00248778 8.25818e-05 -0.000172132 -5.86126e-05 -0.00158359 0.00020598 2.96486e-05 0.000500364
internal_weight=14312 679 491 302 13633 4432 4111 321 9201 5771 3430
internal_count=14312 679 491 302 13633 4432 4111 321 9201 5771 3430
is_linear=0
shrinkage=0.025


Tree=631
num_leaves=10
num_cat=0
split_feature=19 39 39 3 48 29 48 40 40
split_gain=0.711584 1.19644 0.769494 0.891269 1.28168 0.765778 0.734148 0.986809 0.957549
threshold=0.34686839580535894 0.98324057459831249 1.106085002422333 0.10838513448834421 0.094827588647604003 0.040224501863121993 0.78154808282852184 0.84443899989128124 0.90709242224693309
decision_type=2 2 2 2 2 2 2 2 2
left_child=2 -2 3 4 -1 -5 7 -4 -8
right_child=1 -3 6 5 -6 -7 8 -9 -10
leaf_value=0.00052770800923393241 3.7513349945771855e-05 -0.0015447314490237892 -0.0011055914080205392 -0.00028637203147624258 -0.00022909708989132392 0.00020345199018049454 0.0021281191487715141 0.00056526821227834731 -6.5263742475886847e-06
leaf_weight=571 197 123 123 933 4753 3368 210 1203 2822
leaf_count=571 197 123 123 933 4753 3368 210 1203 2822
internal_value=2.10547e-05 -0.00113462 4.83451e-05 -7.59345e-05 -0.000292503 0.000190722 0.000324032 0.000814237 0.000106602
internal_weight=14303 320 13983 9625 5324 4301 4358 1326 3032
internal_count=14303 320 13983 9625 5324 4301 4358 1326 3032
is_linear=0
shrinkage=0.025


Tree=632
num_leaves=8
num_cat=0
split_feature=2 33 39 33 43 46 3
split_gain=0.748284 0.701447 0.837527 0.910932 0.523798 1.32525 0.657667
threshold=-0.27575215697288508 -0.0032899214420467611 0.3190476149320603 -0.0039895654190331689 0.30397668480873113 0.8479457199573518 0.50287559628486644
decision_type=2 2 2 2 2 2 2
left_child=-1 2 -2 -4 6 -6 -3
right_child=1 4 3 -5 5 -7 -8
leaf_value=0.00099112357662293517 -0.0011887414806144693 8.5845027141681483e-05 -2.3469283027786756e-05 -0.00084772849449071233 -0.00045059046837240689 5.8534087636897182e-05 -0.00067738666155840255
leaf_weight=170 129 8735 3211 281 506 897 286
leaf_count=170 129 8735 3211 281 506 897 286
internal_value=5.31822e-05 3.24734e-05 -0.000266478 -0.000189805 0.000136998 -0.000309837 0.000207318
internal_weight=14215 14045 3621 3492 10424 1403 9021
internal_count=14215 14045 3621 3492 10424 1403 9021
is_linear=0
shrinkage=0.025


Tree=633
num_leaves=12
num_cat=0
split_feature=21 12 20 31 36 1 38 37 27 41 3
split_gain=0.663218 0.680889 0.927747 1.20776 0.70314 0.548137 0.869397 0.524884 0.457258 0.287052 0.203912
threshold=27.098170280456547 -0.3040268719196319 -0.24032929539680478 0.049381246790289886 0.11626088246703149 -0.046419054269790642 -0.11399348825216292 0.020133496262133125 0.003477055463008583 0.69539490342140209 -0.11205894872546195
decision_type=2 2 2 2 2 2 2 2 2 2 2
left_child=5 4 9 -4 8 6 7 -1 -2 -3 -7
right_child=1 2 3 -5 -6 10 -8 -9 -10 -11 -12
leaf_value=0.0001893351034350668 -0.00049569493247973229 0.00068675954931254901 -0.00059988469646567535 9.2385752640152584e-06 -0.00064303983835020413 0.0017753734492448681 -0.00068118370039204127 0.0021462972784618115 0.00016427657961567198 0.00011911865959828027 0.00024136023421358072
leaf_weight=217 132 184 268 12488 152 143 160 140 128 120 224
leaf_count=217 132 184 268 12488 152 143 160 140 128 120 224
internal_value=4.58709e-05 1.76235e-06 3.39649e-05 6.85776e-07 -0.000992206 0.000707255 0.00016523 0.000859807 -0.000165094 0.00138754 0.00144153
internal_weight=14356 13472 13060 12756 412 884 517 357 260 304 367
internal_count=14356 13472 13060 12756 412 884 517 357 260 304 367
is_linear=0
shrinkage=0.025


Tree=634
num_leaves=15
num_cat=0
split_feature=0 22 32 29 40 25 45 18 0 22 2 37 16 43
split_gain=0.611938 0.786715 1.89251 1.08283 0.885191 0.820515 1.22048 0.901214 0.72283 0.811209 1.08484 0.49712 0.66499 0.632866
threshold=0.021502284333109859 0.82705175876617443 0.73802801966667186 0.030574442818760875 0.74876791238784801 -9.4089488983154279 0.78154808282852184 -0.037875078618526452 0.032443249598145492 0.32772494852542883 0.05527115240693093 0.012779302895069124 0.019545686431229118 0.18507772684097293
decision_type=2 2 2 2 2 2 2 2 2 2 2 2 2 2
left_child=1 5 3 -3 -4 6 -1 -7 11 -10 -11 13 -13 -2
right_child=8 2 4 -5 -6 7 -8 -9 9 10 -12 12 -14 -15
leaf_value=-0.00026938594335001103 0.0018629312007689626 3.5062642467926283e-05 -0.00098640490657344974 -0.0012678643089891022 0.00012079301582062664 0.0011166258887255443 0.0014371227277944372 3.625300255971563e-05 0.0015276278054483072 -0.00073591992724466866 7.3512411732080555e-05 -0.00083186986933443978 0.00064960703952177991 -4.5956024546572293e-06
leaf_weight=1715 315 144 293 362 1551 556 189 6815 209 411 911 197 503 120
leaf_count=1715 315 144 293 362 1551 556 189 6815 209 411 911 197 503 120
internal_value=6.44412e-05 -1.3435e-05 -0.000421974 -0.00176859 -4.52947e-05 8.95744e-05 -0.000371268 0.000209633 0.000405747 4.63868e-05 -0.000179917 0.000882676 0.000452128 0.0015483
internal_weight=14291 11625 2350 506 1844 9275 1904 7371 2666 1531 1322 1135 700 435
internal_count=14291 11625 2350 506 1844 9275 1904 7371 2666 1531 1322 1135 700 435
is_linear=0
shrinkage=0.025


Tree=635
num_leaves=13
num_cat=0
split_feature=29 29 32 43 25 35 35 24 47 21 34 42
split_gain=0.532101 1.26133 1.94258 1.71354 0.851304 0.789908 1.02516 1.36005 0.75017 0.741748 0.499683 0.2092
threshold=0.094881050288677229 0.090762536972761168 1.3213635087013247 0.27546031773090368 36.599163055419929 0.2154425382614136 0.059907127171754844 34.97639465332032 0.88646370172500621 54.479112625122077 0.14666676521301272 0.13300955295562747
decision_type=2 2 2 2 2 2 2 2 2 2 2 2
left_child=1 4 3 -3 8 6 9 -8 -1 -2 11 -7
right_child=5 2 -4 -5 -6 10 7 -9 -10 -11 -12 -13
leaf_value=4.5725762158216591e-06 0.0013237533691921452 8.9801651942134951e-05 -0.0015233753415607428 -0.0009718527933390991 0.0020871097749775836 0.0029244515392555402 -0.0017608201781313692 0.00038798715767560316 0.00023848310867703528 -1.7110789422714644e-05 0.00020709921196432622 0.00018615917145349244
leaf_weight=11059 268 448 146 122 138 267 184 194 889 274 167 141
leaf_count=11059 268 448 146 122 138 267 184 194 889 274 167 141
internal_value=9.16831e-05 3.89436e-05 -0.000976075 -0.000293478 9.99711e-05 0.0005375 7.43244e-05 -0.000910574 7.64453e-05 0.00077468 0.00126078 0.00172821
internal_weight=14297 12802 716 570 12086 1495 920 378 11948 542 575 408
internal_count=14297 12802 716 570 12086 1495 920 378 11948 542 575 408
is_linear=0
shrinkage=0.025


Tree=636
num_leaves=11
num_cat=0
split_feature=13 47 9 27 42 0 22 36 21 10
split_gain=0.724073 0.749978 1.06719 0.902825 1.27527 0.930705 0.786015 0.706571 0.418387 0.0879142
threshold=-0.49398656189441675 0.88646370172500621 0.033484255895018585 0.016249200329184536 -0.0078886183910071832 -0.031532352790236466 0.77883952856063854 -0.15085972100496289 63.869436264038093 0.016646205447614196
decision_type=2 2 2 2 2 2 2 2 2 2
left_child=7 3 8 5 -5 -2 -4 -1 -3 -9
right_child=1 2 6 4 -6 -7 -8 9 -10 -11
leaf_value=-2.1337142901501941e-05 -0.00033646285457631107 0.0025562588495022182 7.9750857847610059e-05 0.00016150791083232135 -0.001327028807619451 1.0639432503553931e-05 -0.00050996387674566543 0.0016786696628451826 0.0012311762746321378 0.0010981340325518112
leaf_weight=123 718 218 812 195 273 11173 315 148 151 156
leaf_count=123 718 218 812 195 273 11173 315 148 151 156
internal_value=5.94072e-05 2.75073e-05 0.000555463 -3.60926e-05 -0.00110729 5.9895e-06 0.000164532 0.00106771 0.00171457 0.00171117
internal_weight=14282 13855 1496 12359 468 11891 1127 427 369 304
internal_count=14282 13855 1496 12359 468 11891 1127 427 369 304
is_linear=0
shrinkage=0.025


Tree=637
num_leaves=14
num_cat=0
split_feature=36 16 43 27 31 36 34 35 35 34 37 35 24
split_gain=0.520677 1.50057 1.48498 1.33703 1.28653 1.00561 1.80278 2.04107 1.47893 2.28415 1.50992 1.29904 0.6323
threshold=0.37813426554203039 0.023953829891979698 -0.32680383324623102 -0.010665487032383679 0.84607723355293285 0.22587104886770251 0.090720370411872878 0.0062867188826203355 0.14124343544244769 0.13173542171716693 0.0090185254812240618 0.14005291461944583 41.287851333618171
decision_type=2 2 2 2 2 2 2 2 2 2 2 2 2
left_child=5 2 -2 -3 -4 8 7 -7 10 -10 -1 -8 -5
right_child=1 3 4 12 -6 6 11 -9 9 -11 -12 -13 -14
leaf_value=0.0013925484482759164 -0.0012538137689490584 -0.0014320600234063933 0.0003503422445224965 0.00060904578231392946 -0.00073931238281593238 -0.00015094518282465964 -0.0014134303243276795 0.0018216309361331581 -0.00076787260582923721 0.0014852929124330053 -8.6131955125364639e-06 3.2122577353868261e-05 -7.7855646988462228e-05
leaf_weight=967 158 133 427 1150 929 629 208 1796 963 324 5313 875 443
leaf_count=967 158 133 427 1150 929 629 208 1796 963 324 5313 875 443
internal_value=5.63025e-05 -0.000221495 -0.000795754 0.000279463 -0.000517083 0.0001382 0.000487831 0.00086677 -2.32765e-05 -0.000794311 0.000134248 -0.000355009 0.000485764
internal_weight=14315 3240 1514 1726 1356 11075 3508 2425 7567 1287 6280 1083 1593
internal_count=14315 3240 1514 1726 1356 11075 3508 2425 7567 1287 6280 1083 1593
is_linear=0
shrinkage=0.025


Tree=638
num_leaves=15
num_cat=0
split_feature=39 43 31 11 40 12 30 31 39 38 40 38 41 42
split_gain=0.912945 0.921209 2.4274 1.5734 0.993979 0.989166 0.797072 2.06676 2.45728 1.19032 0.821109 1.57209 0.777626 0.714603
threshold=1.106085002422333 0.049832191318273551 2.1341483592987065 0.013203730806708338 0.83233803510665905 -0.16602604091167447 -0.054596595466136925 0.39998431503772741 1.3575709462165835 -0.12049678713083266 1.3052054047584536 -0.14912124723196027 0.50342619419097911 0.00074805889744311582
decision_type=2 2 2 2 2 2 2 2 2 2 2 2 2 2
left_child=1 2 4 12 -1 -5 10 8 -8 -9 13 -12 -3 -2
right_child=6 3 -4 5 -6 -7 7 9 -10 -11 11 -13 -14 -15
leaf_value=5.6145848364771058e-05 0.0011100805358485904 0.0016799141940600009 -0.0018800445363906654 0.00035961775135781007 -0.00022840481429723067 -9.3657863255082978e-05 -6.267907830003923e-06 0.0026448985893997574 -0.0016751975930669035 3.6639610971057085e-05 0.00014535471729753164 -0.00084815383381391302 0.00019569706879729622 8.1775985501298727e-05
leaf_weight=1931 999 772 132 487 3331 2639 357 356 197 1503 244 198 469 567
leaf_count=1931 999 772 132 487 3331 2639 357 356 197 1503 244 198 469 567
internal_value=7.39234e-05 -6.05416e-05 -0.00027945 0.000208429 -0.000192472 -8.9029e-05 0.00037195 6.25518e-05 -0.00126789 0.000464726 0.000739568 -0.000198546 0.000960072 0.00100812
internal_weight=14182 9761 5394 4367 5262 3126 4421 2413 554 1859 2008 442 1241 1566
internal_count=14182 9761 5394 4367 5262 3126 4421 2413 554 1859 2008 442 1241 1566
is_linear=0
shrinkage=0.025


Tree=639
num_leaves=10
num_cat=0
split_feature=19 26 10 45 35 5 31 10 36
split_gain=0.50452 1.12555 1.02387 0.798795 0.751173 1.00528 1.569 1.11935 0.282486
threshold=0.14149743318557742 0.018566151149570945 0.0076423620339483031 0.99137932062149059 0.41866117715835577 0.72204387187957775 0.92696112394332897 0.017808667384088043 0.28265497088432318
decision_type=2 2 2 2 2 2 2 2 2
left_child=4 -2 8 -4 5 6 -1 -7 -3
right_child=1 2 3 -5 -6 7 -8 -9 -10
leaf_value=6.5595341768894203e-05 -0.0010883035417025458 0.00017471069999747406 -6.5956160600213389e-05 -0.00085460041786414699 -0.0011191914214414495 0.0010362059481368699 -0.00038299569140753313 2.54986361151547e-05 0.0031904442357496635
leaf_weight=7622 153 125 2353 145 157 968 1391 1286 131
leaf_count=7622 153 125 2353 145 157 968 1391 1286 131
internal_value=6.07737e-05 -0.000232229 -0.000111906 -0.000269177 0.000135948 0.000160686 4.17222e-05 0.00063247 0.00137452
internal_weight=14331 2907 2754 2498 11424 11267 9013 2254 256
internal_count=14331 2907 2754 2498 11424 11267 9013 2254 256
is_linear=0
shrinkage=0.025


Tree=640
num_leaves=13
num_cat=0
split_feature=33 33 35 29 4 36 15 36 36 35 29 13
split_gain=0.72553 0.76595 0.798388 1.42597 0.951377 0.767855 0.842454 0.502739 1.56083 0.95823 0.627654 0.55742
threshold=0.014091975986957552 0.010536298621445896 -0.12450252845883368 0.041915776208043105 -0.11762496083974837 0.38531298935413366 0.80172413587570202 0.22228828817605975 0.16085882484912875 0.41247424483299261 0.038737775757908828 -0.42069531977176661
decision_type=2 2 2 2 2 2 2 2 2 2 2 2
left_child=1 2 3 -1 -4 6 -3 8 11 10 -9 -2
right_child=7 5 4 -5 -6 -7 -8 9 -10 -11 -12 -13
leaf_value=-0.0012275519362031336 0.0013371512155142095 -0.00042154621412041879 0.00030262842153285158 1.8537683793128791e-05 -9.3463968621920535e-06 -0.0010066949401788094 0.0030050905853067529 -0.00069564108471006502 -0.00063295911836698277 -0.00048272608289326793 0.0019948391629732382 6.0972636413722081e-05
leaf_weight=239 158 700 1735 481 8673 126 126 126 148 231 790 859
leaf_count=239 158 700 1735 481 8673 126 126 126 148 231 790 859
internal_value=3.63792e-05 -4.08563e-05 1.69542e-05 -0.000784483 7.33459e-05 -0.000719697 -0.000425692 0.000441843 6.94445e-05 0.000812717 0.00117671 0.000426859
internal_weight=14392 12080 11128 720 10408 952 826 2312 1165 1147 916 1017
internal_count=14392 12080 11128 720 10408 952 826 2312 1165 1147 916 1017
is_linear=0
shrinkage=0.025


Tree=641
num_leaves=9
num_cat=0
split_feature=29 29 22 48 47 7 42 24
split_gain=0.771979 3.16115 1.42154 1.02385 1.18965 0.614722 0.560131 0.591705
threshold=0.094266869127750411 0.092175439000129714 1.0876687169075014 0.077035948634147658 0.019258987158536914 0.0045266898814588794 0.25861527025699621 25.836256027221683
decision_type=2 2 2 2 2 2 2 2
left_child=1 3 6 5 -5 -1 7 -2
right_child=2 -3 -4 4 -6 -7 -8 -9
leaf_value=0.00064485605387291619 4.1810203311320465e-05 -0.001650410156002774 -0.0012169526573228184 -0.0017435262534763853 -3.6421186120032509e-06 2.5672708457228593e-05 -0.00014312476104923994 0.00099732861515345814
leaf_weight=483 514 220 124 150 11225 312 164 1016
leaf_count=483 514 220 124 150 11225 312 164 1016
internal_value=3.43876e-05 -3.58006e-05 0.000514948 1.79672e-05 -4.2289e-05 0.000882813 0.000708505 0.000859121
internal_weight=14208 12390 1818 12170 11375 795 1694 1530
internal_count=14208 12390 1818 12170 11375 795 1694 1530
is_linear=0
shrinkage=0.025


Tree=642
num_leaves=11
num_cat=0
split_feature=4 17 47 45 3 42 16 43 17 22
split_gain=0.629877 1.10639 1.44297 1.35187 0.865577 0.813809 0.845003 0.82448 0.58081 0.183062
threshold=-0.12773676961660382 0.41908054053783422 0.76228907704353344 0.10491563007235528 -0.3093618899583816 -0.11553654447197913 0.020797106437385086 -0.19617359340190885 -0.281911090016365 0.33150258660316473
decision_type=2 2 2 2 2 2 2 2 2 2
left_child=1 2 8 -4 -2 6 -6 -7 -1 -3
right_child=4 9 3 -5 5 7 -8 -9 -10 -11
leaf_value=-2.3235157856126931e-06 -0.00097008688761698837 0.00056574210314507456 -0.0016902829244379064 3.9969176502510852e-05 0.0011341739567180262 -0.0004969391892342117 2.6773383257441316e-05 5.0984252452387771e-06 0.00050837797635162234 0.00281305311495081
leaf_weight=664 165 141 198 205 332 1216 627 9464 1058 167
leaf_count=664 165 141 198 205 332 1216 627 9464 1058 167
internal_value=4.46743e-05 0.000410685 0.000202465 -0.00113051 -3.03793e-05 -3.97191e-06 0.000691131 -6.72671e-05 0.000520411 0.00180112
internal_weight=14237 2433 2125 403 11804 11639 959 10680 1722 308
internal_count=14237 2433 2125 403 11804 11639 959 10680 1722 308
is_linear=0
shrinkage=0.025


Tree=643
num_leaves=9
num_cat=0
split_feature=31 11 29 26 40 10 12 20
split_gain=0.589949 1.51988 1.55642 0.749619 0.602419 0.599393 0.555911 0.351026
threshold=0.053423788398504264 0.015654272399842743 0.050539139658212669 0.01235887221992016 0.75514882802963268 0.04402620159089566 -0.31015013158321375 -0.27775569260120386
decision_type=2 2 2 2 2 2 2 2
left_child=1 -1 7 4 -2 6 -5 -3
right_child=3 2 -4 5 -6 -7 -8 -9
leaf_value=-0.00087042747168057416 -1.5562816850584512e-05 0.001762397214704814 -0.0011994236912379887 -0.00036545571441039661 0.00114882272412067 0.0013094708800858385 2.361045134978747e-05 3.9174857394938116e-05
leaf_weight=238 120 144 122 337 225 153 12763 253
leaf_count=238 120 144 122 337 225 153 12763 253
internal_value=5.09228e-05 -0.000625 0.000126431 8.92267e-05 0.00123214 5.85496e-05 3.95842e-05 0.000898632
internal_weight=14355 757 519 13598 345 13253 13100 397
internal_count=14355 757 519 13598 345 13253 13100 397
is_linear=0
shrinkage=0.025


Tree=644
num_leaves=13
num_cat=0
split_feature=33 41 22 21 47 16 41 34 37 36 35 39
split_gain=0.960793 1.20275 0.870383 0.825117 0.798319 0.687826 1.05027 0.727534 0.643939 1.31864 1.09531 0.495284
threshold=-0.0014869939768686888 0.16947054862976077 0.63018068671226513 68.436016082763686 0.88646370172500621 0.01475461106747389 0.66660353541374218 0.016621670685708526 0.021010483615100387 0.52496865391731273 -0.17625569552183148 0.63791689276695263
decision_type=2 2 2 2 2 2 2 2 2 2 2 2
left_child=1 -1 4 -4 -3 6 11 -8 10 -10 -7 -2
right_child=5 2 3 -5 -6 8 7 -9 9 -11 -12 -13
leaf_value=-0.0011667157014074682 -1.9403463819519986e-05 -2.5371547741198384e-05 -0.00077727542161031699 -7.027422266026374e-06 0.0006857547716145263 -0.0011920407571694564 0.0018214080401961511 -0.00067539359515307227 0.0008962270644542645 -0.00077318574773660627 9.3233270257798322e-06 0.0034230067189447615
leaf_weight=128 129 2507 808 721 309 128 147 174 1150 252 7278 524
leaf_count=128 129 2507 808 721 309 128 147 174 1150 252 7278 524
internal_value=2.67357e-05 -0.000276072 -0.000202586 -0.00068204 5.62745e-05 0.000165909 0.000795455 -0.000356595 9.5172e-05 0.000585466 1.18077e-06 0.00136968
internal_weight=14255 4473 4345 1529 2816 9782 974 321 8808 1402 7406 653
internal_count=14255 4473 4345 1529 2816 9782 974 321 8808 1402 7406 653
is_linear=0
shrinkage=0.025


Tree=645
num_leaves=14
num_cat=0
split_feature=31 3 44 46 44 20 36 40 43 11 40 47 3
split_gain=0.51386 1.06798 2.03042 1.38292 0.939482 0.62276 2.43846 1.08301 0.964852 1.69692 0.938211 0.809429 0.612609
threshold=2.3767551183700566 0.55922853946685802 0.028646077960729602 0.91303688287734996 0.033019529655575759 0.37207975983619695 0.14045994728803637 0.8691898286342622 0.32110843062400823 0.016398426145315174 0.87517720460891735 0.86720469594001781 0.68802121281623851
decision_type=2 2 2 2 2 2 2 2 2 2 2 2 2
left_child=5 2 3 -2 -4 8 7 -7 11 -10 -8 -1 -3
right_child=1 12 4 -5 -6 6 10 -9 9 -11 -12 -13 -14
leaf_value=1.0576837880602033e-05 -0.00069179720969584572 0.0033303148023415777 -0.0030078476830970339 0.0015414569428517655 -0.0001524859701116889 0.00012889284810122816 0.0024179205492147887 -0.0012980696280959045 0.00082595802854607252 -0.00060731648966860915 0.00014495398445744191 0.00040148492237376902 -2.3713023939725126e-05
leaf_weight=9557 263 141 161 273 188 123 596 176 136 283 1270 923 167
leaf_count=9557 263 141 161 273 188 123 596 176 136 283 1270 923 167
internal_value=8.84344e-05 -0.000405885 -0.000849719 0.000108595 -0.00231992 0.000134192 0.000521313 -0.00155016 5.6516e-05 -0.00111144 0.000859834 0.000104316 0.000842652
internal_weight=14257 1193 885 536 349 13064 2165 299 10899 419 1866 10480 308
internal_count=14257 1193 885 536 349 13064 2165 299 10899 419 1866 10480 308
is_linear=0
shrinkage=0.025


Tree=646
num_leaves=15
num_cat=0
split_feature=33 35 36 5 16 34 5 24 36 34 35 31 8 32
split_gain=0.777925 1.08175 1.47531 3.10686 1.26455 1.05783 1.34569 1.17442 0.770547 0.911237 1.17702 0.820576 0.85344 0.606874
threshold=0.0061868757475167522 0.050088072195649154 0.12095010653138162 0.053714988753199584 0.020622772164642814 0.025869035162031654 0.10766320303082468 18.776289939880375 0.23597877472639087 0.14428272098302844 0.14124343544244769 2.4977133274078374 0.018343820236623291 0.98522546887397777
decision_type=2 2 2 2 2 2 2 2 2 2 2 2 2 2
left_child=1 5 3 -3 -4 6 -1 -7 9 10 -2 12 -10 -13
right_child=8 2 4 -5 -6 7 -8 -9 11 -11 -12 13 -14 -15
leaf_value=-3.600416040748027e-05 2.1636836308643642e-05 0.00011855092508575597 0.00039273592802047401 -0.0012842370301365258 -0.00018972248316866957 -0.00081999726121857015 0.00090255383804807977 2.2883756708687922e-05 -0.00033721229783953801 0.0012044397714860548 -0.00077721229394725466 -0.0012204928525960561 0.00092805402251662115 0.00061785242367837418
leaf_weight=1303 1898 544 1316 696 2371 361 1792 679 298 327 507 178 1794 171
leaf_count=1303 1898 544 1316 696 2371 361 1792 679 298 327 507 178 1794 171
internal_value=5.48632e-05 -8.42339e-05 -0.000334803 -0.00107932 -8.15952e-05 0.000212862 0.000445565 -0.000472488 0.000299585 8.67748e-06 -0.000158195 0.000621934 0.000810086 -0.000483757
internal_weight=14235 9062 4927 1240 3687 4135 3095 1040 5173 2732 2405 2441 2092 349
internal_count=14235 9062 4927 1240 3687 4135 3095 1040 5173 2732 2405 2441 2092 349
is_linear=0
shrinkage=0.025


Tree=647
num_leaves=13
num_cat=0
split_feature=37 37 19 30 15 19 40 22 47 34 30 36
split_gain=0.665131 1.08653 1.37918 1.28828 1.26817 1.03349 0.853751 1.56165 0.817743 1.17637 1.03989 0.765704
threshold=0.023057932034134868 0.016557741910219196 0.084192980080842986 0.062445765361189849 0.66379308700561535 0.17497397214174273 1.1672213077545168 0.31468744575977331 0.82868674397468578 0.029888775199651722 0.33151254057884222 0.52496865391731273
decision_type=2 2 2 2 2 2 2 2 2 2 2 2
left_child=1 8 4 -4 -3 6 11 -8 9 -1 -10 -2
right_child=5 2 3 -5 -6 -7 7 -9 10 -11 -12 -13
leaf_value=0.00023374694711671094 0.001152887021102657 -0.00019656007695738402 0.0017938105760047095 -0.00012901136575674323 -0.00077096057795391791 -0.001149788212598148 -0.0017935796391199054 0.00082008063828969448 8.1127627936398653e-06 -0.00010414792411235416 0.0017139751997224156 -0.00018301443832441524
leaf_weight=3204 1170 1271 352 712 610 137 128 148 984 4655 604 285
leaf_count=3204 1170 1271 352 712 610 137 128 148 984 4655 604 285
internal_value=8.32466e-06 -5.75743e-05 -0.000476695 0.000237371 -0.000883483 0.000447811 0.00061708 -0.000636121 7.26038e-05 -3.13135e-05 0.000589297 0.000860445
internal_weight=14260 12392 2945 1064 1881 1868 1731 276 9447 7859 1588 1455
internal_count=14260 12392 2945 1064 1881 1868 1731 276 9447 7859 1588 1455
is_linear=0
shrinkage=0.025


Tree=648
num_leaves=12
num_cat=0
split_feature=39 48 25 36 43 8 26 40 3 4 13
split_gain=0.68341 1.28174 0.931615 1.5199 1.0607 0.777649 1.24596 1.31745 0.785601 0.349623 0.557992
threshold=1.106085002422333 0.69589141011238109 -2.4214544296264644 -0.03503217734396457 0.12072477117180826 0.016922652721405033 0.018326549790799621 1.1891165971755984 0.35105857253074652 -0.053895853459835046 -0.15463965386152265
decision_type=2 2 2 2 2 2 2 2 2 2 2
left_child=1 2 4 -4 -1 9 7 -7 -8 -2 -11
right_child=5 -3 3 -5 -6 6 8 -9 -10 10 -12
leaf_value=-0.0003176326648879948 0.0020254700862743676 -0.001148560332839516 0.0010438144119614306 2.3768316686767725e-06 0.00040576787517310236 1.760066451526877e-05 0.00012188266041073334 -0.0015459633765618319 -0.00025584747658431392 -0.00026242439166221355 0.00046868932966171974
leaf_weight=2248 185 230 794 6035 529 158 3118 121 646 121 126
leaf_count=2248 185 230 794 6035 529 158 3118 121 646 121 126
internal_value=5.21271e-05 -6.38908e-05 -1.85984e-05 0.000137731 -0.000404835 0.000308315 0.000197937 -0.00139525 0.000319382 0.00131293 0.000639881
internal_weight=14311 9836 9606 6829 2777 4475 4043 279 3764 432 247
internal_count=14311 9836 9606 6829 2777 4475 4043 279 3764 432 247
is_linear=0
shrinkage=0.025


Tree=649
num_leaves=12
num_cat=0
split_feature=21 22 21 39 27 29 32 16 9 27 8
split_gain=0.757676 1.10055 1.08717 0.887762 0.754316 0.745368 2.28934 0.939475 0.539444 0.680526 0.529583
threshold=78.409240722656264 0.87119266390800487 73.203605651855483 0.96319130063056957 0.0047428428661078223 0.094944600015878691 1.4366512298583987 0.023740396834909919 0.037483930587768562 0.0097709284164011496 0.024678050540387634
decision_type=2 2 2 2 2 2 2 2 2 2 2
left_child=1 5 3 -3 -4 6 -1 -7 9 10 -2
right_child=8 2 4 -5 -6 7 -8 -9 -10 -11 -12
leaf_value=2.0360987734653957e-05 0.00043889368256544534 -0.00041220212034279169 -0.0004709875795331042 0.00016103301380941454 -0.0020408610968957633 4.2505447146175976e-05 -0.0013770069914617873 0.0012745827617347868 -0.00098646108888423688 -0.00057178783417005446 0.0018445945656570348
leaf_weight=9861 601 826 320 730 185 528 133 453 123 155 343
leaf_count=9861 601 826 320 730 185 528 133 453 123 155 343
internal_value=5.70533e-05 6.71054e-07 -0.000528194 -0.000194587 -0.00153186 0.000100751 3.53786e-05 0.000756846 0.000650978 0.000829937 0.00108404
internal_weight=14258 13036 2061 1556 505 10975 9994 981 1222 1099 944
internal_count=14258 13036 2061 1556 505 10975 9994 981 1222 1099 944
is_linear=0
shrinkage=0.025


Tree=650
num_leaves=8
num_cat=0
split_feature=25 25 4 29 17 18 46
split_gain=0.496872 0.89337 1.41349 0.626365 0.532417 0.631021 0.481324
threshold=36.599163055419929 32.148431777954109 0.43479451537132269 0.091335371136665358 -0.41872143745422358 -0.013891725335270165 0.019258987158536914
decision_type=2 2 2 2 2 2 2
left_child=1 4 -3 -2 5 -1 -6
right_child=3 2 -4 -5 6 -7 -8
leaf_value=-7.3544883639645381e-05 0.0019255559243284441 -0.0016022604599161745 5.3255714699493493e-05 -5.1642582848571264e-05 -0.00036698456350314036 0.00035870019169457454 1.5107322459897186e-06
leaf_weight=258 141 138 134 130 120 465 12837
leaf_count=258 141 138 134 130 120 465 12837
internal_value=2.29302e-05 1.70175e-06 -0.00140343 0.00107337 3.05993e-05 0.00068853 -5.88249e-06
internal_weight=14223 13952 272 271 13680 723 12957
internal_count=14223 13952 272 271 13680 723 12957
is_linear=0
shrinkage=0.025


Tree=651
num_leaves=14
num_cat=0
split_feature=33 35 38 27 34 16 34 36 19 8 44 43 17
split_gain=0.633328 1.4179 1.28564 1.08676 0.687693 1.4303 1.4238 1.45533 1.05783 0.944139 0.875206 0.612537 0.70408
threshold=-0.0032899214420467611 -0.013657571747899054 -0.21481008082628247 0.0029022798407822852 -0.059203272685408585 0.020489935763180259 0.0097651197575032728 0.10426279157400133 -0.077864073216915117 0.031913669779896743 0.02110669203102589 0.34733337163925176 0.14666447788476947
decision_type=2 2 2 2 2 2 2 2 2 2 2 2 2
left_child=1 11 -3 -4 5 10 7 -6 -8 -7 -2 12 -1
right_child=4 2 3 -5 6 9 8 -9 -10 -11 -12 -13 -14
leaf_value=-2.126992594691082e-05 -0.0001447181289883399 -0.0018036906882524875 -1.6201225555134533e-05 -0.00099117783295959625 6.7660249774836731e-05 0.00087407717578661152 -0.00088574547746657264 0.0018547008297588544 1.6922689794170803e-05 -0.00014782869122387403 -0.0016310363169483332 -0.00027674972325506837 0.0013716355918515855
leaf_weight=443 156 122 1552 683 1762 259 263 1134 6520 342 125 135 683
leaf_count=443 156 122 1552 683 1762 259 263 1134 6520 342 125 135 683
internal_value=4.34469e-05 -0.000241167 -0.000603831 -0.000460379 0.00014161 -0.00052283 0.000203041 0.000666581 3.86721e-06 0.000158828 -0.00197989 0.000431477 0.000626658
internal_weight=14179 3618 2357 2235 10561 882 9679 2896 6783 601 281 1261 1126
internal_count=14179 3618 2357 2235 10561 882 9679 2896 6783 601 281 1261 1126
is_linear=0
shrinkage=0.025


Tree=652
num_leaves=11
num_cat=0
split_feature=16 16 6 3 16 36 33 35 40 42
split_gain=0.642784 1.10208 1.8122 0.960603 0.893711 0.767732 1.3817 0.774549 0.689484 0.376237
threshold=0.031839871779084213 0.034789776429533965 0.039229506626725204 0.095857605338096633 0.028496605344116691 0.49588042497634893 0.0052241429220885047 0.18743147701025012 1.1760890483856203 -0.098299935460090623
decision_type=2 2 2 2 2 2 2 2 2 2
left_child=4 2 -2 -3 5 7 -7 -1 9 -6
right_child=1 3 -4 -5 8 6 -8 -9 -10 -11
leaf_value=-6.9251457604029164e-07 3.891022517946304e-05 -0.00045490233031493998 -0.0013203640308325027 0.0028586728385602243 0.00010768108312932541 -0.0015407937146221179 2.3835751940556564e-05 0.00025900457941566499 -0.00029463401336525508 0.0013226464437696627
leaf_weight=9191 181 179 210 183 128 337 556 2576 170 609
leaf_count=9191 181 179 210 183 128 337 556 2576 170 609
internal_value=6.58814e-05 -0.000641491 -0.00155619 0.000337194 0.000105825 5.08291e-05 -0.00065284 0.000105016 0.000862116 0.00119441
internal_weight=14320 753 391 362 13567 12660 893 11767 907 737
internal_count=14320 753 391 362 13567 12660 893 11767 907 737
is_linear=0
shrinkage=0.025


Tree=653
num_leaves=13
num_cat=0
split_feature=29 32 14 14 22 5 38 3 30 34 18 5
split_gain=0.763042 0.938301 2.72592 1.09015 0.835823 0.667802 0.654368 0.937271 0.794098 0.493504 0.594455 0.0495341
threshold=0.09524793922901155 1.3056870698928835 0.52457812428474437 0.90517240762710582 0.29281571507453924 1.0185080766677859 -0.29284955561161036 -0.28143721818923945 -0.05066243186593055 0.032785838469862945 0.017605593428015712 0.6565767526626588
decision_type=2 2 2 2 2 2 2 2 2 2 2 2
left_child=1 6 4 -4 -3 9 8 -8 -1 10 -2 -11
right_child=5 2 3 -5 -6 -7 7 -9 -10 11 -12 -13
leaf_value=0.0018791943781176102 0.0017965697692057419 -0.00023026086236317027 -0.00083493224963829499 -0.0016800976311715219 0.0015025224616076961 -0.00021548887830612421 -0.00040947336562615483 3.979206212718284e-06 -1.8023995129453948e-05 0.0043283853491920899 -0.00010355054371134705 0.0024805979315285307
leaf_weight=272 128 127 319 129 215 193 442 11731 280 154 128 120
leaf_count=272 128 127 319 129 215 193 442 11731 280 154 128 120
internal_value=2.72073e-06 -3.92935e-05 -0.000872641 -0.00214956 0.000788905 0.000791552 1.22742e-05 -2.55583e-05 0.000850539 0.00125 0.000416667 0.00198477
internal_weight=14238 13515 790 448 342 723 12725 12173 552 530 256 274
internal_count=14238 13515 790 448 342 723 12725 12173 552 530 256 274
is_linear=0
shrinkage=0.025


Tree=654
num_leaves=15
num_cat=0
split_feature=39 48 11 41 38 43 31 3 36 5 44 17 31 38
split_gain=0.671773 1.19484 1.08441 1.5816 1.61105 1.04564 1.21246 0.990291 3.31344 1.62842 0.959769 0.531271 1.71087 0.12774
threshold=1.106085002422333 0.78154808282852184 0.021532656624913219 0.8039749562740327 -0.16273326426744458 0.014615777879953386 1.8554095029830935 0.34663221240043646 0.27482233941555029 0.12649670243263247 0.012745491694658996 0.64904198050498974 0.87649324536323558 -0.015344494022428988
decision_type=2 2 2 2 2 2 2 2 2 2 2 2 2 2
left_child=2 11 5 4 -4 6 -1 9 -9 -3 -7 12 -2 -13
right_child=1 7 3 -5 -6 10 -8 8 -10 -11 -12 13 -14 -15
leaf_value=-5.8263901181193885e-05 0.00078682040482017644 -0.00027464220327299774 0.00027780038630684554 -0.0019900693890439959 -0.00031443379286995814 -0.00067449327562878235 -0.0012994238301372366 -0.0019260705789375344 7.5192760119993662e-05 0.00033910898415313683 0.00031058253631966826 0.0026798641161975547 -0.0018241680678396884 0.00033764950124164843
leaf_weight=3774 831 943 577 234 1222 214 128 125 383 1668 3676 204 189 120
leaf_count=3774 831 943 577 234 1222 214 128 125 383 1668 3676 204 189 120
internal_value=-1.66156e-06 0.00025207 -0.000117625 -0.000631133 -0.00037209 1.58716e-05 -0.000272268 -1.48046e-05 -0.00102096 0.000180142 0.000306483 0.000873795 0.000579268 0.00175912
internal_weight=14288 4463 9825 2033 1799 7792 3902 3119 508 2611 3890 1344 1020 324
internal_count=14288 4463 9825 2033 1799 7792 3902 3119 508 2611 3890 1344 1020 324
is_linear=0
shrinkage=0.025


Tree=655
num_leaves=14
num_cat=0
split_feature=48 47 41 29 31 46 46 40 35 5 41 46 35
split_gain=0.667625 1.09046 2.83545 3.23545 1.68286 2.90559 1.42463 1.08187 1.06324 1.09765 0.852324 1.50958 1.00145
threshold=0.35326485335826879 0.48606015741825109 0.36725743114948278 0.043710134923458106 0.6536967158317567 0.79128858447074901 0.93042954802513134 0.86602813005447399 0.41866117715835577 0.96446675062179577 0.633997142314911 0.44270250201225286 0.11429632455110551
decision_type=2 2 2 2 2 2 2 2 2 2 2 2 2
left_child=1 4 6 -4 5 -1 -3 -6 10 -10 12 -12 -2
right_child=8 2 3 -5 7 -7 -8 -9 9 -11 11 -13 -14
leaf_value=-3.7610964087660745e-05 0.0010662481616993981 0.00020537382410855512 -0.0031069686297702597 -0.00058678518915752725 0.0018044306966292245 -0.0014896970612718764 -0.00040618404764528726 -2.9599398915226433e-05 -0.0022959713804596381 2.368962071473322e-05 0.00014991858333211183 -0.00016655343639052363 2.6015177980647941e-05
leaf_weight=1787 1641 728 133 437 838 165 321 599 140 150 2610 2616 2028
leaf_count=1787 1641 728 133 437 838 165 321 599 140 150 2610 2616 2028
internal_value=1.24138e-05 -0.00021918 -0.000752001 -0.00216304 3.42517e-05 -0.000441364 1.54175e-05 0.000683946 0.000139418 -0.00133475 0.000188905 -1.50544e-05 0.000480743
internal_weight=14193 5008 1619 570 3389 1952 1049 1437 9185 290 8895 5226 3669
internal_count=14193 5008 1619 570 3389 1952 1049 1437 9185 290 8895 5226 3669
is_linear=0
shrinkage=0.025


Tree=656
num_leaves=15
num_cat=0
split_feature=1 34 37 35 1 47 39 5 39 37 37 5 4 8
split_gain=0.657297 0.93049 1.1827 1.07665 1.23251 1.2244 0.9456 0.818784 1.51065 0.866576 1.06642 0.80981 0.705683 0.451641
threshold=-0.0079922671429812891 -0.032424243167042725 0.019648350775241855 -0.02406427729874849 0.027501038275659088 0.57171678543090831 1.4214262366294863 1.0852286815643313 0.81500419974327099 0.016696170903742317 0.018183923326432708 0.81635573506355297 0.69201824069023143 0.034639785066246993
decision_type=2 2 2 2 2 2 2 2 2 2 2 2 2 2
left_child=7 3 6 4 -2 -5 -3 9 -9 11 -11 -1 -10 -4
right_child=1 2 13 5 -6 -7 -8 8 12 10 -12 -13 -14 -15
leaf_value=0.00024179382866979334 0.0012992511022800368 -4.9583525890524747e-05 0.0018190087246679602 -0.00018408790943854367 -0.0005779427111178995 -0.0015510883892827215 0.00033076933658561877 -0.00083000149877046191 -3.8648123198281309e-05 -0.00063953471528288065 8.3867488191975996e-05 0.001317285766317539 0.0015664998556645634 0.00014611183563718416
leaf_weight=2880 361 6278 486 311 373 214 529 122 184 401 1327 331 137 388
leaf_count=2880 361 6278 486 311 373 214 529 122 184 401 1327 331 137 388
internal_value=5.05166e-05 -8.03521e-05 2.22809e-05 -0.000709058 -7.94992e-05 -0.0015684 -8.82633e-05 0.000268935 -0.000750558 0.000362308 -8.58337e-05 0.000605177 0.000141871 0.00088595
internal_weight=14322 8940 7681 1259 734 525 6807 5382 443 4939 1728 3211 321 874
internal_count=14322 8940 7681 1259 734 525 6807 5382 443 4939 1728 3211 321 874
is_linear=0
shrinkage=0.025


Tree=657
num_leaves=13
num_cat=0
split_feature=16 16 16 36 24 37 23 10 27 41 19 38
split_gain=0.622256 1.1209 0.708781 1.09215 1.40926 1.0655 0.687934 0.688713 0.522816 0.474354 0.569246 0.289949
threshold=0.031839871779084213 0.037212114781141288 0.028761890716850761 0.49588042497634893 20.502561569213871 0.022662520408630375 0.1974785849452019 0.016555935144424442 1.0000000180025095e-35 0.64060938358306896 0.036394864320755012 -0.0019349282956682143
decision_type=2 2 2 2 2 2 2 2 2 2 2 2
left_child=2 6 3 5 -5 -1 8 -8 -2 11 -11 -4
right_child=1 -3 9 4 -6 -7 7 -9 -10 10 -12 -13
leaf_value=8.6013408061987895e-06 -0.00014294720350951589 0.002381768471036382 0.0037520331936842705 -0.0015698748848041143 -5.2311855086435016e-05 0.00070844418235221625 -0.0031027366134077933 -0.00043080111051812679 0.00065283776307425599 0.000264790453081446 -0.00060975765336530006 0.00053599348876109021
leaf_weight=10814 149 179 205 189 678 1123 122 166 128 175 135 242
leaf_count=10814 149 179 205 189 678 1123 122 166 128 175 135 242
internal_value=5.45948e-05 -0.000645861 9.37086e-05 4.90867e-05 -0.000804186 0.000111895 -0.00119518 -0.00204352 -0.00027039 0.000834974 5.95239e-05 0.00135232
internal_weight=14305 744 13561 12804 867 11937 565 288 277 757 310 447
internal_count=14305 744 13561 12804 867 11937 565 288 277 757 310 447
is_linear=0
shrinkage=0.025


Tree=658
num_leaves=15
num_cat=0
split_feature=35 40 46 11 35 11 16 30 36 30 36 29 37 37
split_gain=0.622989 1.22614 1.97629 2.97701 1.53939 2.07154 1.73067 1.4796 1.1403 2.37371 1.52382 1.64361 0.670363 0.504071
threshold=0.1729582101106644 0.76724120974540722 0.73911070823669445 0.018082005903124813 0.13267312943935397 0.020115164108574394 0.018375191837549213 0.14428628236055377 0.12199170142412187 0.54448717832565319 0.31840151548385626 0.095178920775651946 0.01548532582819462 0.015740741975605491
decision_type=2 2 2 2 2 2 2 2 2 2 2 2 2 2
left_child=1 2 7 -4 5 -3 -6 -1 9 13 12 -12 -10 -2
right_child=8 4 3 -5 6 -7 -8 -9 10 -11 11 -13 -14 -15
leaf_value=-0.00027983243927788153 -0.0001681875178900616 0.00048944201191511265 -0.0015656169739344415 0.0002928181610407385 0.00060768876051721832 -5.1481306059361405e-05 -0.000884012058905314 0.00094188841280041017 0.0018358392518531526 -0.0018681329621372548 -9.5946877993803992e-06 0.0016867295946740943 0.00010393245173115974 0.001296626963039553
leaf_weight=915 190 3501 463 257 305 2953 889 456 752 162 2630 275 408 166
leaf_count=915 190 3501 463 257 305 2953 889 456 752 162 2630 275 408 166
internal_value=9.23956e-05 -2.01405e-05 -0.000556417 -0.00161207 0.000125931 0.000279262 -0.000695371 0 0.000332661 -0.000762428 0.000474509 0.000165378 0.00123927 0.000370499
internal_weight=14322 9739 2091 720 7648 6454 1194 1371 4583 518 4065 2905 1160 356
internal_count=14322 9739 2091 720 7648 6454 1194 1371 4583 518 4065 2905 1160 356
is_linear=0
shrinkage=0.025


Tree=659
num_leaves=14
num_cat=0
split_feature=39 17 46 5 40 26 31 11 40 12 11 40 40
split_gain=0.559144 1.08925 2.75132 1.23305 0.979258 1.28986 1.21788 0.85201 1.69122 1.58567 1.0259 1.07062 0.86361
threshold=1.106085002422333 -0.019325674511492249 0.54779189825057995 -0.080229423940181718 1.2917216420173647 0.035749550908803947 0.81653678417205822 0.021532656624913219 1.1672213077545168 -0.11003890261054038 0.018146469257771972 0.69480967521667492 0.85280367732048046
decision_type=2 2 2 2 2 2 2 2 2 2 2 2 2
left_child=7 2 3 -2 6 -6 -3 10 9 -9 11 -1 -12
right_child=1 4 -4 -5 5 -7 -8 8 -10 -11 12 -13 -14
leaf_value=-0.00022688085948420836 0.00010893255689058454 0.0015427135138969155 -0.00098914672227738893 -0.001004997932493893 -0.00046377002736933451 0.00084800969727783751 0.00010140205983075063 2.2238177841927084e-05 -0.0029812060212754741 -0.0010074894297546757 0.00067216387840528767 2.0436738650863909e-05 2.6458891208795516e-05
leaf_weight=1158 959 885 145 160 449 173 1712 1375 167 471 653 5036 1012
leaf_count=1158 959 885 145 160 449 173 1712 1375 167 471 653 5036 1012
internal_value=2.48086e-05 0.000256517 -0.000361505 5.89414e-05 0.000501318 -0.000380781 0.000715315 -7.98571e-05 -0.00053828 -0.000312669 3.7036e-05 -0.0001103 0.000587575
internal_weight=14355 4483 1264 1119 3219 622 2597 9872 2013 1846 7859 6194 1665
internal_count=14355 4483 1264 1119 3219 622 2597 9872 2013 1846 7859 6194 1665
is_linear=0
shrinkage=0.025


Tree=660
num_leaves=15
num_cat=0
split_feature=40 46 11 36 40 4 13 46 11 13 40 36 3 22
split_gain=0.693431 2.70903 1.86952 2.00417 1.30121 1.10391 2.21602 0.789488 1.4595 1.25575 0.927649 1.15468 0.750569 0.632204
threshold=0.76724120974540722 0.75650331377983104 0.01915721129626036 0.19238204509019854 0.66436123847961437 0.1953946799039841 -0.21226337552070615 0.8479457199573518 0.020997932180762294 -0.16255054622888562 0.80545616149902355 0.0081159868277609366 0.57698610424995433 0.87119266390800487
decision_type=2 2 2 2 2 2 2 2 2 2 2 2 2 2
left_child=1 5 3 -3 -4 6 -1 10 -9 -10 11 -2 -12 -7
right_child=7 2 4 -5 -6 13 -8 8 9 -11 12 -13 -14 -15
leaf_value=0.00059034523336865051 -0.0023125391666581788 -0.0015621567833652172 0.0026482423916181228 1.7127234048995151e-05 -0.00051650509456894849 0.0014422140790969753 -0.00096294268005349285 0.0016146836621769068 0.00048322705627980094 -0.00068960396774789647 5.1971708557483543e-06 0.0014153692120984262 -0.0012322009613624819 -4.9329969573621607e-06
leaf_weight=728 120 439 122 168 125 420 654 1084 292 370 8882 499 165 180
leaf_count=728 120 439 122 168 125 420 654 1084 292 370 8882 499 165 180
internal_value=5.70933e-05 -0.000291711 -0.00146537 -0.00220792 0.000342262 0.000213261 -0.000172134 0.000144412 0.00063321 -0.000282983 5.51909e-05 0.00098758 -8.42346e-06 0.00110537
internal_weight=14248 2836 854 607 247 1982 1382 11412 1746 662 9666 619 9047 600
internal_count=14248 2836 854 607 247 1982 1382 11412 1746 662 9666 619 9047 600
is_linear=0
shrinkage=0.025


Tree=661
num_leaves=7
num_cat=0
split_feature=37 40 17 20 41 41
split_gain=0.601689 0.556888 2.07354 1.32922 1.10936 1.04964
threshold=0.0071931711863726386 0.8691898286342622 1.4222589731216433 0.37207975983619695 0.22081634402275088 0.43032790720462805
decision_type=2 2 2 2 2 2
left_child=-1 2 3 -2 -3 -6
right_child=1 4 -4 -5 5 -7
leaf_value=0.0014111523162242681 3.7179825030717739e-05 -0.00067108827191094701 -0.0022818019485332367 0.00095199340116499005 0.00042549641373268861 -4.0361494541141235e-05
leaf_weight=165 3852 137 120 976 843 8284
leaf_count=165 3852 137 120 976 843 8284
internal_value=2.85949e-05 1.04629e-05 0.000224864 0.000308039 -0.000103436 -6.85774e-05
internal_weight=14377 14212 4948 4828 9264 9127
internal_count=14377 14212 4948 4828 9264 9127
is_linear=0
shrinkage=0.025


Tree=662
num_leaves=10
num_cat=0
split_feature=29 36 19 43 8 42 38 37 42
split_gain=0.657354 0.899318 1.16496 0.613659 0.69606 1.08977 0.672538 0.537132 0.171634
threshold=0.095154039561748519 0.21998091787099841 0.09729402139782907 -0.55635732412338246 0.041951023042202003 -0.022129011340439316 -0.32183244824409479 0.024928314611315731 0.19445970654487613
decision_type=2 2 2 2 2 2 2 2 2
left_child=3 2 -2 -1 6 -6 -5 8 -3
right_child=1 7 -4 4 5 -7 -8 -9 -10
leaf_value=-0.00086637278108100751 0.00054257836321253139 0.0027332937549652062 -0.00090048318496351596 0.001521632000028014 7.1571445478739559e-05 -0.00086293448621034346 1.2171332186585309e-05 -4.5545331603678243e-06 0.000503516799222755
leaf_weight=143 181 332 165 206 224 387 12414 121 120
leaf_count=143 181 332 165 206 224 387 12414 121 120
internal_value=4.90454e-05 0.000693994 -0.000295584 4.01758e-06 2.23822e-05 -0.000797484 6.28714e-05 0.00129974 0.00169311
internal_weight=14293 919 346 13374 13231 611 12620 573 452
internal_count=14293 919 346 13374 13231 611 12620 573 452
is_linear=0
shrinkage=0.025


Tree=663
num_leaves=12
num_cat=0
split_feature=31 30 37 39 34 16 47 40 16 45 12
split_gain=0.708256 0.934401 0.667795 0.585755 1.43946 0.836018 1.08812 1.01671 0.822196 0.472349 0.211892
threshold=0.044596908614039428 0.27437245845794683 0.017681182362139228 1.4319496750831606 0.068320665508508696 0.020622772164642814 0.48606015741825109 0.72273260354995739 0.020344692282378677 0.1241746135056019 -0.039178201928734772
decision_type=2 2 2 2 2 2 2 2 2 2 2
left_child=1 2 9 5 8 7 -7 -2 -5 -1 -6
right_child=3 -3 -4 4 10 6 -8 -9 -10 -11 -12
leaf_value=-0.00028801917834437869 -0.00019558679751755889 -0.0020159661624090763 -0.00027514287212694881 -0.00018616515496924627 0.0026971626597999732 4.76383513514663e-05 -0.00023752855679316914 0.00022431389867164946 0.00044068349250453497 0.0005463865702866347 0.00034218271209860893
leaf_weight=129 1027 133 153 343 215 3560 3161 4934 252 245 142
leaf_count=129 1027 133 153 343 215 3560 3161 4934 252 245 142
internal_value=1.59977e-05 -0.000780075 -0.000284304 5.52644e-05 0.000651776 9.75417e-06 -0.000180828 0.000225654 -9.37499e-05 0.000273747 0.00189572
internal_weight=14294 660 527 13634 952 12682 6721 5961 595 374 357
internal_count=14294 660 527 13634 952 12682 6721 5961 595 374 357
is_linear=0
shrinkage=0.025


Tree=664
num_leaves=12
num_cat=0
split_feature=31 20 35 47 39 38 39 41 15 11 25
split_gain=0.586923 1.12246 1.3433 0.851159 0.843041 1.1937 0.751078 0.826146 0.756322 0.562601 0.614164
threshold=2.4519053697586064 0.5930829942226411 0.12745998054742816 0.86720469594001781 0.43216592073440557 -0.19103229045867917 0.54610663652420055 0.52849429845809948 0.45689655840396887 0.015314111020416023 9.8908843994140643
decision_type=2 2 2 2 2 2 2 2 2 2 2
left_child=3 2 -2 6 -5 -6 8 -8 -1 -3 -11
right_child=1 9 -4 4 5 -7 7 -9 -10 10 -12
leaf_value=-1.7398364871463991e-05 7.2067381582760628e-05 0.0022479093100309495 -0.00091218807233842559 -0.00021187885872970839 -7.2849741416984088e-05 0.0010497976638188574 -0.00019663667503944029 2.9036568466432379e-05 0.00077540000412534046 0.0010793626389047626 -0.00055944164343551129
leaf_weight=487 173 189 203 123 327 1071 2468 7998 595 165 382
leaf_count=487 173 189 203 123 327 1071 2468 7998 595 165 382
internal_value=6.67032e-05 -0.000482319 -0.00158465 0.000114062 0.000669233 0.000847292 4.01412e-05 -2.42335e-05 0.000665823 7.92848e-05 -0.000319293
internal_weight=14181 1112 376 13069 1521 1398 11548 10466 1082 736 547
internal_count=14181 1112 376 13069 1521 1398 11548 10466 1082 736 547
is_linear=0
shrinkage=0.025


Tree=665
num_leaves=9
num_cat=0
split_feature=30 34 28 48 26 47 33 46
split_gain=0.720016 0.711927 1.50602 0.845086 1.90001 0.848855 0.797204 0.308098
threshold=-1.4036574363708494 0.14204169809818271 0.47499999403953558 0.97212031483650219 0.03157202526926995 0.88646370172500621 0.0051436624489724645 0.26088929176330572
decision_type=2 2 2 2 2 2 2 2
left_child=7 3 -3 5 -5 -2 -4 -1
right_child=1 2 6 4 -6 -7 -8 -9
leaf_value=0.0024371065849416759 -1.9065533432365199e-05 -0.0011509634528351993 -1.5043243684034856e-05 4.1512734860531982e-05 -0.0017710843589178651 0.00022852500021870088 0.00089367772118370309 7.78264857754249e-05
leaf_weight=150 10674 176 507 222 201 1181 1166 130
leaf_count=150 10674 176 507 222 201 1181 1166 130
internal_value=4.93513e-05 2.37936e-05 0.000480717 -4.46755e-05 -0.0011361 -4.74274e-06 0.000715882 0.00129386
internal_weight=14407 14127 1849 12278 423 11855 1673 280
internal_count=14407 14127 1849 12278 423 11855 1673 280
is_linear=0
shrinkage=0.025


Tree=666
num_leaves=12
num_cat=0
split_feature=47 46 38 48 33 17 37 39 37 11 26
split_gain=0.689118 1.71602 0.884001 0.811643 1.05033 0.769767 0.70199 0.694428 2.35815 1.32678 0.510018
threshold=0.88646370172500621 0.98260739445686351 -0.13701449334621427 0.057776963338255889 -0.0028552328003570433 0.14666447788476947 0.01548532582819462 0.81227853894233715 0.018809925764799122 0.015419909264892341 0.026444902643561367
decision_type=2 2 2 2 2 2 2 2 2 2 2
left_child=3 2 5 4 -1 -2 -4 8 -5 -9 -6
right_child=1 -3 6 7 10 -7 -8 9 -10 -11 -12
leaf_value=-0.0002953981985678264 -0.00036167551079585239 -0.00043959260535864487 0.0015828418785724823 -0.00038086819456890398 0.002407328085101228 0.0006422526545607004 0.00012166593498042511 0.00023792555369692527 0.0010627281313830281 -6.4126656200183074e-05 0.00015715809866439947
leaf_weight=162 206 238 653 2653 287 188 328 2807 647 5949 146
leaf_count=162 206 238 653 2653 287 188 328 2807 647 5949 146
internal_value=9.02315e-06 0.00049521 0.000837862 -5.26429e-05 0.00084375 -0.000147243 0.00123859 -9.77323e-05 -0.000406581 1.81202e-05 0.00148687
internal_weight=14264 1613 1375 12651 595 394 981 12056 3300 8756 433
internal_count=14264 1613 1375 12651 595 394 981 12056 3300 8756 433
is_linear=0
shrinkage=0.025


Tree=667
num_leaves=8
num_cat=0
split_feature=37 37 47 37 32 29 41
split_gain=0.580729 0.613777 0.966059 0.704577 0.64744 1.60064 0.792414
threshold=0.0071931711863726386 0.0077521621715277442 0.67663240432739269 0.0074770385399460801 1.3056870698928835 0.094944600015878691 0.31398834288120275
decision_type=2 2 2 2 2 2 2
left_child=-1 2 3 -2 6 -6 -3
right_child=1 4 -4 -5 5 -7 -8
leaf_value=0.0014664649784828208 -0.00076728552984678356 0.00022189820487401055 7.2995319878074429e-05 -0.0014438873383047996 -0.00078541308809507095 0.00068232691500860092 -1.0360225143133112e-06
leaf_weight=173 193 1193 189 186 667 320 11357
leaf_count=173 193 1193 189 186 667 320 11357
internal_value=-6.91372e-06 -2.5248e-05 -0.000826789 -0.00155273 8.21528e-06 -0.000606099 5.72482e-05
internal_weight=14278 14105 568 379 13537 987 12550
internal_count=14278 14105 568 379 13537 987 12550
is_linear=0
shrinkage=0.025


Tree=668
num_leaves=9
num_cat=0
split_feature=41 32 29 14 41 40 35 25
split_gain=0.558744 0.506524 1.77215 2.28766 0.694572 1.17362 0.989945 0.302154
threshold=0.059105746448040015 1.3056870698928835 0.094944600015878691 0.52457812428474437 0.31398834288120275 0.46519245207309728 0.13568937778472903 14.600584506988527
decision_type=2 2 2 2 2 2 2 2
left_child=-1 4 3 -3 6 -6 -2 -4
right_child=1 2 7 -5 5 -7 -8 -9
leaf_value=-0.00029665933392982651 0.0010282730001812937 0.00049634260830760935 0.00017521290187206656 -0.0011681316776393494 -0.001656736269413554 2.8722222762466636e-05 7.8125356849256397e-06 0.0023635664656023198
leaf_weight=133 515 310 178 371 162 11878 615 129
leaf_count=133 515 310 178 371 162 11878 615 129
internal_value=5.04513e-05 6.6282e-05 -0.00047709 -0.00118987 0.000107685 5.137e-05 0.000699339 0.00107772
internal_weight=14291 14158 988 681 13170 12040 1130 307
internal_count=14291 14158 988 681 13170 12040 1130 307
is_linear=0
shrinkage=0.025


Tree=669
num_leaves=9
num_cat=0
split_feature=30 21 34 29 14 24 36 29
split_gain=0.530355 0.540166 0.910071 0.703123 0.588909 1.00587 0.702716 0.355493
threshold=-1.4915761351585386 78.074462890625014 0.14204169809818271 0.04115236550569535 0.97212031483650219 36.17585754394532 0.22977772355079654 0.085441272705793395
decision_type=2 2 2 2 2 2 2 2
left_child=-1 4 3 -3 6 -6 -2 -4
right_child=1 2 7 -5 5 -7 -8 -9
leaf_value=0.00076251134094213737 -4.9595274603585566e-05 -0.00092286597238256545 0.0027592721645895045 0.00023394334533568943 -0.0011929233955761016 7.5223013543321e-05 4.1335228338582786e-05 5.5977734533569368e-05
leaf_weight=222 6727 185 319 641 129 169 5749 121
leaf_count=222 6727 185 319 641 129 169 5749 121
internal_value=6.92166e-06 -1.20149e-05 0.000478954 -4.51254e-06 -6.1331e-05 -0.00115099 -3.43521e-05 0.00139045
internal_weight=14262 14040 1266 826 12774 298 12476 440
internal_count=14262 14040 1266 826 12774 298 12476 440
is_linear=0
shrinkage=0.025


Tree=670
num_leaves=11
num_cat=0
split_feature=35 31 35 33 9 16 16 10 15 31
split_gain=0.537837 1.43078 0.595462 1.03248 0.979024 0.73107 2.83553 1.25528 0.730587 0.436254
threshold=0.41866117715835577 1.7266284227371218 0.22831840068101886 -0.0084942099638283235 0.020547999069094661 0.018375191837549213 0.018965835683047775 0.024268182925879959 0.24999999254941943 2.4519053697586064
decision_type=2 2 2 2 2 2 2 2 2 2
left_child=2 -2 5 8 -5 7 -7 -1 -4 -3
right_child=1 9 3 4 -6 6 -8 -9 -10 -11
leaf_value=0.00014660032291120199 -0.0021969911969369998 0.0002356072666830555 0.00044624694842306661 -0.00063936614128568957 0.00063301758839440572 -0.0014424615760545512 -1.8690192820390414e-05 -0.00031924058864885876 -0.00059184204385815059 -0.00051014628082072676
leaf_weight=3954 153 162 138 404 2062 264 6435 414 203 122
leaf_count=3954 153 162 138 404 2062 264 6435 414 203 122
internal_value=6.72334e-06 -0.000851244 3.44947e-05 0.00035962 0.000539761 -4.75297e-05 -0.000212 0.000203236 -0.000914017 0.000185986
internal_weight=14311 437 13874 2807 2466 11067 6699 4368 341 284
internal_count=14311 437 13874 2807 2466 11067 6699 4368 341 284
is_linear=0
shrinkage=0.025


Tree=671
num_leaves=15
num_cat=0
split_feature=11 39 4 26 20 41 40 36 35 47 12 30 29 30
split_gain=0.645399 1.28489 1.97491 1.90544 1.73682 1.58609 1.55647 0.996644 1.46015 1.45182 1.37479 1.27515 2.27228 0.626217
threshold=0.015477458480745556 0.89657261967659008 0.025476914830505851 0.018884599208831791 -0.029623082838952538 0.64207303524017345 0.46519245207309728 0.49588042497634893 0.18743147701025012 0.26724137365818029 -0.059092940762639039 0.25970818102359777 0.072336364537477507 0.13919082283973697
decision_type=2 2 2 2 2 2 2 2 2 2 2 2 2 2
left_child=1 2 3 -1 -3 -6 -4 8 9 -2 -10 13 -13 -9
right_child=7 4 6 -5 5 -7 -8 11 10 -11 -12 12 -14 -15
leaf_value=-0.00015848541045088832 0.00042429653989699994 0.0019990964173883636 -0.0010578498953198634 -0.0017218968389583343 0.0017179349303516171 -0.00031220192560901642 0.00037582637924812537 -0.00011038424345864275 0.0011042843344723893 -8.6140607356810582e-05 -1.5907278058815744e-05 -0.0030864485729406839 -0.00066370926645942707 0.00095351562165238055
leaf_weight=579 1021 491 163 287 884 879 2075 539 882 5300 728 134 179 121
leaf_count=579 1021 491 163 287 884 879 2075 539 882 5300 728 134 179 121
internal_value=2.79492e-05 0.000244966 -8.3226e-05 -0.00109501 0.000698871 0.000325933 0.000307067 -0.000102003 -8.34794e-06 -0.000180406 0.000661765 -0.000855061 -0.00215802 -0.000216165
internal_weight=14262 5358 3104 866 2254 1763 2238 8904 7931 6321 1610 973 313 660
internal_count=14262 5358 3104 866 2254 1763 2238 8904 7931 6321 1610 973 313 660
is_linear=0
shrinkage=0.025


Tree=672
num_leaves=15
num_cat=0
split_feature=31 38 19 46 45 47 20 44 8 44 46 44 31 38
split_gain=0.613532 2.32124 2.29433 2.22325 2.07737 1.50401 1.41161 1.37462 1.33651 1.25179 0.736357 0.659718 0.609405 0.596294
threshold=0.91667494177818309 -0.11750972643494605 -0.077864073216915117 0.80776411294937145 0.8479457199573518 0.10491563007235528 0.03793382644653321 0.015595524571835996 0.024874577298760418 0.016088194213807586 0.93042954802513134 0.024027102626860145 1.6294595003128054 -0.1667070463299751
decision_type=2 2 2 2 2 2 2 2 2 2 2 2 2 2
left_child=3 10 -3 6 8 -4 9 -8 -5 -1 13 -6 -12 -2
right_child=1 2 5 4 11 -7 7 -9 -10 -11 12 -13 -14 -15
leaf_value=0.00031002912539842019 0.0025108494402677423 -0.0013813666083725288 0.0010482665480307009 -0.001860879709408006 0.0016408867368290652 -0.00010796688029977776 -4.5065208531509771e-05 0.00092304014330752543 -1.6611163611772846e-05 -8.8634785153491246e-05 -0.00059090011278185395 -0.00015726756976513934 0.00046287923283917608 0.00080621988408081696
leaf_weight=1718 319 232 256 259 136 4233 1044 2438 120 2544 127 126 173 583
leaf_count=1718 319 232 256 259 136 4233 1044 2438 120 2544 127 126 173 583
internal_value=4.46274e-05 -0.000149502 -0.00040018 0.000182509 -0.00122485 -0.000271751 0.000300523 0.000673573 -0.00239909 -3.22231e-06 0.000827465 0.000463483 -0.00022541 0.00118385
internal_weight=14308 5923 4721 8385 641 4489 7744 3482 379 4262 1202 262 300 902
internal_count=14308 5923 4721 8385 641 4489 7744 3482 379 4262 1202 262 300 902
is_linear=0
shrinkage=0.025


Tree=673
num_leaves=13
num_cat=0
split_feature=26 29 43 44 44 46 40 43 39 43 42 44
split_gain=0.870217 2.26695 1.39715 3.21407 2.34839 1.35771 1.17122 2.25551 1.68255 0.905498 1.36297 0.897489
threshold=0.02563455514609814 0.0324302725493908 0.26081073284149175 0.02314331661909819 0.026522146537899974 0.82607382535934459 1.2256724238395693 -0.187246598303318 1.106085002422333 0.23461656272411349 0.20967632532119754 0.028113856911659244
decision_type=2 2 2 2 2 2 2 2 2 2 2 2
left_child=2 -2 6 5 -5 -4 8 -8 -1 10 -3 -11
right_child=1 9 3 4 -6 -7 7 -9 -10 11 -12 -13
leaf_value=7.600961495912141e-05 -0.00095420066253544447 -5.8986771654763681e-05 -0.0010573451214729399 -0.0021354660602659376 -4.8471767369821817e-05 0.0011864613112152348 -0.00097736244440973976 0.00013314201615800326 0.0015313011407317991 0.001156791061809787 -0.0012312006382397271 -3.2825929613024083e-05
leaf_weight=5289 137 3935 238 124 143 315 369 600 1296 781 139 956
leaf_count=5289 137 3935 238 124 143 315 369 600 1296 781 139 956
internal_value=0 -0.000230766 0.000164548 -0.000810606 -0.00303768 0.000271057 0.000271696 -0.000535164 0.000391692 -0.000153241 -0.000357624 0.000322187
internal_weight=14322 5948 8374 820 267 553 7554 969 6585 5811 4074 1737
internal_count=14322 5948 8374 820 267 553 7554 969 6585 5811 4074 1737
is_linear=0
shrinkage=0.025


Tree=674
num_leaves=6
num_cat=0
split_feature=6 39 18 27 20
split_gain=0.548378 0.578602 0.536369 0.677525 0.58959
threshold=0.010357107501477005 0.10080933943390848 0.15043327957391742 0.0041980964597314605 0.34614741802215582
decision_type=2 2 2 2 2
left_child=-1 -2 4 -4 -3
right_child=1 2 3 -5 -6
leaf_value=0.00048954026773194079 -0.00027904922301615705 -1.0152855173525779e-05 0.00010073882395225583 -0.0016205168193128381 0.00015055531100124334
leaf_weight=227 130 10317 139 131 3309
leaf_count=227 130 10317 139 131 3309
internal_value=2.81422e-05 7.75079e-06 2.40092e-05 -0.00106818 4.64934e-05
internal_weight=14253 14026 13896 270 13626
internal_count=14253 14026 13896 270 13626
is_linear=0
shrinkage=0.025


Tree=675
num_leaves=10
num_cat=0
split_feature=46 44 35 40 44 13 43 47 39
split_gain=0.670534 1.61654 1.29616 1.25138 1.62493 1.3013 1.06468 1.6282 1.15925
threshold=0.62613427639007579 0.012745491694658996 -0.19672566652297971 1.117880702018738 0.016496042720973495 -0.27366895973682398 0.017114367336034778 0.78154808282852184 0.87805947661399852
decision_type=2 2 2 2 2 2 2 2 2
left_child=2 -2 -1 4 -3 -5 8 -8 -4
right_child=1 3 6 5 -6 -7 7 -9 -10
leaf_value=-0.00080125366750852028 -0.0011771968290891634 0.0010892879732137873 -0.00025821903345576438 0.0024948391598203709 -0.0002249886563325472 4.7480574914052243e-05 0.00095244010562447546 -0.000151491177201211 0.00013020319760295856
leaf_weight=208 131 452 2115 264 3401 1341 1804 491 4038
leaf_count=208 131 452 2115 264 3401 1341 1804 491 4038
internal_value=3.02633e-05 -0.000182562 0.000168428 -0.000114177 -0.000359318 0.000469721 0.000217526 0.000676631 4.48604e-05
internal_weight=14245 5589 8656 5458 3853 1605 8448 2295 6153
internal_count=14245 5589 8656 5458 3853 1605 8448 2295 6153
is_linear=0
shrinkage=0.025


Tree=676
num_leaves=11
num_cat=0
split_feature=16 16 14 7 38 17 36 35 15 16
split_gain=0.528052 1.06588 0.973264 0.69249 0.68445 0.809437 0.736489 0.674238 0.651578 0.36654
threshold=0.032099720090627677 0.025003741495311264 0.68534484505653392 -0.016260541975498196 -0.00073403975693508972 0.11048026755452157 0.40551714599132543 -0.14235104620456693 0.50862067937850963 0.034789776429533965
decision_type=2 2 2 2 2 2 2 2 2 2
left_child=1 4 3 -2 6 -6 -1 -3 -9 -5
right_child=2 7 -4 9 5 -7 -8 8 -10 -11
leaf_value=3.3179193187710195e-05 -0.000435322928002955 -8.4849402417623367e-05 -0.001169466764442018 -2.1417871627427869e-05 0.00017667086720150223 -0.00038139311480441082 -0.00034471933505703036 7.8111681208569857e-05 0.00091408277091758062 0.0028141145423088926
leaf_weight=8323 152 141 210 148 403 1269 1116 1494 932 147
leaf_count=8323 152 141 210 148 403 1269 1116 1494 932 147
internal_value=7.40944e-06 4.12009e-05 -0.000681646 -2.76539e-06 -6.44341e-05 -0.000529964 1.76039e-05 0.000500097 0.000600062 0.0006875
internal_weight=14335 13678 657 447 11111 1672 9439 2567 2426 295
internal_count=14335 13678 657 447 11111 1672 9439 2567 2426 295
is_linear=0
shrinkage=0.025


Tree=677
num_leaves=9
num_cat=0
split_feature=20 31 3 40 48 43 20 3
split_gain=0.600647 0.770355 1.08946 1.08432 1.03101 1.01877 1.00706 0.545579
threshold=0.90562263131141674 2.4519053697586064 0.50287559628486644 0.82967811822891246 0.86720469594001781 0.19710749387741092 0.266266480088234 0.68802121281623851
decision_type=2 2 2 2 2 2 2 2
left_child=1 2 6 -3 -5 -4 -1 -2
right_child=7 3 5 4 -6 -7 -8 -9
leaf_value=-1.1043922891343687e-05 0.0022101228263280777 -0.0011228150210069109 -0.00088283510188139893 0.00016297507372995114 -0.00067189933423023518 -4.4636798042646348e-05 0.00027346526642011191 2.8747190290754226e-07
leaf_weight=9444 177 191 157 500 137 224 3342 146
leaf_count=9444 177 191 157 500 137 224 3342 146
internal_value=1.31782e-05 -1.11606e-05 3.50176e-05 -0.000748799 -0.000235592 -0.00127267 7.49551e-05 0.00107088
internal_weight=14318 13995 13167 828 637 381 12786 323
internal_count=14318 13995 13167 828 637 381 12786 323
is_linear=0
shrinkage=0.025


Tree=678
num_leaves=12
num_cat=0
split_feature=9 40 28 47 11 37 26 40 27 5 39
split_gain=0.524225 1.07179 1.2027 0.884267 0.804211 1.165 1.3699 1.18026 1.10096 0.835783 0.254493
threshold=0.040329538285732276 1.1467254757881167 0.42499999701976782 0.97212031483650219 0.021969495341181759 0.013694727793335916 0.031765457242727287 0.81661146879196178 0.022378037683665756 0.70922085642814647 1.6115360856056216
decision_type=2 2 2 2 2 2 2 2 2 2 2
left_child=4 2 -2 -4 8 7 -7 -6 9 -1 -3
right_child=1 10 3 -5 5 6 -8 -9 -10 -11 -12
leaf_value=3.2288256570984152e-06 0.00062842112974907118 0.0020822239388593091 2.1195970858656765e-06 -0.0015128350851954496 0.00020245368677822121 0.00021302471228256618 -0.00043639282107889093 -0.0011619735140155124 -0.00098748204863841646 0.00033614432186149408 0.00026180049877163366
leaf_weight=7864 168 265 278 126 144 1096 812 543 198 2591 121
leaf_count=7864 168 265 278 126 144 1096 812 543 198 2591 121
internal_value=4.81142e-05 0.000611371 -6.71576e-05 -0.000816015 6.69669e-06 -0.000387019 -6.46889e-05 -0.00126626 0.000103326 0.000139221 0.00162084
internal_weight=14206 958 572 404 13248 2595 1908 687 10653 10455 386
internal_count=14206 958 572 404 13248 2595 1908 687 10653 10455 386
is_linear=0
shrinkage=0.025


Tree=679
num_leaves=8
num_cat=0
split_feature=41 20 5 41 3 9 22
split_gain=0.620589 0.699103 0.907886 1.84782 1.14487 0.573434 0.579227
threshold=0.086012769490480437 0.67061778903007518 1.1599593162536623 0.66141316294670116 0.50287559628486644 0.029546272009611133 0.86790356040000927
decision_type=2 2 2 2 2 2 2
left_child=-1 2 4 -4 -2 -3 -7
right_child=1 5 3 -5 -6 6 -8
leaf_value=-0.0002085538512022364 2.414769061865967e-05 0.0027224736981992289 -0.00064921118355371228 0.0010222840816621014 -0.00099990178513288262 0.00075579707660374678 -4.48948957054131e-05
leaf_weight=191 12500 233 331 194 215 405 258
leaf_count=191 12500 233 331 194 215 405 258
internal_value=3.74164e-05 5.71919e-05 1.08532e-05 -0.00100236 5.35575e-05 0.000731132 0.000338698
internal_weight=14327 14136 13240 525 12715 896 663
internal_count=14327 14136 13240 525 12715 896 663
is_linear=0
shrinkage=0.025


Tree=680
num_leaves=13
num_cat=0
split_feature=31 5 47 46 45 4 47 40 31 40 3 35
split_gain=0.578504 2.02245 2.36535 1.74926 1.80203 1.8369 1.67584 1.58606 1.37863 1.50132 1.46096 0.171653
threshold=0.86692318320274364 0.40399847924709326 0.71515038609504711 0.80776411294937145 0.8479457199573518 0.059129968285560615 0.10491563007235528 1.1240597367286684 0.4899324774742127 0.55620324611663829 -0.15228050202131269 0.13123323768377307
decision_type=2 2 2 2 2 2 2 2 2 2 2 2
left_child=3 2 -2 8 5 -5 11 -8 9 -1 -10 -3
right_child=1 6 -4 4 -6 -7 7 -9 10 -11 -12 -13
leaf_value=0.0022151545955669092 -0.0032193828275406226 0.0043174222233138817 0.00022464058721635282 -9.5171565166002852e-05 0.00028277496843428715 -0.0019619048457447624 -0.00015714156130239738 0.00017003408137948749 -0.00076254391068110081 -2.5736642419188401e-05 0.0010118495933012649 0.001014435271771577
leaf_weight=365 195 137 137 164 222 175 3915 1606 187 4821 2118 201
leaf_count=365 195 137 137 164 222 175 3915 1606 187 4821 2118 201
internal_value=2.11434e-05 -0.000159982 -0.00204377 0.000161195 -0.00117712 -0.00231468 -5.052e-05 -0.000156759 0.000262974 3.53979e-05 0.000771104 0.00164359
internal_weight=14243 6191 332 8052 561 339 5859 5521 7491 5186 2305 338
internal_count=14243 6191 332 8052 561 339 5859 5521 7491 5186 2305 338
is_linear=0
shrinkage=0.025


Tree=681
num_leaves=11
num_cat=0
split_feature=26 29 37 3 43 24 19 44 16 25
split_gain=0.677764 1.36358 1.18394 1.09687 1.33922 0.972366 0.895724 0.792669 0.26994 0.0830197
threshold=0.02563455514609814 0.0324302725493908 0.023582911118865017 -0.27341417968273157 -0.26454347372055048 55.694366455078132 0.34686839580535894 0.026522146537899974 0.024586868472397331 -7.4036772251129142
decision_type=2 2 2 2 2 2 2 2 2 2
left_child=2 -2 3 4 -1 6 -3 -5 -7 -4
right_child=1 5 9 7 -6 8 -8 -9 -10 -11
leaf_value=4.4367875574199363e-05 -0.00092401996259524385 -4.6909046642066146e-05 0.0024675710490265641 1.9608253346884452e-05 -0.0018927029151214756 0.0010414548233313864 -0.00078395138552302774 0.00055802873259947535 0.00016860819270451095 0.0048588746341001647
leaf_weight=127 137 5306 121 7440 131 139 182 423 148 123
leaf_count=127 137 5306 121 7440 131 139 182 423 148 123
internal_value=-2.10929e-05 -0.000226255 0.000123208 7.02991e-05 -0.00151616 -0.000165441 -0.000240988 0.000124079 0.00123716 0.00182229
internal_weight=14277 5912 8365 8121 258 5775 5488 7863 287 244
internal_count=14277 5912 8365 8121 258 5775 5488 7863 287 244
is_linear=0
shrinkage=0.025


Tree=682
num_leaves=8
num_cat=0
split_feature=41 48 40 5 40 40 6
split_gain=0.621634 0.830915 1.23547 1.71453 0.966393 0.565088 0.484311
threshold=0.086012769490480437 0.057776963338255889 0.74253234267234813 1.0000000180025095e-35 0.86102840304374706 0.73598620295524608 0.031612930819392211
decision_type=2 2 2 2 2 2 2
left_child=-1 5 3 -3 -4 6 -2
right_child=1 2 4 -5 -6 -7 -8
leaf_value=-0.0001898679171196078 0.0020671885992881076 0.00050678076542089417 0.00046840572977941222 -0.00072122745327379584 -1.0850084452772789e-05 -1.9657746493847306e-05 0.00032072228813741747
leaf_weight=189 228 517 2346 1327 9341 148 185
leaf_count=189 228 517 2346 1327 9341 148 185
internal_value=6.73746e-06 2.65128e-05 -1.2282e-05 -0.000613169 8.22144e-05 0.000965106 0.0014384
internal_weight=14281 14092 13531 1844 11687 561 413
internal_count=14281 14092 13531 1844 11687 561 413
is_linear=0
shrinkage=0.025


Tree=683
num_leaves=14
num_cat=0
split_feature=25 26 43 26 16 22 18 5 19 36 27 33 19
split_gain=0.613004 1.13305 1.57293 1.76071 1.03352 0.743926 0.844769 0.696971 0.679138 0.622242 0.614454 0.610132 0.356473
threshold=-9.8583049774169904 0.02563455514609814 0.066761393100023284 0.035515036433935172 0.021592992357909683 0.41640599071979528 -0.028772260993719097 1.076553523540497 -0.085250262171030031 0.08287313207983972 0.0054274515714496383 -0.0022674868814647193 -0.074031181633472429
decision_type=2 2 2 2 2 2 2 2 2 2 2 2 2
left_child=1 4 3 -3 10 7 -7 8 -2 -4 -1 -8 -6
right_child=5 2 9 -5 12 6 11 -9 -10 -11 -12 -13 -14
leaf_value=-2.4161133468853755e-05 -0.00033433132463321088 -0.0010623998029684349 -0.00012471006183472651 0.00019100749388215339 0.0010191627658978129 -0.0011712385362774803 -0.00012102846735555604 -0.00029658742618062406 0.00044340004999792116 0.0015598078135946683 -0.0010148156307243079 2.9281731175623082e-05 0.00023194938183526698
leaf_weight=646 238 429 122 227 287 188 2155 189 2348 140 152 6993 156
leaf_count=646 238 429 122 227 287 188 2155 189 2348 140 152 6993 156
internal_value=-3.06471e-06 -0.000391058 -0.00105498 -0.00170764 9.73115e-05 6.5719e-05 -4.0547e-05 0.00042491 0.00053406 0.000557116 -0.000434309 -5.32603e-06 0.00106306
internal_weight=14270 2159 918 656 1241 12111 9336 2775 2586 262 798 9148 443
internal_count=14270 2159 918 656 1241 12111 9336 2775 2586 262 798 9148 443
is_linear=0
shrinkage=0.025


Tree=684
num_leaves=6
num_cat=0
split_feature=41 12 25 12 0
split_gain=0.758073 0.569869 0.61093 1.3544 0.726787
threshold=0.086012769490480437 -0.39291308820247645 -9.8583049774169904 -0.1463191136717796 0.032443249598145492
decision_type=2 2 2 2 2
left_child=-1 -2 3 -3 -4
right_child=1 2 4 -5 -6
leaf_value=-0.0001913798337347892 0.0014314049334935646 1.7003659200572314e-06 5.2104625874443446e-05 -0.0009848783230635102 -0.00013423252618529819
leaf_weight=183 151 1593 10549 455 1313
leaf_count=183 151 1593 10549 455 1313
internal_value=5.28985e-05 7.43816e-05 5.70429e-05 -0.000340355 0.000126296
internal_weight=14244 14061 13910 2048 11862
internal_count=14244 14061 13910 2048 11862
is_linear=0
shrinkage=0.025


Tree=685
num_leaves=6
num_cat=0
split_feature=39 19 31 6 4
split_gain=0.569156 0.514769 0.533705 1.01507 0.821369
threshold=0.10080933943390848 -0.22468979656696317 0.044596908614039428 0.016201939433813099 -0.20149789750576017
decision_type=2 2 2 2 2
left_child=-1 -2 3 -3 -4
right_child=1 2 4 -5 -6
leaf_value=-0.00022027905936968493 0.0012137332228823238 -0.00093810988913404147 0.00025117868178168749 -2.960722442372345e-05 5.3530644324622998e-06
leaf_weight=140 172 122 1143 481 12147
leaf_count=140 172 122 1143 481 12147
internal_value=4.79417e-05 6.44102e-05 4.68594e-05 -0.000676398 8.03875e-05
internal_weight=14205 14065 13893 603 13290
internal_count=14205 14065 13893 603 13290
is_linear=0
shrinkage=0.025


Tree=686
num_leaves=12
num_cat=0
split_feature=26 36 19 37 41 3 5 35 14 35 24
split_gain=0.669333 0.975409 1.26134 0.944384 1.07749 1.63753 1.60395 0.859862 1.27648 0.920519 0.622206
threshold=0.02563455514609814 0.52496865391731273 0.0077059841714799413 0.026701232418417934 0.6386837661266328 -0.27341417968273157 1.1464343070983889 0.1817961856722832 0.66810342669487011 0.11282950639724733 35.753940582275398
decision_type=2 2 2 2 2 2 2 2 2 2 2
left_child=3 7 -3 4 6 -6 -1 9 -9 -2 -4
right_child=1 2 10 -5 5 -7 -8 8 -10 -11 -12
leaf_value=0.00026453234658892785 -1.8074441234751359e-05 -0.0013191690933480205 0.00022964088591895623 0.0035009246162200428 -0.0012264159596422021 -2.9931459608366673e-05 -0.0012702377651299475 0.00096774518518012102 -0.00016676837687910461 -0.00061306407093404496 -0.00063914528669499384
leaf_weight=4445 2690 203 245 171 175 3421 132 884 833 745 298
leaf_count=4445 2690 203 245 171 175 3421 132 884 833 745 298
internal_value=8.68613e-06 -0.000194604 -0.00103695 0.000153162 0.000113261 -0.000209317 0.000368016 -7.05351e-05 0.000384001 -0.000299782 -0.000385493
internal_weight=14242 5898 746 8344 8173 3596 4577 5152 1717 3435 543
internal_count=14242 5898 746 8344 8173 3596 4577 5152 1717 3435 543
is_linear=0
shrinkage=0.025


Tree=687
num_leaves=12
num_cat=0
split_feature=9 7 1 26 25 48 48 5 26 29 23
split_gain=0.721026 1.01663 1.0052 1.21269 0.968726 0.918354 1.19061 0.979091 0.802263 0.896175 0.505058
threshold=0.026450277306139473 -0.039337893947958939 -0.015450889244675635 0.01764285005629063 -7.4036772251129142 0.27622890472412115 0.18103448301553729 0.70922085642814647 0.025097547098994259 0.094266869127750411 0.11687929555773736
decision_type=2 2 2 2 2 2 2 2 2 2 2
left_child=1 -1 8 -4 -5 6 -3 -7 10 -10 -2
right_child=2 5 3 4 -6 7 -8 -9 9 -11 -12
leaf_value=-0.00050129068639597201 0.0015408344743323556 0.00023706392214487023 -0.0021639844330952219 -0.00058407707002381586 -4.0783932855608297e-05 0.00011119408770946678 -0.0007083771728214691 0.0019104008517341507 -8.3018035108270888e-05 0.00020283944436281826 0.00028445195983415635
leaf_weight=169 194 1510 155 324 4043 4155 906 607 1322 493 492
leaf_count=169 194 1510 155 324 4043 4155 906 607 1322 493 492
internal_value=8.26096e-06 0.000181753 -0.000172346 -0.000395129 -0.000314787 0.000228143 -0.00016677 0.000429778 0.000227953 -4.46428e-05 0.000953329
internal_weight=14370 7347 7023 4522 4367 7178 2416 4762 2501 1815 686
internal_count=14370 7347 7023 4522 4367 7178 2416 4762 2501 1815 686
is_linear=0
shrinkage=0.025


Tree=688
num_leaves=15
num_cat=0
split_feature=11 31 46 39 31 38 40 13 40 30 34 24 40 46
split_gain=0.612364 1.4634 3.02475 1.74454 1.23804 1.78457 2.37253 1.32391 1.89576 1.12236 1.04396 0.994752 1.36502 0.898551
threshold=0.016333735547959808 0.6536967158317567 0.77389594912529003 0.87032619118690502 0.77112311124801647 -0.1667070463299751 1.1370488405227663 -0.28534933924674982 0.88727122545242321 0.13919082283973697 -0.058185368776321404 35.982378005981452 0.86602813005447399 0.80776411294937145
decision_type=2 2 2 2 2 2 2 2 2 2 2 2 2 2
left_child=1 2 3 -1 7 13 -7 8 -2 -4 -9 -3 -13 -6
right_child=4 11 9 -5 5 6 -8 10 -10 -11 -12 12 -14 -15
leaf_value=-0.00024606823628081826 0.0008645364762410948 0.0014114244370078035 -0.0019906382521843666 0.0006547382633142275 0.0035342315722592141 -0.00046252304609237368 0.00020907974612153718 -0.00025838772870781604 -0.00023499984668992743 -0.00074882830932076648 0.00056356207225358244 0.0014777290026164566 -0.00020069260940262917 -1.7644156088923697e-05
leaf_weight=1603 492 1539 123 1512 253 2703 1118 317 1318 139 1685 506 785 242
leaf_count=1603 492 1539 123 1512 253 2703 1118 317 1318 139 1685 506 785 242
internal_value=4.40203e-05 0.000231206 -0.000118643 9.81571e-05 -9.82109e-05 -0.00038851 -0.000572726 0.00022891 -0.000258264 -0.00267322 0.000672023 0.000650353 0.000132137 0.0010125
internal_weight=14335 6207 3377 3115 8128 4316 3821 3812 1810 262 2002 2830 1291 495
internal_count=14335 6207 3377 3115 8128 4316 3821 3812 1810 262 2002 2830 1291 495
is_linear=0
shrinkage=0.025


Tree=689
num_leaves=6
num_cat=0
split_feature=8 27 35 22 13
split_gain=0.528774 0.601221 0.555073 0.803437 0.709601
threshold=0.057141719385981567 -0.025462012737989422 -0.12755776196718213 0.80546832084655773 -0.23416599631309507
decision_type=2 2 2 2 2
left_child=1 -1 3 -3 -4
right_child=-2 2 4 -5 -6
leaf_value=-0.00041756145672872612 0.001463591665264068 -2.1664460279309934e-05 0.00011139554702906583 -0.0019668924279705314 -1.8465417296346709e-05
leaf_weight=166 168 823 3714 198 9198
leaf_count=166 168 823 3714 198 9198
internal_value=6.04339e-06 -1.03693e-05 7.26441e-06 -0.0005519 5.216e-05
internal_weight=14267 14099 13933 1021 12912
internal_count=14267 14099 13933 1021 12912
is_linear=0
shrinkage=0.025


Tree=690
num_leaves=13
num_cat=0
split_feature=32 14 29 29 12 24 46 20 24 29 39 48
split_gain=0.450802 1.39376 1.90447 2.00466 0.63068 1.0789 1.07039 0.622239 0.599998 0.400241 0.368902 0.260387
threshold=1.3056870698928835 0.3706896454095841 0.094944600015878691 0.059372387826442725 -0.3040268719196319 33.826574325561531 0.57171678543090831 -0.24805633723735807 16.119374275207523 0.095312241464853301 0.99188268184661876 0.74303007125854503
decision_type=2 2 2 2 2 2 2 2 2 2 2 2
left_child=4 10 3 -3 5 6 -1 11 -9 -4 -2 -6
right_child=1 2 9 -5 7 -7 -8 8 -10 -11 -12 -13
leaf_value=-0.0010654843918034829 0.00020951233165781804 0.00044786642125723146 0.0019036391001953071 -0.0011636786795230865 0.0011697149367321002 0.00048138569759104621 2.6896988861102128e-05 -8.4568277293334596e-05 4.6396281668098684e-05 -3.5281900976674842e-05 0.0025005754093197553 0.00014942906234740498
leaf_weight=209 126 122 145 365 193 159 123 1857 10604 120 132 125
leaf_count=209 126 122 145 365 193 159 123 1857 10604 120 132 125
internal_value=4.50648e-05 -0.000461823 -0.00100892 -0.00193343 8.4275e-05 -0.00078881 -0.00159866 0.000118605 8.99447e-05 0.000671296 0.00109791 0.00120356
internal_weight=14280 1010 752 487 13270 491 332 12779 12461 265 258 318
internal_count=14280 1010 752 487 13270 491 332 12779 12461 265 258 318
is_linear=0
shrinkage=0.025


Tree=691
num_leaves=9
num_cat=0
split_feature=37 42 32 20 41 36 44 33
split_gain=0.724241 0.883411 0.774133 0.767495 0.825816 0.714232 0.524466 0.467122
threshold=0.026796324178576473 0.094191994518041625 1.4528238177299502 0.78996190428733837 0.32499971985816961 0.6166227161884309 0.031475229188799865 -0.00028957883478142316
decision_type=2 2 2 2 2 2 2 2
left_child=2 5 3 4 -1 7 -5 -2
right_child=1 -3 -4 6 -6 -7 -8 -9
leaf_value=0.00025206440753682534 0.00059261760163157706 -0.00056853474928876037 -0.00021805528601584091 0.002361106916369508 -4.4566167720394939e-05 -0.00052810709691633877 1.2981912520375909e-05 0.0015817254102366216
leaf_weight=1250 318 223 132 277 11188 125 233 562
leaf_count=1250 318 223 132 277 11188 125 233 562
internal_value=0 0.000578873 -5.49292e-05 -3.46444e-05 -7.42384e-05 0.000897277 0.000910194 0.00115113
internal_weight=14308 1228 13080 12948 12438 1005 510 880
internal_count=14308 1228 13080 12948 12438 1005 510 880
is_linear=0
shrinkage=0.025


Tree=692
num_leaves=12
num_cat=0
split_feature=37 37 19 25 24 16 12 11 23 19 10
split_gain=0.616589 1.07327 1.93679 1.35669 1.08774 1.02256 0.825177 1.36283 0.979292 0.697119 0.488061
threshold=0.02286630962044001 0.016778284683823589 0.084192980080842986 10.195074558258058 41.287851333618171 0.01814263686537743 -0.043001394718885415 0.021969495341181759 0.12549457699060443 0.17497397214174273 0.020289829932153228
decision_type=2 2 2 2 2 2 2 2 2 2 2
left_child=1 6 3 -3 -4 -2 8 -8 -1 10 -7
right_child=5 2 4 -5 -6 9 7 -9 -10 -11 -12
leaf_value=-1.310475368307556e-05 -0.00038139549411416563 -0.00028051771975816104 0.00073292806892064121 -0.0011848218648848998 -0.00016022163785318322 0.0023864639288164748 -2.3918277266093257e-05 -0.0010443137045111218 0.00024785618639885563 -0.00081836212104283493 0.00036926312377793391
leaf_weight=2769 201 1567 666 133 350 212 3476 208 3259 132 1383
leaf_count=2769 201 1567 666 133 350 212 3476 208 3259 132 1383
internal_value=7.02424e-05 5.12758e-06 -0.000433205 -0.000949413 0.000424829 0.000485644 0.000128512 -0.000165018 0.000308926 0.000684902 0.000832031
internal_weight=14356 12428 2716 1700 1016 1928 9712 3684 6028 1727 1595
internal_count=14356 12428 2716 1700 1016 1928 9712 3684 6028 1727 1595
is_linear=0
shrinkage=0.025


Tree=693
num_leaves=14
num_cat=0
split_feature=35 33 39 35 35 36 37 37 32 37 36 15 12
split_gain=0.676105 1.22638 0.994648 1.17106 0.879193 1.63275 1.66657 1.31703 1.59262 1.47605 0.918742 0.777854 0.761625
threshold=0.22327419370412829 -0.0084942099638283235 1.4436544179916384 0.25044226646423345 0.12207870930433275 0.29601582884788519 0.019648350775241855 0.016557741910219196 0.83254906535148632 0.022662520408630375 0.40320891141891485 0.24999999254941943 -0.06066449545323848
decision_type=2 2 2 2 2 2 2 2 2 2 2 2 2
left_child=4 11 3 -3 7 6 -6 8 -1 -9 -7 -2 -13
right_child=1 2 -4 -5 5 10 -8 9 -10 -11 -12 12 -14
leaf_value=-3.3191637479004061e-05 9.8401146043633101e-05 0.0011450651302655037 0.0038857670131187171 2.1574026229374718e-05 -0.00075616563060719672 0.00097905501258968076 0.00030083290221656199 -0.00037858152066476132 0.00046464621623330886 9.2008556207688824e-05 -0.0004081709273833438 -0.00012132983398548468 -0.0016296605298632958
leaf_weight=2333 184 612 205 2111 1579 780 298 1343 2816 1328 520 121 124
leaf_count=2333 184 612 205 2111 1579 780 298 1343 2816 1328 520 121 124
internal_value=1.24487e-05 0.000323096 0.000507586 0.000376191 -8.19168e-05 -0.000432511 -0.000903958 5.99042e-05 0.000294189 -0.000389107 0.000244253 -0.000913018 -0.001825
internal_weight=14354 3357 2928 2723 10997 3177 1877 7820 5149 2671 1300 429 245
internal_count=14354 3357 2928 2723 10997 3177 1877 7820 5149 2671 1300 429 245
is_linear=0
shrinkage=0.025


Tree=694
num_leaves=12
num_cat=0
split_feature=21 31 38 46 45 31 11 5 12 30 5
split_gain=0.531365 0.554305 2.24247 1.74889 1.972 1.78573 1.68954 1.27355 0.410735 0.473289 0.560608
threshold=83.255573272705092 0.86692318320274364 -0.11750972643494605 0.80776411294937145 0.8479457199573518 0.4899324774742127 0.016268628649413589 0.61076074838638317 -0.017831132747232911 0.4901262521743775 0.5398538112640382
decision_type=2 2 2 2 2 2 2 2 2 2 2
left_child=1 3 7 5 -5 -1 -4 -3 -2 10 -10
right_child=8 2 6 4 -6 -7 -8 -9 9 -11 -12
leaf_value=-1.886077969077462e-05 0.0013372584170546215 -0.00041934202270730323 4.7344844908083092e-05 -0.0013752347393324489 0.0003809722356723004 0.00072510404278279506 -0.00037190639374373334 0.0010302829254511814 -0.00096483234192121313 0.001327021381081385 0.00016912331166987575
leaf_weight=5077 123 277 1741 340 222 2185 2760 1002 139 143 208
leaf_count=5077 123 277 1741 340 222 2185 2760 1002 139 143 208
internal_value=-2.64554e-05 -5.94275e-05 -0.000245246 7.71172e-05 -0.00125882 0.000182159 -0.000508489 0.00067465 0.000689725 0.000340909 -0.000145596
internal_weight=14217 13604 5780 7824 562 7262 4501 1279 613 490 347
internal_count=14217 13604 5780 7824 562 7262 4501 1279 613 490 347
is_linear=0
shrinkage=0.025


Tree=695
num_leaves=15
num_cat=0
split_feature=38 47 7 45 5 30 20 13 8 31 39 34 36 38
split_gain=0.597669 1.20037 1.77227 1.38394 1.14081 1.36742 0.969188 0.82896 0.698392 0.860554 1.80422 0.758716 0.716564 1.49598
threshold=-0.018733770586550232 0.73275861144065868 -0.013135894667357205 0.50531914830207836 0.61076074838638317 0.58894142508506786 -0.05151530168950557 -0.20250578224658963 0.017544568516314033 0.057865019887685783 0.82841607928276073 0.11695807799696924 0.21314036846160891 -0.065974175930023179
decision_type=2 2 2 2 2 2 2 2 2 2 2 2 2 2
left_child=8 2 3 -2 7 -6 -4 -3 9 10 -1 -11 13 -10
right_child=1 4 6 -5 5 -7 -8 -9 12 11 -12 -13 -14 -15
leaf_value=-0.0028980689388549974 -0.001574510132267356 -0.00016268152868161977 0.00069817600289873605 -2.0453973256174873e-05 -0.00024881868596094851 0.0030128243245090953 -0.0001167099075135895 0.0022224933481273901 6.315610764569311e-06 0.00068856336595610678 0.00087964145222966931 -0.00019125613619078413 0.00013824398542977215 -0.00050586103087681014
leaf_weight=125 344 136 146 221 597 137 2565 327 3666 1549 158 131 3162 944
leaf_count=125 344 136 146 221 597 137 2565 327 3666 1549 158 131 3162 944
internal_value=-8.70672e-06 -0.000248158 -0.000496419 -0.00176535 0.000425333 -0.000180988 -0.000226896 0.00139156 0.000100744 0.000521469 -0.000733507 0.000738131 -4.98255e-06 -0.000204496
internal_weight=14208 4473 3276 565 1197 734 2711 463 9735 1963 283 1680 7772 4610
internal_count=14208 4473 3276 565 1197 734 2711 463 9735 1963 283 1680 7772 4610
is_linear=0
shrinkage=0.025


Tree=696
num_leaves=12
num_cat=0
split_feature=4 17 13 41 8 12 41 24 2 16 21
split_gain=0.72405 1.03585 1.62137 2.54567 0.995619 0.671771 0.665546 0.658181 1.19069 0.655103 0.532914
threshold=-0.15957938134670255 -0.281911090016365 -0.43221326172351832 0.67323017120361339 0.033196948468685157 -0.21970437467098233 0.086012769490480437 16.119374275207523 0.0034614716423675422 0.015462978277355434 41.006902694702156
decision_type=2 2 2 2 2 2 2 2 2 2 2
left_child=1 2 10 -4 5 -3 -2 8 -8 -9 -1
right_child=6 4 3 -5 -6 -7 7 9 -10 -11 -12
leaf_value=-3.1482239527332926e-05 -0.0001601279107094429 1.9815458446465983e-05 -0.0022578341201828691 0.00017622671120152256 -0.00018215260308369845 0.0011654332361735677 3.7991073642359323e-05 0.00043262919394297081 -0.0010864874166572503 -2.2149626679187116e-06 0.00096046994532043059
leaf_weight=206 191 258 152 166 222 844 851 1203 670 9334 264
leaf_count=206 191 258 152 166 222 844 851 1203 670 9334 264
internal_value=3.28032e-05 0.000459967 -0.00025063 -0.00162152 0.000886945 0.0011958 -4.04969e-05 -1.64759e-05 -0.00050213 5.32395e-05 0.000671053
internal_weight=14361 2112 788 318 1324 1102 12249 12058 1521 10537 470
internal_count=14361 2112 788 318 1324 1102 12249 12058 1521 10537 470
is_linear=0
shrinkage=0.025


Tree=697
num_leaves=12
num_cat=0
split_feature=38 36 4 3 13 10 25 14 11 39 11
split_gain=0.747534 0.944143 1.16529 1.19629 1.07445 0.911681 0.865055 0.963233 1.03408 0.469401 0.258501
threshold=-0.23076384514570233 -0.14391931891441342 -0.13177477568387982 -0.28143721818923945 -0.31691214442253107 0.014853090513497593 -2.7266670465469356 0.68534484505653392 0.016753410920500759 1.04838103055954 0.016452873125672344
decision_type=2 2 2 2 2 2 2 2 2 2 2
left_child=6 4 5 -4 -2 -3 7 8 -1 10 -8
right_child=1 2 3 -5 -6 -7 9 -9 -10 -11 -12
leaf_value=-0.00091163470288212884 -0.0017890004898053282 0.00085194665139078042 -0.0005752425916024142 -1.5377002257022072e-05 6.2939445243878389e-05 -2.150286318312036e-06 0.0012084164364581009 -0.00077252461667906699 0.000400744479419276 2.392897407837235e-05 0.0010948592409309353
leaf_weight=141 143 752 210 10932 137 666 183 149 626 215 230
leaf_count=141 143 752 210 10932 137 666 183 149 626 215 230
internal_value=1.58977e-05 -4.62241e-05 -1.34301e-05 -9.99147e-05 -0.0014693 0.000659698 0.000535023 3.6645e-05 0.000403174 0.00124605 0.00173744
internal_weight=14384 12840 12560 11142 280 1418 1544 916 767 628 413
internal_count=14384 12840 12560 11142 280 1418 1544 916 767 628 413
is_linear=0
shrinkage=0.025


Tree=698
num_leaves=14
num_cat=0
split_feature=4 31 11 29 11 12 9 26 13 33 39 13 10
split_gain=0.684609 0.913213 0.884864 0.817148 0.771927 0.688134 0.684801 0.949794 1.4179 0.675009 0.562308 0.51243 0.152367
threshold=-0.15957938134670255 0.14913159608840945 0.019664425402879718 0.055418759584426887 0.023844310082495216 -0.23259277641773221 0.014311928302049639 0.01764285005629063 -0.01790589094161987 -0.0024177555460482831 0.67764529585838329 -0.28534933924674982 0.012994766235351564
decision_type=2 2 2 2 2 2 2 2 2 2 2 2 2
left_child=1 3 12 11 -4 -5 10 8 -8 -9 -2 -1 -3
right_child=6 2 4 5 -6 -7 7 9 -10 -11 -12 -13 -14
leaf_value=2.4227784919916055e-05 8.7043362619288641e-05 0.0033340262845700749 -0.00017819775885795323 -0.0010051254868326379 0.0010639160051080746 1.2618618536169989e-05 -0.00019440029420294771 -7.5339673439808806e-05 -0.0014599199323639307 4.6860158879616144e-05 0.0032871936315556436 0.0027479154625801045 0.0011391978404327776
leaf_weight=911 155 199 186 120 195 124 1610 2930 219 7125 149 129 269
leaf_count=911 155 199 186 120 195 124 1610 2930 219 7125 149 129 269
internal_value=5.55809e-05 0.000468312 0.00110217 4.16991e-05 0.000184586 -0.00123996 -1.63002e-05 -4.69971e-05 -0.000570474 4.78381e-05 0.00114482 0.000352871 0.00182611
internal_weight=14321 2133 849 1284 381 244 12188 11884 1829 10055 304 1040 468
internal_count=14321 2133 849 1284 381 244 12188 11884 1829 10055 304 1040 468
is_linear=0
shrinkage=0.025


Tree=699
num_leaves=8
num_cat=0
split_feature=41 48 40 31 27 13 42
split_gain=0.907219 0.804628 0.809009 4.0047 0.758263 0.667367 0.281458
threshold=0.086012769490480437 0.057776963338255889 0.46519245207309728 0.43743975460529333 0.00041130064346361911 -0.15916711091995236 0.038754073902964599
decision_type=2 2 2 2 2 2 2
left_child=-1 5 3 -3 -4 -2 -7
right_child=1 2 4 -5 -6 6 -8
leaf_value=-0.00022207623412341871 -4.300345355133769e-05 0.0029511670725301678 9.6394217342275225e-05 -0.0028146509509204064 -2.6847759541929659e-05 0.0027865797003183597 0.00035399655320532636
leaf_weight=197 168 121 5383 120 7863 188 201
leaf_count=197 168 121 5383 120 7863 188 201
internal_value=4.71186e-05 7.14465e-05 3.23341e-05 -0.00138719 5.91466e-05 0.000998666 0.00156409
internal_weight=14241 14044 13487 241 13246 557 389
internal_count=14241 14044 13487 241 13246 557 389
is_linear=0
shrinkage=0.025


Tree=700
num_leaves=11
num_cat=0
split_feature=38 3 24 29 29 13 36 37 24 43
split_gain=0.621682 0.621628 1.27688 1.60162 0.927084 0.651892 1.42845 1.08957 0.368498 0.346684
threshold=-0.30485139787197107 -0.23893339931964871 33.249654769897468 0.046302335336804397 0.047013388946652419 -0.25391793251037592 0.12314667925238611 0.011546375229954721 30.53107833862305 0.13035697489976886
decision_type=2 2 2 2 2 2 2 2 2 2
left_child=8 2 3 -2 -4 7 -7 -3 9 -1
right_child=1 5 4 -5 -6 6 -8 -9 -10 -11
leaf_value=0.0017158307257521906 -0.00058583733584293015 0.00069149840532683798 0.0018027779994704105 -1.8804924640954059e-05 -0.00016194731834783893 -0.0001715015279221913 5.3282068728016871e-05 -8.4979560009026939e-07 -0.00034718495268357716 3.4385892517289408e-05
leaf_weight=233 246 1135 136 330 120 3176 7018 1630 128 122
leaf_count=233 246 1135 136 330 120 3176 7018 1630 128 122
internal_value=4.75349e-05 1.60373e-05 -0.000643668 -0.00129733 0.000799809 5.91061e-05 -3.27237e-05 0.000399368 0.000924693 0.00133681
internal_weight=14274 13791 832 576 256 12959 10194 2765 483 355
internal_count=14274 13791 832 576 256 12959 10194 2765 483 355
is_linear=0
shrinkage=0.025


Tree=701
num_leaves=12
num_cat=0
split_feature=6 43 35 6 20 3 43 14 41 43 10
split_gain=0.695177 0.714853 0.877595 0.98555 0.660319 1.18364 0.930877 0.612774 0.68656 0.569692 0.387133
threshold=0.071436360478401198 0.2386194318532944 -0.015333476476371287 0.10842082276940347 0.67061778903007518 0.50287559628486644 0.31495732069015508 0.93360236287117015 0.34406852722167974 0.45107945799827581 0.027690510265529159
decision_type=2 2 2 2 2 2 2 2 2 2 2
left_child=4 2 10 -4 5 6 -1 8 -6 -3 -2
right_child=1 9 3 -5 7 -7 -8 -9 -10 -11 -12
leaf_value=5.063377711022292e-05 0.00090158246296168825 0.00048479750602096073 -0.0009123611065694529 0.00019744585681257668 -4.205420617153695e-05 -0.0011587965629905343 -0.00011759326821320358 -0.00019022555680503497 0.0021992864147507203 -0.00040509815864736912 -0.00016214431684933111
leaf_weight=11273 124 217 359 126 150 185 1000 180 392 158 120
leaf_count=11273 124 217 359 126 150 185 1000 180 392 158 120
internal_value=7.37456e-05 -0.000526375 -0.000982629 -0.00159439 0.000124668 8.13409e-05 0.000112091 0.000857978 0.00127742 0.000345395 0.000215864
internal_weight=14284 1104 729 485 13180 12458 12273 722 542 375 244
internal_count=14284 1104 729 485 13180 12458 12273 722 542 375 244
is_linear=0
shrinkage=0.025


Tree=702
num_leaves=9
num_cat=0
split_feature=38 9 46 48 29 36 17 31
split_gain=0.67953 0.546514 1.58131 1.64834 0.919983 0.733288 1.60924 1.45001
threshold=-0.32183244824409479 0.018407131545245651 0.16405374556779864 0.3706896454095841 0.034456359222531326 0.21809379011392596 0.91086941957473766 0.77112311124801647
decision_type=2 2 2 2 2 2 2 2
left_child=-1 2 3 -2 -4 6 -3 -7
right_child=1 5 4 -5 -6 7 -8 -9
leaf_value=0.0011847519155695778 -0.0017660516576835526 -9.580722274488097e-05 0.00028515844618998653 0.0008136929536195494 0.002099925676991909 0.00052666773208646261 0.0018112280892560032 -3.1347084811372961e-05
leaf_weight=236 217 5475 894 133 554 1962 502 4378
leaf_count=236 217 5475 894 133 554 1962 502 4378
internal_value=6.76547e-05 4.47062e-05 0.000451331 -0.00103873 0.000818135 -1.43036e-05 -0.000213348 0.00017238
internal_weight=14351 14115 1798 350 1448 12317 5977 6340
internal_count=14351 14115 1798 350 1448 12317 5977 6340
is_linear=0
shrinkage=0.025


Tree=703
num_leaves=13
num_cat=0
split_feature=26 37 38 34 17 15 24 46 17 39 21 16
split_gain=0.512904 1.19557 1.13353 3.81493 1.37353 1.1266 0.989025 0.928708 0.89157 0.72913 0.691724 0.638419
threshold=0.03157202526926995 0.022662520408630375 -0.11399348825216292 -0.041450416669249528 0.25293987989425665 0.077586207538843169 19.995412826538089 0.23105636239051822 0.95176368951797496 0.81227853894233715 56.630882263183601 0.025003741495311264
decision_type=2 2 2 2 2 2 2 2 2 2 2 2
left_child=1 5 4 -4 7 -1 -3 -2 -5 -8 -6 -7
right_child=2 6 3 8 10 11 9 -9 -10 -11 -12 -13
leaf_value=-0.0014606445867651708 0.00020078210309079373 0.0039071829944441012 -0.0015527197898205743 -0.0002362465594108151 0.0013209722748361707 4.6475441360305872e-06 0.0024087795414552363 -0.00050019166669610542 0.00061898857375585273 -3.6087023322776377e-05 -2.4799043703048952e-05 0.00023220499313215913
leaf_weight=158 175 282 201 1054 625 8625 144 322 432 359 192 1742
leaf_count=158 175 282 201 1054 625 8625 144 322 432 359 192 1742
internal_value=6.78438e-05 0.000145272 -0.00022164 -0.000650857 0.000325057 7.41929e-05 0.00108386 -0.000699701 -0.000203722 0.000396162 0.000956509 0.00010714
internal_weight=14311 11310 3001 1687 1314 10525 785 497 1486 503 817 10367
internal_count=14311 11310 3001 1687 1314 10525 785 497 1486 503 817 10367
is_linear=0
shrinkage=0.025


Tree=704
num_leaves=11
num_cat=0
split_feature=6 37 41 46 41 25 6 17 39 2
split_gain=0.694714 0.932785 0.905777 1.23823 0.816363 0.776145 0.67318 0.694076 0.525942 0.482921
threshold=0.068569459021091475 0.026796324178576473 0.26788741350173956 0.28690260648727423 0.65014329552650463 -13.195981025695799 0.059339601546525962 -0.46686924993991846 0.98933768272399913 0.084122002124786391
decision_type=2 2 2 2 2 2 2 2 2 2
left_child=1 6 -2 -4 -5 -3 7 -1 -8 -7
right_child=2 5 3 4 -6 9 8 -9 -10 -11
leaf_value=0.00031915482195157287 -0.00067062087050023496 -4.9548433171545942e-05 -0.00079376435412252327 0.00053392895425998128 -0.00019959332107456751 0.0016178220127682531 6.8464841808856689e-06 -1.6411732331179706e-05 0.0014753757737822355 -4.6771335798648277e-05
leaf_weight=503 139 206 215 563 316 602 245 10998 277 145
leaf_count=503 139 206 215 563 316 602 245 10998 277 145
internal_value=3.10434e-05 8.54134e-05 -0.000534128 -0.000280937 0.000131505 0.000836378 2.50458e-05 -1.44489e-05 0.000898956 0.00121177
internal_weight=14209 12976 1233 1094 879 953 12023 11501 522 747
internal_count=14209 12976 1233 1094 879 953 12023 11501 522 747
is_linear=0
shrinkage=0.025


Tree=705
num_leaves=5
num_cat=0
split_feature=9 43 41 48
split_gain=0.514517 0.632006 0.552311 0.859944
threshold=0.051174495369195945 -0.55635732412338246 0.086012769490480437 0.057776963338255889
decision_type=2 2 2 2
left_child=1 -1 -3 -4
right_child=-2 2 3 -5
leaf_value=-0.00093197728757942041 0.00029679127866134863 -0.00021307881107423244 0.00049694915274576461 -4.7983097698461135e-06
leaf_weight=164 233 194 528 13178
leaf_count=164 233 194 528 13178
internal_value=7.77873e-06 -1.12836e-05 6.74227e-06 2.61652e-05
internal_weight=14297 14064 13900 13706
internal_count=14297 14064 13900 13706
is_linear=0
shrinkage=0.025


Tree=706
num_leaves=10
num_cat=0
split_feature=33 12 23 36 33 34 1 38 25
split_gain=1.10719 0.76884 1.61288 1.23835 0.791229 0.860347 0.264176 0.292802 0.037889
threshold=0.027643609791994098 -0.29302370548248285 0.44975382089614874 0.10010129958391191 0.024629064835608009 -0.035397827625274651 -0.092133823782205568 -0.059582054615020745 -3.7579016685485835
decision_type=2 2 2 2 2 2 2 2 2
left_child=1 2 3 -1 5 -3 -2 8 -8
right_child=6 4 -4 -5 -6 -7 7 -9 -10
leaf_value=-5.0948126333568268e-05 2.1401943195411697e-05 -0.00013610266108994194 0.0011012348327979085 -0.00090775153809256751 -0.0012148959512743667 4.1218398190283193e-05 0.0031659281483634332 0.00019113669246062097 0.00083383041768080057
leaf_weight=276 122 2158 128 244 165 10691 131 234 121
leaf_count=276 122 2158 128 244 165 10691 131 234 121
internal_value=4.33451e-05 -2.8352e-06 -0.000840352 -0.00146429 3.86935e-05 6.15568e-05 0.00108279 0.00134165 0.00194066
internal_weight=14270 13662 648 520 13014 12849 608 486 252
internal_count=14270 13662 648 520 13014 12849 608 486 252
is_linear=0
shrinkage=0.025


Tree=707
num_leaves=9
num_cat=0
split_feature=17 39 43 11 9 35 41 43
split_gain=0.656425 1.41334 1.11688 1.05706 0.992453 0.81866 1.07992 0.811775
threshold=1.1338898539543154 0.68374070525169384 0.12072477117180826 0.037145419046282775 0.035114012658596046 -0.12755776196718213 0.48155695199966436 0.6283441185951234
decision_type=2 2 2 2 2 2 2 2
left_child=3 -2 -3 5 -4 6 -1 -7
right_child=1 2 4 -5 -6 7 -8 -9
leaf_value=0.0004719460844316772 -0.0012422318105517567 -0.00080173833204794348 0.0017461689538197586 0.0040514799735801629 -0.00015874887150854716 3.4269100907325667e-05 -0.000388289081500463 -0.0006912632455413015
leaf_weight=160 146 182 239 140 264 12201 788 122
leaf_count=160 146 182 239 140 264 12201 788 122
internal_value=3.1498e-05 -0.000647428 -0.000153985 7.42584e-05 0.000445374 5.05613e-05 -0.000654512 0.000105552
internal_weight=14242 831 685 13411 503 13271 948 12323
internal_count=14242 831 685 13411 503 13271 948 12323
is_linear=0
shrinkage=0.025


Tree=708
num_leaves=12
num_cat=0
split_feature=16 16 6 16 36 24 12 40 16 3 8
split_gain=0.657907 1.25854 1.12008 0.742572 1.00846 1.19074 0.699425 0.659216 0.641916 0.528361 0.290268
threshold=0.031839871779084213 0.035816960036754615 0.039229506626725204 0.028496605344116691 0.49588042497634893 22.470510482788089 -0.050372024998068803 1.1621648669242861 0.025392987765371803 0.081304926425218596 0.030579364858567718
decision_type=2 2 2 2 2 2 2 2 2 2 2
left_child=3 2 -2 4 8 -6 -4 10 -1 -3 -5
right_child=1 9 6 7 5 -7 -8 -9 -10 -11 -12
leaf_value=4.6279439224499829e-06 -1.027298371796372e-05 -7.4692695499182561e-05 -0.00023344707401586016 0.0016517139947367883 -0.0012053133299985634 -8.5950818427866442e-05 -0.0014609008071649391 -0.00034943839518051774 0.00062243696544005871 0.0029694370055941268 0.00014770669121539368
leaf_weight=10632 211 146 139 404 249 626 125 175 1122 127 328
leaf_count=10632 211 146 139 404 249 626 125 175 1122 127 328
internal_value=2.30073e-05 -0.000695551 -0.00147135 6.34186e-05 1.3159e-05 -0.000802557 -0.00254182 0.000752467 7.47301e-05 0.000633993 0.00108379
internal_weight=14284 748 475 13536 12629 875 264 907 11754 273 732
internal_count=14284 748 475 13536 12629 875 264 907 11754 273 732
is_linear=0
shrinkage=0.025


Tree=709
num_leaves=13
num_cat=0
split_feature=40 17 20 45 36 38 37 3 11 40 10 31
split_gain=0.610547 1.3172 1.72492 1.27499 1.13537 3.17802 1.62048 1.91663 1.90602 1.59643 0.75799 0.445673
threshold=0.86102840304374706 1.3742074370384219 0.3506638109683991 0.41966252028942114 0.039840755984187133 -0.18329793959856031 0.011774933431297542 0.25833913683891302 0.012149503920227291 0.97891241312026989 0.024082139134407047 1.5256189703941347
decision_type=2 2 2 2 2 2 2 2 2 2 2 2
left_child=1 2 3 -1 5 9 7 -6 -8 -2 -7 -4
right_child=4 -3 11 -5 6 10 8 -9 -10 -11 -12 -13
leaf_value=0.00023856605487746334 -0.0016024141438987227 -0.0015206730860702305 0.0026518607782353839 -0.00014285531444934368 -0.00070516488585948786 0.0016637491269257641 -0.0017651176699645344 0.00039561597239568371 2.7341122805405904e-05 -4.9793968514343549e-06 -0.00014502374026385562 0.00042292209314032428
leaf_weight=1778 242 130 378 1911 1541 1034 400 546 4565 1068 123 625
leaf_count=1778 242 130 378 1911 1541 1034 400 546 4565 1068 123 625
internal_value=2.41357e-05 0.000253522 0.000324409 7.20764e-05 -9.14793e-05 0.000368629 -0.000253472 -0.000837117 -6.28763e-06 -0.000470532 0.00132207 0.00124132
internal_weight=14341 4822 4692 3689 9519 2467 7052 2087 4965 1310 1157 1003
internal_count=14341 4822 4692 3689 9519 2467 7052 2087 4965 1310 1157 1003
is_linear=0
shrinkage=0.025


Tree=710
num_leaves=8
num_cat=0
split_feature=41 35 29 29 40 11 4
split_gain=0.669066 0.692717 0.951254 1.15147 0.736047 1.36767 1.03122
threshold=0.086012769490480437 -0.12755776196718213 0.089926734566688551 0.059372387826442725 1.3052054047584536 0.019804880023002628 -0.17756569385528562
decision_type=2 2 2 2 2 2 2
left_child=-1 2 3 -2 6 -6 -3
right_child=1 4 -4 -5 5 -7 -8
leaf_value=-0.0001864502118122698 -5.0874127883445201e-05 0.00035756752343573902 0.0011947511052926331 -0.00083067439552202799 1.4920030902093775e-05 -0.00037656644169652354 2.1740796697700398e-05
leaf_weight=202 597 1377 190 275 615 442 10592
leaf_count=202 597 1377 190 275 615 442 10592
internal_value=1.53026e-05 3.64544e-05 -0.000575211 -0.000927879 8.70042e-05 -0.000542608 0.000143331
internal_weight=14290 14088 1062 872 13026 1057 11969
internal_count=14290 14088 1062 872 13026 1057 11969
is_linear=0
shrinkage=0.025


Tree=711
num_leaves=9
num_cat=0
split_feature=41 32 29 14 41 22 40 4
split_gain=0.775544 0.596768 1.36732 2.83655 0.879199 1.04766 0.86802 0.323369
threshold=0.059105746448040015 1.3056870698928835 0.094944600015878691 0.52457812428474437 0.29422789812088018 0.79646316170692455 0.46519245207309728 0.37142646312713629
decision_type=2 2 2 2 2 2 2 2
left_child=-1 4 3 -3 5 -2 -6 -4
right_child=1 2 7 -5 6 -7 -8 -9
leaf_value=-0.00020910572610860937 0.00052466739441416217 0.00042294686004806396 0.0018077843076541617 -0.0010942168342760095 -0.0011157105504342834 -0.00013472928027949118 1.2786683796520513e-05 2.1585940827209638e-05
leaf_weight=142 651 331 183 376 190 288 12026 132
leaf_count=142 651 331 183 376 190 288 12026 132
internal_value=1.16065e-05 3.07609e-05 -0.000548929 -0.00116046 7.64629e-05 0.000811706 1.9127e-05 0.000800781
internal_weight=14319 14177 1022 707 13155 939 12216 315
internal_count=14319 14177 1022 707 13155 939 12216 315
is_linear=0
shrinkage=0.025


Tree=712
num_leaves=12
num_cat=0
split_feature=32 2 29 40 24 3 41 22 46 29 26
split_gain=0.701488 1.12643 2.13336 1.11712 0.832281 1.09859 1.19992 0.68991 0.656877 0.556414 0.554787
threshold=1.3056870698928835 0.11681789159774782 0.094881050288677229 1.1240597367286684 20.892318725585941 -0.27341417968273157 0.73657879233360302 0.86790356040000927 0.34785239398479467 0.039092080667614944 0.025358997285366062
decision_type=2 2 2 2 2 2 2 2 2 2 2
left_child=4 3 -3 10 5 -1 -7 9 -9 -6 -2
right_child=1 2 -4 -5 7 6 -8 8 -10 -11 -12
leaf_value=-0.00059636891146202609 0.0020861449713971288 -0.0016420250673260649 3.3645853532131414e-05 -0.0006235326601215478 -7.1746038063425813e-07 -0.00014021003598484012 0.00021905749134701661 -0.00083692796519864118 1.4818538247878918e-05 0.00021384547612789129 1.7328449970484383e-05
leaf_weight=127 123 151 175 165 2003 3328 1016 543 1703 4568 390
leaf_count=127 123 151 175 165 2003 3328 1016 543 1703 4568 390
internal_value=6.90714e-06 -0.000628097 -0.00182402 -3.4773e-05 5.55745e-05 -0.000221459 -0.000151472 0.000196809 -0.000179365 0.000326376 0.000533301
internal_weight=14292 1004 326 678 13288 4471 4344 8817 2246 6571 513
internal_count=14292 1004 326 678 13288 4471 4344 8817 2246 6571 513
is_linear=0
shrinkage=0.025


Tree=713
num_leaves=6
num_cat=0
split_feature=30 12 8 30 29
split_gain=0.74848 0.715507 0.720339 1.50126 1.11847
threshold=-1.4915761351585386 -0.39291308820247645 0.03682281821966172 0.17684189975261691 0.09524793922901155
decision_type=2 2 2 2 2
left_child=-1 -2 4 -4 -3
right_child=1 2 3 -5 -6
leaf_value=0.00068402102402393458 0.0013519163229658855 6.0480991600483953e-06 1.8634123041037528e-05 -0.00071521555844840205 0.0029463959166351398
leaf_weight=239 146 11863 1171 674 227
leaf_count=239 146 11863 1171 674 227
internal_value=2.57418e-05 1.50868e-06 -1.65889e-05 -0.000476351 5.32246e-05
internal_weight=14320 14081 13935 1845 12090
internal_count=14320 14081 13935 1845 12090
is_linear=0
shrinkage=0.025


Tree=714
num_leaves=8
num_cat=0
split_feature=39 17 45 41 41 29 32
split_gain=0.815345 0.701372 1.80396 1.00891 0.669693 0.890816 0.842234
threshold=0.10080933943390848 1.120124399662018 0.50531914830207836 0.6026645600795747 0.32499971985816961 0.09524793922901155 1.2987353801727297
decision_type=2 2 2 2 2 2 2
left_child=-1 4 -3 -4 6 -6 -2
right_child=1 2 3 -5 5 -7 -8
leaf_value=-0.00020330315854166062 0.00044175957321402948 -0.0010033398158716988 -0.00028018536161935345 0.0013103973722763159 2.1493682567315351e-07 0.0010726981430401563 -0.00021459135544972063
leaf_weight=141 1066 124 443 309 11558 460 124
leaf_count=141 1066 124 443 309 11558 460 124
internal_value=3.38195e-05 5.34993e-05 -0.000628547 -0.000150264 9.94287e-05 4.27307e-05 0.000664226
internal_weight=14225 14084 876 752 13208 12018 1190
internal_count=14225 14084 876 752 13208 12018 1190
is_linear=0
shrinkage=0.025


Tree=715
num_leaves=6
num_cat=0
split_feature=41 38 45 47 30
split_gain=0.796768 0.696722 0.733551 1.1894 0.346887
threshold=0.086012769490480437 -0.31172589957714075 0.99137932062149059 0.86720469594001781 1.0000000180025095e-35
decision_type=2 2 2 2 2
left_child=-1 4 3 -3 -2
right_child=1 2 -4 -5 -6
leaf_value=-0.00019743095168145617 0.0020642861765419961 -1.7149835050513483e-05 -0.00040071076945157464 0.00024443049912763637 1.785705096130568e-05
leaf_weight=192 181 11949 211 1595 142
leaf_count=192 181 11949 211 1595 142
internal_value=-1.35726e-05 8.07721e-06 -1.86227e-05 3.96718e-06 0.0011471
internal_weight=14270 14078 13755 13544 323
internal_count=14270 14078 13755 13544 323
is_linear=0
shrinkage=0.025


Tree=716
num_leaves=6
num_cat=0
split_feature=39 40 40 17 36
split_gain=0.528611 0.678695 0.659246 2.76341 0.632015
threshold=0.15406761318445208 0.37317341566085821 0.46519245207309728 0.19216547161340716 -0.24099367111921308
decision_type=2 2 2 2 2
left_child=-1 -2 3 -3 -4
right_child=1 2 4 -5 -6
leaf_value=-0.00020713989142915579 0.00062858888530677398 0.0030492991061243781 -0.00016343666194006709 -0.002302127429941432 2.2566107804189424e-05
leaf_weight=199 164 120 368 142 13251
leaf_count=199 164 120 368 142 13251
internal_value=5.4653e-05 7.33987e-05 5.37413e-05 -0.00117509 7.82627e-05
internal_weight=14244 14045 13881 262 13619
internal_count=14244 14045 13881 262 13619
is_linear=0
shrinkage=0.025


Tree=717
num_leaves=10
num_cat=0
split_feature=31 30 26 42 24 5 3 3 44
split_gain=0.635713 1.12155 0.732771 0.728234 0.714212 0.768183 0.721305 0.611276 0.209192
threshold=0.049381246790289886 0.27437245845794683 0.012056896463036539 -0.037468336522579186 20.892318725585941 -0.10243116691708563 -0.26562628149986262 -0.17193082720041272 0.01136754732578993
decision_type=2 2 2 2 2 2 2 2 2
left_child=1 3 8 7 6 -6 -4 -1 -2
right_child=2 -3 4 -5 5 -7 -8 -9 -10
leaf_value=-5.5784024608126443e-05 0.0003575572347101743 -0.0033030188208422948 -0.00037326204116427687 -0.00047510550962125353 0.00038882376787044252 7.3969026462435227e-06 -5.9021118534756774e-05 0.00086285371375543953 0.00065348908105439089
leaf_weight=227 140 134 127 185 1220 7935 4033 127 152
leaf_count=227 140 134 127 185 1220 7935 4033 127 152
internal_value=-6.56273e-06 -0.000754056 3.02124e-05 -0.000222886 2.34619e-06 0.000126228 -0.000268607 0.000428273 0.00125842
internal_weight=14280 673 13607 539 13315 9155 4160 354 292
internal_count=14280 673 13607 539 13315 9155 4160 354 292
is_linear=0
shrinkage=0.025


Tree=718
num_leaves=8
num_cat=0
split_feature=41 48 40 40 11 23 0
split_gain=0.735508 0.823161 0.768405 1.27208 1.09796 0.656876 0.270049
threshold=0.086012769490480437 0.057776963338255889 0.74560302495956432 0.86102840304374706 0.018208074383437637 0.24406795203685763 0.014254054054617884
decision_type=2 2 2 2 2 2 2
left_child=-1 5 4 -4 -3 6 -2
right_child=1 2 3 -5 -6 -7 -8
leaf_value=-0.00018164212239543434 0.001515467282121998 -0.00040786715641948871 0.00071774950602497588 -6.9094628707482857e-06 0.0001443856648294107 -7.9821900397381213e-05 0.0013118938652996711
leaf_weight=199 320 1376 2284 9385 522 129 120
leaf_count=199 320 1376 2284 9385 522 129 120
internal_value=3.70468e-05 5.89599e-05 1.92493e-05 9.56186e-05 -0.000446006 0.000986498 0.00144663
internal_weight=14335 14136 13567 11669 1898 569 440
internal_count=14335 14136 13567 11669 1898 569 440
is_linear=0
shrinkage=0.025


Tree=719
num_leaves=12
num_cat=0
split_feature=36 44 17 31 40 19 36 40 39 35 16
split_gain=0.557159 1.10679 1.35731 0.977514 0.816958 1.75142 1.67735 1.54089 0.788181 1.18584 0.91198
threshold=0.59693127870559703 0.022313402034342292 0.7025161385536195 2.7190160751342778 1.266490161418915 -0.085250262171030031 0.31840151548385626 1.36194384098053 1.0688555836677553 0.41247424483299261 0.024139283224940303
decision_type=2 2 2 2 2 2 2 2 2 2 2
left_child=4 -2 -3 -4 8 7 -7 -6 10 -10 -1
right_child=1 2 3 -5 5 6 -8 -9 9 -11 -12
leaf_value=-6.0636599957270638e-05 0.00069509112970636805 -0.001416951274739133 0.00085270408948753471 -0.0014596070668447328 -0.0026375266814656073 5.903202333458829e-05 -0.00068556160367122922 -1.2719791556834601e-05 0.00027315583622404538 -0.0013122024265818672 0.00018320570138540419
leaf_weight=6600 223 147 222 125 146 965 261 127 3441 120 2011
leaf_count=6600 223 147 222 125 146 965 261 127 3441 120 2011
internal_value=1.6588e-05 -0.000659626 -0.00132014 -0.000429687 5.27385e-05 -0.000496177 -8.4281e-05 -0.00228867 0.000121027 0.000433609 -7.68909e-06
internal_weight=14388 717 494 347 13671 1499 1226 273 12172 3561 8611
internal_count=14388 717 494 347 13671 1499 1226 273 12172 3561 8611
is_linear=0
shrinkage=0.025


Tree=720
num_leaves=15
num_cat=0
split_feature=8 36 39 41 43 47 36 17 38 17 29 17 5 38
split_gain=0.672783 1.04834 1.14342 1.28232 1.10688 0.925343 0.903894 1.34043 1.86083 1.69332 1.23656 1.36826 0.617007 0.366243
threshold=0.017440362833440307 0.32676836848258978 0.97185879945755016 0.63562622666358959 0.10415063798427583 0.20983126014471057 0.22587104886770251 0.55024057626724254 -0.073971465229988084 -0.04402156546711921 0.095154039561748519 0.63699576258659374 0.27456332743167883 -0.083634912967681871
decision_type=2 2 2 2 2 2 2 2 2 2 2 2 2 2
left_child=1 2 3 -1 -4 -3 7 9 -9 -2 11 -8 -7 -12
right_child=6 5 4 -5 -6 12 10 8 -10 -11 13 -13 -14 -15
leaf_value=0.00060766648202812291 3.2904981119704843e-06 9.1559001809948684e-05 0.0012721364353200351 -0.00065689685192870035 -0.001727217501274226 -0.0015212682167117344 0.00032442112110449511 0.0010508668611504675 -0.00022713228733099765 -0.00052248123141928162 4.185033984626738e-05 -0.00010936532842350269 -0.00020332006624620668 0.0016945217369494512
leaf_weight=1176 1915 286 620 433 121 120 2757 799 664 2300 138 2371 155 420
leaf_count=1176 1915 286 620 433 121 120 2757 799 664 2300 138 2371 155 420
internal_value=1.96955e-05 0.000358796 0.000591826 0.000211431 0.00140248 -0.000602915 -6.67384e-05 -0.00029012 0.000358481 -0.000516884 0.000155289 3.19015e-05 -0.00162946 0.00126776
internal_weight=14275 2911 2350 1609 741 561 11364 5678 1463 4215 5686 5128 275 558
internal_count=14275 2911 2350 1609 741 561 11364 5678 1463 4215 5686 5128 275 558
is_linear=0
shrinkage=0.025


Tree=721
num_leaves=9
num_cat=0
split_feature=32 38 37 39 37 37 10 35
split_gain=0.627712 0.563691 1.1964 1.20667 1.11018 0.694782 1.17009 0.944598
threshold=1.4711267948150637 -0.00073403975693508972 0.014514119829982521 1.2141327857971194 0.013398799113929273 0.013694727793335916 0.024475886486470703 0.1172725483775139
decision_type=2 2 2 2 2 2 2 2
left_child=1 5 4 -4 -3 7 -7 -1
right_child=-2 2 3 -5 -6 6 -8 -9
leaf_value=4.2902902198796536e-05 -0.00019844002502582541 -5.1727228347468675e-05 -0.00013616394832904633 -0.002161681891764254 0.0038797987979535746 0.00028428653575990136 -1.8309076613072501e-05 -0.00018609934145533439
leaf_weight=3666 168 1548 715 150 159 4176 2028 1669
leaf_count=3666 168 1548 715 150 159 4176 2028 1669
internal_value=5.71444e-05 7.58892e-05 -0.000257567 -0.00101293 0.000123394 0.000150836 0.00033077 -5.73501e-05
internal_weight=14279 14111 2572 865 1707 11539 6204 5335
internal_count=14279 14111 2572 865 1707 11539 6204 5335
is_linear=0
shrinkage=0.025


Tree=722
num_leaves=13
num_cat=0
split_feature=15 15 1 37 23 37 48 15 20 7 30 7
split_gain=0.611392 1.38155 1.62226 1.28861 1.40307 0.961893 0.949442 0.858627 0.601258 0.238309 0.0925 0.0585268
threshold=0.5948275923728944 0.57758620381355297 0.019491232000291351 0.0098827211186289805 0.13324255496263507 0.011820125393569471 0.094827588647604003 0.61206895112991344 0.78996190428733837 0.017973973415791992 -0.11864757165312766 -1.0000000180025095e-35
decision_type=2 2 2 2 2 2 2 2 2 2 2 2
left_child=1 3 -3 4 -1 -5 9 10 -9 11 -8 -2
right_child=6 2 -4 5 -6 -7 7 8 -10 -11 -12 -13
leaf_value=-2.4924238240885157e-05 0.00071833118634675921 5.7761172701440284e-05 -0.0018904842047014576 -0.00028208566324956438 0.00093369039438479743 -8.6337389622375535e-06 0.0041457650043863724 6.3385197662372381e-06 0.0011502770284232448 9.8212743565426747e-05 0.0029316965895347987 0.0013728187875975181
leaf_weight=1163 146 174 192 1229 1127 5657 120 4000 168 120 120 172
leaf_count=1163 146 174 192 1229 1127 5657 120 4000 168 120 120 172
internal_value=5.13271e-05 -6.42871e-05 -0.00155997 -3.13137e-06 0.000509259 -0.000174684 0.000280097 0.000167403 8.11767e-05 0.00138544 0.00160714 0.00174536
internal_weight=14388 9542 366 9176 2290 6886 4846 4408 4168 438 240 318
internal_count=14388 9542 366 9176 2290 6886 4846 4408 4168 438 240 318
is_linear=0
shrinkage=0.025


Tree=723
num_leaves=10
num_cat=0
split_feature=15 40 16 16 39 16 16 3 16
split_gain=0.63884 1.35496 1.34181 1.79518 0.711949 0.507431 0.551693 0.914677 0.683537
threshold=0.16379310190677646 1.2256724238395693 0.021916245110332969 0.025207782164216045 0.77006119489669811 0.037212114781141288 0.031839871779084213 0.29722772538661962 0.028496605344116691
decision_type=2 2 2 2 2 2 2 2 2
left_child=1 2 4 -4 -1 6 8 -8 -2
right_child=5 -3 3 -5 -6 -7 7 -9 -10
leaf_value=-0.0008441528124812892 4.7043521284267329e-06 -0.0012253104572936529 -0.0026640510169729016 0.00042173371344754533 0.0031986354989788353 0.0043002727387164343 3.5621756594747038e-06 -0.00097408570314111865 0.00038834547814070846
leaf_weight=122 11843 148 195 231 275 127 331 171 792
leaf_count=122 11843 148 195 231 275 127 331 171 792
internal_value=1.09727e-05 -0.000605789 -0.000194746 -0.00116879 0.000836443 5.68054e-05 4.08044e-05 -0.000766765 7.36749e-05
internal_weight=14235 971 823 426 397 13264 13137 502 12635
internal_count=14235 971 823 426 397 13264 13137 502 12635
is_linear=0
shrinkage=0.025


Tree=724
num_leaves=13
num_cat=0
split_feature=26 34 37 26 9 29 35 36 23 36 12 40
split_gain=0.628593 1.06259 1.39602 1.229 1.65178 0.912007 0.879381 0.757561 1.1823 0.7534 0.646127 0.618997
threshold=0.026070904918015007 0.027509550563991073 0.0090839238837361353 0.020193886943161491 0.02482461649924517 0.036002673208713538 0.080457612872123732 0.52496865391731273 0.2533219605684281 0.08287313207983972 -0.37709946930408472 0.83654668927192699
decision_type=2 2 2 2 2 2 2 2 2 2 2 2
left_child=1 2 11 4 -3 -2 -5 10 -9 -4 -7 -1
right_child=5 3 9 6 -6 7 -8 8 -10 -11 -12 -13
leaf_value=0.00019927273911255337 -0.00052858879182886233 -5.7120515124706436e-05 -2.3254277081127182e-05 -0.00029999574491949431 -0.00068344157099377431 0.0012644627921129651 0.00039058248483257182 -0.00092416953815856184 7.0733455506873528e-05 0.00062354935398787963 -1.1578117696373504e-05 0.0031777213624302396
leaf_weight=136 191 2127 1797 533 503 150 1635 407 306 1568 4602 336
leaf_count=136 191 2127 1797 533 503 150 1635 407 306 1568 4602 336
internal_value=1.37277e-05 0.000148293 0.00045842 -9.86362e-05 -0.000462524 -0.000190558 0.000339968 -0.000129113 -0.000886142 0.000276335 -1.34012e-05 0.00172694
internal_weight=14291 8635 3837 4798 2630 5656 2168 5465 713 3365 4752 472
internal_count=14291 8635 3837 4798 2630 5656 2168 5465 713 3365 4752 472
is_linear=0
shrinkage=0.025


Tree=725
num_leaves=7
num_cat=0
split_feature=41 47 36 30 43 44
split_gain=0.793612 0.52745 1.26365 0.936788 0.897267 0.661037
threshold=0.086012769490480437 0.88646370172500621 -0.15085972100496289 -1.4915761351585386 0.30846506357192999 0.022385532036423687
decision_type=2 2 2 2 2 2
left_child=-1 3 -3 -2 -4 -5
right_child=1 2 4 5 -6 -7
leaf_value=-0.00020154997535558284 0.0013892528034693745 -0.0016186454521646858 0.00080563738775294217 2.0391174869999884e-05 -1.560366445304805e-05 -0.00010044424019575291
leaf_weight=194 198 121 905 8636 509 3718
leaf_count=194 198 121 905 8636 509 3718
internal_value=1.54873e-05 3.80536e-05 0.000474838 -1.50314e-05 0.000689746 -4.31871e-05
internal_weight=14281 14087 1535 12552 1414 12354
internal_count=14281 14087 1535 12552 1414 12354
is_linear=0
shrinkage=0.025


Tree=726
num_leaves=8
num_cat=0
split_feature=6 21 25 32 26 0 38
split_gain=0.60395 0.736251 0.79156 0.585015 0.599539 0.494539 0.225899
threshold=0.010357107501477005 78.409240722656264 31.509776115417484 0.69746494293212902 0.032247720286250121 0.001083325070794672 -0.0703151300549507
decision_type=2 2 2 2 2 2 2
left_child=6 2 5 -3 -5 -2 -1
right_child=1 3 -4 4 -6 -7 -8
leaf_value=0.00018893042782416642 -5.8034206452930266e-05 -0.00051326753673239256 -0.00050389415472979263 0.00084259046213972844 -0.00011963185209249265 3.1211781496855018e-05 0.0011669781096890579
leaf_weight=120 6633 173 210 822 226 6024 122
leaf_count=120 6633 173 210 822 226 6024 122
internal_value=-1.52598e-05 -3.71637e-05 -9.33226e-05 0.000547512 0.000772792 -6.72286e-05 0.00120951
internal_weight=14330 14088 12867 1221 1048 12657 242
internal_count=14330 14088 12867 1221 1048 12657 242
is_linear=0
shrinkage=0.025


Tree=727
num_leaves=9
num_cat=0
split_feature=37 37 16 29 26 37 12 15
split_gain=0.549578 0.717969 0.784815 0.935257 0.541761 1.18705 0.934338 0.503106
threshold=0.0071931711863726386 0.0077521621715277442 0.021441875956952575 0.0584604348987341 0.03157202526926995 0.022662520408630375 -0.36043150722980494 0.4224137961864472
decision_type=2 2 2 2 2 2 2 2
left_child=-1 2 7 -4 5 -3 -6 -2
right_child=1 4 3 -5 6 -7 -8 -9
leaf_value=0.0015231443851670622 -0.00018210441631828165 1.206231809800175e-05 -0.0012050816537151664 -1.1638959854442062e-05 0.0012316454158741541 0.00095657411546679549 -8.1210587243100098e-05 0.0024739304116422295
leaf_weight=173 194 9835 141 120 181 765 2734 125
leaf_count=173 194 9835 141 120 181 765 2734 125
internal_value=3.074e-05 1.28547e-05 -0.000844017 -0.0018468 5.03884e-05 0.000133781 -0.000250428 0
internal_weight=14268 14095 580 261 13515 10600 2915 319
internal_count=14268 14095 580 261 13515 10600 2915 319
is_linear=0
shrinkage=0.025


Tree=728
num_leaves=15
num_cat=0
split_feature=36 10 37 29 17 36 37 37 35 34 33 5 16 35
split_gain=0.790847 1.36144 1.18637 1.55759 1.11323 1.08359 2.38198 2.20203 1.79317 3.04154 1.63544 1.5731 0.869712 1.06727
threshold=0.36443485319614416 0.015317832119762899 0.018690415658056739 0.094944600015878691 0.50710022449493419 0.21998091787099841 0.011239499319344761 0.0093778399750590342 0.11429632455110551 0.13374463468790057 -0.0080108209513127786 0.67037886381149303 0.023953829891979698 0.25265760719776159
decision_type=2 2 2 2 2 2 2 2 2 2 2 2 2 2
left_child=5 12 3 -3 -4 8 7 -7 11 -10 -8 -1 13 -2
right_child=1 2 4 -5 -6 6 10 -9 9 -11 -12 -13 -14 -15
leaf_value=3.3720769124387033e-06 7.1196198820701548e-05 -0.0010795822965297146 -0.0019518467730638188 0.0005605670054349384 0.00017686354987793404 6.776669714067749e-05 -0.00026205077325548839 -0.0017074144288896219 -0.00055415910196896379 0.00082414922573228891 0.0012899483583713074 0.0011200732021873967 0.00081003369144653646 -0.00086038224711820755
leaf_weight=4874 592 760 128 207 834 499 253 278 1401 455 2312 787 717 166
leaf_count=4874 592 760 128 207 834 499 253 278 1401 455 2312 787 717 166
internal_value=2.11138e-05 -0.000310575 -0.000747802 -0.00136445 -0.000117632 0.000125759 0.000500075 -0.000704923 -4.00491e-05 -0.000713998 0.000868191 0.000180242 0.000257601 -0.000326016
internal_weight=14263 3404 1929 967 962 10859 3342 777 7517 1856 2565 5661 1475 758
internal_count=14263 3404 1929 967 962 10859 3342 777 7517 1856 2565 5661 1475 758
is_linear=0
shrinkage=0.025


Tree=729
num_leaves=11
num_cat=0
split_feature=36 9 41 32 31 0 41 37 26 10
split_gain=0.698698 0.940935 0.838477 0.992573 0.644805 1.19106 1.08762 0.672461 1.21642 0.751545
threshold=0.60637953877449047 0.027830716222524646 0.68072450160980236 0.93602964282035839 0.053423788398504264 0.013374917209148409 0.71101671457290661 0.021895317360758785 0.031936101615428931 0.024268182925879959
decision_type=2 2 2 2 2 2 2 2 2 2
left_child=4 -2 3 -3 5 6 -1 9 -9 -6
right_child=1 2 -4 -5 7 -7 -8 8 -10 -11
leaf_value=-0.00063598019711873254 0.0003559102819223935 -0.0026614254841855313 -0.0014163356583735997 0.00027158314388316406 2.725752300531887e-05 0.00096121895738758394 0.000159107985076784 0.0015225444780243302 4.3376610473300648e-06 -0.00010399026926054657
leaf_weight=428 161 136 128 250 10180 123 223 770 1009 895
leaf_count=428 161 136 128 250 10180 123 223 770 1009 895
internal_value=3.67802e-05 -0.000744485 -0.00126927 -0.000648977 7.61939e-05 -0.000620988 -0.00105373 0.000118886 0.000569647 4.56905e-05
internal_weight=14303 675 514 386 13628 774 651 12854 1779 11075
internal_count=14303 675 514 386 13628 774 651 12854 1779 11075
is_linear=0
shrinkage=0.025


Tree=730
num_leaves=11
num_cat=0
split_feature=35 31 26 35 40 17 11 37 32 19
split_gain=0.823515 0.853664 0.705434 0.609624 1.14962 2.09655 1.49347 1.02024 1.67934 1.31419
threshold=0.41247424483299261 1.7704916000366213 0.030488397926092151 0.18036336451768878 0.86102840304374706 1.120124399662018 0.011082464829087259 0.0090470421127975004 0.83254906535148632 0.2117714807391167
decision_type=2 2 2 2 2 2 2 2 2 2
left_child=3 -2 -3 7 5 -5 -6 8 -1 -9
right_child=1 2 -4 4 6 -7 -8 9 -10 -11
leaf_value=-9.735068841219824e-05 -0.0017591083209097945 -0.00049391530036732557 0.00028881261349013987 0.0010754066479079082 -0.0011430196197267696 -0.0012098453789797122 8.1587513862773245e-05 -2.8381080965225591e-05 0.0014996862652504103 -0.00086313677853601725
leaf_weight=763 210 120 177 1095 291 130 2312 7819 1033 321
leaf_count=763 210 120 177 1095 291 130 2312 7819 1033 321
internal_value=4.99099e-06 -0.000979004 -8.69204e-05 4.20329e-05 0.000310136 0.000940041 1.00653e-05 -6.07332e-05 0.000476819 -0.000180325
internal_weight=14271 507 297 13764 3828 1225 2603 9936 1796 8140
internal_count=14271 507 297 13764 3828 1225 2603 9936 1796 8140
is_linear=0
shrinkage=0.025


Tree=731
num_leaves=9
num_cat=0
split_feature=33 37 37 41 35 39 40 28
split_gain=0.857876 0.508393 1.25743 1.93822 1.75796 1.03661 1.19877 0.961434
threshold=0.042010651901364333 0.016696170903742317 0.018690415658056739 0.72596499323844921 0.076162815093994155 0.79388567805290233 1.2424143552780154 0.57500001788139354
decision_type=2 2 2 2 2 2 2 2
left_child=1 5 3 -3 -4 7 -7 -1
right_child=-2 2 4 -5 -6 6 -8 -9
leaf_value=2.2587165959472736e-05 0.001496922522128321 -0.00074325505546060688 -0.00011238213062100148 0.00021193540511747931 0.00043036342704221145 0.00032043638612543534 -4.2681869728552971e-05 -0.0004222528243352753
leaf_weight=1993 156 1063 1579 302 1604 5590 1365 775
leaf_count=1993 156 1063 1579 302 1604 5590 1365 775
internal_value=0.000101251 8.02922e-05 -0.000136997 -0.000770985 0.000133705 0.000182592 0.000345726 -0.000224937
internal_weight=14427 14271 4548 1365 3183 9723 6955 2768
internal_count=14427 14271 4548 1365 3183 9723 6955 2768
is_linear=0
shrinkage=0.025


Tree=732
num_leaves=8
num_cat=0
split_feature=11 10 36 3 3 41 12
split_gain=0.53012 0.799457 1.45397 1.23328 0.937214 1.72424 1.00314
threshold=0.040213106200098998 0.034795505926013 0.39562122523784643 -0.21243004500865934 -0.24518837034702298 0.70238637924194347 -0.16731657832860944
decision_type=2 2 2 2 2 2 2
left_child=1 4 3 -3 5 -1 -6
right_child=-2 2 -4 -5 6 -7 -8
leaf_value=0.00020380331751500307 0.0037639067685533581 3.680957106368982e-06 0.00080474249377985815 -0.0015348058190239589 0.00020218974411166191 -0.00069038934763078692 -1.6683310788943303e-05
leaf_weight=355 122 138 144 217 2043 389 10824
leaf_count=355 122 138 144 217 2043 389 10824
internal_value=-4.13534e-05 -5.62344e-05 -0.00103423 -0.00189236 -1.95541e-05 -0.000879506 3.00071e-05
internal_weight=14232 14110 499 355 13611 744 12867
internal_count=14232 14110 499 355 13611 744 12867
is_linear=0
shrinkage=0.025


Tree=733
num_leaves=9
num_cat=0
split_feature=37 47 17 42 17 48 39 17
split_gain=0.668113 0.576417 1.09183 1.53977 0.810191 0.758274 0.718194 0.684874
threshold=0.0070376950316131124 0.19057226926088336 0.37529736757278448 -0.050179300829768174 -0.5060780644416808 0.81896552443504345 0.77767604589462291 0.92756175994873058
decision_type=2 2 2 2 2 2 2 2
left_child=-1 2 3 -2 5 -3 -6 -4
right_child=1 4 7 -5 6 -7 -8 -9
leaf_value=0.0053960941330832074 0.00051193802288502404 0.0014724531417302676 0.0012637075834500014 -0.00023056582404272849 -0.00018621879620631983 -2.3783477104998727e-05 -6.1212014911732669e-06 -0.0001568283127060469
leaf_weight=125 488 247 769 1380 2332 121 8617 192
leaf_count=125 488 247 769 1380 2332 121 8617 192
internal_value=-4.64056e-06 -2.14648e-05 0.000296842 -5.27228e-05 -0.000101682 0.00104223 -0.000141158 0.000979555
internal_weight=14271 14146 2829 1868 11317 368 10949 961
internal_count=14271 14146 2829 1868 11317 368 10949 961
is_linear=0
shrinkage=0.025


Tree=734
num_leaves=6
num_cat=0
split_feature=32 30 43 39 9
split_gain=0.510258 0.721578 0.652704 1.79929 1.51563
threshold=1.4711267948150637 -1.4915761351585386 0.066761393100023284 0.88092693686485302 0.018407131545245651
decision_type=2 2 2 2 2
left_child=1 -1 3 -3 -4
right_child=-2 2 4 -5 -6
leaf_value=0.0004820005578775372 -0.00023669406553708996 -0.00030392393881901119 0.0016475482161211468 3.3777092796228389e-05 1.9142363699471423e-05
leaf_weight=223 166 2878 517 5496 5010
leaf_count=223 166 2878 517 5496 5010
internal_value=1.88004e-05 3.56537e-05 1.23149e-05 -0.000126357 0.000223473
internal_weight=14290 14124 13901 8374 5527
internal_count=14290 14124 13901 8374 5527
is_linear=0
shrinkage=0.025


Tree=735
num_leaves=13
num_cat=0
split_feature=4 38 10 11 39 3 11 30 43 30 5 21
split_gain=0.539585 1.25477 1.15857 1.04391 2.36817 0.971266 0.969994 0.921746 0.712593 1.55253 0.879356 0.612403
threshold=-0.13177477568387982 -0.13097359240055081 0.017622548155486587 0.015477458480745556 0.88092693686485302 -0.3093618899583816 0.01846534758806229 0.032677866518497474 -0.3157950490713119 0.3245587050914765 -0.27817234396934504 54.140073776245124
decision_type=2 2 2 2 2 2 2 2 2 2 2 2
left_child=1 3 11 4 -1 -2 -5 -4 9 -7 -10 -3
right_child=5 2 7 6 -6 8 -8 -9 10 -11 -12 -13
leaf_value=-0.0019060092135847419 -0.00091876510321863773 0.0022245341135280132 0.00082811486688161783 0.0012688867900372926 0.0011042403442185389 -3.3677346596284167e-06 -1.2222931895391691e-05 -0.001297890075442569 0.00092544309801785162 -0.00099115976016126263 -8.3355317213120277e-06 0.00027100816191669955
leaf_weight=186 165 406 152 242 125 402 873 121 410 168 10791 272
leaf_count=186 165 406 152 242 125 402 873 121 410 168 10791 272
internal_value=-2.53169e-06 0.000340575 0.0010421 -0.000124913 -0.00139636 -7.14973e-05 0.000228795 -0.000310252 -4.38391e-05 -0.000902174 0 0.00159407
internal_weight=14313 2377 951 1426 311 11936 1115 273 11771 570 11201 678
internal_count=14313 2377 951 1426 311 11936 1115 273 11771 570 11201 678
is_linear=0
shrinkage=0.025


Tree=736
num_leaves=14
num_cat=0
split_feature=41 23 29 4 13 44 40 44 29 40 42 11 37
split_gain=0.698581 1.77929 1.49535 1.12969 1.108 2.35473 1.2872 1.10227 1.86473 1.06977 1.02249 0.775187 0.576512
threshold=0.64640077948570263 0.084345806390047087 0.02848808187991381 0.074846871197223677 -0.19895518571138379 0.012745491694658996 1.0240281224250796 0.014967441558837892 0.019044114276766781 1.0920127034187319 -0.13749404251575467 0.012480103876441719 0.0095269763842225092
decision_type=2 2 2 2 2 2 2 2 2 2 2 2 2
left_child=7 2 -2 -4 6 -6 -3 8 -1 10 -9 -11 -10
right_child=1 4 3 -5 5 -7 -8 9 12 11 -12 -13 -14
leaf_value=-0.0019387081303204644 4.7675825478822087e-06 0.00069335172812970099 -0.0020662715556972714 -0.00030811947172633023 -0.0013934223308347546 -4.353892235208146e-05 -2.3683401604648049e-05 -0.00033941415977606018 0.0023050462938044507 -0.00037571875574422483 -2.5660774704381285e-05 0.00069573274232692022 0.00049500256824986895
leaf_weight=121 237 1034 198 135 231 2608 1512 314 402 160 5489 1441 445
leaf_count=121 237 1034 198 135 231 2608 1512 314 402 160 5489 1441 445
internal_value=-2.4508e-05 -0.000231753 -0.00155435 -0.00262204 -8.92856e-05 -0.000429413 0.000287632 0.00012221 0.000913412 1.73776e-05 -0.000139678 0.000589197 0.00133363
internal_weight=14327 5955 570 333 5385 2839 2546 8372 968 7404 5803 1601 847
internal_count=14327 5955 570 333 5385 2839 2546 8372 968 7404 5803 1601 847
is_linear=0
shrinkage=0.025


Tree=737
num_leaves=13
num_cat=0
split_feature=32 14 41 48 33 16 36 0 36 20 4 18
split_gain=0.734172 1.34108 1.4084 0.882151 0.849009 0.631572 0.832129 1.12211 0.960624 0.760345 1.12721 0.482909
threshold=1.2872664928436282 0.3706896454095841 0.70906245708465587 0.59097579121589672 -0.0045881448313593856 0.025451495312154297 0.60637953877449047 0.016236173920333389 0.13560522347688678 0.65687173604965221 0.70026090741157543 0.060051335021853454
decision_type=2 2 2 2 2 2 2 2 2 2 2 2
left_child=5 3 4 -2 -3 9 8 -8 -7 10 -1 -11
right_child=1 2 -4 -5 -6 6 7 -9 -10 11 -12 -13
leaf_value=-5.3523174643301491e-06 -9.8817454215603483e-05 -0.00048308670907580066 -0.0011176632081867132 0.0024582813238136279 1.9268813282553267e-05 -3.1517547682074995e-05 0.00022768494446511641 -0.0022302492714912597 0.00073448104955838066 0.0023944457584122031 -0.00087819493117635066 6.3315541305198743e-05
leaf_weight=9609 159 189 199 144 470 635 294 161 1575 225 312 285
leaf_count=9609 159 189 199 144 470 635 294 161 1575 225 312 285
internal_value=7.80054e-06 -0.000592839 -0.00109936 0.000815747 -0.000521461 6.1732e-05 0.000404963 -0.000557065 0.000606659 -2.55126e-05 -7.46775e-05 0.000910194
internal_weight=14257 1161 858 303 659 13096 2665 455 2210 10431 9921 510
internal_count=14257 1161 858 303 659 13096 2665 455 2210 10431 9921 510
is_linear=0
shrinkage=0.025


Tree=738
num_leaves=12
num_cat=0
split_feature=7 35 24 29 24 31 16 32 38 13 16
split_gain=0.850984 0.934822 1.57503 0.53982 1.38212 1.29951 0.608504 1.03714 0.760573 0.553047 0.395486
threshold=-0.039337893947958939 0.057047186419367797 34.592330932617195 0.028214073739945892 29.007381439208988 0.28070919215679174 0.024611592292785648 0.60800850391387951 -0.00073403975693508972 -0.34071859717369074 0.021916245110332969
decision_type=2 2 2 2 2 2 2 2 2 2 2
left_child=1 10 -3 4 9 -6 8 -8 -5 -2 -1
right_child=3 2 -4 6 5 -7 7 -9 -10 -11 -12
leaf_value=0.00066124808670188018 -1.7693063077940743e-05 -0.0017316483604931717 -1.3092067718391569e-05 1.959447500617087e-06 -0.00084364906207810776 0.00015889719182680679 -0.0005900316911140388 0.0001854627611399663 -0.00022967421438371905 0.00098527202908148238 -9.9638041274499644e-05
leaf_weight=125 286 146 184 7646 170 177 130 2808 1488 894 156
leaf_count=125 286 146 184 7646 170 177 130 2808 1488 894 156
internal_value=2.94584e-05 -0.000878652 -0.00177239 7.1027e-05 0.000513218 -0.000855824 1.43869e-05 0.000327472 -8.57587e-05 0.000922996 0.000161713
internal_weight=14210 611 330 13599 1527 347 12072 2938 9134 1180 281
internal_count=14210 611 330 13599 1527 347 12072 2938 9134 1180 281
is_linear=0
shrinkage=0.025


Tree=739
num_leaves=9
num_cat=0
split_feature=41 38 37 26 30 10 17 40
split_gain=0.680144 0.713078 1.0873 1.57631 0.931398 0.699807 1.55635 0.947136
threshold=0.086012769490480437 -0.00073403975693508972 0.014514119829982521 0.019398590549826625 -0.054596595466136925 0.024082139134407047 0.84563082456588756 0.68546327948570263
decision_type=2 2 2 2 2 2 2 2
left_child=-1 5 3 -3 -4 6 -2 -7
right_child=1 2 4 -5 -6 7 -8 -9
leaf_value=-0.00017183936456215639 2.2341829779372009e-05 -0.00059261464294619063 0.00025986588555164863 0.00042867112722688088 -0.000970090000054096 0.00061040512740801335 0.0011745010983946489 -0.00011972169511038855
leaf_weight=200 7999 660 197 1022 699 191 1153 2220
leaf_count=200 7999 660 197 1022 699 191 1153 2220
internal_value=-2.87527e-06 1.74078e-05 -0.000357627 1.40783e-05 -0.00105855 0.000101681 0.000201895 -0.000275766
internal_weight=14341 14141 2578 1682 896 11563 9152 2411
internal_count=14341 14141 2578 1682 896 11563 9152 2411
is_linear=0
shrinkage=0.025


Tree=740
num_leaves=6
num_cat=0
split_feature=4 42 31 41 48
split_gain=0.55173 1.07149 0.800561 0.519327 0.750847
threshold=-0.40677583217620844 -0.063205316662788377 0.012267731595784427 0.086012769490480437 0.057776963338255889
decision_type=2 2 2 2 2
left_child=1 -1 -2 -4 -5
right_child=2 -3 3 4 -6
leaf_value=-9.7643078861799916e-05 -0.00027608300710245024 0.00122621297985768 -0.00015840279206189337 0.00032434937024488768 -1.9508155028990527e-05
leaf_weight=236 159 215 193 557 12897
leaf_count=236 159 215 193 557 12897
internal_value=-4.04045e-05 0.000814145 -6.90572e-05 -4.77035e-05 -2.85124e-05
internal_weight=14257 451 13806 13647 13454
internal_count=14257 451 13806 13647 13454
is_linear=0
shrinkage=0.025


Tree=741
num_leaves=13
num_cat=0
split_feature=16 11 34 41 20 39 45 44 39 5 17 16
split_gain=0.584675 1.05269 0.896688 1.21986 0.944756 0.617278 1.00009 1.17642 0.836307 1.25472 0.850649 0.734043
threshold=0.015462978277355434 0.027621811255812648 0.088028844445943846 0.61766803264617931 -0.059958415105938904 1.4319496750831606 0.59097579121589672 0.033019529655575759 1.3355395197868349 0.149851068854332 -0.007864327169954775 0.019134320318698887
decision_type=2 2 2 2 2 2 2 2 2 2 2 2
left_child=1 2 4 -4 -1 8 11 -8 10 -10 -2 -7
right_child=5 -3 3 -5 -6 6 7 -9 9 -11 -12 -13
leaf_value=-4.4042005026616082e-05 0.00011834437852836645 -0.00037105942898452496 0.00093368686763884009 -0.0011754963327514673 0.0012180654878892719 -1.2248332653003083e-05 -0.00037721689048545896 0.0023525430445823455 -0.0010729727836985442 -3.7893056218215549e-06 -3.0377439604883824e-05 0.0013447473874065995
leaf_weight=441 2489 120 192 121 1066 143 244 125 192 329 8484 340
leaf_count=441 2489 120 192 121 1066 143 244 125 192 329 8484 340
internal_value=5.65917e-05 0.000459512 0.000613014 -0.000585692 0.000867229 -6.37591e-06 0.000640315 -0.000324198 -5.51134e-05 -0.00102899 -7.85653e-06 0.00138576
internal_weight=14286 1940 1820 313 1507 12346 852 369 11494 521 10973 483
internal_count=14286 1940 1820 313 1507 12346 852 369 11494 521 10973 483
is_linear=0
shrinkage=0.025


Tree=742
num_leaves=12
num_cat=0
split_feature=6 34 48 37 41 41 5 39 44 11 22
split_gain=0.583354 0.651058 0.724177 1.01714 0.749001 0.635677 1.24381 0.912019 1.86343 1.23442 0.812463
threshold=0.071436360478401198 -0.11849038675427435 0.54310345649719249 0.016392352990806106 0.2815821915864945 0.30096809566020971 0.16578388214111331 0.97185879945755016 0.031744487583637244 0.016702409833669666 0.78187179565429699
decision_type=2 2 2 2 2 2 2 2 2 2 2
left_child=5 -2 4 -4 -3 6 -1 8 -7 -9 -8
right_child=1 2 3 -5 -6 7 10 9 -10 -11 -12
leaf_value=0.002399462276441638 0.001223421315431298 -0.00061657005856568105 -0.00014815286557546859 -0.00086819289926524576 0.00017310001785040459 -2.9454749965632734e-05 0.00016475810671644046 0.00056830895480277472 -0.00090649430739238041 2.9486901137253451e-06 -0.00013222557931432709
leaf_weight=248 134 121 218 259 380 5572 580 2163 188 4164 279
leaf_count=248 134 121 218 259 380 5572 580 2163 188 4164 279
internal_value=6.52471e-05 -0.000482319 -0.000710834 -0.00140301 -3.21145e-05 0.000112035 0.000684577 5.882e-05 -0.00016804 0.000266306 0.000221354
internal_weight=14306 1112 978 477 501 13194 1107 12087 5760 6327 859
internal_count=14306 1112 978 477 501 13194 1107 12087 5760 6327 859
is_linear=0
shrinkage=0.025


Tree=743
num_leaves=11
num_cat=0
split_feature=40 30 35 9 41 40 41 17 40 12
split_gain=0.615617 1.11634 1.31644 1.24039 0.626763 0.67107 0.624997 1.18787 0.962547 0.264687
threshold=1.3124855756759646 0.3245587050914765 -0.086565237492322908 0.022062288597226146 0.11206618323922159 0.52690666913986217 0.31398834288120275 1.1338898539543154 0.44542901217937475 -0.054943932220339768
decision_type=2 2 2 2 2 2 2 2 2 2
left_child=4 2 -2 -4 5 -1 7 -6 -8 -3
right_child=1 9 3 -5 6 -7 8 -9 -10 -11
leaf_value=0.0001103654220116752 0.00067795565710414285 0.0003140922392328297 0.00021632935187319803 -0.00038140655842773655 0.00044639048486929723 -0.00080293259900957861 -0.0011532353613885888 -0.00064374142205388899 1.7974877633339925e-05 -9.1311792019136074e-06
leaf_weight=127 201 169 131 490 971 123 142 126 11733 135
leaf_count=127 201 169 131 490 971 123 142 126 11733 135
internal_value=2.53432e-05 -0.00053382 -0.00101421 -0.00158347 7.36184e-05 -0.00115196 9.81545e-05 0.000668104 4.47181e-05 0.000740291
internal_weight=14348 1126 822 621 13222 250 12972 1097 11875 304
internal_count=14348 1126 822 621 13222 250 12972 1097 11875 304
is_linear=0
shrinkage=0.025


Tree=744
num_leaves=14
num_cat=0
split_feature=47 43 42 29 6 34 5 47 16 18 17 44 2
split_gain=0.797049 1.20799 1.04261 1.52238 0.659249 1.32469 1.22816 1.15973 0.674507 0.842955 0.714741 0.443687 0.411284
threshold=0.19057226926088336 0.12072477117180826 -0.064276915043592439 0.038911521434783942 0.023403340950608257 0.02501173131167889 -0.23481584340333936 0.67663240432739269 0.031839871779084213 0.057525508105754859 -0.46686924993991846 0.017723825760185722 0.078851483762264266
decision_type=2 2 2 2 2 2 2 2 2 2 2 2 2
left_child=1 2 11 -4 5 6 -2 -7 10 -10 -6 -1 -3
right_child=4 12 3 -5 8 7 -8 -9 9 -11 -12 -13 -14
leaf_value=0.00072469471524385742 -0.00055853516357954333 0.0021556630533856517 -0.00044316761214864016 0.00030883053427719227 0.00075540268750335022 -0.0006790802046338501 0.00045967844672943013 1.4532712155344936e-05 -6.2166369065555597e-05 -0.0011872136087047915 3.8386195098884642e-06 -1.4080167341873967e-05 0.00062949511537348961
leaf_weight=409 271 270 945 827 333 1158 1064 493 389 162 7698 130 185
leaf_count=409 271 270 945 827 333 1158 1064 493 389 162 7698 130 185
internal_value=-1.63016e-05 0.000364038 0.000127915 -0.000162493 -0.000107902 -0.000427532 0.000153918 -0.000900513 2.7659e-06 -0.000838579 6.17535e-05 0.00108686 0.00153533
internal_weight=14334 2766 2311 1772 11568 2986 1335 1651 8582 551 8031 539 455
internal_count=14334 2766 2311 1772 11568 2986 1335 1651 8582 551 8031 539 455
is_linear=0
shrinkage=0.025


Tree=745
num_leaves=11
num_cat=0
split_feature=33 44 16 35 33 39 11 46 27 44
split_gain=0.658762 0.704847 0.628177 1.12606 1.12101 0.916499 0.776906 0.909416 0.323257 0.101866
threshold=0.027643609791994098 0.018072794191539291 0.01804363634437323 0.18036336451768878 0.01997439190745354 1.477417588233948 0.028631622903048996 0.086963098496198668 0.00092897602007724356 0.024583193473517898
decision_type=2 2 2 2 2 2 2 2 2 2
left_child=2 -2 6 4 -4 -5 7 -1 -3 -10
right_child=1 8 3 5 -6 -7 -8 -9 9 -11
leaf_value=-0.00041667950876259465 -0.00019374186173288241 3.0792144350727632e-05 -7.2331793639884831e-05 2.3170355278424488e-05 -0.0011619067690775294 0.0032877904329738274 -0.00048911173604397043 0.00022081413671968923 0.001849293981754741 0.0009228176943539883
leaf_weight=313 172 158 5443 3509 309 203 186 3689 149 120
leaf_count=313 172 158 5443 3509 309 203 186 3689 149 120
internal_value=4.99799e-06 0.000813328 -3.02957e-05 -0.000143494 -0.000362819 0.000194714 0.000223885 0.000299164 0.00135706 0.00188412
internal_weight=14251 599 13652 9464 5752 3712 4188 4002 427 269
internal_count=14251 599 13652 9464 5752 3712 4188 4002 427 269
is_linear=0
shrinkage=0.025


Tree=746
num_leaves=12
num_cat=0
split_feature=8 3 43 35 29 47 40 26 39 43 32
split_gain=0.627299 1.29692 1.61142 1.24899 0.976487 0.856939 0.968495 0.7993 1.72025 0.798592 0.647875
threshold=0.03682281821966172 0.41243568062782293 0.24817291647195819 0.21779818087816241 0.09524793922901155 0.88646370172500621 1.2387296557426455 0.035515036433935172 1.0247904658317568 0.42163954675197607 1.0217529535293581
decision_type=2 2 2 2 2 2 2 2 2 2 2
left_child=4 7 -3 -4 5 6 -1 8 -2 -7 -9
right_child=1 2 3 -5 -6 9 -8 10 -10 -11 -12
leaf_value=3.4598718721913679e-05 -0.0013862088548223389 -0.0013434694746896386 -0.00060565741832204899 0.00052527923901149888 0.0027554681505085592 0.00056288539211986626 -0.00010125438038149859 -0.00021198030180205119 0.00017222386820779629 -0.00016034315559202333 0.00042962819887257698
leaf_weight=9992 214 182 182 171 205 708 1256 163 251 161 813
leaf_count=9992 214 182 182 171 205 708 1256 163 251 161 813
internal_value=5.68938e-05 -0.00035525 -0.00140046 -0.000380586 0.000123611 9.37346e-05 3.45464e-05 3.19849e-05 -0.00081117 0.000848112 0.000442151
internal_weight=14298 1976 535 353 12322 12117 11248 1441 465 869 976
internal_count=14298 1976 535 353 12322 12117 11248 1441 465 869 976
is_linear=0
shrinkage=0.025


Tree=747
num_leaves=9
num_cat=0
split_feature=41 46 32 35 40 31 41 31
split_gain=0.554779 1.16016 1.12299 1.39156 0.736788 0.981333 1.81254 0.852507
threshold=0.31398834288120275 0.30429521203041082 1.2829294204711916 0.115712758153677 0.46519245207309728 0.38889752328395849 0.40393669903278356 1.0685203075408938
decision_type=2 2 2 2 2 2 2 2
left_child=1 -1 3 -3 -2 6 -6 -7
right_child=4 2 -4 -5 5 7 -8 -9
leaf_value=0.0031756141559660051 -0.0011611433111140559 0.00070973876501762023 -0.00025063075019445609 -8.5731610415838477e-05 -0.0016518957861187357 0.00024735628952366102 -4.6622305205467977e-05 -2.8203790172784101e-05
leaf_weight=208 186 453 123 604 273 4070 3993 4424
leaf_count=208 186 453 123 604 273 4070 3993 4424
internal_value=2.00511e-06 0.00047649 0.000163502 0.000434322 -4.85483e-05 -2.49705e-05 -0.000334523 0.000129868
internal_weight=14334 1388 1180 1057 12946 12760 4266 8494
internal_count=14334 1388 1180 1057 12946 12760 4266 8494
is_linear=0
shrinkage=0.025


Tree=748
num_leaves=13
num_cat=0
split_feature=4 11 31 6 30 30 41 45 40 30 24 13
split_gain=0.591171 1.25142 1.09551 1.02515 0.98388 0.860932 0.762004 0.684952 1.56933 1.88763 0.944642 0.643162
threshold=-0.14889296144247052 0.019470275379717353 0.25336456298828131 0.023263708688318733 0.13406060636043551 -0.34693646430969233 0.72728547453880321 0.20983126014471057 1.2256724238395693 -0.14384940266609189 10.810268402099611 -0.39999970793724055
decision_type=2 2 2 2 2 2 2 2 2 2 2 2
left_child=1 2 6 5 -5 -3 -1 8 9 -2 -9 -12
right_child=7 3 -4 4 -6 -7 -8 10 -10 -11 11 -13
leaf_value=1.62938683707533e-05 0.00030668559299295022 -2.6348647101771926e-05 0.0029728566567264678 0.0001926783237248814 -0.0018729511699267808 -0.00039039643808779683 0.0010378978349809981 -0.0014806805255417369 -0.0014078300087572364 -0.00050426357950536863 0.0019209119473588988 -1.0819529735243155e-06
leaf_weight=718 577 121 303 579 182 120 217 155 140 721 211 10291
leaf_count=718 577 121 303 579 182 120 217 155 140 721 211 10291
internal_value=-7.40925e-06 0.000364699 0.000896018 -0.000286743 0.00015829 -0.00169207 0.000458777 -7.69627e-05 -0.000588184 -0.000306024 -7.15147e-06 2.12954e-05
internal_weight=14335 2240 1238 1002 761 241 935 12095 1438 1298 10657 10502
internal_count=14335 2240 1238 1002 761 241 935 12095 1438 1298 10657 10502
is_linear=0
shrinkage=0.025


Tree=749
num_leaves=9
num_cat=0
split_feature=35 9 22 40 32 4 40 36
split_gain=0.550439 1.03481 1.32744 0.763098 0.553503 0.589436 1.22173 0.784824
threshold=-0.12755776196718213 0.04544345103204251 0.80546832084655773 0.96247589588165294 1.4711267948150637 -0.15957938134670255 1.229916036128998 0.12199170142412187
decision_type=2 2 2 2 2 2 2 2
left_child=1 2 3 -1 5 6 -2 -7
right_child=4 -3 -4 -5 -6 7 -8 -9
leaf_value=0.00024443284389424246 0.00045079046548728377 0.0033683456625697283 -0.0019469871566785834 -0.00026489260728997571 -0.00026982961598437323 -0.00010145154862569642 -6.1694694630607926e-05 4.6314543723303514e-05
leaf_weight=437 1367 125 179 357 127 3636 408 7696
leaf_count=437 1367 125 179 357 127 3636 408 7696
internal_value=3.82752e-05 -0.000497507 -0.000778374 -0.000323842 8.33712e-05 0.000100004 0.000523174 3.29674e-05
internal_weight=14332 1098 973 794 13234 13107 1775 11332
internal_count=14332 1098 973 794 13234 13107 1775 11332
is_linear=0
shrinkage=0.025


Tree=750
num_leaves=14
num_cat=0
split_feature=35 35 38 41 48 41 37 40 17 40 14 40 6
split_gain=0.669417 1.313 1.2549 1.23049 1.42786 1.13333 1.06495 1.0357 1.82044 1.5237 1.02793 0.810715 0.755091
threshold=0.18036336451768878 0.13267312943935397 -0.078122343868017183 0.30096809566020971 0.27622890472412115 0.73355579376220714 0.015915942378342155 0.86102840304374706 0.79695835709571849 0.90130659937858593 0.74303007125854503 1.1040381193161013 0.046811372041702277
decision_type=2 2 2 2 2 2 2 2 2 2 2 2 2
left_child=1 3 12 10 -5 6 -3 8 -4 -9 -1 -7 -2
right_child=2 5 7 4 -6 11 -8 9 -10 -11 -12 -13 -14
leaf_value=0.0012787212808822537 0.0034212917144697402 -0.00084283200215167896 0.00094385662769296366 -0.00033316409865790855 4.7806572124041938e-05 0.0043756971031947405 1.456061223095052e-05 -0.0011597492954837239 -0.00028211542605228416 1.222251434559245e-05 -3.6351468531655244e-05 -7.9589890382002136e-05 9.7916189952865478e-06
leaf_weight=361 314 1077 867 1772 5843 125 314 276 370 2353 236 178 184
leaf_count=361 314 1077 867 1772 5843 125 314 276 370 2353 236 178 184
internal_value=3.45885e-05 -7.85742e-05 0.000292687 5.157e-05 -3.36285e-05 -0.000711448 -0.00101451 0.000137884 0.000733696 -0.000140945 0.00113995 0.000653409 0.00146869
internal_weight=14270 9906 4364 8212 7615 1694 1391 3866 1237 2629 597 303 498
internal_count=14270 9906 4364 8212 7615 1694 1391 3866 1237 2629 597 303 498
is_linear=0
shrinkage=0.025


Tree=751
num_leaves=12
num_cat=0
split_feature=36 31 27 17 16 36 16 36 36 9 41
split_gain=0.546084 1.17683 0.853705 1.03078 0.705001 1.13653 0.930688 1.17851 0.901037 0.795349 0.587147
threshold=0.60637953877449047 2.7790977954864506 0.00577280460856855 0.76870611310005199 0.025207782164216045 0.23344635218381884 0.020622772164642814 0.23940546065568927 0.25546276569366461 0.018945290707051757 0.78236931562423717
decision_type=2 2 2 2 2 2 2 2 2 2 2
left_child=4 2 3 -2 6 9 7 -1 -8 -6 -7
right_child=1 -3 -4 -5 5 10 8 -9 -10 -11 -12
leaf_value=-1.272620950010255e-05 -0.0011269117682054133 -0.0016110059061753082 0.00085879304474745493 0.00019160179344531321 0.002312357744597458 0.00078652132072949048 1.8818913433633597e-05 0.00043980828506157122 -0.00024795073243191832 -4.8323917052752358e-05 -0.00015810759449972299
leaf_weight=4761 174 130 153 208 124 1245 1849 2071 2226 1170 169
leaf_count=4761 174 130 153 208 124 1245 1849 2071 2226 1170 169
internal_value=5.20652e-05 -0.000643657 -0.000104167 -0.000746124 8.67292e-05 0.000447383 -2.40552e-06 0.000175333 -0.000301777 -8.37182e-05 0.000936399
internal_weight=14280 665 535 382 13615 2708 10907 6832 4075 1294 1414
internal_count=14280 665 535 382 13615 2708 10907 6832 4075 1294 1414
is_linear=0
shrinkage=0.025


Tree=752
num_leaves=7
num_cat=0
split_feature=11 35 17 38 40 30
split_gain=0.704602 0.717551 2.02523 0.687875 0.708314 0.356238
threshold=0.037145419046282775 -0.19672566652297971 0.14059185236692431 -0.30485139787197107 1.5085739493370058 -0.05066243186593055
decision_type=2 2 2 2 2 2
left_child=1 2 -1 5 -5 -3
right_child=-2 3 -4 4 -6 -7
leaf_value=-0.001627362966490988 0.0015867247189907771 0.001740413213919734 0.00095021862504482142 -3.9035603631647112e-06 -0.00026914641276363902 3.9582038187132758e-05
leaf_weight=168 172 158 129 13212 211 223
leaf_count=168 172 158 129 13212 211 223
internal_value=-2.00482e-05 -4.01424e-05 -0.00124586 -1.33064e-05 -4.36587e-05 0.00102655
internal_weight=14273 14101 297 13804 13423 381
internal_count=14273 14101 297 13804 13423 381
is_linear=0
shrinkage=0.025


Tree=753
num_leaves=6
num_cat=0
split_feature=15 20 43 3 4
split_gain=0.62958 0.501903 1.08192 0.587446 0.412872
threshold=0.060344828292727477 -0.27775569260120386 -0.55635732412338246 -0.24518837034702298 -0.53051370382308949
decision_type=2 2 2 2 2
left_child=-1 4 -3 -4 -2
right_child=1 2 3 -5 -6
leaf_value=-0.00049835501404393867 -3.7023612037838177e-05 -0.0012517695124852899 -0.00012328777400886715 1.5468031444699734e-05 0.0010896452333347029
leaf_weight=174 138 122 666 12967 188
leaf_count=174 138 122 666 12967 188
internal_value=2.67357e-05 4.5879e-05 2.22566e-05 4.40865e-05 0.00100831
internal_weight=14255 14081 13755 13633 326
internal_count=14255 14081 13755 13633 326
is_linear=0
shrinkage=0.025


Tree=754
num_leaves=15
num_cat=0
split_feature=33 22 44 37 34 11 34 47 21 19 10 38 23 48
split_gain=0.463196 1.13291 0.755884 1.20422 0.746972 1.61923 0.961528 0.905459 0.700274 0.664518 0.605966 1.65003 0.636818 0.527019
threshold=-0.0022674868814647193 0.68086442351341259 0.022245494648814205 0.013775727711617948 -0.03440399840474128 0.015600595623254778 -0.024729846976697441 0.78154808282852184 41.235631942749031 0.13564787805080417 0.02625233214348555 -0.11399348825216292 0.18451401591300967 0.69589141011238109
decision_type=2 2 2 2 2 2 2 2 2 2 2 2 2 2
left_child=1 10 9 -4 5 -2 13 -7 -8 -3 12 -12 -1 -6
right_child=4 2 3 -5 6 7 8 -9 -10 -11 11 -13 -14 -15
leaf_value=8.999737624264916e-06 -0.00062742988695611368 -0.00028545822601412754 -0.0015359485552656974 -0.00018087350410464343 0.0022790374287401951 0.00028476154498551908 -0.00016569569093194305 -0.0002021585259063517 6.5348927189602668e-05 0.00052232597938271525 0.00063490022112638834 -0.00099705848129670658 0.00040307776181093845 2.2760812977042676e-05
leaf_weight=1708 211 466 216 313 379 982 1230 330 6824 218 328 241 605 149
leaf_count=1708 211 466 216 313 379 982 1230 330 6824 218 328 241 605 149
internal_value=3.2999e-05 -0.000190549 -0.000830254 -0.00153792 0.000124258 -0.000383671 0.000215296 -4.84054e-05 0.000146265 -0.000266691 7.75027e-05 -0.000646777 0.000259383 0.00124531
internal_weight=14200 4095 1213 529 10105 1523 8582 1312 8054 684 2882 569 2313 528
internal_count=14200 4095 1213 529 10105 1523 8582 1312 8054 684 2882 569 2313 528
is_linear=0
shrinkage=0.025


Tree=755
num_leaves=13
num_cat=0
split_feature=29 24 31 35 11 47 41 47 9 30 1 41
split_gain=0.580834 0.867206 1.23289 0.683164 0.756062 1.96052 1.23837 0.75121 1.159 0.495373 0.504906 0.400165
threshold=0.028214073739945892 29.007381439208988 0.25863905251026159 0.18036336451768878 0.01288843108341098 0.31474687159061437 0.53267729282379161 0.057776963338255889 0.020735117606818679 -0.48655714094638819 0.028592057526111606 0.66660353541374218
decision_type=2 2 2 2 2 2 2 2 2 2 2 2
left_child=1 9 -3 4 5 -2 -6 -5 -9 11 -11 -1
right_child=3 2 -4 7 6 -7 -8 8 -10 10 -12 -13
leaf_value=0.0006113168125319098 -0.00031761938146263963 -0.00082191368840178096 0.00030305799750586271 0.0024513664719422856 -0.00032798750280900875 0.0024876023005257104 -6.1162936824345202e-06 -0.00085963156149966894 8.2682775616437483e-05 0.00087737064532587665 -0.00034745960545961354 -0.00028482244844770004
leaf_weight=124 744 178 185 189 2061 526 5241 495 3494 835 129 127
leaf_count=124 744 178 185 189 2061 526 5241 495 3494 835 129 127
internal_value=3.06113e-05 0.00048247 -0.000574049 -2.49901e-05 -0.000153171 0.000406863 -0.000251642 0.000236374 0.000160553 0.000804303 0.00106166 -0.000161133
internal_weight=14328 1578 363 12750 8572 1270 7302 4178 3989 1215 964 251
internal_count=14328 1578 363 12750 8572 1270 7302 4178 3989 1215 964 251
is_linear=0
shrinkage=0.025


Tree=756
num_leaves=12
num_cat=0
split_feature=39 11 41 11 9 37 0 36 3 46 19
split_gain=0.610358 1.47628 1.80313 1.4229 1.08978 1.05447 1.13972 0.960973 2.74842 0.943528 0.845498
threshold=1.106085002422333 0.021532656624913219 0.8039749562740327 0.024486265145242218 0.019049117341637615 0.019947187043726448 -0.036763038486242287 0.21998091787099841 0.34217344224452978 0.33687943220138555 0.011892319656908514
decision_type=2 2 2 2 2 2 2 2 2 2 2
left_child=1 5 3 -3 -2 6 -1 8 -6 -9 -7
right_child=4 2 -4 -5 7 10 -8 9 -10 -11 -12
leaf_value=-0.00095782051861717326 0.0028621335868265008 -0.00071715920261051461 -0.0017005061690488492 8.4915116780272189e-05 1.83789593047461e-06 8.0972945710673665e-06 -5.8085153005726201e-06 -0.0002047043137258853 -0.0015332574407169936 0.0006494136041732848 0.0020364713612984792
leaf_weight=222 196 893 221 873 2127 519 6615 601 124 1398 539
leaf_count=222 196 893 221 873 2127 519 6615 601 124 1398 539
internal_value=-1.03781e-05 -0.000120234 -0.000728539 -0.00045384 0.000232251 3.24368e-05 -8.05685e-05 0.000145417 -0.000206671 0.000544536 0.000765522
internal_weight=14328 9882 1987 1766 4446 7895 6837 4250 2251 1999 1058
internal_count=14328 9882 1987 1766 4446 7895 6837 4250 2251 1999 1058
is_linear=0
shrinkage=0.025


Tree=757
num_leaves=9
num_cat=0
split_feature=33 39 48 18 36 41 40 38
split_gain=0.508499 0.580868 1.19963 1.61182 1.045 3.06893 1.42332 0.830799
threshold=0.042010651901364333 1.106085002422333 0.67663240432739269 -0.0053253136575222007 -0.13760903477668759 0.69172459840774547 1.3052054047584536 -0.32183244824409479
decision_type=2 2 2 2 2 2 2 2
left_child=1 2 7 -4 5 -3 -6 -1
right_child=-2 4 3 -5 6 -7 -8 -9
leaf_value=0.0017291694589891703 0.0011648225369231531 -0.0031972590322320743 0.0010155062762094997 -0.0016711178838415214 0.00034839357389989761 0.00011736977844376403 -7.5734295692492698e-05 -1.1843440258161238e-05
leaf_weight=156 170 136 128 218 3147 334 768 9287
leaf_count=156 170 136 128 218 3147 334 768 9287
internal_value=5.25299e-05 3.5528e-05 -7.10893e-05 -0.00150641 0.000274772 -0.000828947 0.000409758 -1.7067e-05
internal_weight=14344 14174 9789 346 4385 470 3915 9443
internal_count=14344 14174 9789 346 4385 470 3915 9443
is_linear=0
shrinkage=0.025


Tree=758
num_leaves=11
num_cat=0
split_feature=35 30 17 16 16 35 34 34 5 35
split_gain=0.630712 1.04404 1.20164 0.854533 1.50735 2.49517 1.03153 0.916419 0.983553 0.667698
threshold=0.41866117715835577 0.089684907346963896 0.83786368370056163 0.024065744131803516 0.022642872296273712 -0.0014119492843747137 0.14428272098302844 0.088028844445943846 1.0852286815643313 0.26078364253044134
decision_type=2 2 2 2 2 2 2 2 2 2
left_child=3 -2 -3 4 6 -6 -1 9 -9 -5
right_child=1 2 -4 7 5 -7 -8 8 -10 -11
leaf_value=-1.1560395328345259e-05 0.00021623846366493547 -0.0028877712348412648 -5.3593259416995697e-05 -2.9743835385044312e-05 0.00031236354844885747 -0.0010649163650245793 0.001292305269268902 0.0013251983896179645 -0.00026517354643876674 0.001253459647423967
leaf_weight=8367 157 139 161 1878 561 938 461 921 208 428
leaf_count=8367 157 139 161 1878 561 938 461 921 208 428
internal_value=-1.3797e-05 -0.000922619 -0.00178279 1.62527e-05 -9.69076e-05 -0.000828624 2.70294e-05 0.000357922 0.000940256 6.86933e-05
internal_weight=14219 457 300 13762 10327 1499 8828 3435 1129 2306
internal_count=14219 457 300 13762 10327 1499 8828 3435 1129 2306
is_linear=0
shrinkage=0.025


Tree=759
num_leaves=9
num_cat=0
split_feature=33 39 43 31 29 17 46 46
split_gain=0.843631 0.724305 1.36457 1.91187 0.943393 0.932109 0.879026 0.32205
threshold=-0.038990801200270646 0.99188268184661876 0.030080559663474563 1.9889965653419497 0.027690486982464794 0.84563082456588756 0.65214762091636669 0.54779189825057995
decision_type=2 2 2 2 2 2 2 2
left_child=-1 2 3 -2 7 -6 -4 -3
right_child=1 4 6 -5 5 -7 -8 -9
leaf_value=-0.00039775398843060368 -0.00010235263832886822 0.0011509737141917997 0.00038566417493532851 -0.0022374611062105513 6.9806498961788462e-06 0.000621787553963147 -3.8384897945892679e-06 0.00015598800987936431
leaf_weight=164 3738 351 1391 123 4865 1128 2378 122
leaf_count=164 3738 351 1391 123 4865 1128 2378 122
internal_value=7.49212e-05 9.63585e-05 -6.79436e-05 -0.000398668 0.000291107 0.000204443 0.000269277 0.00136245
internal_weight=14260 14096 7630 3861 6466 5993 3769 473
internal_count=14260 14096 7630 3861 6466 5993 3769 473
is_linear=0
shrinkage=0.025


Tree=760
num_leaves=12
num_cat=0
split_feature=20 39 31 30 26 43 3 20 31 40 11
split_gain=0.460868 0.930991 0.85904 0.828795 1.58313 0.808697 0.7052 0.799138 0.671627 0.561964 0.188484
threshold=0.78996190428733837 0.61458450555801403 2.4519053697586064 0.27437245845794683 0.035984922200441367 0.27106337249279028 0.50287559628486644 0.33085334300994879 1.7934207916259768 1.110024690628052 0.020115164108574394
decision_type=2 2 2 2 2 2 2 2 2 2 2
left_child=2 -2 6 4 -4 -5 7 -1 -8 10 -3
right_child=1 9 3 5 -6 -7 8 -9 -10 -11 -12
leaf_value=-2.5385115458667089e-06 -0.00034167057240433256 0.0027763542688266298 -0.0010063758118721209 -0.00055569352825222474 0.0001085787593171196 0.0022565445535341561 -0.00070180899663588499 0.00029991946537211687 5.9259690530306393e-05 -0.00014419285702003094 0.00044299329201305174
leaf_weight=10381 120 183 247 149 124 138 212 2346 121 137 120
leaf_count=10381 120 183 247 149 124 138 212 2346 121 137 120
internal_value=4.12204e-05 0.000741151 1.19326e-05 -0.000865385 -0.00163896 0.000124144 5.6927e-05 8.72802e-05 -0.00106879 0.00127809 0.00187094
internal_weight=14278 560 13718 658 371 287 13060 12727 333 440 303
internal_count=14278 560 13718 658 371 287 13060 12727 333 440 303
is_linear=0
shrinkage=0.025


Tree=761
num_leaves=12
num_cat=0
split_feature=16 18 21 16 36 26 37 38 34 36 41
split_gain=0.63959 1.21875 0.908518 0.655847 0.865768 1.23097 1.00256 0.647004 0.970766 0.714632 0.366531
threshold=0.031839871779084213 0.057525508105754859 39.099832534790046 0.025451495312154297 0.14045994728803637 0.019854134880006317 0.016312769614160064 -0.00073403975693508972 0.073310237377882018 0.40795207023620611 0.60065317153930675
decision_type=2 2 2 2 2 2 2 2 2 2 2
left_child=3 2 -2 7 5 -5 -6 9 -9 -1 -4
right_child=1 -3 10 4 6 -7 -8 8 -10 -11 -12
leaf_value=3.3418998163244724e-05 -0.00055088495675349562 -0.0011216885790156341 0.0013480494123554304 -0.00092097393252447198 0.0017758014782235443 3.2939613152205798e-05 3.2042731494480822e-05 0.00021866589630341991 -0.00039209340003457235 -0.00037605829492170584 -1.1572995080696387e-05
leaf_weight=8461 192 183 177 132 855 482 892 277 1383 1102 167
leaf_count=8461 192 183 177 132 855 482 892 277 1383 1102 167
internal_value=3.58201e-06 -0.000719958 -9.9353e-05 4.25897e-05 0.000421069 -0.000377625 0.000705622 -3.66271e-05 -0.000491742 4.19368e-05 0.000655444
internal_weight=14303 719 536 13584 2361 614 1747 11223 1660 9563 344
internal_count=14303 719 536 13584 2361 614 1747 11223 1660 9563 344
is_linear=0
shrinkage=0.025


Tree=762
num_leaves=11
num_cat=0
split_feature=29 8 43 44 40 30 43 43 40 36
split_gain=0.565869 1.46497 1.39733 1.20102 0.810897 0.932881 0.588698 1.06632 0.47089 0.054416
threshold=0.094881050288677229 0.045079771429300315 0.54983142018318187 0.028791630640625957 1.1590086817741396 0.041211370378732688 0.46574716269969946 0.30846506357192999 0.76971054077148449 0.21314036846160891
decision_type=2 2 2 2 2 2 2 2 2 2
left_child=1 6 4 -3 5 -2 7 -1 -8 -6
right_child=2 3 -4 -5 9 -7 8 -9 -10 -11
leaf_value=2.2155449883450934e-05 0.0024820681998765329 1.5773057838723028e-05 -0.00074787076282266949 -0.00091902234981881641 0.0020040664087456234 -1.7985117960145959e-05 -3.3635588846837582e-05 -0.00022776084630476273 0.0012289932100842667 0.0028517418589520962
leaf_weight=11360 267 129 205 142 138 658 121 899 322 191
leaf_count=11360 267 129 205 142 138 658 121 899 322 191
internal_value=7.4375e-05 2.12861e-05 0.000540471 -0.00177989 0.000856831 0.00046371 6.08917e-05 2.78254e-05 0.000951451 0.00191991
internal_weight=14432 12973 1459 271 1254 925 12702 12259 443 329
internal_count=14432 12973 1459 271 1254 925 12702 12259 443 329
is_linear=0
shrinkage=0.025


Tree=763
num_leaves=10
num_cat=0
split_feature=13 39 3 46 46 12 9 13 10
split_gain=0.626353 0.859751 0.677752 1.46402 2.56648 0.719964 1.41894 1.01124 0.124272
threshold=-0.49398656189441675 1.3939478397369387 -0.24518837034702298 0.6347549855709077 0.25046659260988241 -0.16602604091167447 0.034923322498798377 -0.33792860805988306 0.017060869373381141
decision_type=2 2 2 2 2 2 2 2 2
left_child=1 8 3 4 -2 7 -7 -4 -1
right_child=2 -3 5 -5 -6 6 -8 -9 -10
leaf_value=0.0016608131353662067 0.00013866733135625689 -0.00016505389797425566 -9.9911458998932449e-05 0.00045664853641635565 -0.00089274844589563689 1.3328375283376063e-05 -0.00033371282398162263 0.00026757094172480134 0.0011463756207034897
leaf_weight=154 288 130 525 159 287 9476 1318 1778 142
leaf_count=154 288 130 525 159 287 9476 1318 1778 142
internal_value=9.55345e-06 0.000948376 -1.92432e-05 -0.000756089 -0.00134698 2.18479e-05 -6.3316e-05 0.000422985 0.0016902
internal_weight=14257 426 13831 734 575 13097 10794 2303 296
internal_count=14257 426 13831 734 575 13097 10794 2303 296
is_linear=0
shrinkage=0.025


Tree=764
num_leaves=11
num_cat=0
split_feature=35 47 36 36 29 48 39 48 40 38
split_gain=0.581809 1.06475 1.06332 2.27125 1.58887 0.898897 0.928497 0.997067 0.926448 0.21857
threshold=0.18036336451768878 0.077035948634147658 0.33196821808815008 0.15018133819103244 0.094792149960994734 0.99137932062149059 1.106085002422333 0.67663240432739269 1.3124855756759646 -0.010837844572961329
decision_type=2 2 2 2 2 2 2 2 2 2
left_child=5 9 3 -3 -4 6 7 -1 -8 -2
right_child=1 2 4 -5 -6 -7 8 -9 -10 -11
leaf_value=-4.7610007338574775e-05 0.0035817755359054829 -0.00034340019806734578 -0.00031204284654012517 0.0012268390392269578 0.00056874754949110158 -0.00082965969372424055 0.00019832946449841357 -0.00094767272570898779 -5.4261943090490502e-05 0.00015675438987488406
leaf_weight=6650 133 584 1958 1040 496 151 2168 281 740 199
leaf_count=6650 133 584 1958 1040 496 151 2168 281 740 199
internal_value=-3.60117e-05 0.000202435 8.9089e-05 0.000585482 -0.000237393 -0.000141946 -0.000111362 -0.000269067 0.000262187 0.00155415
internal_weight=14400 4410 4078 1624 2454 9990 9839 6931 2908 332
internal_count=14400 4410 4078 1624 2454 9990 9839 6931 2908 332
is_linear=0
shrinkage=0.025


Tree=765
num_leaves=14
num_cat=0
split_feature=13 19 21 12 44 31 13 11 24 44 20 24 29
split_gain=0.618561 1.06681 0.631897 1.03794 1.13726 0.785739 0.545196 0.54506 1.50534 0.720984 0.496172 0.199428 0.164747
threshold=-0.40420721471309656 -0.015526819508522747 27.098170280456547 -0.29302370548248285 0.023370250128209594 0.053423788398504264 -0.22866798192262647 0.019959573633968834 21.112994194030765 0.015332016162574293 0.073047555983066573 32.373718261718757 0.058826319873332984
decision_type=2 2 2 2 2 2 2 2 2 2 2 2 2
left_child=1 7 6 4 -4 -5 11 9 -9 -1 -8 -2 -3
right_child=2 12 3 5 -6 -7 10 8 -10 -11 -12 -13 -14
leaf_value=-8.0177064527979058e-05 0.00098653953219329728 0.0015508924668396927 -0.0014332311520377941 -0.00050414971477110414 4.553614557194517e-06 4.6244103147702105e-06 -0.00047476959597901624 -0.00032385785972692408 0.00015275977704932696 0.0017739896391486456 0.00079427006497165698 0.00069620075477967388 0.00086900730976517421
leaf_weight=120 288 238 164 279 164 11863 122 182 320 185 165 121 127
leaf_count=120 288 238 164 279 164 11863 122 182 320 185 165 121 127
internal_value=4.4534e-05 0.00059367 -4.08084e-06 -4.55911e-05 -0.00142267 -7.30624e-06 0.000725749 7.54311e-05 -0.000421598 0.000907258 -8.98972e-05 0.00130737 0.00170608
internal_weight=14338 1172 13166 12470 328 12142 696 807 502 305 287 409 365
internal_count=14338 1172 13166 12470 328 12142 696 807 502 305 287 409 365
is_linear=0
shrinkage=0.025


Tree=766
num_leaves=8
num_cat=0
split_feature=8 8 40 20 11 16 44
split_gain=0.529759 0.697888 1.05714 1.06453 1.03746 0.948107 1.21306
threshold=0.057141719385981567 0.036612298339605338 1.3124855756759646 0.34614741802215582 0.019552040845155719 0.031839871779084213 0.028469235636293892
decision_type=2 2 2 2 2 2 2
left_child=1 2 3 -1 -4 6 -3
right_child=-2 5 4 -5 -6 -7 -8
leaf_value=-3.003768632605848e-06 0.00097151303889987802 0.00014031341847103716 -3.1510028063545582e-05 0.00031596543992641656 -0.00032597265447642 -0.00082360240237321818 -0.00024768310988549725
leaf_weight=8911 167 861 556 2489 341 191 803
leaf_count=8911 167 861 556 2489 341 191 803
internal_value=-4.97408e-06 -2.21621e-05 4.56228e-05 0.000111245 -0.000777439 -0.00047379 -0.000274865
internal_weight=14319 14152 12297 11400 897 1855 1664
internal_count=14319 14152 12297 11400 897 1855 1664
is_linear=0
shrinkage=0.025


Tree=767
num_leaves=8
num_cat=0
split_feature=37 6 41 43 37 24 43
split_gain=0.527408 0.498447 0.935783 0.815066 0.747477 1.11925 0.812471
threshold=0.0071931711863726386 0.068569459021091475 0.26788741350173956 0.095756534487009062 0.024521977640688423 18.776289939880375 0.26081073284149175
decision_type=2 2 2 2 2 2 2
left_child=-1 4 -3 -4 6 -6 -2
right_child=1 2 3 -5 5 -7 -8
leaf_value=0.0015992117924510112 1.8450899466398842e-05 -0.00079662870283250949 -0.00025905232185409146 0.00012739616272036414 0.0031498386010709251 8.8212224005401361e-05 -0.00011986229166694751
leaf_weight=169 9912 140 549 533 284 883 1778
leaf_count=169 9912 140 549 533 284 883 1778
internal_value=1.8505e-05 1.15388e-06 -0.000479829 -0.000219641 4.75238e-05 0.000649531 -1.22915e-05
internal_weight=14248 14079 1222 1082 12857 1167 11690
internal_count=14248 14079 1222 1082 12857 1167 11690
is_linear=0
shrinkage=0.025


end of trees

feature_importances:
source_beta_universe58_252=568
universe58_loo_log_return_126=477
universe58_loo_log_return_60=443
universe58_loo_realized_volatility_20=353
universe58_loo_drawdown_252=327
source_distance_from_252_session_low=302
source_correlation_universe58_60=279
cross_section_momentum_252_percentile=276
source_realized_volatility_60=265
cross_section_return_dispersion=233
source_drawdown_from_252_session_peak=228
source_return_skewness_60=225
source_momentum_12_1=223
universe58_loo_log_return_20=223
source_downside_volatility_60=219
source_beta_universe58_60=197
source_residual_momentum_126=192
source_log_return_60=189
source_log_return_252=178
source_idiosyncratic_volatility_60=169
source_max_daily_log_return_20=148
cross_section_volatility_60_percentile=148
source_log_return_126=145
cross_section_beta_60_percentile=139
source_parkinson_volatility_20=133
universe58_loo_log_return_1=133
source_adx_14=123
source_drawdown_from_60_session_peak=108
source_close_ma200_ratio=106
cross_section_momentum_126_percentile=97
source_downside_volatility_20=93
source_volatility_ratio_20_60=91
source_close_ma50_ratio=87
source_realized_volatility_20=85
source_overnight_gap_1=71
source_residual_momentum_20=71
cross_section_positive_return_breadth=67
source_bollinger_pct_b_20=66
source_intraday_log_range=56
source_rsi_14=56
source_bollinger_bandwidth_20=55
source_directional_index_spread_14=54
cross_section_momentum_20_percentile=46
source_log_return_1=38
source_close_to_open_log_return=33
source_log_return_20=27
source_log_return_5=25
source_ma5_ma20_ratio=24
source_positive_day_ratio_20=24

parameters:
[boosting: gbdt]
[objective: quantile]
[metric: quantile]
[tree_learner: serial]
[device_type: cpu]
[data_sample_strategy: bagging]
[data: ]
[valid: ]
[num_iterations: 768]
[learning_rate: 0.025]
[num_leaves: 15]
[num_threads: 12]
[seed: 121907]
[deterministic: 1]
[force_col_wise: 1]
[force_row_wise: 0]
[histogram_pool_size: -1]
[max_depth: 4]
[min_data_in_leaf: 120]
[min_sum_hessian_in_leaf: 0.001]
[bagging_fraction: 0.85]
[pos_bagging_fraction: 1]
[neg_bagging_fraction: 1]
[bagging_freq: 1]
[bagging_seed: 121907]
[bagging_by_query: 0]
[feature_fraction: 0.75]
[feature_fraction_bynode: 1]
[feature_fraction_seed: 121907]
[extra_trees: 0]
[extra_seed: 32712]
[early_stopping_round: 0]
[early_stopping_min_delta: 0]
[first_metric_only: 0]
[max_delta_step: 0]
[lambda_l1: 0.25]
[lambda_l2: 5]
[linear_lambda: 0]
[min_gain_to_split: 0]
[drop_rate: 0.1]
[max_drop: 50]
[skip_drop: 0.5]
[xgboost_dart_mode: 0]
[uniform_drop: 0]
[drop_seed: 27508]
[top_rate: 0.2]
[other_rate: 0.1]
[min_data_per_group: 100]
[max_cat_threshold: 32]
[cat_l2: 10]
[cat_smooth: 10]
[max_cat_to_onehot: 4]
[top_k: 20]
[monotone_constraints: ]
[monotone_constraints_method: basic]
[monotone_penalty: 0]
[feature_contri: ]
[forcedsplits_filename: ]
[refit_decay_rate: 0.9]
[cegb_tradeoff: 1]
[cegb_penalty_split: 0]
[cegb_penalty_feature_lazy: ]
[cegb_penalty_feature_coupled: ]
[path_smooth: 0]
[interaction_constraints: ]
[verbosity: -1]
[saved_feature_importance_type: 0]
[use_quantized_grad: 0]
[num_grad_quant_bins: 4]
[quant_train_renew_leaf: 0]
[stochastic_rounding: 1]
[linear_tree: 0]
[max_bin: 255]
[max_bin_by_feature: ]
[min_data_in_bin: 3]
[bin_construct_sample_cnt: 200000]
[data_random_seed: 121907]
[is_enable_sparse: 1]
[enable_bundle: 1]
[use_missing: 1]
[zero_as_missing: 0]
[feature_pre_filter: 1]
[pre_partition: 0]
[two_round: 0]
[header: 0]
[label_column: ]
[weight_column: ]
[group_column: ]
[ignore_column: ]
[categorical_feature: ]
[forcedbins_filename: ]
[precise_float_parser: 0]
[parser_config_file: ]
[objective_seed: 21214]
[num_class: 1]
[is_unbalance: 0]
[scale_pos_weight: 1]
[sigmoid: 1]
[boost_from_average: 1]
[reg_sqrt: 0]
[alpha: 0.1]
[fair_c: 1]
[poisson_max_delta_step: 0.7]
[tweedie_variance_power: 1.5]
[lambdarank_truncation_level: 30]
[lambdarank_norm: 1]
[label_gain: ]
[lambdarank_position_bias_regularization: 0]
[eval_at: ]
[multi_error_top_k: 1]
[auc_mu_weights: ]
[num_machines: 1]
[local_listen_port: 12400]
[time_out: 120]
[machine_list_filename: ]
[machines: ]
[gpu_platform_id: -1]
[gpu_device_id: -1]
[gpu_use_dp: 0]
[num_gpu: 1]

end of parameters

pandas_categorical:[]
