tree
version=v4
num_class=1
num_tree_per_iteration=1
label_index=0
max_feature_idx=48
objective=huber
feature_names=source_log_return_1 source_log_return_5 source_log_return_20 source_log_return_60 source_log_return_126 source_log_return_252 source_intraday_log_range source_close_to_open_log_return source_realized_volatility_20 source_realized_volatility_60 source_downside_volatility_20 source_downside_volatility_60 source_drawdown_from_60_session_peak source_drawdown_from_252_session_peak cross_section_momentum_20_percentile cross_section_positive_return_breadth cross_section_return_dispersion source_momentum_12_1 source_ma5_ma20_ratio source_close_ma50_ratio source_close_ma200_ratio source_rsi_14 source_bollinger_pct_b_20 source_bollinger_bandwidth_20 source_adx_14 source_directional_index_spread_14 source_parkinson_volatility_20 source_overnight_gap_1 source_positive_day_ratio_20 source_max_daily_log_return_20 source_return_skewness_60 source_distance_from_252_session_low source_volatility_ratio_20_60 universe58_loo_log_return_1 universe58_loo_log_return_20 universe58_loo_log_return_60 universe58_loo_log_return_126 universe58_loo_realized_volatility_20 universe58_loo_drawdown_252 source_beta_universe58_60 source_beta_universe58_252 source_correlation_universe58_60 source_residual_momentum_20 source_residual_momentum_126 source_idiosyncratic_volatility_60 cross_section_momentum_126_percentile cross_section_momentum_252_percentile cross_section_volatility_60_percentile cross_section_beta_60_percentile
feature_infos=[-0.2207123190164566:0.182477205991745] [-0.54819971323013306:0.44636186957359314] [-1.1351611614227295:1.0206978321075439] [-1.1748896837234497:1.5560240745544434] [-1.0490233898162842:2.3170430660247803] [-1.2514438629150391:2.9264204502105713] [0:0.27988538146018982] [-0.16868740320205688:0.25632256269454956] [0.0055316057987511158:0.11531444638967514] [0.0079651456326246262:0.088721774518489838] [0.00095409812638536096:0.092050075531005859] [0.0049325018189847469:0.063900329172611237] [-0.71968960762023926:0] [-0.76062244176864624:0] [0.017241379246115685:1] [0.017241379246115685:1] [0.0096504408866167068:0.043657612055540085] [-1.3928108215332031:2.8910765647888184] [-0.47595494985580444:0.52646303176879883] [-0.62940984964370728:1.3056344985961914] [-0.57781422138214111:3.874976634979248] [0:100] [-0.40451541543006897:1.4870842695236206] [0.015483886934816837:1.7820020914077759] [6.1712346076965332:84.119827270507812] [-54.177944183349609:71.899559020996094] [0.0063288267701864243:0.099167443811893463] [-0.22113896906375885:0.095378585159778595] [0.10000000149011612:0.89999997615814209] [0.005115102045238018:0.18252909183502197] [-4.4435362815856934:3.4834246635437012] [0:18.523586273193359] [0.17268767952919006:1.6647372245788574] [-0.092919811606407166:0.057573974132537842] [-0.39400303363800049:0.26549568772315979] [-0.32455301284790039:0.55794161558151245] [-0.30797004699707031:0.86915600299835205] [0.005578002892434597:0.041373930871486664] [-0.35748890042304993:0] [-0.96327811479568481:2.3354122638702393] [0.20776782929897308:1.7303366661071777] [-0.25081929564476013:0.94294917583465576] [-1.1516678333282471:1.0071370601654053] [-1.3436253070831299:1.9539748430252075] [0.0059593440964818001:0.072794802486896515] [0.017241379246115685:1] [0.017241379246115685:1] [0.017241379246115685:1] [0.017241379246115685:1]
tree_sizes=3712 3938 3488 3864 3577 3485 3486 3403 3835 3499 3578 3582 3760 3765 3662 3779 3683 3412 4100 3657 4049 3655 3492 3388 3687 3496 3780 3585 2870 3668 3227 3506 3335 3133 3769 3516 3342 3332 3133 3596 3400 3502 2884 3413 3228 2761 3423 3311 3563 2971 4034 3145 3047 4040

Tree=0
num_leaves=42
num_cat=0
split_feature=36 37 34 38 40 36 17 35 40 31 37 38 34 35 33 38 16 35 13 38 38 35 35 41 47 31 34 35 5 40 43 26 39 17 38 39 11 20 48 35 27
split_gain=149.024 75.8679 67.5683 64.0001 51.7416 46.3542 39.1198 33.3235 29.0711 27.712 25.135 17.5661 19.2321 14.8373 11.7424 9.85208 9.55743 9.0347 8.9581 8.34529 6.92927 6.77905 4.71122 3.8948 3.85755 3.03926 2.98951 2.86495 2.60136 2.3094 2.50223 2.10199 1.98309 2.03892 1.66016 1.57453 0.85781 0.838246 0.69235 0.57805 0.43501
threshold=-0.15085972100496289 0.019648350775241855 0.14428272098302844 -0.04911589436233043 0.70599362254142772 0.52496865391731273 1.0000000180025095e-35 0.18313287943601611 1.3243254423141482 2.0609356164932255 0.013029302004724743 -0.12273847684264182 -0.027416946366429325 0.1500036492943764 0.0045258840546011933 -0.0037438719300553198 0.022393968887627128 -0.11785475537180899 -0.16578441858291623 -0.30036178231239313 -0.15436717122793195 0.28855048120021826 0.41866117715835577 0.6902616322040559 0.8479457199573518 2.6633386611938481 0.18055406957864764 0.29658855497837072 -0.3976957499980926 0.74560302495956432 0.15642917156219485 0.030488397926092151 1.5277315974235537 -0.15401538461446759 -0.07982932403683661 0.85778588056564342 0.016042062081396583 0.28384895622730261 0.1241746135056019 -0.075871866196393953 0.00084874164895154547
decision_type=2 2 2 2 2 2 2 2 2 2 2 2 2 2 2 2 2 2 2 2 2 2 2 2 2 2 2 2 2 2 2 2 2 2 2 2 2 2 2 2 2
left_child=19 2 3 4 20 7 -6 11 9 -5 13 17 -13 14 -4 34 31 -3 -10 28 -2 -15 27 24 29 35 -24 -12 -1 38 -31 37 33 39 -9 -18 -30 -7 -21 -25 -38
right_child=1 5 10 8 6 16 -8 15 18 -11 22 12 -14 21 -16 -17 25 -19 -20 23 -22 -23 26 32 -26 -27 -28 -29 36 30 -32 -33 -34 -35 -36 -37 40 -39 -40 -41 -42
leaf_value=0.47914850972575374 0.47296307617621719 0.48243261716841068 0.47515487272590923 0.47831981289881143 0.47865306411272157 0.47440964651982009 0.48274495469949891 0.49031627141721867 0.4778546683290657 0.47397032827903357 0.47941145331740609 0.47806117378528584 0.48390191526705967 0.48768310889792371 0.48579760720543635 0.48132102854762832 0.48392892535859089 0.48639261004176604 0.46994112874083449 0.4722528879026564 0.47715494779407469 0.48377125036867269 0.47515211359525927 0.47336932551844751 0.46658518937376775 0.47633557290355732 0.47982672832982498 0.48306189975495212 0.47695848327154139 0.47212522633435799 0.47705012146489073 0.47170177664677332 0.47717256530821678 0.47050817301644127 0.48707514795775159 0.47992828858287678 0.47251271318849319 0.47780624313087222 0.4693283568166684 0.4758605206226128 0.47543253146022646
leaf_weight=80 292 397 93 3799 1436 67 2665 357 75 691 156 462 435 537 70 68 60 572 269 104 355 282 99 127 76 62 117 186 64 171 61 85 63 93 121 107 63 61 164 87 66
leaf_count=80 292 397 93 3799 1436 67 2665 357 75 691 156 462 435 537 70 68 60 572 269 104 355 282 99 127 76 62 117 186 64 171 61 85 63 93 121 107 63 61 164 87 66
internal_value=0.479619 0.480205 0.479458 0.478833 0.480482 0.483112 0.481312 0.484203 0.477214 0.477647 0.483343 0.482921 0.480897 0.485264 0.479758 0.48854 0.477173 0.484784 0.471632 0.472922 0.475239 0.486357 0.479948 0.472029 0.470965 0.480012 0.477655 0.481405 0.47607 0.471708 0.473365 0.474155 0.473745 0.473076 0.489549 0.48142 0.474828 0.475939 0.470364 0.47431 0.473867
internal_weight=15195 13976 11122 9582 4748 2854 4101 2412 4834 4490 1540 1866 897 982 163 546 442 969 344 1219 647 819 558 946 576 229 216 342 273 500 232 213 370 307 478 167 193 128 268 214 129
internal_count=15195 13976 11122 9582 4748 2854 4101 2412 4834 4490 1540 1866 897 982 163 546 442 969 344 1219 647 819 558 946 576 229 216 342 273 500 232 213 370 307 478 167 193 128 268 214 129
is_linear=0
shrinkage=1


Tree=1
num_leaves=42
num_cat=0
split_feature=36 37 34 38 36 38 36 35 36 37 37 31 38 34 35 38 16 16 35 43 38 35 41 31 48 35 13 38 13 17 22 43 43 46 4 9 39 10 14 24 39
split_gain=144.811 72.0299 59.6649 62.8575 43.2251 31.105 37.1126 30.7139 27.3184 23.7255 22.2 18.6998 17.4392 18.2346 15.0134 12.107 10.9655 9.80422 9.39727 8.64364 7.37254 4.06767 3.38839 3.25447 3.1885 3.17166 2.79201 2.71247 2.19402 1.61214 1.48096 1.35009 1.14428 1.09645 0.916754 0.938512 0.770901 0.695461 0.460159 0.159475 0.0482497
threshold=-0.15085972100496289 0.019648350775241855 0.14312935620546344 -0.031873507425189011 0.52496865391731273 -0.19103229045867917 -0.01124499551951885 0.18313287943601611 0.072980225086212172 0.013029302004724743 0.0070376950316131124 1.7704916000366213 -0.12273847684264182 -0.028303073719143864 0.1500036492943764 -0.013630494475364683 0.02272752765566111 0.022393968887627128 -0.11785475537180899 0.42163954675197607 -0.28898605704307551 0.41866117715835577 0.69172459840774547 2.6633386611938481 0.26724137365818029 0.29658855497837072 -0.063340917229652391 -0.32183244824409479 -0.36152485013008112 0.90149280428886425 0.30957129597663885 0.15990339964628222 -0.14612916857004163 0.87825167179107677 -0.24240215122699735 0.028181409463286403 1.1130295395851137 0.016247193329036239 0.3426265567541123 21.112994194030765 0.92930081486701976
decision_type=2 2 2 2 2 2 2 2 2 2 2 2 2 2 2 2 2 2 2 2 2 2 2 2 2 2 2 2 2 2 2 2 2 2 2 2 2 2 2 2 2
left_child=20 2 3 5 7 8 -7 12 -2 14 -5 -12 18 -14 16 33 -4 31 -3 -16 27 25 26 29 -23 -11 36 -1 30 -19 -29 32 -6 -9 35 39 40 -30 -37 -24 -22
right_child=1 4 9 10 17 6 -8 15 -10 21 11 -13 13 -15 19 -17 -18 23 -20 -21 22 24 34 -25 -26 -27 -28 28 37 -31 -32 -33 -34 -35 -36 38 -38 -39 -40 -41 -42
leaf_value=-0.00079383865445582335 -0.0037956861390650515 0.0025883143287071327 0.0051010476917285339 0.0064564251916110526 -0.0063383991094129724 0.0049338407298837369 0.00030921508338165515 0.010265269751594001 0.0058597333118590583 -0.00065295831870964985 -0.0023299188507117921 -0.0056882703701191563 -0.0016452180817028259 0.0040235584746506495 0.0069198478215805794 0.0013812571818337721 -0.0046544957616252401 -9.6612412936803786e-05 0.006649621716639801 -0.0007435718403959817 -0.0094152718725819002 0.0018262242982164025 -0.0053355157283076554 -0.0033643683128632032 -0.0034446434866053509 0.0030934077090472539 -0.0048449834484229053 -0.0050614013747949348 -0.0046114389299250699 0.0038793074547885408 -0.001127526209017055 -0.0080195148912244954 -0.0025931831924354328 0.0067260186451819862 -0.0085933729940879857 -0.0025597657058314079 -0.01228535470707076 -0.0077076613109675245 -0.0052545113725321639 -0.0078930110768838362 -0.0071357708092945728
leaf_weight=66 943 395 84 97 63 851 3713 389 131 162 2909 861 466 437 752 82 95 79 559 63 279 61 61 62 163 198 66 92 65 80 69 66 82 67 61 60 67 125 67 63 64
leaf_count=66 943 395 84 97 63 851 3713 389 131 162 2909 861 466 437 752 82 95 79 559 63 279 61 61 62 163 198 66 92 65 80 69 66 82 67 61 60 67 125 67 63 64
internal_value=-0.000144858 0.000431821 -0.000295197 -0.000893429 0.00327968 0.000453471 0.00117441 0.00432953 -0.00260401 0.00330244 -0.00285627 -0.00310108 0.00310053 0.00110128 0.00517759 0.00852905 -6.23595e-05 -0.0025281 0.00498248 0.00632568 -0.00678717 9.89853e-05 -0.00793546 0.000416859 -0.0019997 0.00141332 -0.00904067 -0.00457369 -0.00526885 0.00193247 -0.00343302 -0.00557991 -0.00432267 0.00979479 -0.00617609 -0.00549013 -0.00967355 -0.00674175 -0.00407755 -0.00679852 -0.00905839
internal_weight=15115 13910 11083 9505 2827 5638 4564 2395 1074 1578 3867 3770 1857 903 994 538 179 432 954 815 1205 584 788 221 224 360 476 417 351 159 161 211 145 456 312 251 410 190 127 124 343
internal_count=15115 13910 11083 9505 2827 5638 4564 2395 1074 1578 3867 3770 1857 903 994 538 179 432 954 815 1205 584 788 221 224 360 476 417 351 159 161 211 145 456 312 251 410 190 127 124 343
is_linear=0
shrinkage=0.02


Tree=2
num_leaves=37
num_cat=0
split_feature=36 37 34 38 40 36 5 40 31 35 35 46 38 34 16 16 37 16 39 38 40 48 17 41 34 45 40 5 8 26 39 26 38 38 17 30
split_gain=140.503 71.8275 60.7378 72.3871 44.7481 38.9026 36.0595 27.8168 24.3211 21.3828 20.9937 15.7608 12.6612 14.5894 10.9079 22.9253 14.2996 8.80518 7.99851 7.62186 6.26753 3.42346 3.41634 3.19708 2.97659 2.58095 3.15359 2.45229 2.11423 1.90081 1.28106 1.06757 0.966217 0.879668 0.694208 0.535336
threshold=-0.15085972100496289 0.023582911118865017 0.14312935620546344 -0.04911589436233043 0.70599362254142772 0.52496865391731273 0.12649670243263247 1.3337206840515139 2.0609356164932255 0.22831840068101886 0.41866117715835577 0.80776411294937145 -0.10893821716308592 -0.02379815652966499 0.024560993537306789 0.02272752765566111 0.012204733677208425 0.022393968887627128 1.081856429576874 -0.30036178231239313 1.5085739493370058 0.26724137365818029 0.4469925612211228 0.70759814977645885 0.17807125300168994 0.76228907704353344 0.73598620295524608 -0.3976957499980926 0.040061712265014655 0.030488397926092151 1.5277315974235537 0.021395527757704261 -0.1066971719264984 -0.26547384262084955 -0.2120566517114639 0.094125829637050643
decision_type=2 2 2 2 2 2 2 2 2 2 2 2 2 2 2 2 2 2 2 2 2 2 2 2 2 2 2 2 2 2 2 2 2 2 2 2
left_child=19 2 3 4 11 9 -6 8 -5 12 14 -2 18 -14 15 -4 -16 29 -3 27 -9 -12 23 25 -23 33 -27 -1 -19 -7 34 -29 -11 -21 -25 -33
right_child=1 5 10 7 6 17 -8 20 -10 32 21 -13 13 -15 16 -17 -18 28 -20 22 -22 24 -24 30 -26 26 -28 31 -30 -31 -32 35 -34 -35 -36 -37
leaf_value=-0.00071420430905390082 -0.0018332048153407092 0.0041999633603309111 0.0049782680219200145 -0.0014674159054920335 -0.00055955694119049523 -0.0031427531722912805 0.0030055537709748545 -0.0062573465830186546 -0.0054638992897612761 0.012071910179619279 0.0014797809605087554 -0.008301285282972368 -0.0021435556397815659 0.005633275102623631 0.0082074790284505407 -0.0022635570668095356 0.0027459669084444215 0.0027475006026094376 0.0084610756980221871 -0.0069824338772214289 -0.012589903860016072 -0.0064846031696624345 -0.012038180733380253 -0.0051588218565249526 -0.0011413179350887529 -0.008118919698297979 -0.0022915044448968461 -0.0025269562617417367 -0.0015717804627617203 -0.0076705045757423105 -0.0027432708355569929 -0.0073057988846881514 0.0089272749780373462 -0.0098826732946573365 -0.0077545051045956161 -0.0041681400251293941
leaf_weight=79 493 522 482 3795 1917 89 2774 240 724 116 67 216 217 169 429 271 354 112 276 98 91 81 70 164 87 97 65 60 72 73 63 69 184 271 90 60
leaf_count=79 493 522 482 3795 1917 89 2774 240 724 116 67 216 217 169 429 271 354 112 276 98 91 81 70 164 87 97 65 60 72 73 63 69 184 271 90 60
internal_value=-0.000164702 0.000401515 -0.000160705 -0.000751942 0.000840611 0.00408942 0.00154901 -0.00252472 -0.00211112 0.00549557 0.00325611 -0.00383181 0.00426619 0.00127594 0.00410733 0.00237202 0.00575947 -0.00193413 0.00570115 -0.00676257 -0.00809876 -0.00228504 -0.00763336 -0.00722743 -0.00379196 -0.00820935 -0.005871 -0.00372462 0.0010539 -0.00529146 -0.00551796 -0.00494692 0.010254 -0.00917763 -0.00616223 -0.0059819
internal_weight=15037 13851 12021 10250 5400 1830 4691 4850 4519 1484 1771 709 1184 386 1536 753 783 346 798 1186 331 235 918 848 168 531 162 268 184 162 317 189 300 369 254 129
internal_count=15037 13851 12021 10250 5400 1830 4691 4850 4519 1484 1771 709 1184 386 1536 753 783 346 798 1186 331 235 918 848 168 531 162 268 184 162 317 189 300 369 254 129
is_linear=0
shrinkage=0.02


Tree=3
num_leaves=41
num_cat=0
split_feature=36 37 34 38 38 36 37 36 35 31 4 37 35 37 36 38 35 16 41 16 38 44 35 41 34 13 13 35 26 47 8 26 10 38 7 4 44 24 48 16
split_gain=133.973 65.4008 55.0895 60.8936 42.3829 40.7603 33.997 28.1876 27.6775 21.9796 23.5793 19.4763 16.5384 14.233 11.309 11.0658 10.7698 10.6109 10.5059 8.30075 6.59304 6.27773 4.51955 3.501 3.43189 3.11731 2.7825 2.6266 2.16663 1.98581 1.87879 1.80133 1.63807 1.59201 1.52726 0.755522 0.818523 0.75754 0.419253 0.267997
threshold=-0.15085972100496289 0.019648350775241855 0.14312935620546344 -0.04911589436233043 -0.17115406692028043 0.52496865391731273 0.0090470421127975004 0.080958370119333281 0.18313287943601611 1.7704916000366213 0.2055376470088959 0.012779302895069124 0.1500036492943764 0.024928314611315731 0.28765527904033666 -0.0049060808960348359 0.13010810315608981 0.016824239864945415 0.54934030771255504 0.022393968887627128 -0.28898605704307551 0.023215556517243389 0.41866117715835577 0.69172459840774547 0.17045219987630847 -0.063340917229652391 -0.3649036437273025 0.29658855497837072 0.030488397926092151 0.82868674397468578 0.04040601663291455 0.020261502824723724 0.022319704294204715 -0.1066971719264984 0.0050871286075562247 -0.27255252003669733 0.015669786371290687 25.836256027221683 0.14343360066413882 0.02391058020293713
decision_type=2 2 2 2 2 2 2 2 2 2 2 2 2 2 2 2 2 2 2 2 2 2 2 2 2 2 2 2 2 2 2 2 2 2 2 2 2 2 2 2
left_child=20 2 3 4 7 8 -6 -2 13 10 -5 12 16 17 -11 33 -4 -3 -15 28 26 -14 27 25 -24 29 32 -13 -7 38 34 -28 -1 -10 -21 36 -25 -38 -22 -33
right_child=1 5 11 9 6 19 -8 -9 15 14 -12 22 21 18 -16 -17 -18 -19 -20 30 23 -23 24 35 -26 -27 31 -29 -30 -31 -32 39 -34 -35 -36 -37 37 -39 -40 -41
leaf_value=-0.00095042012514252416 -0.0036450849128996598 0.0069611635027513243 0.0029180615544233063 -0.0032005270068026837 0.0056990582060289586 -0.0034988823775667695 0.00084483640296531646 0.0046553262174322506 0.011063465693417046 -0.0080570759970520489 8.8484393301821688e-06 -0.0002773729652753505 0.0074827151785553016 -0.0011038357460352241 -0.0035667185654296822 0.00097838067398406565 -0.0070913638851343424 1.9459724444386036e-05 0.0051727170737913006 0.00363938690279273 -0.0064705663319319894 0.0035693264238260951 -0.0052226096492590784 -0.0072938827759353444 -8.6602911456921096e-05 -0.0044030870142639338 -0.0028954605464549623 0.0030675673961584262 -0.0078170059700592449 -0.012884785413742066 -0.0023369349163302102 -0.0053905066927867149 -0.0049060735603528366 0.0081546250184594531 -0.0004330215544439852 -0.0077365616822037209 -0.0053761939643120231 -0.0024494120608815656 -0.0091347699321332049 -0.0079818006023162549
leaf_weight=111 1081 98 128 2039 729 117 2738 190 160 339 1659 158 520 119 687 77 61 691 935 66 70 254 76 61 154 65 65 225 88 70 77 64 67 311 77 84 107 67 264 96
leaf_count=111 1081 98 128 2039 729 117 2738 190 160 339 1659 158 520 119 687 77 61 691 935 66 70 254 76 61 154 65 65 225 88 70 77 64 67 311 77 84 107 67 264 96
internal_value=-0.000159798 0.000394057 -0.00030015 -0.000877096 0.00072466 0.00311295 0.00186986 -0.00239544 0.00412702 -0.00248325 -0.00176162 0.00315818 0.00492774 0.00294416 -0.00507051 0.00806564 -0.000367611 0.000906039 0.00446201 -0.00257872 -0.00658802 0.0062185 0.000366178 -0.00766253 -0.0018334 -0.00880156 -0.00444342 0.00169365 -0.00544333 -0.0094691 0.000123413 -0.00592216 -0.00250151 0.00920864 0.00147586 -0.00591841 -0.00517499 -0.00431548 -0.00864194 -0.00706971
internal_weight=15045 13854 11038 9462 4738 2816 3467 1271 2391 4724 3698 1576 963 1843 1026 548 189 789 1054 425 1191 774 613 788 230 469 403 383 205 404 220 225 178 471 143 319 235 174 334 160
internal_count=15045 13854 11038 9462 4738 2816 3467 1271 2391 4724 3698 1576 963 1843 1026 548 189 789 1054 425 1191 774 613 788 230 469 403 383 205 404 220 225 178 471 143 319 235 174 334 160
is_linear=0
shrinkage=0.02


Tree=4
num_leaves=38
num_cat=0
split_feature=36 37 40 40 36 16 34 35 40 46 37 33 35 4 40 37 16 30 19 30 13 13 11 31 47 43 30 31 26 47 41 39 40 46 3 41 37
split_gain=134.395 66.7901 56.7812 57.3342 39.0542 36.6151 50.1128 18.3693 16.1704 15.3266 14.2339 10.8643 10.3557 9.34945 9.09181 9.05506 8.36046 8.30203 7.43547 4.72832 4.64001 4.01627 2.66999 2.41995 2.35417 2.28635 2.67975 2.98369 2.02156 1.86433 1.46609 1.2849 0.948598 0.826976 0.748192 1.06862 0.621657
threshold=-0.15085972100496289 0.023582911118865017 1.3124855756759646 0.72273260354995739 0.51863935589790355 0.016513891518116001 0.14528661966323855 0.22831840068101886 1.5085739493370058 0.80776411294937145 0.0090185254812240618 0.003629136830568314 0.083591867238283171 0.19207952916622165 0.66436123847961437 0.027446017600595955 0.022393968887627128 0.44290985167026525 0.051231041550636298 0.13919082283973697 -0.3911213874816894 -0.12172374874353407 0.021168857812881473 0.84607723355293285 0.59097579121589672 0.024624778889119629 0.45175507664680487 0.18991655856370929 0.030488397926092151 0.29548789560794836 0.72728547453880321 0.86388155817985546 0.82170298695564281 0.37386569380760198 -0.20593872666358945 0.70906245708465587 0.024928314611315731
decision_type=2 2 2 2 2 2 2 2 2 2 2 2 2 2 2 2 2 2 2 2 2 2 2 2 2 2 2 2 2 2 2 2 2 2 2 2 2
left_child=20 2 3 9 7 10 -7 11 12 13 -5 15 17 -2 -11 -3 28 -4 -14 -13 22 -10 29 25 31 30 27 -27 -6 -1 33 -18 -9 -22 35 -24 -34
right_child=1 4 8 5 16 6 -8 32 21 14 -12 19 18 -15 -16 -17 24 -19 -20 -21 23 -23 34 -25 -26 26 -28 -29 -30 -31 -32 -33 36 -35 -36 -37 -38
leaf_value=-0.0046743285690528762 -0.0032602939309542434 0.00012489041894077671 -0.0024916401832859526 0.0056100392146233059 -0.0029666959384162172 -0.00052029887558546447 0.0036145054812429084 0.006779902854264947 -0.0070836127885446267 -0.0082963715347204592 0.0020447585460605208 0.0075631149232670046 -0.0087313360408904726 0.00043601219475704382 -0.0013794000863585028 0.0047470147508066763 0.0044543955125263893 0.005324937917807927 -0.003071658909170486 0.0028119069604187188 -0.011300734214092556 -0.013671001965679774 -0.0067435932949899812 -0.011122911716313804 -0.0022686650219256991 -0.0034487933749713156 -0.0023813641889253627 -0.0077942196681979117 -0.0075405844449758144 -7.200722949193349e-05 -0.0053104315576823179 0.00055308794006944098 0.0083170367576161867 -0.0079884315044569075 -0.0075747407528376862 -0.0032236036358711619 0.0115029483716579
leaf_weight=66 822 317 330 706 92 6122 1447 61 95 298 1237 386 184 408 104 363 61 62 196 114 73 79 70 70 61 95 77 253 75 73 71 75 90 183 83 90 154
leaf_count=66 822 317 330 706 92 6122 1447 61 95 298 1237 386 184 408 104 363 61 62 196 114 73 79 70 70 61 95 77 253 75 73 71 75 90 183 83 90 154
internal_value=-0.000106306 0.000447916 -9.37696e-05 0.00030599 0.00398478 0.000900496 0.000271157 0.00542189 -0.00479013 -0.00315373 0.00334739 0.00427001 -0.00352079 -0.00203531 -0.00653285 0.00260377 -0.00187186 -0.00122176 -0.00586167 0.00650506 -0.00650867 -0.0102611 -0.0046117 -0.00736904 0.000915138 -0.00697548 -0.00590143 -0.00665043 -0.00512354 -0.00231691 -0.00830205 0.0023685 0.00979013 -0.00905677 -0.00587604 -0.00486551 0.0104472
internal_weight=15143 13939 12090 11144 1849 9512 7569 1485 946 1632 1943 1180 772 1230 402 680 364 392 380 500 1204 174 382 822 197 752 425 348 167 139 327 136 305 256 243 160 244
internal_count=15143 13939 12090 11144 1849 9512 7569 1485 946 1632 1943 1180 772 1230 402 680 364 392 380 500 1204 174 382 822 197 752 425 348 167 139 327 136 305 256 243 160 244
is_linear=0
shrinkage=0.02


Tree=5
num_leaves=37
num_cat=0
split_feature=36 37 40 40 36 31 34 35 40 40 46 37 16 41 31 35 16 48 19 37 34 36 17 40 20 31 35 36 26 39 40 36 17 48 42 39
split_gain=125.361 63.873 55.017 49.5472 33.8867 32.6691 27.4543 27.3114 18.5724 15.4212 15.1672 14.4849 12.0716 9.82662 9.1513 9.01244 8.8306 8.49143 6.88527 5.70135 6.25015 5.06348 4.67461 4.76329 4.10993 2.65931 2.65238 3.13709 2.07471 1.73025 1.33122 1.14944 0.856297 0.651624 0.186446 0.163733
threshold=-0.15085972100496289 0.019648350775241855 1.3124855756759646 0.72273260354995739 0.52496865391731273 2.0141876935958867 0.14428272098302844 0.18313287943601611 1.1370488405227663 1.5085739493370058 0.86085903644561779 0.024928314611315731 0.016824239864945415 0.53729796409606945 0.44871821999549871 0.083591867238283171 0.022393968887627128 0.82868674397468578 0.051231041550636298 0.022084853611886505 0.098162259906530394 0.22587104886770251 0.4469925612211228 0.7393348515033723 0.048160361126065261 2.6633386611938481 -0.13077270984649655 -0.19043911248445508 0.0297986064106226 0.87285426259040844 0.81661146879196178 -0.19711299985647199 0.13063455373048785 0.1241746135056019 0.023327328264713291 0.66246792674064647
decision_type=2 2 2 2 2 2 2 2 2 2 2 2 2 2 2 2 2 2 2 2 2 2 2 2 2 2 2 2 2 2 2 2 2 2 2 2
left_child=22 2 3 10 7 6 -5 11 -7 15 14 12 -3 -13 -2 17 28 -4 -17 20 -9 -12 23 31 26 29 34 -28 -6 -18 -21 33 -11 -1 -25 -35
right_child=1 4 9 5 16 8 -8 19 -10 32 21 13 -14 -15 -16 18 25 -19 -20 30 -22 -23 -24 24 -26 -27 27 -29 -30 -31 -32 -33 -34 35 -36 -37
leaf_value=-0.0067907439848142008 -0.0038227576449861773 0.0072350213988592819 0.0021543769200394552 0.00072643176778366416 -0.0031359573223997119 -0.0035394419587364691 0.0043123126438528239 0.0078988546088740643 0.002303766595039477 -0.007689910569863896 -0.0084973271712200892 -0.0013587953329359721 -0.00011937732182445744 0.0050263382332114501 -0.0003612455617149507 -0.0088197455273644598 0.0044699447653474634 -0.0039817282244796965 -0.0032510145587778729 0.006463453724625895 0.0010869794453390771 -0.0025515754506418319 -0.01070342423565065 -0.0066270428654329663 -5.8328493513048627e-06 -0.0029310854832375688 -0.0057012265792494733 -0.0023077854593548009 -0.0074134720535560831 0.00022297078721446564 0.010424767681992509 -0.0058700918559398919 -0.011843707307865587 -0.011137127398156825 -0.0093442186540924014 -0.0079898503797394878
leaf_weight=81 636 99 147 6366 103 992 984 145 276 60 240 106 713 930 588 176 61 224 189 64 87 80 93 86 60 60 423 156 93 98 249 105 106 78 61 67
leaf_count=81 636 99 147 6366 103 992 984 145 276 60 240 106 713 930 588 176 61 224 189 64 87 80 93 86 60 60 423 156 93 98 249 105 106 78 61 67
internal_value=-0.000170796 0.000368197 -0.000315625 0.00010507 0.00306039 0.000696544 0.0012082 0.00397492 -0.00226435 -0.00504094 -0.00319061 0.00280549 0.000799384 0.00437003 -0.00216564 -0.0037681 -0.00220136 -0.00154999 -0.00598894 0.00790137 0.00539514 -0.00705149 -0.00633651 -0.00594433 -0.00505433 0.00055828 -0.00546845 -0.00480526 -0.00525178 0.00191109 0.009687 -0.00799039 -0.0105114 -0.00888131 -0.00792558 -0.00988106
internal_weight=15082 13872 11064 10162 2808 8618 7350 2393 1268 902 1544 1848 812 1036 1224 736 415 371 365 545 232 320 1210 1117 786 219 726 579 196 159 313 331 166 226 147 145
internal_count=15082 13872 11064 10162 2808 8618 7350 2393 1268 902 1544 1848 812 1036 1224 736 415 371 365 545 232 320 1210 1117 786 219 726 579 196 159 313 331 166 226 147 145
is_linear=0
shrinkage=0.02


Tree=6
num_leaves=37
num_cat=0
split_feature=36 37 40 40 36 16 34 35 46 40 37 38 34 4 35 30 16 39 38 30 40 31 40 4 30 5 38 48 26 38 26 17 45 30 40 40
split_gain=118.898 57.3681 51.775 49.6741 35.3023 33.7441 43.3653 17.4153 16.3141 16.0099 13.2833 11.5032 12.0143 10.0332 8.53719 7.94573 7.8344 6.78441 5.93939 5.23398 5.09783 3.17252 3.86363 2.73672 3.11952 2.41876 1.95797 1.62045 1.60288 1.47507 0.8164 0.795631 0.717177 0.639292 0.512102 0.107738
threshold=-0.15085972100496289 0.023582911118865017 1.3052054047584536 0.72273260354995739 0.52496865391731273 0.016442125663161281 0.14528661966323855 0.22831840068101886 0.87825167179107677 1.5085739493370058 0.0090185254812240618 -0.10815097019076346 0.024379632435739044 0.19207952916622165 0.083591867238283171 0.42775349318981176 0.022393968887627128 1.081856429576874 -0.30036178231239313 0.10847930610179903 0.66436123847961437 0.84607723355293285 0.7393348515033723 -0.053895853459835046 0.11941305920481683 -0.3976957499980926 -0.051605883985757821 0.31474687159061437 0.030488397926092151 -0.1066971719264984 0.021395527757704261 -0.281911090016365 0.3706896454095841 0.11397442221641542 0.52690666913986217 0.90317383408546459
decision_type=2 2 2 2 2 2 2 2 2 2 2 2 2 2 2 2 2 2 2 2 2 2 2 2 2 2 2 2 2 2 2 2 2 2 2 2
left_child=18 2 3 8 7 10 -7 11 13 14 -5 17 -13 -2 15 -4 28 -3 25 -16 -10 22 31 24 -24 -1 -11 -18 -6 -9 -27 -20 -29 -32 -33 -31
right_child=1 4 9 5 16 6 -8 29 20 26 -12 12 -14 -15 19 -17 27 -19 21 -21 -22 -23 23 -25 -26 30 -28 32 -30 35 33 34 -34 -35 -36 -37
leaf_value=-0.00038557114371086485 -0.0032574499544343609 0.0039013693858223572 -0.0025150639884168519 0.0053897710172353501 -0.0032064317368056721 -0.00053432409256041721 0.0033145617119173932 0.011472604767108959 -0.0085992681792905114 -0.0070799676357075946 0.0018753331029413151 -0.00202104913778021 0.0050670786263075423 0.00036545585555797239 -0.0080363050152437165 0.0050569014888482569 0.0033323262130196853 0.0078446572904291544 -0.011014804251815962 -0.0033221874425267061 -0.0026236333086687535 -0.011288013622596644 -0.0052608373307284307 -0.0016803558972677676 -0.0091125168378791248 -0.0024992919671931305 -0.012095339562240988 -0.002076476340285606 -0.0073344109452878814 0.006278877053081112 -0.0067957668548449873 -0.0055383049850352105 0.00091705949770716532 -0.0036326600194443014 -0.0085565803471538762 0.0086246710225593212
leaf_weight=74 877 545 345 700 92 6116 1445 105 229 75 1126 221 164 467 174 63 62 266 66 220 81 66 437 66 114 61 97 60 75 65 77 61 62 61 132 126
leaf_count=74 877 545 345 700 92 6116 1445 105 229 75 1126 221 164 467 174 63 62 266 66 220 81 66 437 66 114 61 97 60 75 65 77 61 62 61 132 126
internal_value=-0.000183918 0.000342501 -0.000161718 0.000228632 0.0036251 0.000792036 0.000202136 0.00496605 -0.00296391 -0.00457475 0.00322978 0.0038721 0.00101156 -0.00199985 -0.00336119 -0.00131505 -0.00206583 0.0052201 -0.00617501 -0.00545157 -0.0070812 -0.00693266 -0.00656597 -0.00564335 -0.00610457 -0.00351013 -0.010073 0.000777498 -0.00516291 0.00929962 -0.00464409 -0.00867027 -0.000561673 -0.00551171 -0.00770709 0.00794096
internal_weight=15073 13858 12015 11041 1843 9387 7561 1492 1654 974 1826 1196 385 1344 802 408 351 811 1215 394 310 942 876 617 551 273 172 184 167 296 199 259 122 138 193 191
internal_count=15073 13858 12015 11041 1843 9387 7561 1492 1654 974 1826 1196 385 1344 802 408 351 811 1215 394 310 942 876 617 551 273 172 184 167 296 199 259 122 138 193 191
is_linear=0
shrinkage=0.02


Tree=7
num_leaves=36
num_cat=0
split_feature=36 37 34 38 40 36 17 40 31 35 35 46 38 34 35 37 35 38 38 39 40 31 34 40 13 30 38 13 26 11 38 17 40 30 46
split_gain=114.987 55.6619 53.0771 65.31 43.077 35.0848 31.5504 25.8352 22.4587 18.5452 16.5364 15.1037 9.99618 10.2481 9.00897 11.3186 11.0831 6.2187 5.66025 5.46622 4.67761 3.41278 2.9769 2.72759 2.69401 2.98784 2.62269 2.12265 1.90645 1.28246 1.19542 0.588769 0.505734 0.429173 0.398367
threshold=-0.15085972100496289 0.023582911118865017 0.14312935620546344 -0.04911589436233043 0.70599362254142772 0.51863935589790355 1.0000000180025095e-35 1.3537479043006899 2.0141876935958867 0.41866117715835577 0.22831840068101886 0.80776411294937145 -0.10893821716308592 -0.02379815652966499 0.1500036492943764 0.012596179265528919 0.13010810315608981 -0.10303508490324019 -0.30036178231239313 1.081856429576874 1.5085739493370058 0.84607723355293285 0.17807125300168994 0.7393348515033723 -0.19524803012609479 0.11941305920481683 -0.073971465229988084 -0.3649036437273025 0.030488397926092151 0.016398426145315174 -0.1066971719264984 -0.281911090016365 0.58617985248565685 0.15499984472990039 0.65214762091636669
decision_type=2 2 2 2 2 2 2 2 2 2 2 2 2 2 2 2 2 2 2 2 2 2 2 2 2 2 2 2 2 2 2 2 2 2 2
left_child=18 2 3 4 11 10 -6 8 -5 14 12 -2 19 -14 16 -16 -4 -7 27 -3 -9 23 -11 31 25 -25 28 -1 -19 -29 -12 -20 -33 -24 -32
right_child=1 5 9 7 6 17 -8 20 -10 22 30 -13 13 -15 15 -17 -18 26 21 -21 -22 -23 33 24 -26 -27 -28 29 -30 -31 34 32 -34 -35 -36
leaf_value=-0.0013151887254867082 -0.0017242010184630907 0.0039855998220860566 0.002683446347310462 -0.001323116508450577 -0.00080629772600357701 0.0019129003552303908 0.0026725428440942242 -0.0061235521879493696 -0.0050313914579831623 -0.0043700148669970976 0.011226158932127335 -0.0079909913552957661 -0.0015457886757046383 0.0049577522152348579 0.0062932353574470861 0.0023511002905199328 -0.006558039083480253 -0.0028178200419108892 -0.01038878762630316 0.0075741956013121786 -0.011711791317624858 -0.011429758431855589 0.001247020850401549 -0.0052255493017244669 -0.0015485121374376693 -0.0089172093353378102 -0.00054571570204626336 -0.0024651440037414432 -0.0071332759214674723 -0.0063905697186890332 0.0088409527416030576 -0.0055193122803018644 -0.0083320129358621896 -0.0010277790925598571 0.0060320987453580735
leaf_weight=117 482 525 272 3833 1546 119 3191 204 786 114 105 225 221 168 711 503 61 94 62 263 95 61 60 447 62 120 81 61 82 94 123 75 119 67 69
leaf_count=117 482 525 272 3833 1546 119 3191 204 786 114 105 225 221 168 711 503 61 94 62 263 95 61 60 447 62 120 81 61 82 94 123 75 119 67 69
internal_value=-0.000131071 0.000382147 -0.000110181 -0.000659586 0.000849268 0.00361102 0.00153716 -0.00232952 -0.00195721 0.003069 0.00500024 -0.00374533 0.00391665 0.00127683 0.00387243 0.00467052 0.000944147 -0.00182882 -0.00601739 0.00520876 -0.0080011 -0.00675317 -0.00206834 -0.00639217 -0.00561862 -0.00605143 -0.0035673 -0.00340901 -0.00491987 -0.00492819 0.00920899 -0.00820187 -0.00735031 4.32137e-05 0.00794498
internal_weight=15218 14000 12150 10362 5444 1850 4737 4918 4619 1788 1474 707 1177 389 1547 1214 333 376 1218 788 299 946 241 885 629 567 257 272 176 155 297 256 194 127 192
internal_count=15218 14000 12150 10362 5444 1850 4737 4918 4619 1788 1474 707 1177 389 1547 1214 333 376 1218 788 299 946 241 885 629 567 257 272 176 155 297 256 194 127 192
is_linear=0
shrinkage=0.02


Tree=8
num_leaves=41
num_cat=0
split_feature=36 37 34 38 40 36 5 31 40 37 35 35 20 15 38 33 38 38 38 35 36 24 5 48 38 40 40 17 40 26 26 13 30 23 29 40 4 10 26 47
split_gain=108.73 57.3478 50.2797 63.9274 41.8133 35.9696 33.4324 24.1151 22.1865 16.9799 16.2341 13.5866 11.7311 9.58624 15.6894 9.21168 7.25224 6.55625 6.35434 6.06499 6.04648 5.07851 5.0614 3.2629 2.87077 2.4141 2.43509 2.24182 2.96155 2.02815 1.68597 1.68067 3.054 1.12013 0.902677 0.776392 0.461482 0.452798 0.392115 0.250244
threshold=-0.15085972100496289 0.023582911118865017 0.14312935620546344 -0.04911589436233043 0.70599362254142772 0.51863935589790355 0.1013661175966263 1.7704916000366213 1.36194384098053 0.012779302895069124 0.22831840068101886 0.1500036492943764 0.54867449402809154 0.49137930572032934 -0.12176326662302016 0.0045258840546011933 -0.15436717122793195 -0.28898605704307551 -0.10303508490324019 0.41866117715835577 0.36948183178901678 27.951567649841312 0.14437396079301837 0.26724137365818029 -0.073971465229988084 0.74876791238784801 1.094751298427582 0.41363121569156652 0.76724120974540722 0.030488397926092151 0.028214378282427791 -0.22189697623252866 0.1723049804568291 0.14113832265138629 0.067689698189497008 0.82170298695564281 -0.04085199907422065 0.034795505926013 0.023773173801600937 0.1241746135056019
decision_type=2 2 2 2 2 2 2 2 2 2 2 2 2 2 2 2 2 2 2 2 2 2 2 2 2 2 2 2 2 2 2 2 2 2 2 2 2 2 2 2
left_child=17 2 3 4 16 10 -6 8 -5 11 13 15 -9 14 -3 -4 -2 25 34 22 -13 -15 -11 -21 29 38 33 28 36 -20 -28 32 -30 -27 -7 -12 39 -37 -1 -19
right_child=1 5 9 7 6 18 -8 12 -10 19 35 20 -14 21 -16 -17 -18 27 24 23 -22 -23 -24 -25 -26 26 30 -29 31 -31 -32 -33 -34 -35 -36 37 -38 -39 -40 -41
leaf_value=-0.0043725540591655551 -0.0060652662154112094 0.0051840840124258679 -0.0045044353794110445 -0.0011836529856387372 -0.0005695595923964898 0.0035685615988950881 0.0028748971664745845 -0.0071850127498163819 -0.0079829900519821449 -0.0030604566560747722 0.0064650205990765246 0.0084860468392771345 -0.002976954215212498 0.0077426672839498549 -0.00091774201791207366 0.0042573882258814021 -0.0019336454824843603 -0.010911806546506428 -0.0028468476442869788 0.0019260989334998709 0.0046596869688477587 0.0035059833594390916 0.0025999024104501152 -0.0033311951898104515 -0.00038343852964793271 -0.0024741153601734412 -0.0023683486079861377 -0.010601678203205978 -0.0051633864437256542 -0.0072921435992507376 -0.0068641277925362669 -0.0023154620983722534 -0.0099866262294379064 0.0012010100629712855 0.00015755686250684613 0.010595347731411485 -0.0064590484508801069 0.0074097464585846122 -0.0070513404302397055 -0.0078979149025839735
leaf_weight=71 295 371 92 3604 1847 60 2884 498 200 69 61 254 581 302 305 94 408 60 94 63 528 195 529 166 78 60 84 67 347 82 60 63 66 67 63 175 81 63 73 108
leaf_count=71 295 371 92 3604 1847 60 2884 498 200 69 61 254 581 302 305 94 408 60 94 63 528 195 529 166 78 60 84 67 347 82 60 63 66 67 63 175 81 63 73 108
internal_value=-9.79395e-05 0.000400372 -0.000100706 -0.000638493 0.000853589 0.0036781 0.00153045 -0.00229865 -0.00154741 0.00298565 0.0050879 0.00477987 -0.0049346 0.00400755 0.00243768 -7.38344e-05 -0.00368722 -0.00584928 -0.00182057 0.000874633 0.00593147 0.0061134 0.0019331 -0.00187435 -0.00361492 -0.00376257 -0.00259593 -0.00692311 -0.0065395 -0.00501104 -0.00435025 -0.00553462 -0.00600303 -0.000544604 0.00187475 0.00924098 -0.00836775 0.00985898 -0.00585354 -0.0091527
internal_weight=15168 13961 12112 10317 5434 1849 4731 4883 3804 1795 1472 968 1079 1173 676 186 703 1207 377 827 782 497 598 229 254 415 271 792 725 176 144 476 413 127 123 299 249 238 144 168
internal_count=15168 13961 12112 10317 5434 1849 4731 4883 3804 1795 1472 968 1079 1173 676 186 703 1207 377 827 782 497 598 229 254 415 271 792 725 176 144 476 413 127 123 299 249 238 144 168
is_linear=0
shrinkage=0.02


Tree=9
num_leaves=37
num_cat=0
split_feature=36 37 40 40 16 34 36 35 46 13 36 4 33 38 40 40 47 16 38 10 41 48 47 13 39 13 13 47 39 26 17 40 11 40 35 40
split_gain=105.41 57.9482 52.9685 44.1817 34.3268 42.8365 33.6809 16.0762 15.7503 14.3239 13.6228 11.3314 10.4841 14.4134 9.19469 7.14137 7.04147 6.53708 5.79815 4.91592 3.63762 3.04951 2.9776 2.91124 2.08717 1.91204 1.84286 1.79194 1.43947 1.39368 1.22245 1.12772 1.09959 0.765531 0.710259 0.53243
threshold=-0.15085972100496289 0.023582911118865017 1.3337206840515139 0.7297625243663789 0.016513891518116001 0.14528661966323855 0.51863935589790355 0.22831840068101886 0.86085903644561779 -0.35069671273231501 0.38159722089767462 0.17285276204347613 0.003629136830568314 -0.12176326662302016 1.4848831892013552 0.66436123847961437 0.8479457199573518 0.022393968887627128 -0.30036178231239313 0.025043757632374767 0.6902616322040559 0.91434335708618175 0.8479457199573518 -0.12172374874353407 1.5277315974235537 -0.063340917229652391 -0.3649036437273025 0.5524578094482423 0.86388155817985546 0.0297986064106226 -0.15401538461446759 0.82170298695564281 0.016042062081396583 0.76971054077148449 -0.075871866196393953 1.0740167498588564
decision_type=2 2 2 2 2 2 2 2 2 2 2 2 2 2 2 2 2 2 2 2 2 2 2 2 2 2 2 2 2 2 2 2 2 2 2 2
left_child=18 2 3 8 10 -6 7 12 11 21 -5 -2 13 -3 16 -10 -11 29 26 -14 22 -4 25 -16 30 33 -1 28 -19 -8 34 -9 -28 -20 -22 -33
right_child=1 6 9 4 5 -7 17 31 15 14 -12 -13 19 -15 23 -17 -18 27 20 -21 24 -23 -24 -25 -26 -27 32 -29 -30 -31 -32 35 -34 -35 -36 -37
leaf_value=-0.0012753944936247234 -0.0031690260702532461 0.0049467075761102184 0.0017289215579016331 0.003464829480010988 -0.00060064961149177332 0.0032210484811120276 -0.0027004328218989825 0.0060989424612313981 -0.0084025612962090098 -0.0064555843903303994 -0.0042764594072505135 0.00054822069470113395 0.0033434714400798256 -0.00092430367748573658 -0.0072747458345470365 -0.0021601273513369959 -0.00079565334203389991 0.0042467817816723256 -0.008365763145955012 0.0076496610722012783 -0.0057381574359606025 -0.0036338764268045239 -0.011664783108724309 -0.012559922261000838 -0.0016862441543752042 -0.0033794800862669942 -0.0023245852140244098 -0.0017590018782862708 3.5804102692886128e-05 -0.0065301530450941571 -0.0078524091839357185 0.011056488669538584 -0.0059397128316214173 -0.0062235357341154538 -0.0031203728191805686 0.0080736193591276727
leaf_weight=117 866 369 119 1863 6196 1444 86 60 242 293 93 525 171 302 106 109 127 61 240 318 125 62 70 100 68 60 61 73 67 80 83 134 98 186 86 100
leaf_count=117 866 369 119 1863 6196 1444 86 60 242 293 93 525 171 302 106 109 127 61 240 318 125 62 70 100 68 60 61 73 67 80 83 134 98 186 86 100
internal_value=-0.000145686 0.000342365 -0.000156726 0.000196127 0.000728332 0.000122521 0.00366634 0.00503097 -0.00273122 -0.00509775 0.00309027 -0.00176716 0.00395234 0.00231048 -0.00652449 -0.00650159 -0.00476427 -0.00173439 -0.00584171 0.00617542 -0.00660998 -0.000131921 -0.00765038 -0.00998861 -0.00495953 -0.00700212 -0.00323918 0.000689295 0.00210153 -0.00463516 -0.00568857 0.00920052 -0.00462768 -0.00748282 -0.00473457 0.00990431
internal_weight=15160 13966 12145 11338 9596 7640 1821 1454 1742 807 1956 1391 1160 671 626 351 420 367 1194 489 918 181 556 206 362 486 276 201 128 166 294 294 159 426 211 234
internal_count=15160 13966 12145 11338 9596 7640 1821 1454 1742 807 1956 1391 1160 671 626 351 420 367 1194 489 918 181 556 206 362 486 276 201 128 166 294 294 159 426 211 234
is_linear=0
shrinkage=0.02


Tree=10
num_leaves=38
num_cat=0
split_feature=36 37 40 40 36 16 34 35 46 40 37 37 4 16 16 35 48 19 10 40 34 37 17 40 13 35 31 36 12 40 17 40 43 46 36 43 40
split_gain=105.83 56.4548 48.5944 44.265 31.293 28.3133 37.5156 26.7135 16.2306 14.4896 13.5335 13.2535 11.276 8.88021 8.04439 7.59217 8.79989 6.08944 5.89299 5.50753 4.70469 5.09969 4.65784 4.77767 3.0664 2.72386 2.51771 2.29415 2.24011 1.82859 1.8029 1.4803 1.14009 0.861893 0.708004 0.70549 0.362951
threshold=-0.15085972100496289 0.019648350775241855 1.3124855756759646 0.74560302495956432 0.52496865391731273 0.016513891518116001 0.14666676521301272 0.18313287943601611 0.86085903644561779 1.5085739493370058 0.0089921806938946264 0.026796324178576473 0.13353104889392856 0.015462978277355434 0.022393968887627128 0.096512328833341612 0.82868674397468578 0.092832848429679884 0.04796287044882775 0.66436123847961437 0.099197316914796843 0.021218795329332355 0.48947484791278845 0.76724120974540722 -0.12172374874353407 -0.13728141039609906 2.6633386611938481 -0.19043911248445508 -0.14523716270923612 1.0920127034187319 0.87641325592994701 0.76477742195129406 0.15990339964628222 0.37386569380760198 -0.19711299985647199 -0.14612916857004163 0.52690666913986217
decision_type=2 2 2 2 2 2 2 2 2 2 2 2 2 2 2 2 2 2 2 2 2 2 2 2 2 2 2 2 2 2 2 2 2 2 2 2 2
left_child=22 2 3 8 7 10 -7 11 12 15 -5 13 -2 -3 32 16 -4 -17 -13 -10 31 -22 23 33 -11 -25 30 29 -29 -27 -16 -9 35 -1 36 -6 -35
right_child=1 4 9 5 14 6 -8 20 19 24 -12 18 -14 -15 26 17 -18 -19 -20 -21 21 -23 -24 25 -26 27 -28 28 -30 -31 -32 -33 -34 34 -36 -37 -38
leaf_value=-0.009422091995578627 -0.0032635502358070766 0.0066550544413365434 0.0020175548456956324 0.0053019150619819646 -0.0052734125168405147 -0.00058492317961347752 0.0032931495346433031 0.0054067334475971394 -0.0081996221957605121 -0.0067417815804919779 0.0016462053967471297 0.0038983393170267011 0.00024789804301565514 0.00036002736288601232 -0.00046856472241184251 -0.0080108741255142755 -0.0039542468323488719 -0.0022969785113532383 0.010028970224463514 -0.0030669870241320624 5.5083304013197247e-05 0.0075454922224070589 -0.010755628539572159 -0.007164588556341187 -0.01267572035988172 -0.0031495963690429929 -0.0027822853812813813 0.0010850749786511279 -0.0038446758359757948 -0.005769568442853759 0.0036870607945627422 0.0093892602201368809 -0.0071765063527359889 -0.0054122652827358958 -0.0049473478119518308 -0.0022561101779126776 -0.0080153111938691748
leaf_weight=78 831 97 158 643 65 5357 1223 60 239 82 1101 816 650 874 74 192 253 127 67 137 62 86 72 125 87 222 63 66 77 240 90 334 64 64 108 75 156
leaf_count=78 831 97 158 643 65 5357 1223 60 239 82 1101 816 650 874 74 192 253 127 67 137 62 86 72 125 87 222 63 66 77 240 90 334 64 64 108 75 156
internal_value=-0.000129036 0.000364611 -0.000279167 0.000114891 0.00288577 0.00073804 0.0001369 0.0037778 -0.00267452 -0.00472844 0.0030014 0.00262737 -0.00172434 0.00100847 -0.00206269 -0.00347775 -0.00165812 -0.00578176 0.00439703 -0.00637121 0.00767511 0.00447768 -0.00579976 -0.00545728 -0.00997015 -0.0044508 0.000526897 -0.00385587 -0.00158701 -0.00454121 0.00183124 0.00883074 -0.00491495 -0.00721859 -0.00661091 -0.00374524 -0.00734554
internal_weight=15115 13907 11080 10181 2827 8324 6580 2396 1857 899 1744 1854 1481 971 431 730 411 319 883 376 542 148 1208 1136 169 730 227 605 143 462 164 394 204 406 328 140 220
internal_count=15115 13907 11080 10181 2827 8324 6580 2396 1857 899 1744 1854 1481 971 431 730 411 319 883 376 542 148 1208 1136 169 730 227 605 143 462 164 394 204 406 328 140 220
is_linear=0
shrinkage=0.02


Tree=11
num_leaves=38
num_cat=0
split_feature=36 37 40 40 31 36 35 34 40 46 13 38 34 38 31 35 4 13 40 16 38 36 46 31 47 40 31 40 39 37 3 20 12 10 30 48 48
split_gain=95.8258 52.4236 45.201 42.5082 30.8661 28.4357 25.8465 25.076 16.4583 14.1227 12.6804 12.4834 14.5528 9.40238 9.23138 8.47885 8.40339 8.2992 6.04141 5.84026 5.36586 4.8776 3.51133 2.52882 2.38343 2.6197 2.01812 1.99904 1.74561 1.68917 1.68575 2.70043 1.52964 1.15966 1.13016 0.636346 0.0829719
threshold=-0.15085972100496289 0.019648350775241855 1.3337206840515139 0.72273260354995739 2.1341483592987065 0.52496865391731273 0.18313287943601611 0.139903798699379 1.1370488405227663 0.86085903644561779 -0.17050129175186154 -0.12273847684264182 -0.028303073719143864 -0.010135014541447161 0.63783550262451183 -0.11012518778443335 0.15903030335903171 -0.35069671273231501 1.4848831892013552 0.022393968887627128 -0.28898605704307551 0.22587104886770251 0.86085903644561779 0.18991655856370929 0.90517240762710582 0.7393348515033723 2.6633386611938481 0.76477742195129406 0.86388155817985546 0.014734101016074421 0.025343060493469242 -0.19926015287637708 -0.14385250955820081 0.024268182925879959 0.098870873451232924 0.1241746135056019 0.27622890472412115
decision_type=2 2 2 2 2 2 2 2 2 2 2 2 2 2 2 2 2 2 2 2 2 2 2 2 2 2 2 2 2 2 2 2 2 2 2 2 2
left_child=20 2 3 9 7 6 11 -5 -6 16 14 15 -13 27 17 -3 -2 -4 22 33 23 -11 -12 29 25 35 28 -8 -21 32 31 -27 -1 -7 -25 -22 -37
right_child=1 5 10 4 8 19 13 -9 -10 21 18 12 -14 -15 -16 -17 -18 -19 -20 26 24 -23 -24 34 -26 30 -28 -29 -30 -31 -32 -33 -34 -35 -36 36 -38
leaf_value=0.00038424934803221663 -0.0033209175968732635 0.0018218726744378111 -0.00073772569725734014 0.00056867633571062678 -0.0038470143991570852 -0.0026955479689873751 0.0050647565332742842 0.0037810543815018373 0.0019295307959589366 -0.0081323508970615015 -0.0071633445074927651 -0.001685649115132512 0.0033971298970271301 0.00085769130948465323 0.0026176801381180455 0.0056058141807418865 7.6483093147099266e-05 -0.0071967886270210149 -0.011312941252661404 0.0039000159827410241 -0.0059778755922303643 -0.0021419720919681833 -0.0014121386535347455 -0.0069928274705813214 -0.010236444129280643 -0.0042140835062752287 -0.0028487229012096153 0.0090349857569695449 -0.00029027490605125733 -0.0048532419159511729 -0.0028311450331972017 -0.007725646612742409 -0.0033134840094142508 -0.0059888736242001217 -0.0032822041894336614 -0.009788148577174834 -0.007064613647758961
leaf_weight=101 757 415 148 6550 854 87 75 1139 254 241 163 468 429 77 101 565 471 172 125 61 83 74 60 96 68 212 62 397 103 72 105 173 76 106 65 90 61
leaf_count=101 757 415 148 6550 854 87 75 1139 254 241 163 468 429 77 101 565 471 172 125 61 83 74 60 96 68 212 62 397 103 72 105 173 76 106 65 90 61
internal_value=-0.000136553 0.000330594 -0.000289876 5.85544e-05 0.000595966 0.00275148 0.0035821 0.00104596 -0.00252025 -0.00299992 -0.0049582 0.00245759 0.000747355 0.00739069 -0.00259103 0.0040149 -0.00202002 -0.00424717 -0.00777247 -0.00204673 -0.0055478 -0.00676172 -0.00565965 -0.00363989 -0.00651676 -0.00612522 0.000138275 0.0084422 0.00130438 -0.00232459 -0.00522009 -0.00584212 -0.00122669 -0.0045734 -0.00558829 -0.00792629 -0.00885346
internal_weight=15156 13954 11109 10340 8797 2845 2426 7689 1108 1543 769 1877 897 549 421 980 1228 320 348 419 1202 315 223 410 792 724 226 472 164 249 490 385 177 193 161 234 151
internal_count=15156 13954 11109 10340 8797 2845 2426 7689 1108 1543 769 1877 897 549 421 980 1228 320 348 419 1202 315 223 410 792 724 226 472 164 249 490 385 177 193 161 234 151
is_linear=0
shrinkage=0.02


Tree=12
num_leaves=40
num_cat=0
split_feature=36 37 40 40 16 34 36 35 36 46 13 38 31 34 40 16 38 46 21 40 39 41 13 13 26 22 9 48 13 26 38 10 40 42 19 29 36 48 40
split_gain=93.808 49.3514 42.4167 37.6364 32.2051 38.9365 29.2504 14.6767 13.1652 13.1284 12.0329 8.87456 8.38332 7.63825 7.00955 6.51957 5.91057 5.48566 5.30489 4.51871 3.7282 2.3311 2.77779 2.16073 2.1253 2.09305 1.66507 2.01981 1.59336 1.53969 1.39416 1.21723 1.20801 0.715319 0.506552 0.497706 0.387169 0.354079 0.0716706
threshold=-0.15085972100496289 0.023582911118865017 1.3337206840515139 0.72273260354995739 0.016442125663161281 0.14528661966323855 0.51863935589790355 0.15811300277709964 0.38159722089767462 0.87825167179107677 -0.28094391524791712 -0.10815097019076346 0.43743975460529333 -0.02379815652966499 1.4848831892013552 0.022393968887627128 -0.28898605704307551 0.87825167179107677 60.700504302978523 0.66436123847961437 1.540262043476105 0.69172459840774547 -0.063340917229652391 -0.3649036437273025 0.030488397926092151 0.60997599363327037 0.038243615999817855 0.33400586247444158 -0.11296671256422995 0.020129473879933361 -0.1066971719264984 0.022319704294204715 1.0920127034187319 -0.09700703993439673 0.15545720607042315 0.060441469773650176 -0.21272230893373487 0.1241746135056019 1.0827711820602419
decision_type=2 2 2 2 2 2 2 2 2 2 2 2 2 2 2 2 2 2 2 2 2 2 2 2 2 2 2 2 2 2 2 2 2 2 2 2 2 2 2
left_child=16 2 3 9 8 -6 7 11 -5 12 20 18 -2 -13 17 24 23 -12 -3 -11 25 22 32 31 -8 -4 27 -17 -16 -25 -9 -1 37 -23 -32 38 -31 -18 -35
right_child=1 6 10 4 5 -7 15 30 -10 19 14 13 -14 -15 28 26 21 -19 -20 -21 -22 33 -24 29 -26 -27 -28 -29 -30 36 34 -33 -34 35 -36 -37 -38 -39 -40
leaf_value=-0.0004887391133887465 -0.0033129236999671491 0.0054912094126221937 -0.0012221343918354252 0.0033634555192086808 -0.00061572296650949133 0.0030159522293846009 -0.0022856210252846887 0.010356294527274221 -0.0042152152150802162 -0.0077044805681221505 -0.0058675695530614851 -0.0014671350977021372 -0.00015611081112681794 0.0045179355098000657 -0.0072941176309250302 0.0045109433485338319 -0.0054661559172622535 0.00056156662095557244 0.0010401422607629047 -0.0022470285647859176 -0.0048447796930617924 -0.0029029373907125912 -0.0034539432115320646 -0.0020389055819183158 -0.0069755302064120773 0.0030586793210486958 -0.0020155870171027286 -0.00016795168166187986 -0.011739623751242956 -0.0069680048117990645 0.0079236504865639532 -0.0038701904137277794 -0.010989645916579376 -0.0049634760978159963 0.0051038271149259004 -0.0037044295742525717 -0.0045180580747459006 -0.007883805953051189 -0.006774696814519812
leaf_weight=111 672 643 125 1799 6246 1453 85 116 94 231 269 213 673 138 95 62 66 65 131 87 76 62 67 66 77 68 60 84 87 81 147 68 64 74 64 65 90 271 115
leaf_count=111 672 643 125 1799 6246 1453 85 116 94 231 269 213 673 138 95 62 66 65 131 87 76 62 67 66 77 68 60 84 87 81 147 68 64 74 64 65 90 271 115
internal_value=-0.000150799 0.000314059 -0.00015016 0.000163778 0.000645612 7.04458e-05 0.00338079 0.00465549 0.00298052 -0.00261095 -0.00463602 0.00355304 -0.00173795 0.000901491 -0.00641654 -0.00164302 -0.00550813 -0.00461956 0.00474608 -0.00624947 -0.00118384 -0.00653698 -0.00747008 -0.00353383 -0.00460713 0.00030476 0.000715873 0.00186308 -0.00958048 -0.00478407 0.00837849 -0.00182143 -0.008108 -0.00509465 0.00715656 -0.00558562 -0.00578444 -0.00746567 -0.00615938
internal_weight=15060 13860 12040 11255 9592 7699 1820 1452 1893 1663 785 1125 1345 351 516 368 1200 334 774 318 269 784 468 416 162 193 206 146 182 237 327 179 401 316 211 254 171 337 189
internal_count=15060 13860 12040 11255 9592 7699 1820 1452 1893 1663 785 1125 1345 351 516 368 1200 334 774 318 269 784 468 416 162 193 206 146 182 237 327 179 401 316 211 254 171 337 189
is_linear=0
shrinkage=0.02


Tree=13
num_leaves=40
num_cat=0
split_feature=36 37 40 40 38 34 36 5 35 46 13 38 4 35 31 34 36 39 16 19 38 41 13 48 13 47 10 47 32 20 26 38 39 4 9 46 24 46 4
split_gain=95.0796 48.9714 45.1175 36.9481 32.7378 54.8792 25.4485 24.0981 15.9665 13.8215 13.604 9.87233 9.52447 9.35308 12.6624 8.56835 7.05064 6.08736 5.65623 5.41254 4.79302 2.90719 2.65269 2.52292 2.30139 2.09195 1.75239 1.64889 1.60007 1.46016 1.26076 1.2159 1.13502 0.985285 1.04213 0.620015 0.583417 0.265876 0.198032
threshold=-0.15085972100496289 0.023582911118865017 1.3052054047584536 0.73598620295524608 -0.049880862236022942 0.14312935620546344 0.51863935589790355 0.053714988753199584 0.15811300277709964 0.80776411294937145 -0.35069671273231501 -0.10893821716308592 0.13039476424455645 0.018874486908316616 0.94715833663940441 -0.02379815652966499 0.14045994728803637 1.081856429576874 0.022393968887627128 0.092832848429679884 -0.28898605704307551 0.69172459840774547 -0.3649036437273025 0.91434335708618175 -0.063340917229652391 0.59097579121589672 0.016900125890970234 0.82868674397468578 1.0167081952095034 -0.08701112866401671 0.030488397926092151 -0.1066971719264984 0.86684846878051769 -0.22809692472219464 0.028181409463286403 0.37386569380760198 25.836256027221683 0.73911070823669445 -0.36196094751358027
decision_type=2 2 2 2 2 2 2 2 2 2 2 2 2 2 2 2 2 2 2 2 2 2 2 2 2 2 2 2 2 2 2 2 2 2 2 2 2 2 2
left_child=20 2 3 9 7 -6 8 -5 11 12 23 17 -2 14 -12 -13 -11 -3 30 -15 22 24 28 29 27 32 -24 35 -1 -4 -8 -10 -20 34 38 -22 -36 -33 -23
right_child=1 6 10 4 5 -7 18 -9 31 16 13 15 -14 19 -16 -17 -18 -19 25 -21 21 33 26 -25 -26 -27 -28 -29 -30 -31 -32 37 -34 -35 36 -37 -38 -39 -40
leaf_value=-0.00031223674241170684 -0.0028112464242979196 0.0033790641090947261 0.0024896183096632706 -0.00013273396618549587 -0.0015704288995285511 0.0030732895531262352 -0.0023730430345629051 0.0031294814585761032 0.010335967089980842 -0.0073010403612153154 -0.0062973372712731368 -0.0017556128895314064 0.00052857491105876356 -0.0086506087213147394 0.0040149724065044589 0.004410024081906304 -0.0020602864819253687 0.007160548089457242 0.0042584404050121224 -0.0044599689824333568 -0.0090303259957581761 -0.0041798500985640924 -0.003260307064801295 -0.0031470346488575969 -0.0038479213174820565 -0.0019099014848657074 -0.006928258931895687 -0.011358732112880909 -0.004057309142267331 -0.0012414560643330551 -0.0061030521647710547 0.0078689421086677609 0.00053800203655535975 -0.0071695886692167187 -0.0040997308639555488 -0.006579891049634602 -0.001263614068971947 0.0053925956051855805 -0.0064707094496914324
leaf_weight=109 781 513 110 1337 3756 1393 84 2800 113 283 104 223 603 316 83 147 166 263 60 223 98 63 114 78 69 70 115 63 77 64 73 157 72 66 63 233 61 60 67
leaf_count=109 781 513 110 1337 3756 1393 84 2800 113 283 104 223 603 316 83 147 166 263 60 223 98 63 114 78 69 70 115 63 77 64 73 157 72 66 63 233 61 60 67
internal_value=-0.000126881 0.000338433 -0.000123606 0.000239 0.000751442 -0.000312875 0.00338014 0.00207562 0.00454008 -0.00235348 -0.00423525 0.00340647 -0.00135739 -0.00562006 -0.00172383 0.000707065 -0.00539223 0.0046846 -0.00138419 -0.00695295 -0.00552637 -0.00645626 -0.00373576 -0.00022259 -0.00749924 0.00082541 -0.00517237 -0.00810225 -0.0019077 0.00111384 -0.00419554 0.00840762 0.00229357 -0.00488847 -0.00421507 -0.00738299 -0.00277522 0.00727166 -0.00548737
internal_weight=15130 13932 12097 11119 9286 5149 1835 4137 1476 1833 978 1146 1384 726 187 370 449 776 359 539 1198 783 415 252 463 202 229 394 186 174 157 330 132 320 254 331 124 217 130
internal_count=15130 13932 12097 11119 9286 5149 1835 4137 1476 1833 978 1146 1384 726 187 370 449 776 359 539 1198 783 415 252 463 202 229 394 186 174 157 330 132 320 254 331 124 217 130
is_linear=0
shrinkage=0.02


Tree=14
num_leaves=39
num_cat=0
split_feature=36 37 40 40 31 36 34 40 35 40 46 33 38 31 35 16 48 10 19 38 40 13 41 47 45 40 5 31 17 38 26 39 17 26 37 4 46 41
split_gain=88.1316 49.9058 43.9125 40.3383 32.4021 26.3042 21.2347 17.1924 14.9967 12.2558 11.691 8.83457 12.1112 8.31612 7.28702 6.79154 6.42447 6.27205 5.77713 5.49745 3.3981 3.11925 2.76032 3.58145 2.31366 2.5701 1.99761 1.98263 1.44137 1.42277 1.39333 1.29736 1.82361 0.770422 0.742589 0.65039 0.264282 0.24188
threshold=-0.15085972100496289 0.023582911118865017 1.3124855756759646 0.72273260354995739 2.0141876935958867 0.50519832968711864 0.14312935620546344 1.1370488405227663 0.15811300277709964 1.5085739493370058 0.87825167179107677 0.003629136830568314 -0.12176326662302016 0.43743975460529333 0.096512328833341612 0.022393968887627128 0.81896552443504345 0.023166089318692688 0.038237813860178001 -0.30036178231239313 0.67268040776252758 -0.12172374874353407 0.6902616322040559 0.8479457199573518 0.81896552443504345 0.70091482996940624 -0.3976957499980926 2.5936177968978886 0.88489603996276867 -0.1066971719264984 0.030488397926092151 1.5277315974235537 -0.15401538461446759 0.023373313248157505 0.013444380369037391 -0.36196094751358027 0.70194101333618175 0.70063474774360668
decision_type=2 2 2 2 2 2 2 2 2 2 2 2 2 2 2 2 2 2 2 2 2 2 2 2 2 2 2 2 2 2 2 2 2 2 2 2 2 2
left_child=19 2 3 10 6 8 -5 -6 11 14 13 12 -3 -2 16 30 -4 -13 -16 26 -12 -11 23 24 33 -26 -1 28 -17 -10 -7 32 35 -21 -28 -24 -36 -31
right_child=1 5 9 4 7 15 -8 -9 29 21 20 17 -14 -15 18 27 -18 -19 -20 22 -22 -23 31 -25 25 -27 34 -29 -30 37 -32 -33 -34 -35 36 -37 -38 -39
leaf_value=-9.8614943539162723e-05 -0.0034337216568325387 0.004455552478595662 0.00172331068021468 0.00076831521548640074 -0.0032817322155830691 -0.0024718994213748843 0.0037126832098377444 0.0020569639707224501 0.010294816861592107 -0.0061398408032478169 -0.007215289912186563 0.0010405822387426207 -0.00084672373517341213 -0.00027474195477295168 -0.0084204324034795382 9.0017282846941902e-05 -0.0033382340640166243 0.0067809090571286194 -0.0029996494143406916 -0.0059246602741137733 -0.0020384524413187741 -0.011917800440185373 -0.003014961642341313 -0.011132308511397777 -0.0063154036354684789 -0.00075685002107638878 -0.0018755748534042922 -0.0019438122372375801 0.0039742076549202547 0.0078084094251629774 -0.0062704552209004762 -0.0018453827236582024 -0.0077333159928405018 -0.0082226808661801949 -0.003458087170969194 -0.0054325799542538668 -0.0057725289230618404 0.0055760986064731077
leaf_weight=80 667 369 158 6895 1092 90 1140 307 115 91 248 98 319 666 143 70 264 366 184 176 68 84 126 75 74 61 60 61 83 140 77 62 83 177 64 91 65 79
leaf_count=80 667 369 158 6895 1092 90 1140 307 115 91 248 98 319 666 143 70 264 366 184 176 68 84 126 75 74 61 60 61 83 140 77 62 83 177 64 91 65 79
internal_value=-0.00013207 0.000317028 -0.000156181 0.000193436 0.000698167 0.00335622 0.00118741 -0.00210759 0.00455655 -0.00433783 -0.00268957 0.00345721 0.00200263 -0.00186033 -0.00319837 -0.00132181 -0.00144201 0.00558513 -0.00542824 -0.00533903 -0.00613407 -0.009073 -0.00607354 -0.00697463 -0.00626949 -0.00388206 -0.00277048 0.00103202 0.00223944 0.0082808 -0.00430896 -0.00462358 -0.00517049 -0.00713932 -0.00387701 -0.0040936 -0.00473654 0.00709389
internal_weight=15068 13874 12007 11083 9434 1867 8035 1399 1486 924 1649 1152 688 1333 749 381 422 464 327 1194 316 175 925 563 488 135 269 214 153 334 167 362 300 353 189 217 129 219
internal_count=15068 13874 12007 11083 9434 1867 8035 1399 1486 924 1649 1152 688 1333 749 381 422 464 327 1194 316 175 925 563 488 135 269 214 153 334 167 362 300 353 189 217 129 219
is_linear=0
shrinkage=0.02


Tree=15
num_leaves=40
num_cat=0
split_feature=36 38 34 35 17 36 31 20 35 41 36 38 46 20 17 43 16 9 31 38 35 38 33 34 41 47 41 9 13 8 39 17 45 11 41 13 35 38 43
split_gain=83.8618 41.9824 72.9376 44.4003 22.8692 24.5476 19.9364 21.5123 18.9535 18.8519 14.1422 13.1903 12.4071 11.7089 9.90539 9.63282 10.1672 8.53597 6.94629 6.58728 5.30839 4.83814 3.98125 3.53286 3.00239 3.21444 2.58562 2.47 1.76795 1.39198 1.37242 1.55472 1.19079 0.892158 0.799968 0.696988 0.660622 0.63236 0.527455
threshold=-0.15085972100496289 -0.04911589436233043 0.14312935620546344 0.17641562968492511 -0.06474412232637404 0.45946973562240606 1.7704916000366213 0.22198272496461871 0.41866117715835577 0.53729796409606945 0.60637953877449047 -0.059582054615020745 0.42329227924346929 0.54867449402809154 -0.29090827703475947 0.44049631059169775 0.024560993537306789 0.034353757277131088 1.2465503215789797 -0.14197238534688947 0.31061364710330969 -0.30036178231239313 0.011974503751844169 0.17807125300168994 0.6902616322040559 0.82868674397468578 0.62369543313980114 0.017341177910566333 -0.3649036437273025 0.04040601663291455 1.5277315974235537 -0.15401538461446759 0.82868674397468578 0.018921817652881149 0.63742861151695263 -0.39585854113101954 -0.075871866196393953 -0.080357216298580156 -0.13473283499479291
decision_type=2 2 2 2 2 2 2 2 2 2 2 2 2 2 2 2 2 2 2 2 2 2 2 2 2 2 2 2 2 2 2 2 2 2 2 2 2 2 2
left_child=21 3 6 4 12 9 7 14 15 -6 11 37 19 20 -3 16 -4 -15 -9 -2 -8 28 -7 -10 25 32 -13 -14 38 -12 31 36 35 -30 -25 -23 -26 -5 -1
right_child=1 2 8 10 5 22 13 18 23 -11 29 26 27 17 -16 -17 -18 -19 -20 -21 -22 24 -24 34 30 -27 -28 -29 33 -31 -32 -33 -34 -35 -36 -37 -38 -39 -40
leaf_value=-0.0022327435970276831 -0.0014812208391416066 0.0015977045564594563 0.0022722388392607271 0.0091766234732514138 -0.00011892475872798529 -0.0048274406797133998 -0.007612672817177442 0.0016723987780645454 -0.0049466584920332853 0.0026924054533661356 0.0020386197387530767 -0.00074001109654583594 -0.00024001263747649158 -0.00057443915019055655 -0.0029201068879962065 -0.0023461129802647821 0.0058998146294196516 -0.0054041494393227054 -0.0011833012851007432 0.0015138698817341836 -0.0021237945683786402 -0.0043395979166211416 0.00047003693005614414 0.0014161434669313685 -0.0048359216779754206 -0.010393538907335865 0.0046362336208549092 -0.0044561794517259451 -0.0027942187290677092 -0.00161096273517857 -0.0016148353063811861 -0.007182087016494379 -0.0040464801094731535 -0.0060963576216221099 -0.0016523817271332851 -0.0070814441820778156 -0.0023967326469924092 0.0069523233978440718 0.00033011524748960229
leaf_weight=60 634 211 574 368 1343 264 412 887 107 3284 103 79 65 367 2169 93 685 242 549 542 89 66 71 67 125 87 61 419 94 66 66 89 115 60 63 301 88 133 63
leaf_count=60 634 211 574 368 1343 264 412 887 107 3284 103 79 65 367 2169 93 685 242 549 542 89 66 71 67 125 87 61 419 94 66 66 89 115 60 63 301 88 133 63
internal_value=-0.00010654 0.000332672 -0.000839007 0.00135984 0.000817723 0.00149743 -0.00204088 -0.00135227 0.00288308 0.00187664 0.00577124 0.0071228 -0.00121245 -0.00439731 -0.00251765 0.00379699 0.00425607 -0.00251235 0.000579745 -9.96426e-05 -0.00665803 -0.00514162 -0.00370753 -0.00230858 -0.00583125 -0.0067624 0.00164362 -0.00389698 -0.0027678 0.000604286 -0.00434576 -0.00491755 -0.00604469 -0.00417904 -6.71214e-05 -0.00663025 -0.0038801 0.00863302 -0.000935518
internal_weight=15161 13947 6515 7432 6622 4962 4926 3816 1589 4627 810 641 1660 1110 2380 1352 1259 609 1436 1176 501 1214 335 237 937 569 140 484 277 169 368 302 482 154 130 367 213 501 123
internal_count=15161 13947 6515 7432 6622 4962 4926 3816 1589 4627 810 641 1660 1110 2380 1352 1259 609 1436 1176 501 1214 335 237 937 569 140 484 277 169 368 302 482 154 130 367 213 501 123
is_linear=0
shrinkage=0.02


Tree=16
num_leaves=39
num_cat=0
split_feature=36 37 40 40 36 16 34 37 46 13 35 40 19 38 34 37 16 38 30 48 17 9 41 4 13 47 36 40 10 31 3 39 38 35 12 41 31 4
split_gain=81.8507 47.4574 40.4524 34.5069 28.1336 27.1707 38.9072 13.6571 13.5686 12.8529 11.2941 8.32154 9.49819 7.04682 12.3478 6.76907 5.76695 5.65263 5.65016 2.78465 2.64167 2.43853 2.37159 2.91051 2.17671 2.03166 2.02978 1.49134 1.4828 1.26609 1.1373 1.04649 1.0114 0.90712 0.851568 0.804586 0.724794 0.58029
threshold=-0.15085972100496289 0.023582911118865017 1.3124855756759646 0.65654709935188305 0.51863935589790355 0.016442125663161281 0.14528661966323855 0.0090185254812240618 0.75650331377983104 -0.35069671273231501 0.22831840068101886 1.5085739493370058 0.032110974192619331 -0.12176326662302016 -0.028303073719143864 0.027912265621125702 0.022393968887627128 -0.28898605704307551 0.48049210011959081 0.90517240762710582 0.4469925612211228 0.018745083361864093 0.69172459840774547 -0.04085199907422065 -0.12172374874353407 0.59097579121589672 -0.21272230893373487 0.81661146879196178 0.024268182925879959 0.18491078913211825 -0.0097420746460556967 0.86684846878051769 -0.08220400288701056 -0.060821272432804101 -0.14523716270923612 0.61186695098876964 0.20575048029422763 -0.38904841244220728
decision_type=2 2 2 2 2 2 2 2 2 2 2 2 2 2 2 2 2 2 2 2 2 2 2 2 2 2 2 2 2 2 2 2 2 2 2 2 2 2
left_child=17 2 3 8 10 7 -7 -5 18 19 13 12 -11 15 -15 -3 28 26 -2 30 22 -10 23 36 -13 31 35 -12 -6 34 -4 -18 -29 37 -28 -1 -19 -24
right_child=1 4 9 5 16 6 -8 -9 21 11 27 24 -14 14 -16 -17 25 20 -20 -21 -22 -23 33 -25 -26 -27 29 32 -30 -31 -32 -33 -34 -35 -36 -37 -38 -39
leaf_value=-0.0065309994169805621 -0.0025392081914280135 0.0077060981299532511 0.0031958691580604541 0.0047928477599681451 -0.0017485106597544956 -0.00059316993891691779 0.0029649106373100921 0.0013777814959402301 -0.0030694676053272668 -0.0074395425256796634 0.0046806885239387315 -0.0064738538844717874 -0.0019894334797080564 -0.00099264634102732077 0.0052831127549181102 0.0034651715915374492 0.0039884910239707094 -0.0070736072608009945 0.0014740929501839792 -0.0028559536513817659 -0.010173992929415723 -0.0072347032691662521 -0.0035574300789083238 -0.0039418739710674914 -0.011663520024220149 -0.001995381291227327 0.00026724218363600847 0.0099879551978504406 -0.0057103113710742304 -0.0037695458068002785 -0.00033810192150547381 0.0004572352397757546 0.0067909892677452547 -0.0027583155736713907 -0.0027099126367607996 -0.0032672887790847465 -0.010135810652330742 -0.0062237652102830245
leaf_weight=76 593 235 82 758 65 6534 1511 1231 80 214 60 78 321 278 224 443 61 230 181 82 63 273 75 119 87 71 96 138 105 103 62 74 111 115 60 71 64 105
leaf_count=76 593 235 82 758 65 6534 1511 1231 80 214 60 78 321 278 224 443 61 230 181 82 63 273 75 119 87 71 96 138 105 103 62 74 111 115 60 71 64 105
internal_value=-8.21362e-05 0.0003455 -0.0001129 0.000220726 0.00331232 0.000593789 7.58353e-05 0.00268501 -0.00309264 -0.00412286 0.00454505 -0.00545669 -0.00420066 0.00363555 0.00182046 0.00496405 -0.00156412 -0.00514012 -0.00159734 2.14681e-05 -0.00615086 -0.00632737 -0.00575005 -0.00675519 -0.00937559 0.000683313 -0.00318721 0.00794666 -0.00425787 -0.00207572 0.00169165 0.00211211 0.00866458 -0.00428566 -0.000901054 -0.00505819 -0.00783922 -0.00519479
internal_weight=15129 13952 12087 11161 1865 10034 8045 1989 1127 926 1489 700 535 1180 502 678 376 1177 774 226 771 353 708 413 165 206 406 309 170 259 144 135 249 295 156 147 294 180
internal_count=15129 13952 12087 11161 1865 10034 8045 1989 1127 926 1489 700 535 1180 502 678 376 1177 774 226 771 353 708 413 165 206 406 309 170 259 144 135 249 295 156 147 294 180
is_linear=0
shrinkage=0.02


Tree=17
num_leaves=36
num_cat=0
split_feature=36 38 35 40 17 40 36 18 31 35 38 36 31 38 16 4 13 47 38 13 36 3 31 40 38 40 3 30 8 13 40 22 26 4 9
split_gain=79.8042 43.7308 43.0267 32.9419 28.8113 28.5473 24.4297 24.3313 20.101 14.624 13.631 12.3205 12.2825 11.0267 10.8454 9.86895 7.57567 5.70643 5.6597 4.81137 4.47519 3.43088 2.70539 2.0221 1.83225 1.7006 2.00713 1.88385 1.45772 1.40223 1.37037 1.33315 1.03802 1.00343 0.499177
threshold=-0.15085972100496289 -0.04911589436233043 0.17641562968492511 0.69480967521667492 0.087517734616994872 1.3243254423141482 0.45946973562240606 0.033772444352507598 2.1341483592987065 0.1817961856722832 -0.14520362019538877 0.60637953877449047 3.1182407140731816 -0.058218503370881074 0.024560993537306789 0.21364864706993106 -0.16578441858291623 0.50531914830207836 -0.28898605704307551 -0.17050129175186154 0.12314667925238611 0.42001530528068548 0.84607723355293285 0.79617267847061168 -0.31771011650562281 0.77559348940849315 0.025343060493469242 0.11397442221641542 0.040061712265014655 -0.36152485013008112 1.4848831892013552 0.30957129597663885 0.02368918247520924 -0.037049746140837662 0.021725115366280082
decision_type=2 2 2 2 2 2 2 2 2 2 2 2 2 2 2 2 2 2 2 2 2 2 2 2 2 2 2 2 2 2 2 2 2 2 2
left_child=18 2 3 17 10 7 -6 12 14 -10 -5 13 15 23 -9 -3 -7 20 24 -19 -2 30 25 -4 -1 33 27 -27 -13 31 -18 -26 -31 34 -20
right_child=1 5 11 4 6 16 -8 8 9 -11 -12 28 -14 -15 -16 -17 21 19 22 -21 -22 -23 -24 -25 29 26 -28 -29 -30 32 -32 -33 -34 -35 -36
leaf_value=-0.00031541810898156263 -0.002792869234271553 -0.002581943483824017 0.0052432501602608962 -0.0021001177943269799 0.002831584409055878 -0.00086197041244629553 -0.003093187274036333 0.00072142491017983929 -0.0070918780817205073 -0.00048905382414458302 0.0011634415583271012 0.0023128765666512591 -0.0080580212961727134 0.0013317882477145518 0.0037198706054257613 -0.00031231889805643739 -0.0071671750084816958 -0.0029518529897393626 -0.0097988135925869465 -0.008066931248044789 0.0017462987672521644 -0.0032917586454737279 -0.010107171385577231 0.0087287371064936024 -0.0038528166459668636 -0.0048097169262188702 -0.0021373861691693671 -0.0088083489486016336 -0.0014056202899926987 -0.0029465306426410547 -0.010905748179291979 -0.00011433291409962943 -0.0062874443482537328 -0.0049507775925879327 -0.0066642363343004871
leaf_weight=78 338 1648 101 1099 3475 82 300 1525 179 514 953 101 117 119 705 1434 128 178 64 131 114 60 63 435 88 322 94 61 68 74 99 67 103 89 104
leaf_count=78 338 1648 101 1099 3475 82 300 1525 179 514 953 101 117 119 705 1434 128 178 64 131 114 60 63 435 88 322 94 61 68 74 99 67 103 89 104
internal_value=-0.000127148 0.000301473 0.00135096 0.000810595 0.00132212 -0.000896835 0.00235839 -0.000569487 0.000748955 -0.0022192 -0.000584467 0.00565139 -0.00177406 0.006889 0.00167354 -0.00152758 -0.00627671 -0.00309464 -0.00505361 -0.0051803 -0.00164187 -0.0077954 -0.00604045 0.00810665 -0.00310293 -0.00565032 -0.00486712 -0.00551267 0.000812443 -0.00374615 -0.00892298 -0.00227601 -0.00496862 -0.00702717 -0.00801517
internal_weight=15110 13903 7412 6588 5827 6491 3775 6122 2923 693 2052 824 3199 655 2230 3082 369 761 1207 309 452 287 797 536 410 734 477 383 169 332 227 155 177 257 168
internal_count=15110 13903 7412 6588 5827 6491 3775 6122 2923 693 2052 824 3199 655 2230 3082 369 761 1207 309 452 287 797 536 410 734 477 383 169 332 227 155 177 257 168
is_linear=0
shrinkage=0.02


Tree=18
num_leaves=44
num_cat=0
split_feature=37 34 40 40 16 35 30 37 11 16 16 16 37 13 34 37 37 44 35 35 5 35 26 46 46 20 46 43 30 5 34 14 32 48 11 4 39 16 34 5 34 40 40
split_gain=54.2595 48.3536 35.6612 44.6687 35.2488 15.947 15.3637 14.2112 13.9061 12.9502 10.1869 19.4847 11.1897 8.95082 6.69185 7.76654 6.68388 6.05521 5.58097 5.35893 4.84614 4.60915 4.24251 4.23787 3.97294 5.24369 3.85705 3.65646 3.5899 3.46619 3.70214 5.02856 3.29719 2.6989 2.65463 2.56548 2.48192 2.44729 2.42691 2.04612 1.16028 1.01231 1.05614
threshold=0.023582911118865017 0.139903798699379 0.7297625243663789 1.3124855756759646 0.016649560071527961 0.41866117715835577 -0.3237201571464538 0.0090839238837361353 0.011925268918275835 0.037212114781141288 0.024560993537306789 0.02272752765566111 0.012204733677208425 -0.26436762511730189 -0.0474743153899908 0.031315771862864501 0.013353099115192892 0.01841728109866381 0.20066108554601672 0.26078364253044134 1.2050539851188662 -0.060821272432804101 0.042554192245006568 0.30429521203041082 0.87825167179107677 0.1867008060216904 0.72135123610496532 0.29839092493057257 0.44290985167026525 0.82285255193710338 -0.058185368776321404 0.28879310190677648 1.1985182166099551 0.26724137365818029 0.015175361186265947 0.032625257968902595 0.56486797332763683 0.026717389933764938 0.17807125300168994 0.83818778395652782 0.02501173131167889 1.1621648669242861 0.96247589588165294
decision_type=2 2 2 2 2 2 2 2 2 2 2 2 2 2 2 2 2 2 2 2 2 2 2 2 2 2 2 2 2 2 2 2 2 2 2 2 2 2 2 2 2 2 2
left_child=1 2 8 4 7 10 29 -4 24 -6 11 19 27 28 15 21 -13 -15 26 -3 23 -8 32 40 25 -1 -10 -12 -5 30 31 -2 -17 -7 -14 -33 -20 -23 -35 -25 -16 42 -32
right_child=6 5 3 13 9 33 14 -9 18 -11 12 16 34 17 20 22 -18 -19 36 -21 -22 37 -24 39 -26 -27 -28 -29 -30 -31 41 35 -34 38 -36 -37 -38 -39 -40 -41 -42 -43 -44
leaf_value=-0.0012895940284761412 0.0078534106189509234 0.0028005237204932866 0.0045071932141213088 -0.003065589257271632 -0.00090922286177958324 0.00094943816666427541 0.0026429031539550968 0.0010050767424081898 -0.0041600478226183589 0.0074506926707426707 0.0077284755163447927 -0.0049289593250275814 0.0057260823905826187 -0.0084395962191969164 0.0027859897600543315 0.0029976779791253683 0.0012977692681597547 -0.0042587978426854118 -0.0039254540647475087 0.0077766364178209159 -0.0011522267034769745 -0.0044705695733954177 0.0061328928914241576 0.0067127089069446153 -0.0050556520498792326 0.003700834592384798 -0.0065602761440972223 0.0023105996474050558 0.0017275320081090607 0.0017407807657280219 0.006087876397724094 -0.00070441506223869511 -0.0028274381978699238 -0.0060610079475743473 0.0012055014976369899 0.0045184798520640466 0.00039009149167371001 -0.00040750312847778839 -0.0012896713229517142 0.0032548488110416768 -0.00096697972263350639 0.004087030744446175 0.0086140331162417021
leaf_weight=346 72 437 696 422 6347 70 68 1386 685 72 364 179 62 247 63 96 109 345 95 108 84 174 90 178 72 108 479 62 71 101 200 89 61 83 278 61 115 91 90 129 63 60 170
leaf_count=346 72 437 696 422 6347 70 68 1386 685 72 364 179 62 247 63 96 109 345 95 108 84 174 90 178 72 108 479 62 71 101 200 89 61 83 278 61 115 91 90 129 63 60 170
internal_value=-0.000135136 -0.000580912 -0.00106349 -0.00056671 -7.82201e-05 0.00242456 0.00307159 0.00218109 -0.00356452 -0.00081186 0.00314994 0.00160851 0.00481207 -0.00438235 0.00155334 7.41392e-05 -0.0025798 -0.00603859 -0.00462152 0.00382562 0.00320087 -0.00191057 0.00274469 0.00404976 -0.00079102 -8.37542e-05 -0.00516295 0.00696396 -0.00236701 0.00526716 0.00580142 0.00361503 0.000717588 -0.0023247 0.00207563 0.00145998 -0.00158528 -0.00309924 -0.00364878 0.00530852 0.000922904 0.00689503 0.00731117
internal_weight=15178 13328 11486 9586 8501 1842 1850 2082 1900 6419 1599 833 766 1085 1097 580 288 592 1374 545 517 333 247 433 526 454 1164 426 493 753 652 222 157 243 340 150 210 265 173 307 126 430 370
internal_count=15178 13328 11486 9586 8501 1842 1850 2082 1900 6419 1599 833 766 1085 1097 580 288 592 1374 545 517 333 247 433 526 454 1164 426 493 753 652 222 157 243 340 150 210 265 173 307 126 430 370
is_linear=0
shrinkage=0.02


Tree=19
num_leaves=39
num_cat=0
split_feature=37 38 38 34 37 35 17 37 35 40 38 34 38 40 40 17 40 38 16 33 37 45 10 34 17 21 34 47 48 46 9 45 5 38 48 22 23 40
split_gain=53.3975 54.4006 41.8099 65.518 25.2893 31.109 24.6276 21.3092 16.755 16.6273 13.9719 22.5717 10.6418 9.98364 9.92376 9.52622 8.20033 7.73602 7.39864 7.10984 5.80077 5.56091 5.4609 6.73392 5.84993 5.12639 4.28747 4.2163 3.15469 2.95591 2.94685 3.80594 2.36504 2.30389 1.6038 1.11234 0.582547 0.331504
threshold=0.023582911118865017 -0.19103229045867917 -0.04911589436233043 0.14312935620546344 0.0090470421127975004 0.17641562968492511 0.66653847694396984 0.0070376950316131124 0.41866117715835577 1.3124855756759646 -0.10738121718168257 -0.038923656567931168 -0.14381348341703412 0.60144531726837169 0.7297625243663789 1.2917022705078127 0.8691898286342622 -0.05429223179817199 0.02120876777917147 0.011025720275938513 0.016696170903742317 0.62931033968925487 0.04796287044882775 -0.043827395886182778 0.14059185236692431 55.301141738891609 0.15668973326683047 0.8479457199573518 0.26724137365818029 0.79128858447074901 0.035267658531665809 0.3706896454095841 0.83818778395652782 -0.31771011650562281 0.1241746135056019 0.44967867434024816 0.20608873665332797 0.91793945431709301
decision_type=2 2 2 2 2 2 2 2 2 2 2 2 2 2 2 2 2 2 2 2 2 2 2 2 2 2 2 2 2 2 2 2 2 2 2 2 2 2
left_child=1 6 4 7 12 13 14 -4 15 -9 18 30 -3 -6 33 -5 -14 -7 35 32 21 -16 23 24 -20 -25 -21 -22 -10 -8 31 -12 37 -1 -35 -2 -33 -13
right_child=10 2 3 8 5 17 29 9 28 -11 11 19 16 -15 20 -17 -18 -19 22 26 27 -23 -24 25 -26 -27 -28 -29 -30 -31 -32 36 -34 34 -36 -37 -38 -39
leaf_value=-0.0023042069569023118 0.0094725673701303702 -0.0030665297891412464 0.007080632918617792 0.0038396020184925678 -0.0036403135051912643 0.0081112513271612389 0.0075754819518249281 -0.0019485688138991398 0.0015545782496531805 -0.0062946198370227649 -0.0041070544534125937 0.0051919625474569891 0.0025347216420609562 0.00056339156379334068 -0.0011242183043537529 -0.0039833457299268266 0.007149862893055089 0.001391176286393527 -0.0037947140220122837 -0.0022270999320765741 -0.0037520835031514409 -0.0041465055425677242 0.0092084224319112472 0.0078891346019859619 0.0026532625912341337 0.0024241667224245422 0.0041310999230726774 -0.0083757169421389711 -0.0036843658403535803 0.001645574598956634 -0.0054106888010205731 -0.00048415802886302118 0.0027634922766199945 -0.0047416084778246171 -0.0071948735546583766 0.0057907625239092377 0.0021685432212940163 0.0075485183372093539
leaf_weight=69 117 60 96 1266 241 269 73 4401 60 381 111 75 240 3055 768 63 456 94 62 93 461 357 66 170 425 121 73 97 173 65 110 61 86 199 351 78 66 146
leaf_count=69 117 60 96 1266 241 269 73 4401 60 381 111 75 240 3055 768 63 456 94 62 93 461 357 66 170 425 121 73 97 173 65 110 61 86 199 351 78 66 146
internal_value=-0.000103247 -0.000547553 5.91958e-05 -0.000968276 0.0015578 0.000867509 -0.00324401 -0.00210974 0.002593 -0.00229877 0.00306782 0.00111025 0.00488081 0.000252687 -0.00373742 0.00345988 0.00557757 0.00639947 0.00460604 0.00394499 -0.00293064 -0.00209265 0.00376829 0.0032719 0.00181212 0.00566808 0.000586757 -0.00459811 -0.00232843 0.00488394 -0.00274065 -0.00145046 0.00573436 -0.00590465 -0.00633958 0.00811495 0.000904949 0.00683349
internal_weight=15155 13295 10855 6440 4415 3659 2440 4878 1562 4782 1860 821 756 3296 2302 1329 696 363 1039 473 1683 1125 844 778 487 291 166 558 233 138 348 238 307 619 550 195 127 221
internal_count=15155 13295 10855 6440 4415 3659 2440 4878 1562 4782 1860 821 756 3296 2302 1329 696 363 1039 473 1683 1125 844 778 487 291 166 558 233 138 348 238 307 619 550 195 127 221
is_linear=0
shrinkage=0.02


Tree=20
num_leaves=43
num_cat=0
split_feature=36 38 34 35 40 17 38 31 4 35 40 36 30 36 11 38 46 17 9 30 38 3 31 47 40 35 41 39 34 41 39 46 13 26 39 4 47 44 24 46 7 24
split_gain=68.4712 40.0941 67.1736 37.5029 28.6375 29.7848 25.4656 18.7578 19.6323 17.0268 14.1247 13.4219 12.8757 12.5016 11.5467 11.2921 11.0122 9.54403 8.83113 5.45574 5.20836 4.59446 3.55083 3.11665 3.0206 2.62296 2.56456 2.68209 2.51153 2.02324 1.90717 1.67052 1.37886 1.29102 1.13035 1.10957 0.927496 0.899208 0.796773 0.629783 0.564358 0.00924164
threshold=-0.15085972100496289 -0.04911589436233043 0.14312935620546344 0.1787853613495827 0.73328164219856273 0.087517734616994872 -0.11750972643494605 1.7266284227371218 0.18006349354982379 0.38493418693542486 1.3723526000976565 0.28527128696441656 -0.43320420384407038 0.60637953877449047 0.016867144964635376 -0.058218503370881074 0.77389594912529003 -0.2299171835184097 0.033622913062572486 0.92963498830795299 -0.28898605704307551 0.47065202891826635 2.4977133274078374 0.62931033968925487 0.79617267847061168 -0.10605204477906226 0.69172459840774547 1.1165733337402346 0.18520706892013553 0.60065317153930675 0.96319130063056957 0.31746919453144079 -0.061323106288909905 0.022344104945659641 0.86388155817985546 -0.22809692472219464 0.76228907704353344 0.015669786371290687 25.836256027221683 0.37386569380760198 0.010967487934976818 20.601840972900394
decision_type=2 2 2 2 2 2 2 2 2 2 2 2 2 2 2 2 2 2 2 2 2 2 2 2 2 2 2 2 2 2 2 2 2 2 2 2 2 2 2 2 2 2
left_child=20 3 7 4 16 12 -7 8 17 18 -10 21 -6 15 -13 24 23 -3 19 -4 31 -9 -20 -2 -5 -18 27 32 30 -17 -11 -1 39 -33 -15 37 41 -28 -39 -22 -30 -35
right_child=1 2 9 13 5 6 -8 11 10 28 -12 14 -14 34 -16 29 25 -19 22 -21 26 -23 -24 -25 -26 -27 35 -29 40 -31 -32 33 -34 36 -36 -37 -38 38 -40 -41 -42 -43
leaf_value=-0.00061361896920587042 -0.00011413251130461453 0.00066234363970395758 0.0039793847794177958 0.0045127594656287689 0.0020211841104504141 0.0042351347259991894 0.00086464581950054776 -0.0087579748949104998 0.00055767569001222888 -0.00079382019338499713 -0.0073970890587710956 3.8293309266621299e-05 -0.0015825613724797685 0.0025541015100721833 -0.0048158034102649674 -0.0013570318820384833 -0.0016555186865338382 -0.0033137573319538152 0.0015807610064185588 0.0092491116450506856 -0.0081156149992859493 -0.0029785710811519469 -0.0040053199894415827 -0.0034561121559268993 0.0086902418747162088 -0.0062378200085898396 -0.0055665484626184819 -0.010552024870885142 -0.00086185405930238115 0.0036774279404254186 -0.0052815119211490338 -0.0017757323556559402 -0.0029101411153678782 -0.0044651059791445732 -0.00077306653012599908 -0.0066232808757340535 -0.0023218572994810529 -0.0037078796355366835 -0.00095591210311505247 -0.005728314623067555 0.0017454858951507107 -0.0062007384892195875
leaf_weight=105 526 282 1015 97 545 1708 1890 267 1776 68 91 336 1432 63 466 62 66 1625 161 85 90 75 60 139 421 256 63 63 67 60 88 112 61 62 104 61 61 116 71 250 60 70
leaf_count=105 526 282 1015 97 545 1708 1890 267 1776 68 91 336 1432 63 466 62 66 1625 161 85 90 75 60 139 421 256 63 63 67 60 88 112 61 62 104 61 61 116 71 250 60 70
internal_value=-7.489e-05 0.000319106 -0.000822737 0.00132976 0.00082799 0.00138414 0.00246712 -0.00198189 -0.00129951 0.00272775 0.00015817 -0.00422285 -0.000587054 0.00539045 -0.00278836 0.00665694 -0.00230704 -0.00272515 0.0036804 0.00441155 -0.00468343 -0.00753038 2.63823e-05 -0.000826563 0.00794038 -0.00532562 -0.00565161 -0.00661606 -0.00170749 0.00113977 -0.00338351 -0.00282316 -0.00592145 -0.00356719 0.000499133 -0.00416006 -0.0045586 -0.00348367 -0.00269987 -0.00642862 0.000374122 -0.00551027
internal_weight=15076 13891 6522 7369 6562 5575 3598 4918 3774 1604 1867 1144 1977 807 802 640 987 1907 1321 1100 1185 342 221 665 518 322 775 464 283 122 156 410 401 305 167 311 193 250 187 340 127 132
internal_count=15076 13891 6522 7369 6562 5575 3598 4918 3774 1604 1867 1144 1977 807 802 640 987 1907 1321 1100 1185 342 221 665 518 322 775 464 283 122 156 410 401 305 167 311 193 250 187 340 127 132
is_linear=0
shrinkage=0.02


Tree=21
num_leaves=39
num_cat=0
split_feature=36 37 34 38 36 37 37 36 37 31 37 35 35 15 16 41 36 16 35 5 38 30 31 48 41 45 31 39 5 29 41 17 38 26 29 17 30 32
split_gain=69.7921 37.8901 36.4925 50.5715 25.945 38.5004 34.5087 22.2642 19.4446 16.8716 14.2275 12.5741 9.75123 8.08967 7.59577 7.02417 5.80602 4.88961 4.71275 4.34906 3.9668 3.67745 2.68296 2.4128 2.26048 2.57728 1.75266 1.63966 1.62725 1.46862 1.41286 1.14527 1.0578 1.01426 0.681975 0.649367 0.484698 0.359552
threshold=-0.15085972100496289 0.023582911118865017 0.14312935620546344 -0.04911589436233043 0.23597877472639087 0.0091838715597987192 0.013871475122869016 0.51863935589790355 0.0070376950316131124 2.0609356164932255 0.012656023725867273 0.1500036492943764 0.22831840068101886 0.71551722288131725 0.02272752765566111 0.53729796409606945 0.36948183178901678 0.022393968887627128 0.41866117715835577 0.21149591356515887 -0.30036178231239313 0.22994165122509005 0.82713407278060924 0.26724137365818029 0.6902616322040559 0.76228907704353344 2.1341483592987065 1.5277315974235537 -0.3976957499980926 0.059372387826442725 0.38538788259029394 0.87641325592994701 -0.1066971719264984 0.030488397926092151 0.034740129485726363 -0.15401538461446759 0.094125829637050643 1.3450085520744326
decision_type=2 2 2 2 2 2 2 2 2 2 2 2 2 2 2 2 2 2 2 2 2 2 2 2 2 2 2 2 2 2 2 2 2 2 2 2 2 2
left_child=20 2 3 4 5 -2 -6 12 -5 -10 11 14 13 15 -4 -3 -13 33 19 -12 28 -15 24 -20 25 29 31 35 -1 -22 -27 -19 -14 -9 -30 -26 -36 -34
right_child=1 7 10 8 6 -7 -8 17 9 -11 18 16 32 21 -16 -17 -18 26 23 -21 22 -23 -24 -25 27 30 -28 -29 34 -31 -32 -33 37 -35 36 -37 -38 -39
leaf_value=-0.00016002063623752938 0.0035508067026555137 -0.0027683047669040018 0.0036968981478621979 0.0069228379477011539 -0.004352734507426766 -0.0010566977505508386 0.0046069580110138265 -0.002302318213940648 -0.0016880514074654452 -0.0048921903522455281 -0.0027565305053520901 0.0078915975149113533 0.0090481891235485029 0.0067337053505156863 -0.0043902654314879322 0.0028258893263933553 0.0040948005311185484 0.00014272235535049382 0.001444645444259924 0.0022193238138156529 -0.0060295553200740105 0.0013757033137440245 -0.0095328026598408121 -0.0030337030234125753 -0.0036939511713495687 -0.00515694157756865 -0.0016723303826613866 -0.00071874486132946923 -0.001726019517867826 -0.009403171554464719 -0.001175970685505678 0.003939095765241046 0.0068635963988349299 -0.0055546384697527061 -0.0056579832173344015 -0.0060583427778445192 -0.0028608592703458268 0.004357715203471127
leaf_weight=80 935 100 87 92 201 3198 1104 90 3979 787 78 250 110 287 93 715 496 62 65 537 260 65 60 165 211 97 75 61 63 84 60 64 129 78 66 77 61 60
leaf_count=80 935 100 87 92 201 3198 1104 90 3979 787 78 250 110 287 93 715 496 62 65 537 260 65 60 165 211 97 75 61 63 84 60 64 129 78 66 77 61 60
internal_value=-9.30861e-05 0.000303622 -0.000103729 -0.000560139 0.000764402 -1.22903e-05 0.00321938 0.00297871 -0.00204258 -0.0022201 0.00254558 0.00425418 0.00408247 0.00324032 -0.000479479 0.00213063 0.00539503 -0.00140131 0.000663596 0.0015763 -0.0047566 0.00576711 -0.00539142 -0.00176149 -0.00506542 -0.00594569 0.000699777 -0.00375901 -0.00257764 -0.0069304 -0.00369238 0.00212555 0.00730125 -0.00388913 -0.00357209 -0.00438547 -0.0044192 0.00615381
internal_weight=15082 13902 12067 10296 5438 4133 1305 1835 4858 4766 1771 926 1466 1167 180 815 746 369 845 615 1180 352 910 230 850 501 201 349 270 344 157 126 299 168 190 288 127 189
internal_count=15082 13902 12067 10296 5438 4133 1305 1835 4858 4766 1771 926 1466 1167 180 815 746 369 845 615 1180 352 910 230 850 501 201 349 270 344 157 126 299 168 190 288 127 189
is_linear=0
shrinkage=0.02


Tree=22
num_leaves=37
num_cat=0
split_feature=36 37 40 40 16 34 36 46 36 35 40 20 15 13 19 34 16 31 40 40 20 44 14 13 48 35 5 10 25 29 47 21 32 48 39 10
split_gain=69.7692 38.4732 36.9888 30.1409 26.7205 25.7409 20.4666 11.6074 11.5768 11.2064 10.4387 9.02678 6.87189 5.66904 8.10016 3.76224 3.74008 3.5552 3.40346 2.99019 2.93087 4.68415 2.87159 2.51178 2.31737 1.91331 1.41836 1.16851 1.31366 1.10291 0.879614 0.862031 0.929395 0.812289 0.669651 0.283271
threshold=-0.15085972100496289 0.023582911118865017 1.3052054047584536 0.74253234267234813 0.016513891518116001 0.14528661966323855 0.52496865391731273 0.91303688287734996 0.38159722089767462 0.15811300277709964 1.5085739493370058 0.208331473171711 0.71551722288131725 -0.35069671273231501 0.034219538792967803 -0.017746256664395329 0.023985079489648346 0.84607723355293285 0.69039636850357067 0.76724120974540722 0.011182934045791628 0.022756472229957584 0.57171678543090831 -0.12172374874353407 0.90517240762710582 -0.13728141039609906 -0.38437293469905848 0.022960451431572441 -1.2568791508674619 0.067689698189497008 0.62931033968925487 66.103607177734389 1.4366512298583987 0.14343360066413882 0.72895440459251415 0.014208986423909666
decision_type=2 2 2 2 2 2 2 2 2 2 2 2 2 2 2 2 2 2 2 2 2 2 2 2 2 2 2 2 2 2 2 2 2 2 2 2
left_child=17 2 3 7 8 -6 9 11 -5 12 13 -2 15 24 -15 -3 27 19 -9 30 21 25 -14 -12 -4 -21 -23 -8 -29 -18 33 32 -11 35 -35 -1
right_child=1 6 10 4 5 -7 16 18 -10 31 23 -13 22 14 -16 -17 29 -19 -20 20 -22 26 -24 -25 -26 -27 -28 28 -30 -31 -32 -33 -34 34 -36 -37
leaf_value=-0.0033398486421501727 -0.002355485413963011 0.0010495988623796691 0.001009696957715513 0.0031921149914259823 -0.00045030173379317424 0.0025482813293866919 -0.00095099484575912358 -0.0072921838179315791 -0.0039557830642849394 0.0085869462405092755 -0.0055359361070289239 0.0009012755899481821 0.0070706338482990939 -0.0068032180472174511 -0.0019250517594551586 0.0039068868705661782 0.0028022164470619627 -0.0088795325767248873 -0.0022217650897341009 -0.0057099652580356085 0.00054742482106667008 -0.0044139898209850249 0.0032620992767834855 -0.010716969155018321 -0.0031351836601720201 -0.002483026455238244 -0.008779339965310072 -0.0022982147155910151 -0.0064132685802049108 -0.00074157929690419776 -0.0034647669718881479 0.0047684074108340383 0.0051566754097584636 -0.0082555647478202137 -0.0054777090677725418 -0.0057514221164169611
leaf_weight=61 1209 539 167 1741 5947 1415 67 194 93 196 89 471 190 233 332 281 69 77 78 90 61 63 152 87 76 437 88 74 60 66 70 66 61 115 102 61
leaf_count=61 1209 539 167 1741 5947 1415 67 194 93 196 89 471 190 233 332 281 69 77 78 90 61 63 152 87 76 437 88 74 60 66 70 66 61 115 102 61
internal_value=-0.000137453 0.000264657 -0.0001424 0.000186019 0.00066534 0.000126703 0.0029729 -0.00206914 0.00282324 0.00398021 -0.00385341 -0.00144186 0.00304867 -0.00286989 -0.00396382 0.00204063 -0.00147191 -0.00470783 -0.0058819 -0.00440474 -0.00361289 -0.00398943 0.00542394 -0.00823929 -0.000305004 -0.0030652 -0.007086 -0.00318416 -0.00424816 0.00108399 -0.00579632 0.00726948 0.0078455 -0.00624023 -0.00704689 -0.00466273
internal_weight=15178 13953 12132 11148 9196 7362 1821 1952 1834 1485 984 1680 1162 808 565 820 336 1225 272 1148 739 678 342 176 243 527 151 201 134 135 409 323 257 339 217 122
internal_count=15178 13953 12132 11148 9196 7362 1821 1952 1834 1485 984 1680 1162 808 565 820 336 1225 272 1148 739 678 342 176 243 527 151 201 134 135 409 323 257 339 217 122
is_linear=0
shrinkage=0.02


Tree=23
num_leaves=36
num_cat=0
split_feature=36 40 40 38 34 35 36 31 37 36 46 40 46 40 4 40 37 46 38 38 31 38 44 41 4 16 40 46 38 47 44 40 18 29 39
split_gain=63.1028 36.531 34.4092 37.1001 44.3254 20.7526 21.1354 18.8891 17.216 13.0581 11.4257 10.1744 7.11644 6.16155 5.87253 9.75671 6.20541 5.10812 5.50093 4.32972 2.61681 2.53329 2.42344 2.24542 2.33944 1.69504 1.6161 1.60996 1.37109 1.23465 1.1089 0.76441 0.656675 0.961566 0.326282
threshold=-0.15085972100496289 1.3243254423141482 0.72273260354995739 -0.04911589436233043 0.14312935620546344 0.17641562968492511 0.45946973562240606 2.0141876935958867 0.012779302895069124 0.60637953877449047 0.75650331377983104 1.5085739493370058 0.91303688287734996 0.67268040776252758 0.1953946799039841 0.52690666913986217 0.018921818584203724 0.21164613962173465 -0.075549017637968049 -0.28898605704307551 0.84607723355293285 -0.0789298079907894 0.016989659518003467 0.69172459840774547 -0.083494503051042543 0.021916245110332969 0.7297625243663789 0.28690260648727423 -0.31771011650562281 0.62931033968925487 0.022680666297674183 0.96476101875305187 -0.047248922288417809 0.061789844185113914 1.0749926567077639
decision_type=2 2 2 2 2 2 2 2 2 2 2 2 2 2 2 2 2 2 2 2 2 2 2 2 2 2 2 2 2 2 2 2 2 2 2
left_child=19 2 10 5 7 6 -4 -5 -6 -7 14 12 17 22 16 -16 -2 29 -19 27 23 -13 -12 24 34 -15 -26 -1 -29 -3 31 -30 -25 -34 -21
right_child=1 11 3 4 8 9 -8 -9 -10 -11 13 21 -14 25 15 -17 -18 18 -20 20 -22 -23 -24 32 26 -27 -28 28 30 -31 -32 -33 33 -35 -36
leaf_value=-0.00040768248435630596 -0.0026805789853389535 0.0023102854827699378 0.0018977722985717457 -0.00073130491963064052 0.0046640181731161913 0.0066081082349808652 -0.0033859674905379229 -0.0043007886066497901 0.00025192276115885759 0 -0.0021513479744446362 -0.0044035863845320548 0.0038243586781900375 -0.0028538143119281704 -0.0031475761475462105 0.003095412042913399 0.0018082841957126417 -0.0021555792335220562 -0.006388138177788453 -0.0064190487198464508 -0.0094352145140606265 -0.0095934927751783472 -0.0064156460440536935 -0.001723654391600148 -0.0055419339208664107 0.0016453294802569983 -0.0011686894582235254 -0.00072206333770882347 -0.0045084150059391623 -0.0015284007625544773 -0.0056875672050940781 -0.0015883003877394874 -0.0048336142351263992 -0.0018336794711084981 -0.0088139068604249395
leaf_weight=90 745 63 4884 3121 795 561 320 730 637 152 69 68 61 65 152 280 145 276 227 219 60 119 332 65 81 63 61 62 66 65 106 89 191 63 63
leaf_count=90 745 63 4884 3121 795 561 320 730 637 152 69 68 61 65 152 280 145 276 227 219 60 119 332 65 81 63 61 62 66 65 106 89 191 63 63
internal_value=-0.000141299 0.000240429 0.000506613 0.000924239 -0.000293787 0.00201152 0.00157091 -0.00141102 0.0027067 0.00520595 -0.00201722 -0.0036989 -0.00255737 -0.00449362 -0.0010176 0.000889948 -0.00194451 -0.00319106 -0.00409423 -0.00450487 -0.00536531 -0.00781085 -0.00570579 -0.00499868 -0.00597205 -0.000644791 -0.00373323 -0.00280288 -0.00345731 0.000362959 -0.00408769 -0.00290003 -0.00365824 -0.00412352 -0.00704473
internal_weight=15146 13930 13051 11200 5283 5917 5204 3851 1432 713 1851 879 692 529 1322 432 890 631 503 1216 803 187 401 743 424 128 142 413 323 128 261 155 319 254 282
internal_count=15146 13930 13051 11200 5283 5917 5204 3851 1432 713 1851 879 692 529 1322 432 890 631 503 1216 803 187 401 743 424 128 142 413 323 128 261 155 319 254 282
is_linear=0
shrinkage=0.02


Tree=24
num_leaves=39
num_cat=0
split_feature=36 38 34 35 40 17 38 35 31 20 46 4 36 9 11 38 17 46 16 40 48 38 31 40 47 48 34 47 40 36 42 37 31 13 46 40 44 23
split_gain=62.8122 36.3963 54.2895 33.9876 27.3119 23.354 22.6626 17.2751 15.8191 21.3732 12.6165 12.0957 11.0417 10.2585 10.2525 10.1021 10.0149 9.66071 9.07502 7.2937 3.90606 3.74953 3.60623 2.86889 2.71999 2.71822 2.72917 2.14595 1.76799 1.75734 1.66494 1.61347 1.57752 1.32602 1.06694 0.874352 0.762095 0.27782
threshold=-0.15085972100496289 -0.04911589436233043 0.139903798699379 0.17641562968492511 0.69480967521667492 0.087517734616994872 -0.11750972643494605 0.41866117715835577 1.5967964529991152 0.204938679933548 0.46082879602909094 0.46632249653339392 0.60637953877449047 0.033484255895018585 0.012417673598974945 -0.059582054615020745 -0.29090827703475947 0.80776411294937145 0.024560993537306789 1.3243254423141482 0.1241746135056019 -0.28898605704307551 2.2016083002090459 0.79961740970611583 0.62931033968925487 0.26724137365818029 0.17045219987630847 0.90517240762710582 0.79617267847061168 0.39159438014030462 -0.12393813207745551 0.013029302004724743 2.1341483592987065 -0.063340917229652391 0.31746919453144079 0.77559348940849315 0.022680666297674183 0.15698760747909549
decision_type=2 2 2 2 2 2 2 2 2 2 2 2 2 2 2 2 2 2 2 2 2 2 2 2 2 2 2 2 2 2 2 2 2 2 2 2 2 2
left_child=21 3 8 4 17 10 -7 14 9 16 -6 22 15 -13 23 28 -3 24 -16 -11 -19 31 -10 -4 -2 -9 -27 30 -5 -17 -23 -1 -14 35 -33 -32 37 -36
right_child=1 2 7 12 5 6 -8 25 11 19 -12 13 32 -15 18 29 -18 20 -20 -21 -22 27 -24 -25 -26 26 -28 -29 -30 -31 33 34 -34 -35 36 -37 -38 -39
leaf_value=-0.0006667518990557819 -0.00039929491164531253 0.0017264021393803828 0.0027611486321695569 0.0049011705636677122 0.00040515749281772278 0.003794436395222579 0.00068996073910391272 0.00083957448383120627 -0.0053057640488841573 0.0011310973529634048 -0.0032748915704432875 -0.00071008033685903186 0.0022802440174332608 -0.0051264300309496504 0.00035182395797893589 -0.00056963628949597482 -0.0028309821112028999 -0.0037229225298061092 0.003886187292089143 -0.0053253442388329951 -0.0090567708775750374 -0.00160918255552413 -0.0096497278839113229 0.0076660041899751863 -0.0037097834495883157 -0.0070196304436383854 -0.0018984326464574664 -0.0088649716615510077 0.0082578687876640137 0.0037592105832695961 -0.0066333667643161285 -0.0014625741399502681 -0.0015043352894252165 -0.0022009607637448916 -0.0040156727626060066 -0.0048311140971806091 -0.0054767517786568562 -0.0019265426208279028
leaf_weight=102 390 211 68 96 1573 1810 1960 69 253 1290 485 523 95 351 534 73 2014 133 638 71 102 60 123 214 131 64 121 64 403 72 213 78 77 60 62 386 114 64
leaf_count=102 390 211 68 96 1573 1810 1960 69 253 1290 485 523 95 351 534 73 2014 133 638 71 102 60 123 214 131 64 121 64 403 72 213 78 77 60 62 386 114 64
internal_value=-7.74485e-05 0.000301148 -0.000785144 0.00126185 0.000783327 0.00124766 0.00218254 0.00227719 -0.00186766 -0.00119008 -0.000465123 -0.00380319 0.00510461 -0.0024963 0.00311774 0.00630226 -0.00239661 -0.00278566 0.00228168 0.000782576 -0.00612722 -0.00445643 -0.00679457 0.0065283 -0.00125006 -0.00251078 -0.00375915 -0.00528003 0.00764723 0.00160573 -0.00492403 -0.00289209 0.000583526 -0.00521567 -0.00358986 -0.00550351 -0.00425052 -0.00303176
internal_weight=15147 13944 6544 7400 6584 5828 3770 1708 4836 3586 2058 1250 816 874 1454 644 2225 756 1172 1361 235 1203 376 282 521 254 185 783 499 145 719 420 172 659 318 599 240 126
internal_count=15147 13944 6544 7400 6584 5828 3770 1708 4836 3586 2058 1250 816 874 1454 644 2225 756 1172 1361 235 1203 376 282 521 254 185 783 499 145 719 420 172 659 318 599 240 126
is_linear=0
shrinkage=0.02


Tree=25
num_leaves=37
num_cat=0
split_feature=36 37 40 40 31 36 40 35 16 46 24 40 37 16 41 35 30 16 2 34 37 17 40 13 40 20 5 40 40 11 9 39 29 36 48 39
split_gain=60.5628 34.2409 31.149 31.4456 24.463 21.533 18.8605 17.4632 15.5091 11.2874 9.89571 9.83053 8.36494 9.48879 8.11347 5.83977 6.12617 4.40894 4.14717 3.90159 4.03005 3.62265 2.92438 2.53518 2.46532 2.42318 2.08016 1.97784 1.64584 1.57793 1.3715 1.18936 0.898977 0.665057 0.641625 0.729493
threshold=-0.15085972100496289 0.019648350775241855 1.3124855756759646 0.74560302495956432 2.1105588674545293 0.52496865391731273 1.1404174566268923 0.18313287943601611 0.016442125663161281 0.87825167179107677 23.956202507019047 1.5085739493370058 0.024928314611315731 0.016824239864945415 0.54934030771255504 0.083591867238283171 0.42775349318981176 0.023985079489648346 0.10730883106589319 0.098162259906530394 0.021218795329332355 0.48947484791278845 0.4952405989170075 -0.12172374874353407 0.74253234267234813 0.048160361126065261 -0.49876053631305689 1.4629510045051577 0.76477742195129406 0.022225954569876197 0.035114012658596046 0.79781314730644237 0.067689698189497008 -0.19711299985647199 0.1241746135056019 0.66753670573234569
decision_type=2 2 2 2 2 2 2 2 2 2 2 2 2 2 2 2 2 2 2 2 2 2 2 2 2 2 2 2 2 2 2 2 2 2 2 2
left_child=21 2 3 9 8 7 -6 12 -5 10 -2 15 13 -3 -14 16 -4 30 -17 28 -21 24 -11 -13 33 26 29 -28 -9 -26 31 -7 -19 34 -1 -36
right_child=1 5 11 4 6 17 -8 19 -10 22 -12 23 14 -15 -16 18 -18 32 -20 20 -22 -23 -24 -25 25 -27 27 -29 -30 -31 -32 -33 -34 -35 35 -37
leaf_value=-0.0044466324612743909 -0.0031997941759193478 0.0063145004302202117 -0.0020793240701052129 0.0027593894998788242 -0.0035196447482255646 6.6470441321143887e-05 0.0027967017647956521 0.0039004759514594781 0.000540258993343785 -0.0081933400902735147 5.8483168339286571e-05 -0.0052008652821056199 -0.0017252535441530351 -0.00028964057261683174 0.0038417028233223363 -0.0059358917983084484 0.0047448982550847589 0.0024431043981574473 -0.0012935101120358605 -0.00041027934097219259 0.0060532888933451162 -0.0085491552978027158 -0.0041415436982014118 -0.010406010612683451 0.00073086726269684741 0.00036450131237506867 -0.0048381760797861712 -0.00090771028492599734 0.0077155228914064771 -0.0031664885131749095 -0.0052706903096962163 -0.0032465568916070172 -0.00066472868454709128 -0.0039679131203256878 -0.0084101168815175018 -0.005014515323118425
leaf_weight=88 716 96 317 1624 867 61 239 65 5599 112 773 85 116 716 928 252 60 77 114 67 86 79 234 89 61 61 464 60 335 119 91 141 67 110 84 68
leaf_count=88 716 96 317 1624 867 61 239 65 5599 112 773 85 116 716 928 252 60 77 114 67 86 79 234 89 61 61 464 60 335 119 91 141 67 110 84 68
internal_value=-9.36135e-05 0.000277299 -0.000225348 9.35103e-05 0.000615911 0.0022329 -0.00214995 0.00297359 0.00104028 -0.00227424 -0.0015109 -0.00374943 0.00203723 0.000510287 0.00321903 -0.00272446 -0.000961724 -0.0018404 -0.00451489 0.00608651 0.00326297 -0.00441068 -0.00551513 -0.00800016 -0.00409441 -0.00342815 -0.00375835 -0.00439775 0.00713171 -0.00184992 -0.00323883 -0.00225488 0.00100624 -0.00550631 -0.00614961 -0.00702394
internal_weight=15121 13927 11081 10164 8329 2846 1106 2409 7223 1835 1489 917 1856 812 1044 743 377 437 366 553 153 1194 346 174 1115 765 704 524 400 180 293 202 144 350 240 152
internal_count=15121 13927 11081 10164 8329 2846 1106 2409 7223 1835 1489 917 1856 812 1044 743 377 437 366 553 153 1194 346 174 1115 765 704 524 400 180 293 202 144 350 240 152
is_linear=0
shrinkage=0.02


Tree=26
num_leaves=40
num_cat=0
split_feature=36 37 40 40 35 34 37 36 35 13 38 34 36 44 19 38 35 30 38 16 9 38 48 47 5 40 26 38 40 21 26 12 42 40 48 48 45 20 32
split_gain=58.7064 34.8711 29.9255 27.2174 23.9915 36.1422 23.8358 19.7536 18.0693 9.46816 9.46712 11.5432 7.61133 11.334 6.8649 9.06386 6.69322 6.5474 6.04324 4.35281 4.17275 3.69611 2.86273 2.58001 1.89548 1.66914 1.54726 1.41452 1.25765 1.16011 1.15499 1.13423 0.997521 1.06843 0.937025 1.32068 0.808436 0.376654 0.0703493
threshold=-0.15085972100496289 0.019648350775241855 1.3124855756759646 0.72273260354995739 0.12745998054742816 0.14428272098302844 0.0081807607784867304 0.52496865391731273 0.18313287943601611 -0.35069671273231501 -0.12176326662302016 -0.028303073719143864 0.21594816446304324 0.015669786371290687 0.032110974192619331 -0.091541644185781465 -0.11785475537180899 0.47387380897998815 -0.010135014541447161 0.022393968887627128 0.031084068119525913 -0.28898605704307551 0.90517240762710582 0.90517240762710582 1.1739781498908999 0.77559348940849315 0.032602109014987952 -0.08220400288701056 0.74876791238784801 43.572984695434577 0.030488397926092151 -0.13999964296817777 -0.10341247543692587 1.0920127034187319 0.14343360066413882 0.27622890472412115 0.29548789560794836 0.27327325940132147 0.92016914486885082
decision_type=2 2 2 2 2 2 2 2 2 2 2 2 2 2 2 2 2 2 2 2 2 2 2 2 2 2 2 2 2 2 2 2 2 2 2 2 2 2 2
left_child=21 2 3 12 6 -6 -5 8 10 22 16 -12 13 -2 20 -16 -3 -14 27 30 -11 26 36 25 29 34 28 -10 38 -21 37 -30 -27 -34 -23 -36 -4 -9 -1
right_child=1 7 9 4 5 -7 -8 19 18 14 11 -13 17 -15 15 -17 -18 -19 -20 24 -22 23 -24 -25 -26 32 -28 -29 31 -31 -32 -33 33 -35 35 -37 -38 -39 -40
leaf_value=-0.0028306074608967359 8.6738763608053209e-05 0.0013807171156972925 0.0026144060859456661 0.0054351587987263748 -0.0015655904726784755 0.0024758427403346285 0.00099500745963901132 -0.0035752066953019012 0.0079331215908653545 -0.0087379288228184339 -0.0016605362518488792 0.0028410501649880127 -0.0020096385331009005 -0.0049097489001591757 0.0017250270359726115 -0.0049803205817111678 0.0047851007792340441 0.0023742691081151675 0.00060137193593093091 0.003175772416293621 -0.0025658131971186588 -0.0041969969650963316 -0.0031988906927539833 -0.0088455718400309233 -0.0026316529474707372 -0.0015134322423995897 -0.0052734467638095462 0.0053942260802396251 0.0002750387246626506 -0.00016093631068881797 -0.0056747076505562289 -0.002615917747925728 -0.0032760993052517702 -0.0055001487695068739 -0.0089370886931743696 -0.0049237907636304236 -0.00028801011652274821 -0.0012294746990951283 -0.0043440533946733926
leaf_weight=60 249 398 87 557 3370 1197 3572 60 284 207 465 441 455 663 107 307 562 191 69 72 60 93 81 71 65 63 80 182 106 92 81 106 211 183 82 83 65 60 67
leaf_count=60 249 398 87 557 3370 1197 3572 60 284 207 465 441 455 663 107 307 562 191 69 72 60 93 81 71 65 63 80 182 106 92 81 106 211 183 82 83 65 60 67
internal_value=-0.000114761 0.000250155 -0.000252482 5.69635e-05 0.000493403 -0.000505192 0.00159773 0.00223153 0.00293826 -0.00371402 0.00200243 0.000531678 -0.00237466 -0.00354867 -0.00490023 -0.00324496 0.00338344 -0.000706943 0.00617107 -0.00170538 -0.00739856 -0.00434507 -0.000224555 -0.00515917 0.000180783 -0.00475628 -0.00278972 0.00698452 -0.00215956 0.00132871 -0.00383025 -0.00118212 -0.00396956 -0.00434537 -0.00608433 -0.00704821 0.00138524 -0.00246906 -0.00371855
internal_weight=15204 13999 11168 10254 8696 4567 4129 2831 2401 914 1866 906 1558 912 681 414 960 646 535 430 267 1205 233 786 229 715 419 466 339 164 201 212 457 394 258 165 152 120 127
internal_count=15204 13999 11168 10254 8696 4567 4129 2831 2401 914 1866 906 1558 912 681 414 960 646 535 430 267 1205 233 786 229 715 419 466 339 164 201 212 457 394 258 165 152 120 127
is_linear=0
shrinkage=0.02


Tree=27
num_leaves=38
num_cat=0
split_feature=36 37 40 40 35 36 37 36 35 24 40 37 16 41 35 30 19 41 16 47 18 36 24 5 35 43 41 41 8 39 26 34 12 14 26 32 20
split_gain=56.5728 30.9178 27.177 27.2462 23.0751 37.1038 18.5523 18.0754 18.2126 9.26264 8.88059 8.83016 9.12091 7.01574 6.92762 5.82327 5.28523 4.5648 4.56142 3.91403 3.8927 2.53204 2.58385 2.30128 2.01702 1.86204 2.0974 1.912 1.42103 1.39422 1.33494 1.20836 1.09991 0.847106 0.355685 0.267321 0.129161
threshold=-0.15085972100496289 0.019648350775241855 1.3124855756759646 0.74560302495956432 0.12745998054742816 0.21314036846160891 0.0081807607784867304 0.52496865391731273 0.18313287943601611 23.755349159240726 1.5085739493370058 0.024928314611315731 0.016824239864945415 0.53729796409606945 0.083591867238283171 0.37762975692749029 0.08150132000446321 0.2815821915864945 0.022393968887627128 0.077035948634147658 0.084665127098560347 -0.19043911248445508 33.061336517333991 0.39797392487525945 -0.12755776196718213 0.13441771268844607 0.41731815040111547 0.69172459840774547 0.04040601663291455 0.84989559650421154 0.032818719744682319 0.098162259906530394 -0.1463191136717796 0.46680118143558508 0.0297986064106226 0.81998005509376537 -0.089906200766563402
decision_type=2 2 2 2 2 2 2 2 2 2 2 2 2 2 2 2 2 2 2 2 2 2 2 2 2 2 2 2 2 2 2 2 2 2 2 2 2
left_child=21 2 3 9 6 -6 -5 8 11 19 14 12 -3 -13 15 -4 -16 -11 30 -2 31 22 23 25 -23 27 -27 -1 29 -20 33 -10 -26 -9 -24 -12 -34
right_child=1 7 10 4 5 -7 -8 18 20 17 35 13 -14 -15 16 -17 -18 -19 28 -21 -22 24 34 -25 32 26 -28 -29 -30 -31 -32 -33 36 -35 -36 -37 -38
leaf_value=-0.006427579782584584 -0.00087880399100592039 0.0059921935763459361 -0.001819834548578671 0.0052257193084158443 -0.0037832977553756142 0.00056913894182281273 0.0011448869323131461 -0.0042961111071190853 0.0072439169013081483 -0.0029812867080676476 -0.0058957560566486791 -0.0017110881261427752 -0.00047508562614666082 0.0035995248508467561 -0.006715988213184294 0.0046937820794366635 -0.001777342938569299 9.3914724810904752e-06 0.0034885801954761793 -0.0043198526296025124 0.0016697049041115377 -0.0057729766907027137 -0.0030974496502784031 -0.0083712874689863791 -0.00024953879461112738 -0.0048501384917243916 0.00011588995332041613 -0.0039401481024597161 -0.0018940152124676387 -0.00040224262380506845 -0.0063679552373068875 0.0043335475329590104 -0.0020868370582466014 -0.0010632771028645544 -0.00087363487705588341 -0.008632611898881086 -0.0036737965135902597
leaf_weight=301 167 96 301 511 1012 3431 3387 65 371 279 61 109 730 955 199 64 158 737 66 682 74 62 60 87 110 71 62 253 77 77 61 90 61 69 62 103 66
leaf_count=301 167 96 301 511 1012 3431 3387 65 371 279 61 109 730 955 199 64 158 737 66 682 74 62 60 87 110 71 62 253 77 77 61 90 61 69 62 103 66
internal_value=-0.000101402 0.000257098 -0.000219704 7.23179e-05 0.000561189 -0.000423892 0.00168372 0.00211793 0.0027778 -0.00211096 -0.00357358 0.00184928 0.000294318 0.00305127 -0.00259659 -0.00064605 -0.00456606 -0.000817245 -0.00172782 -0.00364964 0.00602753 -0.00427201 -0.0048091 -0.00523739 -0.00262745 -0.00480441 -0.0025763 -0.00532076 0.000246688 0.00142146 -0.00393051 0.00670958 -0.00173853 -0.00269848 -0.0020234 -0.00774482 -0.002985
internal_weight=15127 13932 11092 10206 8341 4443 3898 2840 2425 1865 886 1890 826 1064 722 365 357 1016 415 849 535 1195 896 774 299 687 133 554 220 143 195 461 237 134 122 164 127
internal_count=15127 13932 11092 10206 8341 4443 3898 2840 2425 1865 886 1890 826 1064 722 365 357 1016 415 849 535 1195 896 774 299 687 133 554 220 143 195 461 237 134 122 164 127
is_linear=0
shrinkage=0.02


Tree=28
num_leaves=30
num_cat=0
split_feature=36 30 40 40 43 31 13 46 40 36 40 5 46 35 36 36 17 35 40 20 44 5 11 35 16 13 16 4 41
split_gain=52.5921 30.9872 23.8538 16.8624 21.0401 21.2803 12.2891 11.5031 10.0403 9.23835 7.9391 10.3772 6.29142 5.44995 4.87664 4.24617 3.58709 3.47523 2.22764 2.14858 2.81808 2.33612 2.04916 1.634 1.57814 1.33827 0.71385 0.609944 0.315073
threshold=-0.15085972100496289 -0.43320420384407038 1.5085739493370058 0.61676627397537243 -0.20573949813842771 1.7704916000366213 -0.46369700133800501 0.14464352279901507 1.2620537877082827 0.23597877472639087 0.91111883521080028 -0.13730105012655255 0.75650331377983104 0.02176524139940739 0.35875788331031805 0.014507382642477753 0.51331302523612987 0.098258756101131453 0.76724120974540722 0.033453406766057021 0.022756472229957584 -0.3976957499980926 0.023953954689204696 -0.12755776196718213 0.01861462835222483 -0.12352800369262694 0.019289311021566394 -0.037049746140837662 0.30096809566020971
decision_type=2 2 2 2 2 2 2 2 2 2 2 2 2 2 2 2 2 2 2 2 2 2 2 2 2 2 2 2 2
left_child=16 8 3 7 6 -6 -5 -3 9 13 11 -11 -9 15 -12 -2 18 24 26 20 23 -22 -15 -20 -10 -4 27 -1 -28
right_child=1 2 25 4 5 -7 -8 12 17 10 14 -13 -14 22 -16 -17 -18 -19 19 -21 21 -23 -24 -25 -26 -27 28 -29 -30
leaf_value=-0.0050555784966150102 0.0046972244639311815 0.0038542504928449225 -0.0057045326462723837 0.0030313034846820856 0.0012175877454908988 -0.0010800467197390779 -0.0021636813430752585 -0.0021208408670880009 -0.0023946455362888557 0.008095230817024051 0.0062801194101546566 0.00050924830013821117 -0.0057839216912004823 8.4730941364029666e-05 0.0029345943543093705 0.0012750446837988159 -0.0085488625544477524 -0.0054937104084906542 -0.0048415113505230756 0.00043177463253960013 -0.0027220376222394406 -0.0080559010079622965 -0.0037559711969815768 -0.0021026647982515597 0.00191197472632032 -0.010198105732528256 -0.0045246745976153758 -0.002677246407651795 -0.0067717292979975387
leaf_weight=118 213 94 68 199 5967 2206 1869 533 60 84 477 427 293 379 290 456 68 71 114 61 61 84 62 403 71 75 77 92 118
leaf_count=118 213 94 68 199 5967 2206 1869 533 60 84 477 427 293 379 290 456 68 71 114 61 61 84 62 403 71 75 77 92 118
internal_value=-9.19354e-05 0.000254759 -0.00019743 -9.22485e-05 0.000140969 0.000597135 -0.00165963 -0.00268142 0.00222666 0.00258914 0.00374751 0.00179817 -0.00343765 0.00124805 0.00503285 0.00238221 -0.0041109 -0.00202883 -0.00382051 -0.00312614 -0.00345596 -0.00591942 -0.000474709 -0.00273296 -6.25115e-05 -0.00822927 -0.00502553 -0.00407072 -0.00597148
internal_weight=15090 13894 11304 11161 10241 8173 2068 920 2590 2388 1278 511 826 1110 767 669 1196 202 1128 723 662 145 441 517 131 143 405 210 195
internal_count=15090 13894 11304 11161 10241 8173 2068 920 2590 2388 1278 511 826 1110 767 669 1196 202 1128 723 662 145 441 517 131 143 405 210 195
is_linear=0
shrinkage=0.02


Tree=29
num_leaves=39
num_cat=0
split_feature=36 40 40 38 34 35 17 31 35 46 36 13 44 38 46 46 11 13 9 38 30 17 41 4 9 11 24 40 12 40 40 44 29 30 24 24 4 16
split_gain=49.2503 30.7082 28.8487 29.8758 43.3527 24.352 16.8892 15.2515 14.79 11.9981 10.6861 8.74652 6.30833 6.94622 5.72991 4.9668 6.48534 4.23568 3.98176 3.89025 2.96341 2.3188 2.17116 2.18049 2.13874 2.21835 2.05975 1.7089 1.69193 1.61564 1.54136 1.51438 1.04285 1.02226 0.976551 0.854316 0.646918 0.47082
threshold=-0.15085972100496289 1.3337206840515139 0.64611038565635692 -0.049880862236022942 0.14312935620546344 0.17463068664073947 0.11048026755452157 2.0141876935958867 0.41866117715835577 0.75650331377983104 0.60637953877449047 -0.25583374500274653 0.01846722420305014 -0.0789298079907894 0.6347549855709077 0.26950998604297643 0.01651636324822903 -0.35069671273231501 0.018407131545245651 -0.28898605704307551 0.077523652464151396 0.41363121569156652 0.69172459840774547 -0.083494503051042543 0.020735117606818679 0.01754496339708567 24.692546844482425 0.74876791238784801 -0.023046513088047501 1.0977527499198916 0.7297625243663789 0.018567969091236595 0.049012076109647758 -0.15964079648256299 19.820293426513675 28.332710266113285 -0.40677583217620844 0.02391058020293713
decision_type=2 2 2 2 2 2 2 2 2 2 2 2 2 2 2 2 2 2 2 2 2 2 2 2 2 2 2 2 2 2 2 2 2 2 2 2 2 2
left_child=19 2 9 5 7 6 -4 -5 -6 15 -7 14 28 -14 17 18 -17 31 -2 27 -15 22 23 36 26 -26 -11 37 -13 34 -25 -3 -31 35 -29 -24 -21 -1
right_child=1 11 3 4 8 10 -8 -9 -10 24 -12 12 13 20 -16 16 -18 -19 -20 21 -22 -23 33 30 25 -27 -28 29 -30 32 -32 -33 -34 -35 -36 -37 -38 -39
leaf_value=-0.0026826596114908653 -0.0022137223370486824 0.0014620424249367986 -0.00020386326600121214 -0.00071950305586673661 0.0035412274329806792 0.0064103037652365018 0.002123060162043272 -0.0038592573900010723 -0.0020140133196085955 -0.0058803775667647523 0.00042540888016886233 -0.009080362898396685 0.0013757627792264288 -0.0082460836187936374 0.0040748260114453604 -0.00055961185065692056 -0.0049030775732021329 -0.0054138703430523577 0.0032655392884067104 -0.0041112446680901535 -0.0031401866163378433 -0.0083854815655886854 -0.0048618163125159651 -0.005035428475140582 -0.0088320973405047604 -0.0043695982948192972 -0.0010526283866713279 -0.0015712062620506105 -0.0049052045322083805 -0.00094017593121962324 -0.000758068153434075 -0.0025074762338736594 -0.0045285995058624798 -0.0012685546519957027 0.0018370744078420103 -0.0020444382198154926 -0.0069377525254599587 -0.0052125842852088124
leaf_weight=72 79 91 1924 3411 1252 581 3540 754 224 72 151 138 92 77 70 389 211 100 148 60 123 67 127 76 112 93 71 60 74 64 62 62 69 95 69 77 220 75
leaf_count=72 79 91 1924 3411 1252 581 3540 754 224 72 151 138 92 77 70 389 211 100 148 60 123 67 127 76 112 93 71 60 74 64 62 62 69 95 69 77 220 75
internal_value=-6.48947e-05 0.000271489 0.000509363 0.000806293 -0.000246595 0.00176469 0.00130385 -0.00129051 0.0026951 -0.00247551 0.00518385 -0.00345832 -0.005098 -0.00313442 -0.000873375 -0.00115428 -0.00210552 -0.00227806 0.00135031 -0.00395873 -0.0052037 -0.00478665 -0.00441543 -0.00535915 -0.00557577 -0.00690468 -0.00356112 -0.00234599 -0.00771643 -0.00134629 -0.00317782 -0.000157397 -0.00286802 -0.00305268 0.000244571 -0.00384827 -0.00638561 -0.00405854
internal_weight=15032 13839 13012 11837 5641 6196 5464 4165 1476 1175 732 827 504 292 323 827 600 253 227 1193 200 784 717 418 348 205 143 409 212 262 138 153 133 299 129 204 280 147
internal_count=15032 13839 13012 11837 5641 6196 5464 4165 1476 1175 732 827 504 292 323 827 600 253 227 1193 200 784 717 418 348 205 143 409 212 262 138 153 133 299 129 204 280 147
is_linear=0
shrinkage=0.02


Tree=30
num_leaves=34
num_cat=0
split_feature=36 37 40 40 16 34 36 36 46 46 35 38 39 34 44 4 30 16 38 40 17 9 40 4 44 5 48 17 26 38 46 40 38
split_gain=48.6353 29.5877 28.8632 25.2972 22.8521 24.3527 16.9859 10.7596 8.97072 8.57948 7.6216 7.07979 6.21676 6.03293 5.8635 5.82659 5.32811 3.59733 3.41475 3.14649 3.05374 3.02198 2.52862 3.07456 2.31152 1.43049 1.39602 1.37933 0.942613 0.901088 0.853633 0.733991 0.24808
threshold=-0.15085972100496289 0.023582911118865017 1.3052054047584536 0.72273260354995739 0.016442125663161281 0.14528661966323855 0.51863935589790355 0.38159722089767462 0.87825167179107677 0.23105636239051822 0.15811300277709964 -0.10893821716308592 1.081856429576874 -0.02379815652966499 0.01663173828274012 0.1953946799039841 0.39185191690921789 0.022393968887627128 -0.31771011650562281 0.46519245207309728 0.48947484791278845 0.021259708330035213 0.72273260354995739 0.042878178879618652 0.022756472229957584 1.1080492138862612 0.81896552443504345 0.88489603996276867 0.030488397926092151 -0.1066971719264984 0.75650331377983104 0.48008930683135992 -0.26748670637607569
decision_type=2 2 2 2 2 2 2 2 2 2 2 2 2 2 2 2 2 2 2 2 2 2 2 2 2 2 2 2 2 2 2 2 2
left_child=18 2 3 8 7 -6 10 -5 15 26 11 12 -3 -13 21 -2 -16 28 -1 -10 22 -11 31 24 -24 27 -4 -19 -8 -12 -31 -20 -33
right_child=1 6 9 4 5 -7 17 -9 19 14 29 13 -14 -15 16 -17 -18 25 20 -21 -22 -23 23 -25 -26 -27 -28 -29 -30 30 -32 32 -34
leaf_value=5.3076855054624928e-05 -0.0023637560040476089 0.0025594524271274973 0.0020513662681960073 0.0029003171683946827 -0.00047250211158576528 0.0023990513592430001 -0.0018840706671013477 -0.0039861913002678193 -0.0080776155933092991 -0.0036375109110523989 0.0080280040534124499 -0.0017079365639657681 0.0063565335403007453 0.0035591487325221096 -0.0042801029625494482 0.00041698983236298836 0.00030183057937036901 -0.00030473976722625019 -0.0034779483609729341 -0.0036776286565579513 -0.0082772333740881859 -0.0085471016754123906 -0.0030518862145365415 0.00097374173407516792 -0.0058756684726283251 -0.0018730098091799656 -0.0014571970946810865 0.003587594489718007 -0.0050120231272318431 0.0062016499520163061 0.0030874721724539994 -0.004771856605661688 -0.0068643373746957101
leaf_weight=79 871 518 100 1765 6168 1458 91 93 101 84 102 210 263 144 406 458 134 70 69 208 70 159 556 60 153 63 78 71 75 157 60 78 137
leaf_count=79 871 518 100 1765 6168 1458 91 93 101 84 102 210 263 144 406 458 134 70 69 208 70 159 556 60 153 63 78 71 75 157 60 78 137
internal_value=-9.73782e-05 0.000236485 -0.000122083 0.000165532 0.000562168 7.7101e-05 0.00260865 0.00254921 -0.0021272 -0.00344196 0.00358094 0.00279852 0.00385882 0.00044371 -0.00434008 -0.00140592 -0.00314588 -0.00120757 -0.00395194 -0.00518286 -0.00423396 -0.00691908 -0.00394148 -0.0033177 -0.00368484 0.0005682 0.000509711 0.00168219 -0.0033671 0.00630967 0.00539898 -0.0055747 -0.00618591
internal_weight=15109 13907 12083 11122 9484 7626 1824 1858 1638 961 1454 1135 781 354 783 1329 540 370 1202 309 1123 243 1053 769 709 204 178 141 166 319 217 284 215
internal_count=15109 13907 12083 11122 9484 7626 1824 1858 1638 961 1454 1135 781 354 783 1329 540 370 1202 309 1123 243 1053 769 709 204 178 141 166 319 217 284 215
is_linear=0
shrinkage=0.02


Tree=31
num_leaves=37
num_cat=0
split_feature=36 37 40 40 31 40 36 5 46 20 13 34 10 17 44 20 31 31 46 38 29 38 38 31 40 41 45 10 40 9 12 46 31 41 44 17
split_gain=50.4903 29.4667 27.3813 24.4324 23.1304 18.1273 17.4346 14.9382 9.49609 10.917 8.47 7.44466 11.0716 6.15598 5.70275 6.65461 4.96803 4.62835 4.47234 4.04714 3.61545 3.51164 2.45761 2.02528 1.7205 1.63482 1.96223 1.60979 1.77836 1.38491 1.20506 1.19198 1.11397 1.0099 0.576251 0.776338
threshold=-0.15085972100496289 0.023582911118865017 1.3052054047584536 0.74560302495956432 2.1105588674545293 1.1983553767204287 0.50519832968711864 0.053714988753199584 0.93042954802513134 0.22874004393815997 -0.25839060544967646 -0.057236704975366585 0.04796287044882775 0.14059185236692431 0.01841728109866381 0.29668052494525915 2.5424801111221318 0.63783550262451183 0.23105636239051822 -0.28898605704307551 0.094663541764020934 -0.2219337001442909 -0.10201203450560568 0.84607723355293285 0.46519245207309728 0.70759814977645885 0.76228907704353344 0.024677956476807598 0.74876791238784801 0.021259708330035213 -0.14798036217689511 0.68693286180496227 0.18991655856370929 0.37099902331829077 0.017963577061891559 -0.2120566517114639
decision_type=2 2 2 2 2 2 2 2 2 2 2 2 2 2 2 2 2 2 2 2 2 2 2 2 2 2 2 2 2 2 2 2 2 2 2 2
left_child=19 2 3 8 7 -6 11 -5 9 -2 17 12 13 -3 29 -16 21 18 -4 27 22 -13 -8 25 -10 26 32 28 -1 -12 -30 -24 -21 -28 35 -27
right_child=1 6 10 4 5 -7 20 -9 24 -11 14 16 -14 -15 15 -17 -18 -19 -20 23 -22 -23 31 -25 -26 34 33 -29 30 -31 -32 -33 -34 -35 -36 -37
leaf_value=-0.0036797764749907937 -0.0022744173862147975 -0.0037983688329605711 0.00020595638281605268 -0.00045508275404916734 -0.002963862934443728 0.0040452774819636416 0.0020958433437238758 0.0015089551184560934 -0.0083986972759423004 0.0013016393049247966 -0.0045031715370204353 0.00041071749596841749 0.0094017236709817136 0.0017856876510018757 0.00023014679136020794 -0.0054917182852420024 -0.00020882187217851226 0.0027400071218629213 -0.0045405340820034766 -0.0054282722832014168 -0.0055526504774291354 0.0054727301475198395 -0.00048443143012431953 -0.0083938259123609617 -0.0043855658472215734 -0.0027897226516750044 -0.0046417074423559289 -0.0047996369819260304 0.0010134006589462962 -0.0082540196360238755 -0.0019562109255644141 -0.0036186993847061926 -0.0087087925814870581 -0.0011190211855111615 -0.0019887806792426009 -0.0057511422082003371
leaf_weight=118 1301 94 151 2114 1045 169 105 5774 65 460 70 60 64 422 137 195 76 93 163 252 62 772 140 62 174 107 78 87 96 171 119 73 64 60 107 64
leaf_count=118 1301 94 151 2114 1045 169 105 5774 65 460 70 60 64 422 137 195 76 93 163 252 62 772 140 62 174 107 78 87 96 171 119 73 64 60 107 64
internal_value=-0.000115521 0.000225197 -0.000136375 0.000146776 0.000586764 -0.00197974 0.00256081 0.000982489 -0.00185299 -0.00133911 -0.00333575 0.00353597 0.00175024 0.000750434 -0.00489769 -0.00314669 0.00466602 -0.00111456 -0.00227448 -0.00402242 -0.00125291 0.00511167 -0.000367426 -0.00486541 -0.00557172 -0.00453216 -0.00528922 -0.00240319 -0.00173686 -0.00723742 -0.000629959 -0.00159859 -0.00617147 -0.00317359 -0.00324897 -0.00398389
internal_weight=15164 13950 12082 11102 9102 1214 1868 7888 2000 1761 980 1488 580 516 573 332 908 407 314 1214 380 832 318 794 239 732 454 420 333 241 215 213 316 138 278 171
internal_count=15164 13950 12082 11102 9102 1214 1868 7888 2000 1761 980 1488 580 516 573 332 908 407 314 1214 380 832 318 794 239 732 454 420 333 241 215 213 316 138 278 171
is_linear=0
shrinkage=0.02


Tree=32
num_leaves=35
num_cat=0
split_feature=36 38 34 35 40 17 36 37 37 31 20 36 38 36 38 35 37 46 36 35 38 48 17 48 17 17 40 40 13 44 8 48 39 44
split_gain=45.8148 27.925 48.1097 30.0396 20.3094 24.8563 21.4941 17.4201 14.2877 13.5605 19.8821 12.4448 10.8842 8.48668 7.71515 7.47216 10.3878 7.03244 5.25537 4.80721 3.51306 2.98707 2.92669 2.72906 2.62719 2.38365 2.11312 1.94147 1.90044 2.45123 1.35442 0.666605 1.30725 0.198895
threshold=-0.15085972100496289 -0.04911589436233043 0.14312935620546344 0.17641562968492511 0.71125364303588878 0.087517734616994872 0.36948183178901678 0.0070376950316131124 0.012779302895069124 2.0609356164932255 0.26340104639530187 0.28527128696441656 -0.14520362019538877 0.60637953877449047 -0.058218503370881074 0.15525458008050921 0.0076878394465893516 0.72135123610496532 0.36948183178901678 0.41866117715835577 -0.31771011650562281 0.1241746135056019 0.51331302523612987 0.26724137365818029 0.48947484791278845 -0.1973711550235748 0.76724120974540722 0.79617267847061168 -0.19524803012609479 0.022756472229957584 0.04040601663291455 0.14343360066413882 0.66753670573234569 0.024394297972321514
decision_type=2 2 2 2 2 2 2 2 2 2 2 2 2 2 2 2 2 2 2 2 2 2 2 2 2 2 2 2 2 2 2 2 2 2
left_child=20 3 7 4 17 12 -7 -3 15 10 -9 -11 -6 14 27 16 -4 25 -17 22 -1 -19 -10 -21 26 -2 31 -5 29 -28 -15 33 -33 -22
right_child=1 2 8 13 5 6 -8 9 19 11 -12 -13 -14 30 -16 18 -18 21 -20 23 24 -23 -24 -25 -26 -27 28 -29 -30 -31 -32 32 -34 -35
leaf_value=0.00029280091829132288 -0.0035563037596679854 0.0065557678771531215 0.0044813097096471624 0.0040177124244465418 -0.0021257315886576843 0.0027165040445392193 -0.0012819322653394335 -0.0024131982893587675 -0.0011920845710430984 -0.0080856535039592736 0.00055922827168969921 -0.0026189198713224659 0.00081981474592060315 0.0020950140017130881 0.0010253320299554616 0.0071021729134707013 -0.0058014521904709475 -0.0027830345649135974 0.0035177934325510162 0.0012601586252784553 -0.0027983771515647311 -0.0066993165615261818 0.0023071457544955511 -0.0035159330324975053 -0.0078307716011799672 -0.00012639762202286693 -0.002740207350381899 0.0073395202777183912 0.00011405938236849078 -0.0056723962297215115 -0.0015245570105417367 -0.0074578930101103415 -0.0041987952285231309 -0.0047219520547974207
leaf_weight=77 98 97 85 101 1067 3061 650 2643 132 236 1362 570 942 98 117 251 68 185 507 64 74 144 327 170 71 415 480 430 64 155 67 107 127 60
leaf_count=77 98 97 85 101 1067 3061 650 2643 132 236 1362 570 942 98 117 251 68 185 507 64 74 144 327 170 71 415 480 430 64 155 67 107 127 60
internal_value=-9.95413e-05 0.000226549 -0.000727618 0.00106915 0.000618649 0.00104586 0.00201542 -0.00171035 0.00227634 -0.0018812 -0.00140244 -0.00424489 -0.000744934 0.00468845 0.00571566 0.00391847 -0.000106076 -0.00227578 0.00472934 0.000108622 -0.00381883 -0.00454521 0.00129746 -0.00220602 -0.00409795 -0.000800428 -0.00382737 0.00673568 -0.00315116 -0.00348081 0.000618318 -0.00507323 -0.00576883 -0.00375152
internal_weight=15102 13887 6512 7375 6562 5720 3711 4908 1604 4811 4005 806 2009 813 648 911 153 842 758 693 1215 329 459 234 1138 513 1067 531 699 635 165 368 234 134
internal_count=15102 13887 6512 7375 6562 5720 3711 4908 1604 4811 4005 806 2009 813 648 911 153 842 758 693 1215 329 459 234 1138 513 1067 531 699 635 165 368 234 134
is_linear=0
shrinkage=0.02


Tree=33
num_leaves=33
num_cat=0
split_feature=36 30 40 31 34 38 37 13 37 40 40 35 9 38 32 36 40 13 35 41 31 34 41 45 13 11 26 21 35 25 41 30
split_gain=44.9196 26.9564 20.7709 19.7958 20.8162 24.8428 12.5467 11.2268 9.93643 6.48661 6.18086 6.15913 4.55357 3.56031 3.38799 3.1141 2.93751 2.89875 2.39355 2.16949 1.93963 1.71421 1.6718 2.79226 1.50064 1.17869 1.05123 0.924649 0.788906 0.560536 0.492722 0.0529837
threshold=-0.15085972100496289 -0.5075620412826537 1.4848831892013552 3.2325458526611333 0.17045219987630847 -0.018733770586550232 0.012779302895069124 -0.23416599631309507 0.018078198656439785 1.2574865818023684 0.90709242224693309 0.080457612872123732 0.024178029038012031 -0.28898605704307551 0.55092892050743114 0.23344635218381884 1.1672213077545168 -0.19384183734655377 0.061445608735084541 0.4072625488042832 0.77112311124801647 -0.033649481832981103 0.69172459840774547 0.8479457199573518 -0.3649036437273025 0.016268628649413589 0.023373313248157505 43.756311416625984 -0.033536339178681367 -14.816647529602049 0.35837602615356451 0.14428628236055377
decision_type=2 2 2 2 2 2 2 2 2 2 2 2 2 2 2 2 2 2 2 2 2 2 2 2 2 2 2 2 2 2 2 2
left_child=13 8 3 4 5 -3 -6 -5 9 10 19 -9 15 24 -12 -10 21 -4 -11 -2 22 -14 23 26 27 -26 -15 -1 29 -24 -27 -19
right_child=1 2 17 7 6 -7 -8 11 12 18 14 -13 16 20 -16 -17 -18 31 -20 -21 -22 -23 28 -25 25 30 -28 -29 -30 -31 -32 -33
leaf_value=-0.0020503125538662141 -0.0030821359764325292 0.00057513586036298718 -0.0031488761177234765 -0.011730890561984137 0.0054935086552125494 -0.00154539247323613 0.00065806478653147036 0.0021737237755568269 -0.0026719493607524781 -0.0001858535798636671 -0.00072802836847245353 -0.0039155263698250698 0.0038244704505012552 -0.0045016224638713236 0.0035316671477804082 0.003591092486052759 0.0017339152331372388 -0.0096781501176301382 -0.0052953035901874713 0.00062073843714634052 -0.0080709015479873102 0.0061859467120050603 -0.0020096114577882514 -0.0014663372111821233 -0.0012409923089507185 -0.0026872949840035286 -0.0069654053248403994 0.00076198006061604245 -0.0014978367657870939 -0.0044571582801589691 -0.0052995290514669929 -0.0068762167365186743
leaf_weight=110 70 6920 69 62 438 3243 421 80 61 75 84 342 232 166 588 60 119 61 70 472 60 341 63 74 78 61 180 77 98 145 92 60
leaf_count=110 70 6920 69 62 438 3243 421 80 61 75 84 342 232 166 588 60 119 61 70 472 60 341 63 74 78 61 180 77 98 145 92 60
internal_value=-7.40435e-05 0.000247918 -0.000132173 -2.29357e-05 0.000151291 -0.00010168 0.00313533 -0.00396909 0.00229249 0.00124059 0.00171958 -0.00275162 0.00403859 -0.00377472 0.00299685 0.000437372 0.00466224 -0.00663898 -0.00271658 0.000126339 -0.00457084 0.00525645 -0.00424818 -0.00508357 -0.00225342 -0.00332463 -0.00583508 -0.0008933 -0.00306011 -0.00375969 -0.00433617 -0.0084968
internal_weight=15072 13868 11696 11506 11022 10163 859 484 2172 1359 1214 422 813 1204 672 121 692 190 145 542 786 573 726 420 418 231 346 187 306 208 153 121
internal_count=15072 13868 11696 11506 11022 10163 859 484 2172 1359 1214 422 813 1204 672 121 692 190 145 542 786 573 726 420 418 231 346 187 306 208 153 121
is_linear=0
shrinkage=0.02


Tree=34
num_leaves=40
num_cat=0
split_feature=36 30 34 38 37 36 35 33 34 16 16 37 11 11 40 40 9 11 36 38 31 47 34 47 35 48 35 40 40 48 31 26 34 45 38 12 46 30 46
split_gain=45.1302 26.1189 22.467 33.6785 21.3686 23.683 13.9211 11.9519 11.1721 9.82761 14.4803 8.11192 7.92479 6.8186 5.91998 7.25358 4.86942 4.52289 4.21363 3.29501 2.73965 2.61535 2.58083 2.26041 2.24172 2.16156 1.98966 1.54295 1.40988 1.65561 1.38871 1.34537 1.34346 1.32158 1.249 1.22469 0.728635 0.499495 0.257596
threshold=-0.15085972100496289 -0.5075620412826537 0.139903798699379 -0.018733770586550232 0.0081807607784867304 0.22587104886770251 0.41866117715835577 0.015833471901714805 0.0097651197575032728 0.024139283224940303 0.02272752765566111 0.018078198656439785 0.016268628649413589 0.017160355113446716 1.2620537877082827 0.93020960688591015 0.028770605102181438 0.023740460164844993 0.24210903048515323 -0.30036178231239313 0.38392780721187597 0.80080705881118786 -0.04042371362447738 0.86720469594001781 0.33957342803478247 0.26724137365818029 0.061445608735084541 0.76724120974540722 1.094751298427582 0.8479457199573518 0.18491078913211825 0.026969193480908874 0.17045219987630847 0.29548789560794836 -0.23328391462564466 -0.14922897517681119 0.37386569380760198 0.12398662045598031 0.56518450379371654
decision_type=2 2 2 2 2 2 2 2 2 2 2 2 2 2 2 2 2 2 2 2 2 2 2 2 2 2 2 2 2 2 2 2 2 2 2 2 2 2 2
left_child=19 11 3 4 13 -6 9 8 -5 10 -4 14 -11 -3 15 21 18 -17 20 30 -13 -2 -20 27 -9 -8 -16 36 34 -30 35 38 -27 -33 -29 -1 -21 -38 -18
right_child=1 2 6 7 5 -7 25 24 -10 12 -12 16 -14 -15 26 17 31 -19 22 23 -22 -23 -24 -25 -26 32 -28 28 29 -31 -32 33 -34 -35 -36 -37 37 -39 -40
leaf_value=0.00066195444924825879 0.00063326961962452888 0.0052314838742571991 0.0030392844315447944 0.0062385626812256978 -0.0010112450620457407 0.0014519725430964467 0.00050326350493959979 -0.0072081689700179384 -0.0020387021122395595 0.0062099580333995598 -0.0028470826522093411 -0.0034411379051549978 0.002226551632629152 -0.00071062330249696982 -0.00017586610368582316 0.0041251559174965849 0.0055813562908568924 4.1150923998711607e-05 0.00062655196583049526 -0.0070484137962496763 0.0021570363500538997 -0.0036155927246579755 0.0053484938772963295 -0.0072015274658089601 -0.0032350754799541602 -0.0059875307063213899 -0.0050024233822022444 -0.0010580685043121885 -0.0054810444012352768 -0.0018853915142494121 -0.0035644642229445958 0.0017121717662632685 -0.0022247722128125942 0.0050308917908438748 -0.0039080083812004889 -0.0028293070945946963 -0.0051360803073686031 -0.0029013642228208482 0.0082321780354930804
leaf_weight=105 530 427 472 64 3928 2587 68 207 2601 393 255 69 416 93 69 500 80 139 71 71 65 62 138 102 90 62 66 162 167 81 107 65 110 259 101 61 159 77 62
leaf_count=105 530 427 472 64 3928 2587 68 207 2601 393 255 69 416 93 69 500 80 139 71 71 65 62 138 102 90 62 66 162 167 81 107 65 110 259 101 61 159 77 62
internal_value=-5.29776e-05 0.000266608 -0.000105497 -0.000473965 0.000279301 -3.27701e-05 0.00196533 -0.00226185 -0.00183276 0.00266548 0.000970018 0.00227859 0.00417866 0.00416887 0.00133271 0.00177011 0.00386365 0.00324267 0.00202433 -0.00378155 -0.000730536 0.00017062 0.00378067 -0.00435543 -0.00605193 -0.00248912 -0.00260021 -0.0039743 -0.00325713 -0.00434721 -0.00181767 0.00519374 -0.00366622 0.00438997 -0.00218802 -0.000642512 -0.00512173 -0.00445671 0.00689203
internal_weight=15141 13948 11773 9997 7035 6515 1776 2962 2665 1536 727 2175 809 520 1366 1231 809 639 343 1193 134 592 209 920 297 240 135 818 511 248 273 466 172 324 263 166 307 236 142
internal_count=15141 13948 11773 9997 7035 6515 1776 2962 2665 1536 727 2175 809 520 1366 1231 809 639 343 1193 134 592 209 920 297 240 135 818 511 248 273 466 172 324 263 166 307 236 142
is_linear=0
shrinkage=0.02


Tree=35
num_leaves=37
num_cat=0
split_feature=36 38 35 40 17 37 18 31 35 30 40 17 20 16 37 35 46 36 3 38 35 13 38 31 47 35 36 41 40 20 44 40 31 16 47 24
split_gain=44.3986 27.1834 26.2409 22.4698 22.6456 20.877 18.5764 16.2641 11.3581 10.5592 9.27998 9.66222 9.56923 8.10126 9.33732 9.2811 8.00428 7.65342 6.9259 6.69951 3.94065 3.45481 3.21311 3.00226 2.84083 2.40642 2.40514 2.07784 1.89016 2.28305 3.0942 1.621 1.39608 0.789893 0.760816 0.410256
threshold=-0.15085972100496289 -0.04911589436233043 0.17641562968492511 0.73598620295524608 0.087517734616994872 0.0090839238837361353 0.03704438358545304 2.1341483592987065 0.1817961856722832 -0.43320420384407038 1.3337206840515139 1.1338898539543154 0.15137039124965671 0.024322375655174259 0.0070376950316131124 0.41247424483299261 0.70194101333618175 0.60637953877449047 0.68802121281623851 -0.059582054615020745 0.26078364253044134 -0.1293874382972717 -0.31771011650562281 0.84607723355293285 0.62931033968925487 -0.11450855433940886 0.28962449729442602 0.63742861151695263 0.76724120974540722 -0.011573955882340668 0.023545027710497383 0.79617267847061168 2.3015342950820927 0.020047869533300403 0.10491563007235528 30.662494659423832
decision_type=2 2 2 2 2 2 2 2 2 2 2 2 2 2 2 2 2 2 2 2 2 2 2 2 2 2 2 2 2 2 2 2 2 2 2 2
left_child=22 2 3 16 9 -6 10 13 26 -5 11 12 -3 14 -8 -15 24 19 -10 31 -13 -12 -1 28 -2 -18 -9 -21 34 30 -30 -4 -19 -23 -24 -36
right_child=1 6 17 4 5 -7 7 8 18 -11 21 20 -14 15 -16 -17 25 32 -20 27 -22 33 23 -25 -26 -27 -28 -29 29 -31 -32 -33 -34 -35 35 -37
leaf_value=0.00033405086797712416 0.00012925722988091601 -0.0022467333454283781 0.0038806304045838815 0.0017914032161439537 0.0061693243615829766 0.0015194067222833562 0.0073849823784828189 -0.0083582204737708918 0.00045602159469934373 -0.0014974831782036391 -0.0016920496750789794 -0.0083175605732060624 -4.8283479792879748e-05 0.0041188814159087541 0.00014397662637177913 -0.002135518844280261 -0.00097128956422703463 0.0019571138877891399 -0.0051612745985388751 -0.00064792311495942318 -0.0027414071275768713 -0.0053042589093788084 -0.0068641650654472312 -0.0082164109389283764 -0.0032223905387654666 -0.0048769495383951403 -0.0032960752200335264 0.004171006786433281 -0.0027915950260627661 0.00047079765552015445 -0.0065760365179912362 0.0070260253390097716 -0.0017582779298758225 -0.0088778230111319131 -0.0047710573061028258 -0.0026937548781416432
leaf_weight=71 479 1554 95 537 438 3159 72 108 432 1407 64 102 1614 585 1429 111 80 110 107 79 108 69 74 64 125 345 67 61 516 64 105 417 60 79 240 65
leaf_count=71 479 1554 95 537 438 3159 72 108 432 1407 64 102 1614 585 1429 111 80 110 107 79 108 69 74 64 125 345 67 61 516 64 105 417 60 79 240 65
internal_value=-7.88637e-05 0.000240063 0.00106956 0.000646886 0.00115114 0.00209057 -0.000703028 0.000483748 -0.0021323 -0.000587105 -0.00166522 -0.00140694 -0.00112811 0.00133614 0.000506016 0.0031151 -0.00206295 0.00443204 -0.000679651 0.00541381 -0.00553352 -0.00569886 -0.00376653 -0.00402572 -0.000575229 -0.00415606 -0.00651398 0.00148821 -0.00375032 -0.00309231 -0.00346162 0.00647035 0.000632268 -0.00735688 -0.00490336 -0.00436215
internal_weight=15092 13893 7392 6570 5541 3597 6501 2911 714 1944 3590 3378 3168 2197 1501 696 1029 822 539 652 210 212 1199 1128 604 425 175 140 1064 685 621 512 170 148 379 305
internal_count=15092 13893 7392 6570 5541 3597 6501 2911 714 1944 3590 3378 3168 2197 1501 696 1029 822 539 652 210 212 1199 1128 604 425 175 140 1064 685 621 512 170 148 379 305
is_linear=0
shrinkage=0.02


Tree=36
num_leaves=35
num_cat=0
split_feature=36 30 34 38 37 38 37 3 31 35 31 11 37 16 44 38 26 16 38 34 31 14 43 41 4 13 31 26 33 9 35 44 45 17
split_gain=39.1958 23.5995 21.7555 31.5978 19.9703 21.2148 20.6077 12.999 14.4395 12.9356 9.67179 8.44284 7.7664 4.80354 4.54946 3.9526 4.04882 3.79656 3.54604 1.87942 1.62745 1.62643 1.58569 1.57365 1.68278 1.34391 1.27322 1.06414 0.960418 0.825466 0.760183 0.713979 0.628906 0.38283
threshold=-0.15085972100496289 -0.5075620412826537 0.139903798699379 -0.04911589436233043 0.0091838715597987192 -0.14912124723196027 0.013871475122869016 0.12033486366271974 2.0609356164932255 0.41866117715835577 0.97779271006584179 0.013573450502008201 0.027446017600595955 0.024139283224940303 0.033414032310247428 -0.21614779531955716 0.013983195647597315 0.024560993537306789 -0.28898605704307551 0.18055406957864764 0.84607723355293285 0.3706896454095841 0.07403122261166574 0.70759814977645885 -0.04085199907422065 -0.3649036437273025 0.20575048029422763 0.020129473879933361 0.00045910738117527222 0.030773509293794635 -0.017608229070901867 0.019704924896359447 0.78154808282852184 -0.2120566517114639
decision_type=2 2 2 2 2 2 2 2 2 2 2 2 2 2 2 2 2 2 2 2 2 2 2 2 2 2 2 2 2 2 2 2 2 2
left_child=18 12 3 4 5 -3 -6 10 -9 11 -5 17 14 -13 15 -2 -17 -4 25 29 23 30 -23 24 26 28 -20 -27 -1 -11 -14 33 -29 -25
right_child=1 2 9 7 6 -7 -8 8 -10 19 -12 13 21 -15 -16 16 -18 -19 20 -21 -22 22 -24 31 -26 27 -28 32 -30 -31 -32 -33 -34 -35
leaf_value=-0.0023307986889885344 -0.0020301857444614468 -0.0037759517390421665 0.0030714833683010735 -0.0023225674250434121 -0.001715209629943072 0.0047939928328586045 0.0010265140418159633 -0.00014040737815290523 -0.0034286411527013963 -0.0021344607555656694 -0.0060542213835907991 0.00027242954319466734 0.0080356390303529708 0.0029292927440032999 -0.0035318030182159305 -0.00075015988280694628 0.0023942015382605176 0.0069712628365447525 -0.0047747153475288283 -0.00043941902997701065 -0.0074990346343256535 0.0019104840684110635 0.0056295216585917586 -0.002628628152727464 -0.0025973388134314847 -0.00069487628841307021 -0.0081428681127171023 -0.005057072623759846 0.00055031636781361032 -0.0055391112115180142 0.0045520390028884602 -0.00099589503346942374 -0.002386957834906331 -0.0046477133605577464
leaf_weight=78 98 136 210 1187 1725 695 2998 2199 703 61 364 512 78 582 63 182 1495 206 269 112 61 107 86 136 119 61 64 85 105 66 64 73 79 69
leaf_count=78 98 136 210 1187 1725 695 2998 2199 703 61 364 512 78 582 63 182 1495 206 269 112 61 107 86 136 119 61 64 85 105 66 64 73 79 69
internal_value=-6.25505e-05 0.000236358 -0.000117671 -0.000477574 0.000528529 0.00338171 2.44787e-05 -0.00173217 -0.000940034 0.00193825 -0.00320898 0.00262271 0.00214965 0.00169092 0.00163313 0.00182266 0.00205163 0.0050411 -0.00352778 -0.0023609 -0.00431085 0.00494099 0.00363357 -0.00401347 -0.00475422 -0.00198683 -0.00549195 -0.00301414 -0.00069011 -0.00399849 0.00659913 -0.00276763 -0.00384283 -0.00337026
internal_weight=15128 13929 11756 10007 5554 831 4723 4453 2902 1749 1551 1510 2173 1094 1838 1775 1677 416 1199 239 791 335 193 730 452 408 333 225 183 127 142 278 164 205
internal_count=15128 13929 11756 10007 5554 831 4723 4453 2902 1749 1551 1510 2173 1094 1838 1775 1677 416 1199 239 791 335 193 730 452 408 333 225 183 127 142 278 164 205
is_linear=0
shrinkage=0.02


Tree=37
num_leaves=35
num_cat=0
split_feature=36 38 34 35 40 17 36 37 35 40 36 46 36 16 16 17 46 11 38 48 38 27 44 34 40 42 13 1 39 27 13 31 29 42
split_gain=34.0959 25.5669 42.5897 25.0637 19.228 19.6477 19.454 17.419 13.0079 12.5982 13.1289 10.5625 8.45303 8.40031 16.2864 7.13865 6.96538 6.44055 4.32833 4.09289 2.83224 2.71783 1.93476 1.7547 1.62203 1.54953 1.4698 1.29102 1.28006 1.19308 1.17056 1.25453 1.10026 0.274071
threshold=-0.15085972100496289 -0.049880862236022942 0.14312935620546344 0.17641562968492511 0.69480967521667492 0.087517734616994872 0.45946973562240606 0.0070376950316131124 0.38493418693542486 1.2706139087677004 0.29328395426273351 0.49561403691768652 0.60637953877449047 0.024560993537306789 0.02272752765566111 -0.17859490960836408 0.80776411294937145 0.016042062081396583 -0.058218503370881074 0.1241746135056019 -0.28898605704307551 -0.0015183677896857259 0.028977220878005031 0.18520706892013553 0.79617267847061168 -0.11553654447197913 -0.3649036437273025 -0.036543486639857285 0.96093377470970165 0.00084874164895154547 -0.086977228522300706 0.29653540253639227 0.029987704008817676 0.066275779157876982
decision_type=2 2 2 2 2 2 2 2 2 2 2 2 2 2 2 2 2 2 2 2 2 2 2 2 2 2 2 2 2 2 2 2 2 2
left_child=20 3 7 4 16 11 -7 -3 13 10 -9 -6 18 14 -4 -11 21 -15 24 -18 26 -2 25 28 -5 -22 29 -14 -10 -1 31 -27 -28 -34
right_child=1 2 8 12 5 6 -8 9 23 15 -12 -13 27 17 -16 -17 19 -19 -20 -21 22 -23 -24 -25 -26 30 32 -29 -30 -31 -32 -33 33 -35
leaf_value=-0.0022099980309116213 0.0014192103254830977 0.0066574699007012333 0.0037022338406464675 0.0036604847897916048 0.00013921727848059692 0.0022536385922659876 -0.0030006767301668544 -0.002708076660279024 -0.001081911303129965 0.0013886028967910644 -0.00049013808153689788 -0.0033797425246124284 0.0019339848725977256 0.0063647020047648637 -0.003060055821238182 -0.0057430822901030441 -0.0027727628429658219 0.0025445345372690034 0.0014121925351495038 -0.0081210990226051466 -0.00067675826155038483 -0.0018969512439699395 -0.0071787901686651539 -9.0187794377661119e-07 0.0066751571539007907 -0.0038929927521485102 -0.00061797581695848046 -0.0015216083725434146 -0.0048345098241025378 0.00099334749161325239 -0.001327177065633126 -0.0069216832174786502 -0.0044737920669265024 -0.0025297893492833659
leaf_weight=89 128 96 377 103 1606 3474 304 1914 66 63 2416 430 91 342 225 433 134 378 95 105 64 402 73 114 426 510 60 77 87 91 64 67 109 65
leaf_count=89 128 96 377 103 1606 3474 304 1914 66 63 2416 430 91 342 225 433 134 378 95 105 64 402 73 114 426 510 60 77 87 91 64 67 109 65
internal_value=-9.75432e-05 0.000181323 -0.000731761 0.000987542 0.000581988 0.000975463 0.00182854 -0.00165082 0.00211218 -0.00182033 -0.00147197 -0.00060737 0.00434228 0.00292486 0.00117051 -0.00483234 -0.0023838 0.00437938 0.00540997 -0.00519813 -0.00333928 -0.00109071 -0.0040531 -0.00189579 0.00611401 -0.00369899 -0.00197594 0.000345415 -0.00327409 -0.000595329 -0.00399463 -0.00428038 -0.00301275 -0.00380842
internal_weight=15078 13886 6511 7375 6583 5814 3778 4922 1589 4826 4330 2036 792 1322 602 496 769 720 624 239 1192 530 778 267 529 705 414 168 153 180 641 577 234 174
internal_count=15078 13886 6511 7375 6583 5814 3778 4922 1589 4826 4330 2036 792 1322 602 496 769 720 624 239 1192 530 778 267 529 705 414 168 153 180 641 577 234 174
is_linear=0
shrinkage=0.02


Tree=38
num_leaves=33
num_cat=0
split_feature=36 40 31 40 43 13 41 38 13 13 31 5 36 31 9 38 31 36 13 31 27 31 38 41 45 4 26 5 39 48 40 11
split_gain=36.6913 23.787 23.1345 23.3214 18.1973 19.2433 15.4049 12.4874 9.83666 9.12579 5.925 5.77276 4.90831 7.64997 4.24769 4.09028 4.22734 3.95382 3.52288 2.67428 2.25357 2.15506 1.96835 1.42859 1.54431 1.3632 1.11574 1.33343 0.807349 0.773531 0.807439 0.52906
threshold=-0.15085972100496289 1.3337206840515139 3.2325458526611333 0.61676627397537243 -0.21351585537195203 -0.51162695884704579 0.57599878311157238 -0.049880862236022942 -0.12059799581766127 -0.25583374500274653 0.60699141025543224 1.0094448924064638 0.23772022128105166 1.2164656519889834 0.017188360914587978 -0.075549017637968049 0.47636410593986517 0.39562122523784643 -0.34071859717369074 0.84607723355293285 0.0024400522233918314 1.7457486987113955 -0.26748670637607569 0.69172459840774547 0.8479457199573518 -0.23538082838058469 0.035084191709756858 -0.3976957499980926 1.04838103055954 0.90517240762710582 1.094751298427582 0.014648170676082374
decision_type=2 2 2 2 2 2 2 2 2 2 2 2 2 2 2 2 2 2 2 2 2 2 2 2 2 2 2 2 2 2 2 2
left_child=19 2 3 12 5 -5 8 -6 -4 10 18 15 14 -14 -2 16 -11 -10 25 22 -8 -17 26 24 28 -3 27 -1 -24 30 -25 -29
right_child=1 9 6 4 7 -7 20 -9 17 11 -12 -13 13 -15 -16 21 -18 -19 -20 -21 -22 -23 23 29 -26 -27 -28 31 -30 -31 -32 -33
leaf_value=0.00019179674136518898 -0.0003216880295555532 -0.0025018864175140416 -0.010537128884272174 0.0064558903333288131 0.0019744549953132655 -0.0011071952690097097 -0.00032120242974876119 0.00048807295753383031 -0.0006041899281138156 -0.0058928523768078198 0.0040084578235623208 0.00077807364775799221 0.0013240662120507453 -0.0042270539840899212 -0.0042501423019064037 -0.0056411755191959415 0.0013177384879726631 -0.0056678420036444322 -0.0054298062463507294 -0.0072035654191341661 0.0048851423464042858 -0.0097368702848441898 -0.004640731676336371 -0.0018698023305847666 -0.0018028971444762928 0.0011600012577572228 -0.0044209300331924471 -0.00068139965225418573 -0.0075050253954139492 -0.0007380154394161176 -0.0044164857754056966 -0.0028456339137256149
leaf_weight=109 144 65 118 140 4903 2279 69 4202 109 63 86 66 287 148 480 240 62 143 78 69 60 77 255 101 68 98 70 61 60 65 117 222
leaf_count=109 144 65 118 140 4903 2279 69 4202 109 63 86 66 287 148 480 240 62 143 78 69 60 77 255 101 68 98 70 61 60 65 117 222
internal_value=-4.81745e-05 0.00024104 0.00045026 0.000618162 0.000879378 -0.000661613 -0.00376002 0.00128898 -0.0058235 -0.0030255 -0.000409181 -0.00469539 -0.0022179 -0.000578324 -0.00335105 -0.00551468 -0.00236153 -0.00351441 -0.0020196 -0.00340378 0.00214877 -0.00672111 -0.00315197 -0.00385314 -0.00466355 -0.000313061 -0.0021207 -0.00167695 -0.00525511 -0.00271546 -0.00328252 -0.00239468
internal_weight=15114 13917 13082 12583 11524 2419 499 9105 370 835 327 508 1059 435 624 442 125 252 241 1197 129 317 1128 666 383 163 462 392 315 283 218 283
internal_count=15114 13917 13082 12583 11524 2419 499 9105 370 835 327 508 1059 435 624 442 125 252 241 1197 129 317 1128 666 383 163 462 392 315 283 218 283
is_linear=0
shrinkage=0.02


Tree=39
num_leaves=38
num_cat=0
split_feature=36 37 34 38 40 40 36 36 17 31 35 46 11 15 35 38 43 16 38 44 36 40 34 10 17 10 29 41 48 40 1 31 12 34 30 40 43
split_gain=35.4574 23.1742 24.0424 30.7251 20.1422 18.7073 15.4501 12.542 16.623 12.9787 11.8374 8.58502 7.90044 6.73463 5.85705 5.15488 4.92911 3.62662 2.66685 2.64266 2.70373 2.5172 2.23018 1.78931 1.77725 1.49667 1.4794 1.43944 2.57388 1.56678 1.288 0.98715 0.931682 0.797605 0.789296 0.753906 0.697813
threshold=-0.15085972100496289 0.023582911118865017 0.139903798699379 -0.018733770586550232 0.74253234267234813 1.3052054047584536 0.51863935589790355 0.29328395426273351 0.61352431774139415 0.47636410593986517 0.41866117715835577 0.80776411294937145 0.012417673598974945 0.66379308700561535 0.23314278572797778 -0.13373690098524091 0.44049631059169775 0.023985079489648346 -0.30036178231239313 0.019330775365233425 0.023611123673617843 0.77559348940849315 0.17045219987630847 0.024677956476807598 0.46378153562545782 0.022960451431572441 0.067689698189497008 0.70759814977645885 0.71515038609504711 0.77559348940849315 0.028052733279764656 0.087955106049776091 -0.27418565750122065 -0.0014218652504496274 0.16008359938859942 1.094751298427582 0.15990339964628222
decision_type=2 2 2 2 2 2 2 2 2 2 2 2 2 2 2 2 2 2 2 2 2 2 2 2 2 2 2 2 2 2 2 2 2 2 2 2 2
left_child=18 2 3 4 11 -6 13 8 -5 -9 12 -2 21 14 15 -3 -14 25 31 20 -15 -4 -12 -21 27 -8 -19 28 29 -20 -24 -1 -29 -16 -33 -34 -27
right_child=1 6 10 7 5 -7 17 9 -10 -11 22 -13 16 19 33 -17 -18 26 24 23 -22 -23 30 -25 -26 36 -28 32 -30 -31 -32 34 35 -35 -36 -37 -38
leaf_value=-0.00011126034101051791 -0.0010695791343643965 0.0031009404561837162 0.0018868905377263825 -0.0022634090926043704 0.0011071135651741445 -0.0025139235995100396 -0.00053747882531024515 -0.0046186176614949346 -0.0074946234158057082 -0.00041301538845749461 -0.0045718231423256487 -0.0048575977182585073 0.0022644655863756562 0.00067886106202723069 0.0070033124829420737 -4.1245270710565796e-05 -0.0024985318960958815 0.0027608707441975746 -0.0046552840805470438 0.0032866379316751908 0.005932536114459961 0.0065344394603583577 -0.0027985126555643298 0.0072504431886054512 -0.0071779272388666875 -0.0028098920066863581 -0.0010307716179639101 -0.00031293430451698829 -0.0080090397428721188 -0.0022489530442528658 0.00079387032782824915 -0.0037504656475211957 -0.0013900257098762429 0.0040766608530626398 -0.00079875307970426307 -0.0038089535417966548 -0.0058284168627763542
leaf_weight=108 838 417 63 871 5201 638 69 354 337 1659 88 334 1208 89 81 414 91 82 292 68 69 229 63 223 63 87 77 63 65 190 98 93 82 112 63 173 60
leaf_count=108 838 417 63 871 5201 638 69 354 337 1659 88 334 1208 89 81 414 91 82 292 68 69 229 63 223 63 87 77 63 65 190 98 93 82 112 63 173 60
internal_value=-9.88796e-05 0.000184834 -0.000134561 -0.000513259 0.000229608 0.000710201 0.00226865 -0.00212924 -0.00373856 -0.00115887 0.00196819 -0.0021596 0.00260284 0.00319027 0.00228168 0.0015398 0.00192504 -0.00134541 -0.00340503 0.0052313 0.00304719 0.00556449 -0.0020657 0.00637058 -0.00391074 -0.00301726 0.000933409 -0.00364764 -0.00427995 -0.00372857 -0.000631225 -0.00159967 -0.00252705 0.00539844 -0.00260228 -0.00306019 -0.00414054
internal_weight=15112 13920 12072 10232 7011 5839 1848 3221 1208 2013 1840 1172 1591 1473 1024 831 1299 375 1192 449 158 292 249 291 928 216 159 865 547 482 161 264 318 193 156 255 147
internal_count=15112 13920 12072 10232 7011 5839 1848 3221 1208 2013 1840 1172 1591 1473 1024 831 1299 375 1192 449 158 292 249 291 928 216 159 865 547 482 161 264 318 193 156 255 147
is_linear=0
shrinkage=0.02


Tree=40
num_leaves=36
num_cat=0
split_feature=36 37 40 40 16 34 36 36 46 13 17 11 19 40 39 20 29 9 16 44 14 38 44 11 5 20 17 45 31 30 17 45 9 24 26
split_gain=33.8525 22.4433 22.6406 19.5345 19.967 22.2821 12.7617 10.8296 9.98846 8.09912 6.23097 6.04231 5.61086 7.26808 5.07023 7.81038 5.06176 4.49228 4.33157 2.77066 2.66025 2.57101 1.86477 1.81241 1.52218 1.24941 1.17464 1.15226 1.71864 1.12379 1.23573 0.9301 0.834384 0.669824 0.473887
threshold=-0.15085972100496289 0.024521977640688423 1.3124855756759646 0.61676627397537243 0.016117570921778682 0.14528661966323855 0.46392485499382025 0.38159722089767462 0.14464352279901507 -0.35069671273231501 0.969701647758484 0.012004586867988111 0.032110974192619331 1.5085739493370058 1.081856429576874 -0.10785693675279616 0.095123361796140685 0.031084068119525913 0.022393968887627128 0.026982693001627926 0.43892149627208715 -0.28898605704307551 0.028977220878005031 0.019552040845155719 1.1342554688453677 -0.29162508249282831 0.87641325592994701 0.8479457199573518 0.25863905251026159 0.59767609834671032 0.025287332013249401 0.29548789560794836 0.031910076737403877 25.033924102783207 0.022804290056228641
decision_type=2 2 2 2 2 2 2 2 2 2 2 2 2 2 2 2 2 2 2 2 2 2 2 2 2 2 2 2 2 2 2 2 2 2 2
left_child=21 2 3 8 7 -6 10 -5 -2 23 14 -10 17 -14 15 -3 19 -11 32 -12 -16 29 25 31 26 -23 -20 28 -27 30 33 -4 -8 34 -1
right_child=1 6 9 4 5 -7 18 -9 11 12 16 -13 13 -15 20 -17 -18 -19 24 -21 -22 22 -24 -25 -26 27 -28 -29 -30 -31 -32 -33 -34 -35 -36
leaf_value=-0.0011503891098725888 0.0035497740337485447 -0.00089180267637057567 0.0029795113555269271 0.0027191611743635582 -0.00046325879092344298 0.0021547881070056465 -0.0017125212836655835 -0.0036545344029447029 -0.00082827812544525423 -0.0076538582405922097 0.0011272037626040403 -0.0042693877191179322 -0.0011590234674568611 -0.0073254668444837443 0.0079892208052051682 0.0041136996272207946 0.0044668075205783735 -0.0018460528137186519 -6.5914100934025846e-05 -0.0044759922788478439 0.0042359000489228917 -0.0014369166637909147 -0.0070844137591552251 -0.0020203804525992146 -0.0017179841928757157 -0.0037763148756009709 0.0034462024395946751 -0.0016615757255001402 -0.0071083991476629353 0.00050646984158083796 -0.0041872190115973349 -0.00016400468166471579 -0.0049776661636921141 0.00014749895173179751 -0.0032807181746238607
leaf_weight=94 97 158 79 1718 6959 1596 60 111 310 217 61 609 334 97 154 567 70 74 66 77 178 98 70 89 62 466 85 84 76 61 106 68 79 65 84
leaf_count=94 97 158 79 1718 6959 1596 60 111 310 217 61 609 334 97 154 567 70 74 66 77 178 98 70 89 62 466 85 84 76 61 106 68 79 65 84
internal_value=-6.35111e-05 0.000213926 -7.61357e-05 0.000172255 0.000431535 2.5625e-05 0.00242739 0.00232645 -0.00247021 -0.00302428 0.00336307 -0.00311618 -0.00407191 -0.00259018 0.00398418 0.00302229 0.00019023 -0.00621427 -0.000932419 -0.00202084 0.00603584 -0.00327711 -0.00394417 0.00018745 0.000856707 -0.0036112 0.00193323 -0.00394151 -0.00428194 -0.00196362 -0.00239883 0.0015445 -0.00364125 -0.00157309 -0.00219895
internal_weight=15179 13975 12358 11400 10384 8555 1617 1829 1016 958 1265 919 722 431 1057 725 208 291 352 138 332 1204 794 236 213 724 151 626 542 410 349 147 139 243 178
internal_count=15179 13975 12358 11400 10384 8555 1617 1829 1016 958 1265 919 722 431 1057 725 208 291 352 138 332 1204 794 236 213 724 151 626 542 410 349 147 139 243 178
is_linear=0
shrinkage=0.02


Tree=41
num_leaves=37
num_cat=0
split_feature=36 38 34 35 40 17 36 31 20 36 38 11 35 38 47 31 46 41 3 41 34 39 38 17 34 47 40 20 44 40 6 5 11 48 39 44
split_gain=31.9911 21.9068 39.6893 22.3704 17.9142 20.0835 19.7579 12.5609 18.9908 12.0029 11.7097 11.2771 11.2065 7.97081 7.29536 6.46133 6.0575 5.84165 5.7054 4.98117 4.87992 3.9878 2.79278 2.10495 2.0215 1.83943 1.66785 2.76798 2.41968 1.59445 1.34995 1.31903 1.14056 0.723657 0.644477 0.134827
threshold=-0.15085972100496289 -0.04911589436233043 0.14312935620546344 0.17641562968492511 0.67268040776252758 0.087517734616994872 -0.03503217734396457 1.5967964529991152 0.25096781551837927 0.28527128696441656 -0.14699686318635938 0.015419909264892341 0.38493418693542486 -0.07982932403683661 0.91434335708618175 3.3479471206665044 0.80776411294937145 0.54344412684440624 0.46239949762821203 0.22821884602308276 -0.059203272685408585 0.52822348475456249 -0.31771011650562281 0.48947484791278845 0.17045219987630847 0.61023476719856273 0.7393348515033723 0.030679387971758846 0.022756472229957584 0.79617267847061168 0.062986359000206008 1.1599593162536623 0.021699672564864162 0.14343360066413882 0.66753670573234569 0.024299823679029945
decision_type=2 2 2 2 2 2 2 2 2 2 2 2 2 2 2 2 2 2 2 2 2 2 2 2 2 2 2 2 2 2 2 2 2 2 2 2
left_child=22 3 7 4 16 10 -7 8 14 18 -6 -11 15 20 -3 17 25 -4 -9 -10 -5 -18 -1 26 -14 -2 33 28 -28 -22 32 -26 -15 35 -35 -24
right_child=1 2 12 13 5 6 -8 9 19 11 -12 -13 24 30 -16 -17 21 -19 -20 -21 29 -23 23 -25 31 -27 27 -29 -30 -31 -32 -33 -34 34 -36 -37
leaf_value=0.00045182853415148496 -0.00036260210166226922 -0.0020320414154685836 0.004880244377545793 0.0011965230566790773 -0.0020817359032067819 0.005136503777503622 0.0011638263628949966 -0.0072406581522293815 -0.0038143890704697286 0.001493109063194371 0.00090752502897863878 -0.003402546377793773 -0.0040975211431671463 0.0030174374259616201 0.004432669600982788 -0.0024596186045687213 -0.002262862474655378 0.0020751828729270809 -0.0013804577658936548 0.0016697491979533604 0.0036577644584875088 -0.0077628448217825488 -0.0023153763103112577 -0.0067897718320154166 0.00067925732787181114 -0.0032375235642241314 -0.0023434924776506516 0.0013710880043217913 -0.0052569386244684111 0.0071179058419453892 -0.00097983030214516533 -0.0027165911309977074 6.737518124282352e-07 -0.006475516096604142 -0.0037907546604346288 -0.0039249603814844576
leaf_weight=78 316 2494 507 85 1095 590 3251 324 68 271 1000 601 81 187 69 83 102 736 86 1006 77 116 72 70 141 122 523 61 149 341 64 64 69 96 92 60
leaf_count=78 316 2494 507 85 1095 590 3251 324 68 271 1000 601 81 187 69 83 102 736 86 1006 77 116 72 70 141 122 523 61 149 341 64 64 69 96 92 60
internal_value=-5.24151e-05 0.000217512 -0.000626862 0.000961309 0.00057207 0.000919101 0.00177785 -0.0015194 -0.000917555 -0.00321991 -0.000655147 -0.00188003 0.00209385 0.00406439 -0.00185263 0.00286754 -0.00255651 0.00322912 -0.00603282 0.00131194 0.0056294 -0.00525963 -0.00318037 -0.00343407 -0.00148232 -0.00118222 -0.00319139 -0.00264128 -0.00301145 0.00651349 0.00157187 -0.000399993 0.00221761 -0.00441215 -0.00524711 -0.00312538
internal_weight=15147 13946 6531 7415 6592 5936 3841 4919 3637 1282 2095 872 1612 823 2563 1326 656 1243 410 1074 503 218 1201 1123 286 438 1053 733 672 418 320 205 256 320 188 132
internal_count=15147 13946 6531 7415 6592 5936 3841 4919 3637 1282 2095 872 1612 823 2563 1326 656 1243 410 1074 503 218 1201 1123 286 438 1053 733 672 418 320 205 256 320 188 132
is_linear=0
shrinkage=0.02


Tree=42
num_leaves=30
num_cat=0
split_feature=36 30 40 36 31 31 38 26 40 40 40 23 32 17 30 47 44 13 17 38 13 12 41 39 4 35 0 38 19
split_gain=31.992 20.7235 17.4797 15.7072 18.0764 22.0267 14.2718 7.15288 6.5207 7.25513 6.38348 5.78747 5.73814 4.78963 4.45868 3.49671 3.20169 3.49202 2.37879 1.98552 1.42005 1.20691 1.02653 2.18023 1.47125 0.918916 0.794372 0.714577 0.193982
threshold=-0.15085972100496289 -0.43320420384407038 1.5085739493370058 -0.03503217734396457 0.4899324774742127 1.7457486987113955 -0.13915070891380307 0.036788029596209533 1.2532196044921877 0.92286145687103283 0.86602813005447399 0.3198514729738236 0.55092892050743114 0.15192242711782458 -0.76666617393493641 0.76228907704353344 0.021031276322901252 -0.35069671273231501 0.48947484791278845 -0.30036178231239313 -0.12352800369262694 -0.14922897517681119 0.69172459840774547 1.1543788909912112 -0.083494503051042543 -0.041883513331413262 -0.0050665142480283967 -0.24837099015712735 -0.01327712833881378
decision_type=2 2 2 2 2 2 2 2 2 2 2 2 2 2 2 2 2 2 2 2 2 2 2 2 2 2 2 2 2
left_child=18 8 3 6 7 -6 13 -5 9 11 -8 15 -11 -3 -14 -2 17 -10 19 21 -4 26 23 24 -21 27 -1 -24 -23
right_child=1 2 20 4 5 -7 10 -9 16 12 -12 -13 14 -15 -16 -17 -18 -19 -20 22 -22 28 25 -25 -26 -27 -28 -29 -30
leaf_value=-0.0015044521863861575 0.00088218080688922263 -0.0013220095073325628 -0.0046277284192380638 -0.0018259152306467014 0.0010076987501008877 -0.0013015888751863273 0.0016078803633203884 0.0046111891942859536 0.00080672498356837506 -0.0014316349088618853 0.0063613764573674418 0.0054145415960767567 0.0051215162085725911 0.0024978021695998449 0.0025579170809934626 -0.0032686865436321313 0.002405850602895953 -0.0051760493469111034 -0.0065322403332218528 -0.0042991177278004812 -0.009060020568172138 -0.0035366975736863438 -0.0020367729015415533 -0.0074665837108623236 -0.0019175178680568934 -0.00083190710816251226 0.0015751787979183171 -0.0042955906021500271 -0.0017740295916061166
leaf_weight=63 919 356 70 2679 4946 2477 177 68 62 96 326 104 467 204 680 86 61 98 77 287 72 60 133 61 177 103 65 114 68
leaf_count=63 919 356 70 2679 4946 2477 177 68 62 96 326 104 467 204 680 86 61 98 77 287 72 60 133 61 177 103 65 114 68
internal_value=-2.71319e-05 0.000243478 -0.000123231 -3.40686e-05 -0.000276177 0.000236757 0.00227557 -0.00166135 0.00186331 0.00217208 0.0047101 0.00099084 0.00322026 7.36121e-05 0.00361319 0.000517319 -0.00140343 -0.00287941 -0.00314538 -0.00289724 -0.00702294 -0.00132027 -0.0033514 -0.00392379 -0.00341092 -0.00246393 5.20482e-05 -0.00312234 -0.00266999
internal_weight=15156 13948 11375 11233 10170 7423 1063 2747 2573 2352 503 1109 1243 560 1147 1005 221 160 1208 1131 142 256 875 525 464 350 128 247 128
internal_count=15156 13948 11375 11233 10170 7423 1063 2747 2573 2352 503 1109 1243 560 1147 1005 221 160 1208 1131 142 256 875 525 464 350 128 247 128
is_linear=0
shrinkage=0.02


Tree=43
num_leaves=36
num_cat=0
split_feature=36 30 34 38 5 40 37 36 37 35 46 16 16 37 44 40 40 9 40 36 38 36 4 47 48 34 24 5 27 40 40 40 41 43 40
split_gain=30.6048 21.764 18.2574 24.9272 20.5772 21.4342 12.8825 10.8328 9.91217 9.80791 7.91269 6.94503 12.1645 10.0966 5.6315 5.66003 4.68664 4.56936 3.23202 3.2291 2.678 2.55231 2.44679 1.64352 1.56718 1.86614 1.21434 1.08136 0.843376 0.656217 1.07368 0.807456 0.479965 0.44743 0.576096
threshold=-0.15085972100496289 -0.43320420384407038 0.14312935620546344 -0.04911589436233043 0.053714988753199584 0.73328164219856273 0.0070376950316131124 0.22587104886770251 0.018078198656439785 0.41866117715835577 0.40388205647468572 0.024139283224940303 0.021916245110332969 0.012204733677208425 0.033414032310247428 1.2532196044921877 0.92286145687103283 0.024178029038012031 1.1936094760894778 0.23940546065568927 -0.30036178231239313 0.36443485319614416 -0.028834462165832516 0.90517240762710582 0.27622890472412115 0.17807125300168994 28.086907386779789 -0.3976957499980926 0.0053664832375943669 0.7393348515033723 1.0920127034187319 0.64611038565635692 0.59467241168022167 0.05676416493952275 0.74560302495956432
decision_type=2 2 2 2 2 2 2 2 2 2 2 2 2 2 2 2 2 2 2 2 2 2 2 2 2 2 2 2 2 2 2 2 2 2 2
left_child=20 8 3 4 10 -6 -5 -8 14 11 -3 12 -4 -13 15 16 -2 19 21 -10 27 -19 -17 26 -11 -26 29 -1 32 31 -31 -22 -28 -29 -35
right_child=1 2 9 6 5 -7 7 -9 17 24 -12 13 -14 -15 -16 22 -18 18 -20 -21 23 -23 -24 -25 25 -27 28 33 -30 30 -32 -33 -34 34 -36
leaf_value=0.00056235349397515746 0.00038673042161009369 -0.00049739322642568251 0.0035437192794231741 0.0060335895364540953 -0.0023256723762142021 0.0018655306019599335 -0.0031691385912561371 -0.0010622618703143771 -0.0026182265629371006 0.0005629028422328142 -0.0034642621053115803 0.0059867451710307875 -0.0019546688136700481 0.0013672433350044616 -0.0047778254449367518 0.00071500644043812327 0.0026907123846345283 0.0051285518700691672 0.00078400252409348335 0.0032982269579544662 -0.0035225806596324493 0.0017124260517219745 -0.0040430146215047254 -0.0065919295207411046 -0.0053538916520067025 -0.0010210383160605984 -0.0024435555642420823 -0.0035262205605086977 -0.0038338349745608864 -0.0023065841674627693 -0.004404909222242106 -0.0063108923730658406 -0.00020296505795392605 -0.0028001649829238885 -0.0001428677516265048
leaf_weight=79 694 1087 324 83 575 3139 1488 2849 75 62 536 377 314 383 64 69 721 569 105 67 112 109 108 72 76 85 67 65 73 218 203 91 88 61 69
leaf_count=79 694 1087 324 83 575 3139 1488 2849 75 62 536 377 314 383 64 69 721 569 105 67 112 109 108 72 76 85 67 65 73 218 203 91 88 61 69
internal_value=-8.61748e-05 0.000177305 -0.00019887 -0.000525615 0.000394169 0.00121503 -0.00163596 -0.00178704 0.00183431 0.00176457 -0.00148241 0.00238607 0.000839573 0.0036746 0.000904291 0.0011419 0.00156462 0.00348992 0.00408651 0.000176926 -0.00314982 0.00459078 -0.00220163 -0.00366534 -0.00210717 -0.00313298 -0.00339459 -0.00138688 -0.00209043 -0.00385724 -0.00334473 -0.00485107 -0.00120581 -0.00217818 -0.00143231
internal_weight=15157 13959 11378 9757 5337 3714 4420 4337 2581 1621 1623 1398 638 760 1656 1592 1415 925 783 142 1198 678 177 924 223 161 852 274 228 624 421 203 155 195 130
internal_count=15157 13959 11378 9757 5337 3714 4420 4337 2581 1621 1623 1398 638 760 1656 1592 1415 925 783 142 1198 678 177 924 223 161 852 274 228 624 421 203 155 195 130
is_linear=0
shrinkage=0.02


Tree=44
num_leaves=34
num_cat=0
split_feature=36 30 34 38 37 36 37 38 36 35 16 16 37 37 40 40 40 11 17 46 40 20 26 38 14 34 3 19 35 17 26 35 43
split_gain=29.2411 21.359 17.8969 28.7945 16.6444 23.3234 15.8718 14.9001 13.9445 9.58754 7.91345 12.9195 7.4157 6.81207 6.50637 6.38575 3.42468 3.37027 2.31084 2.17793 1.99117 2.89819 2.3934 2.20616 1.97596 1.95284 1.69113 2.18887 0.930465 0.577404 0.839062 0.185468 0.166467
threshold=-0.15085972100496289 -0.5075620412826537 0.14312935620546344 -0.031873507425189011 0.0093778399750590342 0.22587104886770251 0.0070376950316131124 -0.16466531902551648 0.29328395426273351 0.38493418693542486 0.024139283224940303 0.02272752765566111 0.027446017600595955 0.012204733677208425 1.2620537877082827 0.93020960688591015 0.64611038565635692 0.029776033945381645 0.48947484791278845 0.30429521203041082 0.7393348515033723 0.052998254075646407 0.035084191709756858 -0.23328391462564466 0.3706896454095841 -0.059203272685408585 0.59569665789604198 0.14149743318557742 -0.017608229070901867 -0.281911090016365 0.025707738474011425 -0.079960588365793214 0.076321907341480269
decision_type=2 2 2 2 2 2 2 2 2 2 2 2 2 2 2 2 2 2 2 2 2 2 2 2 2 2 2 2 2 2 2 2 2
left_child=18 12 3 4 7 -6 -5 -3 -8 10 11 -4 14 -12 15 16 -2 -17 20 -16 29 22 23 -22 28 -26 27 -11 -14 -1 31 -31 -27
right_child=1 2 9 6 5 -7 8 -9 -10 26 13 -13 24 -15 19 17 -18 -19 -20 -21 21 -23 -24 -25 25 32 -28 -29 -30 30 -32 -33 -34
leaf_value=-0.0057250733974861436 -0.0025898340659834254 -0.003566265247616684 0.0030115558257489787 0.0064080334968128049 -0.0011975534900601791 0.0014409042465873356 -0.0034921109743630266 0.0037728245024933648 -0.00096698640436382961 -0.003557506085207609 0.0057574764176784934 -0.0026728390071208323 0.0079208650433126547 0.001847864157823049 0.00064704945115954626 0.003408869880677544 0.0011233117046706767 -0.0012304612336329361 -0.006333368029859331 -0.0040893855792853758 -0.001276491260301886 0.0019393335976268329 -0.005485103346241106 -0.0038530716252066577 0.0005222459393036035 0.0036660585107250762 -0.0044607468224294282 0.00067956059623737724 0.0042908373913201295 -0.0017362068772022411 -0.0048218303123023359 -0.0033358529318647922 0.0056926651589631564
leaf_weight=74 113 125 429 88 3081 2367 1536 832 2038 70 380 251 84 343 61 818 689 66 78 99 436 60 95 193 69 72 61 144 66 89 117 61 60
leaf_count=74 113 125 429 88 3081 2367 1536 832 2038 70 380 251 84 343 61 818 689 66 78 99 436 60 95 193 69 72 61 144 66 89 117 61 60
internal_value=-3.26325e-05 0.000225694 -0.00011296 -0.00043191 0.000376797 -5.08736e-05 -0.0018458 0.00280503 -0.00205451 0.00179731 0.00246626 0.000909357 0.00203426 0.00391939 0.0015219 0.00188851 0.000591194 0.00305838 -0.00302042 -0.00229881 -0.0027736 -0.00220069 -0.00255175 -0.0020832 0.00469033 0.00329997 -0.00160176 -0.000731809 0.00644564 -0.0040572 -0.00353276 -0.00244592 0.00470068
internal_weight=15145 13942 11745 10067 6405 5448 3662 957 3574 1678 1403 680 2197 723 1846 1686 802 884 1203 160 1125 784 724 629 351 201 275 214 150 341 267 150 132
internal_count=15145 13942 11745 10067 6405 5448 3662 957 3574 1678 1403 680 2197 723 1846 1686 802 884 1203 160 1125 784 724 629 351 201 275 214 150 341 267 150 132
is_linear=0
shrinkage=0.02


Tree=45
num_leaves=29
num_cat=0
split_feature=36 30 40 31 31 40 41 46 13 40 40 36 26 11 35 40 17 40 20 44 5 13 35 5 10 40 39 5
split_gain=29.2126 18.182 17.2426 14.5653 14.9535 17.3824 12.3315 11.6228 8.81439 5.28611 5.51028 4.26408 4.5308 4.03187 3.24902 2.70564 2.05974 1.61647 1.60054 2.42696 2.51695 1.27396 1.1204 1.04642 0.589142 0.582698 1.10802 0.253477
threshold=-0.15085972100496289 -0.5075620412826537 1.5085739493370058 3.2325458526611333 0.48313204944133764 0.46519245207309728 0.57599878311157238 0.61552816629409801 -0.22362807393074033 1.2620537877082827 0.64611038565635692 0.23597877472639087 0.014754663221538069 0.01288843108341098 0.098258756101131453 0.99400919675827037 0.48947484791278845 0.76724120974540722 -0.017992856912314888 0.022756472229957584 -0.3976957499980926 -0.12352800369262694 -0.13728141039609906 0.25764228403568273 0.011732861865311863 0.64611038565635692 0.74080619215965282 -0.14582750946283338
decision_type=2 2 2 2 2 2 2 2 2 2 2 2 2 2 2 2 2 2 2 2 2 2 2 2 2 2 2 2
left_child=16 9 3 4 7 -6 8 -3 -5 10 23 13 -13 -12 -11 -8 17 24 19 22 -21 -4 -19 -2 -1 27 -27 -26
right_child=1 2 21 6 5 -7 15 -9 -10 14 11 12 -14 -15 -16 -17 -18 18 -20 20 -22 -23 -24 -25 25 26 -28 -29
leaf_value=-0.0021420911755188404 -1.9022852488576541e-06 -0.00045809938237550258 -0.0045837838864205655 -0.012133866892920602 -0.0046557510478026825 0.00083687427752717207 -0.0010266847858126735 -0.0038043362271663172 -0.00379367111909848 0.00067552153954210771 0.0059492543346777154 -0.0015614027093031578 0.0037573358319583222 0.001061820703280356 -0.0048276404440129065 0.0045288889148139529 -0.0062855035865803559 -0.0040096950591882556 0.00043093453123267873 -0.001576040003212312 -0.0069462288496662666 -0.0087705944427228597 -0.0014155307969128629 -0.0035404128521967396 -0.0042327914053411596 -0.0066784356008775326 -0.0031987090078839922 -0.0023137445247688607
leaf_weight=80 70 3053 71 60 235 7279 68 478 296 114 71 67 915 822 65 67 72 79 80 62 86 74 419 62 60 87 82 88
leaf_count=80 70 3053 71 60 235 7279 68 478 296 114 71 67 915 822 65 67 72 79 80 62 86 74 419 62 60 87 82 88
internal_value=-2.39412e-05 0.000234804 -7.85636e-05 8.37149e-06 0.00015869 0.00066317 -0.00335144 -0.000914215 -0.00529176 0.00190757 0.00220145 0.00247986 0.00338978 0.00147014 -0.00136398 0.00176179 -0.00302038 -0.00279396 -0.00221267 -0.00254207 -0.00477919 -0.00686173 -0.0018506 -0.00171308 -0.0038299 -0.00422864 -0.0050811 -0.003167
internal_weight=15062 13867 11681 11536 11045 7514 491 3531 356 2186 2007 1875 982 893 179 135 1195 1123 726 646 148 145 498 132 397 317 169 148
internal_count=15062 13867 11681 11536 11045 7514 491 3531 356 2186 2007 1875 982 893 179 135 1195 1123 726 646 148 145 498 132 397 317 169 148
is_linear=0
shrinkage=0.02


Tree=46
num_leaves=36
num_cat=0
split_feature=36 37 34 38 36 37 33 36 35 35 37 37 33 38 37 16 34 21 44 12 17 46 35 38 41 17 41 48 39 39 47 48 26 41 46
split_gain=26.2969 20.2286 20.288 24.2807 16.5553 30.0715 27.1805 13.6607 13.6227 13.4 11.8824 11.7723 5.48622 8.56142 4.13902 3.69527 3.44938 3.00951 3.28073 2.93365 2.50572 4.6274 2.4347 2.36946 2.00782 2.0025 1.51642 1.95606 1.58256 1.56502 1.46003 1.42507 1.15352 0.845517 0.667428
threshold=-0.15085972100496289 0.023808800615370277 0.17045219987630847 -0.018733770586550232 0.23344635218381884 0.0090470421127975004 -0.0084942099638283235 0.51863935589790355 0.13010810315608981 0.15525458008050921 0.013353099115192892 0.012462839484214784 0.0038516359636560087 -0.13373690098524091 0.033393157646059997 0.022393968887627128 -0.0014218652504496274 62.619575500488288 0.022161420434713367 -0.074204955250024782 0.91907224059104931 0.35628965497016912 0.098258756101131453 -0.31771011650562281 0.52849429845809948 0.48947484791278845 0.70759814977645885 0.78154808282852184 1.5277315974235537 0.76487344503402721 0.59097579121589672 0.33400586247444158 0.030488397926092151 0.78930044174194347 0.89564427733421337
decision_type=2 2 2 2 2 2 2 2 2 2 2 2 2 2 2 2 2 2 2 2 2 2 2 2 2 2 2 2 2 2 2 2 2 2 2
left_child=23 2 3 4 5 -2 -6 12 10 -10 -5 19 13 14 -3 32 -15 18 -14 -4 21 -13 -19 -1 -21 26 27 29 33 -25 31 -17 -9 -28 -22
right_child=1 7 11 8 6 -7 -8 15 9 -11 -12 20 17 16 -16 30 -18 22 -20 24 34 -23 -24 25 -26 -27 28 -29 -30 -31 -32 -33 -34 -35 -36
leaf_value=0.00043062604195438325 0.0027865250579734665 0.0065284491675529658 0.00087670144367785684 -0.00070905479649773038 -0.0019486763874444154 -0.0010562831893173241 0.0031386731754566837 -0.001762757101849197 -0.0058243932285105462 -0.0017668214546734445 0.0048972684148548534 -0.00073392302178694772 0.0037456585522817423 -0.0015482003531655996 0.0023261984146657126 0.0038898602326257301 0.0028311239247483136 0.00045583956204354765 0.0073467877579244736 0.0075476964855676187 -0.00033394263432744674 0.0033628715729936351 0.0048550934291341236 -0.0039201713579853732 0.0043955411717832796 -0.0062552110007433569 -0.0017385830450201282 -0.0066979159894188442 0.00075357965169883443 -0.0018533800580819244 -0.0019192036729305984 -7.1564100449904804e-05 -0.0051710182276554408 -0.0042080089653651403 -0.0029799834259538328
leaf_weight=79 1012 148 60 637 569 4121 1582 91 370 2634 195 199 241 260 266 62 96 117 193 150 99 241 87 360 226 76 204 66 75 266 62 81 77 80 61
leaf_count=79 1012 148 60 637 569 4121 1582 91 370 2634 195 199 241 260 266 62 96 117 193 150 99 241 87 360 226 76 204 66 75 266 62 81 77 80 61
internal_value=-6.20826e-05 0.000183261 -0.000108501 -0.000358211 0.000319935 -0.000297272 0.00179162 0.00217204 -0.00164541 -0.00227223 0.000616604 0.00256412 0.00307244 0.00192192 0.00386701 -0.00122154 -0.000350684 0.00444395 0.00538881 0.00505378 0.000737159 0.00151532 0.00238 -0.00289161 0.00570548 -0.0031259 -0.00288151 -0.00343272 -0.00179661 -0.00305657 0.000577314 0.00168376 -0.00339404 -0.0024744 -0.00138516
internal_weight=15143 13937 12156 11120 7284 5133 2151 1781 3836 3004 832 1036 1408 770 414 373 356 638 434 436 600 440 204 1206 376 1127 1051 692 359 626 205 143 168 284 160
internal_count=15143 13937 12156 11120 7284 5133 2151 1781 3836 3004 832 1036 1408 770 414 373 356 638 434 436 600 440 204 1206 376 1127 1051 692 359 626 205 143 168 284 160
is_linear=0
shrinkage=0.02


Tree=47
num_leaves=35
num_cat=0
split_feature=36 40 40 31 43 13 41 46 13 37 13 9 11 40 5 30 40 46 38 44 30 13 5 48 23 30 41 35 48 29 4 24 32 29
split_gain=25.9564 19.167 19.2105 19.5646 18.6762 16.6582 12.9289 11.4267 10.155 9.97094 7.65963 5.81046 4.71549 3.83617 5.0532 3.33276 2.45387 2.40787 2.00129 2.21899 1.74841 1.63922 1.5229 1.43317 0.906233 0.832962 0.78719 0.781912 0.7228 0.657745 1.09493 0.546784 0.493175 0.480502
threshold=-0.15085972100496289 1.3243254423141482 0.61676627397537243 3.2325458526611333 -0.19351182878017423 -0.49398656189441675 0.57599878311157238 0.14464352279901507 -0.12059799581766127 0.024521977640688423 -0.35069671273231501 0.03939445689320565 0.012004586867988111 1.4513317346572878 0.69049313664436351 0.74744597077369701 0.97405219078063976 0.91303688287734996 -0.26547384262084955 0.028977220878005031 0.67884969711303722 -0.16578441858291623 0.00706778233870864 0.88646370172500621 0.16648247838020327 0.21767868101596835 0.65955099463462841 0.057047186419367797 0.16269258409738543 0.073992706835269942 -0.36196094751358027 26.577652931213382 0.92016914486885082 0.038911521434783942
decision_type=2 2 2 2 2 2 2 2 2 2 2 2 2 2 2 2 2 2 2 2 2 2 2 2 2 2 2 2 2 2 2 2 2 2
left_child=18 2 7 4 5 -4 8 -2 -5 -6 23 13 17 14 -12 -14 -8 -9 20 24 22 -15 25 27 26 31 28 -3 -20 30 -26 -1 -24 -28
right_child=1 10 3 6 9 -7 16 12 -10 -11 11 -13 15 21 -16 -17 -18 -19 19 -21 -22 -23 32 -25 29 -27 33 -29 -30 -31 -32 -33 -34 -35
leaf_value=-0.001578537808365409 0.0036908822266811161 0.0035964931922536046 0.0050666518267031306 -0.01035098519838149 0.00094893523152177629 -0.0011385771429255826 -0.00057685652879377216 4.2912235148774691e-05 -0.0029815508917104918 0.0029924867338402411 -0.004334972579606868 0.00048163011101340619 -0.0044044314449912178 -0.0040691730809054878 0.0017712211557797022 -7.9064303280456969e-05 0.0047737143541016847 -0.004334875124757962 -0.0028079404332816151 -0.0072236034838216645 0.001114940908682697 -0.0077286827036251249 -0.00254148194760025 -0.0012136320352227879 -0.0011451048876789183 -0.0036298580555807029 -0.0013585487193993426 0.00036524650512913628 -0.0057097245235745511 -0.00050732920750759655 -0.0040281463144060514 0.00048365476450712327 -0.0052639783206395807 -0.0036502379926365049
leaf_weight=187 115 60 183 109 7716 2483 72 246 239 1089 249 109 572 92 67 82 61 60 63 60 65 153 60 94 96 60 67 60 125 66 127 68 73 102
leaf_count=187 115 60 183 109 7716 2483 72 246 239 1089 249 109 572 92 67 82 61 60 63 60 65 153 60 94 96 60 67 60 125 66 127 68 73 102
internal_value=-7.70088e-05 0.000168385 0.00036207 0.000592633 0.000758717 -0.000707046 -0.00334626 -0.00219495 -0.00536138 0.00120273 -0.00267628 -0.00372471 -0.00291036 -0.00454197 -0.00303269 -0.00386647 0.00192098 -0.000845993 -0.00287175 -0.00356652 -0.0018985 -0.00642438 -0.00234244 0.000607683 -0.00319349 -0.00155429 -0.00388206 0.00203731 -0.00480193 -0.00230832 -0.00282312 -0.00102551 -0.00412629 -0.00278705
internal_weight=15130 13911 13027 11952 11471 2666 481 1075 348 8805 884 670 960 561 316 654 133 306 1219 706 513 245 448 214 646 315 357 120 188 289 223 255 133 169
internal_count=15130 13911 13027 11952 11471 2666 481 1075 348 8805 884 670 960 561 316 654 133 306 1219 706 513 245 448 214 646 315 357 120 188 289 223 255 133 169
is_linear=0
shrinkage=0.02


Tree=48
num_leaves=38
num_cat=0
split_feature=36 37 10 34 38 40 36 33 37 43 40 40 15 35 41 16 38 41 42 4 44 41 40 4 40 47 48 4 17 39 17 31 26 4 34 46 43
split_gain=24.5041 18.3129 21.0276 15.5075 19.3024 17.8867 12.9408 12.8125 12.1544 6.46769 5.43227 7.87724 5.39046 4.91535 4.52943 4.06748 2.53827 2.1974 2.11149 2.60184 1.77885 1.68317 2.82702 2.02186 2.70507 1.46562 1.38238 1.37928 1.24161 1.09898 1.66968 0.991582 0.855438 0.739186 0.662946 0.493265 0.383944
threshold=-0.19043911248445508 0.023808800615370277 0.023166089318692688 0.17045219987630847 -0.021772679872810837 0.76724120974540722 0.51863935589790355 0.0021390955662354831 0.012596179265528919 0.50955119729042064 1.2917216420173647 1.0860027670860293 0.66379308700561535 0.13123323768377307 0.53729796409606945 0.022393968887627128 -0.011555322445929049 0.52849429845809948 0.034457905218005187 0.21364864706993106 0.033019529655575759 0.6902616322040559 1.1125565171241762 -0.04085199907422065 0.7263658642768861 0.59097579121589672 0.31474687159061437 1.0156372189521792 0.21678790450096133 1.5056952834129336 -0.15401538461446759 0.18991655856370929 0.030488397926092151 -0.36196094751358027 -0.0014218652504496274 0.40388205647468572 0.25314623117446905
decision_type=2 2 2 2 2 2 2 2 2 2 2 2 2 2 2 2 2 2 2 2 2 2 2 2 2 2 2 2 2 2 2 2 2 2 2 2 2
left_child=21 2 3 4 5 -2 12 -6 17 10 11 -4 13 14 -3 32 -10 -5 28 -20 -12 22 23 31 36 26 -17 -11 -14 30 33 35 -8 -23 -15 -1 -25
right_child=1 6 9 8 7 -7 15 -9 16 27 20 -13 18 34 -16 25 -18 -19 19 -21 -22 29 -24 24 -26 -27 -28 -29 -30 -31 -32 -33 -34 -35 -36 -37 -38
leaf_value=-0.0046560109570190043 -0.0014867813802696989 -0.0025177252136749551 -0.0027213719671060929 0.0064860111326348084 -0.0030527948087358376 0.0010986663746464184 -0.0020191549498096597 -0.00047538121313921047 0.0025114748524328379 -0.0045447006748879654 -0.0061389329634358491 0.0011695657281817155 0.0037312245184278232 0.0065234124502865599 0.0019745036137956283 0.0040080246195670155 -0.00050395089003115454 0.0035998841829775179 -0.00040446240378780258 0.005015276581048965 -0.0019320418764400529 -0.00057210207577941031 -0.0077674062815494835 -0.0020453302987298231 0.0016743181627825836 -0.0017835756200296222 0 -0.0088942608079523779 0.0068666226400846174 0.00016696883894174415 -0.004937446588412454 -0.0065726019640593497 -0.0049723660757028778 -0.0030339684334808382 0.0037824294245927719 -0.0025673685323563404 -0.004476872929802804
leaf_weight=109 1349 100 601 199 1105 5134 88 2549 158 82 147 315 91 77 706 60 361 265 60 81 61 118 68 61 61 64 76 61 180 65 89 70 83 84 108 109 64
leaf_count=109 1349 100 601 199 1105 5134 88 2549 158 82 147 315 91 77 706 60 361 265 60 81 61 118 68 61 61 64 76 61 180 65 89 70 83 84 108 109 64
internal_value=-7.16225e-05 0.000131763 -0.000140509 0.000137814 -9.49654e-05 0.000560086 0.0020305 -0.00125695 0.0025323 -0.00257859 -0.00205615 -0.00138279 0.00290786 0.0020959 0.00140865 -0.00128142 0.000421282 0.00487354 0.00482923 0.00274168 -0.00495493 -0.00326978 -0.00397798 -0.00338682 -0.00171267 0.000650814 0.00181737 -0.00655159 0.00586981 -0.00216454 -0.00268512 -0.0044358 -0.00351935 -0.00163014 0.00501448 -0.00366524 -0.00337384
internal_weight=15059 14161 12387 11120 10137 6483 1774 3654 983 1267 1124 916 1403 991 806 371 519 464 412 141 208 898 542 474 186 200 136 143 271 356 291 288 171 202 185 218 125
internal_count=15059 14161 12387 11120 10137 6483 1774 3654 983 1267 1124 916 1403 991 806 371 519 464 412 141 208 898 542 474 186 200 136 143 271 356 291 288 171 202 185 218 125
is_linear=0
shrinkage=0.02


Tree=49
num_leaves=31
num_cat=0
split_feature=36 30 40 36 34 38 37 35 37 40 40 40 40 3 40 38 35 47 35 40 40 35 39 14 43 13 30 13 19 35
split_gain=22.5345 18.2378 15.5881 14.4806 18.6588 14.0906 12.2955 9.44333 5.66545 6.04469 5.82233 5.57551 4.20658 2.91957 2.56422 2.12757 2.04044 1.68981 2.02304 1.79212 1.87997 1.78035 1.60455 1.44563 1.79293 1.32135 0.551664 0.565422 0.486094 0.44831
threshold=-0.15085972100496289 -0.5075620412826537 1.5085739493370058 -0.03503217734396457 0.14204169809818271 -0.018733770586550232 0.0090185254812240618 0.38493418693542486 0.027446017600595955 1.2574865818023684 0.93020960688591015 0.84137067198753368 0.8691898286342622 -0.073749821633100496 0.64611038565635692 -0.31771011650562281 0.099443349987268462 0.86720469594001781 -0.079960588365793214 0.76971054077148449 1.094751298427582 -0.13728141039609906 1.3939478397369387 0.35757519304752355 0.076321907341480269 -0.12352800369262694 0.098870873451232924 -0.22021301090717313 -0.074031181633472429 -0.021271876990795132
decision_type=2 2 2 2 2 2 2 2 2 2 2 2 2 2 2 2 2 2 2 2 2 2 2 2 2 2 2 2 2 2
left_child=15 8 3 6 5 -5 12 -6 9 10 14 -8 -3 -12 -2 -1 -11 19 -19 26 21 -21 -22 29 -25 -4 28 -28 -17 -10
right_child=1 2 25 4 7 -7 11 -9 23 16 13 -13 -14 -15 -16 17 -18 18 -20 20 22 -23 -24 24 -26 -27 27 -29 -30 -31
leaf_value=0.00051631978020155571 -0.0021649865374752456 0.0022175499795282138 -0.0043593538134225774 -0.00010311488749807095 0.0022652895374257777 -0.001803345648645423 -0.0019629893642680342 -0.0017165494768202982 0.0072533964936292786 -0.00044037471882485857 0.0012694051557011826 0.0018287137630897381 0.0066908728478531423 0.0037388221266247881 0.0010061113166688655 -0.0025167085336361195 -0.0049755052095422376 -0.0072586077818881387 -0.0022077238671803991 -0.0036590157656565953 -0.0042852881495347725 -1.2721363012203758e-05 -0.0012587622690295416 0.0014035052835963018 0.00529035810658405 -0.0086776231002807635 -0.0038115446085540145 -0.0010193790058708855 -0.0048422518913200834 0.0043139304099604489
leaf_weight=75 117 138 67 5833 1434 2927 230 283 65 105 296 461 234 571 676 61 62 73 62 66 175 242 123 115 83 72 62 60 184 65
leaf_count=75 117 138 67 5833 1434 2927 230 283 65 105 296 461 234 571 676 61 62 73 62 66 175 242 123 115 83 72 62 60 184 65
internal_value=-6.78382e-05 0.000158883 -0.000153117 -7.19687e-05 -0.000297929 -0.000671754 0.00214874 0.00160656 0.00184809 0.00140821 0.00177389 0.000562171 0.0050651 0.00290418 0.000530592 -0.00271366 -0.00218805 -0.002934 -0.00504461 -0.00262553 -0.00193756 -0.000825044 -0.0030644 0.00426031 0.00309246 -0.00673927 -0.0037339 -0.00250377 -0.00430472 0.00592164
internal_weight=15017 13834 11679 11540 10477 8760 1063 1717 2155 1827 1660 691 372 867 793 1183 167 1108 135 973 606 308 298 328 198 139 367 122 245 130
internal_count=15017 13834 11679 11540 10477 8760 1063 1717 2155 1827 1660 691 372 867 793 1183 167 1108 135 973 606 308 298 328 198 139 367 122 245 130
is_linear=0
shrinkage=0.02


Tree=50
num_leaves=43
num_cat=0
split_feature=37 38 38 34 37 35 17 31 20 4 35 35 38 34 11 35 13 38 33 37 21 37 23 3 11 40 37 34 11 45 34 40 45 30 11 4 7 29 37 21 23 31
split_gain=20.051 20.2567 19.8488 30.1883 17.6215 20.4163 16.027 12.1442 16.2686 10.7521 10.2917 8.64188 7.7582 16.7116 7.45264 7.13398 6.51864 5.76681 5.14098 4.9316 4.62924 4.71708 6.30633 5.30541 3.90424 3.11253 3.05618 2.83592 2.82853 3.16956 2.21825 1.99577 1.65323 2.01221 1.57043 1.45917 1.17727 0.94652 0.892951 0.636888 0.454694 0.395177
threshold=0.023582911118865017 -0.19103229045867917 -0.04911589436233043 0.139903798699379 0.0090470421127975004 0.17641562968492511 0.66653847694396984 1.5967964529991152 0.21430653333663943 0.47000326216220861 0.41866117715835577 -0.033536339178681367 -0.11917687579989432 -0.038923656567931168 0.012417673598974945 0.1007712446153164 -0.13926986604928968 -0.055336430668830865 0.010750594083219768 0.016696170903742317 59.320049285888679 0.027912265621125702 0.53107503056526195 -0.24518837034702298 0.017160355113446716 0.73598620295524608 0.022084853611886505 0.15668973326683047 0.023482919670641426 0.3706896454095841 0.17045219987630847 0.94578951597213756 0.69589141011238109 0.18779975920915606 0.022318663075566295 0.36704628169536596 0.004044565837830306 0.073515191674232497 0.027563071809709076 44.727821350097663 0.27440536022186285 0.74615794420242321
decision_type=2 2 2 2 2 2 2 2 2 2 2 2 2 2 2 2 2 2 2 2 2 2 2 2 2 2 2 2 2 2 2 2 2 2 2 2 2 2 2 2 2 2
left_child=1 6 4 7 11 16 15 8 -4 -9 14 -3 20 28 -5 19 -6 -7 34 25 21 41 23 -23 -13 -1 -21 -20 29 39 -12 -8 33 -17 40 -31 -22 -30 -36 -14 -15 -2
right_child=12 2 3 10 5 17 31 9 -10 -11 30 24 13 18 -16 32 -18 -19 27 26 36 22 -24 -25 -26 -27 -28 -29 37 35 -32 -33 -34 -35 38 -37 -38 -39 -40 -41 -42 -43
leaf_value=-0.0027650528626909179 0.0050755293853685587 -0.0013567757856083708 -0.0018569347915550411 0.0052785896413959565 -0.00064527072339865975 0.0064370017346919283 0.0071627395731815391 -0.0058890663606017525 0.00097598865115098199 -0.0018880932162501269 -0.0044760474455947784 0.0053420770422308644 -0.0049348825952038166 0.0061934702127228345 0.0016181791068521434 -0.0056611520059639603 0.0011930468994607181 0.00057403227901186356 -0.0022125820781114282 -0.0037506533248351905 0.0014940402090818767 -0.0033024363792501388 0.0085471386123980794 0.002859114148466047 0.00047853960179358344 -0.00063060050890402898 0.00092268180539683696 0.0030535947530951403 -0.0025003875359667065 0.0029761401305851689 -0.0005951780862727225 0.0021101934261935052 -0.0078705337452421708 -0.0011660268669365906 0.0042824637039574672 -0.00080643494810689906 -0.0020842880544845355 -0.0059918926663651883 0.00099614370264725343 -0.0018859193752869033 0.0036853642077185212 0.0075381350059814146
leaf_weight=380 86 106 2282 277 2111 273 66 390 1254 869 89 561 61 149 1119 127 1212 90 90 617 80 61 67 454 76 970 60 70 63 65 169 65 80 61 66 99 63 80 70 61 61 106
leaf_count=380 86 106 2282 277 2111 273 66 390 1254 869 89 561 61 149 1119 127 1212 90 90 617 80 61 67 454 76 970 60 70 63 65 169 65 80 61 66 99 63 80 70 61 61 106
internal_value=-3.99831e-05 -0.000311591 5.70381e-05 -0.000650754 0.00108761 0.000519503 -0.00196294 -0.00145438 -0.000852014 -0.00313932 0.00167679 0.00389122 0.00190795 0.000621385 0.00235497 -0.00235322 2.53908e-05 0.00500273 0.00307588 -0.00194131 0.00321237 0.00382103 0.00289497 0.00211247 0.00476834 -0.00123695 -0.00333276 9.90324e-05 -0.0022726 -0.00109831 -0.00197382 0.00476658 -0.00540897 -0.00424909 0.0044369 0.0007133 -8.60115e-05 -0.00454351 0.00265618 -0.00350025 0.00553179 0.00653528
internal_weight=15156 13304 10878 6449 4429 3686 2426 4795 3536 1259 1654 743 1852 935 1396 2295 3323 363 506 2027 917 774 582 515 637 1350 677 160 429 286 258 131 268 188 346 164 143 143 136 122 210 192
internal_count=15156 13304 10878 6449 4429 3686 2426 4795 3536 1259 1654 743 1852 935 1396 2295 3323 363 506 2027 917 774 582 515 637 1350 677 160 429 286 258 131 268 188 346 164 143 143 136 122 210 192
is_linear=0
shrinkage=0.02


Tree=51
num_leaves=33
num_cat=0
split_feature=36 31 37 34 36 36 47 37 36 30 41 20 35 35 4 44 35 31 30 38 16 47 47 13 20 31 27 20 46 40 45 25
split_gain=22.1096 17.3037 17.0897 18.2579 15.0396 17.2756 13.1868 12.9499 8.21382 8.18567 9.18016 12.2352 6.18978 6.65702 4.93237 5.21995 4.66392 3.50032 3.34069 2.32162 2.23521 2.22514 1.82081 1.19181 1.17093 1.10207 1.176 1.02883 0.755145 0.386478 0.287486 0.15646
threshold=-0.15085972100496289 2.1341483592987065 0.024521977640688423 0.139903798699379 -0.04101168364286422 0.23344635218381884 0.97212031483650219 0.010033012367784979 0.52496865391731273 0.92963498830795299 0.60467714071273815 0.33085334300994879 0.38493418693542486 0.15689333528280261 -0.078638952225446687 0.024299823679029945 0.34624868631362921 3.7634668350219731 0.18779975920915606 -0.28898605704307551 0.022393968887627128 0.52457812428474437 0.90517240762710582 -0.063340917229652391 -0.29162508249282831 0.18991655856370929 0.0013260939158499243 0.048160361126065261 0.37386569380760198 0.99197363853454601 0.54310345649719249 -10.079118728637694
decision_type=2 2 2 2 2 2 2 2 2 2 2 2 2 2 2 2 2 2 2 2 2 2 2 2 2 2 2 2 2 2 2 2
left_child=19 2 3 4 7 -6 9 -2 14 10 11 -3 13 -5 15 -4 -12 -8 -16 25 30 -14 23 24 -21 26 31 -27 -26 -28 -10 -1
right_child=1 6 8 12 5 -7 17 -9 20 -11 16 -13 21 -15 18 -17 -18 -19 -20 22 -22 -23 -24 -25 28 27 29 -29 -30 -31 -32 -33
leaf_value=-0.0026676801845046971 0.0042507435435231548 -0.0087446381557604366 -0.0011099921321993777 0.00057053913891253513 -0.0012661744868640561 0.0005668756348070742 -0.003372137569700894 -0.00014555226912960523 -0.0015397596861634936 0.0054537471911042098 0.0017598719212240164 -0.0017835917910329563 0.0004360369564553278 0.0036174341158051542 0.0044109184996021624 0.0055599726922227997 -0.0023839475032935539 -0.0096143827550113203 0.00065738921507830378 -0.00095820010730742746 0.0012680133845507434 -0.0041490611129385577 -0.0064296309902199681 -0.00023331800144579676 -0.0046587626982495731 -0.0039272541189177244 -0.0003517823622872432 -0.00058341501769609751 -0.0029924150985851999 0.0018168375890944962 -0.0035829399589565581 -0.001107098664957448
leaf_weight=60 540 113 173 418 4539 3755 66 528 67 69 391 812 110 926 778 61 147 93 110 85 109 65 67 60 178 98 60 61 398 66 61 61
leaf_count=60 540 113 173 418 4539 3755 66 528 67 69 391 812 110 926 778 61 147 93 110 85 109 65 67 60 178 98 60 61 398 66 61 61
internal_value=-3.98221e-05 0.000184195 0.000446358 0.00018184 -0.000148295 -0.00043626 -0.00171027 0.00208204 0.00255846 -0.00113325 -0.00145512 -0.00266057 0.00221349 0.00267394 0.00327173 0.00067291 0.000618849 -0.00713987 0.00395086 -0.00264829 -0.000812808 -0.00130261 -0.00328229 -0.002963 -0.0032071 -0.00140027 -0.000546875 -0.00268513 -0.00353056 0.000792244 -0.00258085 -0.00193482
internal_weight=15125 13931 12240 10881 9362 8294 1691 1068 1359 1532 1463 925 1519 1344 1122 234 538 159 888 1194 237 175 788 721 661 406 247 159 576 126 128 121
internal_count=15125 13931 12240 10881 9362 8294 1691 1068 1359 1532 1463 925 1519 1344 1122 234 538 159 888 1194 237 175 788 721 661 406 247 159 576 126 128 121
is_linear=0
shrinkage=0.02


Tree=52
num_leaves=32
num_cat=0
split_feature=36 40 40 31 41 38 34 36 46 13 13 11 46 9 46 30 40 3 46 27 38 38 20 31 40 13 30 11 47 46 3
split_gain=20.5795 18.2521 17.4819 18.5636 12.9182 12.8655 25.7203 14.5802 10.6973 9.48523 7.69185 5.14819 4.60969 3.97108 3.87026 3.15793 2.80456 4.17175 2.75413 2.32165 1.84033 1.65989 1.47761 1.46261 1.51798 2.10476 1.78102 1.36085 1.15522 0.810952 0.29948
threshold=-0.15085972100496289 1.3243254423141482 0.61676627397537243 3.2325458526611333 0.57599878311157238 -0.019439239054918286 0.14312935620546344 0.21314036846160891 0.19993950426578525 -0.12059799581766127 -0.25583374500274653 0.012004586867988111 0.6347549855709077 0.03939445689320565 0.21164613962173465 0.63900682330131542 1.4397432804107668 0.16484265029430392 0.89564427733421337 0.0027648322284221654 -0.2133880481123924 -0.31771011650562281 0.29343710839748388 0.84607723355293285 0.76724120974540722 -0.19524803012609479 0.1723049804568291 0.016920119524002079 0.5524578094482423 0.37386569380760198 -0.10858485847711562
decision_type=2 2 2 2 2 2 2 2 2 2 2 2 2 2 2 2 2 2 2 2 2 2 2 2 2 2 2 2 2 2 2
left_child=21 2 8 5 9 7 -7 -4 27 -5 12 18 14 16 28 -13 17 -12 -10 -6 -16 -1 -18 24 29 26 -26 -2 -3 -23 -31
right_child=1 10 3 4 19 6 -8 -9 11 -11 13 15 -14 -15 20 -17 22 -19 -20 -21 -22 23 -24 -25 25 -27 -28 -29 -30 30 -32
leaf_value=0.00041034042962495083 0.00039273528812918811 0.0027618545479524657 0.00045526416762584954 -0.010053102818688594 -0.00045898094935636099 -0.0013042895241753103 0.0021729682508262551 0.0022281240051398761 0.00044491215283025035 -0.0029497889795740838 -0.0057244973103557015 -0.004528347597736954 0.0037770587364772713 -0.00045343851253927986 -0.0012243940097945078 -0.0008093800162173937 -0.0053779550230403138 0.00010620803861052133 -0.0041023030029243924 0.0047608209503957853 -0.0057721131359597293 -0.0053899359203697676 -0.0093890811534125419 -0.0057080216786895809 -0.0017187320749216584 0.0014540994999309382 -0.0042869797475157409 0.0042532770490506661 -0.00098517364139843284 -0.0017362392581244178 -0.0033861578422245174
leaf_weight=70 61 65 4273 110 70 2648 1250 3282 220 239 110 526 80 94 67 113 161 86 67 62 80 81 60 62 484 63 141 93 61 71 230
leaf_count=70 61 65 4273 110 70 2648 1250 3282 220 239 110 526 80 94 67 113 161 86 67 62 80 81 60 62 484 63 141 93 61 71 230
internal_value=-4.27448e-05 0.000174839 0.000362017 0.000582747 -0.00325393 0.000744776 -0.000188142 0.00122613 -0.00207099 -0.0052581 -0.00263488 -0.00288302 -0.000355455 -0.0041963 -0.00159796 -0.0038791 -0.00502836 -0.00319807 -0.000644641 0.00203665 -0.00377195 -0.00254992 -0.00658257 -0.00273446 -0.00254575 -0.00196581 -0.00231743 0.0027672 0.000959341 -0.00356418 -0.00302124
internal_weight=15080 13878 13014 11934 481 11453 3898 7555 1080 349 864 926 353 511 273 639 417 196 287 132 147 1202 221 1132 1070 688 625 154 126 382 301
internal_count=15080 13878 13014 11934 481 11453 3898 7555 1080 349 864 926 353 511 273 639 417 196 287 132 147 1202 221 1132 1070 688 625 154 126 382 301
is_linear=0
shrinkage=0.02


Tree=53
num_leaves=43
num_cat=0
split_feature=34 38 36 37 36 35 38 34 17 16 15 34 35 38 3 35 34 16 16 34 5 36 35 37 36 11 33 38 41 40 35 37 40 48 34 36 5 41 16 12 46 24
split_gain=19.8316 22.5723 26.674 33.9291 32.7545 17.6552 15.4861 15.019 14.8588 14.5863 16.1318 11.9406 9.76204 9.18878 8.65747 8.64278 8.54534 8.43615 15.1395 7.84131 7.58706 9.81915 7.42585 7.07537 6.26049 5.71978 5.63443 4.50941 4.14753 2.82433 2.7786 4.16384 2.3484 2.3466 2.78977 2.25589 2.0621 1.79325 1.62033 0.608938 0.572985 0.338225
threshold=0.139903798699379 -0.018733770586550232 0.22977772355079654 0.0092449728399515169 0.39562122523784643 0.0077650367747992286 -0.16466531902551648 -0.096797894686460481 0.28963077068328863 0.022642872296273712 0.38793103396892553 0.0097651197575032728 0.10206797719001771 -0.13188617676496503 0.25224345922470098 0.38493418693542486 0.069513648748397841 0.024139283224940303 0.02272752765566111 0.12097598239779474 0.58842796087265026 0.28265497088432318 0.13123323768377307 0.013193024788051845 0.28765527904033666 0.016042062081396583 -0.0070164592470973721 -0.004713512957096099 0.61186695098876964 0.86102840304374706 0.24284086376428607 0.0075561658013612041 1.0740167498588564 0.26724137365818029 0.17807125300168994 0.029410414397716526 1.2251219749450686 0.79938045144081127 0.023637976497411731 -0.01147682825103402 0.42329227924346929 40.365924835205085
decision_type=2 2 2 2 2 2 2 2 2 2 2 2 2 2 2 2 2 2 2 2 2 2 2 2 2 2 2 2 2 2 2 2 2 2 2 2 2 2 2 2 2 2
left_child=1 2 3 6 5 13 35 8 -5 16 -11 -3 -9 -4 22 17 -6 18 30 -8 28 -22 23 -13 -24 29 -7 38 -16 40 31 -2 -31 -17 -35 -1 37 -27 -20 -32 -19 -36
right_child=15 11 4 7 9 26 19 12 -10 10 -12 14 -14 -15 20 33 -18 25 27 -21 21 -23 24 -25 -26 36 -28 -29 -30 32 39 -33 -34 34 41 -37 -38 -39 -40 -41 -42 -43
leaf_value=-0.00060562407028191953 0.0064439445754322948 0.0063119529882367234 0.0030370947517610884 -0.0018006522622519444 -0.0036693360439947532 0.00029238409857557275 0.0041961187286073797 -0.0011925701576613545 0.0049997061091929572 -0.002350853576676323 0.0033939844935941764 -0.0022548964559988304 -0.0035498514241252624 -0.0015347480354017118 0.0025357936943944965 0.0015591678046740784 0.0027835769176793594 0.0046182365928720114 -0.0025421265943202181 -0.0014227113749897269 -0.0056287743361009401 -0.00046089511893319891 -0.0055699530694729785 0.0026159002120583886 -0.0026596359964324505 0.0033413984184699685 0.0053804562852097183 -0.0062787585041697812 -0.0016985693217866356 0.009066011277232635 0.006914618613937544 0.0011345436298700385 0.0047319275229358408 -0.0051762341397251777 0.00054141948525867766 -0.0057511254914656825 -0.0010856366104562767 -0.00029031275101817412 0.0012648437020501922 0.0037430849929547144 0.001864924638171991 -0.0015209788434149233
leaf_weight=61 68 68 371 229 584 96 832 4095 286 315 505 435 848 329 333 75 93 63 104 111 201 531 443 161 924 355 1020 98 125 115 60 370 113 87 60 78 61 63 74 69 72 61
leaf_count=61 68 68 371 229 584 96 832 4095 286 315 505 435 848 329 333 75 93 63 104 111 201 531 443 161 924 355 1020 98 125 115 60 370 113 87 60 78 61 63 74 69 72 61
internal_value=-7.12517e-05 -0.000353178 0.000122001 -0.000618515 0.00158335 0.00338675 0.00261195 -0.00126019 0.00198101 -0.000606069 0.00118539 -0.00180582 -0.00159909 0.000889526 -0.00198704 0.00179885 -0.00277305 0.00234183 0.000920873 0.00353126 -0.000637702 -0.00189849 -0.0028023 -0.000930947 -0.00361364 0.00375496 0.00494562 -0.00289881 0.00137442 0.00564581 0.00278742 0.00199933 0.00701166 -0.00142126 -0.00250756 -0.00356057 0.00229373 0.00279349 -0.000959197 0.00534942 0.00322951 -0.000501881
internal_weight=15042 13074 9853 6540 3313 1816 1082 5458 515 1497 820 3221 4943 700 3153 1968 677 1685 843 943 1190 732 1963 596 1367 842 1116 276 458 363 567 438 228 283 208 139 479 418 178 129 135 121
internal_count=15042 13074 9853 6540 3313 1816 1082 5458 515 1497 820 3221 4943 700 3153 1968 677 1685 843 943 1190 732 1963 596 1367 842 1116 276 458 363 567 438 228 283 208 139 479 418 178 129 135 121
is_linear=0
shrinkage=0.02


end of trees

feature_importances:
source_beta_universe58_252=226
universe58_loo_drawdown_252=161
universe58_loo_log_return_126=153
universe58_loo_log_return_60=136
universe58_loo_realized_volatility_20=109
universe58_loo_log_return_20=97
source_distance_from_252_session_low=88
cross_section_return_dispersion=74
cross_section_momentum_252_percentile=73
source_drawdown_from_252_session_peak=72
source_momentum_12_1=65
source_correlation_universe58_60=59
source_return_skewness_60=50
cross_section_beta_60_percentile=46
source_beta_universe58_60=43
source_log_return_126=41
source_parkinson_volatility_20=40
cross_section_volatility_60_percentile=39
source_log_return_252=35
source_downside_volatility_60=35
source_idiosyncratic_volatility_60=34
source_close_ma200_ratio=31
source_realized_volatility_60=25
source_residual_momentum_126=22
source_downside_volatility_20=19
cross_section_momentum_126_percentile=18
source_adx_14=17
source_log_return_60=15
source_max_daily_log_return_20=15
source_close_ma50_ratio=14
universe58_loo_log_return_1=14
source_drawdown_from_60_session_peak=12
source_volatility_ratio_20_60=9
cross_section_momentum_20_percentile=8
source_rsi_14=8
source_bollinger_bandwidth_20=7
source_overnight_gap_1=7
source_residual_momentum_20=7
source_realized_volatility_20=6
cross_section_positive_return_breadth=6
source_ma5_ma20_ratio=4
source_bollinger_pct_b_20=4
source_close_to_open_log_return=3
source_directional_index_spread_14=3
source_log_return_5=2
source_log_return_1=1
source_log_return_20=1
source_intraday_log_range=1

parameters:
[boosting: gbdt]
[objective: huber]
[metric: huber]
[tree_learner: serial]
[device_type: cpu]
[data_sample_strategy: bagging]
[data: ]
[valid: ]
[num_iterations: 54]
[learning_rate: 0.02]
[num_leaves: 47]
[num_threads: 12]
[seed: 121957]
[deterministic: 1]
[force_col_wise: 1]
[force_row_wise: 0]
[histogram_pool_size: -1]
[max_depth: 6]
[min_data_in_leaf: 60]
[min_sum_hessian_in_leaf: 0.001]
[bagging_fraction: 0.9]
[pos_bagging_fraction: 1]
[neg_bagging_fraction: 1]
[bagging_freq: 1]
[bagging_seed: 121957]
[bagging_by_query: 0]
[feature_fraction: 0.9]
[feature_fraction_bynode: 1]
[feature_fraction_seed: 121957]
[extra_trees: 0]
[extra_seed: 32440]
[early_stopping_round: 0]
[early_stopping_min_delta: 0]
[first_metric_only: 0]
[max_delta_step: 0]
[lambda_l1: 0.05]
[lambda_l2: 3]
[linear_lambda: 0]
[min_gain_to_split: 0]
[drop_rate: 0.1]
[max_drop: 50]
[skip_drop: 0.5]
[xgboost_dart_mode: 0]
[uniform_drop: 0]
[drop_seed: 3213]
[top_rate: 0.2]
[other_rate: 0.1]
[min_data_per_group: 100]
[max_cat_threshold: 32]
[cat_l2: 10]
[cat_smooth: 10]
[max_cat_to_onehot: 4]
[top_k: 20]
[monotone_constraints: ]
[monotone_constraints_method: basic]
[monotone_penalty: 0]
[feature_contri: ]
[forcedsplits_filename: ]
[refit_decay_rate: 0.9]
[cegb_tradeoff: 1]
[cegb_penalty_split: 0]
[cegb_penalty_feature_lazy: ]
[cegb_penalty_feature_coupled: ]
[path_smooth: 0]
[interaction_constraints: ]
[verbosity: -1]
[saved_feature_importance_type: 0]
[use_quantized_grad: 0]
[num_grad_quant_bins: 4]
[quant_train_renew_leaf: 0]
[stochastic_rounding: 1]
[linear_tree: 0]
[max_bin: 255]
[max_bin_by_feature: ]
[min_data_in_bin: 3]
[bin_construct_sample_cnt: 200000]
[data_random_seed: 121957]
[is_enable_sparse: 1]
[enable_bundle: 1]
[use_missing: 1]
[zero_as_missing: 0]
[feature_pre_filter: 1]
[pre_partition: 0]
[two_round: 0]
[header: 0]
[label_column: ]
[weight_column: ]
[group_column: ]
[ignore_column: ]
[categorical_feature: ]
[forcedbins_filename: ]
[precise_float_parser: 0]
[parser_config_file: ]
[objective_seed: 12655]
[num_class: 1]
[is_unbalance: 0]
[scale_pos_weight: 1]
[sigmoid: 1]
[boost_from_average: 1]
[reg_sqrt: 0]
[alpha: 0.9]
[fair_c: 1]
[poisson_max_delta_step: 0.7]
[tweedie_variance_power: 1.5]
[lambdarank_truncation_level: 30]
[lambdarank_norm: 1]
[label_gain: ]
[lambdarank_position_bias_regularization: 0]
[eval_at: ]
[multi_error_top_k: 1]
[auc_mu_weights: ]
[num_machines: 1]
[local_listen_port: 12400]
[time_out: 120]
[machine_list_filename: ]
[machines: ]
[gpu_platform_id: -1]
[gpu_device_id: -1]
[gpu_use_dp: 0]
[num_gpu: 1]

end of parameters

pandas_categorical:[]
