tree
version=v4
num_class=1
num_tree_per_iteration=1
label_index=0
max_feature_idx=58
objective=quantile
feature_names=source_log_return_1 source_log_return_5 source_log_return_20 source_log_return_60 source_log_return_126 source_log_return_252 source_intraday_log_range source_close_to_open_log_return source_realized_volatility_20 source_realized_volatility_60 source_downside_volatility_20 source_downside_volatility_60 source_drawdown_from_60_session_peak source_drawdown_from_252_session_peak cross_section_momentum_20_percentile cross_section_positive_return_breadth cross_section_return_dispersion source_momentum_12_1 source_ma5_ma20_ratio source_close_ma50_ratio source_close_ma200_ratio source_rsi_14 source_bollinger_pct_b_20 source_bollinger_bandwidth_20 source_adx_14 source_directional_index_spread_14 source_parkinson_volatility_20 source_overnight_gap_1 source_positive_day_ratio_20 source_max_daily_log_return_20 source_return_skewness_60 source_distance_from_252_session_low source_volatility_ratio_20_60 universe58_loo_log_return_1 universe58_loo_log_return_20 universe58_loo_log_return_60 universe58_loo_log_return_126 universe58_loo_realized_volatility_20 universe58_loo_drawdown_252 source_beta_universe58_60 source_beta_universe58_252 source_correlation_universe58_60 source_residual_momentum_20 source_residual_momentum_126 source_idiosyncratic_volatility_60 cross_section_momentum_126_percentile cross_section_momentum_252_percentile cross_section_volatility_60_percentile cross_section_beta_60_percentile tpp_day1_weighted_average tpp_day1_rate_change_1_observed tpp_day1_rate_change_5_observed tpp_day1_rate_change_20_observed tpp_day1_rate_change_volatility_20 tpp_day1_rate_vs_ma20 tpp_observation_age_calendar_days tpp_available tpp_observed_same_day tpp_source_zero_weighted_average
feature_infos=[-0.11604969203472137:0.182477205991745] [-0.54819971323013306:0.44636186957359314] [-1.1351611614227295:1.077221155166626] [-1.1748896837234497:1.5560240745544434] [-1.0489567518234253:2.3170430660247803] [-0.89605218172073364:2.9264204502105713] [0:0.27988538146018982] [-0.16868740320205688:0.25632256269454956] [0.0056120613589882851:0.11531444638967514] [0.0079651456326246262:0.088721774518489838] [0.00095409812638536096:0.092050075531005859] [0.0049325018189847469:0.063900329172611237] [-0.71968960762023926:0] [-0.71968960762023926:0] [0.017241379246115685:1] [0.017241379246115685:1] [0.0096504408866167068:0.043657612055540085] [-0.84071391820907593:2.8910765647888184] [-0.47595494985580444:0.57290768623352051] [-0.62940984964370728:1.5476077795028687] [-0.57781422138214111:3.874976634979248] [0:100] [-0.36075755953788757:1.4870842695236206] [0.024132920429110527:1.7820020914077759] [6.9016203880310059:84.119827270507812] [-54.177944183349609:77.140235900878906] [0.0063288267701864243:0.099167443811893463] [-0.22113896906375885:0.095378585159778595] [0.10000000149011612:0.89999997615814209] [0.005115102045238018:0.18252909183502197] [-3.2178730964660645:2.969235897064209] [0:18.523586273193359] [0.28278514742851257:1.6446642875671387] [-0.092919811606407166:0.057573974132537842] [-0.39400303363800049:0.26549568772315979] [-0.32455301284790039:0.55794161558151245] [-0.14465788006782532:0.86915600299835205] [0.005578002892434597:0.041373930871486664] [-0.35748890042304993:0] [-0.96327811479568481:2.3354122638702393] [0.20776782929897308:1.6651477813720703] [-0.25081929564476013:0.94294917583465576] [-1.1516678333282471:1.0071370601654053] [-1.3436253070831299:1.9539748430252075] [0.0059593440964818001:0.072794802486896515] [0.017241379246115685:1] [0.017241379246115685:1] [0.017241379246115685:1] [0.017241379246115685:1] [10.880000114440918:53.220001220703125] [-1.8400000333786011:6.619999885559082] [-14.850000381469727:17.459999084472656] [-23.670000076293945:19.930000305175781] [0.2905217707157135:4.723813533782959] [-10.732000350952148:16.643999099731445] [0:0] [0:1] [0:1] [0:0]
tree_sizes=1381 1528 1347 1342 1527 1350 1336 1252 1429 1439 1438 1162 1345 1345 1345 1162 1343 1259 1165 1165 1072 1255 1259 1353 981 1525 1263 1157 1436 1347 1166 1260 1251 1344 1157 980 1268 1350 1445 891 1353 1342 985 1347 1346 1257 1256 1445 977 1255 1174 1441 988 1264 1449 1349 1354 1343 898 1347 1439 1443 1537 1262 1352 978 1534 1524 891 1442 1531 1529 889 1528 1347 1428 1256 1081 1533 1540 1265 1345 895 986 978 983 981 1443 1443 1538 1074 1443 1532 1542 1257 889 1537 1532 1540 1159 1450 1538 979 1541 1543 1542 1448 1527 1444 1532 1531 1442 1538 1067 982 1538 1540 1535 1526 720 1454 1529 1534 978 1170

Tree=0
num_leaves=14
num_cat=0
split_feature=49 31 44 44 38 40 30 46 37 41 44 9 2
split_gain=39.0103 34.2876 26.5799 17.8279 17.0387 11.0457 7.94379 6.18792 6.09563 4.84036 4.29674 2.52413 2.49396
threshold=46.930000305175788 3.0037451982498173 0.022609774954617027 0.027335184626281265 -0.014079598709940909 1.3151219487190249 -0.025796769186854359 0.22909024357795718 0.017586269415915016 0.59902259707450878 0.026941564865410331 0.030393567867577079 -0.032429259270429604
decision_type=10 2 2 2 2 2 2 2 2 2 2 2 2
left_child=1 4 7 -3 10 -6 -4 12 -5 -9 -1 -8 -2
right_child=2 3 6 8 5 -7 11 9 -10 -11 -12 -13 -14
leaf_value=-0.17036116451748659 -0.17542254666948581 -0.17300580415009487 -0.17649080775030879 -0.18284785938360323 -0.17461299534052982 -0.18233367390530311 -0.17880425674162354 -0.1759578684156968 -0.17949056698387622 -0.17380930474865861 -0.17357127866390945 -0.18058963040208731 -0.17838844576329005
leaf_weight=5366 122 220 120 240 3177 180 141 383 151 579 1276 151 120
leaf_count=5366 122 220 120 240 3177 180 141 383 151 579 1276 151 120
internal_value=-0.174341 -0.173789 -0.177953 -0.179512 -0.173436 -0.174886 -0.183398 -0.176054 -0.182684 -0.175136 -0.172703 -0.185614 -0.17959
internal_weight=12226 10610 1616 611 9999 3357 412 1204 391 962 6642 292 242
internal_count=12226 10610 1616 611 9999 3357 412 1204 391 962 6642 292 242
is_linear=0
shrinkage=1


Tree=1
num_leaves=15
num_cat=0
split_feature=31 38 44 53 12 33 37 43 31 13 44 35 38 43
split_gain=37.0925 17.3072 16.9663 8.87413 7.30676 7.23178 5.56786 5.25299 4.82463 4.1905 3.50222 3.43383 6.16288 2.1907
threshold=2.4818781614303593 -0.015359643846750258 0.028504007495939735 0.38071574270725256 -0.08197713270783423 0.0013173022889532151 0.016834619455039505 -0.19795276969671247 3.2634949684143071 -0.26050814986228937 0.02704982087016106 0.21648074686527255 -0.033156970515847199 0.44019514322280889
decision_type=2 2 2 8 2 2 2 2 2 2 2 2 2 2
left_child=1 3 11 9 5 -3 8 -6 -4 -1 -5 12 -2 -8
right_child=2 4 6 10 7 -7 13 -9 -10 -11 -12 -13 -14 -15
leaf_value=-0.0025610997535469309 0.00021990346504638833 -0.0032789432508967863 -0.0046397157641341266 0.002605259586696745 -0.0023352833377456405 -0.0022804777974805971 -0.0016777112462116675 0.00014265175567511752 -0.0085704015577778153 -0.00017927923576275889 4.2422934767100823e-05 0.00087734230706154343 -0.0039659358783214506 -0.0054302812792247695
leaf_weight=124 161 201 128 5978 625 525 121 2261 204 127 1185 263 138 122
leaf_count=124 161 201 128 5978 625 525 121 2261 204 127 1185 263 138 122
internal_value=-4.6125e-05 0.000397403 -0.0043356 0.00108893 -0.00101984 -0.0032541 -0.00733836 -0.000450968 -0.00946217 -0.00348145 0.00125227 -0.00121473 -0.00303043 -0.00427923
internal_weight=12163 11026 1137 7414 3612 726 575 2886 332 251 7163 562 299 243
internal_count=12163 11026 1137 7414 3612 726 575 2886 332 251 7163 562 299 243
is_linear=0
shrinkage=0.025


Tree=2
num_leaves=13
num_cat=0
split_feature=49 43 9 38 40 9 34 30 46 40 50 27
split_gain=44.2595 29.2692 23.0532 18.4477 15.0438 9.67337 6.08593 5.08219 4.16658 3.36947 3.16542 2.50494
threshold=46.930000305175788 0.5067025125026704 0.02812867891043425 -0.016357936896383759 1.3239139318466189 0.037674162536859519 0.0085974526591599005 0.065926630049943938 0.22909024357795718 0.83128222823143016 1.9449999928474428 -0.011572399176657198
decision_type=10 2 2 2 2 2 2 2 2 2 10 2
left_child=1 3 6 11 -5 9 10 -4 -8 -3 -2 -1
right_child=2 5 7 4 -6 -7 8 -9 -10 -11 -12 -13
leaf_value=-0.0003222603630600396 0.00016123084528437914 -0.0040490041429401252 -0.0036258362837393631 -0.00042176009616777733 -0.0083697139762812321 -0.0065535945821433217 -0.003390416910504969 -0.0051411919531491133 -0.0016445001074064658 0.0022164630808917197 -0.0012705149664495488 0.0036208385859685128
leaf_weight=416 486 122 123 3326 179 225 134 202 516 143 170 6156
leaf_count=416 486 122 123 3326 179 225 134 202 516 143 170 6156
internal_value=-4.90657e-05 0.000542589 -0.00387607 0.000834284 -0.000628561 -0.00539141 -0.00236747 -0.00979167 -0.00407443 -0.00206019 -0.000648638 0.00161529
internal_weight=12198 10567 1631 10077 3505 490 1306 325 650 265 656 6572
internal_count=12198 10567 1631 10077 3505 490 1306 325 650 265 656 6572
is_linear=0
shrinkage=0.025


Tree=3
num_leaves=13
num_cat=0
split_feature=31 41 38 53 12 41 40 11 38 52 13 36
split_gain=30.9802 18.9748 15.3218 8.32264 7.8364 9.31425 7.67573 5.25661 4.52211 3.95973 3.86979 0.681466
threshold=2.4194529056549077 0.61735206842422496 -0.015359643846750258 0.38071574270725256 -0.10407438501715659 0.39235261082649237 1.3239139318466189 0.01518922718241811 -0.033156970515847199 0.22999999672174457 -0.26050814986228937 0.34717522561550146
decision_type=2 2 2 8 2 2 2 2 2 8 2 2
left_child=2 7 3 10 5 -4 -6 -2 -9 -5 -1 -3
right_child=1 11 4 9 6 -7 -8 8 -10 -11 -12 -13
leaf_value=-0.003221003110632701 -0.0020320224398181728 -8.2611204518818343e-06 -0.004641608555070403 -0.00033028590775574149 -0.00023512948673185194 -0.0017913934370825673 -0.007508207775279112 -0.0038521422646463654 -0.0070353988460275839 0.0028796546284978958 -0.00016301006074058387 0.0036274720522382897
leaf_weight=121 221 122 120 1031 2872 379 121 259 417 6072 126 210
leaf_count=121 221 122 120 1031 2872 379 121 259 417 6072 126 210
internal_value=7.97045e-06 -0.00374493 0.000435489 0.00108345 -0.000926151 -0.003812 -0.000437375 -0.00562777 -0.00672357 0.00124173 -0.00337798 0.0013316
internal_weight=12071 1229 10842 7350 3492 499 2993 897 676 7103 247 332
internal_count=12071 1229 10842 7350 3492 499 2993 897 676 7103 247 332
is_linear=0
shrinkage=0.025


Tree=4
num_leaves=15
num_cat=0
split_feature=49 31 44 44 38 40 30 48 25 5 44 44 34 54
split_gain=34.665 25.8413 22.774 17.6583 16.2996 9.79355 5.59507 4.90048 4.13202 3.70457 3.65585 2.81779 1.66311 1.22991
threshold=46.930000305175788 3.0037451982498173 0.022676150314509872 0.029520190320909027 -0.014079598709940909 1.3239139318466189 0.056968597695231445 0.43892149627208715 15.526933670043947 -0.10547276958823203 0.026941564865410331 0.026844622567296032 0.060543298721313484 -0.24549999833106992
decision_type=10 2 2 2 2 2 2 2 2 2 2 2 2 10
left_child=1 4 8 13 10 -6 -4 -5 9 -2 -1 -8 -10 -3
right_child=2 3 6 7 5 -7 11 -9 12 -11 -12 -13 -14 -15
leaf_value=0.0037434490988547137 -0.0019969832644364713 -0.0011693428418690914 -0.0023426258069080244 -0.0063962076133966747 -0.00039454111124234947 -0.0073298905134565372 -0.0045263018210977496 -0.0083059607607851964 -0.0015864232329835964 -0.00011965501840547309 0.00065809867402476035 -0.0060103630104867741 -0.0020352935025827203 0.0031698226538659606
leaf_weight=5370 157 127 152 168 3165 159 132 168 121 810 1276 122 134 152
leaf_count=5370 157 127 152 168 3165 159 132 168 121 810 1276 122 134 152
internal_value=2.26102e-05 0.000545916 -0.00336727 -0.00440524 0.00085401 -0.00057337 -0.00846411 -0.00822214 -0.0016412 -0.000875771 0.00156875 -0.0107481 -0.00444712 0.000233275
internal_weight=12213 10585 1628 615 9970 3324 406 336 1222 967 6646 254 255 279
internal_count=12213 10585 1628 615 9970 3324 406 336 1222 967 6646 254 255 279
is_linear=0
shrinkage=0.025


Tree=5
num_leaves=13
num_cat=0
split_feature=49 31 44 44 38 40 34 48 38 44 50 44
split_gain=34.4497 26.3383 20.3252 15.0135 14.2725 12.6704 6.17589 4.83631 3.59755 3.15972 2.66971 1.52227
threshold=48.564998626708991 3.0037451982498173 0.026844622567296032 0.029520190320909027 -0.033156970515847199 1.337128818035126 0.0094542559236288088 0.43892149627208715 -0.13187853991985318 0.026756049133837227 1.9449999928474428 0.024897608906030658
decision_type=10 2 2 2 2 2 2 2 2 2 10 2
left_child=1 4 6 11 9 -6 10 -5 -8 -1 -2 -3
right_child=2 3 -4 7 5 -7 8 -9 -10 -11 -12 -13
leaf_value=0.0038284478757550111 0.00011430323120459495 0.0024265982394456593 -0.0052776566212801822 -0.0058446151937193097 -1.1791615363255336e-05 -0.0074773776503506313 -0.00050952369977250221 -0.008104648396296571 -0.0022532917593924089 0.00089012979044559161 -0.0014829135342760693 -0.0016842893363850826
leaf_weight=4919 472 138 157 173 3820 156 138 177 517 1213 183 128
leaf_count=4919 472 138 157 173 3820 156 138 177 517 1213 183 128
internal_value=6.93876e-05 0.000561912 -0.00351647 -0.00443438 0.000869055 -0.000296094 -0.00246673 -0.0077993 -0.00417614 0.00162518 -0.000729167 3.22879e-05
internal_weight=12191 10724 1467 616 10108 3976 1310 350 655 6132 655 266
internal_count=12191 10724 1467 616 10108 3976 1310 350 655 6132 655 266
is_linear=0
shrinkage=0.025


Tree=6
num_leaves=13
num_cat=0
split_feature=49 31 44 44 40 36 36 30 48 31 17 9
split_gain=34.1919 25.5911 18.8325 14.9967 12.596 13.5222 9.51944 6.32423 5.56211 3.82095 4.89467 1.7942
threshold=46.930000305175788 3.2634949684143071 0.022676150314509872 0.029520190320909027 1.3239139318466189 0.1578561216592789 0.30963192880153662 0.056968597695231445 0.43892149627208715 2.0153682231903081 0.068536296486854567 0.030177885666489605
decision_type=10 2 2 2 2 2 2 2 2 2 2 2
left_child=1 4 9 -3 6 -6 -1 -4 -5 10 -2 -9
right_child=2 3 7 8 5 -7 -8 11 -10 -11 -12 -13
leaf_value=0.0034937688583497129 -0.0018865340618446959 0.0010550232035543966 -0.002307516544841902 -0.0062239418089801331 0.0036483047463071968 -0.0073874578983713747 0.00023484797460949643 -0.0040479643829229852 -0.0078660024762084845 -0.0019516503968032479 -0.00021933578215870255 -0.005585979082764315
leaf_weight=5039 260 176 160 160 160 227 4681 120 147 125 849 137
leaf_count=5039 260 176 160 160 160 227 4681 120 147 125 849 137
internal_value=2.41917e-05 0.000546838 -0.00331597 -0.00504354 0.000816975 -0.00357462 0.000994216 -0.00788211 -0.00833734 -0.00174233 -0.00125337 -0.0103101
internal_weight=12241 10590 1651 483 10107 387 9720 417 307 1234 1109 257
internal_count=12241 10590 1651 483 10107 387 9720 417 307 1234 1109 257
is_linear=0
shrinkage=0.025


Tree=7
num_leaves=12
num_cat=0
split_feature=49 43 9 38 40 44 30 53 17 17 44
split_gain=33.4202 25.704 21.4121 15.9628 11.4386 9.97059 5.53566 5.0236 4.60098 3.16478 2.0089
threshold=46.930000305175788 0.52524745464324962 0.028226924128830436 -0.032690457999706261 1.3239139318466189 0.029188945889472965 0.061708187684416778 1.5798761844635012 0.985296130180359 -0.040065960958600037 0.026941564865410331
decision_type=10 2 2 2 2 2 2 8 2 2 2
left_child=1 3 8 10 -5 -3 -4 -7 9 -2 -1
right_child=2 5 6 4 -6 7 -8 -9 -10 -11 -12
leaf_value=0.0038032857644944226 -0.0017434480755233431 0.00078719302574751203 -0.002967434518043292 -0.00010457534311017967 -0.0068882974226757241 -0.0070411542158848655 -0.0044208951300320452 -0.0041671725161915854 -0.002637074065807923 -0.00050053632224378254 0.0013164826330883067
leaf_weight=4953 179 132 122 3823 197 122 202 182 123 979 1179
leaf_count=4953 179 132 122 3823 197 122 202 182 123 979 1179
internal_value=5.95385e-05 0.00057007 -0.00329581 0.000826893 -0.000395963 -0.0053373 -0.00899316 -0.00779531 -0.00182057 -0.00131019 0.00162926
internal_weight=12193 10588 1605 10152 4020 436 324 304 1281 1158 6132
internal_count=12193 10588 1605 10152 4020 436 324 304 1281 1158 6132
is_linear=0
shrinkage=0.025


Tree=8
num_leaves=14
num_cat=0
split_feature=49 43 44 38 49 44 29 46 5 36 30 25 44
split_gain=31.75 24.006 21.0776 16.175 9.90562 9.78459 8.04476 6.87754 6.00726 5.31594 3.27922 2.913 2.83378
threshold=46.930000305175788 0.52524745464324962 0.022676150314509872 -0.016357936896383759 15.050000190734865 0.030149823054671291 0.071346901357173934 0.22909024357795718 1.0125265121459963 0.36381632089614874 0.056968597695231445 -1.8879182338714597 0.025970475748181347
decision_type=10 2 2 2 10 2 2 2 2 2 2 2 2
left_child=1 3 7 12 -5 -3 10 11 -9 -7 -4 -2 -1
right_child=2 5 6 4 -6 9 -8 8 -10 -11 -12 -13 -14
leaf_value=0.0036109564499834396 -0.0011266920246854684 9.2855652311800473e-05 -0.00092682043844639721 -0.0016010950646096235 0.0028849406700459986 -0.0045825245614403804 -0.0059359653634393382 0.00014909386870231168 -0.0018790620802145797 -0.0072450674750979618 -0.0033106711566010037 -0.0030650942810405528 0.0012647120498506068
leaf_weight=5074 122 154 121 2540 973 158 120 821 127 137 158 123 1509
leaf_count=5074 122 154 121 2540 973 158 120 821 127 137 158 123 1509
internal_value=6.68136e-05 0.000564574 -0.00321775 0.000817617 -0.000550384 -0.00505782 -0.00815903 -0.00153276 -0.00054958 -0.0076875 -0.0056206 -0.005225 0.00154846
internal_weight=12137 10545 1592 10096 3513 449 399 1193 948 295 279 245 6583
internal_count=12137 10545 1592 10096 3513 449 399 1193 948 295 279 245 6583
is_linear=0
shrinkage=0.025


Tree=9
num_leaves=14
num_cat=0
split_feature=49 31 44 38 44 39 30 37 46 31 40 2 44
split_gain=30.6492 22.0059 21.1937 13.3795 11.777 8.80866 6.0174 5.97453 5.27788 6.28138 2.74457 2.21778 1.01895
threshold=45.875000000000007 2.8544807434082036 0.023594461381435398 -0.015359643846750258 0.027335184626281265 0.36011232435703283 0.061708187684416778 0.017586269415915016 0.22909024357795718 2.0520157814025883 0.66411736607551586 -0.037699127569794648 0.024097803048789505
decision_type=10 2 2 2 2 2 2 2 2 2 2 2 2
left_child=1 3 8 10 12 -5 -4 -6 11 -10 -1 -2 -3
right_child=2 4 6 5 7 -7 -8 -9 9 -11 -12 -13 -14
leaf_value=-0.00064445442873416409 -0.0009806312923982903 0.0037350282963739944 -0.0028519477317841616 -0.004222908081516933 -0.0065637874880667179 -0.00022334986920358459 -0.0054362115138949611 -0.0036073591993952812 -5.4304741139257577e-05 -0.0018884116084784649 0.0031774076582171597 -0.0021989809205644846 -0.0013002636192916493
leaf_weight=459 133 135 137 191 266 3085 231 178 961 136 5968 148 123
leaf_count=459 133 135 137 191 266 3085 231 178 961 136 5968 148 123
internal_value=4.49367e-05 0.000560159 -0.00301471 0.000870545 -0.00369696 -0.000427842 -0.00830764 -0.00614421 -0.00157176 -0.000772459 0.00153315 -0.00460227 0.000527567
internal_weight=12151 10405 1746 9703 702 3276 368 444 1378 1097 6427 281 258
internal_count=12151 10405 1746 9703 702 3276 368 444 1378 1097 6427 281 258
is_linear=0
shrinkage=0.025


Tree=10
num_leaves=14
num_cat=0
split_feature=49 43 44 38 40 44 46 5 36 40 19 40 34
split_gain=32.9569 21.3543 19.7748 13.6377 10.6316 7.84894 6.52439 7.14652 5.28412 5.10104 2.99795 2.56321 1.82438
threshold=46.930000305175788 0.52524745464324962 0.022676150314509872 -0.031374821439385407 1.3239139318466189 0.030149823054671291 0.22909024357795718 1.0198751688003542 0.36381632089614874 1.0419269800186159 0.0090093496255576628 1.1731371283531191 0.0094542559236288088
decision_type=10 2 2 2 2 2 2 2 2 2 2 2 2
left_child=1 3 6 11 -5 -3 12 -8 -7 10 -4 -1 -2
right_child=2 5 9 4 -6 8 7 -9 -10 -11 -12 -13 -14
leaf_value=0.0035872444350024293 -0.0011017712649130614 -5.6759608269962295e-05 -0.0014257062919159113 -2.6119118543286527e-05 -0.0071983350757283517 -0.0040872737879300864 7.8121131972158116e-05 -0.0018261827165461882 -0.0069505114568148389 -0.004838672273584789 -0.004346154652957358 0.00087204802801814677 -0.0030490446945659541
leaf_weight=5105 122 158 135 3772 198 160 845 121 136 121 138 1043 121
leaf_count=5105 122 158 135 3772 198 160 845 121 136 121 138 1043 121
internal_value=6.20896e-05 0.000569514 -0.00327192 0.000808925 -0.000331761 -0.00470316 -0.00166495 -0.000724768 -0.00707226 -0.00810464 -0.00597572 0.0015462 -0.0052873
internal_weight=12175 10572 1603 10118 3970 454 1209 966 296 394 273 6148 243
internal_count=12175 10572 1603 10118 3970 454 1209 966 296 394 273 6148 243
is_linear=0
shrinkage=0.025


Tree=11
num_leaves=11
num_cat=0
split_feature=49 43 9 38 49 9 5 46 30 49
split_gain=28.4526 22.3516 16.357 13.2441 8.30156 7.53782 6.95823 4.8733 4.38388 2.30986
threshold=46.930000305175788 0.52524745464324962 0.02812867891043425 -0.031374821439385407 15.050000190734865 0.037852166220545776 1.0419467687606814 0.22909024357795718 0.061708187684416778 30.645000457763675
decision_type=10 2 2 2 10 2 2 2 2 8
left_child=1 3 6 9 -5 -3 7 -2 -4 -1
right_child=2 5 8 4 -6 -7 -8 -9 -10 -11
leaf_value=0.0068358816484350706 -0.0016159604043506097 -0.001485219518590898 -0.0025801102948944249 -0.0013315649149227907 0.0022892799747657074 -0.0056960354557696645 -0.0026697163515894107 -0.00023743751585024567 -0.0042585331564461903 0.0022412493775226111
leaf_weight=1535 260 235 120 2806 1185 204 127 934 198 4587
leaf_count=1535 260 235 120 2806 1185 204 127 934 198 4587
internal_value=6.52879e-05 0.000542176 -0.00299346 0.000783381 -0.000335648 -0.00494651 -0.00174679 -0.00113324 -0.00804567 0.00151359
internal_weight=12191 10552 1639 10113 3991 439 1321 1194 318 6122
internal_count=12191 10552 1639 10113 3991 439 1321 1194 318 6122
is_linear=0
shrinkage=0.025


Tree=12
num_leaves=13
num_cat=0
split_feature=31 49 41 44 38 49 49 11 17 30 49 16
split_gain=25.0156 18.6192 14.0167 11.8633 10.9794 6.75419 6.52859 5.52774 3.72301 3.2098 2.36824 0.250787
threshold=2.4194529056549077 46.835000991821296 0.63990995287895214 0.02392132114619017 -0.014079598709940909 36.204999923706062 15.050000190734865 0.014909401535987856 -0.040065960958600037 0.11076965928077699 30.645000457763675 0.024845681153237823
decision_type=2 10 2 2 2 10 10 2 2 2 8 2
left_child=1 4 5 8 10 7 -6 -2 -3 -5 -1 -4
right_child=2 3 11 9 6 -7 -8 -9 -10 -11 -12 -13
leaf_value=0.0066104525937820445 0.00058803307242000908 -0.0016651667537947168 0.0008701082832178787 -0.0024876031699951583 -0.0013235921002793781 -0.0043479823998919618 0.0032056163962595006 -0.0047186717322582937 -0.00033611447620570317 -0.003611577199783788 0.0019909968585809933 0.0027256334244946346
leaf_weight=1487 153 177 133 122 2262 167 835 622 1073 139 4844 140
leaf_count=1487 153 177 133 122 2262 167 835 622 1073 139 4844 140
internal_value=7.02156e-05 0.000449219 -0.00332479 -0.00212154 0.000862796 -0.00476637 -0.000355013 -0.00372596 -0.00109064 -0.00692199 0.00145932 0.0016232
internal_weight=12154 10939 1215 1511 9428 942 3097 775 1250 261 6331 273
internal_count=12154 10939 1215 1511 9428 942 3097 775 1250 261 6331 273
is_linear=0
shrinkage=0.025


Tree=13
num_leaves=13
num_cat=0
split_feature=49 4 9 38 40 40 30 46 17 11 34 49
split_gain=28.633 20.0442 16.9685 10.3221 9.69865 6.56512 5.48159 4.26372 4.8548 4.05475 2.07035 1.95324
threshold=46.930000305175788 0.74816393852233898 0.028226924128830436 -0.031374821439385407 1.3239139318466189 0.77290830016136181 0.081109263002872481 0.22909024357795718 0.96310296654701244 0.024667935445904735 0.0085974526591599005 30.645000457763675
decision_type=10 2 2 2 2 2 2 2 2 2 2 8
left_child=1 3 7 11 -5 -3 -4 10 -9 -7 -2 -1
right_child=2 5 6 4 -6 9 -8 8 -10 -11 -12 -13
leaf_value=0.0073788017441694794 -0.00047316940377330365 -0.0056390143014829475 -0.0025980886590542176 0.00019857376512084923 -0.0065375566576995961 -0.00074455979041039425 -0.0040646288976075419 -0.00021967028269522014 -0.0026668407549314179 -0.0034189029323675024 -0.0024007089500543235 0.0022710905547051476
leaf_weight=1394 126 130 123 3446 168 653 190 915 127 252 130 4473
leaf_count=1394 126 130 123 3446 168 653 190 915 127 252 130 4473
internal_value=7.099e-05 0.000547358 -0.00302676 0.000908839 -0.000140577 -0.00274639 -0.00821148 -0.00174501 -0.001016 -0.00195742 -0.00461207 0.0015559
internal_weight=12127 10516 1611 9481 3614 1035 313 1298 1042 905 256 5867
internal_count=12127 10516 1611 9481 3614 1035 313 1298 1042 905 256 5867
is_linear=0
shrinkage=0.025


Tree=14
num_leaves=13
num_cat=0
split_feature=49 44 31 44 40 30 44 5 17 38 38 5
split_gain=25.3075 19.7347 16.6743 15.1412 8.08727 5.57869 5.34189 5.16224 5.52774 4.6939 4.35787 4.18469
threshold=46.930000305175788 0.026941564865410331 2.7099133729934697 0.02392132114619017 1.3151219487190249 0.061708187684416778 0.019735654816031459 1.0348318815231325 -0.040065960958600037 -0.014079598709940909 -0.015359643846750258 1.6912200450897219
decision_type=10 2 2 2 2 2 2 2 2 2 2 2
left_child=1 4 10 7 9 -5 -6 8 -2 -1 -3 -4
right_child=3 2 11 5 6 -7 -8 -9 -10 -11 -12 -13
leaf_value=0.0031573123330447131 -0.0015914503405632515 0.0008365903573388805 -0.0033333912574920136 -0.0022364995850526512 -0.0061459726164260617 -0.0041017951515845029 0.00090518639552990363 -0.0017052305798749949 -0.00019363971806218711 0.00040418941007731076 -0.0023964254087458503 -0.0070974146030354547
leaf_weight=5251 187 1190 380 125 120 192 127 122 978 2590 695 152
leaf_count=5251 187 1190 380 125 120 192 127 122 978 2590 695 152
internal_value=8.59544e-05 0.000533421 -0.0014456 -0.00283328 0.00112613 -0.00769022 -0.00327877 -0.001607 -0.00107372 0.00126768 -0.000333995 -0.00533287
internal_weight=12109 10505 2417 1604 8088 317 247 1287 1165 7841 1885 532
internal_count=12109 10505 2417 1604 8088 317 247 1287 1165 7841 1885 532
is_linear=0
shrinkage=0.025


Tree=15
num_leaves=11
num_cat=0
split_feature=49 43 44 38 44 49 36 31 46 49
split_gain=21.9243 18.0676 14.7862 12.1075 9.27522 9.06067 5.39639 5.22101 3.90541 2.90486
threshold=45.875000000000007 0.52524745464324962 0.028654781170189384 -0.016919279471039769 0.030300896614789966 15.050000190734865 0.36553163826465612 2.3217101097106938 0.22909024357795718 30.645000457763675
decision_type=10 2 2 2 2 10 2 2 2 8
left_child=1 3 7 9 -3 -5 -6 8 -2 -1
right_child=2 4 -4 5 6 -7 -8 -9 -10 -11
leaf_value=0.0059441986778425724 -0.0014187680352331132 0.00049164857381957955 -0.0048371130577454027 -0.0013800774060756073 -0.0035808181448235376 0.0032787599636147444 -0.0060519373964832935 -0.0032413909063737072 -0.0004136314680209341 0.0018615345721068204
leaf_weight=1651 345 161 146 2558 161 955 127 125 1176 4793
leaf_count=1651 345 161 146 2558 161 955 127 125 1176 4793
internal_value=9.33173e-05 0.000533931 -0.00245618 0.0007565 -0.00434196 -0.00042247 -0.00699232 -0.00175878 -0.00133765 0.00140002
internal_weight=12198 10406 1792 9957 449 3513 288 1646 1521 6444
internal_count=12198 10406 1792 9957 449 3513 288 1646 1521 6444
is_linear=0
shrinkage=0.025


Tree=16
num_leaves=13
num_cat=0
split_feature=49 44 4 40 36 44 38 43 43 5 40 50
split_gain=24.3917 17.4767 16.7194 9.78468 11.6354 7.83814 6.78736 4.03804 3.81773 4.41547 2.89414 1.67989
threshold=46.385000228881843 0.026091648265719417 0.74816393852233898 1.3239139318466189 0.1578561216592789 0.028346834704279903 -0.015359643846750258 0.52524745464324962 -0.10019895806908606 1.0419467687606814 0.92208459973335277 -1.1750000119209287
decision_type=10 2 2 2 2 2 2 2 2 2 2 10
left_child=2 8 3 6 -5 11 -1 -7 10 -10 -2 -4
right_child=1 -3 5 4 -6 7 -8 -9 9 -11 -12 -13
leaf_value=0.0027932287985790016 -0.00014296610914375186 -0.0041918972254790104 -0.0012488403184046457 0.0031982877313626364 -0.0073773449187343508 -0.0015913838094536526 9.4656530699500929e-05 -0.004759298058700988 -7.4496345600365369e-05 -0.0015011629948634346 -0.0015616722295518867 0.0029998906520210637
leaf_weight=6014 139 218 154 168 208 332 2952 285 875 144 361 289
leaf_count=6014 139 218 154 168 208 332 2952 285 875 144 361 289
internal_value=9.60352e-05 -0.00264136 0.000554795 0.000893201 -0.00302822 -0.00241197 0.00105994 -0.00422227 -0.00167077 -0.000777588 -0.00345297 0.000114397
internal_weight=12139 1737 10402 9342 376 1060 8966 617 1519 1019 500 443
internal_count=12139 1737 10402 9342 376 1060 8966 617 1519 1019 500 443
is_linear=0
shrinkage=0.025


Tree=17
num_leaves=12
num_cat=0
split_feature=44 31 38 34 37 9 43 37 53 5 50
split_gain=21.4246 12.7614 8.75602 6.32676 6.10286 5.89049 5.11928 4.34 3.62254 2.16461 1.25117
threshold=0.026941564865410331 3.6759051084518437 -0.032690457999706261 0.14013694226741794 0.014754312578588726 0.029772839508950714 -0.11949966847896575 0.030257939361035827 0.33059573173522955 -1.0000000180025095e-35 -0.62000000476837147
decision_type=2 2 2 2 2 2 2 2 8 2 10
left_child=2 5 8 6 -3 -2 -4 -7 -1 -10 -5
right_child=1 4 3 10 -6 7 -8 -9 9 -11 -12
leaf_value=-0.0011310139259492155 -0.0034396344506633734 -0.0082506475808815927 -0.0017709916184004187 0.00094891276619113972 -0.0031952062390773065 -0.0018073279359654333 -0.00022736951160201051 0.0038516967962956201 0.00039789281346762492 0.0027589696822989179 0.0023452010722016022
leaf_weight=181 126 127 957 497 143 1942 1592 237 1120 4644 694
leaf_count=181 126 127 957 497 143 1942 1592 237 1120 4644 694
internal_value=5.45252e-05 -0.00196948 0.00059404 -0.000352136 -0.00706818 -0.00135552 -0.0010557 -0.00103995 0.00119013 0.0013007 0.00114653
internal_weight=12260 2575 9685 3740 270 2305 2549 2179 5945 5764 1191
internal_count=12260 2575 9685 3740 270 2305 2549 2179 5945 5764 1191
is_linear=0
shrinkage=0.025


Tree=18
num_leaves=11
num_cat=0
split_feature=49 43 9 36 50 5 11 46 41 3
split_gain=22.4338 15.8217 13.5953 9.78375 15.2737 6.9738 5.78706 4.94431 2.51817 2.10892
threshold=46.930000305175788 0.5067025125026704 0.033257836475968368 0.30479669570922857 -1.1049999594688413 1.0419467687606814 0.024917848408222202 0.22909024357795718 0.42838868498802191 -0.31723955273628229
decision_type=10 2 2 2 10 2 2 2 2 2
left_child=1 3 5 9 -5 7 8 -2 -3 -1
right_child=2 6 -4 4 -6 -7 -8 -9 -10 -11
leaf_value=-0.00077563475991574392 -0.0014569725175753478 -0.0029277651635055261 -0.0051178532494552884 -0.0014348973022158826 0.002721867807120235 -0.0025290417947739612 -0.0046228373726915411 -0.00041058936621604127 0.00050528257372566433 0.0031278962293418175
leaf_weight=213 314 172 120 2596 2560 171 175 1016 150 4797
leaf_count=213 314 172 120 2596 2560 171 175 1016 150 4797
internal_value=0.000126434 0.000543799 -0.00260839 0.000757915 -5.57053e-06 -0.00193642 -0.00378735 -0.00130618 -0.00172401 0.00154412
internal_weight=12284 10663 1621 10166 5156 1501 497 1330 322 5010
internal_count=12284 10663 1621 10166 5156 1501 497 1330 322 5010
is_linear=0
shrinkage=0.025


Tree=19
num_leaves=11
num_cat=0
split_feature=49 4 44 38 44 11 36 41 49 4
split_gain=21.9708 17.2751 15.1565 11.4787 8.39083 6.27828 4.44527 7.65646 2.71465 2.36811
threshold=45.875000000000007 1.0077749490737917 0.026844622567296032 -0.032690457999706261 0.024359771981835369 0.022260111756622795 0.22269619256258014 0.60495927929878246 30.645000457763675 -0.19454859942197797
decision_type=10 2 2 2 2 2 2 2 8 2
left_child=1 3 6 8 -5 -3 9 -8 -1 -2
right_child=2 5 -4 4 -6 -7 7 -9 -10 -11
leaf_value=0.0060547027829717711 -0.0014558695891588268 -0.001622647361913162 -0.004436614026954144 0.00055801684406142334 -0.0020898169753287253 -0.0064524162343376065 -0.0031245274600627975 0.0008165209393982836 0.0018766606383590822 -5.2142939263187928e-05
leaf_weight=1558 196 150 207 2679 1282 129 329 178 4626 887
leaf_count=1558 196 150 207 2679 1282 129 329 178 4626 887
internal_value=0.000106024 0.000546913 -0.00244242 0.000717365 -0.000331883 -0.00553257 -0.00159483 -0.00351807 0.00139017 -0.0006767
internal_weight=12221 10424 1797 10145 3961 279 1590 507 6184 1083
internal_count=12221 10424 1797 10145 3961 279 1590 507 6184 1083
is_linear=0
shrinkage=0.025


Tree=20
num_leaves=10
num_cat=0
split_feature=49 4 9 35 50 11 5 43 41
split_gain=18.3216 16.4592 13.0878 9.2183 9.35264 4.55824 4.40182 4.37971 3.04275
threshold=45.494998931884773 1.0077749490737917 0.033469753339886672 0.16315651684999469 -1.0349999666213987 0.022260111756622795 1.0419467687606814 -0.10019895806908606 0.40314574539661413
decision_type=10 2 2 2 10 2 2 2 2
left_child=1 3 6 8 -5 -3 7 -2 -1
right_child=2 5 -4 4 -6 -7 -8 -9 -10
leaf_value=-0.00052165120832003498 -0.0012631463285342271 -0.0018661645941174339 -0.0053139623384387217 -0.0012580474953453487 0.001817316983566866 -0.0065330607576973738 -0.0020156469511162793 -7.336272210446671e-05 0.0026387590395295282
leaf_weight=539 529 145 122 2586 1899 131 197 964 5076
leaf_count=539 529 145 122 2586 1899 131 197 964 5076
internal_value=0.000120048 0.000525841 -0.00219524 0.000692108 -0.000151726 -0.00544039 -0.00160398 -0.00112567 0.00136677
internal_weight=12188 10376 1812 10100 4485 276 1690 1493 5615
internal_count=12188 10376 1812 10100 4485 276 1690 1493 5615
is_linear=0
shrinkage=0.025


Tree=21
num_leaves=12
num_cat=0
split_feature=44 5 40 41 44 37 45 40 38 53 30
split_gain=19.2018 12.8436 7.98505 7.31826 6.64275 6.30323 4.8531 5.87824 4.41686 2.80469 1.31487
threshold=0.025970475748181347 1.3604673743247988 1.3049267530441286 0.53210151195526134 0.018442583270370964 0.014754312578588726 0.20983126014471057 0.72015580534935009 -0.022908769547939297 1.0303152203559878 0.17120631784200671
decision_type=2 2 2 2 2 2 2 2 2 10 2
left_child=2 3 6 8 -4 -3 7 -1 -2 -8 -5
right_child=1 5 4 10 -6 -7 9 -9 -10 -11 -12
leaf_value=-0.0032639962768902472 -0.0008311413506398406 -0.0077605781751158929 -0.0052782004799741258 0.0017621754371973356 0.00075520695892529086 -0.0031741254346129345 0.0020443778798206642 0.00016463214132782423 -0.0026716921094357159 0.00013193838502951951 -0.00096149176061664256
leaf_weight=167 760 136 120 802 146 184 5526 1879 803 1405 339
leaf_count=167 760 136 120 802 146 184 5526 1879 803 1405 339
internal_value=0.000139444 -0.00158757 0.000705693 -0.00101836 -0.00351937 -0.00628846 0.000833473 -0.000233423 -0.00212771 0.00114926 0.000498473
internal_weight=12267 3024 9243 2704 266 320 8977 2046 1563 6931 1141
internal_count=12267 3024 9243 2704 266 320 8977 2046 1563 6931 1141
is_linear=0
shrinkage=0.025


Tree=22
num_leaves=12
num_cat=0
split_feature=49 9 44 4 35 50 38 36 41 43 15
split_gain=20.1503 14.5305 12.6862 8.85577 5.80658 7.09207 5.33389 4.32303 6.35392 4.22096 1.52209
threshold=45.494998931884773 0.034417703747749336 0.025970475748181347 1.0077749490737917 0.16557724028825763 -1.0349999666213987 -0.11773158609867095 0.22269619256258014 0.61920124292373668 -0.08176815882325171 0.15205428749322894
decision_type=10 2 2 2 2 10 2 2 2 2 2
left_child=2 7 4 6 10 -6 -4 9 -9 -2 -1
right_child=1 -3 3 -5 5 -7 -8 8 -10 -11 -12
leaf_value=0.00029342146226230838 -0.001334128667872844 -0.005647208164857369 0.0027145598382709354 -0.0047871338341863648 -0.00068152312054936179 0.0030923232295003334 -0.0013976739034825879 -0.0025342697019032101 0.0010822077734277766 0.00019521096781737637 0.0033247579923225928
leaf_weight=347 414 121 653 235 1971 1249 1853 388 153 751 4090
leaf_count=347 414 121 653 235 1971 1249 1853 388 153 751 4090
internal_value=0.000178353 -0.00223867 0.000604513 -0.000852604 0.00112715 0.000315892 -0.000409697 -0.00162405 -0.00346383 -0.000753205 0.00171347
internal_weight=12225 1827 10398 2741 7657 3220 2506 1706 541 1165 4437
internal_count=12225 1827 10398 2741 7657 3220 2506 1706 541 1165 4437
is_linear=0
shrinkage=0.025


Tree=23
num_leaves=13
num_cat=0
split_feature=44 5 38 9 31 43 39 5 51 51 51 33
split_gain=16.9541 12.2639 5.4064 5.36994 4.2791 3.59192 4.32163 2.91018 4.05731 2.62277 1.26703 1.04759
threshold=0.025970475748181347 1.4706540107727053 -0.031374821439385407 0.029592870734632019 1.8353804349899294 -0.061448365449905389 0.6551606059074403 0.02577421069145203 -2.2999999523162837 -0.22999999672174451 1.6250000000000002 -0.019566340371966359
decision_type=2 2 2 2 2 2 2 2 10 8 8 2
left_child=2 3 7 -2 -5 6 -4 8 -1 -7 -3 -9
right_child=1 10 5 4 -6 9 -8 11 -10 -11 -12 -13
leaf_value=0.0013006620802123376 -0.0025407083005669472 -0.0059161852790203433 -0.0029167055853520302 0.00022250842677919584 -0.0020218342098243902 -0.00079239017541018412 -0.00035730765156797846 0.00037768705027719981 -0.0011420208554496602 0.0017440418252516613 -0.0039821408978983532 0.0025866576060656135
leaf_weight=923 209 120 143 1545 993 387 1520 376 338 1414 120 4006
leaf_count=923 209 120 143 1545 993 387 1520 376 338 1414 120 4006
internal_value=0.000186276 -0.00144594 0.000722811 -0.00096339 -0.000638517 -5.29691e-05 -0.000891037 0.00119976 0.000135269 0.000717746 -0.00681122 0.00150416
internal_weight=12094 2987 9107 2747 2538 3464 1663 5643 1261 1801 240 4382
internal_count=12094 2987 9107 2747 2538 3464 1663 5643 1261 1801 240 4382
is_linear=0
shrinkage=0.025


Tree=24
num_leaves=9
num_cat=0
split_feature=49 4 38 29 40 31 46 49
split_gain=17.2299 12.2457 10.4056 9.05097 8.95871 4.89653 3.08494 2.39355
threshold=46.385000228881843 1.0841601490974428 -0.046622326597571366 0.078185442835092558 1.337128818035126 2.3217101097106938 0.22909024357795718 30.645000457763675
decision_type=10 2 2 2 2 2 2 8
left_child=1 2 7 5 -4 6 -2 -1
right_child=3 -3 4 -5 -6 -7 -8 -9
leaf_value=0.0057694950639972141 -0.0013120574744268855 -0.0049677389032700553 2.5927026640144078e-05 -0.004730730837989151 -0.0061559139138436143 -0.0024135356316031657 -0.00022390207790493979 0.0016173011634426665
leaf_weight=1401 328 198 4500 166 196 125 1109 4168
leaf_count=1401 328 198 4500 166 196 125 1109 4168
internal_value=0.000159581 0.000542248 0.000662731 -0.00214873 -0.000202882 -0.00154036 -0.00111044 0.0013933
internal_weight=12191 10463 10265 1728 4696 1562 1437 5569
internal_count=12191 10463 10265 1728 4696 1562 1437 5569
is_linear=0
shrinkage=0.025


Tree=25
num_leaves=15
num_cat=0
split_feature=49 44 40 44 31 49 44 31 36 46 5 2 4 40
split_gain=15.6474 12.5062 10.2966 10.0051 9.86347 5.51907 5.29404 4.77459 4.39084 3.59868 2.89401 2.60729 2.57049 1.94973
threshold=45.875000000000007 0.025768439285457138 1.3049267530441286 0.02351730223745108 2.0700380802154545 12.944999694824221 0.018349975347518924 0.80245059728622448 0.3139933049678803 0.22909024357795718 1.0419467687606814 -0.011330380104482172 0.78137373924255382 0.93785434961318981
decision_type=10 2 2 2 2 10 2 2 2 2 2 2 2 2
left_child=1 2 8 9 12 -6 -4 -5 -1 11 -11 -2 -3 -9
right_child=3 4 6 7 5 -7 -8 13 -10 10 -12 -13 -14 -15
leaf_value=0.0032214999688910113 -0.0005339224949682369 0.00086121784362460329 -0.005618816719535233 -0.00062763895760356743 -0.0034545489498889245 -0.0012089563028885423 -0.00083182326160570518 -0.0038820370107110107 0.0006273425057077448 0.00010699945743624636 -0.0012426705959916158 -0.003177688957440675 -0.0030207704822715828 -0.0037505868838770065
leaf_weight=4053 161 1657 124 125 612 404 133 121 3240 971 143 122 143 141
leaf_count=4053 161 1657 124 125 612 404 133 121 3240 971 143 122 143 141
internal_value=0.000141403 0.000514295 0.00104484 -0.00201719 -0.000905264 -0.00286851 -0.00382156 -0.00555166 0.00121968 -0.0010173 -0.000365281 -0.00351128 0.000204294 -0.0074485
internal_weight=12150 10366 7550 1784 2816 1016 257 387 7293 1397 1114 283 1800 262
internal_count=12150 10366 7550 1784 2816 1016 257 387 7293 1397 1114 283 1800 262
is_linear=0
shrinkage=0.025


Tree=26
num_leaves=12
num_cat=0
split_feature=49 44 29 40 17 43 5 35 9 46 54
split_gain=17.7344 11.6015 10.0189 9.45716 6.7362 5.40986 5.33861 5.12526 4.28249 3.82542 3.27732
threshold=45.875000000000007 0.025768439285457138 0.079738162457942977 1.3049267530441286 1.2941729426383974 -0.20807142555713651 1.0419467687606814 0.16557724028825763 0.029677963815629486 0.22909024357795718 -0.070750001817941652
decision_type=10 2 2 2 2 2 2 2 2 2 10
left_child=1 3 6 7 8 -5 9 -1 -3 -2 -6
right_child=2 4 -4 5 10 -7 -8 -9 -10 -11 -12
leaf_value=0.0030286388452278987 -0.0012039795300990625 -0.0025223838921719366 -0.0046340116784780163 -0.0053738767349415092 -0.0044204085110811043 -9.3531191130126872e-05 -0.0020445364092366472 0.00059012040607072215 -8.8601968026866512e-05 -0.00018823436607505749 -0.0019009975316723407
leaf_weight=4238 326 212 169 128 165 137 192 3056 2264 1070 144
leaf_count=4238 326 212 169 128 165 137 192 3056 2264 1070 144
internal_value=0.000146312 0.000541478 -0.00217154 0.00104987 -0.000835573 -0.00354167 -0.00153719 0.00121986 -0.000394498 -0.000984118 -0.00428742
internal_weight=12101 10344 1757 7559 2785 265 1588 7294 2476 1396 309
internal_count=12101 10344 1757 7559 2785 265 1588 7294 2476 1396 309
is_linear=0
shrinkage=0.025


Tree=27
num_leaves=11
num_cat=0
split_feature=41 5 36 53 40 9 52 17 48 40
split_gain=13.9988 9.04297 6.4701 7.4462 5.94958 6.48209 4.70427 3.14043 5.33188 2.35064
threshold=0.53637772798538219 1.4706540107727053 0.31684777140617376 0.81894353032112133 1.3049267530441286 0.028046688996255401 6.0049998760223398 -0.019831175915896889 0.81896552443504345 0.68651655316352855
decision_type=2 2 2 8 2 2 8 2 2 2
left_child=1 2 6 -4 7 -6 -1 8 -2 -9
right_child=4 -3 3 -5 5 -7 -8 9 -10 -11
leaf_value=-0.00089403432319595268 0.00047793378610613602 -0.0047706608574131998 0.0064318643113056287 -0.0020360252240639444 -0.0043966344759671311 0.00061002449909708855 0.0015324560191161054 -0.002734350705679978 -0.0026496078069651466 0.0015584534119692315
leaf_weight=734 932 219 220 1591 142 238 1507 159 185 6248
leaf_count=734 932 219 220 1591 142 238 1507 159 185 6248
internal_value=0.000148296 -0.00100357 -0.000730527 -0.0018399 0.000771747 -0.00225649 0.000165294 0.000926916 -0.000290775 0.00114024
internal_weight=12175 4271 4052 1811 7904 380 2241 7524 1117 6407
internal_count=12175 4271 4052 1811 7904 380 2241 7524 1117 6407
is_linear=0
shrinkage=0.025


Tree=28
num_leaves=14
num_cat=0
split_feature=49 44 44 43 40 36 43 38 25 17 19 54 50
split_gain=15.6131 13.3106 8.90712 7.05894 6.06421 4.88475 4.50369 4.15602 3.77271 3.20332 3.12593 3.06385 1.82026
threshold=46.694999694824226 0.02704982087016106 0.023594461381435398 0.5067025125026704 1.3049267530441286 0.31091915071010595 -0.14797023683786389 -0.022908769547939297 -1.8879182338714597 0.021509654819965366 0.088253986090421691 3.2604999542236333 1.0000000180025095e-35
decision_type=10 2 2 2 2 2 2 2 2 2 2 8 10
left_child=1 4 9 7 5 -1 -6 -3 -4 12 -11 -5 -2
right_child=2 3 8 11 6 -7 -8 -9 -10 10 -12 -13 -14
leaf_value=0.0030137941833930943 -0.0007106537845673062 0.0005544525543317799 -0.0010425006963974439 -0.004298083810100827 -0.0044292568964265566 0.0005977635222800976 0.0023462286785245917 -0.0023315237313979902 -0.0037448371695527694 9.9706948406263284e-05 -0.001280186327806754 -0.0022218171353059635 -0.0012366494285037629
leaf_weight=4241 121 1127 128 147 166 3627 126 825 234 812 302 211 123
leaf_count=4241 121 1127 128 147 166 3627 126 825 234 812 302 211 123
internal_value=0.000177839 0.00054117 -0.00202536 -0.00113121 0.00101577 0.00114807 -0.00248737 -0.000530787 -0.00548706 -0.00108125 -0.00049933 -0.0043354 -0.0036496
internal_weight=12190 10470 1720 2310 8160 7868 292 1952 362 1358 1114 358 244
internal_count=12190 10470 1720 2310 8160 7868 292 1952 362 1358 1114 358 244
is_linear=0
shrinkage=0.025


Tree=29
num_leaves=13
num_cat=0
split_feature=49 36 49 41 9 17 4 38 17 3 36 5
split_gain=13.829 10.9892 15.8081 9.74863 9.55932 4.04786 3.01597 2.92544 2.84524 2.61683 2.0039 0.980826
threshold=45.494998931884773 0.30479669570922857 12.944999694824221 0.39989379048347479 0.033595673739910133 1.0525317788124087 0.74816393852233898 -0.14404685050249097 0.10812108218669893 -0.27568557858467096 0.14836582541465762 -0.040709298104047768
decision_type=10 2 10 2 2 2 2 2 2 2 2 2
left_child=1 5 3 -3 7 9 -4 11 -9 -1 -7 -2
right_child=4 2 6 -5 -6 10 -8 8 -10 -11 -12 -13
leaf_value=-0.0003528524851436392 -0.00068123469282490689 -0.0030768929287144421 0.0039160423494692597 -0.00073410227027023277 -0.0042643367234467405 0.0024874448908976869 -0.00090026838844895157 -0.0016368221142086066 -0.000771218097097774 0.0031243737536655394 -0.0026163906629980221 0.00090392265223062675
leaf_weight=324 123 585 1901 2490 121 144 421 207 1166 4346 155 197
leaf_count=324 123 585 1901 2490 121 144 421 207 1166 4346 155 197
internal_value=0.000204657 0.000557685 -0.000222371 -0.00139813 -0.00180525 0.00140556 0.00133165 -0.00130227 -0.00180425 0.0015869 -0.00138569 0.000826923
internal_weight=12180 10366 5397 3075 1814 4969 2322 1693 1373 4670 299 320
internal_count=12180 10366 5397 3075 1814 4969 2322 1693 1373 4670 299 320
is_linear=0
shrinkage=0.025


Tree=30
num_leaves=11
num_cat=0
split_feature=49 44 40 47 5 43 49 50 5 43
split_gain=14.4123 10.2419 8.86419 8.35586 8.14582 5.61079 5.23327 4.14197 2.53092 2.88903
threshold=45.494998931884773 0.025768439285457138 1.3049267530441286 0.91434335708618175 1.5258128046989443 -0.20807142555713651 11.784999847412111 -1.1750000119209287 1.1283613443374636 -0.10019895806908606
decision_type=10 2 2 2 2 2 10 10 2 2
left_child=1 2 7 8 6 -4 -3 -1 9 -2
right_child=3 4 5 -5 -6 -7 -8 -9 -10 -11
leaf_value=0.00099241167495652937 -0.0011242142106510325 -0.0014205937620866494 -0.0049221778033938278 -0.0039489846309968303 -0.0045710028179260145 0.00029365549757314277 0.0015476323307349908 0.0041918763534206501 -0.0013669590392385532 -0.00015812826880244526
leaf_weight=4781 555 1456 121 124 202 140 1202 2454 146 987
leaf_count=4781 555 1456 121 124 202 140 1202 2454 146 987
internal_value=0.000188019 0.000548572 0.00103436 -0.00186502 -0.000722077 -0.00344455 -0.000346883 0.00119907 -0.00138733 -0.00107547
internal_weight=12168 10356 7496 1812 2860 261 2658 7235 1688 1542
internal_count=12168 10356 7496 1812 2860 261 2658 7235 1688 1542
is_linear=0
shrinkage=0.025


Tree=31
num_leaves=12
num_cat=0
split_feature=44 38 40 17 46 16 48 47 16 39 37
split_gain=11.7046 8.63034 7.73855 5.2212 4.24859 3.06292 2.86049 2.72465 2.66622 2.18244 0.633526
threshold=0.023130615241825584 -0.046622326597571366 1.3049267530441286 1.4380480647087099 0.22909024357795718 0.024711586534976963 0.81896552443504345 0.54310345649719249 0.032484035938978202 0.40173840522766119 0.019666901789605621
decision_type=2 2 2 2 2 2 2 2 2 2 2
left_child=2 5 4 8 6 7 -1 -2 -3 -6 -7
right_child=1 3 -4 -5 9 10 -8 -9 -10 -11 -12
leaf_value=0.00019249062532792287 0.0028081811920991685 -0.0011998496545633627 -0.0032724810453523979 -0.0051950542475507058 -0.0017177187163846036 0.0015782990896170469 -0.0014683170226952001 -0.00092093116162534803 -0.0035618768782342278 0.001572937296969465 0.0043161835766710168
leaf_weight=1742 266 1915 200 143 137 221 208 1406 124 5370 439
leaf_count=1742 266 1915 200 143 137 221 208 1406 124 5370 439
internal_value=0.000198854 -0.000809637 0.000794342 -0.00193816 0.000926193 0.000245507 -7.35293e-05 -0.000321258 -0.00160042 0.00128107 0.00168233
internal_weight=12171 4514 7657 2182 7457 2332 1950 1672 2039 5507 660
internal_count=12171 4514 7657 2182 7457 2332 1950 1672 2039 5507 660
is_linear=0
shrinkage=0.025


Tree=32
num_leaves=12
num_cat=0
split_feature=49 36 49 29 22 20 15 36 31 3 45
split_gain=13.9577 10.7407 15.3433 9.51594 8.53463 4.3371 3.23639 3.83084 2.8127 2.66824 2.40408
threshold=45.494998931884773 0.30479669570922857 11.784999847412111 0.079738162457942977 0.41094808280467993 0.75403130054473888 0.15205428749322894 0.19856457412242892 2.3217101097106938 -0.31723955273628229 0.5524578094482423
decision_type=10 2 10 2 2 2 2 2 2 2 2
left_child=1 6 4 8 -3 -4 7 -1 10 -8 -2
right_child=3 2 5 -5 -6 -7 9 -9 -10 -11 -12
leaf_value=0.002056573167514435 -0.00095664341047709206 -0.0029897440269511756 0.0030163795453963353 -0.004176364899514568 -0.00079272080444651105 -0.0029150031043731072 -0.00070135833511376857 -0.0022956000464669749 -0.0018014323263066943 0.003130005603822165 9.0019348569930888e-05
leaf_weight=196 885 631 2286 170 2160 315 196 161 122 4418 640
leaf_count=196 885 631 2286 170 2160 315 196 161 122 4418 640
internal_value=0.000177985 0.00053301 -0.00023879 -0.00183932 -0.00152584 0.00114016 0.00137083 -0.000901243 -0.00124168 0.00154877 -0.000935457
internal_weight=12180 10363 5392 1817 2791 2601 4971 357 1647 4614 1525
internal_count=12180 10363 5392 1817 2791 2601 4971 357 1647 4614 1525
is_linear=0
shrinkage=0.025


Tree=33
num_leaves=13
num_cat=0
split_feature=44 49 40 49 38 17 44 46 39 37 5 17
split_gain=13.3767 10.5239 8.51217 8.37991 7.11212 6.59218 5.30947 4.66469 4.24092 2.73647 2.68531 3.16751
threshold=0.025970475748181347 46.835000991821296 1.3049267530441286 44.45000076293946 -0.12088884785771369 1.2941729426383974 0.018396183848381046 0.65737342834472667 0.40173840522766119 0.014863496646285059 1.0419467687606814 -0.040065960958600037
decision_type=2 10 2 10 2 2 2 2 2 2 2 2
left_child=1 2 8 4 9 -6 -4 -5 -1 -2 11 -3
right_child=3 10 6 7 5 -7 -8 -9 -10 -11 -12 -13
leaf_value=-0.0014359612094155809 -0.001529070252967832 -0.001089597557364279 -0.0043049847324814015 -0.0010441717969130336 -0.0011108801827760752 -0.0042158258742538242 -0.00017552045336068019 -0.0039832681474257928 0.0017740357661096549 0.0045008605181232645 -0.0013588696673369198 -0.00017682962536658719
leaf_weight=228 142 210 121 124 1879 242 152 124 7230 520 156 1066
leaf_count=228 142 210 121 124 1879 242 152 124 7230 520 156 1066
internal_value=0.000172453 0.000649133 0.00101425 -0.00126523 -0.000864867 -0.00157161 -0.00327788 -0.00562747 0.00117429 0.00138493 -0.00131437 -0.000920179
internal_weight=12194 9163 7731 3031 2783 2121 273 248 7458 662 1432 1276
internal_count=12194 9163 7731 3031 2783 2121 273 248 7458 662 1432 1276
is_linear=0
shrinkage=0.025


Tree=34
num_leaves=11
num_cat=0
split_feature=49 41 49 29 40 36 36 49 5 17
split_gain=11.5747 10.182 7.53656 6.72634 5.47233 5.41672 4.30588 3.95582 2.7351 2.65852
threshold=45.494998931884773 0.43384268879890447 12.944999694824221 0.084647860378026976 1.3049267530441286 0.1578561216592789 0.30855207145214086 32.11000061035157 1.0726551413536074 0.083617605268955245
decision_type=10 2 8 2 2 2 2 8 2 2
left_child=1 2 -1 8 6 -6 -3 -4 9 -2
right_child=3 4 7 -5 5 -7 -8 -9 -10 -11
leaf_value=-0.0039262819516774896 -0.001035434947778876 0.0028134787304583729 0.0021928649416933271 -0.0041701660992331697 0.0020841287183928281 -0.0042559533596174572 0.00063456268673535833 -0.0014642148780004409 -0.0015918909334081918 -0.00013412640569540187
leaf_weight=151 322 4005 517 141 172 278 3882 1308 184 1159
leaf_count=151 322 4005 517 141 172 278 3882 1308 184 1159
internal_value=0.000211667 0.000535593 -0.00107458 -0.001631 0.000918395 -0.00174451 0.00107213 -0.000618169 -0.00117141 -0.000801649
internal_weight=12119 10313 1976 1806 8337 450 7887 1825 1665 1481
internal_count=12119 10313 1976 1806 8337 450 7887 1825 1665 1481
is_linear=0
shrinkage=0.025


Tree=35
num_leaves=9
num_cat=0
split_feature=49 4 9 38 49 49 5 50
split_gain=11.5902 9.31708 8.41902 8.18547 6.23915 3.80284 2.61621 2.76594
threshold=45.494998931884773 1.1412475705146792 0.034170748665928848 -0.014079598709940909 15.050000190734865 30.645000457763675 1.0419467687606814 0.15500000119209292
decision_type=10 2 2 2 10 8 2 10
left_child=1 3 6 5 -5 -1 7 -2
right_child=2 -3 -4 4 -6 -7 -8 -9
leaf_value=0.0048362271031238456 0.00011724307200594098 -0.0050007945652689369 -0.0036617117805232235 -0.0010945840266763343 0.0027633317284251522 0.0010792232147799137 -0.0013121882507895338 -0.00088020874908662644
leaf_weight=1767 833 147 121 2563 936 5017 208 655
leaf_count=1767 833 147 121 2563 936 5017 208 655
internal_value=0.00021925 0.000540848 -0.00161979 0.000631926 -0.00034853 0.00113842 -0.00114859 -0.000769424
internal_weight=12247 10430 1817 10283 3499 6784 1696 1488
internal_count=12247 10430 1817 10283 3499 6784 1696 1488
is_linear=0
shrinkage=0.025


Tree=36
num_leaves=12
num_cat=0
split_feature=41 4 43 13 38 10 44 9 53 32 38
split_gain=11.6148 8.65952 4.51708 6.42916 4.07094 4.05974 3.1848 5.51646 1.84729 1.25365 1.16193
threshold=0.53210151195526134 1.0841601490974428 -0.19149263203144071 -0.054373497143387788 -0.020788659341633316 0.012486758176237346 0.028346834704279903 0.040710328146815307 0.38071574270725256 0.65171349048614513 -0.13187853991985318
decision_type=2 2 2 2 2 2 2 2 10 2 2
left_child=1 4 3 8 9 -6 10 -8 -2 -1 -4
right_child=2 -3 6 -5 5 -7 7 -9 -10 -11 -12
leaf_value=-0.0017196726341082332 -0.00029672506062174798 -0.0048588732283626982 0.0027279814856235925 -0.0023868297050460329 -0.00011140582623444642 -0.0022281787295576256 -0.0034461252093096863 0.0024731414349390673 0.00097615239803084178 0.00028748006589496619 0.0013241831863693287
leaf_weight=165 1141 147 1401 218 827 1107 309 300 837 1904 3894
leaf_count=165 1141 147 1401 218 827 1107 309 300 837 1904 3894
internal_value=0.000185129 -0.000888989 0.000736428 -0.000228873 -0.000663984 -0.00148724 0.00109642 -0.000604642 0.000221256 0.000104267 0.00129363
internal_weight=12250 4150 8100 2196 4003 1934 5904 609 1978 2069 5295
internal_count=12250 4150 8100 2196 4003 1934 5904 609 1978 2069 5295
is_linear=0
shrinkage=0.025


Tree=37
num_leaves=13
num_cat=0
split_feature=49 36 49 40 29 20 17 40 20 45 17 41
split_gain=11.7068 9.38765 13.1726 7.41303 6.27171 4.71045 3.99423 3.17623 3.08775 3.45616 2.33043 2.9635
threshold=45.875000000000007 0.30479669570922857 11.784999847412111 1.3239139318466189 0.059767063707113273 0.75403130054473888 1.2741129994392397 0.71118605136871349 0.061683846637606628 0.62931033968925487 -0.040065960958600037 0.57906073331832897
decision_type=10 2 10 2 2 2 2 2 2 2 2 2
left_child=1 6 3 -3 10 -4 7 -1 -6 -10 -2 -12
right_child=4 2 5 -5 8 -7 -8 -9 9 -11 11 -13
leaf_value=-0.00072268719768192179 -0.0010761949278123282 -0.00099921567537191586 0.0029634672526357244 -0.0063772110813184561 -0.00027849031180553012 -0.0029351389364114804 -0.0023292201111671353 0.0026288490235506115 -0.0040063030934292775 -0.0024671311142761506 -0.00088390561231949821 0.00033621378042867408
leaf_weight=514 185 2600 2298 190 121 310 121 4388 133 236 505 611
leaf_count=514 185 2600 2298 190 121 310 121 4388 133 236 505 611
internal_value=0.000184067 0.000505587 -0.00021724 -0.001411 -0.00167943 0.00105769 0.00128306 0.00139571 -0.00407828 -0.00520388 -0.000758997 -0.000315566
internal_weight=12212 10421 5398 2790 1791 2608 5023 4902 490 369 1301 1116
internal_count=12212 10421 5398 2790 1791 2608 5023 4902 490 369 1301 1116
is_linear=0
shrinkage=0.025


Tree=38
num_leaves=14
num_cat=0
split_feature=44 49 49 38 31 36 51 40 19 37 44 52 36
split_gain=10.9766 9.01313 8.13183 5.94276 5.80907 5.29328 6.48554 6.12523 3.87386 1.92522 0.626497 0.389729 0.259179
threshold=0.024015756323933605 44.45000076293946 46.694999694824226 -0.12088884785771369 2.7099133729934697 0.30855207145214086 -1.0799999833106992 1.2425385713577273 0.0062047529499977836 0.014640303794294597 0.022966705262660984 1.485000014305115 0.61777272820472728
decision_type=2 10 8 2 2 2 10 2 2 2 2 10 2
left_child=2 3 10 9 -5 6 -4 -7 -3 -2 12 -12 -1
right_child=1 8 5 4 -6 7 -8 -9 -10 -11 11 -13 -14
leaf_value=0.0043623740768715903 -0.00081252310137703914 -0.00085438426611097844 0.0017613184977130051 -0.00056800566988741291 -0.0030318291797582601 -0.00034113528766463734 -0.00037037447341427379 -0.0039187191186794241 -0.0044366466651051826 0.0037740831997910619 0.0034277417410324765 -0.00052328574354644118 0.0014380608640692657
leaf_weight=1812 158 181 3015 2182 554 1829 993 138 199 698 166 120 177
leaf_count=1812 158 181 3015 2182 554 1829 993 138 199 698 166 120 177
internal_value=0.00025139 -0.000826942 0.000771502 -0.000434737 -0.00100465 0.000285326 0.000807065 -0.00077396 -0.00446429 0.00137485 0.00204221 0.000889175 0.00220223
internal_weight=12222 3972 8250 3592 2736 5975 4008 1967 380 856 2275 286 1989
internal_count=12222 3972 8250 3592 2736 5975 4008 1967 380 856 2275 286 1989
is_linear=0
shrinkage=0.025


Tree=39
num_leaves=8
num_cat=0
split_feature=41 49 35 40 44 17 46
split_gain=10.8949 10.4315 8.05963 7.88996 4.75905 3.92748 3.00119
threshold=0.065006516873836531 45.494998931884773 0.15866116434335711 1.3239139318466189 0.025888361968100074 1.2941729426383974 0.22909024357795718
decision_type=2 10 2 2 2 2 2
left_child=-1 2 5 -4 6 -2 -3
right_child=1 4 3 -5 -6 -7 -8
leaf_value=-0.0046911961949459577 0.002131607471281321 -0.0010966797812156286 8.3115069263027269e-06 -0.0056632470870150971 -0.0022073569654837283 -0.0018515072264337535 -0.0002376195831220835
leaf_weight=128 5279 325 4531 194 227 199 1250
leaf_count=128 5279 325 4531 194 227 199 1250
internal_value=0.000168994 0.000248231 0.000558508 -0.000196882 -0.0015018 0.00121079 -0.00100079
internal_weight=12133 12005 10203 4725 1802 5478 1575
internal_count=12133 12005 10203 4725 1802 5478 1575
is_linear=0
shrinkage=0.025


Tree=40
num_leaves=13
num_cat=0
split_feature=44 49 43 13 53 49 20 49 52 44 43 22
split_gain=10.384 7.62272 6.77207 13.7253 6.23384 6.07962 6.59272 3.28879 3.07398 2.65409 1.95544 0.116851
threshold=0.028504007495939735 44.45000076293946 -0.19795276969671247 -0.093125842511653886 0.85306793451309215 44.45000076293946 0.82795920968055736 19.085000038146976 1.5349999666213991 0.021886340342462066 -0.14578468352556226 0.99440672993659984
decision_type=2 8 2 2 10 10 2 8 8 2 2 2
left_child=1 9 3 -3 -4 6 7 -2 -8 11 -11 -1
right_child=5 2 4 -5 -6 -7 8 -9 -10 10 -12 -13
leaf_value=0.0052155190757837439 0.0019849593538338694 -0.00040015483359992238 0.00099649941948160231 -0.0035717001523778331 -0.00086787657741877302 -0.0029457760541247826 -0.0045048404345157502 -0.0012480180043114733 -0.0013043923096960966 -0.00048745439881043532 0.002871623552557405 0.0053507663477680347
leaf_weight=1409 514 1483 4725 145 761 160 145 1069 188 376 1108 153
leaf_count=1409 514 1483 4725 145 761 160 145 1069 188 376 1108 153
internal_value=0.000200862 0.00053062 8.12966e-05 -0.00133114 0.000502413 -0.00140738 -0.00100403 -0.000321946 -0.0041753 0.00157612 0.000808429 0.00229659
internal_weight=12236 10160 7114 1628 5486 2076 1916 1583 333 3046 1484 1562
internal_count=12236 10160 7114 1628 5486 2076 1916 1583 333 3046 1484 1562
is_linear=0
shrinkage=0.025


Tree=41
num_leaves=13
num_cat=0
split_feature=44 49 38 49 29 40 45 36 49 30 36 35
split_gain=9.45974 7.81839 7.10272 5.22437 5.99315 4.89493 4.31163 3.98996 1.61519 1.58251 0.652442 0.20613
threshold=0.023130615241825584 44.45000076293946 -0.13338309526443479 44.45000076293946 0.071346901357173934 1.2944395542144778 0.19057226926088336 0.12878876924514773 40.979999542236335 -0.014943962916731833 0.65769615769386303 0.33635257184505468
decision_type=2 8 2 10 2 2 2 2 8 2 2 2
left_child=1 10 8 7 -5 6 -3 -4 -2 -10 11 -1
right_child=2 5 3 4 -6 -7 -8 -9 9 -11 -12 -13
leaf_value=0.0057696239471881211 0.0049173128046779303 -0.0007090792823735907 0.0026581797288404291 -0.00081485471168658168 -0.0044319674844644384 -0.002896710007085454 0.00087128143352709552 -0.0012307578630568667 0.0020689168472964991 -0.0010124608813060112 0.0010685583886607423 0.0014883779334458566
leaf_weight=1512 454 1195 504 236 135 195 4410 2717 267 173 135 268
leaf_count=1512 454 1195 504 236 135 195 4410 2717 267 173 135 268
internal_value=0.000237281 0.000768297 -0.000674404 -0.00117146 -0.00396609 0.000309001 0.000446747 -0.000841987 0.00131118 0.000210674 0.00215169 0.00227941
internal_weight=12201 7715 4486 3592 371 5800 5605 3221 894 440 1915 1780
internal_count=12201 7715 4486 3592 371 5800 5605 3221 894 440 1915 1780
is_linear=0
shrinkage=0.025


Tree=42
num_leaves=9
num_cat=0
split_feature=41 31 41 43 41 43 46 52
split_gain=8.82751 7.64161 6.55094 4.63024 4.13851 3.31871 2.28101 1.52601
threshold=0.065006516873836531 2.1328834295272832 0.61205041408538829 -0.010621412191540001 0.43691094219684606 0.030843310989439491 0.26724137365818029 -3.7500001192092891
decision_type=2 2 2 2 2 2 2 10
left_child=-1 3 5 4 -2 -3 -5 -4
right_child=1 2 7 6 -6 -7 -8 -9
leaf_value=-0.0043983938337650262 -0.0014070279499647509 -0.0083027783375473532 -0.00078032425205915045 -0.00077026151584224777 0.00025070396826660585 -0.0017477105398477036 0.0019428455669563143 0.0019181587454590078
leaf_weight=128 605 127 121 352 5004 1052 4416 393
leaf_count=128 605 127 121 352 5004 1052 4416 393
internal_value=0.000210092 0.000281056 -0.00127282 0.000535663 4.74262e-05 -0.00229835 0.00110806 0.00106696
internal_weight=12198 12070 1693 10377 5609 1179 4768 514
internal_count=12198 12070 1693 10377 5609 1179 4768 514
is_linear=0
shrinkage=0.025


Tree=43
num_leaves=13
num_cat=0
split_feature=49 44 38 40 9 31 43 43 38 48 49 45
split_gain=10.5045 8.77716 6.10614 5.93745 5.33767 5.2562 4.61127 3.76862 2.31999 2.68155 0.97902 0.918144
threshold=45.494998931884773 0.024284014478325847 -0.12088884785771369 1.2944395542144778 0.034025836735963828 2.7099133729934697 -0.20807142555713651 0.010180188342928888 -0.13187853991985318 0.3706896454095841 40.979999542236335 0.40040352940559393
decision_type=10 2 2 2 2 2 2 2 2 2 8 2
left_child=1 3 10 7 8 -4 -5 -1 11 -10 -3 -2
right_child=4 2 5 6 -6 -7 -8 -9 9 -11 -12 -13
leaf_value=0.00082078474685123165 -0.00060060909261471721 0.0039807679866468064 -0.00062469240011136856 -0.0037360217039576096 -0.0033361071912126014 -0.0030918684347809224 0.00049598146839265869 0.0037442180494444456 -0.00090993493630252623 -0.00042829460858570837 0.00068009853897183718 0.0008782601767587544
leaf_weight=4112 141 418 2111 125 120 547 126 2542 501 811 396 226
leaf_count=4112 141 418 2111 125 120 547 126 2542 501 811 396 226
internal_value=0.000210061 0.000516399 -0.000507262 0.00103202 -0.00155003 -0.00108853 -0.0027002 0.00117566 -0.00117058 -0.00166192 0.00137821 0.000567876
internal_weight=12176 10377 3472 6905 1799 2658 251 6654 1679 1312 814 367
internal_count=12176 10377 3472 6905 1799 2658 251 6654 1679 1312 814 367
is_linear=0
shrinkage=0.025


Tree=44
num_leaves=13
num_cat=0
split_feature=49 43 38 25 41 9 49 20 30 46 41 11
split_gain=9.56307 8.78769 7.14737 4.14061 4.09935 4.01849 3.06472 2.80403 2.0367 1.98036 1.20261 0.837194
threshold=48.564998626708991 0.5067025125026704 -0.031374821439385407 -4.4968271255493155 0.60096538066864025 0.037852166220545776 30.645000457763675 0.0051662006881088027 0.47372443974018102 0.22909024357795718 0.38322162628173834 0.017551413737237457
decision_type=10 2 2 2 2 2 8 2 2 2 2 2
left_child=1 2 6 -4 7 10 -1 -2 -9 -6 -3 -11
right_child=4 5 3 -5 9 -7 -8 8 -10 11 -12 -13
leaf_value=0.0048044981121525389 -4.3262582703871937e-05 -0.0022074232860920377 -0.0030177749208058074 -1.8005795215615309e-05 -0.00078650958194687113 -0.0030481443290925185 0.0010964201797357147 -0.0013022726870486475 -0.0027819992254044094 0.0011532030976565226 0.0013692281981561773 -0.00078041723348282307
leaf_weight=1552 192 122 227 3819 135 231 4599 500 122 336 152 210
leaf_count=1552 192 122 227 3819 135 231 4599 500 122 336 152 210
internal_value=0.00018122 0.000443518 0.000603926 -0.00021075 -0.0016875 -0.00275735 0.00114055 -0.00288004 -0.00369019 -0.000242347 -0.000658602 0.000424229
internal_weight=12197 10702 10197 4046 1495 505 6151 814 622 681 274 546
internal_count=12197 10702 10197 4046 1495 505 6151 814 622 681 274 546
is_linear=0
shrinkage=0.025


Tree=45
num_leaves=12
num_cat=0
split_feature=49 43 35 40 9 44 33 12 44 45 11
split_gain=9.18674 8.54399 6.44334 6.82334 4.77925 3.36053 2.72546 1.73002 1.38463 1.18609 0.821965
threshold=45.494998931884773 0.56499856710433971 0.15866116434335711 1.3151219487190249 0.033757340162992484 0.040987631306052215 -0.015746067278087136 -0.013780499342828987 0.020883743651211265 0.67663240432739269 0.01859158277511597
decision_type=10 2 2 2 2 2 2 2 2 2 2
left_child=1 2 6 -4 7 10 -1 8 -2 -9 -3
right_child=4 5 3 -5 -6 -7 -8 9 -10 -11 -12
leaf_value=-0.00070437952555902196 -3.6540561346352579e-05 0.00026978148328521883 0.00018737808558944057 -0.005554033274837584 -0.0031868538405832973 -0.0037695246138946012 0.0023157173905218246 -0.001682986552135251 -0.0011744947698824804 -0.00078390844262038971 -0.0028562931709237922
leaf_weight=459 960 123 4406 205 120 124 4899 121 446 155 129
leaf_count=459 960 123 4406 205 120 124 4899 121 446 155 129
internal_value=0.000225169 0.000512681 0.000653324 -3.06e-05 -0.00141879 -0.00315945 0.00124254 -0.00106031 -0.000693657 -0.00286032 -0.00141537
internal_weight=12147 10345 9969 4611 1802 376 5358 1682 1406 276 252
internal_count=12147 10345 9969 4611 1802 376 5358 1682 1406 276 252
is_linear=0
shrinkage=0.025


Tree=46
num_leaves=12
num_cat=0
split_feature=44 49 49 40 4 49 49 46 35 6 4
split_gain=10.1059 7.27701 6.55097 6.10707 5.27628 4.10706 3.64328 3.29713 0.379277 0.354235 0.156632
threshold=0.023130615241825584 45.875000000000007 44.45000076293946 1.3049267530441286 1.1412475705146792 48.564998626708991 12.944999694824221 0.62931033968925487 0.33397397398948675 0.032278945669531829 -0.086937963962554918
decision_type=2 8 10 2 2 10 10 2 2 2 2
left_child=1 8 4 5 6 -3 -2 -4 10 -10 -1
right_child=2 3 7 -5 -6 -7 -8 -9 9 -11 -12
leaf_value=0.0048384997211496725 -0.0010247569453907075 0.00086665322021086853 -0.00076728553420118875 -0.0028485559904957714 -0.0040060854679976332 -0.00038028929851340883 0.0012292313964970853 -0.0028468215422922947 0.0020952955283521234 0.00079835986642206875 0.0050051120343102794
leaf_weight=129 2310 4409 212 193 142 1144 1572 234 183 212 1477
leaf_count=129 2310 4409 212 193 142 1144 1572 234 183 212 1477
internal_value=0.000248425 0.000794795 -0.000696927 0.000340593 -0.000374472 0.000495007 -0.000196488 -0.00355599 0.00209185 0.00132813 0.0022711
internal_weight=12217 7747 4470 5746 4024 5553 3882 446 2001 395 1606
internal_count=12217 7747 4470 5746 4024 5553 3882 446 2001 395 1606
is_linear=0
shrinkage=0.025


Tree=47
num_leaves=14
num_cat=0
split_feature=44 49 5 49 36 43 53 36 30 11 35 42 44
split_gain=8.49125 7.17146 6.68943 6.71787 5.30816 4.51123 4.77099 4.59885 3.835 1.38855 0.564996 0.741162 0.136214
threshold=0.022900952026247982 45.494998931884773 1.5258128046989443 30.645000457763675 0.67559540271759044 -0.041722862049937241 0.85306793451309215 0.32096348702907568 -0.44402460753917689 0.022342043928802017 0.33397397398948675 -0.015616720542311667 0.022099003195762638
decision_type=2 8 2 8 2 2 10 2 2 2 2 2 2
left_child=1 10 3 4 -2 7 -7 -3 -5 -4 12 -12 -1
right_child=2 5 9 8 -6 6 -8 -9 -10 -11 11 -13 -14
leaf_value=0.0051730351895234623 0.0027826134179790825 0.00016176908765590256 -0.0021135657385102855 0.0012740573287369869 -0.0017316664508369491 0.0021643147850702953 -0.00069479977764173254 -0.0014843172962600835 -0.0013352815192369703 -0.0055982836492543811 0.0020281516347188974 -0.0001527187971768193 0.0034239068170041301
leaf_weight=1390 1323 2090 136 364 294 2197 452 900 2401 125 230 143 139
leaf_count=1390 1323 2090 136 364 294 2197 452 900 2401 125 230 143 139
internal_value=0.000213615 0.000731679 -0.000626345 -0.000390643 0.000885481 0.000281937 0.00103287 -0.000381886 -0.00113944 -0.00447838 0.00205755 0.00112765 0.00227591
internal_weight=12184 7541 4643 4382 1617 5639 2649 2990 2765 261 1902 373 1529
internal_count=12184 7541 4643 4382 1617 5639 2649 2990 2765 261 1902 373 1529
is_linear=0
shrinkage=0.025


Tree=48
num_leaves=9
num_cat=0
split_feature=41 31 41 45 40 40 44 51
split_gain=8.67378 7.04797 4.54013 4.27735 3.87008 2.74859 2.05951 1.29974
threshold=0.065006516873836531 2.1328834295272832 0.61735206842422496 0.5524578094482423 1.3049267530441286 0.53209951519966137 0.025768439285457138 2.4200000762939458
decision_type=2 2 2 2 2 2 2 8
left_child=-1 3 6 4 -2 -5 -3 -4
right_child=1 2 7 5 -6 -7 -8 -9
leaf_value=-0.0040114989959450353 0.00021694438822752925 -0.00035067078069251755 0.0018625889205303233 -0.0021407950156868789 -0.0027494032498836252 0.0019129947796888943 -0.0024266897566720116 -0.00054321739919577694
leaf_weight=125 6101 351 330 131 213 3968 847 171
leaf_count=125 6101 351 330 131 213 3968 847 171
internal_value=0.000219429 0.000288747 -0.00120085 0.000532852 0.00012324 0.00116137 -0.00203554 0.000783103
internal_weight=12237 12112 1699 10413 6314 4099 1198 501
internal_count=12237 12112 1699 10413 6314 4099 1198 501
is_linear=0
shrinkage=0.025


Tree=49
num_leaves=12
num_cat=0
split_feature=49 35 40 9 53 31 52 40 38 16 13
split_gain=7.81802 7.66353 6.9424 5.13677 4.59509 3.98002 4.50411 2.09459 1.85148 2.30922 0.958244
threshold=44.45000076293946 0.20901692658662799 1.3239139318466189 0.034949047490954406 0.82586529850959789 2.1868374347686772 -11.190000057220457 0.72015580534935009 -0.14404685050249097 0.017514690756797794 -0.31857539713382715
decision_type=10 2 2 2 8 2 10 2 2 2 2
left_child=1 5 4 8 -3 7 -7 -1 10 -10 -2
right_child=3 2 -4 -5 -6 6 -8 -9 9 -11 -12
leaf_value=-0.0002714056202810126 -0.00021452647778010404 0.0051637375452333011 -0.0045820435491382532 -0.0025155976441922968 -0.0005117554869690801 -0.0029984973920155911 0.0019231646220541779 0.0021830095632254993 -0.0015014199385238883 -0.00045881679472299663 0.0014143422910746965
leaf_weight=670 127 558 147 120 3216 291 281 5115 180 1279 182
leaf_count=670 127 558 147 120 3216 291 281 5115 180 1279 182
internal_value=0.000234882 0.000507026 -0.000360736 -0.00124076 -0.000147856 0.00104311 -0.000933709 0.00124029 -0.00088762 -0.0012611 0.00084793
internal_weight=12166 10278 3921 1888 3774 6357 572 5785 1768 1459 309
internal_count=12166 10278 3921 1888 3774 6357 572 5785 1768 1459 309
is_linear=0
shrinkage=0.025


Tree=50
num_leaves=11
num_cat=0
split_feature=49 38 22 39 10 38 47 17 38 50
split_gain=8.44713 7.76251 6.71153 5.88651 3.18503 3.78321 2.99907 1.9539 1.93944 1.48923
threshold=44.45000076293946 -0.046622326597571366 0.16089801490306857 0.36011232435703283 0.022850311361253265 -0.12088884785771369 0.91434335708618175 -0.014143996872007845 -0.18520770221948621 0.15500000119209292
decision_type=10 2 2 2 2 2 2 2 2 10
left_child=1 4 -3 -4 7 -6 8 -1 -2 -10
right_child=6 2 3 -5 5 -7 -8 -9 9 -11
leaf_value=0.00037584231786210484 0.0007403650539265492 -0.0032883389259866255 -0.0027588653008148441 0.00021285965847948134 0.0025308918040277905 -0.00078723415921281431 -0.0027231585782883545 0.0031047324081005913 -0.00031300215319402192 -0.00085479945741491307
leaf_weight=609 145 187 242 4209 1050 1015 145 3008 909 706
leaf_count=609 145 187 242 4209 1050 1015 145 3008 909 706
internal_value=0.000227412 0.000510291 -0.000247415 -4.853e-05 0.00112955 0.000341184 -0.00129908 0.00157682 -0.00100212 -0.00125386
internal_weight=12225 10320 4638 4451 5682 2065 1905 3617 1760 1615
internal_count=12225 10320 4638 4451 5682 2065 1905 3617 1760 1615
is_linear=0
shrinkage=0.025


Tree=51
num_leaves=14
num_cat=0
split_feature=44 49 43 13 49 53 38 5 29 30 4 36 45
split_gain=8.72597 8.03563 6.17216 8.66419 5.21743 4.87596 4.21538 4.58961 3.6661 1.63235 1.39566 0.365098 0.078967
threshold=0.023130615241825584 44.45000076293946 -0.23907057940959928 -0.11621372401714324 45.494998931884773 0.85306793451309215 -0.12088884785771369 1.4706540107727053 0.074040584266185774 0.1560262739658356 0.017582040280103687 0.65769615769386303 0.077035948634147658
decision_type=2 8 2 2 10 10 2 2 2 2 2 2 2
left_child=1 11 3 -3 6 -4 10 -8 9 -6 -2 12 -1
right_child=4 2 5 -5 8 -7 7 -9 -10 -11 -12 -13 -14
leaf_value=0.0036288326526586786 -0.0012607291254681464 -0.00028656771527102947 0.0010760610842682761 -0.003479175041430714 0.00021738791036715803 -0.00064082571589714607 -0.00057968881401442214 -0.0035150225296782692 -0.0037213160999281037 -0.0010202097585559917 0.0025853522306613207 0.0010811894849035537 0.0045303609725484998
leaf_weight=125 183 1007 3985 127 154 635 2831 217 140 143 786 140 1620
leaf_count=125 183 1007 3985 127 154 635 2831 217 140 143 786 140 1620
internal_value=0.000231547 0.000744538 0.000278477 -0.00136852 -0.000646726 0.000685135 -0.000360828 -0.000818457 -0.00322681 -0.00157699 0.00106905 0.00215939 0.00226071
internal_weight=12093 7639 5754 1134 4454 4620 4017 3048 437 297 969 1885 1745
internal_count=12093 7639 5754 1134 4454 4620 4017 3048 437 297 969 1885 1745
is_linear=0
shrinkage=0.025


Tree=52
num_leaves=9
num_cat=0
split_feature=49 41 9 38 15 49 19 41
split_gain=8.24473 6.28262 5.32294 4.95297 4.28283 3.44629 2.49029 1.44657
threshold=44.45000076293946 0.065006516873836531 0.034949047490954406 -0.016919279471039769 0.23275861889123919 30.645000457763675 0.1544979810714722 0.59902259707450878
decision_type=10 2 2 2 2 8 2 2
left_child=1 -1 6 5 -5 -3 7 -2
right_child=2 3 -4 4 -6 -7 -8 -9
leaf_value=-0.0038750728969771751 -0.00059471505888736384 0.0037050769887675807 -0.0034727052638203145 -0.0020425709109426825 -2.5242889473552795e-05 0.0007999174053612561 -0.0020344846551268131 9.9349489583878918e-05
leaf_weight=122 746 1686 121 136 3422 4951 215 801
leaf_count=122 746 1686 121 136 3422 4951 215 801
internal_value=0.000214564 0.000492758 -0.00130363 0.000561887 -0.000189096 0.000965259 -0.000941568 -0.000580702
internal_weight=12200 10317 1883 10195 3558 6637 1762 1547
internal_count=12200 10317 1883 10195 3558 6637 1762 1547
is_linear=0
shrinkage=0.025


Tree=53
num_leaves=12
num_cat=0
split_feature=44 49 43 33 5 49 9 35 46 17 41
split_gain=7.36536 5.95516 6.23379 6.08182 5.4034 4.92835 3.37702 3.19624 2.39928 1.58955 2.12584
threshold=0.025970475748181347 48.564998626708991 -0.19149263203144071 -0.0072094728238880626 1.5258128046989443 30.645000457763675 0.030008244328200821 0.32914303243160253 0.22909024357795718 0.015080677811056377 0.57906073331832897
decision_type=2 10 2 2 2 8 2 2 2 2 2
left_child=1 2 3 -1 5 7 -7 -2 -4 -3 -11
right_child=4 9 8 -5 -6 6 -8 -9 -10 10 -12
leaf_value=-0.0018225027040440706 0.0037263727246674228 -0.0015781839042921986 -8.2494885665170787e-05 0.00020769847269731169 -0.0034968311334895282 -0.0020051824461852028 -0.00091799948268114859 -0.0006386963975699338 0.0022999663433298663 -0.00068253637643316337 0.00025354016348628122
leaf_weight=369 567 221 817 1705 216 169 1564 477 4997 472 591
leaf_count=369 567 221 817 1705 216 169 1564 477 4997 472 591
internal_value=0.000187449 0.000539256 0.00079675 -0.000376984 -0.000887675 -0.000584561 -0.00140175 0.000766206 0.00121649 -0.00103472 -0.000619148
internal_weight=12165 9172 7888 2074 2993 2777 1733 1044 5814 1284 1063
internal_count=12165 9172 7888 2074 2993 2777 1733 1044 5814 1284 1063
is_linear=0
shrinkage=0.025


Tree=54
num_leaves=14
num_cat=0
split_feature=38 44 5 21 44 5 30 35 48 30 36 38 32
split_gain=7.09085 4.91623 3.71312 3.62127 2.50649 3.1849 2.66887 3.54842 2.0861 2.07916 1.7487 1.43424 0.652442
threshold=-0.032690457999706261 0.024284014478325847 1.4706540107727053 39.649223327636726 0.028654781170189384 0.018240261822938923 0.0047548585571348676 0.0065419590100646028 0.81896552443504345 0.60911139845848095 0.30855207145214086 -0.13572793453931806 0.87849280238151561
decision_type=2 2 2 2 2 2 2 2 2 2 2 2 2
left_child=4 3 8 -2 5 9 12 -8 -3 -1 -5 -7 -6
right_child=1 2 -4 10 6 11 7 -9 -10 -11 -12 -13 -14
leaf_value=9.3097116594096079e-05 -0.0020768625503410193 -0.0014401846071571865 -0.0036080737830156383 0.00084964351789016161 0.002644810253923738 0.0025772193022262765 -0.0022161450383357956 0.00024212584769217637 0.00029487817563186549 -0.0020382397669583777 -0.00018004491463367617 0.0011049110993136067 0.00026649995159515213
leaf_weight=1119 232 1105 149 1095 201 1390 254 344 362 129 1880 3630 320
leaf_count=1119 232 1105 149 1095 201 1390 254 344 362 129 1880 3630 320
internal_value=0.000245088 -0.00049943 -0.00162168 6.57691e-05 0.000732041 0.000926789 -0.000352535 -0.00149046 -0.00122368 -0.000198523 0.000304111 0.00120771 0.000943441
internal_weight=12210 4823 1616 3207 7387 6268 1119 598 1467 1248 2975 5020 521
internal_count=12210 4823 1616 3207 7387 6268 1119 598 1467 1248 2975 5020 521
is_linear=0
shrinkage=0.025


Tree=55
num_leaves=13
num_cat=0
split_feature=44 49 36 30 50 12 49 17 49 36 31 44
split_gain=7.64521 6.81883 6.86798 9.15628 5.2394 3.89009 4.65098 4.11628 2.34815 2.26713 1.19233 1.13543
threshold=0.026941564865410331 46.694999694824226 0.31091915071010595 0.20462253689765933 -0.46999999880790705 -0.19544959813356397 45.494998931884773 1.2941729426383974 40.979999542236335 0.67559540271759044 0.98133870959281932 0.021952220238745216
decision_type=2 8 2 2 10 2 10 2 8 2 2 2
left_child=1 9 4 -4 -3 8 7 -7 -2 11 -10 -1
right_child=5 2 3 -5 -6 6 -8 -9 10 -11 -12 -13
leaf_value=0.0036773278696360942 0.0033698976311768453 0.0014846166246371638 0.00014047214796036382 -0.0019760142580184845 -0.00041524462383156355 -0.00086252025842564978 -0.0034092726283562213 -0.0031700805603075617 0.00083743873136923473 -0.00096887259412176303 -0.0011687913102710497 0.0019709436397183293
leaf_weight=1659 289 3395 1328 837 1104 1575 125 209 182 214 218 1082
leaf_count=1659 289 3395 1328 837 1104 1575 125 209 182 214 218 1082
internal_value=0.00016456 0.000490051 4.55467e-05 -0.00110887 0.000603075 -0.00103678 -0.00161769 -0.00127655 0.000563761 0.0014886 -0.00066358 0.0016829
internal_weight=12217 9619 6664 2165 4499 2598 1909 1784 689 2955 400 2741
internal_count=12217 9619 6664 2165 4499 2598 1909 1784 689 2955 400 2741
is_linear=0
shrinkage=0.025


Tree=56
num_leaves=13
num_cat=0
split_feature=49 35 53 9 14 33 38 44 46 41 12 9
split_gain=6.93735 5.94919 6.12419 4.79192 4.78596 3.10628 5.3881 2.60402 2.01747 2.34875 2.04779 0.507472
threshold=44.45000076293946 0.15866116434335711 0.82586529850959789 0.034296343103051193 0.094827588647604003 -0.015746067278087136 -0.13499445468187329 0.028654781170189384 0.26724137365818029 0.53021183609962474 -0.084821984171867357 0.030577612109482292
decision_type=10 2 8 2 2 2 2 2 2 2 2 2
left_child=1 5 11 8 -4 6 -1 -7 10 -10 -2 -3
right_child=3 2 4 -5 -6 7 -8 -9 9 -11 -12 -13
leaf_value=0.0056839808158232934 -0.00043387540248295583 0.0072932214231442903 -0.0024200755373866758 -0.0025410397515586783 -0.00022857775747791979 0.0023492052108027325 -0.0020016468838509461 -0.00014849964949397682 -0.00069060158822909791 0.00021850162798498467 -0.0030633712033972318 0.0017444646499165635
leaf_weight=237 275 516 351 121 3792 4311 245 727 421 894 141 121
leaf_count=237 275 516 351 121 3792 4311 245 727 421 894 141 121
internal_value=0.000240499 0.000494299 -0.000150209 -0.00116519 -0.000502953 0.00105317 -0.000849589 0.00123711 -0.000815812 -0.000326704 -0.00232482 0.00212033
internal_weight=12152 10300 4780 1852 4143 5520 482 5038 1731 1315 416 637
internal_count=12152 10300 4780 1852 4143 5520 482 5038 1731 1315 416 637
is_linear=0
shrinkage=0.025


Tree=57
num_leaves=13
num_cat=0
split_feature=38 39 44 22 30 5 27 44 43 3 37 6
split_gain=6.90695 4.40723 3.59451 3.64421 2.92359 2.77652 2.54233 2.23727 2.13115 1.88268 1.43541 1.0138
threshold=-0.02504804544150829 0.36011232435703283 0.023130615241825584 0.24383443593978885 0.21510095894336703 1.4706540107727053 -0.011094334069639443 0.028654781170189384 -0.15159609913825986 -0.012640632688999174 0.030257939361035827 0.056355200707912452
decision_type=2 2 2 2 2 2 2 2 2 2 2 2
left_child=6 4 3 -3 -2 -4 8 9 -1 -8 -9 -10
right_child=1 2 5 -5 -6 -7 7 10 11 -11 -12 -13
leaf_value=-0.0025008857054910792 -0.0033835435892127226 -0.0029255148863979452 -0.00091926226397872539 0.00036961473270159264 -0.0024492207566015655 -0.0031398879682514023 0.00052934351956998701 -0.00046062120945497575 -0.0011145566904024382 0.0018034066607049159 0.0023186628927614346 0.0012288478085593631
leaf_weight=139 121 131 1499 2599 121 126 2754 857 184 3336 166 157
leaf_count=139 121 131 1499 2599 121 126 2754 857 184 3336 166 157
internal_value=0.00021474 -0.000548946 -0.000362672 0.000189671 -0.00380061 -0.00129218 0.000677975 0.00079745 -0.00106959 0.000979286 -0.000278453 0
internal_weight=12190 4597 4355 2730 242 1625 7593 7113 480 6090 1023 341
internal_count=12190 4597 4355 2730 242 1625 7593 7113 480 6090 1023 341
is_linear=0
shrinkage=0.025


Tree=58
num_leaves=8
num_cat=0
split_feature=41 49 36 49 3 29 25
split_gain=7.30203 7.14912 6.71005 9.79021 3.79624 3.65397 1.92846
threshold=0.065006516873836531 44.45000076293946 0.30479669570922857 11.784999847412111 -0.27568557858467096 0.084647860378026976 8.8102335929870623
decision_type=2 10 2 10 2 2 2
left_child=-1 2 4 -4 -2 6 -3
right_child=1 5 3 -5 -6 -7 -8
leaf_value=-0.003478958993527204 -0.00084639116309665114 -8.9285927849810977e-05 -0.00097286721441165302 0.0016487539579785829 0.0022044092589925757 -0.0032596970291080296 -0.00075686034993699956
leaf_weight=128 344 1097 2762 2606 4506 144 636
leaf_count=128 344 1097 2762 2606 4506 144 636
internal_value=0.000194329 0.000258781 0.000519784 -8.81722e-05 0.00119336 -0.00115635 -0.000826381
internal_weight=12223 12095 10218 5368 4850 1877 1733
internal_count=12223 12095 10218 5368 4850 1877 1733
is_linear=0
shrinkage=0.025


Tree=59
num_leaves=13
num_cat=0
split_feature=49 36 50 30 9 43 5 3 13 40 40 32
split_gain=6.41495 6.40166 8.84571 6.09047 3.96795 3.67919 3.54535 3.75818 1.71288 1.69168 3.26398 1.85098
threshold=44.45000076293946 0.30963192880153662 -1.1049999594688413 -0.15461611747741696 0.034949047490954406 0.5067025125026704 1.0501024127006533 -0.27568557858467096 -0.097217258065938936 0.9342622458934785 0.96934950351715099 1.1070342063903811
decision_type=10 2 10 2 2 2 2 2 2 2 2 2
left_child=1 6 3 -3 9 -4 7 -1 -8 11 -11 -2
right_child=4 2 5 -5 -6 -7 8 -9 -10 10 -12 -13
leaf_value=-0.00079399650839561309 0.00031679448165136025 0.00052700766269948201 0.0017994646239824288 -0.0016314951559675825 -0.0031385760512208146 -0.0026445467460480838 -0.0026441247109889568 0.0023622845122806772 0.00091319879535857506 -0.0021542058792161545 -0.0003992053363890443 -0.0012276641284533433
leaf_weight=343 589 961 2468 1630 123 144 156 4325 240 194 840 125
leaf_count=343 589 961 2468 1630 123 144 156 4325 240 194 840 125
internal_value=0.000242012 0.000487855 -0.000126968 -0.00116188 -0.00110141 0.000897497 0.00112029 0.00131366 -0.00113155 -0.000783656 -0.00142806 0.000144298
internal_weight=12138 10267 5203 2591 1871 2612 5064 4668 396 1748 1034 714
internal_count=12138 10267 5203 2591 1871 2612 5064 4668 396 1748 1034 714
is_linear=0
shrinkage=0.025


Tree=60
num_leaves=14
num_cat=0
split_feature=49 20 17 30 39 17 17 24 12 34 44 49 8
split_gain=5.83743 6.48935 5.90228 4.4423 3.90291 2.69001 3.0911 1.82788 3.1194 1.70981 1.43746 1.3079 0.0708219
threshold=44.45000076293946 0.52840474247932445 1.0712645053863528 -0.31632700562477106 0.36011232435703283 1.5140098929405215 0.64634552597999584 31.269533157348636 -0.14617940038442609 -0.059592368081212037 0.021752864122390751 30.645000457763675 0.034926110878586776
decision_type=8 2 2 2 2 2 2 2 2 2 2 10 2
left_child=1 10 3 9 -5 6 -3 8 -4 -2 12 -12 -1
right_child=2 5 7 4 -6 -7 -8 -9 -10 -11 11 -13 -14
leaf_value=0.0044406477128291913 -0.00020553234182838008 -0.0028338415935334101 -0.00029870906177552163 -0.0032065589601154884 -0.00020832265169281672 -0.0029510469051624477 0.00066966998453691794 -0.0016947465493400279 -0.0028511010319853462 0.00094329867838856989 0.0024282897652419034 -0.00038689548669182687 0.0024896174850443692
leaf_weight=1258 364 186 121 227 5298 122 795 177 130 1938 1177 328 123
leaf_count=1258 364 186 121 227 5298 122 795 177 130 1938 1177 328 123
internal_value=0.000220732 0.00100557 -0.000158142 -1.59509e-07 -0.000385398 -0.000619359 -0.00016861 -0.00299942 -0.00436035 0.000920568 0.00162876 0.0010803 0.00221591
internal_weight=12244 3989 8255 7827 5525 1103 981 428 251 2302 2886 1505 1381
internal_count=12244 3989 8255 7827 5525 1103 981 428 251 2302 2886 1505 1381
is_linear=0
shrinkage=0.025


Tree=61
num_leaves=14
num_cat=0
split_feature=44 49 40 31 40 50 49 36 49 35 44 36 1
split_gain=6.79997 6.30912 5.26103 3.73943 5.02728 3.67936 3.41427 4.41839 3.29852 1.02962 0.956924 0.937545 0.114876
threshold=0.023130615241825584 43.470001220703132 1.2871431112289431 1.5531963109970095 0.63425377011299144 -0.074999999254941926 28.364999771118168 0.37984657287597662 46.385000228881843 0.33397397398948675 0.021399366669356826 0.5510733723640443 0.099731162190437331
decision_type=2 8 2 2 2 10 8 2 10 2 2 2 2
left_child=1 9 5 6 -5 -3 11 -8 -6 12 -11 -2 -1
right_child=3 2 -4 4 8 -7 7 -9 -10 10 -12 -13 -14
leaf_value=0.0049526476669166314 0.0044994758204464236 0.00056356330170066456 -0.0027619047111812796 -0.0031748390708413719 -0.00075627029319788098 -0.00056460205506653411 0.00022591529967199973 -0.002045412173590559 -0.0023728697458057849 0.0015984132789350768 -0.00036349908383486102 -7.8450860706268393e-05 0.0038869818477543974
leaf_weight=1335 526 4765 208 135 1906 857 1282 315 129 246 135 137 135
leaf_count=1335 526 4765 208 135 1906 857 1282 315 129 246 135 137 135
internal_value=0.000177142 0.000627277 0.000221722 -0.000601747 -0.00134195 0.000368536 0.000107616 -0.000515761 -0.00102022 0.00189723 0.00070272 0.00161115 0.00219915
internal_weight=12111 7681 5830 4430 2170 5622 2260 1597 2035 1851 381 663 1470
internal_count=12111 7681 5830 4430 2170 5622 2260 1597 2035 1851 381 663 1470
is_linear=0
shrinkage=0.025


Tree=62
num_leaves=15
num_cat=0
split_feature=49 36 33 35 50 43 40 4 31 44 44 36 40 9
split_gain=6.33467 7.98926 6.72129 5.88409 4.98563 4.96997 3.50294 3.48129 3.08771 2.38076 2.36262 2.70668 2.28736 0.529159
threshold=44.45000076293946 0.17232670634984973 -0.0023049254668876524 0.32914303243160253 1.0000000180025095e-35 -0.19472286105155942 0.51478528976440441 0.76111555099487316 2.1328834295272832 0.028346834704279903 0.021399366669356826 0.49064487218856817 1.0977557897567751 0.029923986643552784
decision_type=8 2 2 2 10 2 2 2 2 2 2 2 2 2
left_child=3 4 5 7 6 -3 -2 13 -4 -9 -5 -12 -6 -1
right_child=1 2 8 10 12 -7 -8 9 -10 -11 11 -13 -14 -15
leaf_value=0.0054639171885346744 -0.0030337475318576068 -0.0022110391347777091 6.0247498427260498e-06 0.0021010470321985073 -0.00022123957275579852 -0.0011570650468872893 0.0013225585441921425 0.0039344754031260948 -0.0018869933604286626 -0.0019561792032586731 0.0017234059558261653 -0.0012605193714336715 -0.003112527503945139 0.0030496338708590463
leaf_weight=1195 122 291 2758 261 389 1009 3158 135 360 156 276 707 129 1266
leaf_count=1195 122 291 2758 261 389 1009 3158 135 360 156 276 707 129 1266
internal_value=0.000198392 -0.000198121 -0.000921038 0.00101443 0.00064127 -0.00242816 0.00100266 0.00165896 -0.000287784 -0.000899493 -0.000407326 -0.000972925 -0.00162285 0.00196523
internal_weight=12212 8216 4418 3996 3798 1300 3280 2752 3118 291 1244 983 518 2461
internal_count=12212 8216 4418 3996 3798 1300 3280 2752 3118 291 1244 983 518 2461
is_linear=0
shrinkage=0.025


Tree=63
num_leaves=12
num_cat=0
split_feature=38 49 22 44 44 43 15 30 5 36 43
split_gain=6.50087 4.25869 3.98786 3.92125 3.8313 2.82315 2.70729 2.52031 2.20776 1.2098 0.37951
threshold=-0.032690457999706261 30.645000457763675 0.16089801490306857 0.022966705262660984 0.024897608906030658 -0.2046847194433212 0.23275861889123919 -0.051078533753752701 1.4706540107727053 0.64435288310050975 0.38725435733795172
decision_type=2 8 2 2 2 2 2 2 2 2 2
left_child=1 9 -2 6 5 -3 -4 -6 -5 10 -1
right_child=2 4 3 8 7 -7 -8 -9 -10 -11 -12
leaf_value=0.0044716264144052508 -0.0029364988148422701 -0.00019204953135956845 -0.0015669569399839917 -0.00087952884133021987 0.00057566995530932113 0.0011165232076930372 0.00036213112680537991 -0.0013064430980528419 -0.002828136547929393 -6.9512035774438555e-05 0.001908889271958943
leaf_weight=1314 146 1061 165 1722 554 3345 2661 804 141 152 126
leaf_count=1314 146 1061 165 1722 554 3345 2661 804 141 152 126
internal_value=0.000219027 0.000687237 -0.000491994 -0.000361365 0.000368998 0.000727443 0.000223861 -0.000787784 -0.00125067 0.00183078 0.0020545
internal_weight=12191 7356 4835 4689 5764 4406 2826 1358 1863 1592 1440
internal_count=12191 7356 4835 4689 5764 4406 2826 1358 1863 1592 1440
is_linear=0
shrinkage=0.025


Tree=64
num_leaves=13
num_cat=0
split_feature=38 49 33 5 22 33 38 43 40 12 32 44
split_gain=6.97677 4.82613 4.82389 4.10929 3.09114 3.06892 3.15011 2.77823 2.27602 2.09772 1.85465 1.67478
threshold=-0.016357936896383759 48.564998626708991 -0.0023049254668876524 1.4706540107727053 0.22612252831459048 -0.015746067278087136 -0.13704305142164228 -0.084651194512844072 1.0955415368080141 -0.046162111684679978 1.115507245063782 0.02392132114619017
decision_type=2 10 2 2 2 2 2 2 2 2 2 2
left_child=1 5 7 4 -4 6 -1 -2 10 -9 -3 -7
right_child=2 8 3 -5 -6 11 -8 9 -10 -11 -12 -13
leaf_value=0.0057127687335161549 -0.0022347188889265276 9.3964533051758234e-05 -0.0025720796326899401 -0.0030979854199114781 3.7669815321847093e-05 0.0018503490281363848 -0.001246437174804726 -0.0012082025159726086 -0.0016683664716596333 0.00036122548401239886 -0.001153917082328797 0.00052465191475815659
leaf_weight=222 203 664 125 141 3436 4159 541 122 233 201 122 2061
leaf_count=222 203 664 125 141 3436 4159 541 122 233 201 122 2061
internal_value=0.000218124 0.000652398 -0.000602114 -0.000280213 -0.000109717 0.000887414 -0.000600586 -0.00283192 -0.000948486 -0.00133003 -0.000289191 0.00107129
internal_weight=12230 8002 4228 3702 3561 6983 763 526 1019 323 786 6220
internal_count=12230 8002 4228 3702 3561 6983 763 526 1019 323 786 6220
is_linear=0
shrinkage=0.025


Tree=65
num_leaves=9
num_cat=0
split_feature=41 49 36 40 36 52 3 53
split_gain=6.8391 5.43325 7.11875 8.77436 6.33256 5.42119 2.07294 1.52197
threshold=0.065006516873836531 30.645000457763675 0.12878876924514773 1.3239139318466189 0.62188619375228893 5.7649998664855966 0.24174061417579654 1.1139065623283388
decision_type=2 8 2 2 2 8 2 10
left_child=-1 4 5 -4 7 -3 -6 -2
right_child=1 2 3 -5 6 -7 -8 -9
leaf_value=-0.0030985192095859043 0.0055329319537354392 -0.00034524333731843492 -0.00026855426277897718 -0.0050440600523427069 0.00092481616460484296 0.0023987451477803243 -0.0018174724059708909 0.0017104506692176939
leaf_weight=129 1440 937 5321 244 129 2423 462 1066
leaf_count=129 1440 937 5321 244 129 2423 462 1066
internal_value=0.000232087 0.000295065 -1.74971e-05 -0.000566652 0.00119641 0.000889673 -0.00111787 0.00174582
internal_weight=12151 12022 8925 5565 3097 3360 591 2506
internal_count=12151 12022 8925 5565 3097 3360 591 2506
is_linear=0
shrinkage=0.025


Tree=66
num_leaves=15
num_cat=0
split_feature=49 36 33 35 50 43 5 44 36 43 39 3 44 39
split_gain=5.74556 7.19261 6.45059 5.32541 4.95305 4.66518 3.34562 2.48562 2.7077 2.4007 2.0843 1.91359 0.845918 0.0830306
threshold=44.45000076293946 0.12878876924514773 -0.0023049254668876524 0.33397397398948675 1.0000000180025095e-35 -0.22664417326450345 1.1684531569480898 0.021399366669356826 0.49064487218856817 0.52524745464324962 1.121371924877167 -0.28479509055614466 0.022535518743097786 1.0179471373558047
decision_type=8 2 2 2 10 2 2 2 2 2 2 2 2 2
left_child=3 4 5 9 11 -3 -4 13 -9 12 -6 -2 -1 -5
right_child=1 2 6 7 10 -7 -8 8 -10 -11 -12 -13 -14 -15
leaf_value=0.0039793799446093724 -0.00035328586311009262 -0.0025109314712200379 -1.7009127474617406e-05 0.0027624240921413218 -0.00031293088224591765 -0.0011652620661853888 -0.0019928677984946317 0.0016813669824280659 -0.0016416285603322528 -0.0018050740771729545 -0.0025690925260880354 0.0014756863981776763 0.0023553089289652068 0.0014455352929741811
leaf_weight=1396 283 270 3271 120 338 1100 192 243 678 128 128 2616 1261 120
leaf_count=1396 283 270 3271 120 338 1100 192 243 678 128 128 2616 1261 120
internal_value=0.00021226 -0.000164421 -0.000782606 0.000995634 0.000721439 -0.00223182 -0.000205089 -0.000421312 -0.00101647 0.00158826 -0.0016534 0.00110752 0.00175103 0.00181122
internal_weight=12144 8198 4833 3946 3365 1370 3463 1161 921 2785 466 2899 2657 240
internal_count=12144 8198 4833 3946 3365 1370 3463 1161 921 2785 466 2899 2657 240
is_linear=0
shrinkage=0.025


Tree=67
num_leaves=15
num_cat=0
split_feature=49 44 40 46 20 31 43 44 30 4 45 33 34 44
split_gain=5.61928 5.36545 7.44526 5.00465 4.68967 4.39758 8.61493 3.11144 2.97428 2.75269 1.94957 0.966401 0.610444 0.506236
threshold=30.645000457763675 0.023046780377626423 1.3049267530441286 0.22909024357795718 0.54197952151298534 0.86396458745002758 0.024946736171841625 0.030869824811816219 0.47959503531455999 0.88469779491424572 0.54310345649719249 0.021355422213673595 0.11777160316705705 0.022325248457491401
decision_type=8 2 2 2 2 2 2 2 2 2 2 2 2 2
left_child=4 2 3 -2 11 8 -7 10 -3 -9 -6 12 -1 -13
right_child=1 5 -4 -5 7 6 -8 9 -10 -11 -12 13 -14 -15
leaf_value=0.0050472022574020664 -0.00048554298813710474 0.0010420336260239095 -0.0024342533390736948 0.00087394945118368737 -0.00218005891712979 -0.0040688525390933103 -0.00067962353498892021 0.00063073192322782778 -0.0019548850024948788 -0.0027556711096645421 0.0015389984705983066 0.002853190077591999 0.0015642883261062345 -0.00019988404727951225
leaf_weight=1323 1616 654 182 4420 124 392 1634 120 134 149 519 127 601 187
leaf_count=1323 1616 654 182 4420 124 392 1634 120 134 149 519 127 601 187
internal_value=0.00019888 -0.00011771 0.000291459 0.000444256 0.00110737 -0.00102297 -0.00163897 -0.000396674 0.000553279 -0.0026323 0.000542053 0.00172258 0.001933 0.000403605
internal_weight=12182 9032 6218 6036 3150 2814 2026 912 788 269 643 2238 1924 314
internal_count=12182 9032 6218 6036 3150 2814 2026 912 788 269 643 2238 1924 314
is_linear=0
shrinkage=0.025


Tree=68
num_leaves=8
num_cat=0
split_feature=41 40 9 37 44 46 38
split_gain=5.60417 4.02076 4.46349 3.83456 3.83009 3.61098 3.02356
threshold=0.065006516873836531 1.3239139318466189 0.039274763315916068 0.013040445279330017 0.023130615241825584 0.22909024357795718 -0.13338309526443479
decision_type=2 2 2 2 2 2 2
left_child=-1 4 3 -3 5 -2 -6
right_child=1 2 -4 -5 6 -7 -8
leaf_value=-0.0030315000375661684 -0.00014711761273699812 -0.0013753841221655712 0.0033332349111234068 -0.0061185795411048439 0.0015939560996595114 0.0011123714164691162 -0.00056013004903180221
leaf_weight=128 2014 174 133 120 816 5553 3267
leaf_count=128 2014 174 133 120 816 5553 3267
internal_value=0.00022369 0.000280272 -0.00208623 -0.00379181 0.000368404 0.000701433 -0.00024737
internal_weight=12205 12077 427 294 11650 7567 4083
internal_count=12205 12077 427 294 11650 7567 4083
is_linear=0
shrinkage=0.025


Tree=69
num_leaves=14
num_cat=0
split_feature=49 31 43 35 35 46 49 43 40 9 34 13 9
split_gain=5.51526 5.33227 5.63422 5.09054 4.66771 2.94152 2.78182 2.21467 2.13581 2.30104 1.97787 0.756355 0.461944
threshold=30.645000457763675 2.089041113853455 -0.010621412191540001 0.22814141213893893 0.33397397398948675 0.76228907704353344 49.335000991821296 0.46592068672180181 0.98372867703437816 0.034949047490954406 -0.029191179201006886 -0.01262674108147621 0.030263477005064491
decision_type=8 2 2 2 2 2 10 2 2 2 2 2 2
left_child=4 2 3 -2 7 -3 -4 12 9 -6 -7 -10 -1
right_child=1 5 6 -5 8 10 -8 -9 11 -11 -12 -13 -14
leaf_value=0.0066442008282492221 -1.7330684348889015e-05 -0.0059788641341345788 0.0015771354282712255 -0.0013165773461681219 -0.00031990785392977078 -0.0016292470634199649 -0.00040752292767490158 -0.00090272560965411165 0.0016412315946100601 -0.0031293644775397078 -0.00037620369099507163 -0.00039822580508990001 0.0026701755302408203
leaf_weight=939 3486 130 3323 852 424 130 478 140 334 127 622 149 1058
leaf_count=939 3486 130 3323 852 424 130 478 140 334 127 622 149 1058
internal_value=0.000252009 -6.27353e-05 0.000137064 -0.000477492 0.00114806 -0.00190389 0.000839793 0.00181431 -0.000224976 -0.00128822 -0.00127312 0.000975922 0.0020286
internal_weight=12192 9021 8139 4338 3171 882 3801 2137 1034 551 752 483 1997
internal_count=12192 9021 8139 4338 3171 882 3801 2137 1034 551 752 483 1997
is_linear=0
shrinkage=0.025


Tree=70
num_leaves=15
num_cat=0
split_feature=49 36 30 36 49 41 43 19 40 41 30 34 17 42
split_gain=5.74456 6.42035 6.97069 4.76664 3.82367 3.61614 3.34531 3.17676 2.56875 2.35723 1.83851 1.72864 2.12239 0.662435
threshold=30.645000457763675 0.12878876924514773 -0.31022278964519495 0.62188619375228893 46.385000228881843 0.28468362987041479 -0.3590025901794433 0.065660431981086745 0.72372770309448253 0.49798408150672918 0.34015467762947088 0.13549072295427325 1.0712645053863528 -0.049864249303936951
decision_type=8 2 2 2 10 2 2 2 2 2 2 2 2 2
left_child=3 4 6 11 8 -4 -3 -6 -2 10 -5 -1 -13 -11
right_child=1 2 5 9 7 -7 -8 -9 -10 13 -12 12 -14 -15
leaf_value=0.0042361509613053445 -0.00043977531528109897 -0.0022889198482326342 -0.002606831104534768 -0.0034774920075209604 4.6448979333940318e-05 -0.00071649690218341462 0.00093293202898572087 -0.0011328862693778276 0.0027229939430702364 0.0010901039280251446 -0.00050307098319120531 0.0017659840817110441 -0.001541657917346883 -0.00025285298663204535
leaf_weight=1667 322 129 325 123 791 3747 1450 180 2071 162 125 730 131 199
leaf_count=1667 322 129 325 123 791 3747 1450 180 2071 162 125 730 131 199
internal_value=0.000244612 -7.55265e-05 -0.000590744 0.00116526 0.000787697 -0.00113779 0.000815183 -0.000528945 0.00132454 -0.000808225 -0.00266304 0.0016438 0.000717379 0.000467896
internal_weight=12152 9015 5651 3137 3364 4072 1579 971 2393 609 248 2528 861 361
internal_count=12152 9015 5651 3137 3364 4072 1579 971 2393 609 248 2528 861 361
is_linear=0
shrinkage=0.025


Tree=71
num_leaves=15
num_cat=0
split_feature=44 49 43 39 49 43 36 36 17 53 52 35 42 9
split_gain=5.61642 5.88727 4.29293 4.28226 3.97273 3.89861 3.75398 3.18888 3.08555 2.95894 2.33621 0.724036 1.13747 0.237119
threshold=0.023130615241825584 43.470001220703132 -0.0020176152465865012 0.6017461121082307 28.364999771118168 0.49287664890289312 0.12878876924514773 0.66610577702522289 1.2941729426383974 0.93580427765846264 4.4600000381469735 0.33397397398948675 -0.0136863118968904 0.029529703781008724
decision_type=2 8 2 2 8 2 2 2 2 10 8 2 2 2
left_child=1 11 3 -3 5 7 10 -2 -8 -4 -6 13 -13 -1
right_child=4 2 9 -5 6 -7 8 -9 -10 -11 -12 12 -14 -15
leaf_value=0.0051302863594290702 0.0026994356864405988 -0.002538955653292378 0.0019840411831146751 -5.1095022347897998e-05 -0.0017773616031148487 -0.002461648223928596 -0.0011143225592468865 -0.001212502642708299 -0.0025055944978682613 -0.00050763301626381328 0.0017655262798111167 0.0016424152977711068 -0.00037982283928076618 0.0020089694827143292
leaf_weight=999 1115 237 1934 3240 140 161 1826 326 152 365 709 239 147 477
leaf_count=999 1115 237 1934 3240 140 161 1826 326 152 365 709 239 147 477
internal_value=0.000228732 0.000639638 0.000243686 -0.00030909 -0.000478405 0.000512601 -0.00104211 0.000931017 -0.0016383 0.00108127 0.000341042 0.00186061 0.000853581 0.00211597
internal_weight=12067 7638 5776 3477 4429 1602 2827 1441 1978 2299 849 1862 386 1476
internal_count=12067 7638 5776 3477 4429 1602 2827 1441 1978 2299 849 1862 386 1476
is_linear=0
shrinkage=0.025


Tree=72
num_leaves=8
num_cat=0
split_feature=41 31 45 17 40 41 40
split_gain=6.23086 4.86106 3.5524 2.96703 2.71397 1.85911 1.73638
threshold=0.065006516873836531 2.1868374347686772 0.5524578094482423 0.71197205781936657 1.3049267530441286 0.62289127707481395 0.53209951519966137
decision_type=2 2 2 2 2 2 2
left_child=-1 2 4 -3 -2 -5 -4
right_child=1 3 6 5 -6 -7 -8
leaf_value=-0.0029476193534613529 0.00019173121693603828 -0.0039428995012602639 -0.0015408101159953885 -0.00095682688889623985 -0.0021568122318174022 0.000819236279359336 0.0016132534838370607
leaf_weight=126 6135 126 134 1019 217 425 4064
leaf_count=126 6135 126 134 1019 217 425 4064
internal_value=0.00023947 0.000298454 0.000492065 -0.000996032 0.000117784 -0.000661663 0.00105609
internal_weight=12246 12120 10550 1570 6352 1444 4198
internal_count=12246 12120 10550 1570 6352 1444 4198
is_linear=0
shrinkage=0.025


Tree=73
num_leaves=15
num_cat=0
split_feature=49 36 30 36 51 40 19 44 40 35 40 34 9 4
split_gain=5.3262 6.55271 6.16372 4.89974 4.5522 3.77216 3.37534 3.36693 3.03635 2.40292 2.27669 1.45635 1.07786 0.790743
threshold=44.45000076293946 0.13641761988401416 -0.31632700562477106 0.49064487218856817 -1.2699999809265134 1.337128818035126 -0.101755753159523 0.021399366669356826 1.0903378725051882 0.33397397398948675 0.55485638976097118 0.13043619692325595 0.029529703781008724 0.77107450366020214
decision_type=8 2 2 2 10 2 2 2 2 2 2 2 2 2
left_child=3 4 6 11 10 -4 -3 -5 -6 -9 -2 13 -13 -1
right_child=1 2 5 7 8 -7 -8 9 -10 -11 -12 12 -14 -15
leaf_value=0.004460691417400746 -0.0020899262234254068 -0.0021510963817208614 -0.00086153698256925283 0.0019398034205648316 4.3293292068771226e-06 -0.0045473894097549337 0.00070572151465865453 0.00052535034385726303 -0.0016792473477365518 -0.0013785496951008644 0.0022370087755535064 0.0036997590003540028 -0.00011805873094027772 6.8855738452547785e-05
leaf_weight=1771 125 123 3130 376 734 185 1259 426 244 687 2389 234 393 139
leaf_count=1771 125 123 3130 376 734 185 1259 426 244 687 2389 234 393 139
internal_value=0.000225552 -0.000139889 -0.000749947 0.000969673 0.000678796 -0.00133471 0.000647981 -0.000164826 -0.000761699 -0.000859794 0.00124206 0.001637 0.000571598 0.00198107
internal_weight=12215 8189 4697 4026 3492 3315 1382 1489 978 1113 2514 2537 627 1910
internal_count=12215 8189 4697 4026 3492 3315 1382 1489 978 1113 2514 2537 627 1910
is_linear=0
shrinkage=0.025


Tree=74
num_leaves=13
num_cat=0
split_feature=49 17 35 43 41 49 50 43 12 3 11 37
split_gain=5.08035 4.53909 4.44411 4.34507 4.71732 3.84332 2.26503 2.00523 1.61135 1.7679 1.36425 1.11421
threshold=44.45000076293946 1.1015279293060305 0.33397397398948675 -0.010621412191540001 0.44260109961032873 48.564998626708991 -0.88999998569488514 0.5067025125026704 -0.15018874406814572 0.3483938872814179 0.01539370743557811 0.017907002940773967
decision_type=8 2 2 2 2 10 10 2 2 2 2 2
left_child=2 3 7 4 -2 -5 -4 11 -3 -10 -8 -1
right_child=1 8 6 5 -6 -7 10 -9 9 -11 -12 -13
leaf_value=0.0051724429922713443 -0.001871640348672998 -0.0002465849013429258 -0.0026430418573130153 0.001380270289210314 -0.00016771314153902971 -0.00046824273169454312 0.0015270183456893344 -0.0012293351407426441 -0.0028149065654978268 -0.0015167288784569924 -0.00033785105483427402 0.0014733412717787475
leaf_weight=1334 542 126 146 3093 3497 683 309 140 121 127 726 1289
leaf_count=1334 542 126 146 3093 3497 683 309 140 121 127 726 1289
internal_value=0.000232843 -0.000121583 0.000969549 7.19319e-06 -0.000561634 0.000617231 -0.000308811 0.00151779 -0.00279354 -0.00394763 0.000102164 0.00167475
internal_weight=12133 8189 3944 7815 4039 3776 1181 2763 374 248 1035 2623
internal_count=12133 8189 3944 7815 4039 3776 1181 2763 374 248 1035 2623
is_linear=0
shrinkage=0.025


Tree=75
num_leaves=14
num_cat=0
split_feature=49 36 40 17 52 20 25 40 39 40 36 9 35
split_gain=5.62394 5.3257 5.11418 5.11415 4.81246 4.49562 3.73042 3.46974 2.27321 2.08804 1.54603 0.688077 0.645669
threshold=30.645000457763675 0.12878876924514773 1.3239139318466189 1.2525392770767214 5.7649998664855966 0.52840474247932445 11.07545852661133 1.0977557897567751 0.64212375879287731 0.77290830016136181 0.62188619375228893 0.027294708415865902 0.15585060417652133
decision_type=8 2 2 2 8 2 2 2 2 2 2 2 2
left_child=5 4 3 -3 7 11 -4 -2 -6 -7 -11 -1 -13
right_child=1 2 6 -5 8 9 -8 -9 -10 10 -12 12 -14
leaf_value=0.0049477994491591883 2.0459962790338003e-05 -0.00020469095581061056 -0.0071226454469024625 -0.0023704358190011375 -0.00046832647300058626 -0.0019312086609903736 -0.00055845725994022673 -0.0019691602467355358 0.0022620642576187634 0.0021419691541406717 -0.0015192471062209132 0.0035377356746745209 0.00093258101510959579
leaf_weight=741 734 5225 120 182 355 152 122 225 2089 454 341 730 715
leaf_count=741 734 5225 120 182 355 152 122 225 2089 454 341 730 715
internal_value=0.000203548 -0.00011193 -0.000582994 -0.000420593 0.000667914 0.00111576 -0.00410425 -0.000825985 0.00125715 -0.000316439 0.000195313 0.00173836 0.00140086
internal_weight=12185 9052 5649 5407 3403 3133 242 959 2444 947 795 2186 1445
internal_count=12185 9052 5649 5407 3403 3133 242 959 2444 947 795 2186 1445
is_linear=0
shrinkage=0.025


Tree=76
num_leaves=12
num_cat=0
split_feature=49 44 40 46 39 49 8 25 46 50 9
split_gain=4.88641 4.75022 5.30422 3.53208 3.1129 3.96639 3.1007 2.01163 2.26901 1.03054 0.512516
threshold=44.45000076293946 0.024897608906030658 1.3151219487190249 0.27622890472412115 1.2868124246597292 12.944999694824221 0.032987348735332496 9.3073382377624529 0.27622890472412115 0.97499999403953563 0.041991947218775756
decision_type=10 2 2 2 2 10 2 2 2 10 2
left_child=1 2 3 -1 5 -3 7 9 -9 -2 -6
right_child=6 4 -4 -5 10 -7 -8 8 -10 -11 -12
leaf_value=0.00013394147897500012 0.0001645139176031824 -0.0011826389757858082 -0.0019927612078400711 0.0018321847281485702 0.00057267683961521691 0.00046563197846048038 -0.002431677826316312 -0.0031537904018515426 -0.00031232375609864115 -0.00049226833670428297 0.0024380424790290799
leaf_weight=2268 833 1387 207 4624 328 1142 155 120 531 259 304
leaf_count=2268 833 1387 207 4624 328 1142 155 120 531 259 304
internal_value=0.000243669 0.000459693 0.000818729 0.000938633 -0.000344678 -0.000738457 -0.000918944 -0.000607122 -0.0017016 4.44395e-05 0.00121468
internal_weight=12158 10260 7099 6892 3161 2529 1898 1743 651 1092 632
internal_count=12158 10260 7099 6892 3161 2529 1898 1743 651 1092 632
is_linear=0
shrinkage=0.025


Tree=77
num_leaves=10
num_cat=0
split_feature=5 38 33 40 5 22 43 44 33
split_gain=5.1598 2.91464 4.78037 2.79483 2.49714 2.08859 2.0327 1.94304 1.62243
threshold=1.5258128046989443 -0.016357936896383759 -0.0017301512416452167 0.90306010842323314 -0.033106766641139977 0.23519566655158999 -0.052905408665537827 0.022900952026247982 -0.0066714424174278966
decision_type=2 2 2 2 2 2 2 2 2
left_child=1 4 6 -2 8 -4 -3 -6 -1
right_child=3 2 5 -5 7 -7 -8 -9 -10
leaf_value=-0.0011437435569050789 -0.0030534956739206934 -0.0017166458140911349 -0.0021700388822533997 -0.00023151327354462367 0.0011411516951240525 0.0002284647061552127 -0.0006120230185550651 0.00035338647346153476 5.4902917950103866e-05
leaf_weight=279 158 261 124 127 4094 3402 326 2609 858
leaf_count=279 158 261 124 127 4094 3402 326 2609 858
internal_value=0.000254329 0.000334609 -0.000203072 -0.00303879 0.000617432 0.000144081 -0.00228252 0.000801468 -0.000460814
internal_weight=12238 11953 4113 285 7840 3526 587 6703 1137
internal_count=12238 11953 4113 285 7840 3526 587 6703 1137
is_linear=0
shrinkage=0.025


Tree=78
num_leaves=15
num_cat=0
split_feature=49 36 40 30 49 36 40 40 41 30 33 4 18 36
split_gain=5.29267 5.41332 5.71424 4.87246 4.47642 4.35036 3.37094 2.23092 1.55389 1.98267 1.49727 0.826339 0.678086 0.523722
threshold=30.645000457763675 0.12878876924514773 1.3239139318466189 -0.31632700562477106 46.385000228881843 0.62188619375228893 1.0977557897567751 0.55485638976097118 0.50197887420654308 0.37650245428085333 0.018494623713195327 0.84085899591445934 0.08856981992721559 0.72732818126678478
decision_type=8 2 2 2 10 2 2 2 2 2 2 2 2 2
left_child=5 4 3 -3 7 10 -6 -2 9 -7 11 -1 -12 -10
right_child=1 2 -4 -5 6 8 -8 -9 13 -11 12 -13 -14 -15
leaf_value=0.0037257646199430738 -0.0017658798429257554 0.00058649122725246789 -0.0042242986785214678 -0.00065243537980410823 2.5789278347781059e-05 -0.0033089413332315293 -0.0020049210675500144 0.0023618686331196453 0.00038783851631339454 0.00021678902094991013 0.0019281030477195074 -0.00021472122051454596 -0.00051832356043415612 -0.00075787115652664193
leaf_weight=1931 120 1514 223 3881 742 126 227 2272 182 121 355 124 123 178
leaf_count=1931 120 1514 223 3881 742 126 227 2272 182 121 355 124 123 178
internal_value=0.000228163 -8.02815e-05 -0.000555531 -0.000390046 0.000711898 0.00111089 -0.000714836 0.00129276 -0.000778186 -0.00228671 0.00156669 0.00185983 0.000287267 0.000256849
internal_weight=12119 8979 5618 5395 3361 3140 969 2392 607 247 2533 2055 478 360
internal_count=12119 8979 5618 5395 3361 3140 969 2392 607 247 2533 2055 478 360
is_linear=0
shrinkage=0.025


Tree=79
num_leaves=15
num_cat=0
split_feature=49 36 33 35 40 51 30 40 43 5 36 11 9 37
split_gain=5.3993 5.94481 7.19318 3.95925 3.87175 3.45598 3.15349 2.46753 2.44169 2.43367 1.64932 1.64916 1.46853 0.507302
threshold=43.470001220703132 0.12878876924514773 -0.0023049254668876524 0.33397397398948675 1.2083331346511843 2.4550000429153447 -0.34906680881977076 1.0977557897567751 0.5067025125026704 -0.015128869563341139 0.49064487218856817 0.015576400328427555 0.029772839508950714 0.017730766907334331
decision_type=8 2 2 2 2 8 2 2 2 2 2 2 2 2
left_child=3 5 4 8 -3 7 -4 -2 12 -7 13 -12 -1 -5
right_child=1 2 6 10 -6 9 -8 -9 -10 -11 11 -13 -14 -15
leaf_value=0.0046530623808089455 3.6361131826854303e-05 -0.0010518058516371721 0.00075577971959157083 0.00035401575809506725 -0.0046972647604774471 -0.00023335098326429435 -0.00042966074249278807 -0.0012411500001851339 -0.0011852993547421108 0.0028302835237417438 0.00084321756547498872 -0.0011718484787678067 0.0017192942984660155 0.0024431347313169619
leaf_weight=1189 729 1177 1048 163 176 514 2474 224 141 1901 258 588 1449 178
leaf_count=1189 729 1177 1048 163 176 514 2474 224 141 1901 258 588 1449 178
internal_value=0.000214201 -0.000149885 -0.000708248 0.000971733 -0.00225423 0.000656315 -0.000110221 -0.000611952 0.00148752 0.00115961 -0.000231753 -0.000826968 0.00166052 0.00121749
internal_weight=12209 8243 4875 3966 1353 3368 3522 953 2779 2415 1187 846 2638 341
internal_count=12209 8243 4875 3966 1353 3368 3522 953 2779 2415 1187 846 2638 341
is_linear=0
shrinkage=0.025


Tree=80
num_leaves=12
num_cat=0
split_feature=44 49 43 39 53 41 49 36 43 19 35
split_gain=4.37687 4.30506 4.69463 3.68736 3.66941 2.94022 2.58599 3.06936 2.97008 1.39871 0.52502
threshold=0.022900952026247982 43.470001220703132 -0.0020176152465865012 0.6017461121082307 0.93580427765846264 0.065006516873836531 28.364999771118168 0.65769615769386303 -0.13718719780445096 0.22135680913925174 0.33397397398948675
decision_type=2 8 2 2 10 2 8 2 2 2 2
left_child=1 9 3 -3 -4 -2 7 -7 -8 10 -1
right_child=5 2 4 -5 -6 6 8 -9 -10 -11 -12
leaf_value=0.0040628856132868818 -0.0024405377707227916 -0.0024419711073830263 0.0018493739409446109 -6.3936599080948727e-05 -0.000555760079452603 0.0018942083155881065 -0.0016400706918642716 -0.0015608515403561175 -0.0002996309156953532 -0.00025152478004494209 0.00086717442572642001
leaf_weight=1311 120 233 1975 3238 349 1208 489 374 2361 195 288
leaf_count=1311 120 233 1975 3238 349 1208 489 374 2361 195 288
internal_value=0.000246686 0.000614465 0.00028125 -0.000299554 0.00115017 -0.000365098 -0.000256649 0.000550567 -0.000707093 0.00168357 0.00192721
internal_weight=12141 7589 5795 3471 2324 4552 4432 1582 2850 1794 1599
internal_count=12141 7589 5795 3471 2324 4552 4432 1582 2850 1794 1599
is_linear=0
shrinkage=0.025


Tree=81
num_leaves=13
num_cat=0
split_feature=49 53 35 40 26 40 22 45 9 11 48 6
split_gain=4.4501 3.40643 4.47544 3.22298 3.15928 2.4655 1.56489 1.51107 0.51878 0.515671 0.424917 0.0464167
threshold=44.45000076293946 0.81161421537399303 0.16005659103393557 1.3239139318466189 0.031315889209508903 0.73122522234916698 0.36265225708484655 0.20983126014471057 0.022491749376058582 0.019663049839437011 0.5524578094482423 0.051881058141589172
decision_type=10 8 2 2 2 2 2 2 2 2 2 2
left_child=1 9 5 -4 6 -3 8 -8 -2 11 -11 -1
right_child=4 2 3 -5 -6 -7 7 -9 -10 10 -12 -13
leaf_value=0.005483618161774814 0.00071642201999467191 -0.00053104892012152151 -7.0223966611043928e-05 -0.0034788080599810209 -0.0025830942904034836 0.0015167540988860547 -0.0011649250607277464 -0.00025822969710409012 1.4026450588328867e-05 -9.7908362430448878e-05 0.0030207311371110014 0.0043020922247047743
leaf_weight=544 155 647 3992 192 137 4451 195 981 413 123 141 121
leaf_count=544 155 647 3992 192 137 4451 195 981 413 123 141 121
internal_value=0.000297491 0.000503744 0.000357893 -0.000246777 -0.000817206 0.000855134 -0.000519583 -0.00104043 0.000547557 0.00194459 0.000943309 0.00232276
internal_weight=12092 10211 9282 4184 1881 5098 1744 1176 568 929 264 665
internal_count=12092 10211 9282 4184 1881 5098 1744 1176 568 929 264 665
is_linear=0
shrinkage=0.025


Tree=82
num_leaves=8
num_cat=0
split_feature=41 31 43 53 4 37 24
split_gain=4.05184 3.105 3.69702 3.61844 2.46103 2.08072 1.81596
threshold=0.065006516873836531 2.1868374347686772 -0.19149263203144071 0.38071574270725256 0.77107450366020214 0.028929031454026703 29.762267112731937
decision_type=2 2 2 10 2 2 2
left_child=-1 2 3 -2 -4 6 -3
right_child=1 5 4 -5 -6 -7 -8
leaf_value=-0.0025533588583373972 -0.00072958047910022679 -0.0015135111972427496 0.00092484262005422036 0.00044500159924598616 -0.00076733112350976448 0.0034697199369767861 -0.00036706216021831369
leaf_weight=135 1492 483 7528 1199 299 159 934
leaf_count=135 1492 483 7528 1199 299 159 934
internal_value=0.000252677 0.000301988 0.00045745 -0.000339855 0.000732412 -0.00072976 -0.00103815
internal_weight=12229 12094 10518 2691 7827 1576 1417
internal_count=12229 12094 10518 2691 7827 1576 1417
is_linear=0
shrinkage=0.025


Tree=83
num_leaves=9
num_cat=0
split_feature=41 49 36 30 49 36 53 13
split_gain=5.08441 3.83115 4.13121 5.062 4.41905 3.72173 1.73562 1.64035
threshold=0.065006516873836531 28.364999771118168 0.16459018737077716 -0.31022278964519495 45.875000000000007 0.62188619375228893 1.1139065623283388 -0.0057636534329503766
decision_type=2 8 2 2 10 2 10 2
left_child=-1 5 4 -4 -3 6 -2 -7
right_child=1 2 3 -5 -6 7 -8 -9
leaf_value=-0.0026361021222842547 0.0046012733625224898 0.0020631156520891122 0.00058861059874516265 -0.00071099885520811235 -0.00028189672378301265 4.2062824425617927e-05 0.0011029707881621586 -0.0026944903256513504
leaf_weight=130 1429 2739 1501 3782 1081 458 932 136
leaf_count=130 1429 2739 1501 3782 1081 458 932 136
internal_value=0.000238969 0.000293356 3.85651e-05 -0.000413436 0.000665033 0.00107475 0.00151997 -0.000682387
internal_weight=12188 12058 9103 5283 3820 2955 2361 594
internal_count=12188 12058 9103 5283 3820 2955 2361 594
is_linear=0
shrinkage=0.025


Tree=84
num_leaves=9
num_cat=0
split_feature=41 49 36 36 40 49 41 34
split_gain=3.96787 3.6312 4.08747 3.75457 5.65869 3.77103 1.7903 1.19637
threshold=0.065006516873836531 20.880000114440922 0.53483676910400402 0.31873670220375067 1.3239139318466189 43.470001220703132 0.54115670919418346 0.14556606113910678
decision_type=2 8 2 2 2 10 2 2
left_child=-1 2 7 5 -5 -3 -4 -2
right_child=1 3 6 4 -6 -7 -8 -9
leaf_value=-0.002168849673369326 0.0048174931172642287 0.00096048942890164567 -0.0014640662353995939 -0.00037127509754286491 -0.0064647904935637634 -0.00027684201569235504 0.00045853707421347317 0.0010690881325675305
leaf_weight=124 1320 4648 374 2985 144 1658 398 551
leaf_count=124 1320 4648 374 2985 144 1658 398 551
internal_value=0.000221082 0.000268042 0.0010862 3.77384e-05 -0.000668874 0.000389598 -0.000435972 0.00171708
internal_weight=12202 12078 2643 9435 3129 6306 772 1871
internal_count=12202 12078 2643 9435 3129 6306 772 1871
is_linear=0
shrinkage=0.025


Tree=85
num_leaves=9
num_cat=0
split_feature=41 44 45 46 38 35 39 45
split_gain=3.9665 3.0115 3.36393 2.99537 2.16534 3.19546 2.0462 1.27868
threshold=0.065006516873836531 0.022966705262660984 0.24834922701120379 0.20983126014471057 -0.13767533004283902 0.015549254138022663 0.58803334832191478 0.48606015741825109
decision_type=2 2 2 2 2 2 2 2
left_child=-1 2 6 -4 7 -6 -2 -3
right_child=1 4 3 -5 5 -7 -8 -9
leaf_value=-0.0024662740459341875 -0.0022700205006298906 -0.00013086988114136911 -0.00049891659328691067 0.0011237091957539992 -0.0021327605697878216 -0.0001216664982478407 -9.425931117207307e-06 0.0029737509589095774
leaf_weight=130 126 281 665 4729 563 3080 2059 523
leaf_count=130 126 281 665 4729 563 3080 2059 523
internal_value=0.000230964 0.000279175 0.000582312 0.000917531 -0.00023613 -0.000496505 -0.00024258 0.000931706
internal_weight=12156 12026 7579 5394 4447 3643 2185 804
internal_count=12156 12026 7579 5394 4447 3643 2185 804
is_linear=0
shrinkage=0.025


Tree=86
num_leaves=9
num_cat=0
split_feature=41 49 43 31 35 19 35 34
split_gain=4.0621 3.79184 3.38888 4.81971 4.40848 3.23895 1.6142 1.59045
threshold=0.065006516873836531 28.364999771118168 1.0000000180025095e-35 2.2683836221694951 0.22814141213893893 0.22839283943176272 0.41385567188262945 0.19753038883209231
decision_type=2 8 2 2 2 2 2 2
left_child=-1 5 4 -4 -3 6 -2 -7
right_child=1 2 3 -5 -6 7 -8 -9
leaf_value=-0.0023313947846688352 0.0027606522790865127 -9.2741614719043082e-06 0.001039793434501731 -0.00091052105675541056 -0.0011582710174632273 0.00014356580099634438 -0.00061272001655302108 -0.0019724124884595616
leaf_weight=124 2137 3647 3838 707 916 447 211 129
leaf_count=124 2137 3647 3838 707 916 447 211 129
internal_value=0.000272079 0.000319743 6.73489e-05 0.000550824 -0.000412927 0.00110234 0.00151456 -0.000565835
internal_weight=12156 12032 9108 4545 4563 2924 2348 576
internal_count=12156 12032 9108 4545 4563 2924 2348 576
is_linear=0
shrinkage=0.025


Tree=87
num_leaves=14
num_cat=0
split_feature=49 44 43 39 5 11 41 31 31 53 22 31 27
split_gain=3.99817 3.95744 4.46225 5.30292 2.22549 2.57343 1.54522 3.77184 3.66046 1.55839 1.32616 0.578911 0.312071
threshold=48.564998626708991 0.023046780377626423 -0.020141154527664181 0.6017461121082307 1.6912200450897219 0.025276805274188522 0.53637772798538219 0.60391792654991161 0.66877898573875438 0.8944765329360963 0.50717589259147655 2.3217101097106938 0.0038388246903195982
decision_type=10 2 2 2 2 2 2 2 2 10 2 2 2
left_child=1 2 3 -1 5 -3 7 -2 9 -8 -9 -4 -10
right_child=6 4 11 -5 -6 -7 8 10 12 -11 -12 -13 -14
leaf_value=-0.0027616731499813495 0.00056613228348123806 -0.00048168469441160934 0.0023358835342732311 0.00028857843828406703 -0.0022464187921297425 0.0011136588272719814 -0.00022528094341711199 -0.00039802824934913279 0.0009811353185743641 -0.0014530423753280966 -0.001956252178104865 0.00067669062579420007 0.00024982280280126196
leaf_weight=216 178 2801 2466 3637 170 1187 310 191 266 182 226 218 120
leaf_count=216 178 2801 2466 3637 170 1187 310 191 266 182 226 218 120
internal_value=0.000229093 0.00039778 0.000781298 0.000233606 -0.000203879 -8.10793e-05 -0.000988667 -0.00196875 -0.000310023 -0.00173793 -0.00326126 0.00156331 0.00149297
internal_weight=12168 10695 6537 3853 4158 3988 1473 595 878 492 417 2684 386
internal_count=12168 10695 6537 3853 4158 3988 1473 595 878 492 417 2684 386
is_linear=0
shrinkage=0.025


Tree=88
num_leaves=14
num_cat=0
split_feature=44 49 43 32 49 38 17 49 52 45 19 35 52
split_gain=4.1694 5.13519 4.02698 3.51274 2.78552 2.50447 2.31952 2.29901 1.94025 1.13613 1.08562 0.582733 0.309457
threshold=0.022900952026247982 43.470001220703132 -0.0020176152465865012 1.1717267036437991 49.335000991821296 -0.16072078049182889 1.2941729426383974 19.085000038146976 0.22999999672174457 0.35326485335826879 0.25438027083873754 0.33397397398948675 0.22999999672174457
decision_type=2 8 2 2 10 2 2 8 10 2 2 2 8
left_child=1 10 3 -3 -4 9 7 -7 -8 -2 11 -1 -11
right_child=5 2 4 -5 -6 6 8 -9 -10 12 -12 -13 -14
leaf_value=0.0032551479754601344 -0.0002084536187671763 1.6138577490154902e-05 0.0015716401613722634 -0.0014074762658981973 -0.00035394178302137683 0.0003719142921956675 -0.0021925806315699968 -0.00070104745748478996 -0.00033561837580180936 0.00082935505119708915 -0.00022596351685876204 0.00098241582181984649 0.0055062962106692398
leaf_weight=1377 131 2837 1881 639 439 1125 194 2567 172 120 122 309 326
leaf_count=1377 131 2837 1881 639 439 1125 194 2567 172 120 122 309 326
internal_value=0.0001953 0.000555756 0.000191131 -0.000345806 0.000997312 -0.000394666 -0.000615001 -0.000422978 -0.00250337 0.00113617 0.00171746 0.00188276 0.0017378
internal_weight=12239 7604 5796 3476 2320 4635 4058 3692 366 577 1808 1686 446
internal_count=12239 7604 5796 3476 2320 4635 4058 3692 366 577 1808 1686 446
is_linear=0
shrinkage=0.025


Tree=89
num_leaves=15
num_cat=0
split_feature=49 36 30 43 41 44 50 40 36 17 34 53 26 31
split_gain=3.66564 4.29672 5.09554 4.51249 3.91197 3.8224 3.39518 3.03329 2.2969 1.44591 1.29237 1.24525 0.397392 0.301005
threshold=43.470001220703132 0.31091915071010595 0.20462253689765933 0.024946736171841625 0.45747937262058264 0.021952220238745216 -0.014999999664723871 0.72372770309448253 0.49064487218856817 0.67942088842391979 0.14013694226741794 0.81161421537399303 0.024325245991349224 2.030419230461121
decision_type=8 2 2 2 2 2 10 2 2 2 2 10 2 2
left_child=5 6 4 -4 -3 12 7 -2 10 -8 -7 -10 -1 -14
right_child=1 2 3 -5 -6 8 9 -9 11 -11 -12 -13 13 -15
leaf_value=0.0038384252122789109 -0.00087933903895865339 -0.001356528984760217 -0.0021998508443149948 -0.00048896982670450651 0.00052631430530930491 0.0021630617764836382 -0.00052482670202498181 0.00073845433249480473 0.0020329191294096291 0.00065122277783951428 -0.0004779574171413179 -0.00078617275999698301 0.0025091339023119224 0.00075449770670132964
leaf_weight=848 590 309 559 513 1303 1013 566 4166 143 186 326 922 610 122
leaf_count=848 590 309 559 513 1303 1013 566 4166 143 186 326 922 610 122
internal_value=0.000281894 -1.99767e-05 -0.000839996 -0.00217154 4.56092e-05 0.000903422 0.000378877 0.000626707 0.000271378 -0.00117404 0.000960752 -0.000589953 0.00185726 0.00138908
internal_weight=12176 8192 2684 1072 1612 3984 5508 4756 2404 752 1339 1065 1580 732
internal_count=12176 8192 2684 1072 1612 3984 5508 4756 2404 752 1339 1065 1580 732
is_linear=0
shrinkage=0.025


Tree=90
num_leaves=10
num_cat=0
split_feature=44 40 46 41 41 39 38 45 23
split_gain=3.32157 4.25666 3.54987 2.59379 2.14483 2.13935 1.73928 1.66625 0.111217
threshold=0.022900952026247982 1.2871431112289431 0.22909024357795718 0.75077587366104137 0.065006516873836531 0.6017461121082307 -0.1907202750444412 0.26724137365818029 0.22257313877344134
decision_type=2 2 2 2 2 2 2 2 2
left_child=1 2 5 4 -2 -1 -6 -4 -5
right_child=3 -3 7 8 6 -7 -8 -9 -10
leaf_value=-0.0032294136190744917 -0.0020395227223305701 -0.0015924170535511505 -1.3189568642354544e-06 0.0039153758275598102 0.0038247959215679489 -6.6563953934010092e-05 -0.00050959323324480642 0.0011420347986140383 0.0033763467760288611
leaf_weight=134 120 225 953 120 229 1830 3942 4420 166
leaf_count=134 120 225 953 120 229 1830 3942 4420 166
internal_value=0.000170146 0.000492104 0.000597419 -0.000360377 -0.000515887 -0.000309167 -0.000416966 0.000929946 0.0019201
internal_weight=12139 7562 7337 4577 4291 1964 4171 5373 286
internal_count=12139 7562 7337 4577 4291 1964 4171 5373 286
is_linear=0
shrinkage=0.025


Tree=91
num_leaves=14
num_cat=0
split_feature=44 46 48 23 5 41 3 32 42 2 15 16 41
split_gain=3.24675 2.85566 3.51293 2.76382 3.02585 2.59636 1.89883 1.51269 1.50278 3.26929 1.38742 1.26429 0.767559
threshold=0.025768439285457138 0.35326485335826879 0.82868674397468578 0.14730206131935122 1.6912200450897219 0.44260109961032873 0.06155457720160485 0.75903058052062999 -0.084280662238597856 0.029879782348871235 0.16379310190677646 0.031091174110770229 0.63855728507041942
decision_type=2 2 2 2 2 2 2 2 2 2 2 2 2
left_child=1 2 5 8 7 -1 -4 -5 -2 -10 12 -12 -3
right_child=3 10 6 4 -6 -7 -8 -9 9 -11 11 -13 -14
leaf_value=-0.0016540548866034743 3.8242033338105562e-05 -0.00091459610611770235 -0.00035613016150360679 0.0017905956599480991 -0.0029748649331493974 0.0002637789466302521 -0.002025125598291645 -0.00015476744468901585 -0.0019164745338431845 -0.00020308609205859404 0.0010352929396545423 -0.0007315602115451897 0.00048189410087307022
leaf_weight=329 167 215 170 343 143 2695 236 2016 242 180 4874 274 242
leaf_count=329 167 215 170 343 143 2695 236 2016 242 180 4874 274 242
internal_value=0.000175892 0.000415514 -0.000151019 -0.000522044 -0.000155066 0.000141548 -0.00232056 5.97505e-05 -0.00205598 -0.00284251 0.000763146 0.000880798 -0.000543831
internal_weight=12126 9035 3430 3091 2502 3024 406 2359 589 422 5605 5148 457
internal_count=12126 9035 3430 3091 2502 3024 406 2359 589 422 5605 5148 457
is_linear=0
shrinkage=0.025


Tree=92
num_leaves=15
num_cat=0
split_feature=49 44 43 9 41 49 35 40 31 44 9 43 28 8
split_gain=4.26581 4.38048 4.43949 4.06678 3.40428 3.34679 3.07561 1.89182 1.7025 1.58374 1.35609 1.3345 0.415231 0.0422514
threshold=28.364999771118168 0.025768439285457138 -0.0020176152465865012 0.029592870734632019 0.33552719652652746 49.335000991821296 0.32914303243160253 1.0721580982208254 0.88095909357070934 0.021752864122390751 0.029347819276154045 0.40202051401138311 0.57500001788139354 0.030340739525854591
decision_type=8 2 2 2 2 10 2 2 2 2 2 2 2 2
left_child=6 2 4 -3 -2 -4 10 9 -5 -8 13 -12 -9 -1
right_child=1 3 5 8 -6 -7 7 12 -10 -11 11 -13 -14 -15
leaf_value=0.0059278210899260109 -0.0028255105621594664 -0.0020437572203426623 0.0016056617872415751 0.00071861289125934593 -0.00012597735232914827 -0.00038999744796065707 0.0030495342194927638 0.0018202001181180814 -0.00079363341749083159 -0.0011197141646828244 0.0020080396578902619 -0.0011461017193786286 0.00090091218177639496 0.002860352290363989
leaf_weight=739 124 153 2659 370 3924 517 133 189 1413 516 1014 126 154 123
leaf_count=739 124 153 2659 370 3924 517 133 189 1413 516 1014 126 154 123
internal_value=0.000199749 -6.75122e-05 0.000214933 -0.00112249 -0.000332778 0.000914414 0.00101826 -0.000114092 -0.000775307 -0.000911697 0.00158134 0.000998908 0.00136853 0.0023342
internal_weight=12154 9160 7224 1936 4048 3176 2994 992 1783 649 2002 1140 343 862
internal_count=12154 9160 7224 1936 4048 3176 2994 992 1783 649 2002 1140 343 862
is_linear=0
shrinkage=0.025


Tree=93
num_leaves=15
num_cat=0
split_feature=49 34 31 33 49 7 44 18 43 43 37 11 37 17
split_gain=4.33484 3.32219 3.12435 3.11747 3.02647 2.26836 2.21127 1.71169 1.60505 1.60473 1.32382 1.19763 0.832792 1.55009
threshold=28.364999771118168 0.11695100739598276 2.1868374347686772 -0.00133113213814795 45.494998931884773 0.0042390646412968644 0.023130615241825584 0.010648679453879597 -0.24297884106636045 0.036649009212851531 0.012436260003596546 0.015919911675155166 0.027606039308011535 0.83532449603080761
decision_type=8 2 2 2 10 2 2 2 2 2 2 2 2 2
left_child=1 12 10 5 6 8 -5 -6 -2 -7 -3 -4 -1 -14
right_child=3 2 11 4 7 9 -8 -9 -10 -11 -12 -13 13 -15
leaf_value=0.0038824076843662161 -0.00089276486866902397 0.0050750297637705251 0.00043160964985205586 0.00096643889579680709 7.256744808706444e-05 -0.0018822184034710848 -0.00019410554575686139 -0.00084542837518738079 -2.1839233787574764e-05 -0.00053786015624245824 0.00022653848696448732 -0.0018437431345956082 -0.0011211729067929005 0.0018394023195787595
leaf_weight=1222 429 252 138 3470 555 316 1574 593 1941 347 635 259 131 323
leaf_count=1222 429 252 138 3470 555 316 1574 593 1941 347 635 259 131 323
internal_value=0.000211752 0.00104342 8.04888e-05 -5.48482e-05 0.000266056 -0.000711405 0.000530551 -0.000887901 -0.000344737 -0.00200037 0.000909473 -0.0017444 0.00177499 0.000825163
internal_weight=12185 2960 1284 9225 6192 3033 5044 1148 2370 663 887 397 1676 454
internal_count=12185 2960 1284 9225 6192 3033 5044 1148 2370 663 887 397 1676 454
is_linear=0
shrinkage=0.025


Tree=94
num_leaves=12
num_cat=0
split_feature=49 53 36 49 29 40 16 42 22 11 38
split_gain=3.6709 3.45985 4.4642 3.02697 2.43579 2.36252 1.37796 1.31455 0.996487 0.496586 0.368593
threshold=44.45000076293946 0.81161421537399303 0.15302663296461108 12.944999694824221 0.079738162457942977 0.77290830016136181 0.021037297323346141 0.023368326015770439 0.34695172309875494 0.020354636013507846 -0.062131356447935097
decision_type=10 8 2 10 2 2 2 2 2 2 2
left_child=1 9 5 -4 6 -3 7 -2 -8 10 -1
right_child=4 2 3 -5 -6 -7 8 -9 -10 -11 -12
leaf_value=0.0014132882534520492 -0.00020284359946886747 -0.00051856567444368527 -0.00044356472406149725 0.0007299666182229266 -0.0023037016229947196 0.0021038830928478761 0.0009098484831042441 -0.00069304139499239224 -4.0151067741731321e-05 0.0012252050887827234 0.0058457832744824986
leaf_weight=153 661 549 4267 2104 177 2443 187 380 481 236 551
leaf_count=153 661 549 4267 2104 177 2443 187 380 481 236 551
internal_value=0.00018995 0.000376043 0.000229638 -0.000143703 -0.000821655 0.00102561 -0.0005229 -0.00109106 0.000354755 0.00181878 0.00215621
internal_weight=12189 10303 9363 6371 1886 2992 1709 1041 668 940 704
internal_count=12189 10303 9363 6371 1886 2992 1709 1041 668 940 704
is_linear=0
shrinkage=0.025


Tree=95
num_leaves=8
num_cat=0
split_feature=41 31 45 40 40 17 36
split_gain=3.32275 2.68519 3.26326 3.40443 1.89783 1.69651 1.62327
threshold=0.065006516873836531 2.1868374347686772 0.5524578094482423 1.2263040542602541 0.53209951519966137 0.71197205781936657 0.31288895010948187
decision_type=2 2 2 2 2 2 2
left_child=-1 2 3 -2 -4 -3 -7
right_child=1 5 4 -5 -6 6 -8
leaf_value=-0.0025488059540294972 0.00015891907456667918 -0.0034177205176708055 -0.0016574445128709346 -0.0014314710566751753 0.0012375056490682601 -0.00090299721481278497 0.00017696395045076692
leaf_weight=123 5654 121 131 611 4020 525 932
leaf_count=123 5654 121 131 611 4020 525 932
internal_value=0.000205102 0.00024825 0.000394276 3.28948e-05 0.0009375 -0.000709886 -0.000462551
internal_weight=12117 11994 10416 6265 4151 1578 1457
internal_count=12117 11994 10416 6265 4151 1578 1457
is_linear=0
shrinkage=0.025


Tree=96
num_leaves=15
num_cat=0
split_feature=49 36 36 51 30 34 40 17 33 34 9 40 44 34
split_gain=3.64859 3.86643 3.83337 3.62843 3.51417 3.09447 2.60513 2.23378 2.18537 1.9274 1.95985 1.59091 1.65961 0.415645
threshold=30.645000457763675 0.12878876924514773 0.62188619375228893 2.4550000429153447 -0.31022278964519495 -0.059592368081212037 1.0977557897567751 -0.034689804539084428 -0.0023049254668876524 0.13549072295427325 0.028046688996255401 1.0955415368080141 0.030869824811816219 -0.10399853065609931
decision_type=8 2 2 8 2 2 2 2 2 2 2 2 2 2
left_child=2 3 9 6 5 -3 -2 -5 -6 13 -11 12 -4 -1
right_child=1 4 11 7 8 -7 -8 -9 -10 10 -12 -13 -14 -15
leaf_value=0.00062503180345144889 3.7305218368727305e-05 -0.0012331756130486127 -0.00034324809046670898 -0.00042568241993291178 -0.0012022807882153853 0.00072514159707961308 -0.0016893130931432089 0.002538645945825862 -0.00030378479876340251 0.003117357115838311 -0.00032174581232362738 0.00083297742565569162 -0.0032316696453817831 0.0037096011386429741
leaf_weight=162 718 146 282 458 1246 1429 229 1998 2836 269 594 182 131 1499
leaf_count=162 718 146 282 458 1246 1429 229 1998 2836 269 594 182 131 1499
internal_value=0.000212677 -4.06783e-05 0.000949504 0.0006239 -0.000441761 0.000557753 -0.000684086 0.00113115 -0.000829153 0.00137554 0.000404666 -0.00084375 -0.00170155 0.0018735
internal_weight=12179 9060 3119 3403 5657 1575 947 2456 4082 2524 863 595 413 1661
internal_count=12179 9060 3119 3403 5657 1575 947 2456 4082 2524 863 595 413 1661
is_linear=0
shrinkage=0.025


Tree=97
num_leaves=15
num_cat=0
split_feature=49 34 43 20 4 5 37 37 44 39 35 44 37 5
split_gain=3.47012 4.08634 3.73504 5.66502 4.70363 3.88603 2.67459 2.61736 2.18431 2.00796 1.57211 0.887439 0.483828 0.11768
threshold=30.645000457763675 0.11558262258768083 -0.041722862049937241 0.22713155299425128 0.29110595583915716 1.0419467687606814 0.012389022856950762 0.01355760730803013 0.021399366669356826 0.50090318918228161 0.21461738646030429 0.031788544729352004 0.027606039308011535 0.81803184747695934
decision_type=8 2 2 2 2 2 2 2 2 2 2 2 2 2
left_child=1 11 3 9 -5 8 13 -8 -4 -2 -7 12 -1 -3
right_child=2 6 5 4 -6 10 7 -9 -10 -11 -12 -13 -14 -15
leaf_value=0.0043221719765260853 -0.0017791264221848288 0.0048504788228338888 0.0012869736599250656 -0.0023057334017287001 -0.0011781603626615886 -0.0014839671605942498 -0.0019300834783555086 -7.5704343149415816e-05 1.3735772435325097e-05 -0.00016861195529577382 0.00070063430156882124 2.5339796551630759e-05 0.001082230792939406 0.0028111714175328892
leaf_weight=1126 139 179 2315 172 212 536 237 895 2016 3448 213 214 369 120
leaf_count=1126 139 179 2315 172 212 536 237 895 2016 3448 213 214 369 120
internal_value=0.000132933 0.000848569 -0.000114979 -0.000689449 -0.0035572 0.000333088 -0.000133182 -0.000693711 0.000621829 -0.000376183 -0.00132129 0.00167226 0.0018875 0.0019449
internal_weight=12191 3140 9051 3971 384 5080 1431 1132 4331 3587 749 1709 1495 299
internal_count=12191 3140 9051 3971 384 5080 1431 1132 4331 3587 749 1709 1495 299
is_linear=0
shrinkage=0.025


Tree=98
num_leaves=15
num_cat=0
split_feature=49 44 43 40 43 11 25 48 49 48 40 17 43 48
split_gain=3.70677 3.71751 2.98789 4.33426 2.85847 2.94519 1.82716 2.32439 1.79607 1.64074 1.08063 2.30398 0.971472 0.622957
threshold=45.494998931884773 0.024457308463752273 -0.010621412191540001 0.70538496971130382 0.65376812219619762 0.025158177129924301 8.8102335929870623 0.3706896454095841 49.620000839233406 0.73275861144065868 0.93204602599143993 0.10264020785689355 -0.012664359994232653 0.57171678543090831
decision_type=10 2 2 2 2 2 2 2 10 2 2 2 2 2
left_child=1 2 3 -1 5 -3 10 8 -8 -9 12 -12 -2 -4
right_child=6 4 13 -5 -6 -7 7 9 -10 -11 11 -13 -14 -15
leaf_value=-0.0022422752036506295 0.00082468433187249434 -0.00047712620339718524 0.0025395779086761702 0.00036467753218747881 -0.0020179724535795166 0.0012922936383880197 -0.00051521695761150472 0.00027914903521133707 -0.0019860551101653335 -0.0011552473563765909 -0.0014307811036961165 1.2541191897747119e-05 -0.0002036367471409641 0.0012966143243565689
leaf_weight=235 213 2108 1838 3863 201 1069 136 247 134 147 156 517 246 1043
leaf_count=235 213 2108 1838 3863 201 1069 136 247 134 147 156 517 246 1043
internal_value=0.000238629 0.000420889 0.000750465 0.0003141 -0.000258277 -7.1103e-05 -0.00080719 -0.00184417 -0.00361364 -0.000585839 -0.000187995 -0.000827802 0.000735453 0.00136738
internal_weight=12153 10357 6979 4098 3378 3177 1796 664 270 394 1132 673 459 2881
internal_count=12153 10357 6979 4098 3378 3177 1796 664 270 394 1132 673 459 2881
is_linear=0
shrinkage=0.025


Tree=99
num_leaves=11
num_cat=0
split_feature=44 40 21 5 11 32 40 24 43 4
split_gain=3.07639 3.76281 3.64919 2.42517 2.30471 2.21661 2.04869 1.65813 1.65306 1.0857
threshold=0.023130615241825584 1.2871431112289431 51.166288375854499 1.6912200450897219 0.025158177129924301 1.167671322822571 0.69336995482444774 14.984115123748781 0.010180188342928888 0.85466191172599804
decision_type=2 2 2 2 2 2 2 2 2 2
left_child=1 5 -3 4 7 6 -1 -2 -7 -6
right_child=3 2 -4 -5 9 8 -8 -9 -10 -11
leaf_value=-0.0012491634958459675 -0.0034414342095346775 -0.0030037995634691044 0.00026888779272096769 -0.0021018166019354193 0.0015097459856906071 -0.00080654924875308903 0.00069342601581002584 -0.00028028670182053634 0.0007809279160788978 -0.0014716667857801362
leaf_weight=398 200 120 125 171 1143 781 5721 2783 539 121
leaf_count=398 200 120 125 171 1143 781 5721 2783 539 121
internal_value=0.00018574 0.000488198 -0.002525 -0.000338854 -0.000217839 0.000589905 0.000790537 -0.000597808 -0.000334906 0.000672774
internal_weight=12102 7684 245 4418 4247 7439 6119 2983 1320 1264
internal_count=12102 7684 245 4418 4247 7439 6119 2983 1320 1264
is_linear=0
shrinkage=0.025


Tree=100
num_leaves=14
num_cat=0
split_feature=49 16 33 15 9 35 35 42 7 34 1 3 39
split_gain=3.53317 3.03739 2.73814 2.85824 2.3752 2.24514 1.77235 1.68603 1.66513 1.10463 0.831804 0.546825 0.395339
threshold=28.364999771118168 0.032099720090627677 -0.00133113213814795 0.43965516984462744 0.030263477005064491 0.16557724028825763 0.076806981116533293 -0.039668485522270196 0.013377401977777483 -0.087088651955127702 0.045258551836013801 -0.066858988255262361 0.55723679065704357
decision_type=8 2 2 2 2 2 2 2 2 2 2 2 2
left_child=1 4 8 11 12 -5 -6 -3 9 -2 -10 -4 -1
right_child=2 7 3 5 6 -7 -8 -9 10 -11 -12 -13 -14
leaf_value=0.0002610727740432827 -0.0010520140940470264 0.00088045573190526777 0.00029590238097978598 0.00033938030569096312 0.0028432646347974796 -0.00049398229712167873 -0.00013632415602830833 -0.0016475027946944944 -0.0019089811716484961 -0.00014632262741712154 -0.00024544038727727279 0.001965694918098729 0.0036328920573958801
leaf_weight=120 371 121 238 3399 537 1825 907 209 259 2255 163 754 1092
leaf_count=120 371 121 238 3399 537 1825 907 209 259 2255 163 754 1092
internal_value=0.000166769 0.000913992 -7.37673e-05 0.000226451 0.00119645 -6.4543e-06 0.000502933 -0.00132463 -0.000687438 -0.000448023 -0.00213993 0.00145311 0.00201212
internal_weight=12250 2986 9264 6216 2656 5224 1444 330 3048 2626 422 992 1212
internal_count=12250 2986 9264 6216 2656 5224 1444 330 3048 2626 422 992 1212
is_linear=0
shrinkage=0.025


Tree=101
num_leaves=15
num_cat=0
split_feature=49 36 36 30 35 35 49 43 29 9 34 30 11 36
split_gain=2.65103 3.67249 3.48036 3.44977 3.53368 3.44173 3.21126 2.72572 2.3818 2.06788 2.17442 1.69588 0.927469 0.0671132
threshold=30.645000457763675 0.62188619375228893 0.31091915071010595 0.19590926170349124 0.2585593461990357 0.036813801154494293 53.114999771118171 1.0000000180025095e-35 0.040066549554467208 0.028894280083477501 0.13549072295427325 -0.12033910304307936 0.015445484314113857 0.47846603393554693
decision_type=8 2 2 2 2 2 8 2 2 2 2 2 2 2
left_child=1 9 5 4 -4 8 -7 -5 -2 13 -11 -3 -13 -1
right_child=2 11 3 7 -6 6 -8 -9 -10 10 -12 12 -14 -15
leaf_value=0.0052931191346434316 0.00046828055066001656 -0.0030173733300489082 0.00047357668755199594 -0.0018064653863480479 -0.0012393253783154912 -0.00011858835890289765 0.0020438718293663283 -0.00059954223595607 -0.00048562498514067681 0.0020690316341777245 -0.00052029143646087394 0.0011593462888210492 -0.00038553859401998126 0.0021804475194891425
leaf_weight=748 1385 122 1560 615 404 724 1795 711 1895 983 570 160 321 209
leaf_count=748 1385 122 1560 615 404 724 1795 711 1895 983 570 160 321 209
internal_value=0.000229274 0.000858323 1.27832e-05 -0.000635432 2.72982e-05 0.000381849 0.00107617 -0.00161814 -0.000150304 0.00127982 0.000706836 -0.00088199 -0.000187757 0.00219465
internal_weight=12202 3113 9089 3290 1964 5799 2519 1326 3280 2510 1553 603 481 957
internal_count=12202 3113 9089 3290 1964 5799 2519 1326 3280 2510 1553 603 481 957
is_linear=0
shrinkage=0.025


Tree=102
num_leaves=9
num_cat=0
split_feature=41 31 45 40 40 12 20 52
split_gain=3.23968 2.90338 1.86358 2.4294 1.71077 1.58036 2.25417 0.43295
threshold=0.065006516873836531 2.2163048982620244 0.5524578094482423 1.3151219487190249 0.72015580534935009 -0.14765494316816327 0.59999975562095653 2.3050000667572026
decision_type=2 2 2 2 2 2 2 8
left_child=-1 2 3 -2 -4 7 -7 -3
right_child=1 5 4 -5 -6 6 -8 -9
leaf_value=-0.0022577723249437077 0.00012359399454616655 0.0020567151836088995 -0.00070905184118925805 -0.0020549419048923817 0.0011639743466695476 -0.0013185599030885887 -0.00046053308856932153 6.9462356944742112e-06
leaf_weight=124 6151 125 417 198 3756 463 807 150
leaf_count=124 6151 125 417 198 3756 463 807 150
internal_value=0.000188279 0.000230803 0.000379857 0.00010879 0.000790151 -0.000778226 -0.00115196 0.000915179
internal_weight=12191 12067 10522 6349 4173 1545 1270 275
internal_count=12191 12067 10522 6349 4173 1545 1270 275
is_linear=0
shrinkage=0.025


Tree=103
num_leaves=15
num_cat=0
split_feature=49 44 36 30 22 53 36 31 40 5 13 12 37 30
split_gain=3.38612 4.18582 3.27614 3.98569 3.55858 3.16022 3.03164 2.82815 2.55242 2.43997 1.49369 1.13837 0.503729 0.525064
threshold=44.45000076293946 0.021952220238745216 0.12878876924514773 -0.35813252627849573 0.41579625010490423 0.29396493732929235 0.49064487218856817 1.5001798868179324 1.0977557897567751 -0.015128869563341139 -0.0017133021610788999 -0.17808490991592404 0.017672128044068817 -0.12033910304307936
decision_type=8 2 2 2 2 10 2 2 2 2 2 2 2 2
left_child=1 12 5 7 -5 9 11 -4 -7 -2 -8 -3 -1 -14
right_child=2 6 3 4 -6 8 10 -9 -10 -11 -12 -13 13 -15
leaf_value=0.0038580502456185433 -0.00046714798154204182 0.0032279172750646398 0.00067599587352334966 -0.0013400220167410449 -0.00030049828879233521 -1.6810446612170706e-06 -0.0002859442502418819 -0.0019718021092679306 -0.0016189373145377728 0.0022444589865977019 -0.001690867079410265 0.000414530073293737 0.0032687572435180418 0.00094332804171454111
leaf_weight=895 551 378 1232 969 2546 722 851 120 209 1859 192 945 254 444
leaf_count=895 551 378 1232 969 2546 722 851 120 209 1859 192 945 254 444
internal_value=0.000179613 0.000779831 -0.00010943 -0.000523655 -0.000967685 0.000492005 0.000109131 0.000625461 -0.000738515 0.000970497 -0.000893368 0.000904556 0.00176862 0.00122866
internal_weight=12167 3959 8208 4867 3515 3341 2366 1352 931 2410 1043 1323 1593 698
internal_count=12167 3959 8208 4867 3515 3341 2366 1352 931 2410 1043 1323 1593 698
is_linear=0
shrinkage=0.025


Tree=104
num_leaves=15
num_cat=0
split_feature=49 20 45 13 30 44 35 9 46 11 37 9 11 52
split_gain=3.13667 3.27812 2.55017 5.70736 3.75449 3.62681 2.40359 2.38563 1.96164 1.75341 1.54116 1.06274 1.55401 0.679065
threshold=30.645000457763675 0.52840474247932445 0.20983126014471057 -0.14066519588232038 -0.035490168258547776 0.025768439285457138 -0.15335603058338163 0.029592870734632019 0.20983126014471057 0.016202834434807304 0.013275774195790293 0.028409994207322601 0.024172917939722541 -1.2150000333786009
decision_type=8 2 2 2 2 2 2 2 2 2 2 2 2 8
left_child=1 11 3 6 -5 8 -2 -7 -4 13 -11 -1 -13 -3
right_child=2 9 5 4 -6 7 -8 -9 -10 10 -12 12 -14 -15
leaf_value=0.0034258422469108742 -0.001547280866580996 -0.00010524728625600725 -0.00070670157322220897 -0.00057900580679685085 -0.0020808376996809762 -0.0018992900735820932 1.1703722864645921e-05 -0.00044148206267098482 0.00053918849881537531 -0.0024802145764931029 -0.00052216035546253541 0.00015566622145032419 0.0025524640561761084 0.0029687132017432835
leaf_weight=861 135 169 688 137 129 134 1399 1553 4851 132 439 773 534 229
leaf_count=861 135 169 688 137 129 134 1399 1553 4851 132 439 773 534 229
internal_value=0.000166523 0.000846992 -6.96212e-05 -0.000910665 -0.00425738 0.000139504 -0.000314327 -0.000872488 0.00044936 -0.000355493 -0.00124349 0.00138691 0.000923209 0.000902606
internal_weight=12163 3137 9026 1800 266 7226 1534 1687 5539 969 571 2168 1307 398
internal_count=12163 3137 9026 1800 266 7226 1534 1687 5539 969 571 2168 1307 398
is_linear=0
shrinkage=0.025


Tree=105
num_leaves=15
num_cat=0
split_feature=49 36 33 34 43 49 43 37 19 3 22 36 46 44
split_gain=3.47235 3.62846 3.36028 3.34306 2.98367 2.93924 2.7182 2.47386 2.22965 1.86076 1.85688 1.29926 0.680096 0.644243
threshold=30.645000457763675 0.12878876924514773 -0.0023049254668876524 0.13289798796176913 0.39355547726154333 46.385000228881843 -0.15159609913825986 0.012492316775023939 0.097112577408552184 -0.31723955273628229 0.11411417275667192 0.6113431751728059 0.48606015741825109 0.02937601134181023
decision_type=8 2 2 2 2 10 2 2 2 2 2 2 2 2
left_child=3 5 6 11 7 9 -3 -5 -7 -2 -4 13 -13 -1
right_child=1 2 10 4 -6 8 -8 -9 -10 -11 -12 12 -14 -15
leaf_value=0.003613082760818326 -0.001034505943326298 -0.0013448690456465027 -0.0019419553072224614 0.004378549786202275 -0.0017908583649092074 -3.4084404010994501e-05 -0.00066592635266594577 -0.0001976335532148323 -0.0015896550110447109 0.0019484987759927183 8.6387099581772449e-06 -0.00071002059298548928 0.00098566523324307149 0.00043516226262806259
leaf_weight=1331 155 486 153 253 130 867 1185 873 126 2279 3827 134 137 273
leaf_count=1331 155 486 153 253 130 867 1185 873 126 2279 3827 134 137 273
internal_value=0.000134375 -0.00011271 -0.000502343 0.000851802 -0.000141752 0.000527754 -0.00144168 0.000272989 -0.000612475 0.000995798 -0.000105081 0.00151928 -5.88767e-05 0.00178915
internal_weight=12209 9078 5651 3131 1256 3427 1671 1126 993 2434 3980 1875 271 1604
internal_count=12209 9078 5651 3131 1256 3427 1671 1126 993 2434 3980 1875 271 1604
is_linear=0
shrinkage=0.025


Tree=106
num_leaves=14
num_cat=0
split_feature=49 34 33 49 35 9 40 7 24 29 6 17 49
split_gain=3.78992 2.69083 2.5175 2.19615 2.97826 2.15697 2.28514 2.09937 1.32009 1.2955 0.98888 0.88526 0.535548
threshold=30.645000457763675 0.19753038883209231 -0.0023049254668876524 43.470001220703132 0.16557724028825763 0.028894280083477501 0.77290830016136181 0.005560480523854495 17.689277648925785 0.060279969125986106 0.040370546281337745 0.34533700346946722 14.079999923706056
decision_type=8 2 2 10 2 2 2 2 2 2 2 2 10
left_child=1 5 7 4 -4 12 -7 8 -2 -5 -3 -9 -1
right_child=2 10 3 9 -6 6 -8 11 -10 -11 -12 -13 -14
leaf_value=0.00018180141824029381 -0.00075410031193152223 0.00033293789339314001 0.0011809836628731054 -3.6919939445433152e-05 -0.0002171686685737159 -0.0011771714324302798 0.00093007925094521599 -0.0020322633344321932 -4.1003629330228379e-05 -0.0015801764474225805 -0.0018650893945267779 -0.00086179064338943014 0.0039571514169284075
leaf_weight=141 406 121 3202 905 1838 263 1564 218 1747 428 120 319 952
leaf_count=141 406 121 3202 905 1838 263 1564 218 1747 428 120 319 952
internal_value=0.000169985 0.000914798 -8.94629e-05 0.000180503 0.00041997 0.00112607 0.000592931 -0.000730519 -0.000375927 -0.000718423 -0.00159045 -0.00212408 0.00200478
internal_weight=12224 3161 9063 6373 5040 2920 1827 2690 2153 1333 241 537 1093
internal_count=12224 3161 9063 6373 5040 2920 1827 2690 2153 1333 241 537 1093
is_linear=0
shrinkage=0.025


Tree=107
num_leaves=15
num_cat=0
split_feature=49 36 36 35 43 49 40 14 47 40 37 9 40 36
split_gain=3.21177 3.62864 3.61751 4.06351 5.04553 2.87146 3.51473 1.82768 1.74891 1.6922 1.69598 1.57278 2.07798 0.279885
threshold=28.364999771118168 0.62188619375228893 0.3139933049678803 0.16164532303810122 -0.2046847194433212 44.45000076293946 0.72015580534935009 0.8479457199573518 0.46680118143558508 1.1369603872299197 0.0133422720246017 0.028894280083477501 0.77290830016136181 0.47846603393554693
decision_type=8 2 2 2 2 10 2 2 2 2 2 2 2 2
left_child=1 11 5 8 -5 6 -2 -7 -4 10 -3 13 -13 -1
right_child=2 9 3 4 -6 7 -8 -9 -10 -11 -12 12 -14 -15
leaf_value=0.0048604519372414494 -0.00087142420145335301 -0.0024473293579806783 0.00085284496893124552 -0.001786506744773441 -0.00046554606655388041 -0.0001030247826311036 0.0012021560614666141 -0.00089947081033267789 -0.000565292957163323 0.0011351089987079066 -0.00019863390445891074 -0.0011818123418278481 0.0015801552829403651 0.0015428346054688884
leaf_weight=756 520 153 620 441 1483 1382 3844 243 628 138 293 211 1228 195
leaf_count=756 520 153 620 441 1483 1382 3844 243 628 138 293 211 1228 195
internal_value=0.000177615 0.000890819 -5.35947e-05 -0.00073615 -0.00145607 0.000307182 0.000641737 -0.000586656 0.000370112 -0.000863752 -0.00161585 0.00132307 0.000790339 0.00211428
internal_weight=12135 2974 9161 3172 1924 5989 4364 1625 1248 584 446 2390 1439 951
internal_count=12135 2974 9161 3172 1924 5989 4364 1625 1248 584 446 2390 1439 951
is_linear=0
shrinkage=0.025


Tree=108
num_leaves=14
num_cat=0
split_feature=49 29 35 11 54 15 35 2 36 45 11 29 22
split_gain=3.42171 2.58091 2.48456 3.20944 2.67411 3.6283 2.38302 1.79779 1.25205 1.1214 1.01143 0.802272 1.47897
threshold=45.494998931884773 0.059767063707113273 0.27576464414596563 0.01539370743557811 -2.1662499904632564 0.18103448301553729 0.29363588988780981 0.06252592429518701 0.19856457412242892 0.24834922701120379 0.01859158277511597 0.051779899746179588 0.36265225708484655
decision_type=10 2 2 2 10 2 2 2 2 2 2 2 2
left_child=2 11 4 9 5 -1 -5 -3 -9 -4 -6 12 -2
right_child=1 7 3 6 10 -7 -8 8 -10 -11 -12 -13 -14
leaf_value=-0.0012533140765149239 0.00026914296693928298 -0.00022047021558952988 -0.00056387300882872454 -0.0017867660494904508 0.0036483019366524167 0.00049697891095991603 -0.00044449127996208762 -0.0025836621866535936 -0.0015980069473081381 0.0013909506789443584 0.0010672631872212606 0.0006824879899964975 -0.00034271417750359639
leaf_weight=451 475 201 202 138 861 5472 1226 145 153 677 1395 226 606
leaf_count=451 475 201 202 138 861 5472 1226 145 153 677 1395 226 606
internal_value=0.000199358 -0.000802733 0.000373909 -0.000360876 0.000576277 0.00029542 -0.00112034 -0.00232391 -0.00354373 0.000810238 0.0013086 -0.000210556 -0.000498388
internal_weight=12228 1806 10422 2243 8179 5923 1364 499 298 879 2256 1307 1081
internal_count=12228 1806 10422 2243 8179 5923 1364 499 298 879 2256 1307 1081
is_linear=0
shrinkage=0.025


Tree=109
num_leaves=15
num_cat=0
split_feature=49 36 54 34 50 30 36 39 40 34 37 30 40 4
split_gain=2.99423 2.69979 3.68013 3.59643 3.64396 3.53725 2.65418 2.12395 2.1213 1.50498 1.48855 1.15735 0.928922 0.644832
threshold=28.364999771118168 0.16459018737077716 1.8940000534057619 -0.058525789529085152 2.9549999237060551 -0.32437196373939509 0.62188619375228893 1.121371924877167 0.72372770309448253 0.13549072295427325 0.013242280110716821 -0.10526056960225104 1.1369603872299197 0.41414193809032446
decision_type=8 2 8 2 8 2 2 2 2 2 2 2 2 2
left_child=6 2 7 4 -3 -5 9 -2 -4 13 -11 -8 -13 -1
right_child=1 3 8 5 -6 -7 11 -9 -10 10 -12 12 -14 -15
leaf_value=0.0041283146360939788 -3.3038944869184363e-05 0.0018376448826652432 -0.00079138508390920448 0.00070712216109703558 -0.0017756733625765399 -0.00044287420586799388 -0.0026291854067961419 -0.0015138314880152237 0.0018405338191299786 0.0031823699356509252 -0.00044884425424128785 -0.00042388462017650382 0.0012964951527038521 0.0014385551693445661
leaf_weight=921 754 120 363 1321 335 3550 127 277 2528 269 479 351 126 695
leaf_count=921 754 120 363 1321 335 3550 127 277 2528 269 479 351 126 695
internal_value=0.000188917 -3.22867e-05 0.000464413 -0.000399315 -0.00251359 -0.000198164 0.000879163 -0.000812017 0.000922393 0.00125739 0.000317065 -0.00058908 -2.59327e-06 0.00168646
internal_weight=12216 9248 3922 5326 455 4871 2968 1031 2891 2364 748 604 477 1616
internal_count=12216 9248 3922 5326 455 4871 2968 1031 2891 2364 748 604 477 1616
is_linear=0
shrinkage=0.025


Tree=110
num_leaves=15
num_cat=0
split_feature=44 45 46 13 13 16 47 45 32 23 23 4 23 47
split_gain=2.46238 2.49768 2.34984 2.90018 2.23041 2.6059 2.11782 2.50451 2.33068 2.52639 1.72002 1.43085 1.36142 1.2552
threshold=0.028654781170189384 0.20983126014471057 0.20983126014471057 -0.31030251085758204 -0.14066519588232038 0.024322375655174259 0.86720469594001781 0.99137932062149059 0.87148582935333263 0.21320646256208423 0.21196629852056506 0.045371152460575111 0.14829797297716144 0.16269258409738543
decision_type=2 2 2 2 2 2 2 2 2 2 2 2 2 2
left_child=1 4 3 -3 10 -6 8 11 12 -10 -1 -8 -2 -4
right_child=6 2 13 -5 5 -7 7 -9 9 -11 -12 -13 -14 -15
leaf_value=0.00025597569841564604 -0.0014288720197943134 0.0016296854634586259 0.0013375389701828703 -0.001096512030657431 -0.0011870404780398201 -7.6160955698405562e-05 -0.00098601574262726721 -0.0026597938342013778 -0.0035206708345306374 -0.0011282289186075871 -0.0010075495679677901 0.0006205413622535574 0.0019956648810138034 0.00052437741668088969
leaf_weight=1348 120 176 1120 821 247 252 175 122 199 354 390 870 168 5882
leaf_count=1348 120 176 1120 821 247 252 175 122 199 354 390 870 168 5882
internal_value=0.000165626 0.000323089 0.000529891 -0.00060005 -0.000413135 -0.00187748 -0.000632762 5.22612e-05 -0.0015854 -0.00252912 7.88879e-06 0.000458333 0.000217577 0.000691987
internal_weight=12244 10236 7999 997 2237 499 2008 1167 841 553 1738 1045 288 7002
internal_count=12244 10236 7999 997 2237 499 2008 1167 841 553 1738 1045 288 7002
is_linear=0
shrinkage=0.025


Tree=111
num_leaves=14
num_cat=0
split_feature=40 46 40 31 31 25 43 13 46 24 12 40 46
split_gain=2.60934 3.31074 2.77656 2.48618 1.87674 1.76899 1.76385 3.07421 1.74813 1.67735 3.0157 0.772097 0.748847
threshold=0.72015580534935009 0.69589141011238109 0.57518237829208385 0.44733196496963507 2.2163048982620244 13.618850231170656 -0.20125080645084378 -0.097217258065938936 0.20983126014471057 24.339476585388187 -0.14765494316816327 0.40858194231987005 0.76228907704353344
decision_type=2 2 2 2 2 2 2 2 2 2 2 2 2
left_child=1 2 11 -4 6 -3 7 -2 -8 10 -6 -1 -11
right_child=4 5 3 -5 9 -7 8 -9 -10 12 -12 -13 -14
leaf_value=-0.0002905153342225564 0.00020400647154157904 -0.0022375739922719513 -0.0019163477047929953 0.00029474939507222859 0.00050958696619104451 -0.00075131827312102304 -0.00022319695507693108 -0.0010469437923359996 0.00086662136311211723 -0.0016786076164167893 -0.0021356256338849735 0.0018064805757382189 0.00029630611497383653
leaf_weight=163 1987 174 217 206 146 146 943 389 6128 184 228 354 903
leaf_count=163 1987 174 217 206 146 146 943 389 6128 184 228 354 903
internal_value=0.000268114 -0.000805336 -4.62962e-05 -0.00154498 0.000392995 -0.00298077 0.000522244 -6.45736e-05 0.000720216 -0.000437415 -0.00187005 0.00117098 5.60898e-05
internal_weight=12168 1260 940 423 10908 320 9447 2376 7071 1461 374 517 1087
internal_count=12168 1260 940 423 10908 320 9447 2376 7071 1461 374 517 1087
is_linear=0
shrinkage=0.025


Tree=112
num_leaves=15
num_cat=0
split_feature=49 44 12 43 17 31 5 13 49 15 37 19 37 35
split_gain=2.78053 3.28912 3.32575 3.12586 3.62963 3.27283 4.39261 2.44181 2.43422 2.02553 1.6199 0.747438 0.427475 0.344838
threshold=44.45000076293946 0.022099003195762638 -0.17808490991592404 -0.010621412191540001 0.99308425188064586 1.1094730496406557 0.62184044718742382 -0.19020748138427732 52.889999389648445 0.16379310190677646 0.014434390701353552 0.23236342519521716 0.028929031454026703 0.14467612653970721
decision_type=8 2 2 2 2 2 2 2 8 2 2 2 2 2
left_child=1 11 13 5 8 9 -7 -4 -5 -2 -6 12 -1 -3
right_child=3 2 7 4 10 6 -8 -9 -10 -11 -12 -13 -14 -15
leaf_value=0.002430118032192766 -0.001398814075397409 0.0028529323461515769 -0.0031351614520835121 -0.00033253539559615773 -0.0002905043365660312 -0.0026211432682442005 -0.00060594452616323416 -0.00013954238197473983 0.0012476055738118012 -7.9260037072517755e-05 -0.0021737004133141964 -0.00046340550799597706 0.00022310934399317925 0.00087756828947352795
leaf_weight=1381 304 374 129 766 350 147 286 1609 2857 3281 193 138 125 198
leaf_count=1381 304 374 129 766 350 147 286 1609 2857 3281 193 138 125 198
internal_value=0.000151425 0.000695567 8.36934e-05 -0.000110972 0.000367718 -0.000608687 -0.00265126 -0.000458262 0.000654975 -0.000356894 -0.001526 0.00154867 0.00170996 0.00173094
internal_weight=12138 3954 2310 8184 4166 4018 433 1738 3623 3585 543 1644 1506 572
internal_count=12138 3954 2310 8184 4166 4018 433 1738 3623 3585 543 1644 1506 572
is_linear=0
shrinkage=0.025


Tree=113
num_leaves=10
num_cat=0
split_feature=40 9 21 44 31 5 32 5 53
split_gain=2.10948 3.85046 4.19894 2.43837 2.71006 1.95036 1.80959 1.80952 1.19142
threshold=1.3151219487190249 0.039274763315916068 49.678779602050788 0.023046780377626423 0.0684187486767769 -0.25835356116294855 1.167671322822571 1.6912200450897219 0.69493454694747936
decision_type=2 2 2 2 2 2 2 2 8
left_child=3 2 -2 4 5 -1 -6 8 -5
right_child=1 -3 -4 7 6 -7 -8 -9 -10
leaf_value=0.00080673864082517167 -0.0051218216395116367 0.0024193097345550124 -0.00032373455633687891 0.0017019519309217084 0.00069718274080417838 -0.0016191100118342215 -0.00013587378056364831 -0.002589911403674421 -0.00012138634615882466
leaf_weight=130 133 148 197 254 5903 199 1227 170 3814
leaf_count=130 133 148 197 254 5903 199 1227 170 3814
internal_value=0.000222188 -0.00139493 -0.00289179 0.000289374 0.000561529 -0.00163548 0.000664856 -0.000188251 -7.94868e-05
internal_weight=12175 478 330 11697 7459 329 7130 4238 4068
internal_count=12175 478 330 11697 7459 329 7130 4238 4068
is_linear=0
shrinkage=0.025


Tree=114
num_leaves=9
num_cat=0
split_feature=27 26 5 40 37 40 41 30
split_gain=1.90418 2.03337 1.84228 1.70878 1.55738 1.32148 1.24148 0.754953
threshold=-0.0088628726080059988 0.011143655981868507 1.5258128046989443 1.2263040542602541 0.012436260003596546 0.86487972736358654 0.43384268879890447 0.2653701007366181
decision_type=2 2 2 2 2 2 2 2
left_child=3 -2 4 6 -3 -4 -1 -8
right_child=1 2 5 -5 -6 -7 7 -9
leaf_value=-0.0010045286818466191 -0.0023227578841631979 0.00073240643483378075 -0.0020501868413174448 -0.0031815647582879858 0.00011946532040155991 -0.0001124836976493153 0.00071620805887197031 -0.00059466089204050407
leaf_weight=135 142 3635 124 127 7301 138 350 154
leaf_count=135 142 3635 124 127 7301 138 350 154
internal_value=0.000190633 0.000272697 0.000311412 -0.00101005 0.000361827 -0.00173689 -0.000460015 0.000105599
internal_weight=12106 11340 11198 766 10936 262 639 504
internal_count=12106 11340 11198 766 10936 262 639 504
is_linear=0
shrinkage=0.025


Tree=115
num_leaves=15
num_cat=0
split_feature=49 43 31 31 29 49 4 30 52 29 47 8 11 9
split_gain=3.36888 2.96929 2.84768 2.83605 2.96277 2.37296 2.07599 1.94498 1.73433 2.61002 1.35813 1.03096 1.14273 0.689941
threshold=28.364999771118168 -0.010621412191540001 0.92756044864654552 1.0852609276771548 0.055932523682713516 48.564998626708991 0.41829013824462896 0.60911139845848095 -1.2150000333786009 0.077108688652515425 0.88646370172500621 0.030453708022832874 0.024172917939722541 0.029244438745081428
decision_type=8 2 2 2 2 10 2 2 10 2 2 2 2 2
left_child=6 3 10 7 -5 -4 11 -2 9 -8 -3 -1 -13 -10
right_child=1 2 5 4 -6 -7 8 -9 13 -11 -12 12 -14 -15
leaf_value=0.0034972542193486425 -3.3347024743669236e-05 0.0015935447950107655 0.00018115690315529171 -0.00020046000474450423 -0.0028554806930909111 -0.00054770457413656358 -0.0015373036775272093 -0.0016984214116414521 0.0028549411398244816 0.00069462039859445536 -0.00080023561234698339 -0.00019772415846263443 0.0027248768740525536 0.00056737140065818718
leaf_weight=939 3388 1577 2530 302 301 481 254 472 242 323 130 318 205 675
leaf_count=939 3388 1577 2530 302 301 481 254 472 242 323 130 318 205 675
internal_value=0.000130642 -0.000105187 0.000331093 -0.000567648 -0.00215666 -0.000129725 0.000864151 -0.00031533 0.000202635 -0.000861254 0.00114559 0.00153289 0.000617898 0.000879881
internal_weight=12137 9181 4718 4463 603 3011 2956 3860 1494 577 1707 1462 523 917
internal_count=12137 9181 4718 4463 603 3011 2956 3860 1494 577 1707 1462 523 917
is_linear=0
shrinkage=0.025


Tree=116
num_leaves=15
num_cat=0
split_feature=49 36 37 39 4 36 31 20 43 44 9 12 12 46
split_gain=2.55169 3.27454 3.07591 2.88429 4.14477 2.81976 2.32513 3.79433 2.79885 1.46501 1.2818 1.78949 1.26873 0.45771
threshold=43.470001220703132 0.49064487218856817 0.012986379209905865 0.6017461121082307 0.11322201788425447 0.1578561216592789 0.92756044864654552 0.25238037109375006 0.036649009212851531 0.020825235173106197 0.029677963815629486 -0.17808490991592404 -0.0018423676956444977 0.40040352940559393
decision_type=8 2 2 2 2 2 2 2 2 2 2 2 2 2
left_child=1 10 3 4 -2 -5 8 -8 -4 13 -1 -12 -11 -3
right_child=2 9 6 5 -6 -7 7 -9 -10 12 11 -13 -14 -15
leaf_value=0.0034283648315517239 -0.0027588248632643385 0.00047101971211109826 -0.00025077897074321775 0.002034897386056576 0.00029528795649524345 2.736177872804395e-05 -0.0016673704464368667 -0.00033298967587175532 0.0012479201040486373 -0.00017256231980907326 0.0026993751663967518 8.3553030154612414e-05 -0.0015436928197603804 0.0023769905953071688
leaf_weight=1088 157 174 2069 1600 275 1886 434 1096 679 926 461 965 205 152
leaf_count=1088 157 174 2069 1600 275 1886 434 1096 679 926 461 965 205 152
internal_value=0.000196044 0.000715858 -5.53285e-05 0.000449592 -0.00146167 0.000689989 -0.000519204 -0.00129886 -8.12749e-05 -0.000223153 0.00126191 0.000757338 -0.000652509 0.00123489
internal_weight=12167 3971 8196 3918 432 3486 4278 1530 2748 1457 2514 1426 1131 326
internal_count=12167 3971 8196 3918 432 3486 4278 1530 2748 1457 2514 1426 1131 326
is_linear=0
shrinkage=0.025


Tree=117
num_leaves=15
num_cat=0
split_feature=49 43 44 39 12 49 36 37 44 39 46 9 11 46
split_gain=2.86413 3.0816 3.56858 2.78211 3.72772 2.61485 2.52733 2.09796 1.66946 1.59116 1.49607 1.43116 1.09878 0.169326
threshold=31.135000228881839 -0.010621412191540001 0.024284014478325847 0.6017461121082307 -0.13901733607053754 49.335000991821296 0.47846603393554693 0.012986379209905865 0.021110430359840397 1.2816169261932375 0.40040352940559393 0.029529703781008724 0.025158177129924301 0.35326485335826879
decision_type=8 2 2 2 2 10 2 2 2 2 2 2 2 2
left_child=6 3 5 4 -2 -3 11 -5 13 -10 -4 -1 -13 -8
right_child=1 2 10 7 -6 -7 8 -9 9 -11 -12 12 -14 -15
leaf_value=0.004317458699304908 0.00049888338481011779 0.0014392833354707876 -0.0012454069071354307 0.00017153292134087941 -0.003653293897240722 -0.00031192736200757776 0.0015034878649542883 -0.00045324592179509388 -0.00070042565081228922 0.0015837213465315627 -0.00017866787378579711 0.0004290748052346017 0.003458967361392474 0.0029265593252597306
leaf_weight=822 121 2435 120 1792 217 494 134 2225 788 187 1579 714 416 129
leaf_count=822 121 2435 120 1792 217 494 134 2225 788 187 1579 714 416 129
internal_value=0.000176651 -5.13183e-05 0.000396881 -0.000528956 -0.00269315 0.000925784 0.00081964 -0.00034218 -5.93322e-05 -0.000542092 -0.000511297 0.00137902 0.000787445 0.00168377
internal_weight=12173 8983 4628 4355 338 2929 3190 4017 1238 975 1699 1952 1130 263
internal_count=12173 8983 4628 4355 338 2929 3190 4017 1238 975 1699 1952 1130 263
is_linear=0
shrinkage=0.025


Tree=118
num_leaves=15
num_cat=0
split_feature=49 36 36 35 27 40 17 34 1 9 12 50 39 41
split_gain=2.40169 2.66182 2.54161 3.29275 3.05425 2.75482 2.14743 1.9981 1.50666 1.42625 1.25025 1.10245 1.02138 0.184072
threshold=30.645000457763675 0.49268457293510443 0.16459018737077716 0.015549254138022663 -0.0074769125785678616 1.1611565351486208 -0.034689804539084428 -0.059592368081212037 0.087337624281644835 0.029529703781008724 -0.17499712109565732 0.24499999731779101 1.2816169261932375 0.44550569355487829
decision_type=8 2 2 2 2 2 2 2 2 2 2 8 2 2
left_child=1 9 3 6 5 -4 -2 -6 12 13 -11 -5 -3 -1
right_child=2 8 4 11 7 -7 -8 -9 -10 10 -12 -13 -14 -15
leaf_value=0.0039954072779209765 -0.0010279897415321323 -7.0520118195530046e-05 -0.00053599473922281407 -6.093772075765737e-05 -0.0016225533331877034 -0.0037500954368275986 0.00029789056386071038 -1.1169710865769014e-06 -0.0014427681253815858 0.0029105262152735621 0.00041220791511687078 0.0027183918184904383 0.0023470516130641196 0.003781663583894312
leaf_weight=163 490 727 433 207 315 137 1855 4392 194 365 861 1261 135 696
leaf_count=163 490 727 433 207 315 137 1855 4392 194 365 861 1261 135 696
internal_value=0.000206052 0.000801415 0 0.000491422 -0.000355216 -0.00207609 -8.77659e-05 -0.000143516 -0.000215598 0.00131878 0.00075853 0.00141802 0.000229239 0.00210214
internal_weight=12231 3141 9090 3813 5277 570 2345 4707 1056 2085 1226 1468 862 859
internal_count=12231 3141 9090 3813 5277 570 2345 4707 1056 2085 1226 1468 862 859
is_linear=0
shrinkage=0.025


Tree=119
num_leaves=6
num_cat=0
split_feature=41 31 43 41 8
split_gain=1.92127 1.77623 1.47166 2.42081 1.79177
threshold=0.065006516873836531 0.032732967287302024 -0.010621412191540001 0.44550569355487829 0.036077577620744712
decision_type=2 2 2 2 2
left_child=-1 -2 3 -3 -4
right_child=1 2 4 -5 -6
leaf_value=-0.0014090563270463478 -0.0015805497771264705 -0.00078646157400609007 0.00072434963536890278 8.5166518509985521e-05 -0.00022021197975839363
leaf_weight=122 176 662 4878 4989 1359
leaf_count=122 176 662 4878 4989 1359
internal_value=0.000191432 0.000224024 0.000261814 -2.93935e-05 0.000526474
internal_weight=12186 12064 11888 5651 6237
internal_count=12186 12064 11888 5651 6237
is_linear=0
shrinkage=0.025


Tree=120
num_leaves=14
num_cat=0
split_feature=49 40 47 44 16 14 14 54 26 2 11 34 30
split_gain=2.61579 2.47872 3.14829 5.81218 3.10053 2.65369 2.42877 2.22421 0.93024 0.866929 1.01892 0.802411 0.730166
threshold=44.45000076293946 0.75339952111244213 0.63811445236206066 0.030149823054671291 0.020736523903906349 0.14343360066413882 0.8479457199573518 1.4872500300407412 0.011735376901924612 -0.012913475744426249 0.013483197893947365 -0.088972594588994966 0.25394569337368017
decision_type=10 2 2 2 2 2 2 8 2 2 2 2 2
left_child=1 2 5 -4 8 -1 9 -6 -3 11 -11 -2 -8
right_child=6 4 3 -5 7 -7 12 -9 -10 10 -12 -13 -14
leaf_value=-0.0016482348074256588 -0.00042267155022056053 -0.00064068244152991078 -0.0033794166336592736 -0.00019633580897276609 0.00088168938181201447 0.00036470227539049546 -0.0015344101743388341 -0.00022854005404251323 0.0013414775905792415 -0.0014954138847092543 -7.5325924588603177e-05 0.00029401564322743926 -0.00098520142930430933
leaf_weight=139 190 145 131 281 1725 949 159 3617 3299 238 576 595 135
leaf_count=139 190 145 131 281 1725 949 159 3617 3299 238 576 595 135
internal_value=0.000134705 0.000292367 -0.000643688 -0.00249101 0.000453162 5.83258e-05 -0.000717202 7.45746e-05 0.00103762 -0.000324969 -0.00089591 0.000261076 -0.00278846
internal_weight=12179 10286 1500 412 8786 1088 1893 5342 3444 1599 814 785 294
internal_count=12179 10286 1500 412 8786 1088 1893 5342 3444 1599 814 785 294
is_linear=0
shrinkage=0.025


Tree=121
num_leaves=15
num_cat=0
split_feature=49 9 12 15 54 18 12 13 40 40 35 30 9 47
split_gain=2.50658 2.82612 3.12768 2.3613 1.85218 2.66122 1.9851 1.74984 1.36664 1.65568 1.29983 1.48576 0.553757 0.363827
threshold=44.45000076293946 0.029529703781008724 -0.17808490991592404 0.16379310190677646 2.3349999189376835 0.019992322660982612 -0.2759703248739242 -0.20167427510023114 0.82609724998474132 1.1527037024497988 0.31649726629257208 0.28992217779159551 0.032858194783329971 0.057776963338255889
decision_type=8 2 2 2 8 2 2 2 2 2 2 2 2 2
left_child=1 10 12 8 5 -5 -6 -4 -2 -10 13 -12 -3 -1
right_child=3 2 7 4 6 -7 -8 -9 9 -11 11 -13 -14 -15
leaf_value=0.00098925271851288171 -0.0021339101088834736 0.00063462149441371259 -0.0022395467275606626 6.938238469662664e-05 -0.0015840151421170263 -0.00096501634649409293 0.00031929470579068558 -0.00015100675863487557 0.00022666453928695972 -0.0015476449355156924 -0.00052816460665913321 0.0013060199967536588 0.0018938130347227198 0.0033652175902229779
leaf_weight=139 180 123 152 930 347 666 5618 1548 355 123 228 241 543 1029
leaf_count=139 180 123 152 930 347 666 5618 1548 355 123 228 241 543 1029
internal_value=0.000173694 0.00068644 0.000130219 -7.5541e-05 4.90683e-05 -0.000705028 0.000252303 -0.000436217 -0.00150641 -0.000773809 0.00148371 0.000350738 0.00157787 0.00192988
internal_weight=12222 4003 2366 8219 7561 1596 5965 1700 658 478 1637 469 666 1168
internal_count=12222 4003 2366 8219 7561 1596 5965 1700 658 478 1637 469 666 1168
is_linear=0
shrinkage=0.025


Tree=122
num_leaves=15
num_cat=0
split_feature=49 36 30 47 52 15 49 41 51 32 36 4 41 52
split_gain=2.38026 2.59046 4.45979 2.75219 2.56796 2.44842 2.06173 2.03296 1.97964 1.27656 1.24191 1.2142 1.13379 0.523911
threshold=28.364999771118168 0.32096348702907568 0.20462253689765933 0.16269258409738543 -1.2150000333786009 0.15205428749322894 43.470001220703132 0.44260109961032873 0.58500000834465038 1.1744035482406618 0.49527767300605779 0.41414193809032446 0.43947695195674902 0.57499998807907116
decision_type=8 2 2 2 8 2 10 2 10 2 2 2 2 10
left_child=4 5 7 -4 8 9 -7 -3 12 -2 -6 -10 -1 -12
right_child=1 2 3 -5 10 6 -8 -9 11 -11 13 -13 -14 -15
leaf_value=-0.00055283941607158881 -0.00055470059053780581 -0.00083803666212084362 0.00097660231752499656 -0.0016800461368763728 0.0029005489258829066 0.00091987013872418333 -0.00011139178991053208 0.00043004411732706319 -3.0641003350423056e-06 -0.0013398374374092381 0.0018249752764744132 -0.0020281822943301053 0.0012752670907217184 -0.00010387112170009836
leaf_weight=195 432 265 154 1029 1479 4207 1539 1472 135 121 198 170 472 337
leaf_count=195 432 265 154 1029 1479 4207 1539 1472 135 121 198 170 472 337
internal_value=0.000217547 1.80237e-05 -0.000596154 -0.00177715 0.000830408 0.000303974 0.000457964 0.000207377 -0.000218782 -0.00127464 0.00133915 -0.001875 0.000537574 0.000289352
internal_weight=12205 9219 2920 1183 2986 6299 5746 1737 972 553 2014 305 667 535
internal_count=12205 9219 2920 1183 2986 6299 5746 1737 972 553 2014 305 667 535
is_linear=0
shrinkage=0.025


Tree=123
num_leaves=9
num_cat=0
split_feature=43 49 35 37 36 40 49 39
split_gain=2.25946 2.37201 1.9549 2.52533 1.94802 3.7099 2.41788 1.65248
threshold=0.65376812219619762 20.880000114440922 0.33397397398948675 0.018084817565977577 0.16459018737077716 1.3239139318466189 49.734998703002937 1.2021185755729678
decision_type=2 8 2 2 2 2 10 2
left_child=1 2 3 -1 6 -6 -3 -4
right_child=-2 4 7 -5 5 -7 -8 -9
leaf_value=0.0047938089119476685 -0.001836424359057909 0.00066767151381021735 -0.0005870479046837172 0.00032233173660875064 -5.6390990968730611e-05 -0.0035609058096244071 -0.00048521717963543893 0.0017422011556714008
leaf_weight=1083 231 3479 585 753 5133 229 432 204
leaf_count=1083 231 3479 585 753 5133 229 432 204
internal_value=0.000232096 0.000280497 0.000943441 0.00138987 9.17494e-05 -0.000216834 0.000516152 -8.97354e-05
internal_weight=12129 11898 2625 1836 9273 5362 3911 789
internal_count=12129 11898 2625 1836 9273 5362 3911 789
is_linear=0
shrinkage=0.025


Tree=124
num_leaves=11
num_cat=0
split_feature=27 49 14 31 44 53 43 17 18 6
split_gain=1.76015 2.07304 2.27202 2.1835 2.55119 1.58305 1.13129 1.16515 0.932896 0.809953
threshold=-0.010110683273524044 44.45000076293946 0.8479457199573518 0.032732967287302024 0.022099003195762638 1.0190082192420962 -0.17179338634014127 0.76522195339202892 -0.025161205790936943 0.036574216559529311
decision_type=2 10 2 2 2 8 2 2 2 2
left_child=5 3 8 -2 -5 -1 -7 -8 -3 -4
right_child=1 2 9 4 -6 6 7 -9 -10 -11
leaf_value=0.00093563091382095989 -0.0021173070022567574 0.00032845079259443099 -0.001229026466861314 0.00084408227378213272 5.7287133745658565e-06 -0.0014982795779978869 3.9036197520367504e-05 -0.0014454110777465589 -0.00025978784072524131 -0.00097110675043563942
leaf_weight=146 130 486 136 5280 4222 140 263 127 1060 142
leaf_count=146 130 486 136 5280 4222 140 263 127 1060 142
internal_value=0.000199699 0.000273427 -0.000496856 0.000420126 0.000465315 -0.00103341 -0.00167056 -0.000933544 -0.000115248 -0.00255742
internal_weight=12132 11456 1824 9632 9502 676 530 390 1546 278
internal_count=12132 11456 1824 9632 9502 676 530 390 1546 278
is_linear=0
shrinkage=0.025


end of trees

feature_importances:
tpp_day1_weighted_average=164
source_idiosyncratic_volatility_60=117
source_beta_universe58_252=104
universe58_loo_log_return_126=86
source_residual_momentum_126=78
universe58_loo_drawdown_252=57
source_correlation_universe58_60=57
source_realized_volatility_60=53
source_distance_from_252_session_low=50
source_log_return_252=45
source_return_skewness_60=45
universe58_loo_log_return_60=44
source_momentum_12_1=39
cross_section_momentum_252_percentile=37
universe58_loo_realized_volatility_20=30
universe58_loo_log_return_20=27
source_log_return_126=26
source_downside_volatility_60=25
source_beta_universe58_60=24
tpp_day1_rate_change_volatility_20=24
cross_section_momentum_126_percentile=21
tpp_day1_rate_change_1_observed=21
universe58_loo_log_return_1=19
source_drawdown_from_60_session_peak=18
source_drawdown_from_252_session_peak=16
source_max_daily_log_return_20=16
tpp_day1_rate_change_20_observed=16
source_bollinger_pct_b_20=13
source_log_return_60=12
source_close_ma200_ratio=12
cross_section_beta_60_percentile=12
source_close_ma50_ratio=11
cross_section_positive_return_breadth=10
source_volatility_ratio_20_60=10
cross_section_volatility_60_percentile=10
cross_section_return_dispersion=9
source_directional_index_spread_14=9
tpp_day1_rate_change_5_observed=9
tpp_day1_rate_vs_ma20=7
source_log_return_20=6
source_overnight_gap_1=6
source_residual_momentum_20=6
source_intraday_log_range=5
source_realized_volatility_20=5
cross_section_momentum_20_percentile=5
source_bollinger_bandwidth_20=5
source_adx_14=5
source_ma5_ma20_ratio=4
source_parkinson_volatility_20=4
source_log_return_5=3
source_close_to_open_log_return=3
source_rsi_14=3
source_downside_volatility_20=2
source_positive_day_ratio_20=1

parameters:
[boosting: gbdt]
[objective: quantile]
[metric: quantile]
[tree_learner: serial]
[device_type: cpu]
[data_sample_strategy: bagging]
[data: ]
[valid: ]
[num_iterations: 125]
[learning_rate: 0.025]
[num_leaves: 15]
[num_threads: 12]
[seed: 62008]
[deterministic: 1]
[force_col_wise: 1]
[force_row_wise: 0]
[histogram_pool_size: -1]
[max_depth: 4]
[min_data_in_leaf: 120]
[min_sum_hessian_in_leaf: 0.001]
[bagging_fraction: 0.85]
[pos_bagging_fraction: 1]
[neg_bagging_fraction: 1]
[bagging_freq: 1]
[bagging_seed: 62008]
[bagging_by_query: 0]
[feature_fraction: 0.75]
[feature_fraction_bynode: 1]
[feature_fraction_seed: 62008]
[extra_trees: 0]
[extra_seed: 1455]
[early_stopping_round: 0]
[early_stopping_min_delta: 0]
[first_metric_only: 0]
[max_delta_step: 0]
[lambda_l1: 0.25]
[lambda_l2: 5]
[linear_lambda: 0]
[min_gain_to_split: 0]
[drop_rate: 0.1]
[max_drop: 50]
[skip_drop: 0.5]
[xgboost_dart_mode: 0]
[uniform_drop: 0]
[drop_seed: 20542]
[top_rate: 0.2]
[other_rate: 0.1]
[min_data_per_group: 100]
[max_cat_threshold: 32]
[cat_l2: 10]
[cat_smooth: 10]
[max_cat_to_onehot: 4]
[top_k: 20]
[monotone_constraints: ]
[monotone_constraints_method: basic]
[monotone_penalty: 0]
[feature_contri: ]
[forcedsplits_filename: ]
[refit_decay_rate: 0.9]
[cegb_tradeoff: 1]
[cegb_penalty_split: 0]
[cegb_penalty_feature_lazy: ]
[cegb_penalty_feature_coupled: ]
[path_smooth: 0]
[interaction_constraints: ]
[verbosity: -1]
[saved_feature_importance_type: 0]
[use_quantized_grad: 0]
[num_grad_quant_bins: 4]
[quant_train_renew_leaf: 0]
[stochastic_rounding: 1]
[linear_tree: 0]
[max_bin: 255]
[max_bin_by_feature: ]
[min_data_in_bin: 3]
[bin_construct_sample_cnt: 200000]
[data_random_seed: 62008]
[is_enable_sparse: 1]
[enable_bundle: 1]
[use_missing: 1]
[zero_as_missing: 0]
[feature_pre_filter: 1]
[pre_partition: 0]
[two_round: 0]
[header: 0]
[label_column: ]
[weight_column: ]
[group_column: ]
[ignore_column: ]
[categorical_feature: ]
[forcedbins_filename: ]
[precise_float_parser: 0]
[parser_config_file: ]
[objective_seed: 29161]
[num_class: 1]
[is_unbalance: 0]
[scale_pos_weight: 1]
[sigmoid: 1]
[boost_from_average: 1]
[reg_sqrt: 0]
[alpha: 0.1]
[fair_c: 1]
[poisson_max_delta_step: 0.7]
[tweedie_variance_power: 1.5]
[lambdarank_truncation_level: 30]
[lambdarank_norm: 1]
[label_gain: ]
[lambdarank_position_bias_regularization: 0]
[eval_at: ]
[multi_error_top_k: 1]
[auc_mu_weights: ]
[num_machines: 1]
[local_listen_port: 12400]
[time_out: 120]
[machine_list_filename: ]
[machines: ]
[gpu_platform_id: -1]
[gpu_device_id: -1]
[gpu_use_dp: 0]
[num_gpu: 1]

end of parameters

pandas_categorical:[]
