tree
version=v4
num_class=1
num_tree_per_iteration=1
label_index=0
max_feature_idx=48
objective=quantile
feature_names=source_log_return_1 source_log_return_5 source_log_return_20 source_log_return_60 source_log_return_126 source_log_return_252 source_intraday_log_range source_close_to_open_log_return source_realized_volatility_20 source_realized_volatility_60 source_downside_volatility_20 source_downside_volatility_60 source_drawdown_from_60_session_peak source_drawdown_from_252_session_peak cross_section_momentum_20_percentile cross_section_positive_return_breadth cross_section_return_dispersion source_momentum_12_1 source_ma5_ma20_ratio source_close_ma50_ratio source_close_ma200_ratio source_rsi_14 source_bollinger_pct_b_20 source_bollinger_bandwidth_20 source_adx_14 source_directional_index_spread_14 source_parkinson_volatility_20 source_overnight_gap_1 source_positive_day_ratio_20 source_max_daily_log_return_20 source_return_skewness_60 source_distance_from_252_session_low source_volatility_ratio_20_60 universe58_loo_log_return_1 universe58_loo_log_return_20 universe58_loo_log_return_60 universe58_loo_log_return_126 universe58_loo_realized_volatility_20 universe58_loo_drawdown_252 source_beta_universe58_60 source_beta_universe58_252 source_correlation_universe58_60 source_residual_momentum_20 source_residual_momentum_126 source_idiosyncratic_volatility_60 cross_section_momentum_126_percentile cross_section_momentum_252_percentile cross_section_volatility_60_percentile cross_section_beta_60_percentile
feature_infos=[-0.10536076873540878:0.095333725214004517] [-0.52438312768936157:0.44636186957359314] [-1.1351611614227295:0.96563428640365601] [-1.0610049962997437:1.5560240745544434] [-1.0489567518234253:2.3170430660247803] [-0.87010180950164795:2.9264204502105713] [0:0.19999955594539642] [-0.13838362693786621:0.19697383046150208] [0.0056120613589882851:0.07972128689289093] [0.0079651456326246262:0.063424810767173767] [0.00095409812638536096:0.078742377460002899] [0.0056960904039442539:0.048307757824659348] [-0.71968960762023926:0] [-0.71968960762023926:0] [0.017241379246115685:1] [0.017241379246115685:1] [0.0096504408866167068:0.041878215968608856] [-0.81550097465515137:2.8910765647888184] [-0.47595494985580444:0.43454363942146301] [-0.62940984964370728:1.3056344985961914] [-0.4873068630695343:3.874976634979248] [0:100] [-0.36075755953788757:1.4438486099243164] [0.024132920429110527:1.7820020914077759] [6.9016203880310059:84.119827270507812] [-54.177944183349609:71.899559020996094] [0.0063288267701864243:0.06641879677772522] [-0.10510788112878799:0.095250405371189117] [0.10000000149011612:0.89999997615814209] [0.005115102045238018:0.095630437135696411] [-2.965186595916748:2.3527581691741943] [0:18.523586273193359] [0.37285810708999634:1.6300936937332153] [-0.092919811606407166:0.057573974132537842] [-0.14326675236225128:0.26549568772315979] [-0.19845503568649292:0.55794161558151245] [-0.14465788006782532:0.86915600299835205] [0.005578002892434597:0.037458643317222595] [-0.26247727870941162:0] [-0.96327811479568481:2.2586460113525391] [0.2513563334941864:1.4838535785675049] [-0.25081929564476013:0.94294917583465576] [-1.1516678333282471:0.84016847610473633] [-1.3436253070831299:1.9539748430252075] [0.0059593440964818001:0.059544753283262253] [0.017241379246115685:1] [0.017241379246115685:1] [0.017241379246115685:1] [0.017241379246115685:1]
tree_sizes=1182 1328 1327 1149 1149 1237 1142 1327 1330 1500 1333 1419 1144 1238 1332 1239 1339 1331 1145 1330 1334 1051 1229 1324 1236 1513 1336 1154 1511 1152 1327 1240 1331 1328 1229 1512 1129 1327 1326 1329 1417 1325 1147 1505 969 1056 1063 1339 1151 1247 1066 1148 1329 1154 883 1239 1156 1330 1063 1511 1058 1325 1157 1150 1327 1061 966 1066 1339 1352 1413 1154 974 968 1421 1068 1064 1057 1149 1517 1064 965 1150 1427 1245

Tree=0
num_leaves=12
num_cat=0
split_feature=31 30 37 36 36 38 36 37 36 37 39
split_gain=55.8145 27.2547 30.3183 20.4132 18.5477 14.1042 11.4256 8.90197 6.13059 5.51387 3.74822
threshold=1.7383901476860049 -0.39874662458896631 0.009019498713314535 0.23273799568414691 0.23464044928550723 -0.16264870762825009 0.037059906870126731 0.0096004037186503428 0.28937476873397833 0.024551026523113254 0.68996548652648937
decision_type=2 2 2 2 2 2 2 2 2 2 2
left_child=1 4 10 -4 6 -2 -1 -7 -9 -6 -3
right_child=5 2 3 -5 9 7 -8 8 -10 -11 -12
leaf_value=0.65903428196907043 0.65655635073781016 0.65455646440386772 0.65021820291876797 0.65540607273578644 0.65808062106370924 0.6572270542383194 0.64963801056146619 0.64538852572441097 0.64911964349448681 0.66181488931179044 0.65852797999978063
leaf_weight=120 162 124 1184 1958 577 132 195 534 1040 315 636
leaf_count=120 162 124 1184 1958 577 132 195 534 1040 315 636
internal_value=0.654206 0.655558 0.654538 0.653455 0.658833 0.650513 0.653641 0.649842 0.649319 0.660666 0.659003
internal_weight=6977 5109 3902 3142 1207 1868 315 1706 1574 892 760
internal_count=6977 5109 3902 3142 1207 1868 315 1706 1574 892 760
is_linear=0
shrinkage=1


Tree=1
num_leaves=13
num_cat=0
split_feature=31 36 34 36 36 35 31 34 34 41 35 31
split_gain=53.2191 24.2051 33.9426 33.8546 30.3205 26.65 7.78336 7.23904 9.95361 4.21907 3.90118 0.231542
threshold=1.7383901476860049 0.52559611201286327 0.13106185942888263 0.23273799568414691 0.16381579637527469 0.43158096075057989 3.3180384635925297 0.16854698956012729 0.0079141347669065016 0.5430455505847932 0.34313569962978369 1.2996850013732912
decision_type=2 2 2 2 2 2 2 2 2 2 2 2
left_child=1 3 11 4 -1 -5 7 8 -2 -8 -9 -3
right_child=6 2 -4 5 -6 -7 9 10 -10 -11 -12 -13
leaf_value=0.00095282887108623935 -0.0010195932816714048 -0.009534081444144249 0.0034304093569517136 0.0043388449493795642 -0.010047798193991184 -0.0090529359877109528 -0.014884306979365648 0.0038622964918613445 -0.0074933059047907593 -0.0041834592353552583 -0.0018670714925974607 -0.0066974405199289322
leaf_weight=1734 438 169 186 2304 341 134 182 127 829 121 162 141
leaf_count=1734 438 169 186 2304 341 134 182 127 829 121 162 141
internal_value=-5.72894e-05 0.00128266 -0.00392964 0.00186061 -0.000483774 0.0038554 -0.00366483 -0.00292681 -0.00373919 -0.00732549 0.000616497 -0.00894841
internal_weight=6868 5009 496 4513 2075 2438 1859 1556 1267 303 289 310
internal_count=6868 5009 496 4513 2075 2438 1859 1556 1267 303 289 310
is_linear=0
shrinkage=0.025


Tree=2
num_leaves=13
num_cat=0
split_feature=31 37 36 36 38 16 35 38 48 27 34 3
split_gain=50.9031 24.0214 38.8159 48.3646 24.3619 10.3314 11.6435 10.2491 7.78186 5.7005 5.18665 4.27689
threshold=1.7383901476860049 0.0092025934718549269 0.23273799568414691 0.4545710980892182 -0.19442691653966901 0.02408415358513594 0.4131967574357987 -0.1211651638150215 0.14343360066413882 0.0013583336840383711 0.14378764480352405 -0.048551840707659714
decision_type=2 2 2 2 2 2 2 2 2 2 2 2
left_child=1 8 4 -4 -3 7 9 -2 -1 -7 -9 -10
right_child=5 2 3 -5 -6 6 -8 10 11 -11 -12 -13
leaf_value=-0.00042843670141883288 0.00078773829969577553 0.0076803340713959174 0.0042703482860233649 -0.0033976740203797819 -0.0048814316821517434 -0.0029501307115424426 -0.0079173206363338973 -0.01177663004142232 0.0014509241047780952 0.0022441440343391158 -0.0028060365952551347 0.0047363236870151017
leaf_weight=133 173 152 1888 824 1120 337 205 615 226 328 205 683
leaf_count=133 173 152 1888 824 1120 337 205 615 226 328 205 683
internal_value=-5.16754e-05 0.00125596 0.0003682 0.0020588 -0.00322533 -0.00357669 -0.00156429 -0.00531688 0.00462631 4.66418e-05 -0.00647727 0.00544995
internal_weight=6889 5026 3984 2712 1272 1863 870 993 1042 665 820 909
internal_count=6889 5026 3984 2712 1272 1863 870 993 1042 665 820 909
is_linear=0
shrinkage=0.025


Tree=3
num_leaves=11
num_cat=0
split_feature=37 30 38 36 40 36 37 33 35 11
split_gain=42.1041 39.7782 23.1122 28.21 22.4999 16.9447 26.5523 4.80395 4.35747 3.26959
threshold=0.0092025934718549269 -0.31907296180725092 -0.16921504586935041 0.21370340138673785 0.81025385856628429 0.52094960212707531 0.022681221365928653 0.0082760415971279162 -0.021133447065949437 0.025105861015617851
decision_type=2 2 2 2 2 2 2 2 2 2
left_child=4 5 9 -4 -1 6 -2 8 -6 -3
right_child=1 2 3 -5 7 -7 -8 -9 -10 -11
leaf_value=-0.001476383818424075 0.0014398470230458787 0.0066902238813519935 -0.0064227783220107103 -0.0019402467432257237 0.0016263152601954046 -0.0041575159483909357 0.007201608055090767 0.0028643164195877036 0.0058129789313592474 0.0016095596084196584
leaf_weight=232 842 198 1088 3028 125 120 395 211 596 135
leaf_count=232 842 198 1088 3028 125 120 395 211 596 135
internal_value=-3.49462e-05 -0.000906686 -0.00205012 -0.00256461 0.0042932 0.00283131 0.00370874 0.00602321 0.00699897 0.00423447
internal_weight=6970 5806 4449 4116 1164 1357 1237 932 721 333
internal_count=6970 5806 4449 4116 1164 1357 1237 932 721 333
is_linear=0
shrinkage=0.025


Tree=4
num_leaves=11
num_cat=0
split_feature=5 30 34 38 40 35 35 35 40 16
split_gain=34.2579 25.6896 19.017 19.6009 18.0736 12.6379 12.2561 11.7095 6.82067 5.66271
threshold=1.0829605460166933 -0.34238871932029719 0.14323943853378299 -0.16921504586935041 1.1430529952049258 -0.069454282522201524 0.38782048225402838 0.042529776692390449 1.2097757458686831 0.026574428193271164
decision_type=2 2 2 2 2 2 2 2 2 2
left_child=1 5 3 -3 7 -1 -4 -2 -7 -9
right_child=4 2 6 -5 -6 8 -8 9 -10 -11
leaf_value=-0.0018949838080602078 0.00078474484543155927 0.0058268380723409067 0.0037032183464402626 -0.0020218743090809261 0.0022177395112423976 0.0047566837407926532 -0.0042142348415897873 -0.012057884976614676 -0.00054396802656425387 -0.0064997647494699079
leaf_weight=165 161 274 827 3145 195 1135 138 448 129 267
leaf_count=165 161 274 827 3145 195 1135 138 448 129 267
internal_value=7.16722e-05 0.000830397 -0.000118193 -0.000994816 -0.00402533 0.00373518 0.00297036 -0.00555477 0.0045853 -0.0069184
internal_weight=6884 5813 4384 3419 1071 1429 965 876 1264 715
internal_count=6884 5813 4384 3419 1071 1429 965 876 1264 715
is_linear=0
shrinkage=0.025


Tree=5
num_leaves=12
num_cat=0
split_feature=31 32 37 36 40 40 31 34 30 37 30
split_gain=44.8322 22.6187 22.8889 32.3896 17.8881 15.1693 8.60559 10.8312 7.64746 6.79161 1.6644
threshold=1.6156663298606875 1.3006525039672854 0.0093279546126723307 0.23273799568414691 0.79953932762146007 1.1176963448524477 3.5374350547790532 0.14273875951766971 0.056921893730759628 0.015771237201988701 0.004461107077077032
decision_type=2 2 2 2 2 2 2 2 2 2 2
left_child=1 2 4 -4 -1 6 7 -2 -7 -10 -3
right_child=5 10 3 -5 -6 8 -8 -9 9 -11 -12
leaf_value=-0.0015183772913734545 -0.0068528443579791605 0.0080590404734810356 -0.004193513287651102 0.0017843450913478985 0.0042233627167727467 0.0041702430232223812 -0.013111204290571103 0.0002430305719840792 0.0019492713287091721 -0.0036707365131757406 0.004824089070389748
leaf_weight=214 1054 198 1129 2334 832 175 208 353 122 163 129
leaf_count=214 1054 198 1129 2334 832 175 208 353 122 163 129
internal_value=-6.9585e-05 0.00124845 0.000782288 -0.000196439 0.00401403 -0.00314002 -0.00427855 -0.0035455 0.000846774 -0.00165948 0.00754895
internal_weight=6911 4836 4509 3463 1046 2075 1615 1407 460 285 327
internal_count=6911 4836 4509 3463 1046 2075 1615 1407 460 285 327
is_linear=0
shrinkage=0.025


Tree=6
num_leaves=11
num_cat=0
split_feature=31 32 37 36 40 38 40 17 30 44
split_gain=44.7886 22.2388 25.146 33.3883 15.3659 12.4345 10.8333 7.30952 5.3971 1.13674
threshold=1.7383901476860049 1.3092319965362551 0.0092025934718549269 0.23273799568414691 0.81025385856628429 -0.16921504586935041 1.1430529952049258 1.15083384513855 0.06978164985775949 0.020851545967161659
decision_type=2 2 2 2 2 2 2 2 2 2
left_child=1 2 4 -4 -1 -2 7 -7 -8 -3
right_child=5 9 3 -5 -6 6 8 -9 -10 -11
leaf_value=-0.0013463480058065721 0.0037068270297631462 0.0066895083815267323 -0.0038301086282588465 0.0018940366405256371 0.0043114841809896859 -0.0050925402508366496 0.0047783205636060117 -0.010092777405247964 -0.0022659577375083412 0.0060924216280156505
leaf_weight=200 126 164 1230 2443 799 955 120 431 210 150
leaf_count=200 126 164 1230 2443 799 955 120 431 210 150
internal_value=3.93312e-05 0.00127104 0.000832532 -0.000124048 0.00433889 -0.00328573 -0.00384587 -0.00481219 0.000205224 0.00766066
internal_weight=6828 4986 4672 3673 999 1842 1716 1386 330 314
internal_count=6828 4986 4672 3673 999 1842 1716 1386 330 314
is_linear=0
shrinkage=0.025


Tree=7
num_leaves=13
num_cat=0
split_feature=31 36 37 16 33 40 38 30 34 48 36 30
split_gain=43.6408 22.8181 43.6869 26.0553 25.8496 13.4903 12.7998 9.88691 9.64535 8.89293 5.92531 3.36846
threshold=1.6274724602699282 0.52559611201286327 0.023636833764612678 0.026574428193271164 0.02070923708379269 1.0684167146682741 -0.1211651638150215 0.034384733065962798 0.14323943853378299 0.81896552443504345 0.39690944552421575 1.0000000180025095e-35
decision_type=2 2 2 2 2 2 2 2 2 2 2 2
left_child=1 2 4 -3 -1 6 11 -7 -8 -9 -4 -2
right_child=5 3 10 -5 -6 7 8 9 -10 -11 -12 -13
leaf_value=0.0011571496192909758 -0.0016289889757761522 -0.0082729403051672902 0.0075293765858048395 0.0029672440617567381 -0.010682515316723044 0.0034010142237225886 -0.01024064113583616 0.00024417702602314852 -0.0029796716193342815 -0.0055646693798798857 0.0038659971542550327 0.0023903926029820209
leaf_weight=3549 140 262 572 187 160 212 807 241 382 133 120 184
leaf_count=3549 140 262 572 187 160 212 807 241 382 133 120 184
internal_value=-8.98763e-07 0.00130149 0.00185117 -0.00403359 0.00076905 -0.00300915 -0.00425313 0.000200931 -0.00544912 -0.00222625 0.00759505 0.000132979
internal_weight=6949 4850 4401 449 3709 2099 1513 586 1189 374 692 324
internal_count=6949 4850 4401 449 3709 2099 1513 586 1189 374 692 324
is_linear=0
shrinkage=0.025


Tree=8
num_leaves=13
num_cat=0
split_feature=31 30 34 36 36 36 35 38 34 38 36 17
split_gain=44.8694 20.8567 20.079 27.0116 11.1862 10.228 10.1441 9.00376 8.01304 6.71469 5.38763 4.31573
threshold=1.8156028389930727 -0.38458226621150965 0.14323943853378299 0.46758414804935461 0.23742960393428805 0.037059906870126731 0.38086237013340002 -0.15615478157997129 0.16854698956012729 -0.032423948869109147 0.37093874812126165 0.9502561390399934
decision_type=2 2 2 2 2 2 2 2 2 2 2 2
left_child=1 4 3 -3 5 -1 -4 -2 9 -9 -6 -10
right_child=7 2 6 -5 10 -7 -8 8 11 -11 -12 -13
leaf_value=0.0040299801122795579 0.0019360639957479249 0.00031177685627735988 0.0038410097788179609 -0.0065233179487153934 0.0059786491526392926 -0.0036921392044684171 -0.0044485092018409613 -0.0038946425720335883 0.0017795763811290792 -0.0093052143834746175 0.0020515468037945184 -0.0032598420778319455
leaf_weight=130 159 2646 720 479 577 220 128 602 152 611 340 186
leaf_count=130 159 2646 720 479 577 220 128 602 152 611 340 186
internal_value=-5.66139e-05 0.00109032 0.000196393 -0.000728834 0.00387677 5.28169e-05 0.0035976 -0.00356778 -0.00414926 -0.00509544 0.00532131 -0.000710641
internal_weight=6950 5240 3973 3125 1267 350 848 1710 1551 1213 917 338
internal_count=6950 5240 3973 3125 1267 350 848 1710 1551 1213 917 338
is_linear=0
shrinkage=0.025


Tree=9
num_leaves=15
num_cat=0
split_feature=31 34 41 35 45 35 40 36 35 31 17 34 41 21
split_gain=42.0826 21.3361 25.2194 19.6335 16.1039 14.3533 13.3391 13.2758 10.6801 10.4515 8.89981 3.27173 2.16818 1.97245
threshold=1.0631034374237063 0.14378764480352405 0.78026556968688976 0.23334448039531711 0.45689655840396887 0.37767869234085089 0.79030784964561474 0.030583206564188007 0.34624868631362921 0.34778267145156866 1.0019035339355471 0.18585152924060824 0.81210798025131237 67.95829010009767
decision_type=2 2 2 2 2 2 2 2 2 2 2 2 2 2
left_child=3 2 7 4 9 10 -6 -2 13 -1 -3 -7 -4 -5
right_child=1 5 12 8 6 11 -8 -9 -10 -11 -12 -13 -14 -15
leaf_value=0.001585655841756481 0.0010342502186133542 0.0037467613799045453 0.0015173472491004953 0.0067384365167445174 -0.0020467624773764944 -0.0067137758513362402 0.0048338585109714699 -0.0054477374924505606 -0.00082934956022137358 -0.0021732708763285923 -0.0019749029810492563 -0.00033689922764838787 0.003891379223962807 0.0042691805203984275
leaf_weight=687 274 538 121 404 170 157 751 2200 123 917 161 121 134 126
leaf_count=687 274 538 121 404 170 157 751 2200 123 917 161 121 134 126
internal_value=-2.08666e-05 -0.00183071 -0.00296498 0.00208726 0.00107955 0.00133019 0.00370545 -0.00373891 0.00593655 -0.000431168 0.00324041 -0.00342314 0.00444712 0.00746495
internal_weight=6884 3706 2729 3178 2525 977 921 2474 653 1604 699 278 255 530
internal_count=6884 3706 2729 3178 2525 977 921 2474 653 1604 699 278 255 530
is_linear=0
shrinkage=0.025


Tree=10
num_leaves=13
num_cat=0
split_feature=31 36 37 16 37 40 38 17 36 30 30 33
split_gain=42.9959 21.1203 42.6093 29.1808 27.475 9.76458 12.3439 10.1083 5.29482 4.10751 2.90561 0.799047
threshold=1.7574158906936648 0.52559611201286327 0.022681221365928653 0.026381140574812893 0.0092025934718549269 1.1430529952049258 -0.12042337283492087 1.1247450113296511 0.40407690405845648 0.066687308251857771 0.038458265364170081 0.0076614040881395349
decision_type=2 2 2 2 2 2 2 2 2 2 2 2
left_child=1 2 4 11 -1 6 10 -8 -4 -7 -2 -3
right_child=5 3 8 -5 -6 9 7 -9 -10 -11 -12 -13
leaf_value=0.0030464035092496039 -0.0014583562042112365 -0.0098295436558277216 0.006886137993273595 0.0028959453280495654 -0.0008980964190853397 0.0046865053557162027 -0.0049695745756368499 -0.010727603379847142 0.0026055644163241552 -0.0020027422857060609 0.0027405665343527745 -0.0066243858450749319
leaf_weight=1054 131 157 602 207 2777 120 816 390 128 209 144 127
leaf_count=1054 131 157 602 207 2777 120 816 390 128 209 144 127
internal_value=-2.82146e-05 0.00115558 0.00168775 -0.00374244 0.000627281 -0.00332989 -0.0041933 -0.00527973 0.00720238 0.000542665 0.000558036 -0.00888841
internal_weight=6862 5052 4561 491 3831 1810 1481 1206 730 329 275 284
internal_count=6862 5052 4561 491 3831 1810 1481 1206 730 329 275 284
is_linear=0
shrinkage=0.025


Tree=11
num_leaves=14
num_cat=0
split_feature=37 37 36 36 35 33 40 2 16 17 17 3 25
split_gain=36.7731 32.3716 66.2573 34.9483 27.7664 15.9369 15.1742 9.16183 6.86996 3.9195 4.46296 3.28466 2.81985
threshold=0.0093279546126723307 0.022681221365928653 0.51894399523735057 0.21370340138673785 0.4131967574357987 -0.0099021424539387209 0.80766865611076366 0.083885408937931075 0.022363173775374893 0.60138344764709484 0.095026955008506789 0.11295418813824655 10.675845146179201
decision_type=2 2 2 2 2 2 2 2 2 2 2 2 2
left_child=6 3 7 5 -5 -2 12 -3 -4 10 -8 -11 -1
right_child=1 2 8 4 -6 -7 9 -9 -10 11 -12 -13 -14
leaf_value=-0.003277615106306371 0.0028812491124644655 0.0064726983363773069 -0.0100577659079761 0.00067444553854799924 -0.0068607290240445817 -0.0063909108810430403 0.0028173001354594774 0.0023820580512557729 -0.0024632075981431689 0.00011865189639854724 0.0061861038195707881 0.004883768071003998 0.00047913382825702511
leaf_weight=120 132 672 156 2716 440 1128 250 267 190 152 431 154 120
leaf_count=120 132 672 156 2716 440 1128 250 267 190 152 431 154 120
internal_value=-3.51579e-05 -0.000881747 0.00260174 -0.00189861 -0.000488374 -0.00541008 0.00388088 0.00604476 -0.00667735 0.00524824 0.00631378 0.00279341 -0.00170918
internal_weight=6928 5701 1285 4416 3156 1260 1227 939 346 987 681 306 240
internal_count=6928 5701 1285 4416 3156 1260 1227 939 346 987 681 306 240
is_linear=0
shrinkage=0.025


Tree=12
num_leaves=11
num_cat=0
split_feature=35 35 36 37 36 34 48 19 43 7
split_gain=32.6023 31.4207 36.4146 35.8132 27.39 22.4238 9.57672 8.77186 4.95579 0.825518
threshold=0.3948304951190949 0.23334448039531711 0.52094960212707531 0.0093279546126723307 0.4634817391633988 0.13025820255279544 0.18103448301553729 0.22309483587741855 0.22449759393930438 -0.002502757939510047
decision_type=2 2 2 2 2 2 2 2 2 2
left_child=1 3 7 6 -5 -4 -1 -3 9 -2
right_child=8 2 5 4 -6 -7 -8 -9 -10 -11
leaf_value=-0.0010911460492199737 -0.0091884284151601721 0.0059811850619158613 -0.0071174880544597812 -0.0011827544443088452 -0.0076811093592120371 0.0022156616347864437 0.0032358547195481509 0.0030527460776096169 -0.0026363940212042248 -0.0059133662246491948
leaf_weight=192 143 793 239 3339 364 358 915 194 120 237
leaf_count=192 143 793 239 3339 364 358 915 194 120 237
internal_value=-9.96521e-06 0.000471753 0.0035203 -0.000533489 -0.0017142 -0.00133929 0.0034004 0.00645791 -0.00612624 -0.00751623
internal_weight=6894 6394 1584 4810 3703 597 1107 987 500 380
internal_count=6894 6394 1584 4810 3703 597 1107 987 500 380
is_linear=0
shrinkage=0.025


Tree=13
num_leaves=12
num_cat=0
split_feature=31 37 36 36 33 40 40 5 34 35 40
split_gain=36.3125 20.125 32.8466 39.4303 27.9348 12.7726 10.6523 6.26007 8.02018 6.08688 4.47757
threshold=1.7856917977333071 0.009019498713314535 0.23273799568414691 0.46758414804935461 -0.0096455845050513727 0.78249248862266552 1.1403840184211733 1.4907743930816653 0.16854698956012729 0.34485872089862829 1.1800896525382998
decision_type=2 2 2 2 2 2 2 2 2 2 2
left_child=1 5 4 -4 -3 -1 7 8 -2 -8 -7
right_child=6 2 3 -5 -6 10 9 -9 -10 -11 -12
leaf_value=-0.0016329073020772411 -0.0054973751985206327 0.0053187907279742333 0.0035745348276980784 -0.0031552724406348058 -0.0042706274000696154 0.0046298619509439779 0.0039787439493703782 -0.013635628756892277 0.00084628492120999716 -0.0023913263408697721 0.00084237603760459754
leaf_weight=159 1041 222 2023 770 1199 607 218 189 205 120 164
leaf_count=159 1041 222 2023 770 1199 607 218 189 205 120 164
internal_value=-2.97963e-05 0.00103297 0.000294797 0.00186964 -0.0027919 0.0043516 -0.00311094 -0.00404948 -0.0033723 0.000856414 0.00567816
internal_weight=6917 5144 4214 2793 1421 930 1773 1435 1246 338 771
internal_count=6917 5144 4214 2793 1421 930 1773 1435 1246 338 771
is_linear=0
shrinkage=0.025


Tree=14
num_leaves=13
num_cat=0
split_feature=31 36 16 36 36 35 38 34 16 35 44 16
split_gain=36.9697 18.1573 28.5014 23.9133 29.7515 25.0556 9.73665 12.5532 4.92954 4.82608 3.34959 0.902274
threshold=1.7574158906936648 0.52559611201286327 0.028688673861324791 0.23273799568414691 0.16381579637527469 0.43158096075057989 -0.12042337283492087 0.14378764480352405 0.02408415358513594 0.4131967574357987 0.02463697083294392 0.023587788455188278
decision_type=2 2 2 2 2 2 2 2 2 2 2 2
left_child=1 3 11 4 -1 -5 10 8 -8 -9 -2 -3
right_child=6 2 -4 5 -6 -7 7 9 -10 -11 -12 -13
leaf_value=0.00070275367404178395 0.0035697711295888282 -0.0078087256208601409 0.0035849861829254179 0.0035355182197691461 -0.0094995015034107545 -0.0081360052064841908 -0.0095403675891787901 0.00075025721113289312 -0.004802475883807094 -0.0060121999931983935 -0.0012901137368769246 -0.0053613699999379332
leaf_weight=1781 145 204 179 2373 338 138 593 390 376 126 203 122
leaf_count=1781 145 204 179 2373 338 138 593 390 376 126 203 122
internal_value=-6.2742e-06 0.00108098 -0.00339461 0.00157362 -0.00037959 0.00322188 -0.00305019 -0.00393037 -0.0056019 -0.000755758 0.00069051 -0.00776057
internal_weight=6968 5135 505 4630 2119 2511 1833 1485 969 516 348 326
internal_count=6968 5135 505 4630 2119 2511 1833 1485 969 516 348 326
is_linear=0
shrinkage=0.025


Tree=15
num_leaves=12
num_cat=0
split_feature=31 35 35 36 37 36 38 34 17 38 11
split_gain=31.4992 16.1232 30.6592 22.9543 18.6875 12.6836 11.016 11.5259 6.29371 5.76471 2.9456
threshold=1.7574158906936648 0.23334448039531711 0.3948304951190949 0.52941888570785534 0.022681221365928653 0.52094960212707531 -0.12042337283492087 0.14323943853378299 0.93471676111221325 -0.050302457064390176 0.023193106986582283
decision_type=2 2 2 2 2 2 2 2 2 2 2
left_child=1 3 5 4 -1 -3 10 9 -9 -8 -2
right_child=6 2 -4 -5 -6 -7 7 8 -10 -11 -12
leaf_value=-2.1489688967318845e-05 0.0038141331520823263 0.0057578844673503438 -0.007382129809430385 -0.0072284965357160532 0.0051028708261589371 0.00036922796097300649 -0.0040619772704803886 0.0021649799192842434 -0.0031517573067141261 -0.01010135711484372 -0.00037279319542641301
leaf_weight=3152 136 778 169 174 488 291 335 227 292 624 207
leaf_count=3152 136 778 169 174 488 291 335 227 292 624 207
internal_value=4.4526e-05 0.00106165 0.00353479 0.000253666 0.000684156 0.00510358 -0.00276903 -0.00370448 -0.000679866 -0.00532287 0.00123922
internal_weight=6873 5052 1238 3814 3640 1069 1821 1478 519 959 343
internal_count=6873 5052 1238 3814 3640 1069 1821 1478 519 959 343
is_linear=0
shrinkage=0.025


Tree=16
num_leaves=13
num_cat=0
split_feature=31 30 37 16 35 34 38 37 30 37 48 44
split_gain=33.1239 16.8248 18.5951 21.3579 11.0495 9.53257 14.7942 6.23173 5.74576 5.36652 4.65766 2.24529
threshold=1.6156663298606875 -0.41561146080493921 0.009019498713314535 0.027128291316330436 -0.069454282522201524 0.17106506228446963 -0.11898744478821753 0.020545637235045437 -0.28846755623817438 0.012718210462480785 0.18103448301553729 0.027749114669859413
decision_type=2 2 2 2 2 2 2 2 2 2 2 2
left_child=1 4 10 -4 -1 6 11 -6 -8 -7 -3 -2
right_child=5 2 3 -5 7 9 8 -9 -10 -11 -12 -13
leaf_value=-0.0031596021900977462 0.0018031048941416731 -0.00020013289079598429 -0.0019040610220353721 0.0037639373506138025 0.0021158259617090796 0.0037070682832809191 -0.0011069593553764607 0.0059924263936541782 -0.0064266883024005246 -0.0015547251161356385 0.0037225663581154592 -0.0012606462247022707
leaf_weight=120 298 125 2327 595 628 134 166 360 1147 221 611 130
leaf_count=120 298 125 2327 595 628 134 166 360 1147 221 611 130
internal_value=3.54958e-05 0.00118817 0.000366844 -0.000527417 0.00388028 -0.00257913 -0.00333978 0.00475201 -0.00465193 0.00112847 0.0039052 0.000678406
internal_weight=6862 4766 3658 2922 1108 2096 1741 988 1313 355 736 428
internal_count=6862 4766 3658 2922 1108 2096 1741 988 1313 355 736 428
is_linear=0
shrinkage=0.025


Tree=17
num_leaves=13
num_cat=0
split_feature=30 37 40 35 16 36 37 35 11 39 5 27
split_gain=26.6083 30.5698 18.3695 15.8283 29.6086 10.4312 14.1642 12.7355 5.76022 5.47265 3.50716 2.27685
threshold=-0.35348322987556452 0.0092025934718549269 0.87819221615791332 0.43668305873870855 0.027128291316330436 0.51362541317939769 0.022891669534146789 -0.019559375010430809 0.012322259601205589 0.85307806730270397 0.56988209486007702 0.0013583336840383711
decision_type=2 2 2 2 2 2 2 2 2 2 2 2
left_child=5 2 8 4 -3 6 7 -1 -2 -5 -4 -8
right_child=1 3 10 9 -6 -7 11 -9 -10 -11 -12 -13
leaf_value=-0.0026912428190099011 0.00046281021329580286 -0.002938340868107184 0.0050131356701603362 -0.0027858831536733742 0.0028353048103098299 -0.0018291691927552506 0.0036745115587335873 0.0026692728246586863 -0.0032724235548412667 -0.0081315729750129923 0.0035801724655968232 0.0076777948327174956
leaf_weight=215 205 3248 336 121 838 123 175 752 131 282 244 218
leaf_count=215 205 3248 336 121 838 123 175 752 131 282 244 218
internal_value=-8.25112e-05 -0.000897643 0.00325054 -0.00174816 -0.00127567 0.00287718 0.0035119 0.00185828 -0.00137463 -0.00644914 0.00592949 0.00749058
internal_weight=6888 5405 916 4489 4086 1483 1360 967 336 403 580 393
internal_count=6888 5405 916 4489 4086 1483 1360 967 336 403 580 393
is_linear=0
shrinkage=0.025


Tree=18
num_leaves=11
num_cat=0
split_feature=31 32 37 36 40 40 38 34 40 17
split_gain=31.4141 19.5026 21.6159 26.9146 13.5786 13.1239 11.1192 5.74767 2.8242 2.65161
threshold=2.0451422929763798 1.2574526071548464 0.0093279546126723307 0.23273799568414691 0.78482320904731762 1.1547995209693911 -0.1211651638150215 0.14483135193586352 0.89671552181243908 0.32372632622718817
decision_type=2 2 2 2 2 2 2 2 2 2
left_child=1 2 4 -4 -1 6 -2 -8 -3 -10
right_child=5 8 3 -5 -6 -7 7 -9 9 -11
leaf_value=-0.0016141738115493633 0.00063665918986482994 0.0023045249476448038 -0.0034072349715131263 0.0010398999553655087 0.003432473679147566 0.0027493737112526729 -0.0092809669423381622 -0.0035145575942661118 0.0080042810033781921 0.0049644573549616385
leaf_weight=192 194 167 1343 2725 885 207 601 286 137 192
leaf_count=192 194 167 1343 2725 885 207 601 286 137 192
internal_value=-3.69556e-05 0.000767136 0.000307039 -0.000526332 0.00344848 -0.00355278 -0.00465585 -0.0058366 0.00547655 0.00683009
internal_weight=6929 5641 5145 4068 1077 1288 1081 887 496 329
internal_count=6929 5641 5145 4068 1077 1288 1081 887 496 329
is_linear=0
shrinkage=0.025


Tree=19
num_leaves=13
num_cat=0
split_feature=37 37 36 36 15 35 40 36 35 24 35 5
split_gain=27.4877 31.5101 54.4827 25.8884 25.01 23.2589 16.7087 6.26096 6.09737 6.06496 5.26304 3.78774
threshold=0.0093279546126723307 0.022681221365928653 0.51894399523735057 0.23273799568414691 0.24999999254941943 0.4131967574357987 0.82044291496276867 0.38702715933322912 0.19959199428558352 26.867045402526859 -0.022862255573272702 0.56988209486007702
decision_type=2 2 2 2 2 2 2 2 2 2 2 2
left_child=6 3 7 4 -2 -5 9 -3 -4 -1 -8 -12
right_child=1 2 8 5 -6 -7 10 -9 -10 -11 11 -13
leaf_value=-0.0028978838905193332 0.0036056382807710913 0.0063358120716264787 -0.0077602022035446507 0.00059878214360601376 -0.0062547141475995417 -0.0057229508620119099 2.9410999679915784e-06 0.0019279170994905782 -0.0015436536912145416 0.00092663050845965276 0.0048750719256969808 0.0029554748231788498
leaf_weight=136 230 657 201 2535 1208 430 122 267 142 122 489 351
leaf_count=136 230 657 201 2535 1208 430 122 267 142 122 489 351
internal_value=-5.34808e-05 -0.000787445 0.00267787 -0.00178794 -0.00453482 -0.000448232 0.00334184 0.00583288 -0.00576509 -0.0022576 0.00485393 0.00555473
internal_weight=6890 5670 1267 4403 1438 2965 1220 924 343 258 962 840
internal_count=6890 5670 1267 4403 1438 2965 1220 924 343 258 962 840
is_linear=0
shrinkage=0.025


Tree=20
num_leaves=13
num_cat=0
split_feature=31 35 36 35 37 36 38 34 34 37 36 11
split_gain=30.6171 19.3997 23.3688 22.3151 18.3848 15.5743 9.54124 8.89607 7.8969 4.91765 4.59226 3.06378
threshold=1.8013249039649966 0.23334448039531711 0.4634817391633988 0.3948304951190949 0.022681221365928653 0.52559611201286327 -0.12042337283492087 0.14483135193586352 0.022169791162014011 0.012831320986151697 0.28546288609504705 0.023193106986582283
decision_type=2 2 2 2 2 2 2 2 2 2 2 2
left_child=1 2 4 5 -1 -3 11 10 -4 -9 -8 -2
right_child=6 3 8 -5 -6 -7 7 9 -10 -11 -12 -13
leaf_value=-5.9001748120655899e-05 0.0038026288147838595 0.0057768691027512394 -0.0067815570119734133 -0.0054310408820055223 0.0053329595706653778 0.00017705543379062939 -0.010893871379205805 0.0027697898197184909 -0.00019477456446124198 -0.0020896209604144081 -0.0045852407054017413 -0.000803446801249455
leaf_weight=3038 134 779 225 182 459 299 372 175 121 310 552 200
leaf_count=3038 134 779 225 182 459 299 372 175 121 310 552 200
internal_value=-5.01752e-05 0.000926243 4.06055e-05 0.00361166 0.000658552 0.00498038 -0.00290689 -0.00380569 -0.00610755 -0.00103316 -0.00524085 0.000866519
internal_weight=6846 5103 3843 1260 3497 1078 1743 1409 346 485 924 334
internal_count=6846 5103 3843 1260 3497 1078 1743 1409 346 485 924 334
is_linear=0
shrinkage=0.025


Tree=21
num_leaves=10
num_cat=0
split_feature=31 32 35 35 30 41 35 11 42
split_gain=29.7259 15.9421 13.2988 16.4836 8.1688 7.92054 11.8286 7.6087 1.70758
threshold=1.6156663298606875 1.3092319965362551 0.4131967574357987 0.23635417222976687 0.6722160577774049 0.62151867151260387 0.22061534970998767 0.027547619305551056 0.024313426576554779
decision_type=2 2 2 2 2 2 2 2 2
left_child=1 2 3 -1 5 6 -2 -7 -3
right_child=4 8 -4 -5 -6 7 -8 -9 -10
leaf_value=7.3505058189990432e-05 -0.0099352300592107923 0.0060863526754394333 -0.0065596356190411598 0.003614866805964487 0.0028679382584203745 -0.0022123708723034599 -0.0019454298270893734 0.0025697688823018124 0.0033082727524701792
leaf_weight=3530 548 186 151 806 228 689 506 129 123
leaf_count=3530 548 186 151 806 228 689 506 129 123
internal_value=-0.000144001 0.00094121 0.000557936 0.000816344 -0.00262173 -0.00316662 -0.0045975 -0.0012986 0.00638933
internal_weight=6896 4796 4487 4336 2100 1872 1054 818 309
internal_count=6896 4796 4487 4336 2100 1872 1054 818 309
is_linear=0
shrinkage=0.025


Tree=22
num_leaves=12
num_cat=0
split_feature=31 36 37 34 15 40 38 32 36 36 34
split_gain=27.7605 18.1025 35.7144 24.2639 23.8866 9.63071 10.9051 8.25941 4.98329 4.75113 4.71635
threshold=2.2144484519958501 0.46758414804935461 0.022681221365928653 0.1159457601606846 0.87068966031074535 1.1547995209693911 -0.1211651638150215 1.0830125212669375 0.40407690405845648 0.51118141412734996 0.14483135193586352
decision_type=2 2 2 2 2 2 2 2 2 2 2
left_child=1 2 4 7 -1 6 -2 -3 -4 -5 -8
right_child=5 3 8 9 -6 -7 10 -9 -10 -11 -12
leaf_value=0.00068156089559695272 0.00021785118314976705 -0.0064581391494592261 0.0058694060249650766 -0.0008875201070555589 -0.010579723596095282 0.002192163936431893 -0.010109659652350661 -0.0014181120787572249 0.0018604114342389525 0.0026238648281151108 -0.0031795100824340578
leaf_weight=3799 169 400 661 174 159 172 458 205 134 352 238
leaf_count=3799 169 400 661 174 159 172 458 205 134 352 238
internal_value=-5.86558e-05 0.000606003 0.00128336 -0.00222821 0.000307532 -0.00382078 -0.00489224 -0.005625 0.00610156 0.00168315 -0.00626783
internal_weight=6921 5884 4753 1131 3958 1037 865 605 795 526 696
internal_count=6921 5884 4753 1131 3958 1037 865 605 795 526 696
is_linear=0
shrinkage=0.025


Tree=23
num_leaves=13
num_cat=0
split_feature=31 34 37 37 17 9 46 31 29 32 9 17
split_gain=25.804 16.2837 18.22 22.3496 9.25136 7.01957 6.37083 5.59623 8.12648 5.52869 4.29566 3.81631
threshold=2.0176024436950688 0.14378764480352405 0.022681221365928653 0.009019498713314535 0.33161507546901708 0.034245034679770477 0.16269258409738543 3.3180384635925297 0.06907141208648683 0.76691299676895153 0.031851200386881835 0.83650097250938427
decision_type=2 2 2 2 2 2 2 2 2 2 2 2
left_child=1 2 3 -1 -4 6 -3 8 9 -2 -9 -10
right_child=7 5 4 -5 -6 -7 -8 10 11 -11 -12 -13
leaf_value=0.0023490248651837162 0.0011751249687507654 0.0001790925140976188 0.0049069299115471997 -0.0019156694110559064 0.0014842328694299094 -0.0018370889039904651 0.0044031678608365188 -0.0037290759085653897 -0.0032943143073224548 -0.00643469153698521 -0.013271975192589477 0.00093140063241722306
leaf_weight=682 121 194 294 2872 616 150 755 120 128 387 176 427
leaf_count=682 121 194 294 2872 616 150 755 120 128 387 176 427
internal_value=-9.29334e-05 0.000661144 -9.78966e-06 -0.000820104 0.00313525 0.00337976 0.00417322 -0.0031754 -0.00229986 -0.00456871 -0.00620847 -0.000189732
internal_weight=6922 5563 4464 3554 910 1099 949 1359 1063 508 296 555
internal_count=6922 5563 4464 3554 910 1099 949 1359 1063 508 296 555
is_linear=0
shrinkage=0.025


Tree=24
num_leaves=12
num_cat=0
split_feature=31 37 36 37 36 40 40 35 2 16 36
split_gain=27.5724 16.5597 41.1016 24.9642 33.2571 11.9255 11.714 6.9064 5.4443 5.31971 3.21879
threshold=2.2144484519958501 0.022681221365928653 0.52094960212707531 0.0092025934718549269 0.23273799568414691 1.1547995209693911 0.82044291496276867 0.034897137433290489 0.117525152862072 0.027128291316330436 0.6119632124900819
decision_type=2 2 2 2 2 2 2 2 2 2 2
left_child=1 3 8 6 -5 7 -1 -2 -3 -9 -4
right_child=5 2 10 4 -6 -7 -8 9 -10 -11 -12
leaf_value=-0.00079540198985057211 -1.3500836091433212e-05 0.0055893093594218263 -0.0072705472308407211 -0.0042139407337713581 0.00073045552520877998 0.002642261533137734 0.0034972094763459209 -0.008380952111534402 0.0018322531506729093 -0.0036668574924142543 -0.0018102982325145123
leaf_weight=237 152 668 136 1296 2402 174 856 498 148 240 120
leaf_count=237 152 668 136 1296 2402 174 856 498 148 240 120
internal_value=-0.000159586 0.000512313 0.0033136 -0.000115982 -0.00109877 -0.0038529 0.00319331 -0.00502095 0.00605207 -0.00601447 -0.00534004
internal_weight=6927 5863 1072 4791 3698 1064 1093 890 816 738 256
internal_count=6927 5863 1072 4791 3698 1064 1093 890 816 738 256
is_linear=0
shrinkage=0.025


Tree=25
num_leaves=15
num_cat=0
split_feature=31 36 36 36 16 40 38 34 16 35 30 46 30 19
split_gain=26.6352 15.855 29.9064 26.0419 21.7952 8.54363 10.3694 8.92829 8.38501 6.84721 6.58888 4.3933 2.04759 1.65487
threshold=1.7383901476860049 0.46758414804935461 0.23273799568414691 0.034535290673375137 0.023587788455188278 1.1176963448524477 -0.1211651638150215 0.16854698956012729 0.020463719032704834 0.38255457580089575 0.061488984152674682 0.80080705881118786 0.038458265364170081 0.010117738973349335
decision_type=2 2 2 2 2 2 2 2 2 2 2 2 2 2
left_child=1 2 3 -1 13 6 12 -8 -4 -6 -7 -12 -2 -3
right_child=5 4 8 -5 9 10 7 -9 -10 -11 11 -13 -14 -15
leaf_value=0.0015380113289399202 -0.00086868003391542834 -0.0083015968018624788 0.0048468011898566829 -0.0035895569500985661 0.0023594407917042455 0.004335100572227679 -0.0070519919418801265 -0.00068231615820977956 0.001854299656958075 -0.0044750203007777939 -0.0031410956825779993 0.0020811554428870312 0.0028771042178921571 -0.0034933219755692692
leaf_weight=1023 139 182 844 1054 387 138 929 256 1323 133 123 123 143 130
leaf_count=1023 139 182 844 1054 387 138 929 256 1323 133 123 123 143 130
internal_value=-0.000174012 0.000761415 0.00138121 -0.000759486 -0.00238202 -0.00273774 -0.00360479 -0.0046271 0.0034329 0.00075 0.000562339 -0.00186753 0.000675087 -0.00755126
internal_weight=6927 5076 4244 2077 832 1851 1467 1185 2167 520 384 246 282 312
internal_count=6927 5076 4244 2077 832 1851 1467 1185 2167 520 384 246 282 312
is_linear=0
shrinkage=0.025


Tree=26
num_leaves=13
num_cat=0
split_feature=31 34 38 34 34 38 40 40 46 46 46 40
split_gain=26.2859 13.6094 28.708 12.6677 17.4797 10.4063 10.433 7.78501 7.2959 6.41872 4.41265 4.14991
threshold=1.7856917977333071 -0.040389144793152802 -0.16698665916919705 0.0079141347669065016 0.13711886107921603 -0.16097102314233777 1.1204792261123659 0.77770313620567333 0.81896552443504345 0.63811445236206066 0.41966252028942114 1.0615043640136721
decision_type=2 2 2 2 2 2 2 2 2 2 2 2
left_child=1 2 10 7 -5 -2 9 -3 -8 -7 -1 -4
right_child=5 3 11 4 -6 6 8 -9 -10 -11 -12 -13
leaf_value=0.0013072572516002372 0.0022372016417225387 -0.00081175681468708544 -0.0051585762278129905 -0.00099281816937782374 0.0026130557807699769 -0.0006510274452237758 -0.0016967529971379889 0.0037687182170753788 0.0040697788988588645 -0.0058054101070987522 0.0080817747089277064 -0.0010886782583355153
leaf_weight=170 165 196 410 1874 1118 229 190 1081 157 1034 153 151
leaf_count=170 165 196 410 1874 1118 229 190 1081 157 1034 153 151
internal_value=2.70446e-06 0.000907571 -0.00190523 0.00149304 0.000598515 -0.00261587 -0.00323142 0.00357352 0.000585938 -0.00428332 0.00398247 -0.0053114
internal_weight=6928 5153 884 4269 2992 1775 1610 1277 347 1263 323 561
internal_count=6928 5153 884 4269 2992 1775 1610 1277 347 1263 323 561
is_linear=0
shrinkage=0.025


Tree=27
num_leaves=11
num_cat=0
split_feature=35 35 37 36 16 37 40 39 37 22
split_gain=22.8415 27.8236 25.1532 25.113 26.4926 21.0226 13.186 6.74373 6.46045 1.01996
threshold=0.43668305873870855 0.22626094520092013 0.0092025934718549269 0.52094960212707531 0.028688673861324791 0.013986395671963693 0.82044291496276867 0.85860499739646923 0.0210803896188736 0.78622329235076915
decision_type=2 2 2 2 2 2 2 2 2 2
left_child=1 2 6 8 -5 -4 -1 -2 -3 -9
right_child=7 3 5 4 -6 -7 -8 9 -10 -11
leaf_value=-0.0014955890173839873 -0.0016433127494623779 0.0033656425132051974 -0.0045574851694796499 -0.0047102616836044364 0.0032664486908338983 -0.00035046487200529402 0.0030526256513851396 -0.0086689229716718531 0.0066625006333726356 -0.0048539149623835201
leaf_weight=228 133 760 1195 379 285 2540 824 155 340 129
leaf_count=228 133 760 1195 379 285 2540 824 155 340 129
internal_value=-6.36383e-05 0.000298391 -0.000689952 0.00297838 -0.000850149 -0.00165274 0.00271405 -0.00570201 0.00528846 -0.00785035
internal_weight=6968 6551 4787 1764 664 3735 1052 417 1100 284
internal_count=6968 6551 4787 1764 664 3735 1052 417 1100 284
is_linear=0
shrinkage=0.025


Tree=28
num_leaves=15
num_cat=0
split_feature=31 38 34 20 36 37 37 17 38 34 44 29 36 36
split_gain=24.2891 18.5385 23.9783 17.808 11.3886 10.9558 17.3033 6.77804 6.67792 6.38356 5.77155 4.67296 3.30179 1.95731
threshold=1.0631034374237063 -0.11898744478821753 0.14378764480352405 0.14287208020687106 0.28546288609504705 0.009046206250786783 0.024551026523113254 0.9502561390399934 -0.19442691653966901 -0.043755959719419472 0.01486407592892647 0.077791001647710814 0.39382423460483557 0.36653341352939611
decision_type=2 2 2 2 2 2 2 2 2 2 2 2 2 2
left_child=3 8 4 5 -3 10 -7 -4 -2 -10 -1 12 -5 -13
right_child=1 2 7 11 -6 6 -8 -9 9 -11 -12 13 -14 -15
leaf_value=0.0027820133256937249 0.0058246567961011747 -0.00823157883779632 0.0018869976573605493 0.0031393472931843859 -0.0027867904833009925 -0.0023677071117247372 0.0038634915376431519 -0.0021489933413498751 -0.0012177245726197996 0.0028848047012802803 -7.6820393820054014e-05 0.0062469709224062453 0.00060750994650763399 0.0025550558853361703
leaf_weight=333 162 751 658 627 1178 1207 247 272 306 345 213 175 251 120
leaf_count=333 162 751 658 627 1178 1207 247 272 306 345 213 175 251 120
internal_value=-9.12409e-07 -0.0013853 -0.00233284 0.00159888 -0.00391998 0.000158978 -0.000972413 0.000955882 0.00193307 0.000771723 0.0031647 0.00403756 0.00307899 0.00677083
internal_weight=6845 3672 2859 3173 1929 2000 1454 930 813 651 546 1173 878 295
internal_count=6845 3672 2859 3173 1929 2000 1454 930 813 651 546 1173 878 295
is_linear=0
shrinkage=0.025


Tree=29
num_leaves=11
num_cat=0
split_feature=31 40 4 40 30 46 37 37 29 40
split_gain=26.5568 19.2332 15.0423 14.5079 12.2796 11.4875 10.8198 13.025 7.09471 7.00899
threshold=1.0800297260284426 1.2570849657058718 0.1053273417055607 0.64599180221557628 -0.17154645174741742 0.094827588647604003 0.009046206250786783 0.024461697787046436 0.077791001647710814 0.81541553139686596
decision_type=2 2 2 2 2 2 2 2 2 2
left_child=2 3 6 -2 -5 -4 9 -8 -7 -1
right_child=1 -3 5 4 -6 8 7 -9 -10 -11
leaf_value=-0.00096945274783156185 -0.0073443859352431669 0.0061169109372065074 -0.0030715258557570194 0.0010316401025521284 -0.0025466474084611434 0.002584397767698489 -0.0027563734101982971 0.0049497441713984326 0.0053087187428027122 0.0029170101184400696
leaf_weight=129 193 198 154 789 2530 1226 974 139 292 331
leaf_count=129 193 198 154 789 2530 1226 974 139 292 331
internal_value=-0.000155352 -0.00159993 0.00149423 -0.00203121 -0.00163395 0.00314177 -0.000257446 -0.00159325 0.00380417 0.00294355
internal_weight=6955 3710 3245 3512 3319 1672 1573 1113 1518 460
internal_count=6955 3710 3245 3512 3319 1672 1573 1113 1518 460
is_linear=0
shrinkage=0.025


Tree=30
num_leaves=13
num_cat=0
split_feature=31 35 35 36 36 36 38 35 4 35 41 35
split_gain=22.5435 15.9359 21.0942 19.6224 16.1725 11.6302 9.02593 8.30704 7.54476 5.98087 6.71466 6.02628
threshold=2.1125370264053349 0.23109264671802524 0.3948304951190949 0.4634817391633988 0.2361397594213486 0.52094960212707531 -0.1012439578771591 0.14568176120519641 0.42352485656738287 0.21031048148870471 0.58458283543586742 0.4131967574357987
decision_type=2 2 2 2 2 2 2 2 2 2 2 2
left_child=1 3 5 4 -1 -3 -2 -5 -4 10 -8 -11
right_child=6 2 8 7 -6 -7 9 -9 -10 11 -12 -13
leaf_value=-0.00077089361579208988 0.0014169469449366826 0.0047277966221665225 -0.0072483360936858076 -0.0070544399396326191 0.0019841753700453298 0.00040770604136265156 -0.0158464284836899 -1.3023526998028057e-05 0.00053795641072030556 -0.00077566669599812984 -0.001423364561131512 -0.0051758069115971656
leaf_weight=2259 226 853 126 272 1573 377 229 122 144 384 122 210
leaf_count=2259 226 853 126 272 1573 377 229 122 144 384 122 210
internal_value=-1.90162e-05 0.000627072 0.00283638 -0.00015806 0.000389302 0.00422571 -0.00317283 -0.00543546 -0.00343182 -0.00424342 -0.00682935 -0.00266068
internal_weight=6897 5726 1500 4226 3832 1230 1171 394 270 945 351 594
internal_count=6897 5726 1500 4226 3832 1230 1171 394 270 945 351 594
is_linear=0
shrinkage=0.025


Tree=31
num_leaves=12
num_cat=0
split_feature=30 37 38 34 36 37 35 48 17 42 3
split_gain=22.551 26.0852 21.9284 19.5316 11.8915 13.7176 7.99228 5.94046 5.10847 3.29059 2.77452
threshold=-0.28846755623817438 0.0096004037186503428 -0.16921504586935041 0.14156537503004077 0.52941888570785534 0.020264727063477043 -0.0031172295566648241 0.1241746135056019 0.47181531786918646 0.0091143432073295134 -0.10329404100775717
decision_type=2 2 2 2 2 2 2 2 2 2 2
left_child=4 7 10 -4 5 6 -1 -2 -9 -7 -3
right_child=1 2 3 -5 -6 9 -8 8 -10 -11 -12
leaf_value=-0.0021251961964824291 -0.0015842170141870172 0.0016579753700684237 -0.003597799337747995 0.00088701320047195335 -0.0023731519242425935 0.0052313999115694287 0.0023060537427231549 0.0036286798429710694 0.00072729270707053151 0.0028690713638977005 0.0067267508461781493
leaf_weight=261 133 121 2833 982 120 339 823 538 341 214 198
leaf_count=261 133 121 2833 982 120 339 823 538 341 214 198
internal_value=4.43327e-05 -0.000789895 -0.0016716 -0.00220059 0.00248652 0.00304887 0.00139463 0.00279621 0.00354214 0.0062388 0.00457176
internal_weight=6903 5146 4134 3815 1757 1637 1084 1012 879 553 319
internal_count=6903 5146 4134 3815 1757 1637 1084 1012 879 553 319
is_linear=0
shrinkage=0.025


Tree=32
num_leaves=13
num_cat=0
split_feature=36 37 15 36 16 35 37 36 10 34 34 46
split_gain=18.9261 33.085 25.682 23.73 23.6466 10.099 7.96873 5.99942 6.04917 5.92167 5.91414 0.374114
threshold=0.46758414804935461 0.022681221365928653 0.87068966031074535 0.29686962068080908 0.023587788455188278 0.33700302243232733 0.013491752557456495 0.39382423460483557 0.023182242177426819 0.069392371922731413 -0.039543502032756798 0.67663240432739269
decision_type=2 2 2 2 2 2 2 2 2 2 2 2
left_child=1 2 3 -1 9 10 -7 8 -3 11 -6 -2
right_child=4 7 -4 -5 5 6 -8 -9 -10 -11 -12 -13
leaf_value=-0.0010385249353276726 -0.0068701076850805846 0.0021195162650145608 -0.010453912641942127 0.002482247204269027 -0.0008789599984167049 0.0012402997224577024 -0.0042450219280985805 0.00083035495054269582 0.0057722958335064732 -0.0020621012770417504 0.0045025862011885773 -0.0085353279787970665
leaf_weight=2882 202 196 210 1396 136 215 493 202 480 156 251 122
leaf_count=2882 202 196 210 1396 136 215 493 202 480 156 251 122
internal_value=-9.8078e-05 0.000608592 -0.000260127 0.000161978 -0.00250396 -0.000460227 -0.00223527 0.00503256 0.00615822 -0.00710052 0.00275829 -0.00902356
internal_weight=6941 5366 4488 4278 1575 1095 708 878 676 480 387 324
internal_count=6941 5366 4488 4278 1575 1095 708 878 676 480 387 324
is_linear=0
shrinkage=0.025


Tree=33
num_leaves=13
num_cat=0
split_feature=31 35 35 37 15 38 38 34 45 20 39 35
split_gain=25.3904 15.0362 22.3243 17.9718 16.17 9.27229 7.7499 12.1485 7.38704 4.49949 4.38601 3.10369
threshold=2.1125370264053349 0.23109264671802524 0.4131967574357987 0.0092025934718549269 0.33620689809322363 -0.079947911202907548 -0.10232434049248694 0.14323943853378299 0.38114453852176672 0.55213323235511791 0.63915997743606578 0.28886456787586218
decision_type=2 2 2 2 2 2 2 2 2 2 2 2
left_child=1 3 5 10 -5 -3 -2 9 -4 -8 -1 -9
right_child=6 2 8 4 -6 -7 7 11 -10 -11 -12 -13
leaf_value=-0.00063246445220086216 0.00041481177028848681 0.0059913837636302774 -0.0070611263653082143 0.0014473458250449213 -0.0021167539589037332 0.002116616608064237 -0.011202644872698241 0.0024474846775358466 0.0004449966673464978 -0.0048265833318513474 0.0024244962221025151 -0.0025929937038292454
leaf_weight=137 234 340 124 958 2207 905 226 131 128 345 882 236
leaf_count=137 234 340 124 958 2207 905 226 131 128 345 882 236
internal_value=1.18475e-05 0.000704581 0.00285037 -6.41561e-05 -0.000995662 0.004225 -0.00332944 -0.0043412 -0.00386673 -0.00660807 0.00281372 -0.000756048
internal_weight=6853 5681 1497 4184 3165 1245 1172 938 252 571 1019 367
internal_count=6853 5681 1497 4184 3165 1245 1172 938 252 571 1019 367
is_linear=0
shrinkage=0.025


Tree=34
num_leaves=12
num_cat=0
split_feature=31 40 41 36 40 47 46 35 46 40 11
split_gain=22.18 13.6627 13.2593 16.2828 13.0604 9.25538 7.3358 6.0048 8.08025 4.04354 2.47163
threshold=1.9545165896415713 0.54912337660789501 0.35545957088470465 0.46758414804935461 1.1430529952049258 0.80080705881118786 0.81896552443504345 0.06049443036317826 0.63811445236206066 0.91786432266235363 0.024092806503176693
decision_type=2 2 2 2 2 2 2 2 2 2 2
left_child=1 5 9 -4 7 -1 -6 10 -9 -3 -2
right_child=4 2 3 -5 6 -7 -8 8 -10 -11 -12
leaf_value=-6.3118642940235287e-05 0.002969846404910154 0.0045291608826460742 0.0011463485847305278 -0.0021600491314552827 -0.0010675889821283578 -0.010140374242712254 0.0052679123918025293 0.00070799169355899999 -0.0056905536955529218 0.0094880075262689049 -0.0023011523025233903
leaf_weight=145 137 185 4013 848 128 129 139 122 805 136 123
leaf_count=145 137 185 4013 848 128 129 139 122 805 136 123
internal_value=1.71728e-05 0.000749634 0.00103986 0.000710286 -0.00272019 -0.0046371 0.00222886 -0.00384333 -0.00478138 0.00592408 -0.000448113
internal_weight=6910 5456 5182 4861 1454 274 267 1187 927 321 260
internal_count=6910 5456 5182 4861 1454 274 267 1187 927 321 260
is_linear=0
shrinkage=0.025


Tree=35
num_leaves=15
num_cat=0
split_feature=37 37 40 15 16 38 38 6 27 40 33 24 35 21
split_gain=19.5112 26.2897 17.0381 16.0111 16.2138 11.0058 20.7228 6.17369 6.92158 5.59652 5.30991 5.17627 3.65508 0.193079
threshold=0.022681221365928653 0.0092467982321977633 0.87819221615791332 0.87068966031074535 0.02061730902642012 -0.10232434049248694 -0.091904193162918077 0.038301596418023116 0.001800134312361479 1.1665930747985842 0.0096857650205492991 26.767787933349613 0.18432371318340304 44.821910858154304
decision_type=2 2 2 2 2 2 2 2 2 2 2 2 2 2
left_child=1 2 11 4 -3 7 -7 13 -9 -4 -8 -1 -5 -2
right_child=5 3 9 12 -6 6 10 8 -10 -11 -12 -13 -14 -15
leaf_value=-0.0019194369664889827 0.0077921439631058595 0.00088853958660309318 0.0049822019667286003 -0.011079198587522593 -0.0025258884426220562 -0.0065603753934248832 0.0044938398340849213 9.4154484867890745e-05 0.0046414614707037897 0.00064580239260613468 0.00010039993941455272 0.0010281519978799336 -0.0033184489153718273 0.0048073718757073143
leaf_weight=196 126 1527 537 155 2620 188 198 268 221 223 153 214 120 127
leaf_count=196 126 1527 537 155 2620 188 198 268 221 223 153 214 120 127
internal_value=-2.99869e-05 -0.000668885 0.00265426 -0.00155156 -0.00115757 0.00274592 1.1489e-05 0.00471051 0.00299848 0.00486111 0.00359902 -0.00143072 -0.00734375 0.00787306
internal_weight=6873 5592 1170 4422 4147 1281 539 742 489 760 351 410 275 253
internal_count=6873 5592 1170 4422 4147 1281 539 742 489 760 351 410 275 253
is_linear=0
shrinkage=0.025


Tree=36
num_leaves=11
num_cat=0
split_feature=30 40 11 47 40 36 36 36 44 39
split_gain=17.456 17.1727 19.5696 13.6535 9.44222 6.15506 8.0201 7.68594 5.73142 2.79119
threshold=-0.35348322987556452 1.2611845731735232 0.012112256139516832 0.26724137365818029 0.54912337660789501 0.51362541317939769 0.23990269750356677 0.098120044916868224 0.018734542652964595 1.210027873516083
decision_type=2 2 2 2 2 2 2 2 2 2
left_child=5 2 3 -2 -4 6 7 -1 -8 -3
right_child=1 9 4 -5 -6 -7 8 -9 -10 -11
leaf_value=0.0036445012807439421 -0.00016145106572885149 0.0082920786462009118 -0.0049003021656701673 0.003755956601222174 -0.0015629863284519901 -0.0011455952267916418 0.0044427455034627581 -0.0023685042690299698 0.0018592362981382201 0.0020411619381881727
leaf_weight=167 505 125 209 359 4083 132 394 257 559 120
leaf_count=167 505 125 209 359 4083 132 394 257 559 120
internal_value=-6.32683e-06 -0.000671707 -0.000982126 0.00243815 -0.00167413 0.00236542 0.0028627 0 0.0041297 0.005725
internal_weight=6910 5401 5156 864 4292 1509 1377 424 953 245
internal_count=6910 5401 5156 864 4292 1509 1377 424 953 245
is_linear=0
shrinkage=0.025


Tree=37
num_leaves=13
num_cat=0
split_feature=31 38 34 38 20 37 37 3 45 5 5 11
split_gain=20.0565 16.4501 21.2288 19.29 13.9874 11.647 12.9858 5.26473 4.96189 4.82843 4.81067 3.32459
threshold=0.87533646821975719 -0.16921504586935041 0.14378764480352405 -0.050302457064390176 0.13960295170545581 0.009046206250786783 0.027139508165419105 0.57085177302360546 0.63811445236206066 0.32653887569904333 0.13383299857378009 0.024875460192561153
decision_type=2 2 2 2 2 2 2 2 2 2 2 2
left_child=4 11 3 -3 5 10 -7 -4 9 -6 -1 -2
right_child=1 2 7 -5 8 6 -8 -9 -10 -11 -12 -13
leaf_value=0.0013741167358507752 0.005685806188831583 -0.0008023789578935431 0.001729838779159021 -0.006138690523674115 0.0035662326040270284 -0.0016287445091408713 0.0042196916869255531 -0.0028670024148385572 0.0056500912457462145 0.00077592233586059461 0.0038453317219487183 0.00081441194359602458
leaf_weight=273 173 1663 948 1201 315 1136 147 125 198 326 226 130
leaf_count=273 173 1663 948 1201 315 1136 147 125 198 326 226 130
internal_value=-9.55797e-05 -0.00115872 -0.00159342 -0.00271654 0.00162081 0.000360241 -0.00089771 0.00139726 0.00427281 0.00314435 0.00358383 0.00440341
internal_weight=6861 4240 3937 2864 2621 1782 1283 1073 839 641 499 303
internal_count=6861 4240 3937 2864 2621 1782 1283 1073 839 641 499 303
is_linear=0
shrinkage=0.025


Tree=38
num_leaves=13
num_cat=0
split_feature=31 37 36 15 34 38 34 9 36 2 30 37
split_gain=21.5929 13.7496 24.2205 18.8483 15.8653 7.01134 9.21642 7.68455 4.67342 4.3483 4.11188 3.61981
threshold=2.1125370264053349 0.022681221365928653 0.52559611201286327 0.87068966031074535 0.14378764480352405 -0.048918185755610459 0.14483135193586352 0.038636254146695144 0.28546288609504705 0.117525152862072 0.056921893730759628 0.013096631970256569
decision_type=2 2 2 2 2 2 2 2 2 2 2 2
left_child=1 3 9 4 -1 7 8 10 -7 -3 -2 -8
right_child=5 2 -4 -5 -6 6 11 -9 -10 -11 -12 -13
leaf_value=-0.00029855362418839407 -0.0007197245614368686 0.0046735650721671492 -0.0038426124778823071 -0.0076191280222525255 0.0025490294079411838 -0.014800458115221385 0.0025969680930195195 -0.0049725593896266691 -0.0042355221007100334 0.0014220222718100584 0.0032183855733533967 -0.0027895950015917846
leaf_weight=3519 123 662 229 197 990 179 135 167 245 136 137 190
leaf_count=3519 123 662 229 197 990 179 135 167 245 136 137 190
internal_value=7.68369e-05 0.000711267 0.00332485 0.000136648 0.000472142 -0.00300064 -0.00445126 -0.00041956 -0.00686189 0.00537827 0.00224057 -0.00123106
internal_weight=6909 5733 1027 4706 4509 1176 749 427 424 798 260 325
internal_count=6909 5733 1027 4706 4509 1176 749 427 424 798 260 325
is_linear=0
shrinkage=0.025


Tree=39
num_leaves=13
num_cat=0
split_feature=31 37 36 15 35 37 36 35 24 2 34 30
split_gain=17.7996 15.1686 26.7729 16.372 13.6715 4.51058 3.93952 6.80719 3.91781 3.72682 2.54239 2.05385
threshold=2.2144484519958501 0.022681221365928653 0.52559611201286327 0.87068966031074535 -0.0031172295566648241 0.019843685440719131 0.30809167027473455 0.43158096075057989 30.437268257141117 0.117525152862072 0.062296709045767791 0.004461107077077032
decision_type=2 2 2 2 2 2 2 2 2 2 2 2
left_child=1 3 9 4 -1 6 10 -8 -7 -3 -2 -4
right_child=5 2 11 -5 -6 8 7 -9 -10 -11 -12 -13
leaf_value=-0.0018291811249795287 -0.006101962120226772 0.0044823652170007458 -0.0015739529109323677 -0.0076031215061867141 0.00095542837611952845 -0.001939473069328769 -0.00077748910193639056 -0.0050490617378084841 0.0018205385697874943 0.0018197909217097215 -0.012565763615077448 -0.006473480636026159
leaf_weight=1113 120 670 124 209 3436 178 334 138 121 147 156 121
leaf_count=1113 120 670 124 209 3436 178 334 138 121 147 156 121
internal_value=1.54613e-05 0.000556867 0.00325094 -4.59269e-05 0.000270367 -0.00297647 -0.00400896 -0.00255503 -0.000349507 0.00542123 -0.00638345 -0.003925
internal_weight=6867 5820 1062 4758 4549 1047 748 472 299 817 276 245
internal_count=6867 5820 1062 4758 4549 1047 748 472 299 817 276 245
is_linear=0
shrinkage=0.025


Tree=40
num_leaves=14
num_cat=0
split_feature=31 38 34 46 3 29 31 17 48 31 10 38 34
split_gain=18.3065 15.4669 21.9075 13.5172 11.0061 10.2556 7.6393 6.89003 6.55961 6.32477 6.01597 4.92342 6.6804
threshold=1.0631034374237063 -0.11898744478821753 0.14378764480352405 0.14343360066413882 -0.096053019165992723 0.068689081817865386 0.72495380043983471 0.95684388279914867 0.14343360066413882 0.34778267145156866 0.0238260617479682 -0.19442691653966901 -0.041664892807602875
decision_type=2 2 2 2 2 2 2 2 2 2 2 2 2
left_child=3 11 5 8 10 -3 -6 -4 -1 -10 -5 -2 -13
right_child=1 2 7 4 6 -7 -8 -9 9 -11 -12 12 -14
leaf_value=0.0031584564649600692 0.0053616451372481434 -0.0048971560600575533 0.0019115514136044732 -0.003033602162073901 0.0032388783913756894 -0.0019984174000533491 0.0010146744612829135 -0.0022583876347583936 -0.0002698840908595346 -0.0040118396804725799 0.0018215017295413944 -0.0016729052003586779 0.0026570398509443375
leaf_weight=139 182 1152 691 295 1180 756 811 268 379 286 122 318 347
leaf_count=139 182 1152 691 295 1180 756 811 268 379 286 122 318 347
internal_value=9.28798e-05 -0.00110077 -0.00197815 0.00147459 0.00241142 -0.00352522 0.00318449 0.0010957 -0.00132108 -0.00236007 -0.00125889 0.00185593 0.000830224
internal_weight=6926 3714 2867 3212 2408 1908 1991 959 804 665 417 847 665
internal_count=6926 3714 2867 3212 2408 1908 1991 959 804 665 417 847 665
is_linear=0
shrinkage=0.025


Tree=41
num_leaves=13
num_cat=0
split_feature=37 37 40 15 16 38 38 31 41 5 6 19
split_gain=15.9344 22.241 15.4528 15.3289 11.829 8.17094 19.0382 6.24255 6.57602 5.54472 5.12013 2.36417
threshold=0.0093279546126723307 0.022140542045235637 0.80766865611076366 0.87068966031074535 0.02061730902642012 -0.10232434049248694 -0.090722668915987001 0.91461181640625011 0.52906998991966259 0.14203087240457538 0.037951000034809119 0.11782700940966608
decision_type=2 2 2 2 2 2 2 2 2 2 2 2
left_child=2 3 -1 4 -2 10 -7 9 -9 -4 -3 -5
right_child=1 5 7 11 -6 6 -8 8 -10 -11 -12 -13
leaf_value=-0.0021008569247620624 0.00059416662608844512 0.0053702731178715823 0.0015810950255224943 -0.010240099350963473 -0.0023035923191666642 -0.0067388835924709154 0.0021323014636491847 0.0055796360533409946 -0.0007699719841489012 0.0051357415681974761 0.0017619670823554147 -0.0040340579771883283
leaf_weight=233 1518 250 229 123 2572 190 354 181 207 338 489 152
leaf_count=233 1518 250 229 123 2572 190 354 181 207 338 489 152
internal_value=-9.41017e-05 -0.000648992 0.00253039 -0.00150029 -0.00110958 0.002237 -7.96903e-05 0.0039388 0.0014472 0.00560533 0.00393985 -0.00716518
internal_weight=6836 5648 1188 4365 4090 1283 544 955 388 567 739 275
internal_count=6836 5648 1188 4365 4090 1283 544 955 388 567 739 275
is_linear=0
shrinkage=0.025


Tree=42
num_leaves=11
num_cat=0
split_feature=31 40 40 41 46 38 34 46 11 40
split_gain=17.8489 14.2728 13.8229 13.4811 15.4863 9.97332 8.36012 7.64692 5.6458 4.95681
threshold=2.0451422929763798 0.54912337660789501 1.1547995209693911 0.35545957088470465 0.094827588647604003 -0.058364244177937501 0.14323943853378299 0.24834922701120379 0.022792002186179165 0.92192929983139049
decision_type=2 2 2 2 2 2 2 2 2 2
left_child=1 7 5 9 -5 8 -7 -1 -2 -3
right_child=2 3 -4 4 -6 6 -8 -9 -10 -11
leaf_value=-0.00015243781753619958 0.0013895654565556194 0.0046462365611484755 0.0027096050481371621 -0.0031340356233019884 0.00085615530213776494 -0.0087592180120226373 -0.0023360726934596289 -0.0079817191724355901 -0.0025994666768300229 0.0078642969079466499
leaf_weight=137 169 193 205 494 4510 432 287 139 199 133
leaf_count=137 169 193 205 494 4510 432 287 139 199 133
internal_value=6.33782e-06 0.000618205 -0.00263589 0.000907919 0.000582701 -0.0037603 -0.00546443 -0.004871 -0.000385389 0.00579683
internal_weight=6898 5606 1292 5330 5004 1087 719 276 368 326
internal_count=6898 5606 1292 5330 5004 1087 719 276 368 326
is_linear=0
shrinkage=0.025


Tree=43
num_leaves=15
num_cat=0
split_feature=30 37 38 16 40 36 36 36 40 36 24 36 45 10
split_gain=16.7915 20.0343 17.593 21.758 8.87188 6.03917 7.96757 7.71203 5.78986 4.40168 3.4247 3.32347 3.06808 3.01735
threshold=-0.31907296180725092 0.009019498713314535 -0.16921504586935041 0.027128291316330436 0.87212085723876964 0.23834132403135302 0.36653341352939611 0.030583206564188007 0.79638159275054943 0.17141342908144 25.943155288696293 0.52094960212707531 0.52457812428474437 0.021508205682039264
decision_type=2 2 2 2 2 2 2 2 2 2 2 2 2 2
left_child=5 4 13 -4 10 7 8 -1 -7 -6 -2 -8 -9 -3
right_child=1 2 3 -5 9 6 11 12 -10 -11 -12 -13 -14 -15
leaf_value=0.0046481357125267063 -0.0019810876000028398 0.0060556141141048583 -0.0030397690151925203 0.0013485120989748718 0.0038162544123590257 -1.8035563875279381e-05 0.0012078323560421656 -0.0045715874527855974 0.0050351775184806829 0.0010140106375460714 0.0016435304306085794 -0.0011110493056246515 0.00037184694815389221 0.0013715162056760378
leaf_weight=158 121 142 3090 1054 390 120 407 167 531 146 154 120 127 205
leaf_count=158 121 142 3090 1054 390 120 407 167 531 146 154 120 127 205
internal_value=-3.15338e-05 -0.000714858 -0.00136927 -0.00182423 0.00288756 0.00218272 0.00312236 -0.000259847 0.0049638 0.00474815 -0.000736607 0.00081062 -0.00265468 0.00399503
internal_weight=6932 5302 4491 4144 811 1630 1178 452 651 536 275 527 294 347
internal_count=6932 5302 4491 4144 811 1630 1178 452 651 536 275 527 294 347
is_linear=0
shrinkage=0.025


Tree=44
num_leaves=9
num_cat=0
split_feature=40 31 41 46 40 38 46 29
split_gain=15.8904 16.9337 13.6186 14.9883 9.99669 11.3868 6.90957 5.34811
threshold=0.54912337660789501 2.164859533309937 0.41678957641124731 0.094827588647604003 1.1547995209693911 -0.058364244177937501 0.24834922701120379 0.037955082952976234
decision_type=2 2 2 2 2 2 2 2
left_child=6 2 7 -4 5 -3 -1 -2
right_child=1 4 3 -5 -6 -7 -8 -9
leaf_value=-0.00032545992365497494 -7.6958628454053274e-05 0.00018268634439936316 -0.0032761889558307888 0.00064752028796194049 0.0030085608741859757 -0.0058752048498117437 -0.0064318753711479302 0.0052071701397521271
leaf_weight=130 138 291 480 4488 172 621 178 455
leaf_count=130 138 291 480 4488 172 621 178 455
internal_value=-6.5572e-05 0.000192669 0.000751213 0.000320481 -0.00265725 -0.00370093 -0.00557109 0.00431647
internal_weight=6953 6645 5561 4968 1084 912 308 593
internal_count=6953 6645 5561 4968 1084 912 308 593
is_linear=0
shrinkage=0.025


Tree=45
num_leaves=10
num_cat=0
split_feature=35 16 36 35 43 39 36 41 22
split_gain=18.1907 23.5742 27.4833 19.4393 6.78375 5.85975 5.6756 5.20287 0.583976
threshold=0.43668305873870855 0.027128291316330436 0.52559611201286327 0.23334448039531711 0.37532730400562292 0.82437142729759227 0.64468157291412365 0.52231800556182872 0.78622329235076915
decision_type=2 2 2 2 2 2 2 2 2
left_child=1 2 3 -1 7 -2 -4 -3 -7
right_child=5 4 6 -5 -6 8 -8 -9 -10
leaf_value=-0.0003910039037780755 -0.00070938889429418561 0.006051259378180001 -0.0070437646390931119 0.003442527615036277 -0.0016276202108372337 -0.0071822869120485751 -0.0014090952685457043 0.0018482612748877969 -0.0037723480300043593
leaf_weight=4289 121 344 365 642 122 160 155 639 132
leaf_count=4289 121 344 365 642 122 160 155 639 132
internal_value=-0.000101269 0.00022005 -0.000454775 0.000122822 0.00354167 -0.00515849 -0.00589286 0.00423203 -0.00704966
internal_weight=6969 6556 5451 4931 1105 413 520 983 292
internal_count=6969 6556 5451 4931 1105 413 520 983 292
is_linear=0
shrinkage=0.025


Tree=46
num_leaves=10
num_cat=0
split_feature=35 35 40 30 43 35 39 39 22
split_gain=16.5576 23.2068 14.9055 10.6719 9.60479 8.08484 7.8126 5.7535 0.709537
threshold=0.43668305873870855 0.23334448039531711 1.0615043640136721 -0.69778713583946217 0.44057187438011175 0.34624868631362921 1.2467480301856997 0.82437142729759227 0.81777623295784008
decision_type=2 2 2 2 2 2 2 2 2
left_child=1 2 3 -1 5 -3 -4 -2 -9
right_child=7 4 6 -5 -6 -7 -8 8 -10
leaf_value=0.0023874581785291006 -0.00071357349252230496 0.0037950668102244181 0.001912886783434506 -0.0018638707031281899 -0.0033484377746861582 0.00046598898155950644 -0.00086537973236389262 -0.0066975439192852679 -0.0035618672981565015
leaf_weight=304 124 1055 1043 3055 122 480 408 172 121
leaf_count=304 124 1055 1043 3055 122 480 408 172 121
internal_value=-0.000133365 0.000178654 -0.000699637 -0.00161452 0.00272638 0.00326705 0.00141226 -0.00493187 -0.00681628
internal_weight=6884 6467 4810 3359 1657 1535 1451 417 293
internal_count=6884 6467 4810 3359 1657 1535 1451 417 293
is_linear=0
shrinkage=0.025


Tree=47
num_leaves=13
num_cat=0
split_feature=31 38 34 38 35 46 40 40 45 35 36 10
split_gain=15.6765 18.1672 17.2529 18.793 16.6833 10.1997 16.7595 14.324 9.76862 8.83074 4.12209 4.05971
threshold=0.86677470803260814 -0.16698665916919705 0.14323943853378299 -0.050302457064390176 -0.019559375010430809 0.14343360066413882 0.78482320904731762 0.86954143643379223 0.54310345649719249 0.38782048225402838 0.38445837795734411 0.022055883891880516
decision_type=2 2 2 2 2 2 2 2 2 2 2 2
left_child=4 10 3 -3 8 7 -7 -6 11 -4 -2 -1
right_child=1 2 9 -5 5 6 -8 -9 -10 -11 -12 -13
leaf_value=-0.0044838046348975426 0.0064298355841204335 -0.00058366816091364457 0.0019398870649637329 -0.0058379102633483813 0.0029028769784791297 -0.0011806565748189836 0.0039590259482888343 -0.0034050909761873614 0.0027246983666332578 -0.0032137765935418756 0.00076193995813353963 -2.408820498603359e-05
leaf_weight=351 199 1674 873 1205 241 234 1152 353 145 235 121 122
leaf_count=351 199 1674 873 1205 241 234 1152 353 145 235 121 122
internal_value=-0.000160094 -0.00108563 -0.00154841 -0.00256805 0.00137101 0.00249055 0.00366193 -0.000239983 -0.00219703 0.00109501 0.00459615 -0.00393567
internal_weight=6905 4307 3987 2879 2598 1980 1386 594 618 1108 320 473
internal_count=6905 4307 3987 2879 2598 1980 1386 594 618 1108 320 473
is_linear=0
shrinkage=0.025


Tree=48
num_leaves=11
num_cat=0
split_feature=35 35 36 37 38 37 19 35 41 31
split_gain=16.722 20.0246 20.5284 15.0664 22.2406 8.67961 6.79182 4.84257 3.08073 1.08266
threshold=0.43668305873870855 0.23334448039531711 0.52094960212707531 0.0092025934718549269 -0.032423948869109147 0.016909477300941948 0.22066137194633487 -0.024723702110350129 0.53141102194786083 1.9545165896415713
decision_type=2 2 2 2 2 2 2 2 2 2
left_child=1 3 6 7 -5 -4 -3 -1 -2 -10
right_child=8 2 5 4 -6 -7 -8 -9 9 -11
leaf_value=-0.001009512198623297 -0.0022828198774248647 0.0044023118300712287 0.0015305266021578071 -0.00016267972136105313 -0.0073508115803752414 -0.002777333838445513 0.0012841326201381287 0.0020200557672018921 -0.0045914617857067061 -0.0050795603573950262
leaf_weight=135 146 791 304 2871 867 342 230 912 142 124
leaf_count=135 146 791 304 2871 867 342 230 912 142 124
internal_value=1.00087e-05 0.00032426 0.00268017 -0.000497129 -0.00124065 -0.000796851 0.00487939 0.00214472 -0.00484113 -0.0064345
internal_weight=6864 6452 1667 4785 3738 646 1021 1047 412 266
internal_count=6864 6452 1667 4785 3738 646 1021 1047 412 266
is_linear=0
shrinkage=0.025


Tree=49
num_leaves=12
num_cat=0
split_feature=37 36 37 36 16 36 35 16 9 2 3
split_gain=14.2541 25.0457 19.1802 20.3641 18.7209 16.2236 5.73964 5.03202 4.60495 4.76083 3.25229
threshold=0.022681221365928653 0.51894399523735057 0.0093279546126723307 0.21370340138673785 0.020778005942702297 0.16041830927133563 -0.025975119322538372 0.022363173775374893 0.039734430611133582 0.054959720000624664 -0.076089713722467409
decision_type=2 2 2 2 2 2 2 2 2 2 2
left_child=2 8 6 5 -5 -4 -1 -3 9 -2 -8
right_child=1 7 3 4 -6 -7 10 -9 -10 -11 -12
leaf_value=-0.0015397525207520497 0.0045937125838361901 -0.0059701977957039151 -0.0024224913939964151 0.0027803972783765857 -0.0014945143427233 -0.0093735936814590328 -0.00017738640640084513 -0.00061401947140331541 0.00045063544806662613 0.001888647036527605 0.0025278135016052806
leaf_weight=151 533 158 983 1022 2146 262 140 193 144 260 924
leaf_count=151 533 158 983 1022 2146 262 140 193 144 260 924
internal_value=-3.16067e-05 0.00233469 -0.000575848 -0.00134252 -0.000273795 -0.004045 0.00219775 -0.00331812 0.00446523 0.00520833 0.00284729
internal_weight=6916 1288 5628 4413 3168 1245 1215 351 937 793 1064
internal_count=6916 1288 5628 4413 3168 1245 1215 351 937 793 1064
is_linear=0
shrinkage=0.025


Tree=50
num_leaves=10
num_cat=0
split_feature=40 36 37 37 35 35 35 31 6
split_gain=15.6011 15.3812 19.7364 18.8297 14.7657 12.7419 8.59985 6.98544 0.884527
threshold=0.54912337660789501 0.46758414804935461 0.018858461640775207 0.0092025934718549269 0.15333307534456256 0.43158096075057989 0.10650793835520746 0.64780300855636608 0.041715787723660476
decision_type=2 2 2 2 2 2 2 2 2
left_child=7 2 3 -2 8 -6 -4 -1 -3
right_child=1 4 6 -5 5 -7 -8 -9 -10
leaf_value=-0.00030012445821554491 0.0020572334522168723 -0.0056170209182180401 0.0012890235738826168 -0.0011348756656514622 0.00062173677948110934 -0.0036621268932351663 0.0042287889320732379 -0.0065100283433532722 -0.0046825814235121029
leaf_weight=123 978 192 656 2781 898 312 689 180 121
leaf_count=123 978 192 656 2781 898 312 689 180 121
internal_value=-3.87527e-05 0.00021581 0.000874682 -5.47954e-05 -0.0019838 -0.000715021 0.00346759 -0.00553977 -0.00678066
internal_weight=6930 6627 5104 3759 1523 1210 1345 303 313
internal_count=6930 6627 5104 3759 1523 1210 1345 303 313
is_linear=0
shrinkage=0.025


Tree=51
num_leaves=11
num_cat=0
split_feature=31 40 38 36 40 38 11 31 35 43
split_gain=14.6753 13.6344 12.2105 14.9137 10.2432 8.5763 6.09748 5.82945 4.75384 3.29698
threshold=2.2144484519958501 0.54912337660789501 -0.16921504586935041 0.23273799568414691 1.1547995209693911 -0.048918185755610459 0.022379622794687751 0.64780300855636608 0.21031048148870471 0.0027691171271726493
decision_type=2 2 2 2 2 2 2 2 2 2
left_child=1 7 9 -4 5 6 -2 -1 -7 -3
right_child=4 2 3 -5 -6 8 -8 -9 -10 -11
leaf_value=-0.00029262134676015517 0.0021550364781847717 0.0017667420996490158 -0.0011339263614546472 0.0012389113467418445 0.0025242294433559216 -0.01271880705939607 -0.002584707928566285 -0.0062670040661901051 -0.0035565335592792624 0.0063666745154666235
leaf_weight=123 128 157 2052 3215 172 200 173 166 362 186
leaf_count=123 128 157 2052 3215 172 200 173 166 362 186
internal_value=-0.000103581 0.000377922 0.000653384 0.000352096 -0.00284255 -0.00395305 -0.000510621 -0.0048682 -0.00576499 0.00519037
internal_weight=6934 5899 5610 5267 1035 863 301 289 562 343
internal_count=6934 5899 5610 5267 1035 863 301 289 562 343
is_linear=0
shrinkage=0.025


Tree=52
num_leaves=13
num_cat=0
split_feature=34 36 34 36 37 35 16 37 11 29 45 31
split_gain=13.3145 18.7004 23.3146 26.3425 15.7315 15.5165 15.128 10.747 6.47273 4.4353 1.48052 0.523237
threshold=0.14156537503004077 0.4634817391633988 0.092777214944362654 0.23273799568414691 0.0093279546126723307 0.38782048225402838 0.022363173775374893 0.018684006296098236 0.012322259601205589 0.048962477594614036 0.5524578094482423 1.4694866538047793
decision_type=2 2 2 2 2 2 2 2 2 2 2 2
left_child=1 2 3 -1 -4 8 11 -8 -2 -10 -7 -3
right_child=5 6 4 -5 -6 10 7 -9 9 -11 -12 -13
leaf_value=-0.0011763911535428774 0.0049796586711647944 -0.0055622680396569665 0.0012759293810992889 0.002125624074820265 -0.010333428976452005 -0.0042159021809751512 -0.0045692323605261657 0.00059309883650781334 -0.000700275359867493 0.001988108124576532 -0.0019660720526059636 -0.0082506439435261897
leaf_weight=1819 225 200 124 1988 396 129 205 418 232 887 121 124
leaf_count=1819 225 200 124 1988 396 129 205 418 232 887 121 124
internal_value=-0.00014095 -0.000747064 -4.76108e-05 0.00063123 -0.0049881 0.00185663 -0.00391938 -0.00160231 0.00292346 0.00211855 -0.00379902 -0.00826368
internal_weight=6868 5274 4327 3807 520 1594 947 623 1344 1119 250 324
internal_count=6868 5274 4327 3807 520 1594 947 623 1344 1119 250 324
is_linear=0
shrinkage=0.025


Tree=53
num_leaves=11
num_cat=0
split_feature=40 31 35 38 37 31 40 40 12 43
split_gain=12.8017 13.1707 10.6602 13.3791 9.51293 8.04593 10.8115 9.50229 9.24915 6.91569
threshold=1.0473650693893435 3.5374350547790532 0.22626094520092013 -0.079947911202907548 0.009019498713314535 0.7915329933166505 1.1800896525382998 1.2611845731735232 -0.162810243666172 -0.013036466669291256
decision_type=2 2 2 2 2 2 2 2 2 2
left_child=1 2 4 -4 -1 6 8 9 -2 -7
right_child=5 -3 3 -5 -6 7 -8 -9 -10 -11
leaf_value=0.00082429387007325891 0.00080181981477735762 -0.0078805439859678805 0.0056142948048804216 0.00029969466228108797 -0.0019771586949156651 -0.0019169202512908129 -0.00031055897252950382 0.0056930645492330378 0.0065597185700843556 0.0010096386265955077
leaf_weight=567 121 199 214 1018 2535 639 219 216 289 849
leaf_count=567 121 199 214 1018 2535 639 219 216 289 849
internal_value=-0.000151907 -0.000926895 -0.000632346 0.00132882 -0.00141415 0.00134998 0.00375591 0.000449824 0.00612952 -0.000263731
internal_weight=6866 4533 4334 1232 3102 2333 629 1704 410 1488
internal_count=6866 4533 4334 1232 3102 2333 629 1704 410 1488
is_linear=0
shrinkage=0.025


Tree=54
num_leaves=8
num_cat=0
split_feature=40 31 34 34 35 46 45
split_gain=13.5391 14.1416 12.9331 16.4099 9.60144 6.95078 4.10805
threshold=0.54912337660789501 3.145476341247559 0.14378764480352405 0.0094994073733687418 0.38782048225402838 0.24834922701120379 0.95286133885383617
decision_type=2 2 2 2 2 2 2
left_child=5 2 3 -2 -4 -1 -3
right_child=1 6 4 -5 -6 -7 -8
leaf_value=-0.00048490126250519823 0.0010213174886330391 -0.0019219952893643568 0.0026398703814688035 -0.0014574378084423363 -0.0027577608060078448 -0.0062451007149814924 -0.010685005319675282
leaf_weight=128 2480 208 1123 2450 207 172 132
leaf_count=128 2480 208 1123 2450 207 172 132
internal_value=-7.51267e-05 0.000161809 0.000433958 -0.000155775 0.00261704 -0.00522541 -0.00476449
internal_weight=6900 6600 6260 4930 1330 300 340
internal_count=6900 6600 6260 4930 1330 300 340
is_linear=0
shrinkage=0.025


Tree=55
num_leaves=12
num_cat=0
split_feature=31 34 36 37 40 11 37 16 5 46 39
split_gain=14.614 10.509 13.8281 21.7476 9.69419 7.48971 6.84212 5.31804 5.25273 4.93182 4.52206
threshold=2.1125370264053349 0.14378764480352405 0.52559611201286327 0.022681221365928653 1.1547995209693911 0.012384406290948393 0.020077303051948551 0.022363173775374893 1.5521551966667178 0.22909024357795718 0.91314363479614269
decision_type=2 2 2 2 2 2 2 2 2 2 2
left_child=1 2 3 -1 6 -3 8 -4 -2 -7 -8
right_child=4 5 7 -5 -6 9 10 -9 -10 -11 -12
leaf_value=-0.00040277136294488428 -0.0036106912342453602 0.0047524871268231211 -0.0059188626632888973 0.0034991397537596476 0.0024425750941145631 -0.00093230500106707419 0.0022236960300828419 -0.0016862233205220652 -0.012060453952512484 0.0018336550433420723 -0.0016360729942991141
leaf_weight=3439 611 217 221 695 193 265 126 239 134 647 142
leaf_count=3439 611 217 221 695 193 265 126 239 134 647 142
internal_value=-0.000141513 0.000385169 -0.000145412 0.000312576 -0.00263728 0.00254078 -0.00361616 -0.00423387 -0.00484167 0.0015199 -0.000160256
internal_weight=6929 5723 4594 4134 1206 1129 1013 460 745 912 268
internal_count=6929 5723 4594 4134 1206 1129 1013 460 745 912 268
is_linear=0
shrinkage=0.025


Tree=56
num_leaves=11
num_cat=0
split_feature=31 37 36 35 35 15 40 38 35 48
split_gain=13.5915 11.2248 19.9566 14.0472 16.7294 13.4669 7.54408 6.11718 4.57822 3.6921
threshold=2.2347247600555424 0.022681221365928653 0.52941888570785534 1.0000000180025095e-35 0.13060495257377627 0.68103447556495678 1.1995881199836733 -0.1211651638150215 0.21031048148870471 0.86720469594001781
decision_type=2 2 2 2 2 2 2 2 2 2
left_child=1 3 9 5 -5 -1 7 -2 -9 -3
right_child=6 2 -4 4 -6 -7 -8 8 -10 -11
leaf_value=-0.0010214202961665517 0.00036756737650444352 0.0037558250721878143 -0.0040769244258483574 0.0027280966289271514 -0.00035776530587090517 -0.0063459034746211401 0.0042102313199684259 -0.0088168654623171968 -0.0023263591765784672 0.00067341730749593826
leaf_weight=1024 169 722 234 1068 2518 189 128 268 441 122
leaf_count=1024 169 722 234 1068 2518 189 128 268 441 122
internal_value=-0.000109792 0.000349583 0.00264889 -0.000167829 0.000617864 -0.00248871 -0.00278808 -0.00361693 -0.0046306 0.00443905
internal_weight=6883 5877 1078 4799 3586 1213 1006 878 709 844
internal_count=6883 5877 1078 4799 3586 1213 1006 878 709 844
is_linear=0
shrinkage=0.025


Tree=57
num_leaves=13
num_cat=0
split_feature=37 36 37 36 15 16 40 16 24 11 11 36
split_gain=15.5599 18.8141 18.6474 16.0768 24.0302 22.6438 9.50802 4.73495 4.55594 4.37898 4.17194 2.99344
threshold=0.022681221365928653 0.49797788262367254 0.0096004037186503428 0.23273799568414691 0.24999999254941943 0.020778005942702297 0.81025385856628429 0.022363173775374893 28.220146179199222 0.019819193519651893 0.01218590931966901 0.35923103988170629
decision_type=2 2 2 2 2 2 2 2 2 2 2 2
left_child=2 9 6 4 -4 -5 8 -3 -1 -2 -8 -11
right_child=1 7 3 5 -6 -7 10 -9 -10 11 -12 -13
leaf_value=-0.002903526568808646 0.0043697174987390583 -0.0050851001238978516 0.0044038163784160924 0.0027772425750321908 -0.0048411868831824776 -0.0015687534627621153 0.0030183809203163216 0.00010701267892362991 0.00095431931946631248 0.0037558551312049829 0.00167011805381128 0.00089824294361366826
leaf_weight=136 236 158 220 961 1185 1963 389 202 127 438 674 248
leaf_count=136 236 158 220 961 1185 1963 389 202 127 438 674 248
internal_value=1.89067e-05 0.00250097 -0.00054439 -0.0013397 -0.0035328 -0.000279532 0.00204264 -0.00231164 -0.00216884 0.00438916 0.00309574 0.00331946
internal_weight=6937 1282 5655 4329 1405 2924 1326 360 263 922 1063 686
internal_count=6937 1282 5655 4329 1405 2924 1326 360 263 922 1063 686
is_linear=0
shrinkage=0.025


Tree=58
num_leaves=10
num_cat=0
split_feature=40 38 34 36 36 3 34 46 37
split_gain=13.3172 12.2541 27.3378 19.3604 14.4298 11.6315 9.14284 8.76284 8.7471
threshold=0.61608606576919567 -0.048918185755610459 0.14378764480352405 0.28937476873397833 0.4634817391633988 -0.086054500192403779 0.025683457963168625 0.24834922701120379 0.012626518029719593
decision_type=2 2 2 2 2 2 2 2 2
left_child=7 4 3 -3 5 -2 -6 -1 -4
right_child=1 2 8 -5 6 -7 -8 -9 -10
leaf_value=0.00042556815604857389 -0.00040578740311724429 -0.0084690856402769108 0.0026813822445720934 -0.00040321532364879581 -0.0041802991669713701 0.0021974659187428305 0.004161634902509365 -0.0056020825702946253 -0.00031396039462356783
leaf_weight=148 803 732 702 850 416 2280 123 238 614
leaf_count=148 803 732 702 850 416 2280 123 238 614
internal_value=2.08002e-05 0.00029023 -0.000919308 -0.00313091 0.00125965 0.00192074 -0.00249311 -0.00445972 0.00173637
internal_weight=6906 6520 2898 1582 3622 3083 539 386 1316
internal_count=6906 6520 2898 1582 3622 3083 539 386 1316
is_linear=0
shrinkage=0.025


Tree=59
num_leaves=15
num_cat=0
split_feature=34 38 36 36 36 36 16 38 37 17 17 16 15 9
split_gain=11.3835 32.0249 17.4551 15.7039 13.5782 20.8435 18.5385 10.6992 6.76437 7.29221 6.74121 5.79142 3.1606 1.87557
threshold=0.14378764480352405 -0.048918185755610459 0.29537120461463934 0.49266257882118231 0.36473333835601812 0.23834132403135302 0.022594364359974865 -0.032423948869109147 0.012663553003221752 0.51468792557716381 0.94589209556579601 0.025756091810762886 0.49137930572032934 0.024351704865694049
decision_type=2 2 2 2 2 2 2 2 2 2 2 2 2 2
left_child=1 4 7 -4 5 -1 -6 -3 11 -10 -11 12 -2 -13
right_child=8 2 3 -5 6 -7 -8 -9 9 10 -12 13 -14 -15
leaf_value=6.3803600301182148e-05 0.0029314384873831952 -0.0013900320469763293 0.0014902730435928241 -0.0042743361528936163 -0.0037612165885221819 0.0038813451631161695 0.0016414107571367826 -0.010320070046313764 -0.0030971496966582662 0.002580312882664984 -0.0014404374502266226 0.0066581563522401799 -0.00012840103612951626 0.00311758838320224
leaf_weight=1649 131 198 561 300 616 1006 473 608 175 380 193 173 265 188
leaf_count=1649 131 198 561 300 616 1006 473 608 175 380 193 173 265 188
internal_value=0.000103851 -0.000430438 -0.00330816 -0.000815531 0.000851894 0.00181626 -0.00149109 -0.00594174 0.00202401 0.000323705 0.00169766 0.00368274 0.00154302 0.0059597
internal_weight=6916 5411 1667 861 3744 2655 1089 806 1505 748 573 757 396 361
internal_count=6916 5411 1667 861 3744 2655 1089 806 1505 748 573 757 396 361
is_linear=0
shrinkage=0.025


Tree=60
num_leaves=10
num_cat=0
split_feature=40 16 36 36 40 41 40 31 17
split_gain=12.9155 10.5744 19.3515 11.9484 5.58018 5.51549 5.60928 5.23785 4.71658
threshold=0.61608606576919567 0.027128291316330436 0.49628871679306036 0.23273799568414691 0.83614233136177074 0.51324439048767101 1.1595680713653567 1.1867786645889284 0.99347180128097545
decision_type=2 2 2 2 2 2 2 2 2
left_child=7 2 3 -2 -4 8 -7 -1 -3
right_child=1 5 4 -5 -6 6 -8 -9 -10
leaf_value=-0.0010362263916693342 -0.00081272150025748786 0.0068674265611547852 0.00018813868306993278 0.0013015612736902689 -0.003867897744885454 -0.00016288417448106774 0.0023861532954117873 -0.0060918655782643332 0.00072888427689055688
leaf_weight=233 2155 308 138 2427 550 612 226 147 122
leaf_count=233 2155 308 138 2427 550 612 226 147 122
internal_value=-1.35418e-05 0.000247402 -0.000245261 0.000341999 -0.00413961 0.00229281 0.00108986 -0.00446429 0.00458333
internal_weight=6918 6538 5270 4582 688 1268 838 380 430
internal_count=6918 6538 5270 4582 688 1268 838 380 430
is_linear=0
shrinkage=0.025


Tree=61
num_leaves=13
num_cat=0
split_feature=31 35 35 31 44 46 38 29 45 43 27 30
split_gain=12.9623 9.62631 13.6536 9.08208 8.09743 7.59 6.32796 5.01435 7.16754 5.80432 3.60479 2.16464
threshold=2.1125370264053349 0.23334448039531711 0.4131967574357987 1.5922315716743471 0.034036545082926757 0.077035948634147658 -0.080295715481042848 0.068689081817865386 0.95286133885383617 0.23213610053062442 0.0034335389500483875 0.26476280391216284
decision_type=2 2 2 2 2 2 2 2 2 2 2 2
left_child=1 4 6 -4 5 -1 -3 10 9 -9 11 -2
right_child=7 2 3 -5 -6 -7 -8 8 -10 -11 -12 -13
leaf_value=-0.0034546360748845041 -0.0058856967771857621 0.0047554892792713689 -0.0050696730819355731 0.0014304842612715863 -0.0064715335664537873 0.000328773764252642 0.0016169585796304037 -0.001298274838181933 -0.0077327218616202904 0.0024409776312192461 -0.0013951041371951635 -0.0033215226551189928
leaf_weight=305 194 317 139 121 128 3808 910 284 155 223 201 120
leaf_count=305 194 317 139 121 128 3808 910 284 155 223 201 120
internal_value=2.9848e-05 0.000522196 0.0022495 -0.00290094 -8.39025e-05 0.000110794 0.00335329 -0.002353 -0.00089018 0.000549316 -0.00419471 -0.00585815
internal_weight=6905 5728 1487 260 4241 4113 1227 1177 662 507 515 314
internal_count=6905 5728 1487 260 4241 4113 1227 1177 662 507 515 314
is_linear=0
shrinkage=0.025


Tree=62
num_leaves=11
num_cat=0
split_feature=35 35 36 44 16 37 39 40 37 36
split_gain=11.8248 17.6987 15.1631 13.7959 12.5786 11.2807 5.09362 4.75433 3.02528 1.07654
threshold=0.43668305873870855 0.23334448039531711 0.52559611201286327 0.031142001971602443 0.026381140574812893 0.0092025934718549269 0.82437142729759227 0.79638159275054943 0.014923588838428261 0.49956348538398748
decision_type=2 2 2 2 2 2 2 2 2 2
left_child=1 3 7 5 -4 -1 -2 -3 -5 -8
right_child=6 2 4 8 -6 -7 9 -9 -10 -11
leaf_value=0.0013506884299095941 0.00013904019152280594 0.00044165694865367923 -0.0035111158875957213 -0.0095308508364578635 0.001764404433793522 -0.00075802860897696694 -0.0049780056462175402 0.0042253390811612113 -0.0055634176150385689 -0.0036640733028648984
leaf_weight=1015 120 208 274 140 366 3428 163 823 217 120
leaf_count=1015 120 208 274 140 366 3428 163 823 217 120
internal_value=6.35994e-06 0.000267333 0.00247986 -0.000503382 -0.000532946 -0.000119436 -0.00412071 0.00434966 -0.00519682 -0.00592448
internal_weight=6874 6471 1671 4800 640 4443 403 1031 357 283
internal_count=6874 6471 1671 4800 640 4443 403 1031 357 283
is_linear=0
shrinkage=0.025


Tree=63
num_leaves=11
num_cat=0
split_feature=35 35 35 36 36 36 37 23 43 40
split_gain=12.0806 16.9789 15.1285 24.1992 19.1005 13.9029 8.05684 4.39812 4.32684 1.4878
threshold=0.43668305873870855 0.22626094520092013 0.12650819867849353 0.21370340138673785 0.4634817391633988 0.52094960212707531 0.012626518029719593 0.39775130152702337 0.16121581196784976 1.0292166471481325
decision_type=2 2 2 2 2 2 2 2 2 2
left_child=1 2 4 -4 -1 7 -7 -3 9 -2
right_child=8 5 3 -5 -6 6 -8 -9 -10 -11
leaf_value=0.0010846257427777257 -0.0041219800149251322 0.0035850261434826336 -0.007237393944788036 -0.00018094366089067699 -0.0048308114494928032 0.0031697009086136679 -0.00156124444583194 -0.00010423475063676968 -0.00078922036339246638 -0.0027598434208493134
leaf_weight=2821 141 932 590 1080 275 121 517 131 125 130
leaf_count=2821 141 932 590 1080 275 121 517 131 125 130
internal_value=4.82309e-05 0.000309989 -0.000454569 -0.0023694 0.000578442 0.00245091 -0.000456843 0.00419593 -0.00416147 -0.00591033
internal_weight=6863 6467 4766 1670 3096 1701 638 1063 396 271
internal_count=6863 6467 4766 1670 3096 1701 638 1063 396 271
is_linear=0
shrinkage=0.025


Tree=64
num_leaves=13
num_cat=0
split_feature=16 36 37 35 16 11 11 37 32 24 4 37
split_gain=10.7686 18.3725 21.4715 17.612 13.379 7.34064 4.14954 4.12915 3.99544 3.22787 2.92809 2.16127
threshold=0.027128291316330436 0.49628871679306036 0.022681221365928653 0.38782048225402838 0.02061730902642012 0.016301215626299385 0.019819193519651893 0.029126246459782127 1.2574526071548464 37.095680236816413 0.60662138462066661 0.016833611764013771
decision_type=2 2 2 2 2 2 2 2 2 2 2 2
left_child=1 2 4 5 -1 11 -4 9 -7 -3 -5 -2
right_child=3 7 6 10 -6 8 -8 -9 -10 -11 -12 -13
leaf_value=0.00038892368590550953 0.0054104136561314298 -0.0052507409401984732 0.0056715631211750554 -0.0036371310103197694 -0.0025470590823828292 0.0004434527077532752 0.0025625935485467186 -0.00055401338745037637 0.003203376567960678 -0.0014576983738342842 -0.00074637408930163104 0.00401622306571979
leaf_weight=2461 294 415 153 148 1690 516 548 131 121 168 129 146
leaf_count=2461 294 415 153 148 1690 516 548 131 121 168 129 146
internal_value=-8.57401e-05 -0.000573281 -1.9302e-05 0.00190857 -0.000705306 0.00335605 0.00401027 -0.00430285 0.00160631 -0.0051977 -0.00365691 0.00582865
internal_weight=6920 5566 4852 1354 4151 1077 701 714 637 583 277 440
internal_count=6920 5566 4852 1354 4151 1077 701 714 637 583 277 440
is_linear=0
shrinkage=0.025


Tree=65
num_leaves=10
num_cat=0
split_feature=40 17 41 46 38 40 19 46 11
split_gain=12.9781 9.53724 12.7892 11.9899 10.1382 12.7943 7.19401 5.27551 4.22329
threshold=0.54912337660789501 0.96681624650955211 0.44850163161754614 0.094827588647604003 -0.048918185755610459 1.1119956374168398 0.016184289008378986 0.24834922701120379 0.019412578083574775
decision_type=2 2 2 2 2 2 2 2 2
left_child=7 2 6 -4 8 -6 -2 -1 -3
right_child=1 4 3 -5 5 -7 -8 -9 -10
leaf_value=-0.00058818804015773338 -0.00055067040203110877 0.0036448628162858254 -0.0028975045948047454 0.00041350665097815296 -0.0052901627702935375 0.0023562956063242105 0.0048815623619855864 -0.0055535575628142255 -0.00024733284836570278
leaf_weight=133 173 150 458 4140 535 129 602 179 411
leaf_count=133 173 150 458 4140 535 129 602 179 411
internal_value=-8.58641e-05 0.0001505 0.000605476 0.000101836 -0.00183435 -0.00391442 0.00356571 -0.0050276 0.000629417
internal_weight=6910 6598 5373 4598 1225 664 775 312 561
internal_count=6910 6598 5373 4598 1225 664 775 312 561
is_linear=0
shrinkage=0.025


Tree=66
num_leaves=9
num_cat=0
split_feature=31 16 37 38 34 38 11 24
split_gain=10.0151 9.33479 12.9115 11.6594 12.0367 8.81001 3.42741 1.084
threshold=3.5374350547790532 0.027128291316330436 0.012453363277018072 -0.16921504586935041 -0.041664892807602875 -0.044087482616305344 0.025105861015617851 37.095680236816413
decision_type=2 2 2 2 2 2 2 2
left_child=1 3 7 6 -5 -4 -1 -3
right_child=-2 2 5 4 -6 -7 -8 -9
leaf_value=0.0055557404424861822 -0.0057798749308149797 0.0026437363389444054 0.0030164428042688401 -0.0039514265804007631 -0.00011235655197040229 -0.0010660280713996662 0.00106188211033727 0.0058816579299669118
leaf_weight=234 234 120 419 544 4493 541 135 132
leaf_count=234 234 120 419 544 4493 541 135 132
internal_value=3.19017e-05 0.000214216 0.00219289 -0.000229856 -0.000546658 0.000848446 0.00402741 0.00717412
internal_weight=6852 6618 1212 5406 5037 960 369 252
internal_count=6852 6618 1212 5406 5037 960 369 252
is_linear=0
shrinkage=0.025


Tree=67
num_leaves=10
num_cat=0
split_feature=40 38 34 36 36 35 16 47 35
split_gain=13.8269 10.854 25.4783 19.7542 11.7864 14.4078 14.3832 8.46883 7.56045
threshold=0.61608606576919567 -0.048918185755610459 0.14378764480352405 0.28937476873397833 0.46082870662212377 0.012717568781226875 0.026381140574812893 0.80080705881118786 0.38782048225402838
decision_type=2 2 2 2 2 2 2 2 2
left_child=7 4 3 -3 5 -2 -6 -1 -4
right_child=1 2 8 -5 6 -7 -8 -9 -10
leaf_value=-0.00089478024360695749 0.00026795547303765376 -0.0085715216171216007 0.0019680966681845965 -0.00031309159802950237 -0.0045731736673479051 0.0028206762640587027 0.0030920411033687465 -0.0060116612723692953 -0.002345839587765955
leaf_weight=221 1716 749 1050 861 351 1368 190 175 231
leaf_count=221 1716 749 1050 861 351 1368 190 175 231
internal_value=3.1625e-05 0.000309577 -0.000830887 -0.00292183 0.00122073 0.00181895 -0.00216346 -0.00447319 0.00179335
internal_weight=6912 6516 2891 1610 3625 3084 541 396 1281
internal_count=6912 6516 2891 1610 3625 3084 541 396 1281
is_linear=0
shrinkage=0.025


Tree=68
num_leaves=13
num_cat=0
split_feature=34 38 16 38 31 40 16 11 38 34 6 30
split_gain=10.7999 25.5657 10.3094 10.3659 9.76586 13.9456 7.05684 7.03639 6.81029 4.38163 4.36329 2.46081
threshold=0.14156537503004077 -0.050302457064390176 0.028496605344116691 -0.17037347704172132 0.80850815773010265 1.1520594358444216 0.022864191792905334 0.011701412964612247 -0.012229773681610821 0.16854698956012729 0.044685421511530883 0.046234766021370895
decision_type=2 2 2 2 2 2 2 2 2 2 2 2
left_child=1 2 3 -1 6 -6 -3 -2 11 -10 -4 -9
right_child=7 4 10 -5 5 -7 -8 8 9 -11 -12 -13
leaf_value=0.0036167828859945878 0.0039699199789634291 0.0022366560016366861 0.0060992964068405349 -0.00030149033104883983 -0.0060227440264416683 0.0017365970206598359 -0.0032186705574311068 0.0046264790342612312 -0.0020547928912264704 0.0007462354684107165 0.0011246460954175198 0.0010146364062269097
leaf_weight=367 203 252 189 2950 1001 201 158 150 370 727 175 177
leaf_count=367 203 252 189 2950 1001 201 158 150 370 727 175 177
internal_value=-4.24188e-05 -0.000591025 0.000557854 0.000114765 -0.00321197 -0.00434445 0.000105422 0.00173483 0.0010978 0.000141788 0.00452236 0.00423569
internal_weight=6920 5293 3681 3317 1612 1202 410 1627 1424 1097 364 327
internal_count=6920 5293 3681 3317 1612 1202 410 1627 1424 1097 364 327
is_linear=0
shrinkage=0.025


Tree=69
num_leaves=13
num_cat=0
split_feature=34 34 34 37 35 35 35 37 11 29 34 44
split_gain=10.8301 12.3318 12.1731 11.8118 19.6482 9.32574 7.64044 5.83345 4.92731 3.78992 3.29291 0.897808
threshold=0.14378764480352405 0.0094994073733687418 -0.039543502032756798 0.0081179384142160433 0.19217287003993991 0.38782048225402838 -0.019559375010430809 0.022681221365928653 0.012322259601205589 0.048253281041979797 0.062296709045767791 0.024854820221662525
decision_type=2 2 2 2 2 2 2 2 2 2 2 2
left_child=1 2 7 10 -5 8 -4 -1 -2 -10 -3 -7
right_child=5 3 6 4 -6 11 -8 -9 9 -11 -12 -13
leaf_value=-0.0027774501608323248 0.0041493030082348616 0.00013731562642387287 -0.00041323882994526997 -0.0044850337448038491 -2.5990870251574318e-05 -0.0034583866114828027 0.0025484340767349765 0.00039806491939574362 -0.00070169694880365958 0.0018496042129668795 0.0042318049524928559 -0.0010247240768039513
leaf_weight=605 201 158 436 1256 1167 125 1046 591 210 836 156 120
leaf_count=605 201 158 436 1256 1167 125 1046 591 210 836 156 120
internal_value=-9.85605e-05 -0.000619234 0.0005847 -0.00179841 -0.00239137 0.00178273 0.00209734 -0.00128539 0.00266074 0.00194458 0.00272335 -0.002625
internal_weight=6907 5415 2678 2737 2423 1492 1482 1196 1247 1046 314 245
internal_count=6907 5415 2678 2737 2423 1492 1482 1196 1247 1046 314 245
is_linear=0
shrinkage=0.025


Tree=70
num_leaves=14
num_cat=0
split_feature=34 38 36 36 16 37 36 36 38 37 32 30 41
split_gain=10.3537 24.3826 25.7868 16.4614 15.2364 14.1947 11.7521 10.1306 5.62183 7.067 5.26329 4.8953 3.44926
threshold=0.14323943853378299 -0.032423948869109147 0.28937476873397833 0.46082870662212377 0.022363173775374893 0.0093279546126723307 0.23273799568414691 0.48688882589340216 -0.015205697622150181 0.01328959269449115 0.90129515528678905 0.042250521481037147 0.6951282024383546
decision_type=2 2 2 2 2 2 2 2 2 2 2 2 2
left_child=1 3 5 6 -5 -3 -1 -4 12 10 -10 -11 -2
right_child=8 2 7 4 -6 -7 -8 -9 9 11 -12 -13 -14
leaf_value=-0.00029285243999429693 0.0054572654539337545 8.7977337832466362e-05 0.002049696357327449 -0.005642146978645339 0.00043495903196125732 -0.011956137095336461 0.0020956542162526809 -0.0028444959291306759 0.00020606713615018704 0.00065965292255860822 0.0026190653884573204 -0.0026885073782379632 0.00061818141587767635
leaf_weight=1672 175 122 382 314 381 458 1796 216 371 172 422 270 130
leaf_count=1672 175 122 382 314 381 458 1796 216 371 172 422 270 130
internal_value=3.72132e-05 -0.000482838 -0.00365068 0.000415367 -0.00308036 -0.00738248 0.00112115 0 0.00184061 0.00107359 0.00248277 -0.00144016 0.00485887
internal_weight=6881 5341 1178 4163 695 580 3468 598 1540 1235 793 442 305
internal_count=6881 5341 1178 4163 695 580 3468 598 1540 1235 793 442 305
is_linear=0
shrinkage=0.025


Tree=71
num_leaves=11
num_cat=0
split_feature=40 31 40 40 17 35 35 38 46 46
split_gain=15.6529 11.2787 12.8401 11.3692 10.3829 10.3386 12.2292 11.0892 8.23885 7.6697
threshold=1.0317883491516116 0.77605789899826061 1.2611845731735232 1.1737266778945925 1.376909136772156 0.18319752812385562 0.12795559316873553 -0.080295715481042848 0.19057226926088336 0.48606015741825109
decision_type=2 2 2 2 2 2 2 2 2 2
left_child=4 3 9 8 5 6 -1 -7 -2 -3
right_child=1 2 -4 -5 -6 7 -8 -9 -10 -11
leaf_value=-0.00040372576402151751 0.0013546414739206343 -0.0034819087465969289 0.0054845894563613166 -0.00038740561694374236 -0.0063630922218200353 0.0040746517522267534 -0.0053585664413691655 4.6810194681207869e-05 0.0057741572273626342 0.00054441377953105418
leaf_weight=1951 135 497 227 223 199 250 658 1300 338 1166
leaf_count=1951 135 497 227 223 199 250 658 1300 338 1166
internal_value=2.06864e-05 0.00156069 0.000550792 0.00427068 -0.000892448 -0.000619897 -0.00158043 0.000992765 0.00644613 -0.000213579
internal_weight=6944 2586 1890 696 4358 4159 2609 1550 473 1663
internal_count=6944 2586 1890 696 4358 4159 2609 1550 473 1663
is_linear=0
shrinkage=0.025


Tree=72
num_leaves=9
num_cat=0
split_feature=40 46 40 17 26 45 37 46
split_gain=11.1182 8.84219 13.7153 11.2865 13.4774 8.33249 6.46632 4.78331
threshold=0.54912337660789501 0.094827588647604003 0.87212085723876964 0.43019182980060583 0.021960923448204998 0.45689655840396887 0.014248490333557131 0.24834922701120379
decision_type=2 2 2 2 2 2 2 2
left_child=7 2 -2 5 -5 -3 -4 -1
right_child=1 3 6 4 -6 -7 -8 -9
leaf_value=-0.00064607967063757827 0.0030696271182040396 0.00054555631233476341 -0.0017154566972169577 -0.0016301472035481213 0.00058804137392362359 0.0028767240219798209 -0.0055090128446334445 -0.0047180610319958556
leaf_weight=137 168 1125 151 1057 3084 813 236 174
leaf_count=137 168 1125 151 1057 3084 813 236 174
internal_value=5.1259e-05 0.000270184 -0.00273438 0.000547543 -0.000188435 0.00211979 -0.00530931 -0.00452927
internal_weight=6945 6634 555 6079 4141 1938 387 311
internal_count=6945 6634 555 6079 4141 1938 387 311
is_linear=0
shrinkage=0.025


Tree=73
num_leaves=9
num_cat=0
split_feature=40 31 29 37 20 47 26 40
split_gain=13.541 10.6811 8.74094 9.71122 7.80967 5.85995 5.08164 4.11794
threshold=0.61608606576919567 2.6356574296951298 0.075682468712329878 0.009019498713314535 0.040886554867029197 0.80080705881118786 0.029423604719340805 0.81820997595787059
decision_type=2 2 2 2 2 2 2 2
left_child=5 2 3 -2 -4 -1 -3 -8
right_child=1 6 4 -5 -6 -7 7 -9
leaf_value=-0.0010475506230853916 0.0016986966561475512 0.00046906318794822104 -0.0022351664240020555 -0.0004524893908396305 0.0020066053628816222 -0.0054202252175633622 -0.00034711104307146305 -0.0045535595309933175
leaf_weight=218 822 213 155 3691 1269 168 120 271
leaf_count=218 822 213 155 3691 1269 168 120 271
internal_value=5.8605e-05 0.0003294 0.000653189 0.000112052 0.00235742 -0.00445972 -0.00282225 -0.00449811
internal_weight=6927 6541 5937 4513 1424 386 604 391
internal_count=6927 6541 5937 4513 1424 386 604 391
is_linear=0
shrinkage=0.025


Tree=74
num_leaves=14
num_cat=0
split_feature=40 31 40 34 36 37 38 40 17 17 45 45 30
split_gain=12.1035 15.0734 12.9192 9.58075 11.1341 16.5749 13.9791 9.33721 7.71022 5.69331 5.52785 4.15722 3.36965
threshold=1.0165113210678103 0.81762373447418224 1.1800896525382998 0.14378764480352405 0.23273799568414691 0.012494724709540607 -0.19442691653966901 1.2611845731735232 0.95684388279914867 0.50421243906021129 0.3706896454095841 0.19057226926088336 -0.22418116033077237
decision_type=2 2 2 2 2 2 2 2 2 2 2 2 2
left_child=3 2 11 4 6 -6 -1 10 9 -5 -3 -2 -4
right_child=1 7 12 8 5 -7 -8 -9 -10 -11 -12 -13 -14
leaf_value=0.003887154182434527 0.0016980150668021374 -0.0031265401099053848 -0.0025657596413435472 0.0002576949958616265 -0.012038956773662679 0.00036563678088963742 -0.003047657802307588 0.0052246498278761266 -0.0024870649793367408 0.0037983151522579112 9.7337469519520614e-05 0.0051995746274208724 0.00060756759565687435
leaf_weight=129 172 400 120 389 161 1786 1145 212 183 322 1314 437 121
leaf_count=129 172 400 120 389 161 1786 1145 212 183 322 1314 437 121
internal_value=-8.1569e-06 0.00126528 0.00402778 -0.000869235 -0.00150535 -0.000310579 -0.00331802 3.56033e-05 0.00141129 0.00259253 -0.000578098 0.0059548 -0.000838415
internal_weight=6891 2776 850 4115 3221 1947 1274 1926 894 711 1714 609 241
internal_count=6891 2776 850 4115 3221 1947 1274 1926 894 711 1714 609 241
is_linear=0
shrinkage=0.025


Tree=75
num_leaves=10
num_cat=0
split_feature=40 37 36 33 36 47 40 40 2
split_gain=11.0613 9.75999 16.6899 22.6026 13.1505 8.91907 5.89799 8.15926 3.31985
threshold=0.52978488802909862 0.0092025934718549269 0.227479062974453 -0.0094823273830115778 0.36882518231868749 0.81896552443504345 0.86708971858024608 1.1800896525382998 0.043902998790144927
decision_type=2 2 2 2 2 2 2 2 2
left_child=5 6 3 -3 -4 -1 8 -8 -2
right_child=1 2 4 -5 -6 -7 7 -9 -10
leaf_value=-1.4329926778086645e-05 -0.0013429897245836849 0.0043040138675678853 0.0017275594118485505 -0.0030858955971174717 -0.00064394698284776233 -0.0056373246747641291 0.0034920522280926462 -0.00033895148430678065 0.0010084805064363433
leaf_weight=133 143 239 1805 1363 2117 148 563 190 168
leaf_count=133 143 239 1805 1363 2117 148 563 190 168
internal_value=-1.54568e-05 0.000192439 -0.000229472 -0.00237632 0.000647759 -0.00482955 0.00237956 0.00357025 -0.000494462
internal_weight=6869 6588 5524 1602 3922 281 1064 753 311
internal_count=6869 6588 5524 1602 3922 281 1064 753 311
is_linear=0
shrinkage=0.025


Tree=76
num_leaves=10
num_cat=0
split_feature=40 16 35 38 35 45 34 31 45
split_gain=12.1038 9.14853 12.7031 9.9229 13.5573 6.99732 6.5437 5.84597 2.674
threshold=0.61608606576919567 0.027128291316330436 0.38782048225402838 -0.030140510760247704 0.12795559316873553 0.057776963338255889 -0.032613946124911301 1.1867786645889284 0.48606015741825109
decision_type=2 2 2 2 2 2 2 2 2
left_child=7 3 6 5 -5 -2 -3 -1 -4
right_child=1 2 8 4 -6 -7 -8 -9 -10
leaf_value=-0.0008795938390958963 -0.0041390263858546274 -0.00094697466249213662 -0.00370468898693504 0.0025323939551470803 -0.0029880928703338696 0.00053924763888645315 0.0032926237014315411 -0.0050035295855064199 -0.00023925107502829337
leaf_weight=233 161 153 121 235 1343 3539 851 155 138
leaf_count=233 161 153 121 235 1343 3539 851 155 138
internal_value=-4.77718e-05 0.000207188 0.00211455 -0.000249621 -0.00190698 0.000457152 0.00338826 -0.0043098 -0.00276989
internal_weight=6929 6541 1263 5278 1578 3700 1004 388 259
internal_count=6929 6541 1263 5278 1578 3700 1004 388 259
is_linear=0
shrinkage=0.025


Tree=77
num_leaves=10
num_cat=0
split_feature=40 9 5 40 41 47 48 45 36
split_gain=12.4755 10.085 8.91174 8.53103 10.4754 7.18601 6.59546 8.28556 6.18495
threshold=1.0473650693893435 0.018834307789802555 1.4907743930816653 0.54912337660789501 0.35545957088470465 0.82868674397468578 0.91434335708618175 0.50531914830207836 0.46082870662212377
decision_type=2 2 2 2 2 2 2 2 2
left_child=2 -2 3 5 -5 -1 8 -8 -3
right_child=1 6 -4 4 -6 -7 7 -9 -10
leaf_value=-0.0005440401274352302 0.0065108317683606979 0.0021408508393242101 -0.00701383292505836 0.005550018741953106 -0.00049710839934430102 -0.0051752008123697613 -0.0037616363404022329 0.0011745681641439716 -0.00091195500741253141
leaf_weight=154 131 1339 173 363 3686 140 202 240 438
leaf_count=154 131 1339 173 363 3686 140 202 240 438
internal_value=3.91137e-05 0.00151539 -0.000728545 -0.000501667 -0.000198878 -0.00457776 0.00110443 -0.00160794 0.00178521
internal_weight=6866 2350 4516 4343 4049 294 2219 442 1777
internal_count=6866 2350 4516 4343 4049 294 2219 442 1777
is_linear=0
shrinkage=0.025


Tree=78
num_leaves=11
num_cat=0
split_feature=35 35 35 36 38 36 16 39 40 12
split_gain=10.0134 15.6707 12.7159 19.7015 16.9606 12.5774 12.3101 5.60741 4.21961 1.85437
threshold=0.4131967574357987 0.23334448039531711 0.12650819867849353 0.29686962068080908 -0.06219630874693393 0.52559611201286327 0.028688673861324791 0.85860499739646923 0.90005475282669078 -0.015164912212640045
decision_type=2 2 2 2 2 2 2 2 2 2
left_child=1 2 4 -4 -1 8 -7 -2 -3 -9
right_child=7 5 3 -5 -6 6 -8 9 -10 -11
leaf_value=-0.0002195263031354325 0.00035960305008477314 0.0013640910539813728 -0.0054901569459068315 0.00051035897773544787 0.0040098680103774782 -0.0026125001399582241 0.0023669959259334074 -0.0053109149567797664 0.0040030651219339517 -0.0024666176602667223
leaf_weight=2662 142 367 1010 694 488 344 276 202 635 123
leaf_count=2662 142 367 1010 694 488 344 276 202 635 123
internal_value=5.84701e-05 0.000315345 -0.000394886 -0.00213209 0.00054477 0.00243931 -0.00035 -0.00345604 0.0041646 -0.00524621
internal_weight=6943 6476 4854 1704 3150 1622 620 467 1002 325
internal_count=6943 6476 4854 1704 3150 1622 620 467 1002 325
is_linear=0
shrinkage=0.025


Tree=79
num_leaves=15
num_cat=0
split_feature=31 35 46 29 30 44 41 17 20 32 24 36 16 2
split_gain=8.90725 13.4878 9.98666 8.8715 11.0976 8.179 7.05201 6.94244 5.35537 5.07214 4.68848 4.18218 4.0072 1.98327
threshold=0.7915329933166505 -0.020404319278895851 0.16269258409738543 0.068689081817865386 -0.14286032319068906 0.031142001971602443 0.43147835135459905 0.17096959054470065 0.0062895829323679217 0.68108248710632335 35.012468338012702 0.38445837795734411 0.018375191837549213 -0.017419794574379917
decision_type=2 2 2 2 2 2 2 2 2 2 2 2 2 2
left_child=1 8 7 4 12 6 -5 -3 13 -6 -7 -4 -2 -1
right_child=3 2 11 5 9 10 -8 -9 -10 -11 -12 -13 -14 -15
leaf_value=-0.0033694301912438164 0.0025500000200956194 0.001113056727498009 0.0027302184297954726 0.0057100041629347771 0.0007983380219269171 -0.0064162348368556228 0.00050732434332400602 -0.0046049776377272431 0.00094487137862158679 -0.0024731546634767449 0.00036770044418698439 2.1198889574239323e-05 -0.00027847629799168037 -0.0014938056219090266
leaf_weight=209 227 480 965 216 256 233 1265 160 223 1598 214 178 594 124
leaf_count=209 227 480 965 216 256 233 1265 160 223 1598 214 178 594 124
internal_value=-4.58831e-05 0.00120787 0.0022686 -0.00068495 -0.00161614 0.00060463 0.00150151 -0.000222868 -0.00217246 -0.00268626 -0.00233684 0.00366398 0.000794492 -0.0041605
internal_weight=6942 2339 1783 4603 2675 1928 1481 640 556 1854 447 1143 821 333
internal_count=6942 2339 1783 4603 2675 1928 1481 640 556 1854 447 1143 821 333
is_linear=0
shrinkage=0.025


Tree=80
num_leaves=10
num_cat=0
split_feature=38 34 31 37 45 30 13 37 11
split_gain=9.39606 15.6847 13.4728 12.2783 7.80466 4.74293 3.6674 2.59253 1.23503
threshold=-0.16921504586935041 -0.040389144793152802 0.7915329933166505 0.021241374313831333 0.50531914830207836 -0.28846755623817438 -0.26249289512634272 0.029126246459782127 0.022870977409183983
decision_type=2 2 2 2 2 2 2 2 2
left_child=6 5 4 -4 -3 -2 -1 -7 -8
right_child=1 2 3 -5 -6 7 8 -9 -10
leaf_value=0.0010252091181214701 3.0312607459843932e-05 0.00071415600742378302 -0.00097700058001610481 0.0023970534189548809 0.0033997508872272461 -0.0051334529516430909 0.0058431462339827225 -0.00086180269380269352 0.0035850609729297031
leaf_weight=180 168 1523 3231 488 487 454 120 121 120
leaf_count=180 168 1523 3231 488 487 454 120 121 120
internal_value=8.97129e-05 -0.000145708 0.000297567 -0.000592441 0.00194479 -0.00355114 0.00369118 -0.00462284 0.00568878
internal_weight=6892 6472 5729 3719 2010 743 420 575 240
internal_count=6892 6472 5729 3719 2010 743 420 575 240
is_linear=0
shrinkage=0.025


Tree=81
num_leaves=9
num_cat=0
split_feature=40 46 40 31 40 40 31 31
split_gain=14.5966 12.0853 11.6497 11.5817 14.4565 10.6827 7.53234 6.73648
threshold=0.61608606576919567 0.094827588647604003 0.87458062171936046 0.76817172765731823 0.79953932762146007 1.2891600728034975 0.271215170621872 0.77605789899826061
decision_type=2 2 2 2 2 2 2 2
left_child=7 2 -2 4 -3 -5 -4 -1
right_child=1 3 6 5 -6 -7 -8 -9
leaf_value=-0.00034456043234881305 0.0021297942718612019 -0.0021837428367669971 -0.001395542032669575 -0.0003011937677535104 0.002180808088462867 0.0058816922056743326 -0.0057080487486335617 -0.0046652884466204447
leaf_weight=166 153 238 149 4199 1415 125 229 217
leaf_count=166 153 238 149 4199 1415 125 229 217
internal_value=-8.1569e-06 0.000271572 -0.00332323 0.000594492 0.00237108 -8.51813e-05 -0.00566253 -0.00471972
internal_weight=6891 6508 531 5977 1653 4324 378 383
internal_count=6891 6508 531 5977 1653 4324 378 383
is_linear=0
shrinkage=0.025


Tree=82
num_leaves=11
num_cat=0
split_feature=40 31 40 17 34 37 40 46 35 30
split_gain=9.85393 12.3406 10.5301 8.75563 8.57227 10.1612 8.32261 8.46406 6.90758 5.86536
threshold=1.0165113210678103 0.72495380043983471 1.2891600728034975 1.4426620006561282 0.14156537503004077 0.013986395671963693 1.1800896525382998 0.16269258409738543 0.4131967574357987 0.004461107077077032
decision_type=2 2 2 2 2 2 2 2 2 2
left_child=3 6 9 4 5 -1 7 -2 -6 -3
right_child=1 2 -4 -5 8 -7 -8 -9 -10 -11
leaf_value=-0.0021882195202148958 8.1220997781769613e-05 0.0011194364583767588 0.0060513272392545255 -0.010434255640056248 0.0017590322814926562 -7.5507684208048217e-05 -0.00051891061013040478 0.0050519552801837238 -0.0028985708863497246 -0.0016164061771936494
leaf_weight=1080 131 859 130 150 755 1994 169 367 131 1089
leaf_count=1080 131 859 130 150 755 1994 169 367 131 1089
internal_value=3.37099e-05 0.00119318 0.000237038 -0.000739672 -0.000509142 -0.0011347 0.00413876 0.00575298 0.00164843 -0.000227215
internal_weight=6855 2745 2078 4110 3960 3074 667 498 886 1948
internal_count=6855 2745 2078 4110 3960 3074 667 498 886 1948
is_linear=0
shrinkage=0.025


Tree=83
num_leaves=14
num_cat=0
split_feature=31 45 31 31 9 20 35 24 38 35 35 31 10
split_gain=9.70997 8.08677 7.7835 7.23291 10.495 7.08474 6.06064 4.78948 4.87043 6.33932 4.05425 3.81437 2.79951
threshold=1.9545165896415713 0.3706896454095841 0.27966482937335974 1.0800297260284426 0.0239304518327117 0.096832022070884718 0.038288811221718795 22.781027793884281 -0.051643552258610718 0.18017812073230746 0.038288811221718795 0.24587805569171908 0.022055883891880516
decision_type=2 2 2 2 2 2 2 2 2 2 2 2 2
left_child=1 2 6 11 -5 -4 -1 10 12 -10 -2 -3 -9
right_child=7 3 5 4 -6 -7 -8 8 9 -11 -12 -13 -14
leaf_value=-0.00070737808078519683 -0.00074154809718797324 -0.00091058234519033753 -0.0021481434203582755 -0.002431831200967835 0.00093532160002837152 2.5279899878813406e-05 0.0029727699148789618 0.0021140571063089099 -0.0073974727594235002 -0.00076741238463134693 -0.0052247671200146249 0.00207121349417915 -0.00062820635727958707
leaf_weight=302 154 164 807 344 1377 829 311 148 176 643 176 1327 159
leaf_count=302 154 164 807 344 1377 829 311 148 176 643 176 1327 159
internal_value=-1.53496e-05 0.000467664 -0.000679348 0.00127254 0.000162949 -0.00158059 0.00170914 -0.00182666 -0.00103338 -0.00204035 -0.00445896 0.00254428 0.0016226
internal_weight=6917 5461 2249 3212 1721 1636 613 1456 1126 819 330 1491 307
internal_count=6917 5461 2249 3212 1721 1636 613 1456 1126 819 330 1491 307
is_linear=0
shrinkage=0.025


Tree=84
num_leaves=12
num_cat=0
split_feature=38 34 34 34 20 40 9 46 16 34 42
split_gain=8.98355 11.6844 9.7314 16.0529 8.55835 7.65034 7.56503 7.13222 6.32847 1.83072 1.52401
threshold=-0.11898744478821753 -0.039543502032756798 0.0094994073733687418 0.14022717624902728 0.035889154300093658 1.0119796395301821 0.039973918348550803 0.73275861144065868 0.020778005942702297 -0.051179377362132066 -0.05201845429837703
decision_type=2 2 2 2 2 2 2 2 2 2 2
left_child=4 9 8 -4 5 10 7 -6 -3 -2 -1
right_child=1 2 3 -5 6 -7 -8 -9 -10 -11 -12
leaf_value=-0.00036418852566975777 -0.003215075293952087 0.0036098512843492584 -0.0016110041421406084 0.00073785435889462412 0.004309703614727484 0.0025873909313014008 -0.0012095133975083467 0.00050056173948996444 -0.00028262614590308797 -0.0065676758568126437 -0.002508042964757401
leaf_weight=146 141 433 2460 1581 560 239 199 348 374 161 272
leaf_count=146 141 433 2460 1581 560 239 199 348 374 161 272
internal_value=-1.35496e-05 -0.00054195 -0.00024083 -0.000743018 0.00152275 -0.000726964 0.00286084 0.00382667 0.00225523 -0.0052728 -0.002763
internal_weight=6914 5150 4848 4041 1764 657 1107 908 807 302 418
internal_count=6914 5150 4848 4041 1764 657 1107 908 807 302 418
is_linear=0
shrinkage=0.025


end of trees

feature_importances:
universe58_loo_log_return_126=117
universe58_loo_log_return_60=94
source_beta_universe58_252=93
universe58_loo_realized_volatility_20=89
source_distance_from_252_session_low=70
universe58_loo_log_return_20=65
universe58_loo_drawdown_252=65
cross_section_return_dispersion=40
source_return_skewness_60=31
cross_section_momentum_252_percentile=29
source_momentum_12_1=23
source_downside_volatility_60=21
source_correlation_universe58_60=16
cross_section_momentum_126_percentile=16
cross_section_positive_return_breadth=11
source_beta_universe58_60=11
source_max_daily_log_return_20=10
source_log_return_252=9
source_adx_14=9
source_volatility_ratio_20_60=9
source_idiosyncratic_volatility_60=9
source_realized_volatility_60=8
cross_section_beta_60_percentile=8
source_log_return_20=7
source_log_return_60=7
source_close_ma200_ratio=7
universe58_loo_log_return_1=7
source_residual_momentum_126=7
cross_section_volatility_60_percentile=6
source_downside_volatility_20=5
source_close_ma50_ratio=5
source_intraday_log_range=4
source_overnight_gap_1=4
source_log_return_126=3
source_bollinger_pct_b_20=3
source_residual_momentum_20=3
source_drawdown_from_60_session_peak=2
source_rsi_14=2
source_parkinson_volatility_20=2
source_close_to_open_log_return=1
source_drawdown_from_252_session_peak=1
source_bollinger_bandwidth_20=1
source_directional_index_spread_14=1

parameters:
[boosting: gbdt]
[objective: quantile]
[metric: quantile]
[tree_learner: serial]
[device_type: cpu]
[data_sample_strategy: bagging]
[data: ]
[valid: ]
[num_iterations: 85]
[learning_rate: 0.025]
[num_leaves: 15]
[num_threads: 12]
[seed: 122110]
[deterministic: 1]
[force_col_wise: 1]
[force_row_wise: 0]
[histogram_pool_size: -1]
[max_depth: 4]
[min_data_in_leaf: 120]
[min_sum_hessian_in_leaf: 0.001]
[bagging_fraction: 0.85]
[pos_bagging_fraction: 1]
[neg_bagging_fraction: 1]
[bagging_freq: 1]
[bagging_seed: 122110]
[bagging_by_query: 0]
[feature_fraction: 0.75]
[feature_fraction_bynode: 1]
[feature_fraction_seed: 122110]
[extra_trees: 0]
[extra_seed: 10638]
[early_stopping_round: 0]
[early_stopping_min_delta: 0]
[first_metric_only: 0]
[max_delta_step: 0]
[lambda_l1: 0.25]
[lambda_l2: 5]
[linear_lambda: 0]
[min_gain_to_split: 0]
[drop_rate: 0.1]
[max_drop: 50]
[skip_drop: 0.5]
[xgboost_dart_mode: 0]
[uniform_drop: 0]
[drop_seed: 16687]
[top_rate: 0.2]
[other_rate: 0.1]
[min_data_per_group: 100]
[max_cat_threshold: 32]
[cat_l2: 10]
[cat_smooth: 10]
[max_cat_to_onehot: 4]
[top_k: 20]
[monotone_constraints: ]
[monotone_constraints_method: basic]
[monotone_penalty: 0]
[feature_contri: ]
[forcedsplits_filename: ]
[refit_decay_rate: 0.9]
[cegb_tradeoff: 1]
[cegb_penalty_split: 0]
[cegb_penalty_feature_lazy: ]
[cegb_penalty_feature_coupled: ]
[path_smooth: 0]
[interaction_constraints: ]
[verbosity: -1]
[saved_feature_importance_type: 0]
[use_quantized_grad: 0]
[num_grad_quant_bins: 4]
[quant_train_renew_leaf: 0]
[stochastic_rounding: 1]
[linear_tree: 0]
[max_bin: 255]
[max_bin_by_feature: ]
[min_data_in_bin: 3]
[bin_construct_sample_cnt: 200000]
[data_random_seed: 122110]
[is_enable_sparse: 1]
[enable_bundle: 1]
[use_missing: 1]
[zero_as_missing: 0]
[feature_pre_filter: 1]
[pre_partition: 0]
[two_round: 0]
[header: 0]
[label_column: ]
[weight_column: ]
[group_column: ]
[ignore_column: ]
[categorical_feature: ]
[forcedbins_filename: ]
[precise_float_parser: 0]
[parser_config_file: ]
[objective_seed: 17921]
[num_class: 1]
[is_unbalance: 0]
[scale_pos_weight: 1]
[sigmoid: 1]
[boost_from_average: 1]
[reg_sqrt: 0]
[alpha: 0.5]
[fair_c: 1]
[poisson_max_delta_step: 0.7]
[tweedie_variance_power: 1.5]
[lambdarank_truncation_level: 30]
[lambdarank_norm: 1]
[label_gain: ]
[lambdarank_position_bias_regularization: 0]
[eval_at: ]
[multi_error_top_k: 1]
[auc_mu_weights: ]
[num_machines: 1]
[local_listen_port: 12400]
[time_out: 120]
[machine_list_filename: ]
[machines: ]
[gpu_platform_id: -1]
[gpu_device_id: -1]
[gpu_use_dp: 0]
[num_gpu: 1]

end of parameters

pandas_categorical:[]
