tree
version=v4
num_class=1
num_tree_per_iteration=1
label_index=0
max_feature_idx=48
objective=huber
feature_names=source_log_return_1 source_log_return_5 source_log_return_20 source_log_return_60 source_log_return_126 source_log_return_252 source_intraday_log_range source_close_to_open_log_return source_realized_volatility_20 source_realized_volatility_60 source_downside_volatility_20 source_downside_volatility_60 source_drawdown_from_60_session_peak source_drawdown_from_252_session_peak cross_section_momentum_20_percentile cross_section_positive_return_breadth cross_section_return_dispersion source_momentum_12_1 source_ma5_ma20_ratio source_close_ma50_ratio source_close_ma200_ratio source_rsi_14 source_bollinger_pct_b_20 source_bollinger_bandwidth_20 source_adx_14 source_directional_index_spread_14 source_parkinson_volatility_20 source_overnight_gap_1 source_positive_day_ratio_20 source_max_daily_log_return_20 source_return_skewness_60 source_distance_from_252_session_low source_volatility_ratio_20_60 universe58_loo_log_return_1 universe58_loo_log_return_20 universe58_loo_log_return_60 universe58_loo_log_return_126 universe58_loo_realized_volatility_20 universe58_loo_drawdown_252 source_beta_universe58_60 source_beta_universe58_252 source_correlation_universe58_60 source_residual_momentum_20 source_residual_momentum_126 source_idiosyncratic_volatility_60 cross_section_momentum_126_percentile cross_section_momentum_252_percentile cross_section_volatility_60_percentile cross_section_beta_60_percentile
feature_infos=[-0.10536076873540878:0.095333725214004517] [-0.52438312768936157:0.44636186957359314] [-1.1351611614227295:0.96563428640365601] [-1.0610049962997437:1.5560240745544434] [-1.0489567518234253:2.3170430660247803] [-0.87010180950164795:2.9264204502105713] [0:0.19999955594539642] [-0.13838362693786621:0.19697383046150208] [0.0056120613589882851:0.07972128689289093] [0.0079651456326246262:0.063424810767173767] [0.00095409812638536096:0.078742377460002899] [0.0056960904039442539:0.048307757824659348] [-0.71968960762023926:0] [-0.71968960762023926:0] [0.017241379246115685:1] [0.017241379246115685:1] [0.0096504408866167068:0.041878215968608856] [-0.81550097465515137:2.8910765647888184] [-0.47595494985580444:0.43454363942146301] [-0.62940984964370728:1.3056344985961914] [-0.4873068630695343:3.874976634979248] [0:100] [-0.36075755953788757:1.4438486099243164] [0.024132920429110527:1.7820020914077759] [6.9016203880310059:84.119827270507812] [-54.177944183349609:71.899559020996094] [0.0063288267701864243:0.06641879677772522] [-0.10510788112878799:0.095250405371189117] [0.10000000149011612:0.89999997615814209] [0.005115102045238018:0.095630437135696411] [-2.965186595916748:2.3527581691741943] [0:18.523586273193359] [0.37285810708999634:1.6300936937332153] [-0.092919811606407166:0.057573974132537842] [-0.14326675236225128:0.26549568772315979] [-0.19845503568649292:0.55794161558151245] [-0.14465788006782532:0.86915600299835205] [0.005578002892434597:0.037458643317222595] [-0.26247727870941162:0] [-0.96327811479568481:2.2586460113525391] [0.2513563334941864:1.4838535785675049] [-0.25081929564476013:0.94294917583465576] [-1.1516678333282471:0.84016847610473633] [-1.3436253070831299:1.9539748430252075] [0.0059593440964818001:0.059544753283262253] [0.017241379246115685:1] [0.017241379246115685:1] [0.017241379246115685:1] [0.017241379246115685:1]
tree_sizes=3267 3801 3723 3290 3554 3453 3551 3355 3015 3471 3455 3632 3281 3365 3195 2933 3636 3274 2940 2844 3105 3107 3646 2846 3920 3117 3733 2930 3192 2578 3109 2947 3114 3132 3745 3540 2924 2943 3017 3559 3359 3827 2572 2845 2740 3228 2485 3119 2566 3475 3370 3915 2835 2770

Tree=0
num_leaves=37
num_cat=0
split_feature=31 37 30 38 40 38 36 34 36 34 37 40 38 9 35 36 17 35 16 40 13 36 4 40 20 33 35 40 46 45 40 4 24 5 11 32
split_gain=79.1213 27.1522 35.1613 21.0559 25.6422 19.3362 24.328 29.748 18.3603 18.2266 16.7345 13.1282 12.938 11.5293 9.75898 8.5577 7.36876 7.16513 6.95913 4.5776 4.56365 4.11931 3.64542 3.39549 2.82612 2.82508 3.47336 3.18914 2.24573 2.10938 2.0743 1.71409 1.6905 1.53141 1.34181 0.763047
threshold=1.7574158906936648 0.0092025934718549269 -0.35348322987556452 -0.1211651638150215 1.1119956374168398 -0.16921504586935041 0.23273799568414691 0.14220891147851947 0.4545710980892182 0.14323943853378299 0.024551026523113254 0.81025385856628429 -0.022771123796701428 0.034488070756196983 -0.0031172295566648241 0.33764022588729864 1.2551569342613222 0.34313569962978369 0.020106177777051929 0.77561545372009288 -0.088752824813127504 0.37534831464290624 0.77459424734115612 0.86954143643379223 0.088310830295085921 0.011671449057757856 -0.027742599137127396 1.1623929142951968 0.41966252028942114 0.57171678543090831 1.1995881199836733 0.5589607059955598 27.125192642211918 1.0775461196899416 0.024092806503176693 0.96881666779518139
decision_type=2 2 2 2 2 2 2 2 2 2 2 2 2 2 2 2 2 2 2 2 2 2 2 2 2 2 2 2 2 2 2 2 2 2 2 2
left_child=1 11 10 19 9 28 7 -7 -8 12 14 29 13 -5 24 -14 22 20 -16 -2 -6 35 -11 -21 -3 26 -13 -28 34 32 -22 -25 -1 -19 -4 -12
right_child=3 2 5 4 17 6 8 -9 -10 16 21 25 15 -15 18 -17 -18 33 -20 23 30 -23 -24 31 -26 -27 27 -29 -30 -31 -32 -33 -34 -35 -36 -37
leaf_value=0.63012295468082158 0.62700937719315031 0.62733407940830388 0.63577529090673757 0.62803506706497336 0.62949593869013043 0.62512944916121305 0.63277397219275622 0.63300404331889526 0.62874855944560171 0.62869413130749707 0.63653673674304079 0.63285956115708197 0.61829830744232284 0.62122026618455595 0.63609363037055255 0.62480991162707511 0.62373206588725816 0.62559001606627829 0.63174424548742969 0.63638946270422903 0.63309189114580633 0.63316388768028586 0.63337945577368893 0.63337816208831721 0.63230999396924981 0.63279296848719546 0.63776421211373369 0.63452430287022688 0.63786127836770146 0.62789631203421759 0.63823418786614294 0.6299124933951662 0.63418064181815914 0.62962484904256666 0.63163432425546462 0.63953220988213355
leaf_weight=88 63 135 65 301 68 700 1140 262 748 199 71 99 237 149 310 138 89 61 281 76 65 64 96 105 66 100 509 176 110 71 66 118 72 101 61 231
leaf_count=88 63 135 65 301 68 700 1140 262 748 199 71 99 237 149 310 138 89 61 281 76 65 64 96 105 66 100 509 176 110 71 66 118 72 101 61 231
internal_value=0.630911 0.632162 0.631431 0.627444 0.626443 0.630315 0.629858 0.627275 0.631178 0.625049 0.634398 0.634935 0.623376 0.625726 0.63275 0.620624 0.628677 0.631118 0.634041 0.631785 0.633646 0.637919 0.630231 0.632824 0.628968 0.636041 0.636446 0.636952 0.63578 0.630696 0.635793 0.631549 0.631967 0.628028 0.633839 0.638892
internal_weight=7291 5359 4244 1932 1570 3086 2850 962 1888 1209 1158 1115 825 450 792 375 384 361 591 362 199 366 295 299 201 884 784 685 236 231 131 223 160 162 126 302
internal_count=7291 5359 4244 1932 1570 3086 2850 962 1888 1209 1158 1115 825 450 792 375 384 361 591 362 199 366 295 299 201 884 784 685 236 231 131 223 160 162 126 302
is_linear=0
shrinkage=1


Tree=1
num_leaves=41
num_cat=0
split_feature=31 30 37 38 34 40 38 36 34 36 37 38 44 40 36 35 36 35 10 36 5 30 38 36 41 31 40 39 40 39 46 46 48 46 4 41 32 43 0 32
split_gain=70.6755 28.0588 33.5527 19.8588 24.8779 19.2497 16.8354 24.7306 29.1158 20.9466 14.2549 10.6576 13.0543 10.5788 10.2124 9.66113 7.73743 6.10721 5.35015 5.01682 4.68457 4.33569 3.97248 3.7434 3.34997 4.15393 3.27492 3.23593 2.91131 2.69193 2.51333 2.32081 2.04878 1.73309 1.6781 1.3742 1.32697 0.847789 0.584294 0.475693
threshold=1.7574158906936648 -0.35348322987556452 0.0092025934718549269 -0.1211651638150215 0.14323943853378299 1.1403840184211733 -0.16921504586935041 0.23273799568414691 0.14220891147851947 0.4545710980892182 0.024551026523113254 -0.051643552258610718 0.03271728195250035 0.82829684019088756 0.33764022588729864 -0.0031172295566648241 0.45319065451622015 0.4131967574357987 0.010684737470000984 0.098120044916868224 1.3456624746322634 -0.75386661291122425 -0.04720815643668174 0.35923103988170629 0.46099384129047399 0.94331255555152904 0.77561545372009288 0.89245891571044933 0.88220158219337474 0.6023710072040559 0.24834922701120379 0.27622890472412115 0.76228907704353344 0.69589141011238109 0.56353378295898449 0.72254818677902233 0.96881666779518139 0.29348921775817877 -1.0000000180025095e-35 1.4322221279144289
decision_type=2 2 2 2 2 2 2 2 2 2 2 2 2 2 2 2 2 2 2 2 2 2 2 2 2 2 2 2 2 2 2 2 2 2 2 2 2 2 2 2
left_child=1 10 13 26 5 11 31 8 -8 -9 15 12 -5 29 -13 19 -7 18 37 -1 -20 32 -23 36 38 -26 -2 -21 -28 -3 -31 -4 -17 -19 -30 -33 -12 -6 -15 -38
right_child=3 2 6 4 17 16 7 9 -10 -11 23 14 -14 24 -16 21 -18 33 20 27 -22 22 -24 -25 25 -27 28 -29 34 30 -32 35 -34 -35 -36 -37 39 -39 -40 -41
leaf_value=0.0034508884595989275 -0.0033270925879478452 -0.0035139005428988157 0.001389843197387838 -0.00180287319830243 0.0049103281194907856 0.004866319829365238 -0.0059035075506936822 0.0018362642834484169 0.0020206155672859742 -0.0024500216857552062 0.005076378347155389 -0.011410094587892479 -0.011249891506694259 0.0054561594852179816 -0.005810367158984339 0.0062895403945944749 -0.0038681368717640081 -0.0020599557776514389 4.5634932358361493e-05 -0.0064840703926869296 -0.0059591341981066583 0.0038646740266379672 0.00032595812284280776 0.0030462588228699233 0.0052586651126117446 0.0012698714893702773 0.0044517059860378506 -0.00086701501355366379 0.0020671699571762686 0.0036642916159954192 -0.0014252256463734886 0.0076356272732250787 0.0020555004637667551 -0.0065260036597144791 -0.0014658651802628476 0.003687379731310992 0.0096318640618416294 0.0015821076878716077 0.0086440064140915641 0.0066359597063726855
leaf_weight=63 61 65 83 225 73 73 708 1124 249 763 68 318 77 67 241 211 84 70 230 64 64 268 241 87 343 154 97 110 104 79 71 73 64 77 105 90 146 60 93 69
leaf_count=63 61 65 83 225 73 73 708 1124 249 763 68 318 77 67 241 211 84 70 230 64 64 268 241 87 343 154 97 110 104 79 71 73 64 77 105 90 146 60 93 69
internal_value=-0.000144061 0.00104545 0.000186381 -0.00339155 -0.00435695 -0.00623027 -0.000791686 -0.00122741 -0.00384083 0.000101457 0.00348595 -0.00740094 -0.00430179 0.00364421 -0.00904158 0.0022538 0.000201952 -0.00101773 0.000198206 -0.00126936 -0.00130515 0.00332089 0.00220285 0.00683786 0.00489943 0.00403974 0.000794893 -0.00301359 0.00164416 -0.00020156 0.00126801 0.00419583 0.00534058 -0.00448971 0.000291857 0.00556767 0.0079558 0.00348425 0.00744022 0.00877953
internal_weight=7312 5353 3962 1959 1592 1018 3090 2844 957 1887 1391 861 302 872 559 1021 157 574 427 237 294 784 509 370 657 497 367 174 306 215 150 246 275 147 209 163 283 133 160 215
internal_count=7312 5353 3962 1959 1592 1018 3090 2844 957 1887 1391 861 302 872 559 1021 157 574 427 237 294 784 509 370 657 497 367 174 306 215 150 246 275 147 209 163 283 133 160 215
is_linear=0
shrinkage=0.02


Tree=2
num_leaves=40
num_cat=0
split_feature=31 37 37 36 36 15 16 16 38 34 36 40 37 40 38 36 44 36 16 35 16 13 2 36 40 41 40 31 46 37 16 39 46 31 29 46 3 43 12
split_gain=67.3906 25.9729 34.8494 51.2377 29.0391 25.1911 21.4278 25.0638 20.8949 24.7192 18.9482 16.1227 15.4428 12.4718 9.87109 12.1773 11.1959 6.17631 5.63753 5.08005 4.57728 4.46404 4.27254 4.53944 4.25203 4.03764 4.00299 3.41562 4.62247 3.10879 2.45557 2.20514 2.82267 1.79165 1.3687 1.25599 1.14862 0.86359 0.510977
threshold=1.7713619470596316 0.0092025934718549269 0.022681221365928653 0.52094960212707531 0.23273799568414691 0.26724137365818029 0.020778005942702297 0.027128291316330436 -0.12042337283492087 0.14483135193586352 0.034535290673375137 1.1176963448524477 0.011803861707448961 0.81820997595787059 -0.051643552258610718 0.33764022588729864 0.03271728195250035 0.45319065451622015 0.022964132018387321 0.4131967574357987 0.022363173775374893 -0.074799910187721239 0.17731363326311114 0.35923103988170629 0.77561545372009288 0.48260690271854406 0.86954143643379223 0.96981775760650646 0.14343360066413882 0.012453363277018072 0.019331169314682487 0.6023710072040559 0.24834922701120379 2.7168416976928715 0.077372793108224883 0.71515038609504711 -0.01230601593852043 0.1794545575976372 -0.1412507742643356
decision_type=2 2 2 2 2 2 2 2 2 2 2 2 2 2 2 2 2 2 2 2 2 2 2 2 2 2 2 2 2 2 2 2 2 2 2 2 2 2 2
left_child=1 13 4 22 5 18 12 -8 24 11 -7 14 -6 31 16 -16 -10 -13 -3 21 38 -11 23 -4 -2 36 -26 28 -27 -23 -29 -1 -33 34 -28 -21 -15 -38 -5
right_child=8 2 3 20 6 10 7 -9 9 19 -12 17 -14 25 15 -17 -18 -19 -20 35 -22 29 -24 -25 26 27 33 30 -30 -31 -32 32 -34 -35 -36 -37 37 -39 -40
leaf_value=-0.0032638065928516729 -0.0037293987441243547 -0.00042456669919192796 0.0076235403342827879 -0.0088924926304772712 -0.0058577202337128775 1.2665661088598213e-05 -0.002979702245566423 0.002854728800105134 -0.0018612945372333176 -0.004094753144258583 -0.0062273591124442128 0.0033916428415441367 0.0039559262308505498 0.0044401348070832822 -0.011478835003088004 -0.0054139467727722058 -0.011023976768884393 -0.0040055702516263482 0.0059139512511079805 -0.0021290066352036472 -0.0009598796723617448 0.0038539346326899723 0.0011176231746726178 0.0039453698067351706 0.0056272324856415567 0.00011281431725041735 -6.2767128387349665e-05 -0.00029546294218267907 0.0057239870163117166 -0.00017610114145859637 0.0041320265063575353 0.0034103448003712485 -0.0017467498704510551 -0.0022768485011783112 0.003492924422270153 -0.0061661986021155661 0.0094928615212515749 0.0056858396791217352 -0.005582721486477784
leaf_weight=70 63 105 483 64 67 268 819 456 214 71 705 80 800 60 313 246 69 96 116 69 69 120 65 203 80 69 93 107 411 201 90 84 80 64 77 63 96 60 68
leaf_count=70 63 105 483 64 67 268 819 456 214 71 705 80 800 60 313 246 69 96 116 69 69 120 65 203 80 69 93 107 411 201 90 84 80 64 77 63 96 60 68
internal_value=-0.000101018 0.00104029 0.000328932 0.00369791 -0.000634638 -0.00313002 0.000758309 -0.00089045 -0.00331865 -0.00434901 -0.00451285 -0.00616166 0.00317881 0.0037379 -0.00730889 -0.00885478 -0.004191 -0.000637123 0.00293262 -0.00081055 -0.00521216 0.000336956 0.00609521 0.00655847 0.000894156 0.00481179 0.00185148 0.00401563 0.00492516 0.0013491 0.00175389 -0.00036514 0.000902514 0.000501517 0.00157461 -0.00415746 0.00721338 0.00816982 -0.00735682
internal_weight=7334 5415 4288 952 3336 1194 2142 1275 1919 1542 973 1018 867 1127 842 559 283 176 221 524 201 392 751 686 377 893 314 677 480 321 197 234 164 234 170 132 216 156 132
internal_count=7334 5415 4288 952 3336 1194 2142 1275 1919 1542 973 1018 867 1127 842 559 283 176 221 524 201 392 751 686 377 893 314 677 480 321 197 234 164 234 170 132 216 156 132
is_linear=0
shrinkage=0.02


Tree=3
num_leaves=35
num_cat=0
split_feature=31 37 30 16 36 37 5 35 40 38 35 37 40 38 37 36 34 35 40 36 36 13 36 36 33 35 33 40 39 46 40 30 47 32
split_gain=67.951 26.4168 34.3698 20.7034 25.8595 32.3994 20.1525 20.1117 14.5771 17.4143 18.2222 13.0444 10.8319 10.4303 10.2953 8.89332 6.71897 6.66741 6.51013 5.87761 5.72862 5.08411 5.04416 4.88535 3.35593 3.19251 3.46576 3.26174 2.11811 1.98986 1.6874 1.39574 1.10869 0.883181
threshold=1.8156028389930727 0.0092025934718549269 -0.35348322987556452 0.027128291316330436 0.49450407922267919 0.022681221365928653 1.7829512953758242 0.38782048225402838 1.1119956374168398 -0.10392303392291068 0.21031048148870471 0.023636833764612678 0.81820997595787059 -0.018526893109083172 0.013424844946712257 0.23834132403135302 -0.047814417630434029 0.34485872089862829 0.76854977011680614 0.38160218298435217 0.36882518231868749 -0.086198624223470674 0.10147329047322275 0.17424617707729342 0.020068272016942505 -0.030360026285052296 0.011671449057757856 1.1703199744224551 0.65530887246131908 0.27622890472412115 1.1995881199836733 0.10027030482888223 0.61023476719856273 0.96881666779518139
decision_type=2 2 2 2 2 2 2 2 2 2 2 2 2 2 2 2 2 2 2 2 2 2 2 2 2 2 2 2 2 2 2 2 2 2
left_child=1 12 11 4 5 -4 8 16 9 18 13 15 28 -11 -12 22 -5 21 -2 33 -17 31 -3 -20 -6 -14 27 -27 -1 -30 -23 -10 -19 -13
right_child=6 2 3 7 24 -7 -8 -9 17 10 14 19 25 -15 -16 20 -18 32 23 -21 -22 30 -24 -25 -26 26 -28 -29 29 -31 -32 -33 -34 -35
leaf_value=-0.0024310888850697034 -0.0053141928262063366 0.0032972292358789479 -0.0017329343007514866 -0.0019409320242170778 -0.0075248434406573889 0.0053226952790621897 -0.011388947378515321 -0.0054439185782928353 0.0015666219084455139 -0.0047519629450542581 0.0026316673111399275 0.0050654164221040996 0.00096251475962755436 -0.011097149776852834 -0.0040964187023290639 0.0046555910681534531 0.0047273136343368716 -0.0045635646595680096 0.006423759539769246 0.0016820520871147816 0.00018869634574366498 0.0025786536847008392 -0.0031624193892067116 6.0930983459305327e-05 -0.0021997528234496714 0.0064256996973085078 0.0016413988929241893 0.0031132681677503698 0.0034190820476695419 -0.0011873109073781256 0.0073603822446029104 -0.0025640595807206062 -0.0010076392643051605 0.0080804108835787307
leaf_weight=89 64 63 1884 67 286 299 116 107 65 199 111 74 82 234 457 343 490 74 62 95 173 61 179 189 61 536 102 166 83 64 67 60 70 241
leaf_count=89 64 63 1884 67 286 299 116 107 65 199 111 74 82 234 457 343 490 74 62 95 173 61 179 189 61 536 102 166 83 64 67 60 70 241
internal_value=-8.02425e-05 0.00103317 0.00032793 -0.000745758 -0.00157089 -0.000760107 -0.00341542 0.00238961 -0.00285593 -0.00386738 -0.00515464 0.00325927 0.00376585 -0.00823606 -0.00277293 0.00169133 0.00391732 0.000498257 0.000230164 0.00612227 0.00316964 0.00244631 -0.00145691 0.00169387 -0.00661847 0.004777 0.00515978 0.00566042 -3.83638e-05 0.00142327 0.00520046 -0.000421918 -0.00289763 0.00742974
internal_weight=7313 5484 4362 3194 2530 2183 1829 664 1713 1316 1001 1168 1122 433 568 758 557 397 315 410 516 253 242 251 347 886 804 702 236 147 128 125 144 315
internal_count=7313 5484 4362 3194 2530 2183 1829 664 1713 1316 1001 1168 1122 433 568 758 557 397 315 410 516 253 242 251 347 886 804 702 236 147 128 125 144 315
is_linear=0
shrinkage=0.02


Tree=4
num_leaves=38
num_cat=0
split_feature=31 36 37 37 36 37 34 33 38 40 35 35 35 17 40 11 35 36 41 17 32 33 13 41 13 10 9 11 40 39 21 39 4 5 21 40 25
split_gain=68.201 22.9159 39.2277 28.983 36.2138 32.5774 25.4218 25.0095 18.2024 21.0571 17.2664 12.0299 11.8987 11.8215 10.9748 8.55137 6.09229 5.92261 5.4884 5.08244 5.32132 4.69444 4.61738 4.40162 4.17959 4.07555 3.27983 3.24328 2.79209 2.65434 2.07105 1.81985 1.42231 1.39612 1.10208 1.0339 0.772489
threshold=1.8156028389930727 0.46758414804935461 0.022681221365928653 0.0092025934718549269 0.23273799568414691 0.011803861707448961 0.12574603408575061 -0.0096455845050513727 -0.12042337283492087 1.1204792261123659 0.21415767818689349 0.43668305873870855 0.12650819867849353 1.1247450113296511 0.81025385856628429 0.020935582928359512 0.32654832303524023 0.38702715933322912 0.60937130451202404 0.39759492874145513 1.1201967000961306 0.011671449057757856 -0.26034310460090632 0.56365379691123974 -0.068792317062616334 0.023006453178822998 0.029277259483933452 0.013752560596913101 0.88220158219337474 0.75340142846107494 66.583786010742202 0.59425604343414318 0.5589607059955598 1.0829605460166933 61.867475509643562 0.86035150289535534 -3.0866760015487666
decision_type=2 2 2 2 2 2 2 2 2 2 2 2 2 2 2 2 2 2 2 2 2 2 2 2 2 2 2 2 2 2 2 2 2 2 2 2 2
left_child=1 2 3 14 7 -6 19 -5 22 10 12 27 15 23 31 -10 24 25 -14 -3 29 -16 -2 -12 -11 34 -15 -8 -24 -21 -29 -1 -30 -18 -4 -27 -19
right_child=8 6 17 4 5 -7 11 -9 9 16 13 -13 18 26 21 -17 33 36 -20 20 -22 -23 28 -25 -26 35 -28 30 32 -31 -32 -33 -34 -35 -36 -37 -38
leaf_value=-0.0031934048530937575 -0.0036550415688008072 -0.0097764995713793754 0.0051088775432948019 0.0040286540670320392 -0.0086363489877729297 0.0025091483862991915 0.0069942546207935391 -0.0040516456769945728 -0.00042543919076296419 -0.00095629783456142132 0.00048181750055676384 -0.0052334682730259376 -0.011943414712982965 -0.0025527096326270742 0.0050788758059043858 -0.0086043321884641758 -0.0048288990920261725 0.0032517949067987499 -0.0051956501636706608 -0.0016190635227146285 -0.00033056225467395658 -0.00048234389377210075 0.0043896188203388035 -0.0038739797044607502 0.0056949791201660709 0.0052874059275377031 -0.0081274730580788799 0.0039676682285793964 0.0025481473848796804 -0.0062632052727560625 0.00045247296862920428 0.00077446932142487908 -0.0012510675016185269 -0.0010516521719000911 0.0014314719319124434 0.0080061111817471969 0.00012752179079689085
leaf_weight=64 72 71 72 177 110 1469 75 1040 107 62 241 77 263 60 770 96 60 65 68 65 117 65 108 147 90 99 183 139 62 251 130 146 97 112 65 380 61
leaf_count=64 72 71 72 177 110 1469 75 1040 107 62 241 77 263 60 770 96 60 65 68 65 117 65 108 147 90 99 183 139 62 251 130 146 97 112 65 380 61
internal_value=-9.18772e-05 0.00101911 0.00159876 0.000783158 -0.000279439 0.00171717 -0.00184765 -0.00286861 -0.00343614 -0.00438688 -0.0056383 0.00177232 -0.00828206 -0.00337076 0.00361986 -0.00436712 0.000120223 0.00579926 -0.0106193 -0.00486603 -0.00399683 0.0046446 0.00073872 -0.00118295 0.00300951 0.00660608 -0.00680297 0.00337504 0.00195471 -0.00533527 0.00229628 -0.000458038 0.000243968 -0.0024352 0.00343933 0.00748269 0.00178514
internal_weight=7336 5508 4583 3841 2796 1579 925 1217 1828 1489 1165 421 534 631 1045 203 324 742 331 504 433 835 339 388 152 616 243 344 267 316 269 210 159 172 137 479 126
internal_count=7336 5508 4583 3841 2796 1579 925 1217 1828 1489 1165 421 534 631 1045 203 324 742 331 504 433 835 339 388 152 616 243 344 267 316 269 210 159 172 137 479 126
is_linear=0
shrinkage=0.02


Tree=5
num_leaves=37
num_cat=0
split_feature=31 36 37 37 36 37 15 34 5 35 40 38 34 36 40 16 37 36 35 13 25 39 36 33 36 11 30 45 40 40 48 5 5 35 46 47
split_gain=66.0167 23.3559 37.2653 27.7481 32.8522 29.9581 27.4445 22.774 18.3128 13.4147 12.4073 17.204 19.8044 10.3444 9.70751 6.91235 14.4042 6.08036 5.66105 5.6884 5.44035 5.11192 4.89924 3.75065 3.16128 2.9494 2.2174 2.00861 1.91168 1.38912 1.31913 1.19856 1.1497 0.911425 0.816811 0.5745
threshold=1.7713619470596316 0.46758414804935461 0.024320054799318317 0.0092025934718549269 0.23273799568414691 0.011803861707448961 0.26724137365818029 0.12858997285366061 1.7829512953758242 0.43668305873870855 1.1119956374168398 -0.10392303392291068 0.14273875951766971 0.31290401518344885 0.81025385856628429 0.022363173775374893 0.020156503655016426 0.40407690405845648 0.34485872089862829 -0.087741568684577928 15.007168769836428 0.68996548652648937 0.52559611201286327 0.011671449057757856 0.15385556966066363 0.013752560596913101 0.080860175192356123 0.5524578094482423 0.86035150289535534 1.1995881199836733 0.1241746135056019 0.67879632115364086 1.0775461196899416 0.33700302243232733 0.29548789560794836 0.3706896454095841
decision_type=2 2 2 2 2 2 2 2 2 2 2 2 2 2 2 2 2 2 2 2 2 2 2 2 2 2 2 2 2 2 2 2 2 2 2 2
left_child=1 2 3 14 6 -6 -5 15 10 25 11 21 13 -13 27 34 -17 28 19 26 -14 -2 -18 -16 -23 -9 -12 -1 30 -21 -4 -30 -20 -27 -3 -36
right_child=8 7 17 4 5 -7 -8 9 -10 -11 18 12 20 -15 23 16 22 -19 32 29 -22 24 -24 -25 -26 33 -28 -29 31 -31 -32 -33 -34 -35 35 -37
leaf_value=0.0011035606991533903 -0.0047641350416713123 -0.0092802125033220814 0.0067143317178794829 0.0032201266976817 -0.0081315485454123964 0.0024692010359277641 -0.0040915473682910704 0.0069664511570973059 -0.011059559417037486 -0.0057458976748876456 0.0018075687273958465 -0.0094528262304520039 -0.0050326720122017407 -0.0045006932480433394 0.0049349969198623847 -0.0076099594851645339 0.0059622769838932792 0.0015320708975703878 -0.0049289045537589116 0.0024754872826196141 0.00045984574938156159 0.0049273924317261939 -0.0015977109342735882 -4.9232066458310283e-05 7.4401324408916906e-05 0.0032627841975869151 -0.0032323677259823913 -0.0030267622652625304 0.0080589541992925878 0.0067643855519385803 0.0026464418023359028 0.0047559256904028558 -0.0013744299869832336 0.00084379101696267604 -0.0048987584460596992 -0.0076918245199165541
leaf_weight=133 65 70 63 255 112 1472 1010 67 113 79 61 342 98 353 772 111 63 107 61 63 250 70 69 65 205 154 74 69 337 69 77 71 95 110 103 77
leaf_count=133 65 70 63 255 112 1472 1010 67 113 79 61 342 98 353 772 111 63 107 61 63 250 70 69 65 205 154 74 69 337 69 77 71 95 110 103 77
internal_value=-0.000153813 0.000970227 0.00155429 0.000808386 -0.000212483 0.00170507 -0.00261273 -0.00196251 -0.00334082 0.00151354 -0.00283977 -0.00375485 -0.00502527 -0.00696916 0.00360118 -0.00484704 -0.00239455 0.00595649 0.000155084 0.0019193 -0.00111384 0.000149312 0.00205537 0.00454795 0.00135315 0.0032852 -0.000958028 -0.000326062 0.00680552 0.00482532 0.00458644 0.00752551 -0.00283738 0.00227942 -0.00717024 -0.00620554
internal_weight=7365 5446 4543 3888 2849 1584 1265 903 1919 410 1806 1383 1043 695 1039 493 243 655 423 267 348 340 132 837 275 331 135 202 548 132 140 408 156 264 250 180
internal_count=7365 5446 4543 3888 2849 1584 1265 903 1919 410 1806 1383 1043 695 1039 493 243 655 423 267 348 340 132 837 275 331 135 202 548 132 140 408 156 264 250 180
is_linear=0
shrinkage=0.02


Tree=6
num_leaves=38
num_cat=0
split_feature=31 36 37 37 36 37 15 34 5 38 34 36 40 16 37 37 36 16 36 36 40 38 41 36 5 41 44 17 45 6 18 48 40 37 31 46 10
split_gain=62.3811 20.6591 34.3398 25.2232 29.1243 29.4286 25.4684 21.2251 18.58 13.3322 29.1736 12.9896 9.70565 7.79795 12.4893 7.27244 6.849 8.87168 5.84474 5.48699 5.48179 5.38832 4.52685 4.13575 4.13199 3.67116 3.19436 2.23784 2.16543 2.08038 2.05662 1.78771 1.72551 1.7069 1.62732 1.35554 0.766427
threshold=1.7574158906936648 0.46758414804935461 0.024320054799318317 0.0092025934718549269 0.23273799568414691 0.011803861707448961 0.26724137365818029 0.12574603408575061 1.7829512953758242 -0.051388181746006005 0.14323943853378299 0.28546288609504705 0.81820997595787059 0.022363173775374893 0.020030216313898567 0.012663553003221752 0.45319065451622015 0.022363173775374893 0.48688882589340216 0.40407690405845648 0.76854977011680614 -0.019811791367828843 0.535831779241562 0.52559611201286327 0.9466167986392976 0.48260690271854406 0.023275421932339672 1.1645008325576784 0.50531914830207836 0.034167354926466949 0.043436400592327125 0.40040352940559393 0.92192929983139049 0.012626518029719593 2.590935587882996 0.29548789560794836 0.02437789831310511
decision_type=2 2 2 2 2 2 2 2 2 2 2 2 2 2 2 2 2 2 2 2 2 2 2 2 2 2 2 2 2 2 2 2 2 2 2 2 2
left_child=1 2 3 12 6 -6 -5 13 9 16 11 21 28 35 -15 31 20 -18 -13 30 -2 -11 29 -16 -22 -14 33 -17 -1 -9 32 -12 -4 -24 -19 -3 -37
right_child=8 7 19 4 5 -7 -8 22 -10 10 15 18 25 14 23 27 17 34 -20 -21 24 -23 26 -25 -26 -27 -28 -29 -30 -31 -32 -33 -34 -35 -36 36 -38
leaf_value=0.0014064010174915892 -0.0046933955901509354 -0.009270810882890999 0.0054773673384237512 0.0033301709381168684 -0.0080675588359958254 0.0024945597380756045 -0.0037715551953937734 0.007193963596683282 -0.010873634949042383 -0.0057369248995620924 0.00035776187106966974 -0.0012728560216308227 0.0067260466486412209 -0.0070579568563047257 0.0057765688280941863 -0.0012503326396467937 -0.0096979425000026827 0.00075630580844357617 -0.0065406791434729876 0.0013927462484576917 -0.0023394682017976744 -0.012188203676173124 0.0032648681380475558 -0.0011294779054493317 0.0025889821277522195 0.0036556181966841401 -0.0032218346704073527 -0.0053866893354464667 -0.0026283644179782863 0.0022234311728592379 0.0040548769041803502 0.0047396656436938791 0.0083400590518903795 -0.00064927835781127224 -0.0031889514807909207 -0.0046155140479844309 -0.0077470426451533084
leaf_weight=125 60 76 172 249 111 1424 1021 62 115 85 61 149 222 100 63 274 61 97 198 98 82 183 99 71 343 591 78 63 88 80 118 97 260 77 69 126 60
leaf_count=125 60 76 172 249 111 1424 1021 62 115 85 61 149 222 100 63 274 61 97 198 98 82 183 99 71 343 591 78 63 88 80 118 97 260 77 69 126 60
internal_value=-9.45565e-05 0.00101511 0.00156874 0.000846062 -0.000135981 0.00171589 -0.00237382 -0.00175966 -0.00316881 -0.00266488 -0.00403235 -0.00693043 0.00352443 -0.00450532 -0.00181138 -0.000409639 -0.000523627 -0.00336801 -0.00431186 0.0058161 0.000818133 -0.0102319 0.00168486 0.00216549 0.00162601 0.00451691 7.04501e-05 -0.00206725 -0.000269268 0.0045045 0.00659062 0.00309232 0.00724822 0.00156466 -0.000905171 -0.00685985 -0.00573791
internal_weight=7308 5371 4479 3831 2805 1535 1270 892 1937 1822 1110 615 1026 496 234 495 712 227 347 648 485 268 396 134 425 813 254 337 213 142 550 158 432 176 166 262 186
internal_count=7308 5371 4479 3831 2805 1535 1270 892 1937 1822 1110 615 1026 496 234 495 712 227 347 648 485 268 396 134 425 813 254 337 213 142 550 158 432 176 166 262 186
is_linear=0
shrinkage=0.02


Tree=7
num_leaves=36
num_cat=0
split_feature=31 30 37 5 34 38 36 36 35 38 34 38 36 37 3 40 30 35 39 46 40 40 33 35 36 13 43 37 48 39 30 47 31 32 32
split_gain=60.9779 21.1624 25.835 18.9588 15.8672 24.0362 42.9242 18.9523 12.5771 12.1795 17.7597 15.1146 13.6197 9.10546 9.79895 9.0771 5.97712 5.12774 4.54156 3.28168 3.12756 3.72079 2.83732 2.62738 2.49771 2.48496 2.8471 2.48493 1.86253 1.78058 1.62777 1.56448 1.29619 0.82481 0.617258
threshold=1.7574158906936648 -0.41561146080493921 0.0092025934718549269 1.7829512953758242 0.14022717624902728 -0.030140510760247704 0.29404555261135107 0.4634817391633988 0.43158096075057989 -0.12042337283492087 0.14323943853378299 -0.020591977983713147 0.28546288609504705 0.023636833764612678 -0.086054500192403779 0.83614233136177074 0.68471211194992077 0.4131967574357987 0.70245978236198436 0.18103448301553729 0.77561545372009288 0.88220158219337474 0.011671449057757856 -0.027742599137127396 0.38160218298435217 -0.27223080396652216 0.10869843140244485 0.0098810642957687395 0.52457812428474437 0.6023710072040559 -0.054042359814047806 0.46680118143558508 2.2347247600555424 1.0879696607589724 1.4322221279144289
decision_type=2 2 2 2 2 2 2 2 2 2 2 2 2 2 2 2 2 2 2 2 2 2 2 2 2 2 2 2 2 2 2 2 2 2 2
left_child=1 13 15 9 5 7 -7 -4 18 20 11 16 -13 14 19 29 -11 27 -6 -1 -2 -22 23 -17 33 -16 -27 -12 -21 -3 -23 -31 -19 -15 -35
right_child=3 2 4 -5 8 6 -8 -9 -10 10 17 12 -14 24 25 22 -18 32 -20 28 21 30 -24 -25 -26 26 -28 -29 -30 31 -32 -33 -34 34 -36
leaf_value=0.0014997276483582991 -0.0033380262167266904 -0.0026550520172036467 0.00078414960188452523 -0.010835218294744845 0.0062375706963475564 -0.011026207806194193 0.00014887823853336398 -0.0040450198475135172 -0.0052018739760640153 -0.0035746582323148597 0.0038093478684369697 -0.011938313784830748 -0.0045020754492273102 0.0049571082467250154 0.0070982194185368165 0.0015105449964667686 0.0029629683587118049 -0.0013324981293094066 0.0021490538380670226 -0.005817848543272071 0.0047581919056235104 -0.0026181097868256844 0.00044837106438353657 0.0054000565486655777 0.002545567440561568 0.0022190323027063835 0.0057069871377099833 -9.2750622550013403e-05 -0.00092202275482908128 0.0024520422690654294 0.0012117415064363739 -0.0014147360234972881 -0.0052957147862762212 0.0086231323989049997 0.0055384399907952046
leaf_weight=82 60 70 1566 117 140 249 302 407 80 469 80 185 221 98 64 84 61 60 488 66 95 62 65 531 75 467 118 303 60 112 137 63 81 125 68
leaf_count=82 60 70 1566 117 140 249 302 407 80 469 80 185 221 98 64 84 61 60 488 66 95 62 65 531 75 467 118 303 60 112 137 63 81 125 68
internal_value=-7.70538e-05 0.00101721 0.000335675 -0.00312318 -0.000508167 -0.00125062 -0.00493176 -0.000216158 0.00213137 -0.00260814 -0.00341385 -0.00506015 -0.00795567 0.00332646 0.00218375 0.0032773 -0.0028079 -0.00045919 0.00308741 -0.00157366 0.000712812 0.00156825 0.00446199 0.00488034 0.00595993 0.00339121 0.00294981 0.00074299 -0.00356991 -2.0994e-05 0 0.001054 -0.00367908 0.00680156 0.00764281
internal_weight=7311 5380 4157 1931 3232 2524 551 1973 708 1814 1460 936 406 1223 857 925 530 524 628 208 354 294 680 615 366 649 585 383 126 245 199 175 141 291 193
internal_count=7311 5380 4157 1931 3232 2524 551 1973 708 1814 1460 936 406 1223 857 925 530 524 628 208 354 294 680 615 366 649 585 383 126 245 199 175 141 291 193
is_linear=0
shrinkage=0.02


Tree=8
num_leaves=32
num_cat=0
split_feature=5 37 30 16 37 36 35 40 36 5 35 35 37 41 40 41 36 36 35 41 36 41 12 36 32 33 4 41 35 39 41
split_gain=45.4422 28.1143 34.7892 19.1395 22.2985 27.7065 22.1525 16.9431 14.0737 12.8043 12.4409 13.7844 11.1343 9.51834 9.37565 8.3058 8.20313 7.20583 6.22125 6.2063 4.58611 3.93261 3.9245 3.48581 3.37568 3.28029 2.01835 1.92478 1.89401 0.897281 0.755303
threshold=1.0829605460166933 0.0092025934718549269 -0.35348322987556452 0.027128291316330436 0.01059157866984606 0.49628871679306036 0.38782048225402838 1.1322878003120425 -0.046342747285962098 1.7829512953758242 0.059449544176459319 0.21415767818689349 0.023636833764612678 0.52231800556182872 0.81820997595787059 0.5617721974849702 0.23834132403135302 0.39382423460483557 0.021975278854370121 0.62675088644027721 0.098120044916868224 0.36185322701931005 -0.17774853855371472 0.60960543155670177 1.070819139480591 0.011367707047611477 0.60080343484878551 0.68801790475845348 0.015187972690910103 0.77632379531860363 0.65323036909103405
decision_type=2 2 2 2 2 2 2 2 2 2 2 2 2 2 2 2 2 2 2 2 2 2 2 2 2 2 2 2 2 2 2
left_child=1 14 12 4 8 -6 13 9 -4 10 24 19 16 -5 28 -13 20 30 -18 -12 -3 -16 -23 27 -2 -24 -8 -9 -1 -30 -14
right_child=7 2 3 6 5 -7 26 23 -10 -11 11 15 17 -15 21 -17 18 -19 -20 -21 -22 22 25 -25 -26 -27 -28 -29 29 -31 -32
leaf_value=-0.0022387324009118053 -0.0016896379586616786 0.0031214561174552026 -0.00067345929374346277 0.0061720516081294561 -0.00028738627418337288 -0.0057402876398561387 -0.0062479235873846659 0.0051660892581337214 -0.0097702086055607585 -0.011832574345980481 -0.010954499428655872 -0.00041452308010401785 0.0083485050594092024 0.0012777263796935568 0.0080998976652444619 -0.0062233408122270018 -0.0031513853780777441 0.00029254505259818152 0.0035626452651394665 -0.0033220142206797994 -0.002988945236382547 -0.00090792877316030109 0.0047642129064755841 -0.0024218668940505293 0.0038673419823155621 0.0010774741829062502 -0.0016009257677055541 0.00039911093746149352 -0.00047745501401905832 0.0026629812891326198 0.0058552088819137276
leaf_weight=99 106 62 101 268 2199 446 113 78 210 96 185 215 95 391 96 180 60 92 470 60 200 64 636 63 70 117 60 60 62 81 261
leaf_count=99 106 62 101 268 2199 446 113 78 210 96 185 215 95 391 96 180 60 92 470 60 200 64 636 63 70 117 60 60 62 81 261
internal_value=-0.000129871 0.000540183 -0.000106623 -0.00105879 -0.00181288 -0.00121269 0.00161609 -0.00384453 -0.0068538 -0.00500027 -0.00415485 -0.00544474 0.00279682 0.0032886 0.00334973 -0.00309105 0.00136067 0.00530758 0.00278723 -0.00915215 -0.00152023 0.00427477 0.00379609 0.00139095 0.000542712 0.00419924 -0.00469669 0.00315317 -0.000145693 0.00131271 0.00658754
internal_weight=7296 6183 5028 3788 2956 2645 832 1113 311 912 816 640 1240 659 1155 395 792 448 530 245 262 913 817 201 176 753 173 138 242 143 356
internal_count=7296 6183 5028 3788 2956 2645 832 1113 311 912 816 640 1240 659 1155 395 792 448 530 245 262 913 817 201 176 753 173 138 242 143 356
is_linear=0
shrinkage=0.02


Tree=9
num_leaves=37
num_cat=0
split_feature=31 30 37 17 35 35 38 36 40 38 34 46 38 37 40 45 35 17 46 31 30 41 31 31 36 40 48 39 40 35 41 16 32 39 10 38
split_gain=56.2954 20.7906 25.8282 17.1914 14.4904 26.9132 18.2262 13.9155 13.3192 17.4739 16.1671 13.0026 12.3938 9.82878 8.81276 6.40998 6.2467 5.33402 5.04403 4.34194 3.1527 3.13721 3.49991 3.03688 2.93866 2.73937 2.37114 2.30835 2.22918 1.86385 1.73168 1.39272 1.00974 0.776538 0.685196 0.237708
threshold=1.7383901476860049 -0.35348322987556452 0.0092467982321977633 1.7702111005783083 0.22626094520092013 0.43158096075057989 -0.17280334979295728 0.52094960212707531 1.1204792261123659 -0.11898744478821753 0.14378764480352405 0.10491563007235528 -0.022771123796701428 0.024551026523113254 0.82829684019088756 0.65737342834472667 -0.021133447065949437 0.95684388279914867 0.88646370172500621 0.65451550483703624 0.034384733065962798 0.46099384129047399 0.97650215029716503 0.87533646821975719 0.39061032235622412 0.77561545372009288 0.61023476719856273 0.90410777926445018 0.88409370183944713 0.015187972690910103 0.65949809551239025 0.020001715049147609 0.96881666779518139 0.79655426740646373 0.01028094068169594 -0.10655303671956061
decision_type=2 2 2 2 2 2 2 2 2 2 2 2 2 2 2 2 2 2 2 2 2 2 2 2 2 2 2 2 2 2 2 2 2 2 2 2
left_child=1 13 14 8 6 7 23 -6 9 25 12 -8 -11 15 29 16 27 -12 20 -18 -10 34 -23 -4 32 -2 -7 -1 -27 -3 -22 -17 -15 -31 -16 -34
right_child=3 2 4 -5 5 26 11 -9 18 10 17 -13 -14 24 21 31 19 -19 -20 -21 30 22 -24 -25 -26 28 -28 -29 -30 33 -32 -33 35 -35 -36 -37
leaf_value=-0.0052391273501136947 -0.0028596671453032354 -0.0024100722669716922 0.00022416431504075952 -0.011749987327504431 0.0049310397716825372 -0.003876462795865837 -0.0066922283380263896 -0.00062002442290169635 0.0019425315756921293 -0.0038507725876259892 0.001255828663434934 -0.0016100742778407287 -0.0088916086834667125 0.0041813100340874175 0.0046555617114839454 0.0065965615364433341 0.0035512557143594476 -0.0034752338136437582 0.0041885631953408435 0.00025299626447727641 3.9269398421137817e-05 0.0044376119153895785 0.00077627112998782349 0.005479572347359153 0.0016905168780770442 0.004129541304243806 -0.0091844035676166193 -0.00042948610755493466 0.00017777119937659026 -0.00033224715999630649 -0.0036896011375668128 0.0030234548259653487 0.0080347310479183306 0.0028191055546085988 0.0077955059077357879 0.0059045104152908676
leaf_weight=60 62 97 63 84 489 86 226 284 108 425 182 1718 373 73 69 116 357 194 107 289 81 377 147 148 62 93 64 112 143 60 124 85 140 60 99 96
leaf_count=60 62 97 63 84 489 86 226 284 108 425 182 1718 373 73 69 116 357 194 107 289 81 377 147 148 62 93 64 112 143 60 124 85 140 60 99 96
internal_value=-0.00015633 0.000904528 0.000169237 -0.00304059 -0.000705772 0.00138743 -0.00160345 0.00289578 -0.0026354 -0.00353028 -0.00462589 -0.00221082 -0.00623268 0.00300797 0.00312581 0.00198134 0.00118376 -0.00119075 0.000501376 0.00208525 -0.000783733 0.00422457 0.00342264 0.00394023 0.00578657 0.000785755 -0.0062834 -0.00217403 0.00177151 -0.000383342 -0.00223212 0.00515713 0.00658107 0.00126563 0.00661604 0.00725738
internal_weight=7353 5377 3987 1976 3078 923 2155 773 1892 1472 1174 1944 798 1390 909 1019 818 376 420 646 313 692 524 211 371 298 150 172 236 217 205 201 309 120 168 236
internal_count=7353 5377 3987 1976 3078 923 2155 773 1892 1472 1174 1944 798 1390 909 1019 818 376 420 646 313 692 524 211 371 298 150 172 236 217 205 201 309 120 168 236
is_linear=0
shrinkage=0.02


Tree=10
num_leaves=37
num_cat=0
split_feature=31 30 37 17 38 34 36 38 40 35 35 35 37 3 40 37 46 41 31 11 35 41 40 40 36 40 40 3 46 19 41 3 32 41 39 4
split_gain=55.7424 21.9441 26.7675 17.0539 14.9674 19.5766 28.0202 12.8239 16.6813 14.1334 12.5607 12.1564 9.25733 8.61373 7.78277 7.71434 5.69379 3.99744 3.27499 3.23447 3.5579 3.02093 2.99438 3.11351 2.91805 2.55837 3.26833 2.142 2.11091 1.80536 1.72462 1.43472 1.30058 1.16113 0.813273 0.221982
threshold=1.7574158906936648 -0.35348322987556452 0.0092025934718549269 1.7702111005783083 -0.16921504586935041 0.14022717624902728 0.227479062974453 -0.12042337283492087 1.1204792261123659 0.21415767818689349 0.12650819867849353 0.43158096075057989 0.024551026523113254 -0.090317763388156877 0.87212085723876964 0.012663553003221752 0.88646370172500621 0.48260690271854406 0.97650215029716503 0.022639751434326175 1.0000000180025095e-35 0.66129964590072643 1.1866874694824221 0.92514261603355419 0.36473333835601812 0.77561545372009288 0.88409370183944713 -0.048551840707659714 0.27622890472412115 -0.048619093373417847 0.39128826558589941 0.012633690610527994 0.96881666779518139 0.72254818677902233 1.2311058640480044 0.28211951255798345
decision_type=2 2 2 2 2 2 2 2 2 2 2 2 2 2 2 2 2 2 2 2 2 2 2 2 2 2 2 2 2 2 2 2 2 2 2 2
left_child=1 12 14 7 28 6 -6 25 9 10 -9 -7 13 19 27 -11 21 31 -19 20 -1 -10 23 -15 32 -2 -27 -3 -4 -28 -29 -16 -14 -30 -24 -34
right_child=3 2 4 -5 5 11 -8 8 16 15 -12 -13 24 22 17 -17 -18 18 -20 -21 -22 -23 34 -25 -26 26 29 30 33 -31 -32 -33 35 -35 -36 -37
leaf_value=-0.0021926807218728816 -0.0028699494152669871 -0.0022863268566389494 0.0012155232616843513 -0.011718661548786386 -0.0053908054308375968 0.0029106847685897068 -0.00048905639695930655 -0.0028783493434328855 0.001353317330491596 0.0034562038844690108 -0.0092320123688194294 -0.0055010909082797857 0.0039785396695882084 0.0019435245057718609 0.0044719720494673203 -0.0032850647945149472 0.0045848881341997031 0.0045876548934547651 0.00074426727211304331 -0.0038760344941545987 0.0042954782537879448 -0.0030356351237718045 -0.0013816632546295297 0.0047772907111037358 0.0020593640804306089 0.0045411767706020987 0.0026965057872970341 -0.0010247332773126094 0.0071582683075219391 -0.0012278093027855283 0.0027285238815373024 0.0087051679876588659 0.0082387480465065041 0.0035358342427637551 0.0018179741357406973 0.0061176322225375843
leaf_weight=70 60 75 75 83 672 582 1514 202 109 75 340 75 72 269 65 539 94 307 127 102 60 140 61 391 73 96 68 69 77 135 153 102 130 88 60 103
leaf_count=70 60 75 75 83 672 582 1514 202 109 75 340 75 72 269 65 539 94 307 127 102 60 140 61 391 73 96 68 69 77 135 153 102 130 88 60 103
internal_value=-9.3204e-05 0.000956371 0.000199751 -0.00299556 -0.00068561 -0.00109207 -0.00200169 -0.00258709 -0.00339904 -0.00454578 -0.00689476 0.00192828 0.00311599 0.00210685 0.00323263 -0.0024472 0.000468815 0.00453653 0.0034781 -0.00126142 0.00082368 -0.00111716 0.00310969 0.00363784 0.00577985 0.000800508 0.00156156 0.000571785 0.00407915 0.000102011 0.00155942 0.00717139 0.00663835 0.0053299 0.000202467 0.00739501
internal_weight=7313 5372 3981 1941 3083 2843 2186 1858 1499 1156 542 657 1391 1013 898 614 343 601 434 232 130 249 781 660 378 359 299 297 240 203 222 167 305 165 121 233
internal_count=7313 5372 3981 1941 3083 2843 2186 1858 1499 1156 542 657 1391 1013 898 614 343 601 434 232 130 249 781 660 378 359 299 297 240 203 222 167 305 165 121 233
is_linear=0
shrinkage=0.02


Tree=11
num_leaves=39
num_cat=0
split_feature=31 30 37 17 34 38 36 36 40 38 34 36 11 37 3 40 17 36 40 36 41 31 41 9 36 3 36 46 37 30 48 47 39 43 28 32 40 38
split_gain=55.3239 19.5315 23.723 15.7169 13.4147 21.5611 39.1724 16.0288 12.4003 14.9873 17.4576 10.5427 8.95389 8.49808 8.17675 6.06277 4.64375 4.36401 4.28392 5.64057 4.27534 4.12996 4.06448 3.62096 3.4259 3.20087 2.92372 2.47599 2.10345 1.87424 1.84572 1.89726 1.53479 1.27771 1.07801 1.07206 0.785012 0.532549
threshold=1.7574158906936648 -0.35348322987556452 0.009019498713314535 1.7702111005783083 0.14220891147851947 -0.030140510760247704 0.29404555261135107 0.52559611201286327 1.1119956374168398 -0.10392303392291068 0.14378764480352405 0.30809167027473455 0.012384406290948393 0.024551026523113254 -0.11383873969316481 0.86954143643379223 0.95684388279914867 0.45319065451622015 0.76854977011680614 0.17424617707729342 0.48260690271854406 0.97650215029716503 0.69069969654083263 0.017499038949608806 0.21370340138673785 0.17856880277395251 0.39061032235622412 0.18103448301553729 0.013203364796936514 0.061488984152674682 0.1241746135056019 0.50531914830207836 1.025361239910126 0.14614354074001315 0.62500000000000011 1.0938764810562136 1.0775657296180727 -0.10655303671956061
decision_type=2 2 2 2 2 2 2 2 2 2 2 2 2 2 2 2 2 2 2 2 2 2 2 2 2 2 2 2 2 2 2 2 2 2 2 2 2 2
left_child=1 13 15 8 5 7 -7 -4 9 18 11 -11 34 14 27 30 -12 25 -2 -20 36 -22 -14 -16 -25 -10 35 -1 -19 -30 -3 -32 -29 -27 -6 -15 -17 -37
right_child=3 2 4 -5 12 6 -8 -9 17 10 16 -13 22 26 23 20 -18 28 19 -21 21 -23 -24 24 -26 33 -28 32 29 -31 31 -33 -34 -35 -36 37 -38 -39
leaf_value=0.0011155847376322044 -0.0042397697384823378 -0.0020252865422869838 0.00046950120100842067 -0.011382111740419094 0.0077118663540376086 -0.010662642437873071 0.00012394034533020688 -0.0049675881108982613 -0.000398261145237334 -0.0090382618247733509 0.0013342977567120792 -0.0041369864321704796 0.0019901755782719311 0.0045161477196643245 0.0074554296596483754 0.0094963134437566626 -0.0031645948507036032 0.0014781861278873223 0.0060883819443277188 -0.00039003721764529819 0.0047884790621100194 0.00020025476279628016 -0.0017047541693994595 -7.364640937135354e-05 0.003213245098676746 0.0022457795702064266 0.0015341198304112055 -0.0054877633372379933 5.150417338997598e-06 -0.0044247494801264078 0.0031114304986020382 -0.00094289588669072032 -0.00095331275622759551 0.0064794280638452622 0.0041166376860292501 0.0083361875472306203 0.0058088985262548225 0.0056058348409913396
leaf_weight=82 68 63 1725 82 81 241 300 245 94 331 173 393 328 114 63 61 189 62 69 210 265 112 183 160 596 62 64 61 60 100 140 66 60 61 83 115 82 88
leaf_count=82 68 63 1725 82 81 241 300 245 94 331 173 393 328 114 63 61 189 62 69 210 265 112 183 160 596 62 64 61 60 100 140 66 60 61 83 115 82 88
internal_value=-7.44712e-05 0.000972696 0.000255597 -0.00295418 -0.000513736 -0.00118687 -0.00471164 -0.000212703 -0.00256685 -0.00346625 -0.00461964 -0.00640719 0.00198303 0.0029988 0.00203643 0.00335362 -0.00101854 0.000370328 0.00014932 0.00125633 0.00460968 0.00344037 0.00066277 0.00292553 0.00251875 0.00237285 0.00554161 -0.00153617 -0.00158819 -0.00278788 0.000897816 0.0018128 -0.0033248 0.00445761 0.00600496 0.00632559 0.00755151 0.00725632
internal_weight=7332 5378 3975 1954 3186 2511 541 1970 1872 1433 1086 724 675 1403 1022 789 362 439 347 279 520 377 511 819 756 217 381 203 222 160 269 206 121 123 164 317 143 203
internal_count=7332 5378 3975 1954 3186 2511 541 1970 1872 1433 1086 724 675 1403 1022 789 362 439 347 279 520 377 511 819 756 217 381 203 222 160 269 206 121 123 164 317 143 203
is_linear=0
shrinkage=0.02


Tree=12
num_leaves=35
num_cat=0
split_feature=31 35 35 37 36 37 36 16 38 40 35 35 31 41 40 44 34 35 38 41 48 47 13 40 11 39 38 41 44 40 34 46 40 40
split_gain=50.5488 19.0081 26.2206 23.6062 19.1846 27.5559 17.5129 15.5103 14.0827 17.7631 14.2688 10.986 9.10583 9.33683 7.92064 7.74238 7.09336 5.27814 4.65238 4.53681 3.8174 3.67704 3.35581 3.61243 2.81881 2.75886 2.49291 2.2784 2.21984 2.17971 1.36148 1.209 1.01942 0.861613
threshold=1.7856917977333071 0.43158096075057989 0.23334448039531711 0.0092025934718549269 0.4634817391633988 0.022681221365928653 0.52094960212707531 0.026381140574812893 -0.1211651638150215 1.0775657296180727 0.22061534970998767 0.12650819867849353 3.2288579940795903 0.5617721974849702 0.8800683617591859 0.03187124431133271 0.14156537503004077 0.34313569962978369 -0.080295715481042848 0.5024629831314088 0.80080705881118786 0.61023476719856273 -0.28251369297504419 0.88220158219337474 0.016686066985130314 0.65530887246131908 -0.11607764661312102 0.7306497097015382 0.02748055569827557 0.80766865611076366 0.17870318889617923 0.90517240762710582 1.1800896525382998 1.1703199744224551
decision_type=2 2 2 2 2 2 2 2 2 2 2 2 2 2 2 2 2 2 2 2 2 2 2 2 2 2 2 2 2 2 2 2 2 2
left_child=1 2 3 14 5 -5 18 -8 22 10 11 15 13 -12 25 -10 -13 20 29 -16 32 -3 -2 -24 -9 -1 -6 -20 -14 -4 33 -25 -11 -19
right_child=8 21 6 4 26 -7 7 24 9 17 12 16 28 -15 19 -17 -18 30 27 -21 -22 -23 23 31 -26 -27 -28 -29 -30 -31 -32 -33 -34 -35
leaf_value=-0.0023842729555692559 -0.0033416448620105666 -0.003261775945471061 0.0037287926344539632 -0.00092732438685384679 -0.0019941176758280824 0.0043116023556278634 -0.0058223407539676458 0.0058478700614430839 -0.0010550566406562828 0.0021911183796326024 0.0010838993918360735 -0.010832928685842309 -0.0038770364796121915 -0.0050930455840523204 0.0066443292322428014 -0.0094162575917434883 -0.0031502361881976517 -0.0054829802273236436 0.0047024914567571022 0.0030933166165615484 -0.0008763496804524933 -0.0094170710375857721 0.0043700478048119534 -0.0014304532297450092 0.0010551725102845451 0.0015615049818390803 -0.0065557869225792119 0.0010002460226061799 -0.0089740505389869218 0.0082239573209240933 -0.00019549575599376112 0.0019755380082960156 0.0059975826276931913 -0.0020068524232850628
leaf_weight=94 63 118 63 2287 67 484 119 87 148 62 263 282 69 152 209 61 62 63 449 495 111 60 114 110 113 260 211 81 87 237 61 63 61 62
leaf_count=94 63 118 63 2287 67 484 119 87 148 62 263 282 69 152 209 61 62 63 449 495 111 60 114 110 113 260 211 81 87 237 61 63 61 62
internal_value=-7.13474e-05 0.000909316 0.00112833 0.000379835 -0.000513548 -8.22729e-06 0.00379495 -0.000185147 -0.00288245 -0.00370232 -0.00501067 -0.00729695 -0.00276815 -0.00119642 0.00294955 -0.00359884 -0.00949035 -0.000187872 0.005321 0.00417266 0.001799 -0.00546381 0.00073227 0.00165531 0.00320053 0.000499724 -0.00549298 0.00414737 -0.00684158 0.00732954 -0.00268166 -0.000171907 0.00418467 -0.00385408
internal_weight=7328 5434 5256 4107 3049 2771 1149 319 1894 1544 1124 553 571 415 1058 209 344 420 830 704 234 178 350 287 200 354 278 530 156 300 186 173 123 125
internal_count=7328 5434 5256 4107 3049 2771 1149 319 1894 1544 1124 553 571 415 1058 209 344 420 830 704 234 178 350 287 200 354 278 530 156 300 186 173 123 125
is_linear=0
shrinkage=0.02


Tree=13
num_leaves=36
num_cat=0
split_feature=31 30 37 5 38 36 34 36 38 34 36 37 40 3 36 40 37 36 46 38 5 36 30 35 45 30 8 33 6 35 16 46 40 40 47
split_gain=46.0347 19.0971 22.9735 16.0942 13.0685 17.7549 22.2815 15.9065 10.8553 23.3488 11.4206 8.39587 7.6793 7.01689 5.06199 5.12061 4.92677 4.77269 4.54299 3.84905 3.43824 3.2404 3.17532 2.99272 2.79299 3.01346 2.41589 2.37699 2.32417 1.66668 1.6445 1.23158 1.1348 1.27379 1.11872
threshold=1.7713619470596316 -0.35348322987556452 0.0092025934718549269 1.7829512953758242 -0.16921504586935041 0.23273799568414691 0.14323943853378299 0.4545710980892182 -0.051388181746006005 0.14323943853378299 0.28546288609504705 0.023636833764612678 0.82247287034988414 -0.11383873969316481 0.51894399523735057 0.75636720657348644 0.012663553003221752 0.48688882589340216 0.80080705881118786 -0.019811791367828843 0.9466167986392976 0.40547671914100653 0.0083907390944659727 -0.028445247560739514 0.65737342834472667 -0.69778713583946217 0.023289771750569347 0.011671449057757856 0.050930768251419074 0.015187972690910103 0.020001715049147609 0.41966252028942114 1.1403840184211733 0.81541553139686596 0.5524578094482423
decision_type=2 2 2 2 2 2 2 2 2 2 2 2 2 2 2 2 2 2 2 2 2 2 2 2 2 2 2 2 2 2 2 2 2 2 2
left_child=1 11 12 8 28 6 -6 -7 14 10 19 13 29 26 15 -2 34 -12 -16 -10 -17 32 -18 -14 25 -15 -1 -25 31 -3 -26 -4 33 -13 -11
right_child=3 2 4 -5 5 7 -8 -9 9 16 17 21 23 24 18 20 22 -19 -20 -21 -22 -23 -24 27 30 -27 -28 -29 -30 -31 -32 -33 -34 -35 -36
leaf_value=0.00035452855824202786 -0.0045133060152406125 -0.0022237945955301468 0.0032599652608832673 -0.00996528587062071 -0.0051170213671979572 0.0015260145672217132 0.001835998365342936 -0.0022094143351811895 -0.0054042803599414499 0.00065400121875158323 -0.00098884030428354535 0.003744708912771033 0.00034058789407745714 0.0036039614194118279 -8.1625695549407789e-05 -0.0022407940197400472 0.0014988464692216969 -0.0057594338833243429 -0.0063134386163725643 -0.01092030788941876 0.0022159772074101347 0.00099852284873182436 -0.0028576069180353369 0.004880263938720833 0.0063063185503308338 0.00071875414285659368 -0.0040303816556833075 0.00066211638922686691 0.0012232736107442028 0.0012661437182943734 0.0022936967576046782 0.0071598641629036707 0.0032449402642281107 0.007240132287486282 0.0040695654496059313
leaf_weight=119 64 99 75 114 699 1153 248 750 85 70 152 66 81 258 95 82 90 190 90 181 375 64 239 542 114 332 83 61 94 115 72 73 63 226 88
leaf_count=119 64 99 75 114 699 1153 248 750 85 70 152 66 81 258 95 82 90 190 90 181 375 64 239 542 114 332 83 61 94 115 72 73 63 226 88
internal_value=-0.000104902 0.000841897 0.000136354 -0.00276597 -0.000681695 -0.00106202 -0.00329507 5.21426e-05 -0.0022939 -0.0035381 -0.00614199 0.00285169 0.00294707 0.00182561 -0.00035595 0.000654161 -0.000267501 -0.0036691 -0.00317101 -0.00924131 0.00140472 0.00521432 -0.00166008 0.00397777 0.00268843 0.00199396 -0.00147493 0.00446059 0.00375137 -0.000352176 0.0048194 0.00529422 0.00595682 0.00649958 0.00260294
internal_weight=7302 5387 3990 1915 3092 2850 947 1903 1801 1095 608 1397 898 978 706 521 487 342 185 266 457 419 329 684 776 590 202 603 242 214 186 148 355 292 158
internal_count=7302 5387 3990 1915 3092 2850 947 1903 1801 1095 608 1397 898 978 706 521 487 342 185 266 457 419 329 684 776 590 202 603 242 214 186 148 355 292 158
is_linear=0
shrinkage=0.02


Tree=14
num_leaves=34
num_cat=0
split_feature=31 30 37 38 34 36 5 38 34 38 36 11 37 3 37 9 30 48 9 36 36 46 36 13 41 30 41 11 41 43 36 43 31
split_gain=48.076 17.8673 23.0945 16.3316 19.6132 28.2215 14.98 10.8833 14.7579 11.4588 11.4109 8.14984 8.04466 6.9873 4.61727 4.5918 3.31147 3.1586 3.03791 3.20813 2.94805 2.8198 2.77681 2.72752 2.36249 2.15292 2.04733 1.85366 1.1534 1.01228 0.962503 0.384171 0.914832
threshold=1.8156028389930727 -0.35348322987556452 0.0092025934718549269 -0.16921504586935041 0.14022717624902728 0.23273799568414691 1.7829512953758242 -0.12042337283492087 0.14323943853378299 -0.019811791367828843 0.28738462924957281 0.012384406290948393 0.023636833764612678 -0.11383873969316481 0.012663553003221752 0.029189002700150016 0.023732903413474563 0.094827588647604003 0.017908500507473949 0.21370340138673785 0.39690944552421575 0.27622890472412115 0.23834132403135302 -0.26034310460090632 0.35545957088470465 0.26853355765342718 0.71108335256576549 0.017060758545994762 0.75349220633506786 0.29348921775817877 0.11302006617188455 -0.11712924018502234 0.61058005690574657
decision_type=2 2 2 2 2 2 2 2 2 2 2 2 2 2 2 2 2 2 2 2 2 2 2 2 2 2 2 2 2 2 2 2 2
left_child=1 12 17 21 5 -5 7 23 9 15 -11 -6 13 22 29 -9 -16 -3 -15 -20 31 -4 30 -2 -19 28 -23 -26 -25 -10 -1 -14 -33
right_child=6 2 3 4 11 -7 -8 8 14 10 -12 -13 20 18 16 -17 -18 24 19 -21 -22 26 -24 25 27 -27 -28 -29 -30 -31 -32 32 -34
leaf_value=-0.0014749606407319124 -0.0026817466015410093 -0.0011160890966387732 0.00098825695443277551 -0.0052151129028992407 0.0057601140606358204 -0.00042207586224457863 -0.0098454309256838131 -0.00050263916499003079 0.0038645860388324678 -0.011136249322423153 -0.0041333345625561308 0.00064963146603007891 0.0070138507663216609 0.0067271771432220262 0.0012708175531692036 -0.004386180121354004 -0.0030133049283897562 0.0066444954478345744 -0.00026801951218649383 0.0029438605614040083 0.0010241699147253084 0.0079892321937484675 0.0015153604929108878 0.001744997670639444 0.0033464498619957153 0.0048439618890935721 0.0034680281216775979 0.00027635620070740264 -0.0013894661415833982 0.00049664985128875937 -0.005090403221203731 0.0031159470284787506 0.0060566883273250249
leaf_weight=62 69 67 81 726 162 1511 115 212 85 174 210 519 114 64 101 288 236 78 159 552 62 77 71 132 645 63 100 91 69 63 62 75 159
leaf_count=62 69 67 81 726 162 1511 115 212 85 174 210 519 114 64 101 288 236 78 159 552 62 77 71 132 645 63 100 91 69 63 62 75 159
internal_value=-0.000127212 0.000814072 0.000144483 -0.000650505 -0.00107851 -0.00198296 -0.00294106 -0.00245746 -0.00324498 -0.00477899 -0.00737084 0.00188673 0.00277726 0.00177341 -0.000434739 -0.00275437 -0.00172651 0.00300402 0.00262358 0.00222608 0.00511966 0.00414314 -0.00158895 0.000777229 0.00334722 0.001705 0.00554081 0.00297088 0.000659476 0.00247591 -0.0033681 0.00583148 0.00516974
internal_weight=7254 5437 4057 3176 2918 2237 1817 1702 1369 884 384 681 1380 970 485 500 337 881 775 711 410 258 195 333 814 264 177 736 201 148 124 348 234
internal_count=7254 5437 4057 3176 2918 2237 1817 1702 1369 884 384 681 1380 970 485 500 337 881 775 711 410 258 195 333 814 264 177 736 201 148 124 348 234
is_linear=0
shrinkage=0.02


Tree=15
num_leaves=31
num_cat=0
split_feature=31 35 35 37 36 37 36 36 16 5 40 35 35 36 40 41 46 36 17 37 36 37 33 30 47 24 40 30 41 41
split_gain=44.762 17.7398 25.6896 21.2644 17.9293 17.2431 22.2758 18.6923 16.2459 15.8146 10.4779 11.4427 16.7489 8.16495 7.45641 7.44166 4.92837 4.61794 4.53509 3.49519 3.32831 3.28244 3.18615 2.74861 2.47257 2.04274 1.97335 1.92023 1.70178 0.975281
threshold=1.7574158906936648 0.43158096075057989 0.23334448039531711 0.0092467982321977633 0.52094960212707531 0.01059157866984606 0.16816635429859164 0.46758414804935461 0.028688673861324791 1.7829512953758242 1.1119956374168398 0.036631515249609954 0.22061534970998767 0.31441327929496771 0.78249248862266552 0.5617721974849702 0.8479457199573518 0.15385556966066363 0.93471676111221325 0.018177862279117111 0.65546339750289928 0.012361412867903711 0.011671449057757856 0.023732903413474563 0.50531914830207836 26.62660121917725 1.193297863006592 0.15552989393472674 0.70343858003616344 0.66446983814239513
decision_type=2 2 2 2 2 2 2 2 2 2 2 2 2 2 2 2 2 2 2 2 2 2 2 2 2 2 2 2 2 2
left_child=1 2 3 14 19 6 -5 -7 20 10 11 17 13 -13 25 -14 23 -2 -19 21 -6 -4 -16 -12 -3 -1 -18 -10 -21 -25
right_child=9 24 4 5 8 7 -8 -9 27 -11 16 12 15 -15 22 -17 26 18 -20 28 -22 -23 -24 29 -26 -27 -28 -29 -30 -31
leaf_value=-0.0028186181757575831 0.0039623087873226224 -0.0035261066658515486 0.0059448930936722233 0.00096414069840006081 -0.0073261273270677574 0.00055328463436511081 -0.0093976379513421807 -0.0050702088078757651 0.0013702449889710316 -0.009836590819195282 0.0017187167134338824 -0.0082637799387315376 0.00017010751552749007 -0.0026606172396290684 0.0039987253395091073 -0.0043253450945707128 0.001224961883987167 -0.0052931061691755578 0.00077449860646565632 0.0073916434320916435 -0.0014294024834485906 0.0020234154715679767 0.00026460329343185382 -0.00044812819380564867 -0.00885050921502804 0.0013119692772566138 0.0060114256387535968 0.0059847391513512304 0.0045856430047085586 -0.0034309277939875192
leaf_weight=97 95 97 153 148 88 2420 184 259 62 113 98 360 353 152 760 249 74 71 145 301 70 202 105 71 60 89 66 94 155 120
leaf_count=97 95 97 153 148 88 2420 184 259 62 113 98 360 353 152 760 249 74 71 145 301 70 202 105 71 60 89 66 94 155 120
internal_value=-8.46042e-05 0.000864793 0.00106671 0.000324695 0.00373702 -0.000530378 -0.00480828 4.18119e-06 -0.00031684 -0.00266185 -0.00220883 -0.00303245 -0.00397724 -0.00662747 0.00276987 -0.00169988 0.000526702 0.000354275 -0.00126057 0.00530319 -0.00479518 0.00375197 0.00354908 -0.000964299 -0.00569495 -0.000847411 0.00356721 0.00421752 0.00647623 -0.00235137
internal_weight=7311 5344 5187 4062 1125 3011 332 2679 314 1967 1854 1425 1114 512 1051 602 429 311 216 811 158 355 865 289 157 186 140 156 456 191
internal_count=7311 5344 5187 4062 1125 3011 332 2679 314 1967 1854 1425 1114 512 1051 602 429 311 216 811 158 355 865 289 157 186 140 156 456 191
is_linear=0
shrinkage=0.02


Tree=16
num_leaves=39
num_cat=0
split_feature=31 30 37 5 16 36 37 35 38 34 36 37 35 41 40 36 16 40 35 36 5 41 31 36 20 38 36 36 5 36 37 9 40 48 47 5 32 10
split_gain=42.5455 18.1044 22.8498 16.1084 13.7995 19.63 22.2768 16.03 9.9384 22.3819 11.9314 8.15835 6.72161 5.42682 5.30946 5.51241 5.61847 5.21963 4.80065 4.08468 3.80594 3.74273 4.64346 3.15867 3.31257 3.07806 2.88062 6.39824 2.6851 2.68244 2.43662 2.16126 1.51952 1.50678 1.59998 1.38165 0.831219 0.627056
threshold=1.7574158906936648 -0.35348322987556452 0.009019498713314535 1.7829512953758242 0.027128291316330436 0.49628871679306036 0.023636833764612678 0.44174349308013922 -0.051388181746006005 0.14323943853378299 0.28546288609504705 0.024551026523113254 -0.0031172295566648241 0.52493607997894298 0.76854977011680614 0.45319065451622015 0.023846664465963844 0.86954143643379223 0.4131967574357987 0.48688882589340216 0.9466167986392976 0.52906998991966259 0.97650215029716503 0.098120044916868224 0.035889154300093658 -0.019811791367828843 0.21370340138673785 0.1043924391269684 0.46048273146152502 0.36473333835601812 0.0098810642957687395 0.026256120763719085 1.1623929142951968 0.1241746135056019 0.50531914830207836 1.1425926685333254 0.98051545023918163 0.034393258392810828
decision_type=2 2 2 2 2 2 2 2 2 2 2 2 2 2 2 2 2 2 2 2 2 2 2 2 2 2 2 2 2 2 2 2 2 2 2 2 2 2
left_child=1 11 17 8 5 6 -4 13 14 10 25 12 23 -6 -2 20 -17 33 30 -12 -16 32 -23 -1 -25 -10 27 -14 -7 36 -11 -28 -19 -3 -35 -20 -13 -38
right_child=3 2 4 -5 7 28 -8 -9 9 18 19 29 26 -15 15 16 -18 21 35 -21 -22 22 -24 24 -26 -27 31 -29 -30 -31 -32 -33 -34 34 -36 -37 37 -39
leaf_value=0.0026389386178889253 -0.0046380386809733781 -0.0016459024202577506 -0.001343186507892604 -0.0098143682931234148 0.0055597404050460901 -0.0097326364831791974 0.0048753668827136764 -0.0059227559373431493 -0.0055620493413436976 0.0037575115842884907 -0.00092936876023399758 0.0039266232650628993 0.0037360097231373757 0.0015488725656554281 -0.0020689899134920552 -0.0065440109041578409 0.0003098338723212965 0.0077216035877320701 -0.0013047316293857659 -0.0053457542533359064 0.0025824493878204213 0.0044025313402785895 -0.00099637295951114538 -0.0052461510715297198 0.00030444522501681657 -0.010667966418408351 0.0049712558583319454 -0.0042871886088113702 -0.0048982745060440558 0.0017378694692589834 1.2234394543754338e-05 0.0024461477103414446 0.0037179832013589991 0.0029039987084316736 -0.00093422677687236247 -0.0055205025477473857 0.0074922920739568192 0.0046338233188860977
leaf_weight=61 96 67 1964 115 230 60 258 86 81 90 150 73 89 331 86 76 120 135 64 193 338 230 86 86 82 179 211 67 261 73 277 417 67 141 60 64 164 66
leaf_count=61 96 67 1964 115 230 60 258 86 81 90 150 73 89 331 86 76 120 135 64 193 338 230 86 86 82 179 211 67 261 73 277 417 67 141 60 64 164 66
internal_value=-9.86519e-05 0.000817241 0.00012963 -0.0026438 -0.00062332 -0.00128707 -0.000615091 0.00197787 -0.00217321 -0.00336618 -0.00594347 0.00278028 0.00183534 0.00321586 -0.000335964 0.000347685 -0.00240134 0.00317751 -0.000207664 -0.00344208 0.00162875 0.0043454 0.00293452 -0.00116439 -0.00257327 -0.00916267 0.0027139 0.000267985 -0.00588673 0.00528878 0.000956417 0.00331574 0.00647239 0.000893381 0.00175647 -0.0034984 0.00611559 0.00674655
internal_weight=7294 5365 3976 1929 3190 2543 2222 647 1814 1098 603 1389 1013 561 716 620 196 786 495 343 424 518 316 229 168 260 784 156 321 376 367 628 202 268 201 128 303 230
internal_count=7294 5365 3976 1929 3190 2543 2222 647 1814 1098 603 1389 1013 561 716 620 196 786 495 343 424 518 316 229 168 260 784 156 321 376 367 628 202 268 201 128 303 230
is_linear=0
shrinkage=0.02


Tree=17
num_leaves=35
num_cat=0
split_feature=31 30 37 38 35 35 35 40 38 35 40 17 38 37 3 36 37 11 16 16 36 36 40 40 46 20 24 36 34 40 36 39 40 40
split_gain=42.0533 20.4078 24.4847 15.3377 17.6867 23.3989 14.664 14.422 11.8393 10.8007 8.25644 7.1118 6.68566 6.08281 6.39825 5.60407 5.21692 4.51977 3.77072 12.5369 3.50328 3.08097 2.91603 4.2829 2.33032 1.94052 1.76568 1.61586 1.59922 1.47387 1.02271 1.00664 0.563851 0.779779
threshold=2.1125370264053349 -0.35348322987556452 0.0096004037186503428 -0.16921504586935041 0.22241163998842242 0.43158096075057989 0.13190606981515887 1.1547995209693911 -0.1211651638150215 0.21415767818689349 0.78249248862266552 1.376909136772156 -0.030140510760247704 0.024551026523113254 -0.090317763388156877 0.48958887159824377 0.013605736196041109 0.020935582928359512 0.021592992357909683 0.017922403290867809 0.40547671914100653 0.23834132403135302 1.1866874694824221 0.99248236417770397 0.27622890472412115 0.41748222708702093 28.220146179199222 0.11759231239557268 0.13106185942888263 1.0755653381347658 0.30931125581264501 1.2512773275375368 1.1223326921463015 0.8258340358734132
decision_type=2 2 2 2 2 2 2 2 2 2 2 2 2 2 2 2 2 2 2 2 2 2 2 2 2 2 2 2 2 2 2 2 2 2
left_child=1 13 10 24 6 -6 -5 8 25 12 26 16 17 14 21 -9 -11 -10 19 -12 32 27 23 -16 -4 -2 -3 -1 -14 -20 -26 -24 33 -15
right_child=7 2 3 4 5 -7 -8 15 9 11 18 -13 28 20 22 -17 -18 -19 29 -21 -22 -23 31 -25 30 -27 -28 -29 -30 -31 -32 -33 -34 -35
leaf_value=-0.00089258784674182967 -0.0019641675317477549 -0.0026723901109582042 0.00059974823308931227 -0.0010643055027258349 0.0021704367204714264 -0.004818042498797733 -0.0044974848355785451 0.0046537982769887009 -0.00099701105697864762 0.0020331074818518129 0.0040876263051664724 -0.00797033969697508 -0.011546358726289752 0.0037519444657203097 0.001718203285855443 -0.0019665782427974042 -0.0034157305496773423 -0.0078463563210823956 0.0067550042585552304 -0.0029662361779762792 0.0004578025535595214 0.001710684973271746 -0.0017430772491797272 0.0048555300276429767 0.0055925757969986526 0.0019867623328578238 0.0010114925972302445 -0.0051146259555843333 -0.0068736047634544474 0.0033746803507579454 0.002366783895255888 0.001660623260166334 0.0035293933419743551 0.0067247909057379972
leaf_weight=84 94 111 81 1332 918 239 795 102 73 90 464 105 151 62 385 97 290 82 155 126 64 99 67 325 142 99 93 64 60 95 65 66 61 196
leaf_count=84 94 111 81 1332 918 239 795 102 73 90 464 105 151 62 385 97 290 82 155 126 64 99 67 325 142 99 93 64 60 95 65 66 61 196
internal_value=-0.000124266 0.000560376 -9.39281e-05 -0.000881844 -0.00127102 0.000717246 -0.00235251 -0.00347215 -0.00441097 -0.00542203 0.00259574 -0.00342731 -0.00801325 0.0026075 0.00183531 0.00144055 -0.00211679 -0.00470705 0.00347009 0.00257214 0.00477115 -0.000983381 0.00266294 0.00317009 0.00351974 5.67628e-05 -0.000997822 -0.0027903 -0.0103373 0.00552968 0.00463269 -4.72971e-05 0.00562109 0.00606555
internal_weight=7332 6089 4616 3572 3284 1157 2127 1243 1044 851 1044 485 366 1473 1090 199 380 155 840 590 383 247 843 710 288 193 204 148 211 250 207 133 319 258
internal_count=7332 6089 4616 3572 3284 1157 2127 1243 1044 851 1044 485 366 1473 1090 199 380 155 840 590 383 247 843 710 288 193 204 148 211 250 207 133 319 258
is_linear=0
shrinkage=0.02


Tree=18
num_leaves=31
num_cat=0
split_feature=31 35 35 37 38 36 36 36 16 17 38 34 40 40 36 36 16 38 40 35 5 35 11 10 39 36 41 45 10 16
split_gain=40.0114 17.1844 22.1228 18.6405 18.7909 23.8994 22.9027 16.144 15.0595 13.3166 10.795 19.1248 9.35745 7.33404 6.168 5.03164 9.31717 4.26442 3.74556 3.53772 3.24318 2.80257 2.72182 2.54785 2.06991 2.03353 1.64421 1.48584 1.21221 0.838061
threshold=1.7574158906936648 0.43158096075057989 0.23334448039531711 0.0092467982321977633 -0.032423948869109147 0.30033826828002935 0.4634817391633988 0.52094960212707531 0.026381140574812893 1.7702111005783083 -0.051388181746006005 0.14323943853378299 1.1119956374168398 0.81820997595787059 0.33764022588729864 0.4545710980892182 0.022363173775374893 -0.081903554499149309 0.76064455509185802 0.43668305873870855 0.9466167986392976 -0.028445247560739514 0.016686066985130314 0.010684737470000984 1.0489237308502199 0.6206522285938264 0.72133547067642223 0.50531914830207836 0.034393258392810828 0.025003741495311264
decision_type=2 2 2 2 2 2 2 2 2 2 2 2 2 2 2 2 2 2 2 2 2 2 2 2 2 2 2 2 2 2
left_child=1 2 3 13 6 -6 -5 17 29 10 15 12 14 27 -12 18 -17 28 -2 23 -20 -15 -10 -13 -3 -18 -19 -1 -4 -9
right_child=9 24 7 4 5 -7 -8 8 22 -11 11 19 -14 21 -16 16 25 26 20 -21 -22 -23 -24 -25 -26 -27 -28 -29 -30 -31
leaf_value=0.00069731448767803769 -0.0036210006487963253 -0.0033377761238813398 0.0079381457295196606 0.0010055250267397625 -0.0060679488653745282 0.0031832759288996947 -0.0050582707142044553 -0.0037358351013390347 0.0055776600439642219 -0.010239001867577955 -0.0088157186397294102 0.0025763466593666669 -0.00053738523848577695 0.00017866635980378639 -0.0042408847641540034 -0.0089642413928739915 0.0022114100121951195 0.0044171759591779495 -0.0019267459357330619 -0.0035684327858073652 0.0024175688159148927 0.0038986126854572869 0.00089676085686752282 -0.00076762869671545238 -0.0080020792492338129 -0.0021705263730552459 0.001443699373220353 -0.0025764164911802816 0.0043937733695044046 -0.0074428618117737076
leaf_weight=144 61 97 193 2135 432 148 279 61 90 83 290 134 114 92 216 64 77 470 83 116 345 733 111 269 71 87 94 86 67 62
leaf_count=144 61 97 193 2135 432 148 279 61 90 83 290 134 114 92 216 64 77 470 83 116 345 733 111 269 71 87 94 86 67 62
internal_value=-7.16896e-05 0.000818182 0.00102306 0.000327012 -0.000478646 -0.00370134 0.000298875 0.00346992 -0.000308643 -0.00253184 -0.00217067 -0.00337838 -0.00574098 0.00260922 -0.0069013 -0.000244679 -0.00267982 0.0049526 0.000898109 -0.000537316 0.00156523 0.00348714 0.00304879 0.000352622 -0.00542065 -0.000104399 0.00393362 -0.000539896 0.00708913 -0.00574508
internal_weight=7304 5365 5197 4049 2994 580 2414 1148 324 1939 1856 1139 620 1055 506 717 228 824 489 519 428 825 201 403 168 164 564 230 260 123
internal_count=7304 5365 5197 4049 2994 580 2414 1148 324 1939 1856 1139 620 1055 506 717 228 824 489 519 428 825 201 403 168 164 564 230 260 123
is_linear=0
shrinkage=0.02


Tree=19
num_leaves=30
num_cat=0
split_feature=31 35 35 37 36 36 37 16 17 40 38 34 38 40 17 38 36 41 40 41 11 47 40 3 35 41 16 40 11
split_gain=39.6443 17.2398 20.3238 16.8473 16.7308 16.06 21.8882 15.116 14.6329 10.0146 11.9992 11.4302 8.87729 6.95839 5.51504 4.56553 4.31079 3.71189 3.52892 3.20142 2.96752 2.73592 2.48266 2.04485 1.73337 1.72042 1.59385 1.4354 0.825377
threshold=1.7574158906936648 0.43158096075057989 0.23334448039531711 0.0092467982321977633 0.52094960212707531 0.46758414804935461 0.023636833764612678 0.026381140574812893 1.7702111005783083 1.1403840184211733 -0.12042337283492087 0.14323943853378299 -0.019811791367828843 0.81820997595787059 0.91907224059104931 -0.081903554499149309 0.51706987619400036 0.38064619898796087 0.77561545372009288 0.69069969654083263 0.016686066985130314 0.52457812428474437 0.88409370183944713 -0.045322334393858903 0.015187972690910103 0.7306497097015382 0.028236421756446365 1.2133206129074099 0.019819193519651893
decision_type=2 2 2 2 2 2 2 2 2 2 2 2 2 2 2 2 2 2 2 2 2 2 2 2 2 2 2 2 2
left_child=1 2 3 13 15 6 -5 -6 9 10 18 12 -12 24 -13 28 19 -15 -2 27 -9 -3 -20 -7 -1 -17 -18 -11 -4
right_child=8 21 4 5 7 23 -8 20 -10 16 11 14 -14 17 -16 25 26 -19 22 -21 -22 -23 -24 -25 -26 -27 -28 -29 -30
leaf_value=-0.0025832344357218893 -0.00343689366298384 -0.0033313170384376418 0.0088818482768900225 -0.000726180302625489 -0.0060870938211923745 -0.0076206239788708368 0.0040923014700540786 0.0056856800744223392 -0.010303796124452241 0.0023771931967914921 -0.0031412712049829527 0.0017971054338661663 -0.0073781111808873343 0.0069241491898184735 -0.0029810012122403547 0.0043169321598764401 -0.0043625518510234541 0.0028500990564312555 0.0042443892901726796 -0.00010882233192387502 0.00063095486883692025 -0.008769216004089685 0.00010000928612830846 -0.00373208905208946 0.00090530787478029892 0.0012272469344670358 0.00015194602959811511 0.0067358972388837073 0.0059920141128201321
leaf_weight=95 60 106 91 2298 119 85 448 83 89 70 448 170 365 102 216 490 61 734 99 109 104 61 135 183 133 89 60 60 158
leaf_count=95 60 106 91 2298 119 85 448 83 89 70 448 170 365 102 216 490 61 734 99 109 104 61 135 183 133 89 60 60 158
internal_value=-5.93615e-05 0.000824917 0.00102896 0.000369132 0.00339368 -0.000394795 6.31819e-05 -0.000595938 -0.00250667 -0.00211558 -0.00283663 -0.00372279 -0.00506478 0.00252908 -0.000876453 0.00486614 0.000870738 0.00337135 0.0007751 0.00242028 0.00293411 -0.0054432 0.00188915 -0.00503979 -0.000558594 0.0038525 -0.00216638 0.00450298 0.00714527
internal_weight=7321 5379 5212 4078 1134 3014 2746 306 1942 1853 1493 1199 813 1064 386 828 360 836 294 239 187 167 234 268 228 579 121 130 249
internal_count=7321 5379 5212 4078 1134 3014 2746 306 1942 1853 1493 1199 813 1064 386 828 360 836 294 239 187 167 234 268 228 579 121 130 249
is_linear=0
shrinkage=0.02


Tree=20
num_leaves=33
num_cat=0
split_feature=31 30 37 38 35 35 35 40 5 38 35 40 37 37 3 41 26 13 40 9 8 41 9 31 5 35 46 41 24 40 40 34
split_gain=36.5494 19.8762 24.1882 15.7939 16.6404 20.1473 13.9639 12.6135 11.2768 9.96277 12.697 7.049 6.83402 6.63018 6.4941 5.10084 4.46397 4.00695 4.24136 3.01752 2.98675 2.91676 2.67791 2.45826 2.13176 2.05973 1.77426 1.70643 0.838669 0.798691 1.15826 0.543451
threshold=2.1125370264053349 -0.35348322987556452 0.0096004037186503428 -0.16921504586935041 0.22241163998842242 0.3948304951190949 0.13190606981515887 1.1547995209693911 1.7829512953758242 -0.051388181746006005 0.21031048148870471 0.82247287034988414 0.013491752557456495 0.024551026523113254 -0.11383873969316481 0.43147835135459905 0.030679699964821342 -0.2323375269770622 0.88220158219337474 0.017499038949608806 0.022513858973979953 0.58595693111419689 0.022818780504167083 0.92438051104545604 0.69679355621337902 0.015187972690910103 0.27622890472412115 0.69635561108589183 28.220146179199222 0.85211214423179638 1.1176963448524477 0.061669576913118369
decision_type=2 2 2 2 2 2 2 2 2 2 2 2 2 2 2 2 2 2 2 2 2 2 2 2 2 2 2 2 2 2 2 2
left_child=1 13 11 26 6 -6 -5 8 9 17 21 25 -12 14 20 31 -9 -2 -19 -16 -1 -11 -21 -17 29 -3 -4 -28 -27 -15 -31 -13
right_child=7 2 3 4 5 -7 -8 16 -10 10 12 15 -14 24 19 23 -18 18 -20 22 -22 -23 -24 -25 -26 28 27 -29 -30 30 -32 -33
leaf_value=0.00079569894651890043 -0.0048548086761197604 -0.0026695525981869895 0.00092125519725347034 -0.0010425030469449143 0.0021184109992618398 -0.0040598524387536403 -0.0043872384913682732 0.0047544615525919728 -0.010195641033829899 -0.010017825151505393 0.0020831594394409634 0.0049616303617850219 -0.0041414107254440233 0.0033693611678931659 0.0067401149746603682 0.0035942989657621978 -0.0012163510773280312 0.0031897119339995496 -0.0017920767619475921 -0.00019345008931122721 -0.0039066040907530302 -0.0044822867135739042 0.0027745713894374063 0.00096782013981372287 0.0015436768276461711 -0.00037799049062964816 0.006848699064415824 0.0030238479472241781 0.0026724392097975526 0.0068786883671224739 0.003387753479706589 0.0078386554961781141
leaf_weight=118 67 94 73 1367 906 272 787 86 106 165 92 79 277 71 62 406 112 124 145 149 95 60 635 225 69 72 82 128 67 189 61 89
leaf_count=118 67 94 73 1367 906 272 787 86 106 165 92 79 277 71 62 406 112 124 145 149 95 60 635 225 69 72 82 128 67 189 61 89
internal_value=-6.50436e-05 0.000570608 -6.73498e-05 -0.000838776 -0.00122518 0.000684315 -0.00226942 -0.00319976 -0.00408216 -0.00335375 -0.00490465 0.00262852 -0.00258251 0.00261316 0.00178184 0.00351838 0.00140431 -0.000589884 0.000510537 0.00256641 -0.00132207 -0.00862447 0.00221064 0.00266835 0.00483715 -0.000424683 0.0036723 0.00459748 0.00111071 0.00552116 0.00608112 0.0066024
internal_weight=7330 6096 4647 3615 3332 1178 2154 1234 1036 930 594 1032 369 1449 1059 799 198 336 269 846 213 225 784 631 390 233 283 210 139 321 250 168
internal_count=7330 6096 4647 3615 3332 1178 2154 1234 1036 930 594 1032 369 1449 1059 799 198 336 269 846 213 225 784 631 390 233 283 210 139 321 250 168
is_linear=0
shrinkage=0.02


Tree=21
num_leaves=33
num_cat=0
split_feature=31 36 37 15 34 36 16 5 35 16 38 35 35 35 35 16 37 37 37 34 36 36 11 2 32 4 3 44 45 47 21 3
split_gain=38.21 14.4602 25.4552 20.6888 18.414 14.101 22.3762 12.5499 12.5415 9.46421 9.42705 8.82788 6.70665 6.52273 9.75933 5.58321 10.5385 3.9376 4.40244 3.79115 3.61353 2.88431 2.87344 2.35171 1.75712 1.57644 1.57541 1.37999 1.14544 1.42018 1.08277 0.795625
threshold=1.8156028389930727 0.46758414804935461 0.023636833764612678 0.87068966031074535 0.12574603408575061 0.2980861514806748 0.016741911880671981 1.7829512953758242 0.012717568781226875 0.02408415358513594 -0.12042337283492087 0.43668305873870855 0.43668305873870855 0.18165463209152224 0.12650819867849353 0.022363173775374893 0.019730016589164737 0.011315822135657074 0.018762088380753997 0.069392371922731413 0.38160218298435217 0.52559611201286327 0.013695458881556989 0.11607296392321588 0.83281812071800243 0.67847847938537609 -0.17209748178720471 0.023981627076864246 0.20983126014471057 0.3706896454095841 66.583786010742202 0.029980904422700409
decision_type=2 2 2 2 2 2 2 2 2 2 2 2 2 2 2 2 2 2 2 2 2 2 2 2 2 2 2 2 2 2 2 2
left_child=1 2 3 5 15 6 -1 9 -7 10 24 22 17 14 -12 28 -17 -11 -19 -15 23 -18 -6 26 -2 -14 -4 -22 -3 -30 -24 -5
right_child=7 4 20 31 11 8 -8 -9 -10 12 13 -13 25 19 -16 16 21 18 -20 -21 27 -23 30 -25 -26 -27 -28 -29 29 -31 -32 -33
leaf_value=0.0021263302217425172 -0.0016481897569696109 -0.0086685990569669562 0.003194919235908832 -0.0090265857987623238 0.0063435938496674803 -0.0020323472050998185 -0.0016540126816465815 -0.0089907249254013964 0.0035550515662222514 0.0043346051274017359 -0.0025860520176589491 -0.0045371390914795201 -0.0056373175111903741 -0.0056610549211569983 -0.0086934339873343709 -0.006775398675171497 0.0045942596849601934 -0.0018842455484377948 0.0017117488738931717 -0.00090935773813463226 0.0034919707002018085 -0.00095628124119580857 0.0031142578617949692 0.0025810031037215354 0.0023844968870501307 -0.0015829959353565108 0.0066069389077300835 -0.00026493745972064954 -0.003228236446018112 -0.0067632682182450308 0.00056531201499073131 -0.005273627021114031
leaf_weight=1103 72 60 75 60 74 190 1441 113 975 84 187 75 101 93 247 100 65 296 247 231 90 81 140 103 99 67 372 66 95 111 130 72
leaf_count=1103 72 60 75 60 74 190 1441 113 975 84 187 75 101 93 247 100 65 296 247 231 90 81 140 103 99 67 372 66 95 111 130 72
internal_value=-0.000117425 0.000719648 0.00118475 0.000541292 -0.00154732 0.000820831 -1.40059e-05 -0.00261126 0.00264007 -0.00217764 -0.00354545 0.0015547 -0.000570717 -0.00449929 -0.00610002 -0.00408211 -0.00187062 0.000383585 -0.000246249 -0.00231575 0.00466695 0.00155089 0.00291349 0.00542928 0.000681635 -0.0040824 0.00606179 0.00192121 -0.00607993 -0.00520756 0.00191035 -0.00714961
internal_weight=7315 5478 4547 3841 931 3709 2544 1837 1165 1724 929 419 795 758 434 512 246 627 543 324 706 146 344 550 171 168 447 156 266 206 270 132
internal_count=7315 5478 4547 3841 931 3709 2544 1837 1165 1724 929 419 795 758 434 512 246 627 543 324 706 146 344 550 171 168 447 156 266 206 270 132
is_linear=0
shrinkage=0.02


Tree=22
num_leaves=39
num_cat=0
split_feature=31 30 37 17 16 36 37 35 38 34 36 36 37 30 3 36 16 40 40 35 30 9 41 35 5 10 9 40 40 43 36 47 48 17 31 26 40 47
split_gain=35.4583 16.3728 17.1796 13.5471 13.51 16.9624 21.5332 12.4902 9.23766 18.9908 8.40894 6.39098 6.08947 5.42405 5.33122 5.22632 8.77102 5.11992 4.73962 3.57583 3.52281 3.44369 4.4818 3.30833 3.2487 2.94539 2.8491 2.59809 3.59793 2.07266 1.71978 1.32529 1.3646 1.29339 1.21992 1.05657 0.609747 0.747676
threshold=1.7574158906936648 -0.35348322987556452 0.009019498713314535 1.7702111005783083 0.027128291316330436 0.49628871679306036 0.022681221365928653 0.44174349308013922 -0.051388181746006005 0.14378764480352405 0.33764022588729864 0.48688882589340216 0.024857115000486377 0.95984947681427013 -0.11383873969316481 0.45182636380195623 0.022363173775374893 0.75636720657348644 0.86954143643379223 0.20330207049846652 1.0000000180025095e-35 0.019333404488861564 0.52906998991966259 0.4131967574357987 0.9466167986392976 0.010684737470000984 0.029520205222070221 1.1866874694824221 0.95381540060043346 -0.21267368644475934 0.36473333835601812 0.50531914830207836 0.18103448301553729 0.10228217393159868 2.2144484519958501 0.01769646164029837 0.8258340358734132 0.54310345649719249
decision_type=2 2 2 2 2 2 2 2 2 2 2 2 2 2 2 2 2 2 2 2 2 2 2 2 2 2 2 2 2 2 2 2 2 2 2 2 2 2
left_child=1 12 18 8 5 6 -4 13 15 10 19 -12 14 -6 26 17 -17 -2 31 -10 -18 33 -23 25 -19 -11 35 28 -16 -7 36 32 -3 -20 -25 -1 -14 -38
right_child=3 2 4 -5 7 29 -8 -9 9 23 11 -13 30 -15 27 16 20 24 21 -21 -22 22 -24 34 -26 -27 -28 -29 -30 -31 -32 -33 -34 -35 -36 -37 37 -39
leaf_value=-0.001007025821873593 -0.0043228565419522616 -0.00083960841719347707 -0.0013002907295561034 -0.010114917434751989 0.0024660931936926699 -0.0079044172359106039 0.0044621037261242851 -0.0046930103110585444 -0.0087802173854486017 0.0031877883833913074 0.00069777452407611743 -0.0051960542397458901 0.0033651669363971449 0.0086998424669727688 0.0014886655678114881 -0.0090053199874237187 -0.0033641805785265184 -0.0017925904004609792 0.0031494781556136815 -0.0031152780505695511 0.0022798669392165415 0.0051127911521330607 -0.00020111242723060957 -0.00064099332282230976 0.0025248120080213995 -0.00052807413830032607 -0.0039991142781917004 -0.00015505804488635504 0.0043968616543312534 -0.0042539007570211894 0.0017307882186759153 -0.0016120071794945173 0.0027870814939846412 0.0064558284135462296 -0.0044527326019242319 0.0026433988822973332 0.0070289716794030045 0.0044331329415467653
leaf_weight=60 62 62 1955 83 500 100 296 91 254 125 114 200 61 61 326 61 79 84 78 60 93 113 139 60 355 253 77 118 367 213 63 75 114 185 79 61 138 107
leaf_count=60 62 62 1955 83 500 100 296 91 254 125 114 200 61 61 326 61 79 84 78 60 93 113 139 60 355 253 77 118 367 213 63 75 114 185 79 61 138 107
internal_value=-4.29331e-05 0.000799065 0.000147905 -0.00234141 -0.00049354 -0.00114756 -0.000537178 0.00207037 -0.00198193 -0.00310243 -0.00543096 -0.00306675 0.00267559 0.00318836 0.00186033 -0.000227129 -0.00268363 0.000922503 0.00283369 -0.00774063 -0.000319975 0.00392728 0.00220991 -0.000257032 0.00168988 0.000713517 -0.00106564 0.00257721 0.00304254 -0.00548733 0.00486917 0.000566053 0.00151125 0.00552558 -0.00286272 0.000844636 0.005489 0.00596665
internal_weight=7322 5360 3982 1962 3216 2564 2251 652 1879 1145 628 314 1378 561 1009 734 233 501 766 314 172 515 252 517 439 378 198 811 693 313 369 251 176 263 139 121 306 245
internal_count=7322 5360 3982 1962 3216 2564 2251 652 1879 1145 628 314 1378 561 1009 734 233 501 766 314 172 515 252 517 439 378 198 811 693 313 369 251 176 263 139 121 306 245
is_linear=0
shrinkage=0.02


Tree=23
num_leaves=30
num_cat=0
split_feature=5 37 37 15 34 38 38 38 17 40 35 35 40 11 34 41 15 18 5 30 9 35 40 26 13 24 41 10 38
split_gain=28.5199 19.0762 22.5703 16.6072 13.0735 26.5362 11.6945 22.3433 10.735 7.87434 8.45961 9.15042 7.14223 7.06316 4.38287 4.13778 3.99954 3.79233 3.36032 3.03846 2.99117 4.38373 4.00573 2.68599 2.20997 2.04193 1.42257 1.22208 0.735278
threshold=1.1425926685333254 0.0093800420872867125 0.022681221365928653 0.87068966031074535 0.14535024762153628 -0.048918185755610459 -0.10232434049248694 -0.083464074879884706 1.7702111005783083 1.1322878003120425 0.12795559316873553 0.15333307534456256 0.78249248862266552 0.012630692217499019 0.15401713550090793 0.35545957088470465 0.61206895112991344 -0.0063342265784740439 0.69679355621337902 0.042250521481037147 0.019333404488861564 0.14259428530931476 0.9985569715499879 0.030679699964821342 -0.13444539159536359 26.62660121917725 0.67063871026039135 0.023667585104703907 -0.065774809569120393
decision_type=2 2 2 2 2 2 2 2 2 2 2 2 2 2 2 2 2 2 2 2 2 2 2 2 2 2 2 2 2
left_child=1 12 3 4 5 -3 18 27 9 10 24 -12 25 -6 28 -14 -9 -13 19 -4 22 -22 -17 -11 -2 -1 -20 -8 -5
right_child=8 2 6 14 13 -7 7 16 -10 23 11 17 15 -15 -16 20 -18 -19 26 -21 21 -23 -24 -25 -26 -27 -28 -29 -30
leaf_value=-0.0024385050648884953 -0.0024280721841903868 0.00039430144247648075 0.0059135625823742311 -0.0058220896860584617 0.0054958537653705935 -0.0034365570105772503 -0.0030876531401826512 0.0049686257949785187 -0.010420904940646143 0.0040884492593641214 -0.011184040972296104 -0.008250556803036194 0.0067797067834452418 0.00076805461065816705 -0.002250796722971341 0.0022545683308165861 0.00033344930357585747 -0.0029165064299136352 0.0042226645549581871 0.0016380560983386306 1.3807052230502634e-05 0.0037375739138969717 0.0061962218426645822 -0.0010606680264017389 0.0019839404060017492 0.0012916018351409053 0.00099706952411637829 -0.0068778008121442944 -0.0095029709303563244
leaf_weight=118 77 1798 338 61 162 1206 60 187 77 71 78 62 117 549 82 239 124 357 81 87 275 232 188 87 102 111 168 118 86
leaf_count=118 77 1798 338 61 162 1206 60 187 77 71 78 62 117 549 82 239 124 357 81 87 275 232 188 87 102 111 168 118 86
internal_value=-9.55247e-05 0.000377031 -0.000170405 -0.000892722 -0.000567746 -0.00114521 0.00227427 -7.99778e-05 -0.00340006 -0.00271563 -0.00365253 -0.00498827 0.00255729 0.00186524 -0.0060849 0.00325315 0.00314454 -0.0037612 0.00397659 0.00505829 0.00279002 0.0017317 0.00402345 0.00128003 7.1802e-05 -0.00063283 0.00208811 -0.0056781 -0.00812919
internal_weight=7298 6387 5107 3944 3715 3004 1163 489 911 834 676 497 1280 711 229 1051 311 419 674 425 934 507 427 158 179 229 249 178 147
internal_count=7298 6387 5107 3944 3715 3004 1163 489 911 834 676 497 1280 711 229 1051 311 419 674 425 934 507 427 158 179 229 249 178 147
is_linear=0
shrinkage=0.02


Tree=24
num_leaves=42
num_cat=0
split_feature=31 30 31 34 38 36 36 36 16 34 38 34 3 40 36 11 36 36 45 36 11 36 16 26 46 40 10 36 16 40 30 3 36 17 30 39 40 23 13 33 46
split_gain=33.1835 14.136 11.7809 10.1502 22.5852 15.7273 15.2253 14.3075 13.3643 11.2499 8.7276 16.8292 8.47299 7.94605 7.36725 6.48785 6.09137 8.88935 5.80056 4.93817 4.41172 4.25159 4.58728 3.95953 3.53046 4.36608 3.49056 2.84425 2.4502 2.27837 2.15676 2.05892 1.94181 1.88207 1.8428 1.67542 1.5512 1.23882 1.12337 0.871585 0.630468
threshold=1.7574158906936648 -0.35348322987556452 5.1927008628845224 0.14378764480352405 -0.048014963045716279 0.29404555261135107 0.49450407922267919 0.4634817391633988 0.026381140574812893 0.083332657814025893 -0.048918185755610459 0.14323943853378299 -0.027733065187931057 1.1119956374168398 0.33764022588729864 0.013561169151216747 0.23834132403135302 0.098120044916868224 0.52457812428474437 0.39968745410442358 0.019962674938142303 0.45319065451622015 0.023846664465963844 0.040594242513179786 0.35326485335826879 0.8258340358734132 0.010642054956406357 0.12272702902555467 0.026381140574812893 0.81294354796409618 -0.86890098452568043 -0.072431448847055421 0.17424617707729342 1.1338898539543154 -0.83593913912773121 0.70954105257987987 1.1835561990737917 0.21536646783351901 -0.07736067101359366 0.0083895074203610438 0.18103448301553729
decision_type=2 2 2 2 2 2 2 2 2 2 2 2 2 2 2 2 2 2 2 2 2 2 2 2 2 2 2 2 2 2 2 2 2 2 2 2 2 2 2 2 2
left_child=1 16 10 4 7 9 -7 12 -9 -6 20 13 -3 14 -12 35 17 31 34 29 27 23 -23 -22 25 -17 39 -2 -29 40 -21 -1 -26 -28 -19 -5 -31 -32 -37 -13 -18
right_child=2 3 -4 15 5 6 -8 8 -10 -11 11 26 -14 -15 -16 24 19 18 -20 30 21 22 -24 -25 32 -27 33 28 -30 36 37 -33 -34 -35 -36 38 -38 -39 -40 -41 -42
leaf_value=0.00069061895229970117 0.0051075458516317762 -0.00022245499204828423 -0.008660146488076342 0.0069975829562921631 -0.0092311213889482383 0.0018105868149838964 -0.0062889664344137584 -0.0058781282891405542 0.0031912113168965214 -0.0029714698477524238 -0.0083754738734286224 0.0041014522945770297 0.0024724656578557816 -0.00032588512569389029 -0.003416974699935846 0.0033352995100266792 0.0033570576223573879 -0.0015486840811863658 0.0022666560900161821 0.0044114397328110441 -0.0011841802889900103 -0.0078047111425548791 -0.00092801050320267685 0.0042703576769763186 0.0051986588120460512 -0.0019478961828701151 -0.00062148448988439862 -0.0012434180400670827 0.0035606581124505311 0.0052817313636410171 -0.0011127712263696594 0.0052746613300817336 0.0013834300808566438 -0.0043253789099230288 -0.006110233951359987 0.0056357167636946082 0.0021900466164070896 0.0017464581676029964 0.0021883442334636734 0.00087685191772179677 0.00062822592141175717
leaf_weight=61 73 807 109 84 193 342 124 222 89 290 293 61 1100 108 214 82 61 61 76 60 256 69 87 64 77 234 280 116 63 457 125 115 174 66 94 60 84 112 117 77 78
leaf_count=61 73 807 109 84 193 342 124 222 89 290 293 61 1100 108 214 82 61 61 76 60 256 69 87 64 77 234 280 116 63 457 125 115 174 66 94 60 84 112 117 77 78
internal_value=-0.000110027 0.000698083 -0.00235341 9.38011e-05 -0.000421777 -0.00299894 -0.000368969 0.000683005 -0.00327385 -0.00551634 -0.00196302 -0.00308574 0.00133295 -0.00527313 -0.00631691 0.00206143 0.00243768 0.000375285 -0.00219121 0.00329204 -0.000261065 -0.00139259 -0.00406579 -6.06462e-05 0.000848437 -0.000555332 -0.000288891 0.00186357 0.000472729 0.00422968 0.0011211 0.00372966 0.00260535 -0.00136198 -0.00438486 0.00465319 0.00481825 0.0002392 0.00343695 0.00236625 0.00187844
internal_weight=7315 5379 1936 3995 3167 949 466 2218 311 483 1827 1099 1907 615 507 828 1384 407 231 977 728 476 156 320 567 316 484 252 179 680 297 176 251 346 155 261 541 237 177 138 139
internal_count=7315 5379 1936 3995 3167 949 466 2218 311 483 1827 1099 1907 615 507 828 1384 407 231 977 728 476 156 320 567 316 484 252 179 680 297 176 251 346 155 261 541 237 177 138 139
is_linear=0
shrinkage=0.02


Tree=25
num_leaves=33
num_cat=0
split_feature=31 35 35 37 37 36 36 36 16 5 47 16 35 35 40 36 35 41 41 30 13 48 40 48 27 11 4 30 24 21 11 37
split_gain=32.0196 13.3752 19.2928 16.4615 18.2139 19.7045 15.2871 13.7331 12.2515 11.3257 12.1262 8.15635 8.86816 11.6525 5.98288 5.37455 5.29467 3.78527 3.78314 3.3952 3.18099 2.94784 2.52869 2.93894 2.50082 2.40196 2.39386 2.2105 1.80392 1.77394 1.34601 1.18825
threshold=1.7574158906936648 0.43158096075057989 0.23334448039531711 0.0093800420872867125 0.01059157866984606 0.16816635429859164 0.46758414804935461 0.52094960212707531 0.026381140574812893 1.4907743930816653 0.57171678543090831 0.02408415358513594 0.12650819867849353 0.18165463209152224 0.77770313620567333 0.43006858229637152 0.43668305873870855 0.61948570609092724 0.48260690271854406 0.43208093941211706 -0.066367492079734788 0.62931033968925487 0.79638159275054943 0.63811445236206066 0.0010058516636490824 0.016686066985130314 0.67116022109985363 -0.029125208966433998 28.220146179199222 43.787176132202156 0.015598986297845842 0.016833611764013771
decision_type=2 2 2 2 2 2 2 2 2 2 2 2 2 2 2 2 2 2 2 2 2 2 2 2 2 2 2 2 2 2 2 2
left_child=1 2 3 14 5 -5 -6 22 -9 11 -11 12 15 17 28 19 24 -14 -16 -2 -12 -3 31 -24 29 -10 -18 -15 -1 -13 -26 -4
right_child=9 21 7 4 6 -7 -8 8 25 10 20 16 13 27 18 -17 26 -19 -20 -21 -22 -23 23 -25 30 -27 -28 -29 -30 -31 -32 -33
leaf_value=-0.0023993064713571282 -0.00066168518826906751 -0.0025362056348710617 3.804465979337692e-05 0.00069341512933218229 0.00047746360266753748 -0.010170155685830427 -0.0045755113000842344 -0.0054274639698831994 0.0051964695132498085 -0.00064922573909247192 -0.013233468922157144 0.0021755935720988175 -0.0090890545911704885 0.00048990884366489592 0.0051335972332177161 -0.0055073587557093965 -0.0051859700037255171 -0.0031746319830471361 0.0022069647927853561 0.004110804014327004 -0.006367053946214063 -0.0082173238285441902 0.0062931126086365917 0.0035291421016856958 0.0037432887779105281 0.00060724136858776796 -0.0002943186140146808 -0.0030838354215151275 0.0013840760340507346 -0.0015318270332531797 0.00096326321037486186 0.0035360612783876949
leaf_weight=117 231 91 62 117 2400 151 263 117 84 86 71 64 192 102 240 69 102 62 698 77 60 64 370 294 102 99 66 205 84 222 221 104
leaf_count=117 231 91 62 117 2400 151 263 117 84 86 71 64 192 102 240 69 102 62 698 77 60 64 370 294 102 99 66 205 84 222 221 104
internal_value=-6.30881e-05 0.000733184 0.000907046 0.000264009 -0.00052888 -0.00546861 -2.57843e-05 0.0032154 -0.000446417 -0.00226838 -0.00654628 -0.00171602 -0.00296835 -0.00455623 0.00230126 -0.000585526 -0.000197327 -0.00770318 0.00297083 0.000556367 -0.010309 -0.00499977 0.004537 0.00509218 0.000671438 0.00276899 -0.00330898 -0.00189999 -0.000816187 -0.000684762 0.0018706 0.00225936
internal_weight=7287 5355 5200 4070 2931 268 2663 1130 300 1932 217 1715 938 561 1139 377 777 254 938 308 131 155 830 664 609 183 168 307 201 286 323 166
internal_count=7287 5355 5200 4070 2931 268 2663 1130 300 1932 217 1715 938 561 1139 377 777 254 938 308 131 155 830 664 609 183 168 307 201 286 323 166
is_linear=0
shrinkage=0.02


Tree=26
num_leaves=40
num_cat=0
split_feature=31 30 37 16 46 38 35 5 16 35 35 36 45 35 36 36 30 35 36 40 37 37 36 40 40 34 30 38 20 44 48 37 26 47 24 20 45 40 24
split_gain=30.4961 14.3336 15.7101 11.9997 14.6996 14.7391 11.0482 10.5863 8.05209 8.70169 12.74 6.23809 6.14265 5.53219 5.3518 5.38757 4.86866 4.85237 4.31401 3.89884 3.72958 4.45771 3.47882 3.65024 3.32943 3.24143 3.15584 3.12066 2.78845 2.10658 1.84031 1.47521 1.3789 1.2785 1.22982 0.854212 0.709328 0.645625 0.513534
threshold=1.7574158906936648 -0.35348322987556452 0.009019498713314535 0.027128291316330436 0.094827588647604003 -0.16171133518218991 0.38782048225402838 1.7829512953758242 0.02408415358513594 0.12650819867849353 0.18165463209152224 0.43550126254558569 0.63811445236206066 0.43668305873870855 0.23834132403135302 0.10147329047322275 0.81989291310310375 0.22241163998842242 0.39968745410442358 0.88409370183944713 0.011315822135657074 0.018684006296098236 0.158023476600647 1.1595680713653567 1.1665930747985842 0.069392371922731413 0.30576051771640783 -0.019811791367828843 0.099469084292650237 0.020159563049674038 0.31474687159061437 0.012225546874105932 0.021365070715546611 0.50531914830207836 26.62660121917725 0.41348527371883398 0.54310345649719249 0.77561545372009288 20.87387847900391
decision_type=2 2 2 2 2 2 2 2 2 2 2 2 2 2 2 2 2 2 2 2 2 2 2 2 2 2 2 2 2 2 2 2 2 2 2 2 2 2 2
left_child=1 12 19 4 17 -6 16 8 9 11 27 26 14 20 15 33 -5 -4 29 34 -10 -22 23 -21 35 -12 -2 -11 -17 -16 -15 -20 -24 -1 37 38 -36 -3 -14
right_child=7 2 3 6 5 -7 -8 -9 13 10 25 -13 24 30 18 28 -18 -19 31 22 21 -23 32 -25 -26 -27 -28 -29 -30 -31 -32 -33 -34 -35 36 -37 -38 -39 -40
leaf_value=0.0042346966273494454 -0.0011241909611908098 -0.0019734784944417578 -0.0071911247103198916 0.0022014154730760592 0.0042845426090146726 -0.0011704033058843762 -0.0040372764115160871 -0.0082123430335020592 0.0043352774181786699 -0.0042672695665596384 -0.0050771220502857529 -0.0064928988085916411 0.0053209034106915911 -0.00076741553594668712 0.0046384565745567676 -0.0044579791679542754 0.0076090317579617 -0.0012863607407962701 0.0026040238685950279 0.0057212367785215695 -0.0017774327516501885 0.0017560958991631526 -0.0014913337360771876 0.0013708677778235046 0.00080044675040924539 -0.00074906614572585863 0.0029024887325696082 -0.0094172481428021967 0.00069397423188560293 0.0018835740880839326 -0.0049976004440400561 -0.00062557399179248108 0.0026763944586273283 0.00031176806319854224 0.0034409087578863348 0.0042129504878518614 0.00063474043824806301 0.00077354803911986803 0.0083466346671115868
leaf_weight=73 222 72 196 471 216 2076 104 110 82 75 96 62 81 66 317 121 76 80 81 281 308 261 60 110 68 237 116 181 62 182 115 170 61 61 64 108 84 60 70
leaf_count=73 222 72 196 471 216 2076 104 110 82 75 96 62 81 66 317 121 76 80 81 281 308 261 60 110 68 237 116 181 62 182 115 170 61 61 64 108 84 60 70
internal_value=-0.000106613 0.000664112 5.61537e-05 -0.000564916 -0.00117999 -0.00065096 0.00185412 -0.00226213 -0.00188923 -0.00310647 -0.00464701 -0.000817829 0.00240882 -0.00043514 0.00166392 -0.000509034 0.00299197 -0.00551542 0.00258205 0.00257429 0.000427104 -0.000154147 0.00360791 0.00451964 0.00479918 -0.00203396 0.000268191 -0.00797923 -0.00272409 0.00365292 -0.0034982 0.000431156 0.000615607 0.00250212 0.000662495 0.00582404 0.00189909 -0.00072798 0.00686533
internal_weight=7336 5405 4011 3219 2568 2292 651 1931 1821 989 589 400 1394 832 1067 317 547 276 750 792 651 569 512 391 327 333 338 256 183 499 181 251 121 134 280 259 148 132 151
internal_count=7336 5405 4011 3219 2568 2292 651 1931 1821 989 589 400 1394 832 1067 317 547 276 750 792 651 569 512 391 327 333 338 256 183 499 181 251 121 134 280 259 148 132 151
is_linear=0
shrinkage=0.02


Tree=27
num_leaves=31
num_cat=0
split_feature=31 37 30 38 35 35 46 31 30 41 35 35 37 31 38 35 35 38 46 45 28 41 31 46 41 5 41 7 3 10
split_gain=32.345 15.843 20.4831 13.7889 14.6497 15.1942 12.2803 10.1438 8.63738 7.90541 16.3083 6.99496 6.78351 6.75889 5.1631 4.84918 3.9875 3.24083 3.18088 3.1154 2.65486 2.11484 2.60832 1.8231 1.68058 2.19552 1.40725 1.38937 1.18492 0.947045
threshold=2.1125370264053349 0.0096004037186503428 -0.35348322987556452 -0.16921504586935041 0.22626094520092013 0.3948304951190949 0.10491563007235528 6.6187844276428232 0.84185099601745617 0.60937130451202404 0.22061534970998767 0.3948304951190949 0.023757779039442543 3.3180384635925297 -0.048918185755610459 -0.0031172295566648241 -0.030360026285052296 -0.048918185755610459 0.93360236287117015 0.54310345649719249 0.67499998211860668 0.3677924126386643 0.83278030157089245 0.41966252028942114 0.65323036909103405 0.69679355621337902 0.69635561108589183 -0.0042089854832738629 -0.11383873969316481 0.0079763596877455729
decision_type=2 2 2 2 2 2 2 2 2 2 2 2 2 2 2 2 2 2 2 2 2 2 2 2 2 2 2 2 2 2
left_child=1 16 12 23 6 -6 -5 8 9 10 14 18 15 -12 -2 19 -1 -17 -11 -3 21 27 -23 28 -14 -26 -25 -18 -4 -22
right_child=7 2 3 4 5 -7 -8 -9 -10 11 13 -13 24 -15 -16 17 20 -19 -20 -21 29 22 -24 26 25 -27 -28 -29 -30 -31
leaf_value=-0.0010338382889239564 -0.0040943941525691616 -0.003027095962298948 -0.00015172149322301864 -0.0064038081006048729 0.0020092045387079152 -0.0034072800386465082 -0.001576351539136007 -0.010729920806449194 0.0039607368467963842 -0.00097414982641398889 0.00045523132375997158 -0.0059446454398954908 0.0064852130769418107 -0.0056003850485311351 -0.0097403228835889616 0.0032935740353347842 0.0023505357930606063 7.3666743048937005e-05 0.0030829054938915829 0.001982842806953232 0.0035062833612485391 0.0028315764857757397 0.00055140393155779749 0.0072475047766929488 0.0042410606437762403 5.0229435747202775e-05 0.003146683883666992 0.0062412320097929306 0.0036098728709750704 0.006938242687010451
leaf_weight=118 107 149 70 234 856 270 1965 62 73 298 235 93 103 104 197 337 74 199 101 71 81 558 317 61 268 62 92 86 60 73
leaf_count=118 107 149 70 234 856 270 1965 62 73 298 235 93 103 104 197 337 74 199 101 71 81 558 317 61 268 62 92 86 60 73
internal_value=-0.000109351 0.000495067 -3.70394e-05 -0.000787627 -0.00114941 0.000703914 -0.00209853 -0.00300947 -0.0025868 -0.00301813 -0.00447422 -0.00109754 0.00223602 -0.00143244 -0.00781579 0.00108341 0.0024444 0.00210704 6.56793e-05 -0.00140084 0.00279216 0.00241274 0.00201135 0.003427 0.00422483 0.00346424 0.004896 0.0045243 0.00161915 0.00524098
internal_weight=7374 6104 4797 3608 3325 1126 2199 1270 1208 1135 643 492 1189 339 304 756 1307 536 399 220 1189 1035 875 283 433 330 153 160 130 154
internal_count=7374 6104 4797 3608 3325 1126 2199 1270 1208 1135 643 492 1189 339 304 756 1307 536 399 220 1189 1035 875 283 433 330 153 160 130 154
is_linear=0
shrinkage=0.02


Tree=28
num_leaves=34
num_cat=0
split_feature=31 30 37 16 36 37 5 35 30 16 38 34 36 36 45 36 40 41 37 38 41 9 37 40 47 40 47 37 30 24 41 24 43
split_gain=27.5317 12.7938 13.8132 11.4841 15.5948 19.1176 11.2411 10.7433 6.51333 7.09781 8.46103 6.59587 4.96546 6.14821 6.13916 5.21655 4.62393 4.30405 4.30356 4.10176 3.53506 3.24602 1.99217 1.97453 1.93203 1.85201 1.7815 1.57338 1.39098 1.36294 1.25757 1.53547 0.406712
threshold=1.7574158906936648 -0.35348322987556452 0.009019498713314535 0.027128291316330436 0.49628871679306036 0.022681221365928653 1.7829512953758242 0.38782048225402838 0.93904605507850658 0.02408415358513594 -0.12042337283492087 0.14220891147851947 0.23990269750356677 0.098120044916868224 0.52457812428474437 0.37093874812126165 0.87212085723876964 0.53141102194786083 0.011315822135657074 -0.045974349603056901 0.3677924126386643 0.019160628318786625 0.012225546874105932 0.79638159275054943 0.50531914830207836 1.1866874694824221 0.54310345649719249 0.019584272988140587 -0.75386661291122425 22.214212417602543 0.42576779425144201 26.767787933349613 -0.11046880111098288
decision_type=2 2 2 2 2 2 2 2 2 2 2 2 2 2 2 2 2 2 2 2 2 2 2 2 2 2 2 2 2 2 2 2 2
left_child=1 12 16 4 5 -4 8 17 9 10 29 -12 13 24 28 23 30 -5 -11 -20 -18 -22 32 -14 -1 -25 -6 -24 -15 -2 -3 -32 -17
right_child=6 2 3 7 26 -7 -8 -9 -10 18 11 -13 15 14 -16 22 20 -19 19 -21 21 -23 27 25 -26 -27 -28 -29 -30 -31 31 -33 -34
leaf_value=0.005461672037561564 -0.0006435088226261239 -0.0015619496883882676 -0.0012996872258096365 0.0049647693840350884 -0.0041143978766568969 0.004108480143374527 -0.0081577263022378343 -0.0040516660606383153 0.0043547048421938026 0.0036641422368231275 -0.0052079243177310273 -0.00094381366252194881 0.0015919814437627793 -0.0017882137642413799 0.0027510134817539961 0.0043374579581575328 0.0079826024980284276 0.0013916459150700546 0.00091095678420543213 -0.0022215227679128961 0.0044785719712226038 0.001055428592319232 -0.0013159561024681814 0.0052129447083985219 0.0010427711392519998 0.0015519371848605891 -0.0074851140367100024 0.0018289898782534429 -0.0055793960595974454 0.0028680028800453458 -0.00046993381610679398 0.0032607252056351356 0.0019626329178695175
leaf_weight=84 117 93 1944 232 193 299 115 103 64 81 563 198 102 79 84 62 61 327 256 470 237 212 135 427 77 68 109 115 84 67 92 80 73
leaf_count=84 117 93 1944 232 193 299 115 103 64 81 563 198 102 79 84 62 61 327 256 470 237 212 135 427 77 68 109 115 84 67 92 80 73
internal_value=-0.000120987 0.000615223 3.782e-05 -0.000541432 -0.00115207 -0.000573789 -0.0021674 0.00179923 -0.00177468 -0.00200621 -0.00318022 -0.00410784 0.00226497 0.000403612 -0.00157081 0.00303373 0.00242893 0.00289495 -0.000623524 -0.00111638 0.00353735 0.00288224 0.00120184 0.00420152 0.00341212 0.00472441 -0.00539592 0.0001313 -0.0038135 0.00065529 0.000276303 0.00128569 0.00313112
internal_weight=7303 5372 3982 3207 2545 2243 1931 662 1816 1752 945 761 1390 408 247 982 775 559 807 726 510 449 385 597 161 495 302 250 163 184 265 172 135
internal_count=7303 5372 3982 3207 2545 2243 1931 662 1816 1752 945 761 1390 408 247 982 775 559 807 726 510 449 385 597 161 495 302 250 163 184 265 172 135
is_linear=0
shrinkage=0.02


Tree=29
num_leaves=27
num_cat=0
split_feature=31 40 41 36 37 15 40 5 16 35 46 38 35 47 37 34 18 46 13 40 40 11 41 16 47 47
split_gain=28.5383 12.5769 16.8198 15.9771 22.0838 16.5466 10.402 9.03015 8.96446 8.71153 8.1749 7.90227 12.4192 6.81334 5.03164 3.95286 3.92454 3.87178 3.77688 3.22588 2.38136 4.05091 2.21832 1.38208 1.21177 0.910152
threshold=2.1125370264053349 0.54912337660789501 0.35545957088470465 0.46758414804935461 0.023636833764612678 0.87068966031074535 1.1969386935234072 1.7829512953758242 0.023587788455188278 0.33835434913635259 0.19057226926088336 -0.051388181746006005 0.21031048148870471 0.62931033968925487 0.013491752557456495 0.069392371922731413 0.091204714030027403 0.82868674397468578 -0.2323375269770622 0.88220158219337474 0.80766865611076366 0.017349353060126308 0.58765980601310741 0.024743916466832164 0.48606015741825109 0.90517240762710582
decision_type=2 2 2 2 2 2 2 2 2 2 2 2 2 2 2 2 2 2 2 2 2 2 2 2 2 2
left_child=1 10 20 4 5 -4 7 11 15 -10 -1 18 22 -12 -14 -5 -6 -8 -2 -20 23 24 -13 -3 -22 -15
right_child=6 2 3 8 16 -7 17 -9 9 -11 13 12 14 25 -16 -17 -18 -19 19 -21 21 -23 -24 -25 -26 -27
leaf_value=0.001046824160705601 -0.0046372521934801179 0.00026674561891704796 0.00052050107009123851 -0.0054605856695605229 0.0046054896035798137 -0.0060742773996203345 -0.00056618467742577201 -0.0088553601238707987 0.0024241488038602732 -0.0024101654451166295 -0.00068439133499882058 -0.0092017422799787994 0.0014015239558327172 -0.010422261059500171 -0.0035106648035605347 -0.00071116625975587019 -6.7142975018468012e-06 0.0057782521388005641 0.0028103319340313853 -0.0013744078168755067 0.0047528575039253789 0.0013516075117661367 -0.0043272040715766329 0.0044572609575662878 0.0087244086979943163 -0.0062189571141180663
leaf_weight=100 70 62 3543 291 632 156 97 113 250 360 67 167 113 66 299 94 83 60 127 167 62 60 60 63 116 63
leaf_count=100 70 62 3543 291 632 156 97 113 250 360 67 167 113 66 299 94 83 60 127 167 62 60 60 63 116 63
internal_value=-0.000152673 0.000418705 0.000625737 0.000344571 0.000860945 0.000237409 -0.00287162 -0.00354924 -0.00194086 -0.00042509 -0.00358084 -0.00292582 -0.00426099 -0.00592711 -0.00216059 -0.00431803 0.0040709 0.00191507 -0.000563557 0.000440047 0.00477544 0.00595142 -0.00799091 0.00244154 0.00744829 -0.00856505
internal_weight=7341 6068 5772 5409 4414 3699 1273 1116 995 610 296 1003 639 196 412 385 715 157 364 294 363 238 227 125 178 129
internal_count=7341 6068 5772 5409 4414 3699 1273 1116 995 610 296 1003 639 196 412 385 715 157 364 294 363 238 227 125 178 129
is_linear=0
shrinkage=0.02


Tree=30
num_leaves=33
num_cat=0
split_feature=5 37 37 36 36 15 36 16 37 16 40 17 40 40 16 36 36 9 35 18 35 36 36 40 30 16 24 17 35 26 10 40
split_gain=23.5096 16.2364 20.0154 28.7218 20.8203 22.8748 20.6868 20.561 19.3024 16.8283 10.6187 7.70673 6.43738 6.05256 5.20747 4.37112 3.85676 3.81642 3.4882 3.30936 2.87846 3.2944 11.7754 4.35805 2.55475 2.04816 2.03938 1.82987 1.62397 1.60307 1.03075 0.865223
threshold=1.1425926685333254 0.0093800420872867125 0.022681221365928653 0.52559611201286327 0.23273799568414691 0.26724137365818029 0.034535290673375137 0.020778005942702297 0.011925689410418274 0.02702269330620766 1.1547995209693911 1.5128296017646792 0.8800683617591859 0.77770313620567333 0.022363173775374893 0.080913938581943526 0.51118141412734996 0.037962533533573158 0.036631515249609954 0.086506620049476637 -0.033851636573672288 0.16816635429859164 0.36293983459472662 1.1665930747985842 0.23663152754306796 0.027128291316330436 28.220146179199222 0.88243821263313305 0.23109264671802524 0.029694943688809875 0.014394065365195276 0.95043683052062999
decision_type=2 2 2 2 2 2 2 2 2 2 2 2 2 2 2 2 2 2 2 2 2 2 2 2 2 2 2 2 2 2 2 2
left_child=1 13 4 19 5 15 -7 8 -6 -9 11 12 18 26 29 -3 -12 -13 -2 28 -15 23 -23 -22 31 -20 -1 -16 -4 -5 -26 -14
right_child=10 2 3 14 7 6 -8 9 -10 -11 16 17 24 20 27 -17 -18 -19 25 -21 21 22 -24 -25 30 -27 -28 -29 -30 -31 -32 -33
leaf_value=-0.0024053230526556897 0.0032069678503850643 -0.00027492605586087814 0.0036052108187910148 -0.003768770074299739 -0.007967373670777305 0.00081960873078872054 -0.0054735332119667281 -0.0027337547290254842 0.0034323715278507588 0.0013846029618850234 0.0045542680623716324 -0.0049277704947216566 -0.0044814569257128128 -0.00066235968039405572 -0.0028329998009721745 0.0051239093353421831 -0.0019569170382760818 -0.011659432754568433 -0.0033346495724253119 0.00053134899536936404 0.005027940634083591 -0.0058578292451548705 0.0034624124760772074 0.00095359990660355792 -0.0049845788830031566 0.00060854642405922031 0.0014337907534174841 0.0018138216646232952 0.005592427685726228 -0.0080799924883111895 -0.0015801874951043345 -0.0080156313326984353
leaf_weight=118 63 105 538 89 61 273 874 993 850 657 84 83 62 78 61 135 60 66 152 108 494 64 283 136 62 78 99 69 268 69 91 98
leaf_count=118 63 105 538 89 61 273 874 993 850 657 84 83 62 78 61 135 60 66 152 108 494 64 283 136 62 78 99 69 268 69 91 98
internal_value=-6.79852e-05 0.000356382 -0.000143607 0.00211265 -0.000831878 -0.00280264 -0.00397659 0.000237098 0.00264431 -0.00109376 -0.00309166 -0.00403907 -0.00300711 0.00237707 -0.0033684 0.00278357 0.0018499 -0.00808743 -0.000857833 0.00384618 0.00300148 0.00329613 0.00170507 0.00415867 -0.00498864 -0.00200248 -0.000653625 -0.000373811 0.0042855 -0.00577321 -0.00303548 -0.00675996
internal_weight=7321 6422 5150 1202 3948 1387 1147 2561 911 1650 899 755 606 1272 288 240 144 149 293 914 1055 977 347 630 313 230 217 130 806 158 153 160
internal_count=7321 6422 5150 1202 3948 1387 1147 2561 911 1650 899 755 606 1272 288 240 144 149 293 914 1055 977 347 630 313 230 217 130 806 158 153 160
is_linear=0
shrinkage=0.02


Tree=31
num_leaves=31
num_cat=0
split_feature=31 37 36 36 37 15 36 16 34 35 17 35 30 38 35 20 37 20 35 24 47 48 33 21 28 46 26 4 33 33
split_gain=24.7356 13.4091 17.9122 22.8231 36.8606 19.884 24.6589 17.5932 11.1874 9.98991 9.69106 8.75259 6.02044 6.16794 9.51968 4.67052 4.64559 3.98077 3.54804 3.44243 2.8965 2.42886 2.47371 2.36529 2.21 1.52272 1.44361 1.07054 1.05451 0.268973
threshold=2.2144484519958501 0.0092467982321977633 0.23273799568414691 0.46758414804935461 0.011803861707448961 0.26724137365818029 0.034535290673375137 0.022363173775374893 0.14220891147851947 -0.022027643397450444 1.7702111005783083 0.33700302243232733 0.84185099601745617 -0.051388181746006005 0.21031048148870471 0.01755714695900679 0.012582910712808372 0.035889154300093658 -0.033851636573672288 35.798509597778327 0.62931033968925487 0.077035948634147658 0.011671449057757856 72.310016632080092 0.67499998211860668 0.93360236287117015 0.030453769490122799 -0.16526800394058225 0.00056840659817680727 -0.015872046351432797
decision_type=2 2 2 2 2 2 2 2 2 2 2 2 2 2 2 2 2 2 2 2 2 2 2 2 2 2 2 2 2 2
left_child=1 18 5 4 28 17 15 26 -8 -6 12 -9 13 19 25 -7 -16 27 -1 20 -2 -20 24 -24 -23 -15 -5 -3 -4 -19
right_child=10 2 3 7 9 6 8 11 -10 -11 -12 -13 -14 14 16 -17 -18 29 21 -21 -22 22 23 -25 -26 -27 -28 -29 -30 -31
leaf_value=-0.0013880881315237411 0.00046766808273440062 -0.0013650963520774476 -0.010561557868728415 -0.0047600896757686853 -0.00016276113061035533 -0.00099055494404701357 -0.0057129546351118374 0.0030165639243399105 0.00018919227910640685 0.0031945731867621518 -0.0092159482476611952 -0.0014575071816956952 0.0037208227614755739 -0.0089610701915497585 0.0028340777785732197 0.0034312438494165922 -0.0029653315071720542 0.006178799750147069 -0.00096616322418971781 0.0033667792488634584 -0.0037156517209274878 0.0029395202665631948 0.002838624279389882 -0.0024447207786088259 0.0061126960812745469 -0.0048765257339542494 -0.0082117503406842814 0.001944836815068384 -0.0061247977583723913 0.0038355459100351879
leaf_weight=90 140 62 61 224 442 175 733 255 155 1771 84 540 61 117 62 204 378 79 66 72 121 775 69 61 101 75 74 95 65 62
leaf_count=90 140 62 61 224 442 175 733 255 155 1771 84 540 61 117 62 204 378 79 66 72 121 775 69 61 101 75 74 95 65 62
internal_value=-4.67814e-05 0.000448733 -1.54772e-06 0.000806789 0.00192114 -0.001773 -0.00286606 -0.00157573 -0.00468445 0.00252425 -0.00279091 -1.52292e-05 -0.00223858 -0.00262668 -0.00378311 0.00139515 -0.00213223 0.00285327 0.00238097 -0.00041475 -0.00148812 0.00270132 0.00294508 0.000352773 0.00332613 -0.00747024 -0.00569384 0.000630392 -0.00847617 0.00525675
internal_weight=7269 6159 4997 3432 2339 1565 1267 1093 888 2213 1110 795 1026 965 632 379 440 298 1162 333 261 1072 1006 130 876 192 298 157 126 141
internal_count=7269 6159 4997 3432 2339 1565 1267 1093 888 2213 1110 795 1026 965 632 379 440 298 1162 333 261 1072 1006 130 876 192 298 157 126 141
is_linear=0
shrinkage=0.02


Tree=32
num_leaves=33
num_cat=0
split_feature=31 30 37 38 35 35 37 40 5 47 36 38 40 40 41 3 26 16 36 13 47 45 16 40 13 36 41 46 39 41 35 46
split_gain=25.4719 12.7525 15.0414 12.0239 13.7369 14.7612 11.6658 10.6182 7.57034 7.9517 7.26484 8.12279 5.54709 5.12337 4.94801 4.26702 4.25729 4.15412 3.9836 3.82953 3.56294 3.287 2.98864 2.93521 2.79961 2.61501 2.3856 2.02643 1.98635 1.74686 1.57147 0.855906
threshold=2.1125370264053349 -0.35348322987556452 0.0096004037186503428 -0.16921504586935041 0.22241163998842242 0.3948304951190949 0.01059157866984606 1.1969386935234072 1.4907743930816653 0.57171678543090831 0.28937476873397833 -0.048918185755610459 0.82247287034988414 0.88220158219337474 0.3677924126386643 -0.086054500192403779 0.031064744107425216 0.027128291316330436 0.23834132403135302 -0.31926861405372614 0.88646370172500621 0.57171678543090831 0.021592992357909683 1.1866874694824221 -0.07232359796762465 0.31761431694030767 0.58980295062065136 0.27622890472412115 0.97526687383651745 0.69635561108589183 0.015187972690910103 0.24834922701120379
decision_type=2 2 2 2 2 2 2 2 2 2 2 2 2 2 2 2 2 2 2 2 2 2 2 2 2 2 2 2 2 2 2 2
left_child=1 15 12 27 6 -6 -5 8 10 -10 11 -2 30 21 -14 18 -9 -15 28 -17 23 -12 -16 -21 -11 -20 -13 -4 -1 -29 -3 -32
right_child=7 2 3 4 5 -7 -8 16 9 24 13 26 14 17 22 19 -18 -19 25 20 -22 -23 -24 -25 -26 -27 -28 29 -30 -31 31 -33
leaf_value=-0.0045464838002989821 -0.00052416610503486834 -0.0024443123138936183 0.00042616795566923258 -0.0059712061966019272 0.0019683607039000196 -0.003359460627175593 -0.0014203161270174428 0.0055807942170773943 -0.0014757099811656355 -0.01245013047306723 -0.0022594691738700387 -0.0086771741321662807 0.0068280251751047221 -0.0049297097616416846 0.0013546093028897069 0.0071016939087091271 -0.00085516359592261533 -0.00012747611693568586 0.0039196680793629011 0.0024787039580705422 0.0065793561361233389 0.0025075516808627314 0.0042481870433735873 -0.00058739668438588652 -0.0061127831113538637 -0.00093194370126600497 -0.0037145123904743795 0.006480831679170844 -5.1444707363613953e-06 0.0026351920770747322 0.0025095381267841851 -0.00068418327464799715
leaf_weight=74 110 104 76 254 892 268 1875 72 75 71 84 145 106 171 493 71 89 124 113 834 72 170 202 145 64 70 63 84 78 123 60 69
leaf_count=74 110 104 76 254 892 268 1875 72 75 71 84 145 106 171 493 71 89 124 113 834 72 170 202 145 64 70 63 84 78 123 60 69
internal_value=-7.93244e-05 0.000454672 -6.13654e-05 -0.000676686 -0.00101813 0.0007311 -0.00197137 -0.00269011 -0.00340584 -0.00679799 -0.00256246 -0.00495517 0.00205913 -0.0011553 0.00284704 0.00208347 0.00206637 -0.0029361 9.80877e-05 0.00267353 0.00235407 0.000919193 0.0022117 0.00202316 -0.0096512 0.00207338 -0.00725298 0.00325711 -0.00226772 0.00427079 -0.000647041 0.000816967
internal_weight=7301 6063 4606 3572 3289 1160 2129 1238 1077 210 867 318 1034 549 801 1457 161 295 335 1122 1051 254 695 979 135 183 208 283 152 207 233 129
internal_count=7301 6063 4606 3572 3289 1160 2129 1238 1077 210 867 318 1034 549 801 1457 161 295 335 1122 1051 254 695 979 135 183 208 283 152 207 233 129
is_linear=0
shrinkage=0.02


Tree=33
num_leaves=33
num_cat=0
split_feature=31 36 37 15 16 36 35 33 39 4 38 35 37 41 37 13 35 34 36 30 18 30 36 35 4 29 23 30 3 10 45 37
split_gain=20.3631 12.2345 19.8255 19.8701 15.3457 14.6953 18.7707 12.8819 8.75532 6.00929 6.14168 11.7629 5.65586 4.91016 4.84916 4.62486 4.01184 3.8487 3.71203 3.38548 3.20417 2.81427 2.68042 2.64903 1.88752 1.81007 1.58126 1.33273 0.975528 0.910905 0.89719 0.826853
threshold=2.0451422929763798 0.46758414804935461 0.023636833764612678 0.87068966031074535 0.023145759478211406 0.29537120461463934 0.12966572493314746 -0.0029274023836478587 0.86476150155067455 1.1176550984382632 -0.048918185755610459 0.21415767818689349 0.013424844946712257 0.59955701231956493 0.01328959269449115 -0.2979674339294433 0.34139065444469457 0.069392371922731413 0.40407690405845648 0.70716923475265514 0.094190027564764037 0.34053540229797369 0.48688882589340216 0.33700302243232733 0.56772851943969738 0.095144357532262816 0.26455892622470861 0.25295226275920873 -0.045322334393858903 0.021386514417827133 0.46680118143558508 0.012361412867903711
decision_type=2 2 2 2 2 2 2 2 2 2 2 2 2 2 2 2 2 2 2 2 2 2 2 2 2 2 2 2 2 2 2 2
left_child=1 2 3 5 17 6 -1 -7 19 10 15 13 31 24 26 -2 -14 28 20 23 27 25 -16 -6 -12 -17 -13 -4 -3 -30 -5 -10
right_child=9 4 18 30 8 7 -8 -9 12 -11 11 14 16 -15 22 21 -18 -19 -20 -21 -22 -23 -24 -25 -26 -27 -28 -29 29 -31 -32 -33
leaf_value=0.0010155301274166644 -0.0051244541635470731 -0.0078531424644468148 0.0053740303871608157 -0.0077949280314167724 0.0040332018487806457 -0.0012959507361707462 -0.0025067953354231472 0.0034923475828318351 0.0027862205037595595 -0.0074423377242815846 -0.0098482419552453678 -0.00017186972063321332 -5.9042319242473482e-05 -0.0015566068854596879 -0.00041992606874856429 -0.0010732135595985653 -0.0049723127688036158 -0.00052039740907826597 0.00063093485866362847 0.0066350996634789872 0.00017031325603602453 0.0035190184106695509 -0.0036768269681030324 -0.0001761764519227048 -0.0051298736923414724 0.0027333918526650418 0.0042699281168671758 0.0020466721706084968 -0.0034113416961457543 -0.0063504276046386131 -0.0044354907354516001 -0.00017410050524289115
leaf_weight=1740 60 83 490 89 100 289 924 983 84 82 116 62 103 60 171 238 187 67 117 67 61 102 250 141 66 60 62 60 100 101 79 65
leaf_count=1740 60 83 490 89 100 289 924 983 84 82 116 62 103 60 171 238 187 67 117 67 61 102 250 141 66 60 62 60 100 101 79 65
internal_value=-4.61868e-05 0.000455398 0.000888607 0.000347568 -0.00144736 0.000637295 -0.000207248 0.00240317 0.000176096 -0.00228099 -0.00192375 -0.00299354 -0.00163221 -0.00663661 -0.00134659 -8.37677e-05 -0.00324914 -0.00487743 0.00392332 0.00274761 0.00454599 0.000702373 -0.00236864 0.00159447 -0.00825352 -0.000283856 0.00208956 0.00502593 -0.00588565 -0.00496477 -0.00632657 0.00151028
internal_weight=7259 5930 4832 4104 1098 3936 2664 1272 747 1329 1247 787 439 242 545 460 290 351 728 308 611 400 421 241 182 298 124 550 284 201 168 149
internal_count=7259 5930 4832 4104 1098 3936 2664 1272 747 1329 1247 787 439 242 545 460 290 351 728 308 611 400 421 241 182 298 124 550 284 201 168 149
is_linear=0
shrinkage=0.02


Tree=34
num_leaves=40
num_cat=0
split_feature=38 34 36 37 36 36 35 16 33 35 35 33 37 37 36 35 35 44 16 37 38 15 38 40 40 26 11 17 26 47 48 34 48 10 39 21 23 20 46
split_gain=21.0322 37.7891 26.1938 26.3418 22.8735 20.464 16.7378 16.3794 15.4473 14.7674 13.2709 11.7573 11.2011 13.9201 7.71743 6.22214 6.21452 6.09098 5.99651 5.92898 5.89316 5.20647 5.13046 4.50803 3.7868 3.22315 3.11304 2.81392 2.55838 2.03703 1.89269 1.883 1.5625 1.56191 1.55677 1.08396 0.654811 0.644534 1.03429
threshold=-0.048918185755610459 0.14378764480352405 0.29404555261135107 0.0081179384142160433 0.49266257882118231 0.46082870662212377 0.23788274824619296 0.022363173775374893 0.02070923708379269 0.012717568781226875 0.38782048225402838 0.00026131967024412012 0.022681221365928653 0.017124806530773643 0.37093874812126165 0.15205127745866778 0.12650819867849353 0.032131211832165725 0.031523328274488456 0.012545759323984386 -0.030140510760247704 0.92241379618644725 -0.1652562469244003 0.80528756976127636 0.81025385856628429 0.03340220823884011 0.01867758855223656 0.94589209556579601 0.030453769490122799 0.59097579121589672 0.26724137365818029 0.17870318889617923 0.33400586247444158 0.020833314396440986 0.82437142729759227 53.294261932373054 0.17751726508140567 0.20197610557079318 0.65737342834472667
decision_type=2 2 2 2 2 2 2 2 2 2 2 2 2 2 2 2 2 2 2 2 2 2 2 2 2 2 2 2 2 2 2 2 2 2 2 2 2 2 2
left_child=5 2 3 -2 8 9 20 28 11 12 15 -4 13 14 -1 16 -3 21 29 24 -5 23 -15 -11 -17 33 34 -21 37 32 -12 -32 -9 -14 -6 -27 -28 -7 -39
right_child=1 10 4 6 26 7 -8 18 -10 17 30 -13 25 22 -16 19 -18 -19 -20 27 -22 -23 -24 -25 -26 35 36 -29 -30 -31 31 -33 -34 -35 -36 -37 -38 38 -40
leaf_value=0.00087440624202706732 0.0044050068952467131 0.0017121425799885264 -0.0021433767486095452 -0.0042914858941982192 -0.0010354911020646492 -0.005831882480420051 0.001963900750236852 0.0027177257251494854 -0.0070698280478404332 0.0010944459183846627 -4.1604105802908744e-06 0.0043120004186508274 0.0014999702807981521 0.00036606990232725036 -0.0052686198594006283 0.00059195474423165244 -0.0062510071450515708 -0.002868577694219044 0.0052433673205192792 0.0018215670965387671 -0.0089766833269557741 -0.0016813706483140038 -0.0061320185012403222 0.0041050412148075721 0.004565374296473238 0.0021244267870372696 -0.0093902730804402389 -0.0016846410119553293 -0.0083354657683388476 -0.0035860781757724716 -0.0062601414692622639 -0.0021788729332043052 -0.0013872210657426031 0.0052329825003555909 -0.00487051212668541 -0.0011252156554219816 -0.0057265798456966879 -0.0013815884400460432 -0.0050952794600337267
leaf_weight=1157 89 90 155 147 69 74 74 64 74 246 68 396 61 63 85 120 65 65 85 296 524 78 201 1124 509 109 61 129 102 73 78 117 80 219 119 62 67 65 60
leaf_count=1157 89 90 155 147 69 74 74 64 74 246 68 396 61 63 85 120 65 65 85 296 524 78 201 1124 509 109 61 129 102 73 78 117 80 219 119 62 67 65 60
internal_value=-1.76907e-05 -0.00121791 -0.00318059 -0.00575502 -0.000886799 0.000939072 -0.00698291 -0.00245282 0.00133035 0.0015304 0.00114975 0.00249248 0.000381336 -0.000447381 0.000441504 0.00203607 -0.0016762 0.0030123 0.000835484 0.00258615 -0.00797542 0.00328236 -0.0045909 0.00356875 0.00381532 0.0031355 -0.00524638 0.000750645 -0.00573102 -0.000934517 -0.00289786 -0.00388655 0.000448628 0.00444777 -0.00350659 0.000941361 -0.00765525 -0.00428716 -0.00324961
internal_weight=7320 3247 1775 834 941 4073 745 603 625 3470 1472 551 1957 1506 1242 1209 155 1513 302 1054 671 1448 264 1370 629 451 316 425 301 217 263 195 144 280 188 171 128 199 125
internal_count=7320 3247 1775 834 941 4073 745 603 625 3470 1472 551 1957 1506 1242 1209 155 1513 302 1054 671 1448 264 1370 629 451 316 425 301 217 263 195 144 280 188 171 128 199 125
is_linear=0
shrinkage=0.02


Tree=35
num_leaves=38
num_cat=0
split_feature=31 37 30 38 35 35 46 40 5 47 36 35 40 37 40 15 41 41 46 16 34 13 3 36 31 46 36 29 31 39 46 17 5 32 41 32 31
split_gain=23.0246 12.3369 14.725 10.8032 12.9038 12.2977 11.8135 10.3491 7.3665 6.8711 6.19484 9.04709 6.13693 4.60956 4.34832 4.2284 4.12898 4.09002 3.87378 3.49806 3.35054 2.96569 2.87947 2.4554 2.30692 4.44734 3.43152 2.24232 1.90902 1.78898 2.54052 1.70103 1.6429 1.19208 1.07486 0.82992 0.429862
threshold=2.0281928777694707 0.0096004037186503428 -0.34238871932029719 -0.17037347704172132 0.22626094520092013 0.3948304951190949 0.10491563007235528 1.1969386935234072 1.4907743930816653 0.57171678543090831 0.30809167027473455 0.12108036503195764 0.81820997595787059 0.023757779039442543 0.94484683871269237 0.36206896603107458 0.61140158772468578 0.48260690271854406 0.82868674397468578 0.020778005942702297 0.16151383519172671 -0.07232359796762465 -0.024484274908900257 0.38160218298435217 0.88465276360511791 0.24834922701120379 0.35923103988170629 0.06907141208648683 0.87533646821975719 0.6023710072040559 0.24834922701120379 1.0842742323875429 0.53091824054718029 0.96680667996406566 0.69635561108589183 0.80916932225227367 1.0631034374237063
decision_type=2 2 2 2 2 2 2 2 2 2 2 2 2 2 2 2 2 2 2 2 2 2 2 2 2 2 2 2 2 2 2 2 2 2 2 2 2
left_child=1 12 13 28 6 -6 -5 8 10 -10 11 31 29 15 27 35 -13 22 -9 -17 -16 -11 -14 33 25 -19 -26 -12 -4 -1 -31 -2 -24 -15 -30 -3 -25
right_child=7 2 3 4 5 -7 -8 18 9 21 14 16 17 23 20 19 -18 24 -20 -21 -22 -23 32 36 26 -27 -28 -29 34 30 -32 -33 -34 -35 -36 -37 -38
leaf_value=-0.0029825278281638153 -0.0021876761353932894 0.0042149366514764135 0.00046884045356677641 -0.0063632998136249758 0.0018528171412430772 -0.0033384196343274521 -0.0014741526379285753 -0.00019937867338389709 -0.0014514670383930207 -0.012003372077704282 -0.0015236973023923215 -0.007713840556668029 0.0012642851669289587 0.0019827657867968083 -0.0046292525504000159 0.0011739805941882579 -0.0019782039366809216 8.5859468707349157e-05 0.0059699028876581874 -0.0021560362969746901 0.00066910665615725878 -0.0055266191698037656 0.0086722036605359799 0.0021504031310360583 -0.0014668837079370859 0.0041832997813623287 0.0030260849134727736 0.0015525458489190395 0.0063341962751279129 0.0027362170306698638 -0.0017270637687510242 0.0023364649043617061 0.0046287420752665238 0.00505654238407139 0.0029643444084165404 0.0018293338303132364 -0.00018309169570420635
leaf_weight=80 62 118 78 219 827 231 1859 105 72 71 164 207 69 72 174 313 70 157 63 207 64 62 68 60 149 327 120 216 64 99 99 65 141 242 119 133 61
leaf_count=80 62 118 78 219 827 231 1859 105 72 71 164 207 69 72 174 313 70 157 63 207 64 62 68 60 149 327 120 216 64 99 99 65 141 242 119 133 61
internal_value=-0.00014116 0.00040433 -8.30514e-05 -0.000757312 -0.00108375 0.000712204 -0.00199833 -0.00244956 -0.00308697 -0.00653048 -0.00237818 -0.0042964 0.0021152 0.00181251 -0.00110789 0.000875978 -0.0063047 0.00282472 0.0021724 -0.000154474 -0.00320974 -0.00918 0.00489428 0.00345278 0.00204295 0.00286494 0.000545008 0.000220757 0.00312885 -0.000514648 0.000507133 0.00012062 0.00605314 0.00438032 0.0042314 0.00299133 0.00098998
internal_weight=7307 5912 4603 3397 3136 1058 2078 1395 1227 205 1022 404 1309 1206 618 771 277 1031 168 520 238 133 278 435 753 484 269 380 261 278 198 127 209 314 183 251 121
internal_count=7307 5912 4603 3397 3136 1058 2078 1395 1227 205 1022 404 1309 1206 618 771 277 1031 168 520 238 133 278 435 753 484 269 380 261 278 198 127 209 314 183 251 121
is_linear=0
shrinkage=0.02


Tree=36
num_leaves=31
num_cat=0
split_feature=31 44 41 36 37 15 40 40 37 5 47 16 38 35 41 37 12 26 30 12 16 24 35 41 40 11 13 9 8 26
split_gain=21.7999 11.9401 12.3653 15.6644 16.4441 15.8522 12.6398 10.2457 7.43431 7.19913 7.55857 6.72478 6.54444 9.00186 5.57653 5.32007 4.20249 3.99659 3.39033 3.09099 3.04769 2.83438 2.74549 2.52827 2.15519 2.05727 2.00614 1.96998 1.42323 0.549364
threshold=2.1125370264053349 0.03187124431133271 0.44506072998046881 0.46758414804935461 0.023636833764612678 0.87068966031074535 0.83614233136177074 1.1969386935234072 0.012304978445172312 1.4907743930816653 0.57171678543090831 0.022363173775374893 -0.058364244177937501 0.21415767818689349 0.55317190289497387 0.018925510346889499 -0.25630314648151392 0.031064744107425216 0.18914191424846652 -0.13191964477300641 0.026831434108316902 35.798509597778327 0.18526012450456622 0.58765980601310741 1.0541806221008303 0.022792002186179165 -0.08499580621719359 0.038992170244455344 0.035794435068964965 0.022029337473213676
decision_type=2 2 2 2 2 2 2 2 2 2 2 2 2 2 2 2 2 2 2 2 2 2 2 2 2 2 2 2 2 2
left_child=1 2 6 4 5 -4 15 9 29 12 -11 -10 21 23 -15 20 -3 -9 -6 -8 -1 25 27 -14 -21 -2 -12 -18 -24 -5
right_child=7 16 3 8 18 -7 19 17 11 10 26 -13 13 14 -16 -17 22 -19 -20 24 -22 -23 28 -25 -26 -27 -28 -29 -30 -31
leaf_value=-0.0021820886987509829 0.001210981981116621 0.0013912906729965471 0.00050831753321388829 0.00072764108722838468 0.0041234417690571004 -0.0059039159151093095 0.0011858062357485693 0.005617205646273991 -0.005590247756045069 -0.0012767265960077446 -0.011839966569302812 -0.0015462340480192445 -0.007926582679381235 0.00069705100884969969 -0.0042481794517153885 0.0045708995994306013 -0.0085722185474634179 -0.0006382006571147141 -0.00014913439992601159 0.007219107888799689 0.0023438801314727758 0.0037411711186743695 3.3051351027993056e-05 -0.0030552393239238022 0.0038883605662091026 -0.0025142248533403791 -0.0061689461604470296 -0.0035419198835534705 -0.0041393077460439489 0.0032606837992941069
leaf_weight=222 99 61 3204 75 599 159 66 72 258 72 69 457 168 196 166 86 72 88 84 223 78 62 62 65 142 139 60 67 65 66
leaf_count=222 99 61 3204 75 599 159 66 72 258 72 69 457 168 196 166 86 72 88 84 223 78 62 62 65 142 139 60 67 65 66
internal_value=-7.5319e-05 0.000422915 0.000636201 0.000255555 0.000776013 0.000199863 0.00290957 -0.00246975 -0.00219741 -0.00315981 -0.00656312 -0.00302413 -0.00237501 -0.00358433 -0.00158419 0.000271708 -0.00327616 0.00222217 0.00359816 0.0052515 -0.000990481 3.19352e-05 -0.00435381 -0.00662797 0.00596829 -0.000964729 -0.00941001 -0.00628064 -0.00214096 0.00196349
internal_weight=7302 6046 5719 4902 4046 3363 817 1256 856 1096 201 715 895 595 362 386 327 160 683 431 300 300 266 233 365 238 129 139 127 141
internal_count=7302 6046 5719 4902 4046 3363 817 1256 856 1096 201 715 895 595 362 386 327 160 683 431 300 300 266 233 365 238 129 139 127 141
is_linear=0
shrinkage=0.02


Tree=37
num_leaves=31
num_cat=0
split_feature=31 35 35 37 38 36 36 36 16 17 38 34 40 36 16 11 26 40 35 9 11 10 9 40 39 36 40 8 44 46
split_gain=22.0194 11.6202 16.2281 12.9395 14.1277 21.9112 12.6018 11.2491 9.70373 8.54443 5.4995 12.5018 5.09141 4.86891 5.45697 4.77756 3.85723 3.42099 3.04222 2.96818 2.86248 2.58299 2.30491 2.07065 3.0911 2.03222 1.76603 1.63659 1.33578 0.776809
threshold=1.7574158906936648 0.43158096075057989 0.23334448039531711 0.0092467982321977633 -0.032423948869109147 0.30033826828002935 0.4634817391633988 0.52094960212707531 0.028688673861324791 1.7702111005783083 -0.051388181746006005 0.14323943853378299 0.77770313620567333 0.45182636380195623 0.022363173775374893 0.019349034875631336 0.041719358414411552 1.1119956374168398 0.38449370861053472 0.032727373763918884 0.019740520976483825 0.010684737470000984 0.019160628318786625 0.7309381663799287 0.75340142846107494 0.65546339750289928 1.0100640058517458 0.040545055642724044 0.026070963591337207 0.24834922701120379
decision_type=2 2 2 2 2 2 2 2 2 2 2 2 2 2 2 2 2 2 2 2 2 2 2 2 2 2 2 2 2 2
left_child=1 2 3 12 6 -6 -5 23 25 10 13 15 29 16 -15 17 20 -12 21 -3 -2 -13 -14 -4 -25 -9 -10 -16 -20 -1
right_child=9 19 7 4 5 -7 -8 8 26 -11 11 18 22 14 27 -17 -18 -19 28 -21 -22 -23 -24 24 -26 -27 -28 -29 -30 -31
leaf_value=0.00063278389845509086 0.0022652147139736708 -0.0023944005841545967 0.00098336481518415089 0.00071879535544494761 -0.0054560557589909946 0.0033062510140143431 -0.003870711738098288 -0.0060844385544605115 0.0049250407417650134 -0.0079962856272856406 -0.0042882868754677483 0.003301854961689134 0.0037469742279048241 -0.0073556506170288603 0.001046601731851697 -0.0082848713278770442 0.0054671361487717007 -4.0363347504656608e-05 -0.0038966723021260398 -0.0080263312526993331 -0.0010678379098870651 -0.0003135999502241612 0.0016738139851374696 0.0068472035343210922 0.0037028607946787296 -0.0012889191899448636 0.00063000025911486316 -0.0029923573789089469 -0.00040634998433630574 -0.0019451796794310212
leaf_weight=77 166 104 80 2164 443 151 266 82 86 84 421 119 444 65 97 102 62 93 91 60 261 222 434 167 585 65 70 64 85 110
leaf_count=77 166 104 80 2164 443 151 266 82 86 84 421 119 444 65 97 102 62 93 91 60 261 222 434 167 585 65 70 64 85 110
internal_value=-3.13137e-05 0.000625469 0.000791231 0.000202918 -0.000464761 -0.0032215 0.000211841 0.00290371 -0.00039054 -0.00186161 -0.00156971 -0.00243468 0.00209567 -0.000193226 -0.00260267 -0.00435221 0.00092739 -0.00352632 -0.000136115 -0.00456802 0.000232354 0.000962983 0.00273252 0.00410171 0.0044269 -0.00403883 0.00305232 -0.000578218 -0.00225165 -0.000885172
internal_weight=7320 5388 5224 4089 3024 594 2430 1135 303 1932 1848 1133 1065 715 226 616 489 514 517 164 427 341 878 832 752 147 156 161 176 187
internal_count=7320 5388 5224 4089 3024 594 2430 1135 303 1932 1848 1133 1065 715 226 616 489 514 517 164 427 341 878 832 752 147 156 161 176 187
is_linear=0
shrinkage=0.02


Tree=38
num_leaves=32
num_cat=0
split_feature=31 36 37 15 34 37 36 35 17 40 38 34 40 35 37 16 38 46 27 11 4 40 37 36 40 11 8 41 5 21 13
split_gain=20.4951 9.1861 14.9709 16.412 11.5181 10.8395 20.2549 10.5084 8.70912 6.19424 5.84683 7.19387 5.41813 5.40402 4.47907 9.59189 4.32195 4.10052 3.47614 2.72412 2.70925 2.49316 2.47234 2.43535 2.2711 1.82666 1.13392 1.0735 1.04789 1.04598 0.253922
threshold=1.8156028389930727 0.46758414804935461 0.018858461640775207 0.87068966031074535 0.12574603408575061 0.0092025934718549269 0.21370340138673785 -0.1118042506277561 1.7702111005783083 1.1995881199836733 -0.12042337283492087 0.169902577996254 0.87212085723876964 0.3948304951190949 0.01950828637927771 0.024743916466832164 -0.030140510760247704 0.8479457199573518 -0.00033712547156028444 0.023112160153687004 -0.076922826468944536 0.77561545372009288 0.012626518029719593 0.23990269750356677 0.88409370183944713 0.013752560596913101 0.023549152538180355 0.64968758821487438 0.54988834261894237 64.424999237060561 -0.12241436913609503
decision_type=2 2 2 2 2 2 2 2 2 2 2 2 2 2 2 2 2 2 2 2 2 2 2 2 2 2 2 2 2 2 2
left_child=1 2 3 5 14 12 -7 -4 9 10 21 16 -1 25 26 28 -12 19 23 -11 -20 -2 -13 -9 -23 -6 -3 -17 -16 -27 -5
right_child=8 4 7 30 13 6 -8 18 -10 17 11 22 -14 -15 15 27 -18 -19 20 -21 -22 24 -24 -25 -26 29 -28 -29 -30 -31 -32
leaf_value=0.00011442343036769264 -0.0028501381735962167 -0.0036899737144417285 -0.0047061576784142977 -0.0080140912978147912 0.0049867070959763058 -0.002623844827753886 0.0012738289869758397 -0.0019039543077781582 -0.0080282200480895974 -0.0029791836052015424 -0.0018932902515164344 0.0027625514998659488 0.0032159693999761979 -0.0035975549766597776 -0.0067460549994157485 0.0042265308617327651 -0.0046301630596515602 0.0058651124958895027 0.001360085660672706 0.002143306377458997 0.0045052915210267754 0.0041415596991949332 -0.0011668665002131052 0.0024358620018738379 -2.7163222801216222e-05 0.0028279514956272771 -0.0075016622999683029 0.00051435184800489376 -0.0034797047122127629 0.00028314744772958678 -0.0052231749440765094
leaf_weight=332 62 64 66 63 76 871 1365 66 85 72 420 97 704 73 60 62 533 60 135 90 694 83 175 206 132 119 93 63 162 141 60
leaf_count=332 62 64 66 63 76 871 1365 66 85 72 420 97 704 73 60 62 533 60 135 90 694 83 175 206 132 119 93 63 162 141 60
internal_value=-3.79036e-05 0.000571872 0.000938503 0.000265565 -0.00125606 0.000538131 -0.000245486 0.00288964 -0.00188185 -0.00156482 -0.0020258 -0.00261814 0.0022262 0.00123136 -0.00327193 -0.00196995 -0.00343476 0.00153507 0.00335743 -0.000140068 0.00400106 0.000590172 0.000245647 0.0013699 0.00161242 0.002306 -0.00605242 0.00241931 -0.00444512 0.00147066 -0.00681738
internal_weight=7284 5475 4562 3395 913 3272 2236 1167 1809 1724 1502 1225 1036 409 504 347 953 222 1101 162 829 277 272 272 215 336 157 125 222 260 123
internal_count=7284 5475 4562 3395 913 3272 2236 1167 1809 1724 1502 1225 1036 409 504 347 953 222 1101 162 829 277 272 272 215 336 157 125 222 260 123
is_linear=0
shrinkage=0.02


Tree=39
num_leaves=38
num_cat=0
split_feature=38 34 35 35 35 35 38 37 33 40 35 9 38 34 35 34 31 11 38 12 38 35 37 33 34 41 11 40 34 48 43 40 28 40 42 25 45
split_gain=18.2465 32.2732 20.4333 22.8018 11.1688 10.0026 9.76342 8.88786 8.43145 7.89817 7.64361 7.56574 6.93583 8.71493 6.90691 6.85221 6.44089 6.05531 4.60205 4.17124 3.68988 3.60615 4.07202 3.61233 3.53028 3.2643 2.72071 2.47831 2.27297 1.90954 1.55213 1.5102 1.0122 1.00897 0.74666 0.546113 0.520598
threshold=-0.048918185755610459 0.14378764480352405 0.12795559316873553 0.19217287003993991 0.18078991770744327 0.38782048225402838 -0.030140510760247704 0.017124806530773643 0.0027333488687872891 1.0398305654525759 0.33700302243232733 0.017279309220612053 -0.19442691653966901 -0.040389144793152802 0.0022769741481170063 -0.01173747982829809 2.7541190385818486 0.012251288630068304 -0.1652562469244003 -0.22162915021181104 -0.080295715481042848 0.15205127745866778 0.012453363277018072 0.0055697234347462663 -0.060452612116932862 0.46763299405574804 0.019278476946055893 0.79638159275054943 0.17971519380807879 0.91434335708618175 -0.067546769976615892 0.84341767430305492 0.62500000000000011 0.8931969702243806 0.041086116805672653 4.9103691577911386 0.5524578094482423
decision_type=2 2 2 2 2 2 2 2 2 2 2 2 2 2 2 2 2 2 2 2 2 2 2 2 2 2 2 2 2 2 2 2 2 2 2 2 2
left_child=4 2 8 6 9 17 -4 15 -2 12 -9 -11 30 18 -15 -5 20 31 -14 29 24 23 -23 -19 -6 -21 -8 -26 -7 -13 -1 -3 -33 -10 35 -22 -30
right_child=1 5 3 7 16 28 26 10 33 11 -12 19 13 14 -16 -17 -18 21 -20 25 34 22 -24 -25 27 -27 -28 -29 36 -31 -32 32 -34 -35 -36 -37 -38
leaf_value=0.00087065075410772933 -0.0035480868861652338 0.002175071818014932 -0.0009335860613112648 -0.0051267004116305279 0.00037611288752625969 -0.0045307989585626198 -0.0072643785157013039 -0.0078040409468803709 0.0026641698680699814 0.0080702909749316085 -0.0022560111758950234 9.4982084578722477e-05 0.00056441822465817175 -0.001183556482304569 0.0015259887264186176 0.001817869165882974 -0.003043842638473189 -0.0051275798802140771 -0.0037955292137964248 0.0059266908750624245 0.0011434813263365366 0.0029656989619035118 0.00023733365444123468 0.0012110463258411205 0.0019556445996025329 0.0015533740462981489 -0.011342637063427405 0.0062257424023671026 -0.0017935101006786977 -0.0039173301922376539 0.0047624780294052991 0.0081805623106303675 0.0042982237278660637 0.0061645517998166113 -0.00033504110158537516 0.003566675926498006 0.00054225563702048427
leaf_weight=66 62 60 90 67 65 116 373 124 60 68 483 155 124 768 732 299 60 65 422 73 91 450 426 74 71 755 96 309 86 65 116 60 76 104 61 68 64
leaf_count=66 62 60 90 67 65 116 373 124 60 68 483 155 124 768 732 299 60 65 422 73 91 450 426 74 71 755 96 309 86 65 116 60 76 104 61 68 64
internal_value=-2.8624e-05 -0.00114928 -0.00297827 -0.00380623 0.000862283 0.00102862 -0.00701628 -0.00194509 0.00260622 0.000372864 -0.00342383 0.00174397 -0.000314894 -0.000649751 0.000138443 0.000512541 0.00310747 0.00180051 -0.00280586 0.00131067 0.00367516 0.0011698 0.00164537 -0.00179172 0.00472037 0.00196015 -0.00816807 0.00545209 -0.00246266 -0.00112274 0.00339357 0.0049948 0.00615781 0.00496078 0.00152143 0.00223285 -0.000799289
internal_weight=7304 3235 1758 1532 4069 1477 559 973 226 3344 607 1116 2228 2046 1500 366 725 1211 546 1048 665 1015 876 139 445 828 469 380 266 220 182 196 136 164 220 159 150
internal_count=7304 3235 1758 1532 4069 1477 559 973 226 3344 607 1116 2228 2046 1500 366 725 1211 546 1048 665 1015 876 139 445 828 469 380 266 220 182 196 136 164 220 159 150
is_linear=0
shrinkage=0.02


Tree=40
num_leaves=36
num_cat=0
split_feature=31 30 34 38 35 36 36 16 36 17 35 30 41 35 20 17 35 41 45 36 36 4 38 4 35 45 46 16 36 39 4 31 36 47 42
split_gain=19.9933 11.3325 8.81199 18.1405 24.0221 18.3011 11.054 13.3139 7.36207 7.32791 7.304 7.0349 5.70397 9.70199 5.87811 5.37256 4.64614 3.73011 3.09628 3.42755 4.71003 3.49636 2.99714 2.89988 2.30627 2.05558 1.89741 1.39937 1.38905 1.37655 1.22168 0.995376 0.9466 0.774712 0.45186
threshold=2.1125370264053349 -0.35348322987556452 0.14378764480352405 -0.030140510760247704 0.12966572493314746 0.29404555261135107 0.4634817391633988 0.022363173775374893 0.23273799568414691 1.7702111005783083 0.38782048225402838 0.84185099601745617 0.60438150167465221 0.21415767818689349 0.67317640781402599 1.3035382032394411 0.34624868631362921 0.71929630637168895 0.63811445236206066 0.23990269750356677 0.037059906870126731 0.22778802365064624 -0.016347029246389862 0.052074927836656577 0.15640370547771457 0.59097579121589672 0.3706896454095841 0.019901524297893051 0.27318520843982702 1.0515136122703554 0.67847847938537609 1.2894048094749453 0.51894399523735057 0.35326485335826879 0.017758861184120182
decision_type=2 2 2 2 2 2 2 2 2 2 2 2 2 2 2 2 2 2 2 2 2 2 2 2 2 2 2 2 2 2 2 2 2 2 2
left_child=1 18 3 6 22 -6 8 -8 -3 11 17 12 13 14 -2 -15 25 24 19 20 -1 28 -5 -22 -4 -14 -19 29 -21 -20 -18 34 -23 -12 -29
right_child=9 2 10 4 5 -7 7 -9 -10 -11 33 -13 16 15 -16 -17 30 26 27 21 23 32 -24 -25 -26 -27 -28 31 -30 -31 -32 -33 -34 -35 -36
leaf_value=0.0028483065710410722 -0.007880128671132804 -0.00014147143506833761 1.4393347383399182e-05 -4.9189069895790178e-05 -0.0082600270796783001 -0.0014885414254722775 -0.0055989527151027244 0.001003730607729243 0.0021404740161725167 -0.0079505096542733644 -0.001003878691814084 0.0040366716372019079 -0.002637593478726392 0.00022374194326888153 -0.0013226739328641157 -0.0057564976210882765 -0.005456555563327554 -0.0025214832436426409 0.0064424515220583706 0.0054993820450070776 -0.0042544297258167163 0.0011591241923424726 0.0054223026625207947 0.0003598230768172514 0.0034171179549881987 0.0012789525290526319 0.0016139545926348645 0.0047678808323329399 0.0026803693659624922 0.0025449336124972128 -0.0016742739430437351 0.00072173808604488745 -0.001470323289991287 -0.0040703324922738045 0.002100990334289178
leaf_weight=118 218 1399 93 62 325 315 259 227 945 85 66 71 63 249 75 76 74 81 95 97 112 297 108 102 580 282 91 60 299 69 70 91 64 71 60
leaf_count=118 218 1399 93 62 325 315 259 227 945 85 66 71 63 249 75 76 74 81 95 97 112 297 108 102 580 282 91 60 299 69 70 91 64 71 60
internal_value=-8.19065e-05 0.000393458 -9.237e-05 -0.00054631 -0.00317954 -0.00495124 0.000209587 -0.0025257 0.000779645 -0.00236883 0.00158578 -0.00194606 -0.00234055 -0.00361362 -0.0062354 -0.00121153 -0.000717391 0.00228121 0.001925 0.00137711 -0.000312934 0.00211794 0.00345479 -0.00207594 0.00295053 0.000544311 -0.000337673 0.00348989 0.00340955 0.00488381 -0.00369644 0.00234852 0.000681938 -0.00265337 0.00352633
internal_weight=7349 6086 4622 3640 810 640 2830 486 2344 1263 982 1178 1107 618 293 325 489 845 1464 1089 332 757 170 214 673 345 172 375 396 164 144 211 361 137 120
internal_count=7349 6086 4622 3640 810 640 2830 486 2344 1263 982 1178 1107 618 293 325 489 845 1464 1089 332 757 170 214 673 345 172 375 396 164 144 211 361 137 120
is_linear=0
shrinkage=0.02


Tree=41
num_leaves=41
num_cat=0
split_feature=38 34 36 37 36 36 38 36 16 33 33 44 37 37 33 3 37 9 16 36 43 36 41 5 17 11 47 47 26 48 40 26 39 46 46 48 48 19 42 24
split_gain=17.7441 33.5838 21.4493 19.9392 17.8092 17.7716 14.9088 15.5394 14.1799 14.108 11.1469 9.56754 8.71361 8.60835 12.9312 6.47027 5.20896 3.95428 4.00508 5.62449 3.68173 3.14176 2.88562 3.36391 3.29594 2.81999 2.43285 2.35433 2.31167 2.0669 1.94663 1.75685 1.57539 1.42117 1.35034 1.31402 1.23554 1.19161 0.93204 0.568416
threshold=-0.048918185755610459 0.14378764480352405 0.29404555261135107 0.0081179384142160433 0.46082870662212377 0.49266257882118231 -0.030140510760247704 0.21667543053627017 0.022363173775374893 0.02070923708379269 0.00039604151970706886 0.034036545082926757 0.012545759323984386 0.023636833764612678 0.018236663192510608 -0.048551840707659714 0.027502960525453094 0.03334824554622174 0.025756091810762886 0.26357959210872656 -0.078978694975376115 0.38160218298435217 0.69635561108589183 1.1425926685333254 0.50421243906021129 0.01867758855223656 0.88646370172500621 0.59097579121589672 0.030453769490122799 0.3706896454095841 0.86035150289535534 0.038181513547897346 0.82437142729759227 0.35326485335826879 0.63811445236206066 0.26724137365818029 0.31474687159061437 -0.04510973580181598 0.0067743323743343362 23.985680580139164
decision_type=2 2 2 2 2 2 2 2 2 2 2 2 2 2 2 2 2 2 2 2 2 2 2 2 2 2 2 2 2 2 2 2 2 2 2 2 2 2 2 2
left_child=4 2 3 -2 11 9 7 -5 28 10 -4 13 17 14 15 -1 -10 18 19 -3 -8 26 23 24 -14 32 -15 36 37 -25 -20 -13 -7 -24 -35 -23 -18 -6 -16 -27
right_child=1 12 5 6 8 25 20 -9 16 -11 -12 31 22 21 38 -17 27 -19 30 -21 -22 35 33 29 -26 39 -28 -29 -30 -31 -32 -33 -34 34 -36 -37 -38 -39 -40 -41
leaf_value=-4.7550472233360486e-05 0.0034681108484385156 -0.0038128710076271088 -0.0020608059016898454 -0.0073474750096364973 -0.0060161668756642406 -0.0006456599456755674 -0.01061568507951211 0.0033186649557994264 0.0048198939213936007 -0.0066640236712083578 0.0041689110248979691 -0.0049602097796041114 -0.0014647619902777177 0.003666893192238578 -0.0064249869289879618 0.0021307616587603697 0.0025692602578120732 -0.0022298007375072867 0.002271500648617154 0.0027076808857975656 -0.0068765232673921699 0.0036925860823214273 -0.0045093221253016966 -0.004249693163098341 0.0027505227258476667 -0.0086217664270734524 0.0079239389100403054 -0.0038997514088676402 -0.0078827592407352681 0.00054062643498182291 0.0058046976715328512 -0.0006437144624929016 -0.0044949281593495661 0.00070023949011641595 -0.0030035020583839733 0.00036634854580197172 -0.0010655998590571637 -0.0026697009238185456 -0.0028496194565095579 -0.0052755230942212452
leaf_weight=851 90 61 164 103 75 70 176 110 84 79 368 100 105 518 75 1511 62 60 98 306 367 65 77 80 236 61 61 70 104 62 209 62 113 76 76 163 85 119 62 71
leaf_count=851 90 61 164 103 75 70 176 110 84 79 368 100 105 518 75 1511 62 60 98 306 367 65 77 80 236 61 61 70 104 62 209 62 113 76 76 163 85 119 62 71
internal_value=-8.12559e-05 -0.00119044 -0.00303407 -0.00533075 0.000796363 -0.00092429 -0.00638912 -0.00186492 -0.00237964 0.00106525 0.00224582 0.0013468 0.00106976 0.00158038 0.000997598 0.00134645 0.00068052 0.00259456 0.00303348 0.00159905 -0.00814198 0.00337345 -0.000505044 0.000371598 0.0014482 -0.00476015 0.00415564 -0.000961149 -0.0054499 -0.00218334 0.00471296 -0.00335602 -0.00306207 -0.00233924 -0.00116747 0.00135459 0.000481528 -0.00404043 -0.00490982 -0.00698653
internal_weight=7285 3218 1772 846 4067 926 756 213 599 611 532 3468 1446 3306 2499 2362 301 734 674 367 543 807 712 483 341 315 579 217 298 142 307 162 183 229 152 228 147 194 137 132
internal_count=7285 3218 1772 846 4067 926 756 213 599 611 532 3468 1446 3306 2499 2362 301 734 674 367 543 807 712 483 341 315 579 217 298 142 307 162 183 229 152 228 147 194 137 132
is_linear=0
shrinkage=0.02


Tree=42
num_leaves=27
num_cat=0
split_feature=31 40 41 36 37 15 40 46 16 5 47 35 40 34 38 26 2 36 29 40 35 40 11 47 35 11
split_gain=18.8151 10.6205 13.6553 11.8001 16.204 13.3905 8.76374 7.52934 6.74787 6.43178 6.14667 5.96386 5.23125 4.04041 4.87366 3.91534 3.46833 2.99395 2.76868 2.58949 2.47758 2.26194 3.28332 1.70549 0.612018 0.293609
threshold=2.1125370264053349 0.54912337660789501 0.35545957088470465 0.46758414804935461 0.023636833764612678 0.87068966031074535 1.1969386935234072 0.19057226926088336 0.023587788455188278 1.7829512953758242 0.62931033968925487 0.34139065444469457 0.88220158219337474 0.169902577996254 -0.058364244177937501 0.031064744107425216 0.053486349061131484 0.40407690405845648 0.069555424153804793 0.81541553139686596 0.09360357373952867 0.80766865611076366 0.016983528621494774 0.46680118143558508 0.26623497903347021 0.02498559653759003
decision_type=2 2 2 2 2 2 2 2 2 2 2 2 2 2 2 2 2 2 2 2 2 2 2 2 2 2
left_child=1 7 21 4 5 -4 9 -1 16 12 -9 -10 18 14 -14 -8 -5 -6 19 -2 -20 24 23 -23 -3 -12
right_child=6 2 3 8 17 -7 15 10 11 -11 25 -13 13 -15 -16 -17 -18 -19 20 -21 -22 22 -24 -25 -26 -27
leaf_value=0.0011871444726655005 -0.0041694816015367432 0.00054977870144463687 0.00051952853659630591 -0.0050914126670822115 0.0041305702321022325 -0.0053960475207262791 0.0053840963550549192 -0.00082838074255734686 0.0019246636862487153 -0.0075300506151734148 -0.0096271814651991 -0.0020590742054398124 -0.0016508298823883663 4.88507543135472e-05 -0.0059893820762386106 -0.00075137575790135862 -0.0010804664437129774 0.0007304479520064104 0.0042164080383518014 3.2439209978308591e-06 -0.00049502548054364086 0.0037959441505076865 0.0014517637976642812 0.0082906874667853132 0.0033969471120473111 -0.0064091863101348283
leaf_weight=99 124 60 3521 246 594 157 73 72 267 106 61 336 165 96 293 90 136 128 61 111 145 60 63 117 63 61
leaf_count=99 124 60 3521 246 594 157 73 72 267 106 61 336 165 96 293 90 136 128 61 111 145 60 63 117 63 61
internal_value=-4.15029e-05 0.000422913 0.000613016 0.000358533 0.000801747 0.000262551 -0.00225761 -0.00327151 -0.00161671 -0.00289828 -0.00553531 -0.000292685 -0.00238269 -0.0036721 -0.00444945 0.00203803 -0.00368558 0.00353467 -0.000746775 -0.00221914 0.00093582 0.00435158 0.00548084 0.00686126 0.00206218 -0.00821862
internal_weight=7305 6041 5748 5385 4400 3678 1264 293 985 1101 194 603 995 554 458 163 382 722 441 235 206 363 240 177 123 122
internal_count=7305 6041 5748 5385 4400 3678 1264 293 985 1101 194 603 995 554 458 163 382 722 441 235 206 363 240 177 123 122
is_linear=0
shrinkage=0.02


Tree=43
num_leaves=30
num_cat=0
split_feature=31 38 34 36 37 36 38 35 36 44 35 40 34 36 46 35 35 13 41 33 47 38 40 48 7 48 39 34 43
split_gain=15.6055 12.7413 28.0272 21.6743 21.1093 15.521 15.4799 13.627 19.1813 8.46976 8.24395 7.74375 7.2823 6.57807 5.90096 5.79721 5.20769 4.7255 4.27518 3.5143 3.44091 2.44635 2.31405 2.15399 1.59119 1.58654 1.5775 1.57599 0.646674
threshold=3.4131674766540532 -0.048918185755610459 0.14378764480352405 0.29404555261135107 0.0081179384142160433 0.48688882589340216 -0.030140510760247704 0.18078991770744327 0.4634817391633988 0.023769007995724682 0.38782048225402838 0.74230352044105541 0.065717160701751723 0.60960543155670177 0.16269258409738543 0.15554928779602054 0.13060495257377627 -0.16461580991744992 0.53141102194786083 0.0051489083562046298 0.59097579121589672 -0.059287806972861283 0.80528756976127636 0.18103448301553729 0.025221122428774837 0.26724137365818029 0.88997545838356029 0.1886367276310921 0.22847729176282885
decision_type=2 2 2 2 2 2 2 2 2 2 2 2 2 2 2 2 2 2 2 2 2 2 2 2 2 2 2 2 2
left_child=1 7 3 4 -3 12 -6 8 11 -2 15 20 -5 21 -13 16 -4 -11 -17 -7 -1 22 -9 -19 28 -12 -15 -27 -10
right_child=9 2 10 5 6 19 -8 13 24 17 25 14 -14 26 -16 18 -18 23 -20 -21 -22 -23 -24 -25 -26 27 -28 -29 -30
leaf_value=-0.0005200236778096361 0.0018166360633185832 0.003791904332774757 0.0013499163852449766 0.0044154401776882318 -0.0014163825509954982 -0.0058837156828884397 -0.0079211300656786433 0.0018928215426733336 -0.0041682906316946851 -0.011233134193079813 0.00051613375854075831 -0.0012142763375147675 -0.00032486039746795108 0.002039647737009959 0.0015558776848411165 0.0041486154752264446 -0.0055906691450205905 -0.0015837566576230883 0.0014338085534039782 -0.0017968772733124355 -0.0047919099862587505 0.00091833357174288146 0.0055510430655348738 -0.0064216420852332094 -0.0012800778105207112 -0.0045441017499958563 -0.0020113607413621377 -0.00057990346748984468 -0.0067517257250534991
leaf_weight=210 61 96 108 231 206 154 519 90 213 60 65 353 289 63 2272 394 68 64 575 192 116 74 390 95 66 109 89 65 63
leaf_count=210 61 96 108 231 206 154 519 90 213 60 65 353 289 63 2272 394 68 64 575 192 116 74 390 95 66 109 89 65 63
internal_value=-8.67401e-05 9.74206e-05 -0.000870809 -0.00259955 -0.00492167 -0.00038755 -0.00608771 0.00084131 0.000299165 -0.00469207 0.00123675 0.000820358 0.00179226 0.00335667 0.00118202 0.0019422 -0.00137484 -0.00650955 0.00254809 -0.00365368 -0.00207296 0.0043632 0.00488321 -0.00454588 -0.00416316 -0.00212097 -0.000318893 -0.0031038 -0.00482783
internal_weight=7350 7070 3071 1687 821 866 725 3999 3293 280 1384 2951 520 706 2625 1145 176 219 969 346 326 554 480 159 342 239 152 174 276
internal_count=7350 7070 3071 1687 821 866 725 3999 3293 280 1384 2951 520 706 2625 1145 176 219 969 346 326 554 480 159 342 239 152 174 276
is_linear=0
shrinkage=0.02


Tree=44
num_leaves=29
num_cat=0
split_feature=31 40 41 36 36 36 40 37 16 5 40 47 46 35 47 34 36 36 46 38 12 45 40 34 13 37 47 30
split_gain=16.6533 10.7657 12.911 12.2011 15.3609 21.5427 8.51889 6.99067 6.94642 6.19811 7.11899 6.1744 6.17265 5.81323 4.67973 4.00964 3.99973 3.34535 2.98939 2.8821 2.66502 2.45952 2.25515 1.83445 1.76806 0.872216 0.677631 0.259524
threshold=2.1125370264053349 0.54912337660789501 0.35545957088470465 0.46758414804935461 0.23273799568414691 0.16381579637527469 1.1547995209693911 0.018177862279117111 0.022363173775374893 1.4907743930816653 0.8931969702243806 0.57171678543090831 0.19057226926088336 0.33700302243232733 0.62931033968925487 0.169902577996254 0.30558285117149359 0.48958887159824377 0.91434335708618175 -0.058364244177937501 -0.047919686883687966 0.57171678543090831 0.80766865611076366 0.14220891147851947 -0.07232359796762465 0.009019498713314535 0.90517240762710582 0.58124136924743663
decision_type=2 2 2 2 2 2 2 2 2 2 2 2 2 2 2 2 2 2 2 2 2 2 2 2 2 2 2 2
left_child=1 12 22 4 5 -4 9 -6 20 10 16 -11 -1 -10 -14 19 18 -8 -2 -12 -5 -18 27 25 -13 -24 -16 -3
right_child=6 2 3 8 7 -7 17 -9 13 11 15 24 14 -15 26 -17 21 -19 -20 -21 -22 -23 23 -25 -26 -27 -28 -29
leaf_value=0.00076827609394311774 -0.0056020694009555304 0.00088797760940349064 0.00052733171535364321 -0.0049186778003050052 0.0010879236760422031 -0.0046708393708755 0.0040143748022339956 0.0033778058770731105 0.0020109443751117977 -0.0012909084639040295 -0.0020512414058765109 -0.010855724636879234 -0.00097249000432940436 -0.0018619436083821691 -0.0090570423806637119 0.00042877506497441918 -0.001437486655979448 -0.0010315247880186417 0.00017135004141767107 -0.0059824408575242152 -0.00058237260825593374 0.0026014360011244815 0.0053227888652589176 0.0075928079182576201 -0.0055658706847637419 0.0021309280877013677 -0.0054145623860450886 0.0028252026216378286
leaf_weight=99 73 60 1746 261 1452 387 105 846 241 74 115 69 68 422 68 71 88 100 67 241 74 177 77 92 60 74 62 60
leaf_count=99 73 60 1746 261 1452 387 105 846 241 74 115 69 68 422 68 71 88 100 67 241 74 177 77 92 60 74 62 60
internal_value=-2.50818e-05 0.000405254 0.00059646 0.000350945 0.000801164 -0.000420564 -0.00213492 0.00193467 -0.00164339 -0.00287188 -0.00209144 -0.00598865 -0.00328893 -0.000449933 -0.0053037 -0.0038838 -0.000184597 0.00156878 -0.00288645 -0.00474307 -0.00397744 0.0012554 0.00423265 0.0053383 -0.00858532 0.00383704 -0.0074887 0.00191
internal_weight=7329 6089 5792 5429 4431 2133 1240 2298 998 1035 832 203 297 663 198 427 405 205 140 356 335 265 363 243 129 151 130 120
internal_count=7329 6089 5792 5429 4431 2133 1240 2298 998 1035 832 203 297 663 198 427 405 205 140 356 335 265 363 243 129 151 130 120
is_linear=0
shrinkage=0.02


Tree=45
num_leaves=34
num_cat=0
split_feature=44 38 34 35 36 36 35 35 35 16 37 37 33 5 12 11 30 41 40 15 40 41 43 26 35 4 35 26 34 3 10 36 42
split_gain=16.5042 15.0514 25.7939 19.7789 18.2466 14.2373 14.2031 12.2239 10.7424 10.3052 7.88717 10.5325 6.73675 6.35138 7.00736 7.63528 5.65579 5.0149 5.4859 4.46579 4.17705 4.03098 3.99915 2.23329 2.19409 2.06866 2.03891 1.20338 1.15392 1.09388 0.906657 0.707932 0.480741
threshold=0.031407311558723457 -0.048918185755610459 0.14378764480352405 0.12966572493314746 0.22399750351905826 0.4634817391633988 0.19720752537250522 0.012717568781226875 0.38782048225402838 0.023846664465963844 0.022681221365928653 0.017570210620760921 0.0027333488687872891 1.4907743930816653 -0.25630314648151392 0.019819193519651893 1.0000000180025095e-35 0.53141102194786083 0.84673774242401134 0.92241379618644725 0.81294354796409618 0.62151867151260387 -0.084227651357650743 0.032228596508502967 0.18526012450456622 0.60662138462066661 0.15640370547771457 0.029694943688809875 0.18698076158761981 -0.01230601593852043 0.010071279946714641 0.61847078800201427 -0.043522115796804421
decision_type=2 2 2 2 2 2 2 2 2 2 2 2 2 2 2 2 2 2 2 2 2 2 2 2 2 2 2 2 2 2 2 2 2
left_child=1 5 3 12 22 7 -6 10 17 27 11 -1 -3 14 -2 -16 24 18 -4 20 -9 -11 -5 -12 -17 -18 -19 29 32 -7 -14 -23 -10
right_child=13 2 8 4 6 9 -8 19 28 21 23 -13 30 -15 15 16 25 26 -20 -21 -22 31 -24 -25 -26 -27 -28 -29 -30 -31 -32 -33 -34
leaf_value=0.000500357897343516 0.0024376443618082631 -0.0027955322120752596 0.0010544820459093898 -0.010245285466251789 -0.0059938562478557347 -0.0050310575416330832 -0.0005724661523412956 0.0009216516182415619 -0.005299850050300833 0.0050256060448132054 0.0040663691013116451 -0.0042761655967750644 0.0028134058580506199 -0.0077959486632463862 0.0023178399344679058 -0.0038360577562237337 -0.0084891253787480921 -0.0011517139675193712 0.0059674415831921851 -0.0016330614620819689 0.0037316035676941135 0.00074009551014751209 -0.0056323168363111723 0.00099801650873669124 0.00045814918118445311 -0.0040447587450700142 0.0015997166483120836 -0.0063740026915151821 -0.00091706855096749629 -0.0019799027539112351 0.0060386843242579051 -0.0020455989160549802 -0.0025949023736886573
leaf_weight=1174 103 60 157 118 259 94 742 265 60 73 251 216 67 94 79 101 117 130 220 79 1118 69 261 157 86 81 569 92 86 107 105 71 69
leaf_count=1174 103 60 157 118 259 94 742 265 60 73 251 216 67 94 79 101 117 130 220 79 1118 69 261 157 86 81 569 92 86 107 105 71 69
internal_value=-4.16164e-05 0.000257525 -0.000823991 -0.00250928 -0.00341756 0.00109146 -0.00198992 0.00157622 0.00128051 -0.00202058 0.000469729 -0.000248786 0.00286382 -0.00304877 -0.00222312 -0.00326888 -0.00442688 0.00209668 0.00394857 0.00293257 0.00319706 0.00131416 -0.00714034 0.00290399 -0.00187987 -0.00676346 0.00108385 -0.00443693 -0.00277221 -0.00346472 0.00485781 -0.000678933 -0.00395245
internal_weight=7330 6669 2903 1612 1380 3766 1001 3260 1291 506 1798 1390 232 661 567 464 385 1076 377 1462 1383 213 379 408 187 198 699 293 215 201 172 140 129
internal_count=7330 6669 2903 1612 1380 3766 1001 3260 1291 506 1798 1390 232 661 567 464 385 1076 377 1462 1383 213 379 408 187 198 699 293 215 201 172 140 129
is_linear=0
shrinkage=0.02


Tree=46
num_leaves=26
num_cat=0
split_feature=31 40 41 46 31 38 17 40 40 31 38 35 41 30 17 46 11 40 45 9 47 4 47 11 11
split_gain=18.2118 10.8724 11.7221 11.4775 14.5376 13.1962 8.77374 7.77749 7.64058 6.52788 5.18012 7.21818 5.76829 4.61896 3.64873 3.35689 2.82691 4.09204 2.1583 2.09154 1.88137 1.87447 1.41312 0.856157 0.393799
threshold=2.2144484519958501 0.54912337660789501 0.35545957088470465 0.14343360066413882 0.73803678154945385 -0.11898744478821753 -0.35909047722816462 0.79953932762146007 1.1969386935234072 0.59411421418190014 -0.1211651638150215 0.21415767818689349 0.60123562812805187 0.028973797336220745 1.1247450113296511 0.82868674397468578 0.017857754603028301 0.80766865611076366 0.74303007125854503 0.030019285157322887 0.80080705881118786 0.83549717068672191 0.45689655840396887 0.021050336770713333 0.025308554992079738
decision_type=2 2 2 2 2 2 2 2 2 2 2 2 2 2 2 2 2 2 2 2 2 2 2 2 2
left_child=1 9 16 6 7 -6 -4 -5 10 -1 18 12 23 -8 21 -10 17 -3 -2 -16 -11 -13 -19 -12 -22
right_child=8 2 3 4 5 -7 13 -9 15 20 11 14 -14 -15 19 -17 -18 22 -20 -21 24 -23 -24 -25 -26
leaf_value=0.00036656451687837641 -0.0028492232739638825 0.0015978603794466518 0.0043330754120776685 -0.001233861233530665 0.0021443291839299207 -0.00077350633357978465 -0.00095812305572202624 0.0029661926099636606 -0.00084426134621451909 -0.0026815560916986537 -0.0064531726902117958 -0.0015681465326570995 -0.0013741648904092255 -0.0041804303240616557 -0.00084554942088512094 0.0052564569308494145 -6.8381011190395515e-05 0.0035325772643484401 0.0017099806308098462 -0.004925048682950032 -0.0084963376519735911 0.0022569943437860769 0.0074454046816195118 -0.009553596484873977 -0.0053264509670081592
leaf_weight=117 62 118 78 204 821 2501 350 1220 79 65 157 150 81 366 72 62 60 63 112 181 61 74 143 81 60
leaf_count=117 62 118 78 204 821 2501 350 1220 79 65 157 150 81 366 72 62 60 63 112 181 61 74 143 81 60
internal_value=-7.40086e-05 0.000347033 0.000536816 0.00030137 0.000674102 -5.08068e-05 -0.00191947 0.00236247 -0.00242937 -0.00332905 -0.00306141 -0.00374243 -0.00606348 -0.00261724 -0.00215992 0.001885 0.00390236 0.00463462 5.90297e-05 -0.0037915 -0.00562793 -0.000286951 0.00632143 -0.0076183 -0.00709945
internal_weight=7338 6227 5924 5540 4746 3322 794 1424 1111 303 970 796 319 716 477 141 384 324 174 253 186 224 206 238 121
internal_count=7338 6227 5924 5540 4746 3322 794 1424 1111 303 970 796 319 716 477 141 384 324 174 253 186 224 206 238 121
is_linear=0
shrinkage=0.02


Tree=47
num_leaves=33
num_cat=0
split_feature=44 38 34 36 37 36 38 36 33 16 37 3 41 40 37 31 11 44 16 36 29 39 39 38 37 30 31 11 40 26 36 20
split_gain=14.6724 13.129 26.6693 17.5191 17.7746 14.9243 13.3463 11.2168 10.1364 9.1805 7.51938 7.38708 7.27744 5.36025 5.17498 4.73935 6.79225 8.26626 4.72181 6.58079 4.65557 4.30894 3.72995 3.69675 3.87088 3.49776 3.11137 2.50048 1.85581 1.65116 1.46442 1.05307
threshold=0.03187124431133271 -0.048918185755610459 0.14378764480352405 0.28937476873397833 0.0081179384142160433 0.49266257882118231 -0.030140510760247704 0.46082870662212377 0.02070923708379269 0.022363173775374893 0.012453363277018072 -0.10013094916939734 0.60772031545639049 1.0201695561408999 0.013820399530231954 3.92720639705658 0.019819193519651893 0.041042055934667594 0.025756091810762886 0.26115046441555029 0.029528669081628326 1.2053337097167971 0.8490828573703767 -0.08576710149645804 0.024963764473795894 0.042250521481037147 1.9020229578018191 0.017242768779397014 0.86035150289535534 0.030453769490122799 0.6119632124900819 0.20970026403665545
decision_type=2 2 2 2 2 2 2 2 2 2 2 2 2 2 2 2 2 2 2 2 2 2 2 2 2 2 2 2 2 2 2 2
left_child=1 7 3 4 -3 8 -6 11 -5 29 18 23 15 14 -13 16 -2 25 19 -4 -15 26 -11 24 -1 -18 -12 -7 -20 31 -24 -9
right_child=12 2 10 5 6 27 -8 9 -10 22 21 13 -14 20 -16 -17 17 -19 28 -21 -22 -23 30 -25 -26 -27 -28 -29 -30 -31 -32 -33
leaf_value=-0.0014900805836589679 0.0028095270578350341 0.0037767471849573042 -0.0046748277377773777 0.0021967827811767795 -0.0014518256104455449 -0.0021584582585598465 -0.0075502766105745517 -0.0051312280918088026 -0.0059637547821022466 0.0039058125704928303 0.0018467402844519613 -0.00027555807814067456 0.0028143528485794862 0.0065961389834347829 0.0021310602643551039 -0.0078968028244166405 -0.0033703527452436672 0.0013109309732975377 0.0020722958133320766 0.0023958729120079217 0.0025113794754483606 -0.0037858133034029029 0.0014377882363041865 0.0043650333435304228 0.0019000914207012471 -0.0079282493326971511 -0.0012094203123562701 -0.0062173096049051961 0.0055013387413376845 -0.007257498141320852 -0.0023962379947726456 -0.002072439384023201
leaf_weight=561 67 86 61 517 206 112 487 82 66 98 298 602 72 127 872 94 146 88 96 295 899 111 61 60 174 138 236 146 225 62 103 115
leaf_count=561 67 86 61 517 206 112 487 82 66 98 298 602 72 127 872 94 146 88 96 295 899 111 61 60 174 138 236 146 225 62 103 115
internal_value=-7.99009e-05 0.000187615 -0.000815699 -0.00253402 -0.00468918 -0.000526983 -0.00575297 0.00096143 0.00124544 -0.00175751 0.00129017 0.00139285 -0.00305595 0.00192638 0.00114893 -0.00386212 -0.0029482 -0.00400206 0.00275771 0.00115259 0.00303573 -0.000254268 0.000877375 -0.000284577 -0.000681693 -0.00564831 0.000495004 -0.00450422 0.0045076 -0.00440626 -0.000963969 -0.00340851
internal_weight=7363 6758 2942 1620 779 841 693 3816 583 521 1322 3295 605 2500 1474 533 439 372 677 356 1026 645 262 795 735 284 534 258 321 259 164 197
internal_count=7363 6758 2942 1620 779 841 693 3816 583 521 1322 3295 605 2500 1474 533 439 372 677 356 1026 645 262 795 735 284 534 258 321 259 164 197
is_linear=0
shrinkage=0.02


Tree=48
num_leaves=27
num_cat=0
split_feature=31 40 46 17 31 20 40 43 40 40 46 5 47 47 40 34 40 40 26 36 26 39 13 45 40 11
split_gain=16.2673 9.35771 7.87559 10.0639 7.49998 9.85979 7.60421 8.01065 7.13996 6.99722 6.00733 5.31823 5.5036 4.62279 4.59773 4.25925 4.21421 3.74548 3.59153 3.5304 3.42178 3.07021 2.00008 1.9002 1.45168 0.537799
threshold=2.1125370264053349 0.54912337660789501 0.094827588647604003 -0.35909047722816462 0.80850815773010265 -0.1542146950960159 1.2611845731735232 0.027542866766452793 1.1969386935234072 0.81025385856628429 0.19057226926088336 1.4907743930816653 0.57171678543090831 0.62931033968925487 0.88220158219337474 0.17106506228446963 0.83018532395362865 1.0292166471481325 0.031064744107425216 0.28349398076534277 0.039223399013280875 1.255679786205292 -0.07232359796762465 0.61023476719856273 0.81025385856628429 0.02498559653759003
decision_type=2 2 2 2 2 2 2 2 2 2 2 2 2 2 2 2 2 2 2 2 2 2 2 2 2 2
left_child=1 10 3 -3 5 -4 7 -6 11 -7 -1 14 -13 -12 19 20 -5 -18 -10 24 -16 -8 -14 -21 -2 -15
right_child=8 2 4 16 6 9 21 -9 18 -11 13 12 22 25 15 -17 17 -19 -20 23 -22 -23 -24 -25 -26 -27
leaf_value=0.00075875672247739299 -0.0050743456698620496 0.0047164991371156199 -0.0044417772221737933 0.00045789358590454722 -0.0011800315474012055 -0.00045938911701665547 0.0064521273595946182 0.00087278485491664663 0.0049967244760819561 0.0027385793179470737 -0.00085342597473465236 -0.0011909792131744327 -0.010288950606777862 -0.0089248122598116209 -0.0047172921218815202 0.00092396008492830932 -0.005167077809978088 -0.00066663325594208385 -0.00093589781318906327 -0.0011894006299767263 0.00035758311024983413 0.00097745180239722338 -0.0049099842865306595 0.0023331189345591132 -0.00074464689548767648 -0.0054803191407047439
leaf_weight=106 64 81 93 119 1320 335 102 1785 73 1461 68 77 71 62 373 82 254 106 86 95 61 70 62 161 61 63
leaf_count=106 64 81 93 119 1320 335 102 1785 73 1461 68 77 71 62 373 82 254 106 86 95 61 70 62 161 61 63
internal_value=-5.06823e-05 0.000382469 0.000563314 -0.00168304 0.000807851 0.00181057 0.00022841 0 -0.00210891 0.00214175 -0.00304868 -0.00267807 -0.00552962 -0.00512453 -0.00199316 -0.00321827 -0.00278991 -0.00386116 0.0018238 -0.000319188 -0.00400416 0.00428473 -0.00795244 0.00102344 -0.00303624 -0.00736573
internal_weight=7291 6025 5726 560 5166 1889 3277 3105 1266 1796 299 1107 210 193 897 516 479 360 159 381 434 172 133 256 125 125
internal_count=7291 6025 5726 560 5166 1889 3277 3105 1266 1796 299 1107 210 193 897 516 479 360 159 381 434 172 133 256 125 125
is_linear=0
shrinkage=0.02


Tree=49
num_leaves=37
num_cat=0
split_feature=44 38 34 35 35 36 36 35 36 16 36 36 46 34 5 16 41 39 34 17 45 37 17 41 40 35 3 40 33 11 27 30 47 34 16 47
split_gain=14.0865 11.9702 23.9202 18.0866 16.9761 19.4149 10.9402 10.7447 9.96994 10.7667 10.2509 8.95319 6.68965 6.37599 5.64665 6.35846 5.49414 5.2582 4.71524 4.53051 4.3635 4.12607 3.61541 3.24814 2.62399 2.473 3.13721 2.19263 1.75492 1.70226 1.54541 1.52732 1.46648 1.23631 1.06679 0.333953
threshold=0.031142001971602443 -0.048918185755610459 0.14378764480352405 0.12966572493314746 0.19217287003993991 0.3546122014522553 0.21667543053627017 0.38782048225402838 0.36882518231868749 0.021514322608709339 0.23834132403135302 0.15385556966066363 0.16269258409738543 -0.058652214705944054 1.4907743930816653 0.024743916466832164 0.53141102194786083 0.83561038970947277 0.090062111616134657 0.96224048733711254 0.54310345649719249 0.0066258723381906756 1.0095111131668093 0.55067801475524913 0.79638159275054943 -0.039438154548406594 -0.045322334393858903 1.2375249862670901 -0.0063402086962014428 0.02071383967995644 -0.003749195951968431 -0.12381311878561972 0.93360236287117015 0.17971519380807879 0.030479859560728077 0.35326485335826879
decision_type=2 2 2 2 2 2 2 2 2 2 2 2 2 2 2 2 2 2 2 2 2 2 2 2 2 2 2 2 2 2 2 2 2 2 2 2
left_child=1 8 3 18 5 -5 -6 16 10 25 11 12 -1 28 15 23 19 34 -3 -4 -13 -20 29 31 -15 -10 -27 -19 -12 -17 -18 -2 -33 -9 -11 -35
right_child=14 2 7 4 6 -7 -8 33 9 17 13 20 -14 24 -16 22 30 27 21 -21 -22 -23 -24 -25 -26 26 -28 -29 -30 -31 -32 32 -34 35 -36 -37
leaf_value=-0.0019226692434613662 -0.0026345827430341159 0.0063208399519364359 0.0049681184837123225 -0.0075195719109291083 -0.0072448280655550206 0.0040826941851088636 -0.00058598512132344155 -0.0044587171275246272 0.00016453489369840993 0.0024863409987435888 -0.003345820629804467 -0.0060024946214420971 0.001807748089139324 0.0012218880514683038 -0.0070963852300661295 0.0013409061282873157 0.0040255867494270207 -0.00085761486654748202 0.0035851958552375433 -0.0009193241214379669 -0.00062589447293430564 -0.0032087807607745302 0.0036361829993639436 0.00020380542071705515 0.0041827357903685474 -0.0067737043658518689 -0.0025512472401589366 0.0030974068614417938 0.0012209645314940384 -0.0027631413863579693 0.00075545544151313284 -0.0078315979129938273 -0.0037693314197041641 -0.0002701411972848291 0.0059838069934930113 -0.0023514206595023845
leaf_weight=224 93 90 321 453 111 64 744 93 66 88 62 100 1261 146 100 60 61 340 75 61 149 63 86 63 785 110 208 64 67 111 653 86 79 61 67 64
leaf_count=224 93 90 321 453 111 64 744 93 66 88 62 100 1261 146 100 60 61 340 75 61 149 63 86 63 785 110 208 64 67 111 653 86 79 61 67 64
internal_value=-2.73101e-05 0.000252954 -0.000707282 -0.00234767 -0.00321456 -0.00606612 -0.00147394 0.00129019 0.00100195 -0.00077368 0.00160179 0.000651787 0.00124163 0.00314868 -0.0027671 -0.00198359 0.00209741 0.00099553 0.00283854 0.00402554 -0.00283489 0.000474225 0.000358074 -0.00384743 0.0037249 -0.00333951 -0.00406462 -0.000210407 -0.000992506 -0.00131909 0.00105191 -0.00483148 -0.00599463 -0.00273697 0.00408939 -0.0013737
internal_weight=7329 6651 2914 1600 1372 517 855 1314 3737 943 2794 1734 1485 1060 678 578 1096 559 228 382 249 138 257 321 931 384 318 404 129 171 714 258 165 218 155 125
internal_count=7329 6651 2914 1600 1372 517 855 1314 3737 943 2794 1734 1485 1060 678 578 1096 559 228 382 249 138 257 321 931 384 318 404 129 171 714 258 165 218 155 125
is_linear=0
shrinkage=0.02


Tree=50
num_leaves=36
num_cat=0
split_feature=31 37 37 36 36 15 36 16 16 37 40 31 40 40 30 26 29 41 13 36 41 30 16 41 46 31 38 23 41 4 13 19 29 26 24
split_gain=13.7997 8.86935 12.054 16.0683 11.0983 14.7047 12.7267 11.4769 12.6655 9.37496 7.1888 5.19339 4.67794 4.62067 3.52095 3.46038 3.4297 3.23378 3.23141 3.07901 3.0235 3.03906 2.80737 2.24604 2.22467 2.58435 2.14493 2.01543 1.90039 1.61083 1.54547 2.00274 1.31606 1.227 0.698561
threshold=2.2144484519958501 0.0092025934718549269 0.022681221365928653 0.52559611201286327 0.23273799568414691 0.26724137365818029 0.034535290673375137 0.020778005942702297 0.02702269330620766 0.011803861707448961 1.1969386935234072 3.92720639705658 0.8800683617591859 0.81025385856628429 0.35800527036190039 0.031064744107425216 0.069555424153804793 0.48260690271854406 -0.1329340264201164 0.080913938581943526 0.6951282024383546 0.14455942809581759 0.022363173775374893 0.54893147945404064 0.14343360066413882 0.89541321992874157 -0.02134977467358112 0.26295134425163275 0.60438150167465221 -0.070816934108734117 -0.28001338243484492 0.032861253246665008 0.052689891308546073 0.030453769490122799 27.251687049865726
decision_type=2 2 2 2 2 2 2 2 2 2 2 2 2 2 2 2 2 2 2 2 2 2 2 2 2 2 2 2 2 2 2 2 2 2 2
left_child=1 13 4 20 5 19 -7 9 -9 -6 11 12 16 30 28 -12 26 32 -13 -3 29 -22 33 -16 -19 -26 -2 -18 -14 -4 -1 -32 34 -5 -15
right_child=10 2 3 22 7 6 -8 8 -10 -11 15 18 14 17 23 -17 27 24 -20 -21 21 -23 -24 -25 25 -27 -28 -29 -30 -31 31 -33 -34 -35 -36
leaf_value=0.0020164619722331948 0.00045567809413187211 -0.0001494279967731621 0.0016535006359376958 -0.0025181945598228496 -0.0041884375414514372 0.00075273142066117091 -0.0041579369386529237 -0.0022727850259130406 0.001379043823793532 0.0025998298927209736 0.0052759015307828252 -0.0093407395202102089 -0.0065053050083714349 0.0072617882199240728 0.0019642693628939287 -0.00081360124437897295 0.004693713433212704 -0.0014121783193945887 -0.0036134513951376203 0.0044724759407091773 0.0028092085541185281 -0.0013395669659556344 -3.4538364149311671e-05 -0.0028847074066655023 0.0032526127157876793 0.00059555121833046757 -0.0038699269194494598 0.00012104050221387295 -0.0031225870232568882 0.0051875077832790129 -0.0040536317859590056 0.00030076951601979682 0.0025618261001226338 -0.0062677567143048811 0.003956095521463387
leaf_weight=62 77 98 68 91 87 279 850 945 631 865 67 63 123 74 64 78 60 72 118 135 409 83 114 86 386 239 107 101 169 292 72 95 88 64 64
leaf_count=62 77 98 68 91 87 279 850 945 631 865 67 63 123 74 64 78 60 72 118 135 409 83 114 86 386 239 107 101 169 292 72 95 88 64 64
internal_value=-2.69976e-05 0.000343273 -2.06862e-05 0.00180357 -0.000547633 -0.00200098 -0.00294474 0.000236431 -0.000810188 0.00196722 -0.0020736 -0.00269572 -0.001977 0.00192324 -0.00333233 0.00204332 -0.000223981 0.00255272 -0.00573215 0.00254707 0.00314726 0.00210342 -0.00243636 -0.000811326 0.00186211 0.00224584 -0.00207614 0.00188593 -0.00460255 0.00454191 -0.000609814 -0.0016091 0.00462595 -0.00416234 0.0058526
internal_weight=7276 6163 5011 1121 3890 1362 1129 2528 1576 952 1113 968 787 1152 442 145 345 923 181 233 852 492 269 150 697 625 184 161 292 360 229 167 226 155 138
internal_count=7276 6163 5011 1121 3890 1362 1129 2528 1576 952 1113 968 787 1152 442 145 345 923 181 233 852 492 269 150 697 625 184 161 292 360 229 167 226 155 138
is_linear=0
shrinkage=0.02


Tree=51
num_leaves=42
num_cat=0
split_feature=38 34 36 36 33 36 35 35 35 35 35 35 33 9 38 36 35 9 35 48 34 35 29 34 33 31 11 35 38 11 30 11 5 34 36 6 30 29 23 46 17
split_gain=14.7787 24.7596 18.2056 14.6865 12.6296 11.2934 11.236 11.1551 10.8077 13.5135 10.5164 8.92575 6.63707 5.31137 5.17363 4.6907 4.63552 4.41942 4.37752 4.25447 4.1561 4.23251 3.74091 3.63596 5.36156 2.76692 2.72106 2.71126 2.59952 2.42726 1.9456 1.45468 1.41129 1.33808 1.23287 1.2114 1.142 1.10441 0.662945 0.54697 0.277454
threshold=-0.048918185755610459 0.14378764480352405 0.29686962068080908 0.49266257882118231 0.02070923708379269 0.46082870662212377 0.012717568781226875 0.43158096075057989 0.12795559316873553 0.23788274824619296 0.38449370861053472 0.2527171671390534 0.016287940554320816 0.033652096986770637 -0.16698665916919705 0.6625373661518098 -0.096135605126619325 0.019160628318786625 0.15453795343637469 0.24834922701120379 0.083332657814025893 0.10765715315937997 0.092461034655570998 -0.035913852974772446 -0.00014915290375938636 0.85610136389732372 0.012251288630068304 0.12650819867849353 -0.11898744478821753 0.018114600330591205 0.06978164985775949 0.0093855131417512911 0.55826768279075634 0.17971519380807879 0.15385556966066363 0.036691393703222282 0.004461107077077032 0.059306599199771888 0.16709479689598086 0.62931033968925487 0.84079167246818554
decision_type=2 2 2 2 2 2 2 2 2 2 2 2 2 2 2 2 2 2 2 2 2 2 2 2 2 2 2 2 2 2 2 2 2 2 2 2 2 2 2 2 2
left_child=5 2 8 4 7 6 14 -4 17 12 13 22 -10 18 25 -13 32 -2 27 -18 23 -22 28 24 -8 -1 -20 -3 -7 35 -15 -25 -16 40 -27 -5 -23 -30 -31 -35 -12
right_child=1 10 3 29 -6 11 20 -9 9 -11 33 15 -14 30 16 -17 19 -19 26 -21 21 36 -24 31 -26 34 -28 -29 37 38 -32 -33 -34 39 -36 -37 -38 -39 -40 -41 -42
leaf_value=-0.00098499307022410602 0.0040469354593128497 0.0015885556528369921 0.0035616066920424534 -0.00090463211290538323 -0.0059880067822301675 0.00043376266145043904 -0.0028455415641456239 -0.004835780111934385 -0.0077621335041692507 0.0014020984165812123 -0.0051550029511563478 0.0049947472041116112 -0.002810929714160896 0.00062942325134106259 -0.0049591050784122976 -0.0012230124271170486 -0.0017023318465896873 -0.0029626561591615647 0.0050735777663632985 0.00075834662215425218 -0.0033153791424611373 0.0033291673518471279 -0.0076420460417866709 0.00057506396862822527 0.0037700554685638353 0.0045320825226062653 0.0022663705700253067 -0.0040595557708588857 -0.0043114900696006025 -0.0076922140600103319 -0.0032888044377226227 0.0036455936588834859 -0.0013244263129951112 -0.00033099920162470034 0.0016854522187361672 -0.0045039588989093313 0.00013349999953061342 -0.0011634350841244062 -0.0045068930512907994 -0.0027016407331771483 -0.0028501595866585534
leaf_weight=72 67 71 442 97 81 87 96 71 498 94 61 91 145 105 93 98 378 71 178 1068 87 103 68 68 94 155 656 60 188 63 93 981 84 98 110 61 79 63 85 64 60
leaf_count=72 67 71 442 97 81 87 96 71 498 94 61 91 145 105 93 98 378 71 178 1068 87 103 68 68 94 155 656 60 188 63 93 981 84 98 110 61 79 63 85 64 60
internal_value=-3.34979e-05 -0.00104489 -0.00262583 -0.000623405 0.00120951 0.000768234 0.00120527 0.0023761 -0.00467516 -0.00563357 0.000896472 -0.00177065 -0.0066654 0.00173834 0.000205274 0.00179678 -0.000263652 0.000447156 0.00234985 0.000112216 0.00250135 0.000240642 -0.00343479 0.0029896 0.000429983 0.00244897 0.00288274 -0.00102387 -0.00252564 -0.00416184 -0.0012276 0.00344971 -0.00329055 -0.00254168 0.00338629 -0.00235849 0.0019721 -0.00354835 -0.00599532 -0.0013057 -0.00411678
internal_weight=7284 3221 1775 900 594 4063 3468 513 875 737 1446 595 643 1163 1960 189 1623 138 965 1446 1508 269 406 1239 190 337 834 131 338 306 198 1049 177 283 265 158 182 251 148 162 121
internal_count=7284 3221 1775 900 594 4063 3468 513 875 737 1446 595 643 1163 1960 189 1623 138 965 1446 1508 269 406 1239 190 337 834 131 338 306 198 1049 177 283 265 158 182 251 148 162 121
is_linear=0
shrinkage=0.02


Tree=52
num_leaves=30
num_cat=0
split_feature=31 40 41 36 36 36 37 24 40 46 38 35 41 35 47 17 35 41 8 41 30 40 11 11 47 29 30 46 24
split_gain=14.4024 8.14915 9.99057 9.04507 13.3699 17.1736 5.78789 5.58065 5.57133 5.42019 4.59147 5.95653 4.67273 3.83218 3.66004 3.6012 3.15042 3.10434 2.56703 1.96051 1.64436 1.563 2.36478 1.5212 1.41589 1.29017 0.99654 0.928949 0.647656
threshold=2.1125370264053349 0.54912337660789501 0.35545957088470465 0.46758414804935461 0.23273799568414691 0.158023476600647 0.018177862279117111 23.684884071350101 1.129891633987427 0.19057226926088336 -0.1211651638150215 0.22061534970998767 0.59955701231956493 0.34485872089862829 0.62931033968925487 1.1247450113296511 0.38782048225402838 0.56365379691123974 0.034158695489168174 0.59471637010574352 0.20079303532838824 0.80766865611076366 0.017349353060126308 0.021050336770713333 0.48606015741825109 0.09033467993140222 -0.092768255621194826 0.33400586247444158 20.87387847900391
decision_type=2 2 2 2 2 2 2 2 2 2 2 2 2 2 2 2 2 2 2 2 2 2 2 2 2 2 2 2 2
left_child=1 9 21 4 5 -4 -6 19 10 -1 20 12 23 18 -11 17 -9 -13 -10 -5 26 27 24 -12 -23 -17 -2 -3 -16
right_child=8 2 3 7 6 -7 -8 16 13 14 11 15 -14 -15 28 25 -18 -19 -20 -21 -22 22 -24 -25 -26 -27 -28 -29 -30
leaf_value=0.0010193691139215046 0.00070422071129793221 0.0035672579309321008 0.00042287324576899114 -0.0006280863156699274 0.00094015434745169774 -0.0040445964196847792 0.0030128484691941296 0.00050247812035867246 0.0055876267196043675 -0.00095814596196740047 -0.0053524992739762732 0.0019082288349159592 -0.0013818548375138027 -0.0022480770899073301 -0.0048720163321255569 -0.0024163257264542145 -0.0026854898862061116 -0.0029852693870481921 0.00020189105516130274 -0.0042185931640823819 0.0027938098070499971 0.0031556493276165744 0.0012623036681017016 -0.0088873442385432339 0.0071748865447290571 -0.0057943687043951024 -0.0027699138580156222 0.00020766352885083793 -0.0083200717939797674
leaf_weight=94 60 61 1690 80 1458 429 858 478 66 69 193 138 99 100 67 160 164 79 74 278 60 63 65 83 112 67 67 70 63
leaf_count=94 60 61 1690 80 1458 429 858 478 66 69 193 138 99 100 67 160 164 79 74 278 60 63 65 83 112 67 67 70 63
internal_value=-7.32403e-05 0.000327165 0.000492104 0.000274172 0.000661849 -0.000485552 0.00171135 -0.00144102 -0.00203005 -0.00290971 -0.00268193 -0.00332549 -0.00517553 0.000697695 -0.00475818 -0.00173646 -0.000319046 0.000105764 0.00281183 -0.0034309 0.000139379 0.00365424 0.00461408 -0.00650323 0.00581115 -0.00348029 -0.00114252 0.00182436 -0.0067005
internal_weight=7345 6099 5806 5435 4435 2119 2316 1000 1246 293 1006 819 375 240 199 444 642 217 140 358 187 371 240 276 175 227 127 131 130
internal_count=7345 6099 5806 5435 4435 2119 2316 1000 1246 293 1006 819 375 240 199 444 642 217 140 358 187 371 240 276 175 227 127 131 130
is_linear=0
shrinkage=0.02


Tree=53
num_leaves=29
num_cat=0
split_feature=31 37 37 36 36 33 36 16 16 37 17 30 26 4 47 16 31 18 27 34 41 33 37 26 12 26 17 43
split_gain=13.2914 8.74458 12.47 14.4285 11.2277 12.6537 11.4453 10.2082 13.6629 13.1557 5.19677 3.9418 3.33302 3.52857 4.07868 3.16754 2.9855 2.91895 2.48742 2.33469 2.06828 1.74657 3.82218 1.98549 1.69309 1.23868 1.23493 1.17185
threshold=2.3886902332305913 0.0093279546126723307 0.022681221365928653 0.52559611201286327 0.23273799568414691 -0.0096455845050513727 0.034535290673375137 0.020778005942702297 0.027128291316330436 0.011803861707448961 1.7702111005783083 0.6722160577774049 0.041719358414411552 0.83549717068672191 0.26724137365818029 0.022363173775374893 3.2288579940795903 0.08856981992721559 0.0025534115266054873 -0.028942890465259549 0.68040996789932262 0.011671449057757856 0.008030782453715803 0.011221824213862421 -0.1704626455903053 0.030453769490122799 0.88243821263313305 -0.025991672649979588
decision_type=2 2 2 2 2 2 2 2 2 2 2 2 2 2 2 2 2 2 2 2 2 2 2 2 2 2 2 2
left_child=1 19 4 17 5 18 -7 9 -9 -6 11 12 13 14 -2 25 -15 20 -3 27 -4 23 -23 -21 -25 -5 -17 -1
right_child=10 2 3 15 7 6 -8 8 -10 -11 -12 -13 -14 16 -16 26 -18 -19 -20 21 -22 22 -24 24 -26 -27 -28 -29
leaf_value=-0.0023995890474761837 -0.00041834715821203734 0.0044094506532835918 0.0046535345283018736 -0.0024962612204841874 -0.0067741010426474145 0.00032176867939099805 -0.0040484853482825808 -0.0022586864842827886 0.0014285366104805841 0.0024231417843059541 -0.0071862117058665654 0.0020373752459215567 0.0012499531666437785 0.0019780861538864912 -0.0050351733002491532 -0.0019064242575656284 -0.0028602440276191427 -0.00021175391377915663 -0.00042040417493501703 -0.00085545391641143301 0.0025105183529294758 0.002458069976726803 -0.0036398973369011372 -0.00027152503694799778 0.0028845338292841399 -0.0062667743604291571 0.0018806192679330707 0.0012288995293792645
leaf_weight=73 102 120 297 92 64 329 872 1023 658 881 79 89 87 90 317 63 110 105 64 69 506 106 63 73 814 63 69 64
leaf_count=73 102 120 297 92 64 329 872 1023 658 881 79 89 87 90 317 63 110 105 64 69 506 106 63 73 814 63 69 64
internal_value=-6.53708e-05 0.000247661 -0.000114511 0.00167602 -0.000649068 -0.00210404 -0.00285266 0.000119453 -0.000814816 0.00177974 -0.00237601 -0.00187155 -0.00237226 -0.00288654 -0.0039246 -0.00221438 -0.000681013 0.00291004 0.00274436 0.00173921 0.00331875 0.00203912 0.000155212 0.00236959 0.00262363 -0.00412501 6.35599e-05 -0.000707375
internal_weight=7342 6468 5206 1195 4011 1385 1201 2626 1681 945 874 795 706 619 419 287 200 908 184 1262 803 1125 169 956 887 155 132 137
internal_count=7342 6468 5206 1195 4011 1385 1201 2626 1681 945 874 795 706 619 419 287 200 908 184 1262 803 1125 169 956 887 155 132 137
is_linear=0
shrinkage=0.02


end of trees

feature_importances:
universe58_loo_log_return_126=220
source_beta_universe58_252=175
universe58_loo_log_return_60=166
universe58_loo_realized_volatility_20=140
universe58_loo_drawdown_252=104
source_correlation_universe58_60=87
source_distance_from_252_session_low=77
cross_section_return_dispersion=74
universe58_loo_log_return_20=73
source_return_skewness_60=65
cross_section_momentum_252_percentile=57
source_log_return_252=45
source_downside_volatility_60=44
cross_section_volatility_60_percentile=43
source_momentum_12_1=37
universe58_loo_log_return_1=31
source_beta_universe58_60=30
source_parkinson_volatility_20=26
source_log_return_60=25
source_drawdown_from_252_session_peak=25
cross_section_beta_60_percentile=23
source_realized_volatility_60=21
cross_section_momentum_126_percentile=21
source_log_return_126=19
cross_section_positive_return_breadth=17
source_adx_14=17
source_downside_volatility_20=16
source_idiosyncratic_volatility_60=16
source_volatility_ratio_20_60=15
source_residual_momentum_126=14
source_close_ma200_ratio=11
source_max_daily_log_return_20=10
source_drawdown_from_60_session_peak=8
source_rsi_14=7
source_realized_volatility_20=6
source_ma5_ma20_ratio=6
source_bollinger_bandwidth_20=5
source_overnight_gap_1=4
source_positive_day_ratio_20=4
source_residual_momentum_20=4
source_log_return_20=3
source_intraday_log_range=3
source_close_ma50_ratio=3
source_directional_index_spread_14=3
source_close_to_open_log_return=2
source_log_return_1=1

parameters:
[boosting: gbdt]
[objective: huber]
[metric: huber]
[tree_learner: serial]
[device_type: cpu]
[data_sample_strategy: bagging]
[data: ]
[valid: ]
[num_iterations: 54]
[learning_rate: 0.02]
[num_leaves: 47]
[num_threads: 12]
[seed: 122159]
[deterministic: 1]
[force_col_wise: 1]
[force_row_wise: 0]
[histogram_pool_size: -1]
[max_depth: 6]
[min_data_in_leaf: 60]
[min_sum_hessian_in_leaf: 0.001]
[bagging_fraction: 0.9]
[pos_bagging_fraction: 1]
[neg_bagging_fraction: 1]
[bagging_freq: 1]
[bagging_seed: 122159]
[bagging_by_query: 0]
[feature_fraction: 0.9]
[feature_fraction_bynode: 1]
[feature_fraction_seed: 122159]
[extra_trees: 0]
[extra_seed: 6439]
[early_stopping_round: 0]
[early_stopping_min_delta: 0]
[first_metric_only: 0]
[max_delta_step: 0]
[lambda_l1: 0.05]
[lambda_l2: 3]
[linear_lambda: 0]
[min_gain_to_split: 0]
[drop_rate: 0.1]
[max_drop: 50]
[skip_drop: 0.5]
[xgboost_dart_mode: 0]
[uniform_drop: 0]
[drop_seed: 7296]
[top_rate: 0.2]
[other_rate: 0.1]
[min_data_per_group: 100]
[max_cat_threshold: 32]
[cat_l2: 10]
[cat_smooth: 10]
[max_cat_to_onehot: 4]
[top_k: 20]
[monotone_constraints: ]
[monotone_constraints_method: basic]
[monotone_penalty: 0]
[feature_contri: ]
[forcedsplits_filename: ]
[refit_decay_rate: 0.9]
[cegb_tradeoff: 1]
[cegb_penalty_split: 0]
[cegb_penalty_feature_lazy: ]
[cegb_penalty_feature_coupled: ]
[path_smooth: 0]
[interaction_constraints: ]
[verbosity: -1]
[saved_feature_importance_type: 0]
[use_quantized_grad: 0]
[num_grad_quant_bins: 4]
[quant_train_renew_leaf: 0]
[stochastic_rounding: 1]
[linear_tree: 0]
[max_bin: 255]
[max_bin_by_feature: ]
[min_data_in_bin: 3]
[bin_construct_sample_cnt: 200000]
[data_random_seed: 122159]
[is_enable_sparse: 1]
[enable_bundle: 1]
[use_missing: 1]
[zero_as_missing: 0]
[feature_pre_filter: 1]
[pre_partition: 0]
[two_round: 0]
[header: 0]
[label_column: ]
[weight_column: ]
[group_column: ]
[ignore_column: ]
[categorical_feature: ]
[forcedbins_filename: ]
[precise_float_parser: 0]
[parser_config_file: ]
[objective_seed: 31815]
[num_class: 1]
[is_unbalance: 0]
[scale_pos_weight: 1]
[sigmoid: 1]
[boost_from_average: 1]
[reg_sqrt: 0]
[alpha: 0.9]
[fair_c: 1]
[poisson_max_delta_step: 0.7]
[tweedie_variance_power: 1.5]
[lambdarank_truncation_level: 30]
[lambdarank_norm: 1]
[label_gain: ]
[lambdarank_position_bias_regularization: 0]
[eval_at: ]
[multi_error_top_k: 1]
[auc_mu_weights: ]
[num_machines: 1]
[local_listen_port: 12400]
[time_out: 120]
[machine_list_filename: ]
[machines: ]
[gpu_platform_id: -1]
[gpu_device_id: -1]
[gpu_use_dp: 0]
[num_gpu: 1]

end of parameters

pandas_categorical:[]
