tree
version=v4
num_class=1
num_tree_per_iteration=1
label_index=0
max_feature_idx=58
objective=quantile
feature_names=source_log_return_1 source_log_return_5 source_log_return_20 source_log_return_60 source_log_return_126 source_log_return_252 source_intraday_log_range source_close_to_open_log_return source_realized_volatility_20 source_realized_volatility_60 source_downside_volatility_20 source_downside_volatility_60 source_drawdown_from_60_session_peak source_drawdown_from_252_session_peak cross_section_momentum_20_percentile cross_section_positive_return_breadth cross_section_return_dispersion source_momentum_12_1 source_ma5_ma20_ratio source_close_ma50_ratio source_close_ma200_ratio source_rsi_14 source_bollinger_pct_b_20 source_bollinger_bandwidth_20 source_adx_14 source_directional_index_spread_14 source_parkinson_volatility_20 source_overnight_gap_1 source_positive_day_ratio_20 source_max_daily_log_return_20 source_return_skewness_60 source_distance_from_252_session_low source_volatility_ratio_20_60 universe58_loo_log_return_1 universe58_loo_log_return_20 universe58_loo_log_return_60 universe58_loo_log_return_126 universe58_loo_realized_volatility_20 universe58_loo_drawdown_252 source_beta_universe58_60 source_beta_universe58_252 source_correlation_universe58_60 source_residual_momentum_20 source_residual_momentum_126 source_idiosyncratic_volatility_60 cross_section_momentum_126_percentile cross_section_momentum_252_percentile cross_section_volatility_60_percentile cross_section_beta_60_percentile tpp_day1_weighted_average tpp_day1_rate_change_1_observed tpp_day1_rate_change_5_observed tpp_day1_rate_change_20_observed tpp_day1_rate_change_volatility_20 tpp_day1_rate_vs_ma20 tpp_observation_age_calendar_days tpp_available tpp_observed_same_day tpp_source_zero_weighted_average
feature_infos=[-0.10536076873540878:0.095312163233757019] [-0.52438312768936157:0.44636186957359314] [-1.1351611614227295:1.077221155166626] [-1.0610049962997437:1.5560240745544434] [-1.0489567518234253:2.3170430660247803] [-0.89605218172073364:2.9264204502105713] [0:0.19999955594539642] [-0.13838362693786621:0.19697383046150208] [0.0093038622289896011:0.083459392189979553] [0.012351134791970253:0.063424810767173767] [0.00095409812638536096:0.078742377460002899] [0.0056960904039442539:0.048307757824659348] [-0.71968960762023926:0] [-0.71968960762023926:0] [0.017241379246115685:1] [0.017241379246115685:1] [0.012593359686434269:0.041878215968608856] [-0.84071391820907593:2.8910765647888184] [-0.47595494985580444:0.57290768623352051] [-0.62940984964370728:1.5476077795028687] [-0.4873068630695343:3.874976634979248] [0:100] [-0.27581372857093811:1.4438486099243164] [0.027125930413603783:1.7820020914077759] [6.9016203880310059:84.119827270507812] [-54.177944183349609:77.140235900878906] [0.0081431083381175995:0.06641879677772522] [-0.10510788112878799:0.095250405371189117] [0.10000000149011612:0.89999997615814209] [0.005115102045238018:0.095630437135696411] [-2.965186595916748:1.7833932638168335] [0:18.523586273193359] [0.34329062700271606:1.6300936937332153] [-0.092919811606407166:0.057573974132537842] [-0.14326675236225128:0.26549568772315979] [-0.2251364141702652:0.55794161558151245] [-0.11970169842243195:0.86915600299835205] [0.0072068045847117901:0.037458643317222595] [-0.26247727870941162:0] [-0.5984683632850647:2.2586460113525391] [0.2513563334941864:1.4838535785675049] [-0.15451675653457642:0.94294917583465576] [-1.1516678333282471:0.84016847610473633] [-1.3436253070831299:1.9539748430252075] [0.0079219061881303787:0.059544753283262253] [0.017241379246115685:1] [0.017241379246115685:1] [0.017241379246115685:1] [0.017241379246115685:1] [10.880000114440918:53.220001220703125] [-1.8400000333786011:6.619999885559082] [-14.850000381469727:17.459999084472656] [-23.670000076293945:19.930000305175781] [0.2905217707157135:4.723813533782959] [-10.732000350952148:16.643999099731445] [0:0] [0:1] [0:1] [0:0]
tree_sizes=1018 1235 1152 964 1051 970 975 1058 1155 962 885 1062 1059 1159 1241 1327 1151 887 885 1249 1149 1137 1059 1047 1251 1153 881 1153 1148 1152 979 1340 1151 1243 1155 1061 1329 1250 1248 1252 1060 1434 889 1064 1155 1243 974 892 1139 1248 1525 1429 1526 1072 1342 1428 1526 972 1430 1335 1343 1152 1448 1348 1346 1253 1342 1520 1248 1352 1255 1535 888 1250 1342 1434 1168 1344 1344 1161 1530 974 791 1529 1345 1526 1435 1530 1255 793 980 1447 881 970 1161 1164 1339 1244 1073 1520 1352 877 1421 1526 1534 1520 972 1431 1348 1345 1527 1174 976 1165 1429 1428 1541 1438 1520 1530 1346 705 1343 1251 1342

Tree=0
num_leaves=10
num_cat=0
split_feature=49 31 44 20 5 30 17 44 35
split_gain=50.0229 27.2651 24.4729 9.90483 8.07749 6.94467 5.60774 5.31945 2.67799
threshold=46.930000305175788 4.8355185985565194 0.0235909428447485 0.69751146435737621 1.0419467687606814 0.055101444944739349 0.068766541779041304 0.028463189490139488 0.33773201704025274
decision_type=10 2 2 2 2 2 2 2 2
left_child=1 3 4 8 6 -4 -2 -5 -1
right_child=2 -3 5 7 -6 -7 -8 -9 -10
leaf_value=-0.16429626635685798 -0.1716953746831219 -0.17886756143815652 -0.17260865725457827 -0.16848912459766713 -0.17199012672694217 -0.17547897173891081 -0.17005075178833012 -0.17463001757216817 -0.16884864835098759
leaf_weight=3905 256 133 124 261 127 219 873 245 850
leaf_count=3905 256 133 124 261 127 219 873 245 850
internal_value=-0.169636 -0.168485 -0.173513 -0.168198 -0.171871 -0.17939 -0.171172 -0.171503 -0.167843
internal_weight=6993 5394 1599 5261 1256 343 1129 506 4755
internal_count=6993 5394 1599 5261 1256 343 1129 506 4755
is_linear=0
shrinkage=1


Tree=1
num_leaves=12
num_cat=0
split_feature=49 31 44 36 46 29 41 5 31 2 4
split_gain=48.404 24.5458 21.4088 12.2195 7.95117 7.25847 7.0762 6.90125 4.1798 3.31181 3.27953
threshold=46.930000305175788 4.8355185985565194 0.022660171613097194 0.67882245779037487 0.22909024357795718 0.070247717201709761 0.56754735112190258 1.0209944248199465 0.80797347426414501 -0.037648389115929597 0.77479371428489696
decision_type=10 2 2 2 2 2 2 2 2 2 2
left_child=1 3 4 10 9 8 -5 -6 -4 -2 -1
right_child=2 -3 5 6 7 -7 -8 -9 -10 -11 -12
leaf_value=0.0045634043976111845 -0.0013695463670591408 -0.0086575824682006818 -0.0022637941329995566 -0.0043122019541018599 -0.00010826706948903615 -0.0068716574459672334 0.0009768185130093845 -0.0021848134539848179 -0.0041095133483047006 -0.0039147080172111026 -0.00087576386480633667
leaf_weight=4553 123 127 127 206 830 121 172 126 162 126 392
leaf_count=4553 123 127 127 206 830 121 172 126 162 126 392
internal_value=3.97809e-05 0.00116751 -0.00375386 0.00143135 -0.00205062 -0.00865964 -0.0028688 -0.000992456 -0.00627976 -0.00598917 0.00176389
internal_weight=7065 5450 1615 5323 1205 410 378 956 289 249 4945
internal_count=7065 5450 1615 5323 1205 410 378 956 289 249 4945
is_linear=0
shrinkage=0.025


Tree=2
num_leaves=11
num_cat=0
split_feature=41 31 53 37 37 31 53 4 31 41
split_gain=27.3077 19.1306 10.3784 9.04112 7.27963 7.39069 5.95948 4.87379 1.64883 1.47533
threshold=0.60440179705619823 2.3053464889526372 0.83180105686187755 0.013284430373460056 0.018970995210111145 3.6627682447433476 0.38071574270725256 -0.0051994111854583016 0.13982823491096499 0.7088877558708192
decision_type=2 2 10 2 2 2 8 2 2 2
left_child=1 2 7 -4 5 -3 -2 -1 -8 -10
right_child=6 4 3 -5 -6 -7 8 -9 9 -11
leaf_value=-0.001999344137966022 -0.0021951183731391613 -0.0040995372026337218 -0.0037263661785513626 -0.00097848016886798871 -0.0017728885858616422 -0.00882717650048063 -0.00072826300712045759 0.0037705932414070623 0.0018191271953063477 0.0038707893969676293
leaf_weight=164 148 359 331 1017 161 126 163 879 1710 1961
leaf_count=164 148 359 331 1017 161 126 163 879 1710 1961
internal_value=4.85835e-05 -0.00173447 -0.00069543 -0.00214246 -0.00553571 -0.00705357 0.00141052 0.00117009 0.00160296 0.0017128
internal_weight=7019 3037 2391 1348 646 485 3982 1043 3834 3671
internal_count=7019 3037 2391 1348 646 485 3982 1043 3834 3671
is_linear=0
shrinkage=0.025


Tree=3
num_leaves=9
num_cat=0
split_feature=49 31 9 36 5 43 41 43
split_gain=40.7818 25.1612 24.2632 10.0001 8.91025 6.80163 5.89432 3.75084
threshold=45.875000000000007 4.8355185985565194 0.033413413912057884 0.66837042570114147 1.0419467687606814 -0.098728924989700304 0.54493731260299694 0.52203878760337841
decision_type=10 2 2 2 2 2 2 2
left_child=1 3 4 7 5 -2 -5 -1
right_child=2 -3 -4 6 -6 -7 -8 -9
leaf_value=0.0046586756521258864 -0.0021191623292022084 -0.0084156385175637224 -0.0071533964928148135 -0.0039577483131346515 -0.0032167664023579029 -0.0003579486167969852 0.00066454352665527004 -0.0020864028005777766
leaf_weight=4560 543 128 121 230 182 923 215 141
leaf_count=4560 543 128 121 230 182 923 215 141
internal_value=5.3384e-05 0.00115623 -0.00322506 0.00143346 -0.00240396 -0.00173606 -0.002125 0.00177353
internal_weight=7043 5274 1769 5146 1648 1466 445 4701
internal_count=7043 5274 1769 5146 1648 1466 445 4701
is_linear=0
shrinkage=0.025


Tree=4
num_leaves=10
num_cat=0
split_feature=49 31 5 36 41 45 41 43 41
split_gain=41.8704 25.9065 12.8212 11.0139 7.09301 6.62311 6.28165 2.96372 2.31541
threshold=46.930000305175788 4.8355185985565194 1.0209944248199465 0.67882245779037487 0.56520950794219982 0.5524578094482423 0.61628004908561718 0.52203878760337841 0.53316232562065136
decision_type=10 2 2 2 2 2 2 2 2
left_child=1 3 5 7 -5 6 -2 -1 -7
right_child=2 -3 -4 4 -6 8 -8 -9 -10
leaf_value=0.004202340214700645 -0.0031754077732212499 -0.0082750420493684432 -0.0041144492930016941 -0.0040397385264235907 0.00094332382365559851 -0.0018559349290250505 -0.0013132784920046937 -0.0015574713968553216 0.00084726617030161087
leaf_weight=4725 397 131 224 198 192 211 463 142 326
leaf_count=4725 397 131 224 198 192 211 463 142 326
internal_value=3.08313e-05 0.00109192 -0.00348478 0.00137044 -0.0026424 -0.00256865 -0.00392341 0.00169566 -0.00037131
internal_weight=7009 5388 1621 5257 390 1397 860 4867 537
internal_count=7009 5388 1621 5257 390 1397 860 4867 537
is_linear=0
shrinkage=0.025


Tree=5
num_leaves=9
num_cat=0
split_feature=49 31 29 36 31 46 41 35
split_gain=40.3482 21.7069 17.5287 9.83591 7.63937 5.85775 5.17591 2.41831
threshold=45.875000000000007 4.8355185985565194 0.074127294123172774 0.66837042570114147 2.3053464889526372 0.22909024357795718 0.54493731260299694 0.29476310312747961
decision_type=10 2 2 2 2 2 2 2
left_child=1 3 4 7 5 -2 -5 -1
right_child=2 -3 -4 6 -6 -7 -8 -9
leaf_value=0.0058546707443465438 -0.0021111865311771111 -0.0079634739646291166 -0.0062699859440956589 -0.0039757882044969472 -0.0033929220710858556 -0.00088682865695572071 0.00060458864433381946 0.0011921813097957466
leaf_weight=3533 318 132 185 222 124 1125 214 1130
leaf_count=3533 318 132 185 222 124 1125 214 1130
internal_value=3.95321e-05 0.00114042 -0.00323776 0.00140405 -0.00235448 -0.00182061 -0.0021627 0.00174084
internal_weight=6983 5231 1752 5099 1567 1443 436 4663
internal_count=6983 5231 1752 5099 1567 1443 436 4663
is_linear=0
shrinkage=0.025


Tree=6
num_leaves=9
num_cat=0
split_feature=41 31 53 37 20 20 9 41
split_gain=23.8338 19.0457 14.6161 12.8587 5.94093 3.99034 2.47097 1.46211
threshold=0.60440179705619823 4.8355185985565194 0.82586529850959789 0.013284430373460056 -0.14462876319885251 0.095027431845664992 0.019112045876681808 0.7127881944179536
decision_type=2 2 10 2 2 2 2 2
left_child=1 2 5 -4 -2 -1 -6 -8
right_child=4 -3 3 -5 6 -7 7 -9
leaf_value=-0.0013824691748698372 -0.0020240129324815372 -0.0081800434009259241 -0.0037521313355199041 -0.0014278577807908348 -0.00072587463912005467 0.0041770419103193046 0.0015476862138714864 0.0033575587585631251
leaf_weight=280 176 124 460 1338 155 864 1737 1938
leaf_count=280 176 124 460 1338 155 864 1737 1938
internal_value=-4.43337e-05 -0.00170262 -0.00128563 -0.00268927 0.00122382 0.000917102 0.00143253 0.0015642
internal_weight=7072 3066 2942 1798 4006 1144 3830 3675
internal_count=7072 3066 2942 1798 4006 1144 3830 3675
is_linear=0
shrinkage=0.025


Tree=7
num_leaves=10
num_cat=0
split_feature=49 9 20 44 5 46 35 44 45
split_gain=38.5496 24.8318 21.8669 12.6588 6.90161 7.2306 3.80005 2.38338 1.58913
threshold=45.494998931884773 0.033413413912057884 0.83641430735588085 0.030256204307079319 1.0419467687606814 0.22909024357795718 0.33773201704025274 0.023157813586294655 0.86720469594001781
decision_type=10 2 2 2 2 2 2 2 2
left_child=2 4 6 -4 5 -2 8 -8 -1
right_child=1 -3 3 -5 -6 -7 7 -9 -10
leaf_value=0.005718588397062345 -0.0020107545972862751 -0.0061250619119271998 0.00036324634801918108 -0.0072852977614846701 -0.0028966914290284771 -0.00056679504086353774 0.0018435583580017961 -0.00090940718226982303 0.0011453607307619967
leaf_weight=3372 347 126 177 186 211 1133 408 578 451
leaf_count=3372 347 126 177 186 211 1133 408 578 451
internal_value=5.23664e-05 -0.00307423 0.0011539 -0.00471807 -0.00225015 -0.00162879 0.00160288 0.000210646 0.00195957
internal_weight=6989 1817 5172 363 1691 1480 4809 986 3823
internal_count=6989 1817 5172 363 1691 1480 4809 986 3823
is_linear=0
shrinkage=0.025


Tree=8
num_leaves=11
num_cat=0
split_feature=41 31 52 16 31 40 20 11 52 47
split_gain=22.0088 17.3442 5.61604 6.86333 5.48484 5.26527 4.9095 1.70628 1.64366 0.816431
threshold=0.61994799971580516 2.4183905124664311 1.6200000047683718 0.020029208622872833 4.8355185985565194 0.89178121089935314 -0.13349897414445874 0.01254950324073434 4.3949999809265146 0.59097579121589672
decision_type=2 2 8 2 2 2 2 2 10 2
left_child=1 2 3 -1 5 -3 -2 -8 -4 -9
right_child=6 4 8 -5 -6 -7 7 9 -10 -11
leaf_value=-0.0021971566038535969 -0.0013068352769377942 -0.0014504843806662463 0.0023194245361756222 -0.00054140870185875162 -0.0075796495977810165 -0.0048066449203936004 -0.00062607332343937933 0.0030176139465813556 -0.00046673794121134221 0.0019371389837700378
leaf_weight=522 199 242 708 1082 125 198 180 2164 360 1152
leaf_count=522 199 242 708 1082 125 198 180 2164 360 1152
internal_value=1.42354e-05 -0.00148866 -0.000640175 -0.00157474 -0.00544956 -0.0040309 0.00133277 0.00155206 0.000758388 0.00168135
internal_weight=6932 3237 2672 1604 565 440 3695 3496 1068 3316
internal_count=6932 3237 2672 1604 565 440 3695 3496 1068 3316
is_linear=0
shrinkage=0.025


Tree=9
num_leaves=9
num_cat=0
split_feature=49 9 31 36 5 45 41 4
split_gain=35.6625 25.4174 20.4458 8.08072 8.06139 6.57799 4.35883 3.58218
threshold=45.875000000000007 0.033498730510473258 4.8355185985565194 0.66837042570114147 1.0419467687606814 0.50531914830207836 0.56520950794219982 0.77479371428489696
decision_type=10 2 2 2 2 2 2 2
left_child=2 4 3 7 5 -2 -5 -1
right_child=1 -3 -4 6 -6 -7 -8 -9
leaf_value=0.0042401893546994349 -0.0017203456990379476 -0.0062516460918608215 -0.007395031959721363 -0.0036303032434083487 -0.0027874272262495984 0.00021347627703859198 0.0010848110684799667 -0.0010306964043168463
leaf_weight=4277 801 121 130 245 189 650 196 370
leaf_count=4277 801 121 130 245 189 650 196 370
internal_value=8.82375e-05 -0.00298202 0.00112747 0.00138204 -0.00213906 -0.00148781 -0.00183016 0.00168986
internal_weight=6979 1761 5218 5088 1640 1451 441 4647
internal_count=6979 1761 5218 5088 1640 1451 441 4647
is_linear=0
shrinkage=0.025


Tree=10
num_leaves=8
num_cat=0
split_feature=31 41 53 37 53 4 11
split_gain=21.5454 14.8347 12.5898 9.71115 6.84421 4.04947 2.23043
threshold=4.8355185985565194 0.57881343364715587 0.83180105686187755 0.013243031688034536 0.38071574270725256 -0.0051994111854583016 0.01254950324073434
decision_type=2 2 10 2 8 2 2
left_child=1 2 5 -4 -3 -1 -6
right_child=-2 4 3 -5 6 -7 -8
leaf_value=-0.0025712553437834845 -0.0072398227334884296 -0.001769662993337478 -0.0035913295034155006 -0.001566721510910027 -0.00084063505569894866 0.0034095576007113835 0.0021537301849314833
leaf_weight=142 131 173 405 1130 195 861 3938
leaf_count=142 131 173 405 1130 195 861 3938
internal_value=-8.05865e-06 0.000186706 -0.00132668 -0.00274756 0.00108067 0.000844494 0.00128716
internal_weight=6975 6844 2538 1535 4306 1003 4133
internal_count=6975 6844 2538 1535 4306 1003 4133
is_linear=0
shrinkage=0.025


Tree=11
num_leaves=10
num_cat=0
split_feature=49 5 9 29 4 5 17 41 38
split_gain=35.0388 22.7758 20.6194 6.8043 6.68676 4.26503 4.01582 3.24567 2.39027
threshold=45.494998931884773 1.7082256078720095 0.028574357740581039 0.070247717201709761 0.77479371428489696 1.0419467687606814 -0.038498533889651292 0.41422703862190252 -0.010503812693059443
decision_type=10 2 2 2 2 2 2 2 2
left_child=1 4 5 -4 8 6 -2 -6 -1
right_child=2 -3 3 -5 7 -7 -8 -9 -10
leaf_value=0.0051069512699620807 -0.0017685438432321074 -0.0070291605923911184 -0.0028962045562047796 -0.006629590373126399 -0.0044740637483570772 -0.0025099019552654606 -0.00029970050592343538 -6.8021140500436716e-05 0.0010847705739875802
leaf_weight=3131 199 130 206 125 136 159 1115 434 1371
leaf_count=3131 199 130 206 125 136 159 1115 434 1371
internal_value=6.18672e-05 0.00110404 -0.00293463 -0.00853051 0.0013736 -0.00164834 -0.00116281 -0.00116304 0.00169708
internal_weight=7006 5202 1804 331 5072 1473 1314 570 4502
internal_count=7006 5202 1804 331 5072 1473 1314 570 4502
is_linear=0
shrinkage=0.025


Tree=12
num_leaves=10
num_cat=0
split_feature=49 43 47 36 41 5 46 41 35
split_gain=36.7102 21.7586 17.5455 7.85067 5.86462 5.6552 6.36338 4.97305 2.15164
threshold=45.494998931884773 0.50578120350837719 0.88646370172500621 0.66837042570114147 0.39596173167228704 1.1448715329170229 0.24834922701120379 0.56520950794219982 0.29476310312747961
decision_type=10 2 2 2 2 2 2 2 2
left_child=1 3 5 8 -3 6 -2 -5 -1
right_child=2 4 -4 7 -6 -7 -8 -9 -10
leaf_value=0.0055394497240541917 -0.0018925743229572291 -0.0067237769744855728 -0.0052652893768922434 -0.0029610779930639617 -0.0017538732503901431 -0.0024685222186858614 -0.00048834487778154009 0.0010394392762710298 0.0011039942351918914
leaf_weight=3417 353 122 173 253 137 128 1166 189 1110
leaf_count=3417 353 122 173 253 137 128 1166 189 1110
internal_value=6.92968e-05 0.00113487 -0.00298288 0.00150608 -0.00585701 -0.0021648 -0.00171998 -0.00165268 0.00181735
internal_weight=7048 5228 1820 4969 259 1647 1519 442 4527
internal_count=7048 5228 1820 4969 259 1647 1519 442 4527
is_linear=0
shrinkage=0.025


Tree=13
num_leaves=11
num_cat=0
split_feature=49 9 43 44 35 44 30 5 44 44
split_gain=34.8205 21.4017 17.6582 10.341 6.94988 6.78891 4.61233 4.49291 2.79569 0.62205
threshold=45.494998931884773 0.033498730510473258 0.50578120350837719 0.031181124038994316 0.33189117908477789 0.02272589132189751 0.15613427758216861 -0.15243132412433621 0.023157813586294655 0.023031162098050121
decision_type=10 2 2 2 2 2 2 2 2 2
left_child=2 5 4 -4 9 7 -7 -2 -6 -1
right_child=1 -3 3 -5 8 6 -8 -9 -10 -11
leaf_value=0.0058433690588171423 -0.0017358767744116558 -0.0058521495440689358 8.7707215584501117e-05 -0.0060230383988011046 0.0015723088975094662 -0.0014464516925696655 -0.0038211536511477033 -0.00050232247622825652 -0.00098485015241019298 0.0036907390658024656
leaf_weight=2176 135 121 120 136 450 153 179 1234 779 1505
leaf_count=2176 135 121 120 136 450 153 179 1234 779 1505
internal_value=9.84914e-05 -0.00286741 0.00114751 -0.00518678 0.00148398 -0.00211972 -0.00530786 -0.00132551 -0.000138776 0.00202693
internal_weight=6988 1822 5166 256 4910 1701 332 1369 1229 3681
internal_count=6988 1822 5166 256 4910 1701 332 1369 1229 3681
is_linear=0
shrinkage=0.025


Tree=14
num_leaves=12
num_cat=0
split_feature=49 9 4 29 35 34 40 46 49 4 29
split_gain=29.1822 20.431 17.8486 8.27518 6.34271 4.21592 3.20149 2.88352 2.08445 1.9287 1.87329
threshold=45.494998931884773 0.028141040354967121 1.0232827663421633 0.074127294123172774 0.33773201704025274 0.0032007563859224324 0.7601509988307954 0.22909024357795718 51.870000839233406 0.69551572203636181 0.049770740792155273
decision_type=10 2 2 2 2 2 2 2 10 2 2
left_child=2 5 4 10 9 8 -6 -7 -2 -1 -3
right_child=1 3 -4 -5 6 7 -8 -9 -10 -11 -12
leaf_value=0.0051456862768950243 0.00061137034397212582 -0.0028679935083299759 -0.0046101422271820954 -0.0064540578182967247 -0.0029386955236996044 -0.0018401755866063489 0.00039238390767391129 -0.00080945594513897679 -0.0010392977455635473 0.00039798993560608264 -0.0019231168648486622
leaf_weight=3444 438 120 183 122 146 158 937 679 141 467 121
leaf_count=3444 438 120 183 122 146 158 937 679 141 467 121
internal_value=0.000166463 -0.00259039 0.00111661 -0.00784307 0.00140103 -0.00121657 -0.000286075 -0.00234709 0.000413099 0.00186957 -0.00494411
internal_weight=6956 1779 5177 363 4994 1416 1083 837 579 3911 241
internal_count=6956 1779 5177 363 4994 1416 1083 837 579 3911 241
is_linear=0
shrinkage=0.025


Tree=15
num_leaves=13
num_cat=0
split_feature=49 43 44 44 36 46 9 2 31 41 31 35
split_gain=32.032 18.8538 18.3145 10.3038 7.06704 6.69137 6.25498 4.95093 3.58427 3.3473 2.35998 1.92629
threshold=45.494998931884773 0.50578120350837719 0.022660171613097194 0.031181124038994316 0.66837042570114147 0.22909024357795718 0.033498730510473258 -0.011518637184053658 0.9356709122657777 0.56754735112190258 2.0451422929763798 0.3477317094802857
decision_type=10 2 2 2 2 2 2 2 2 2 2 2
left_child=1 4 5 -3 11 7 8 -2 -4 -6 -7 -1
right_child=2 3 6 -5 9 10 -8 -9 -10 -11 -12 -13
leaf_value=0.0047971235566067177 -0.00064555341299308959 8.5097822711872805e-05 -0.0011624569977024151 -0.0057413601012708095 -0.0028056178343739521 2.836162151554391e-05 -0.0055201834159096623 -0.0034947190396958983 -0.0033196495036500262 0.00074474414340122209 -0.0012777271517000893 0.00073511609419078328
leaf_weight=3860 149 122 147 142 243 946 125 129 192 201 131 612
leaf_count=3860 149 122 147 142 243 946 125 129 192 201 131 612
internal_value=0.000109402 0.00111258 -0.00273917 -0.00532993 0.0014649 -0.0012546 -0.0070016 -0.00467756 -0.00507631 -0.00152283 -0.000347736 0.0017643
internal_weight=6999 5180 1819 264 4916 1355 464 278 339 444 1077 4472
internal_count=6999 5180 1819 264 4916 1355 464 278 339 444 1077 4472
is_linear=0
shrinkage=0.025


Tree=16
num_leaves=11
num_cat=0
split_feature=49 9 4 35 30 36 34 41 4 51
split_gain=30.3259 18.8688 17.1585 6.91978 6.36261 3.66252 3.55729 3.28006 1.59471 1.12766
threshold=45.494998931884773 0.028224428184330467 1.0232827663421633 0.33397397398948675 0.055101444944739349 0.50818651914596569 0.0032007563859224324 0.51951718330383312 0.69551572203636181 1.2649999856948855
decision_type=10 2 2 2 2 2 2 2 2 10
left_child=2 6 3 8 -3 -5 9 -8 -1 -2
right_child=1 4 -4 5 -6 -7 7 -9 -10 -11
leaf_value=0.0050165485144239314 0.00028378352699647312 -0.0026856076553667743 -0.0048427321869147734 0.0017761010479357125 -0.0046797222009690156 -0.0018788447867295291 -0.0026034453013101711 -0.00083586885000516199 0.00095430223698668752 -0.00075766218021461611
leaf_weight=3426 445 143 182 572 215 590 227 648 435 135
leaf_count=3426 445 143 182 572 215 590 227 648 435 135
internal_value=0.00010519 -0.00267395 0.00107606 0.00135268 -0.00777893 -0.000333119 -0.00139127 -0.00239347 0.00186142 0.000117521
internal_weight=7018 1813 5205 5023 358 1162 1455 875 3861 580
internal_count=7018 1813 5205 5023 358 1162 1455 875 3861 580
is_linear=0
shrinkage=0.025


Tree=17
num_leaves=8
num_cat=0
split_feature=46 44 36 38 52 17 44
split_gain=18.2612 9.15094 5.79873 5.65423 3.75012 4.01119 0.571642
threshold=0.99137932062149059 0.027687525376677517 0.22526052594184878 -0.023577141575515267 1.6200000047683718 -0.038498533889651292 0.02296879701316357
decision_type=2 2 2 2 8 2 2
left_child=1 4 -3 -4 5 -1 -6
right_child=-2 2 3 -5 6 -7 -8
leaf_value=-0.0014820196543882469 -0.0060709559400992175 -0.0039900466160808518 0.0015137884841664021 -0.0026653520375622582 0.0029458754142259601 0.00041806317420258919 0.0015453311658115796
leaf_weight=260 133 217 548 497 1877 2657 804
leaf_count=260 133 217 548 497 1877 2657 804
internal_value=0.000225243 0.000406956 -0.00151046 -0.000720238 0.00084129 0.000217745 0.00151573
internal_weight=6993 6860 1262 1045 5598 2917 2681
internal_count=6993 6860 1262 1045 5598 2917 2681
is_linear=0
shrinkage=0.025


Tree=18
num_leaves=8
num_cat=0
split_feature=46 41 38 9 36 36 31
split_gain=16.1835 10.4432 7.15125 5.61805 4.49389 2.8866 1.92051
threshold=0.99137932062149059 0.61994799971580516 -0.014766460284590719 0.034808084368705756 -0.04101924039423465 0.15162602066993716 0.13982823491096499
decision_type=2 2 2 2 2 2 2
left_child=1 2 5 -4 -3 -1 -6
right_child=-2 4 3 -5 6 -7 -8
leaf_value=-0.00073489598798207479 -0.0059891644213842642 -0.0012967538337294903 -0.001087035129746022 -0.0044715382785963601 -0.00080896776035414635 0.001352887071144275 0.0022895762803051352
leaf_weight=576 135 178 1162 239 158 1218 3383
leaf_count=576 135 178 1162 239 158 1218 3383
internal_value=0.0001547 0.000325734 -0.000720703 -0.00205637 0.00122617 0.000321707 0.00142308
internal_weight=7049 6914 3195 1401 3719 1794 3541
internal_count=7049 6914 3195 1401 3719 1794 3541
is_linear=0
shrinkage=0.025


Tree=19
num_leaves=12
num_cat=0
split_feature=49 44 43 44 35 46 30 5 44 2 44
split_gain=25.7387 14.0742 13.812 7.77284 6.43707 5.03534 4.942 4.0271 2.91736 2.32706 0.685451
threshold=45.494998931884773 0.023903186433017257 0.50578120350837719 0.031438833102583892 0.33773201704025274 0.22909024357795718 0.059280658140778549 1.0419467687606814 0.023157813586294655 -0.011518637184053658 0.022482952103018764
decision_type=10 2 2 2 2 2 2 2 2 2 2
left_child=2 5 4 -4 10 9 -3 -7 -6 -2 -1
right_child=1 6 3 -5 8 7 -8 -9 -10 -11 -12
leaf_value=0.0052390098439045593 -0.00071409210849959998 -0.0025992931092715665 0.00013398219667508113 -0.0058007153795619736 0.0012899274099256635 5.1908567810366513e-05 -0.0039878066486633366 -0.001868437563647725 -0.00096525941759323212 -0.0031066421950849132 0.0031839644990636472
leaf_weight=2058 155 144 120 126 417 1031 218 147 699 134 1717
leaf_count=2058 155 144 120 126 417 1031 218 147 699 134 1717
internal_value=0.000212846 -0.00232893 0.00112043 -0.00459661 0.00141365 -0.00122368 -0.00671322 -0.000484996 -0.000248662 -0.00415391 0.00190642
internal_weight=6966 1829 5137 246 4891 1467 362 1178 1116 289 3775
internal_count=6966 1829 5137 246 4891 1467 362 1178 1116 289 3775
is_linear=0
shrinkage=0.025


Tree=20
num_leaves=11
num_cat=0
split_feature=49 43 9 35 29 34 43 36 51 4
split_gain=24.425 15.7927 15.386 5.21245 4.29418 3.08275 2.92508 2.29657 1.34068 1.14387
threshold=45.494998931884773 0.52203878760337841 0.028272314928472046 0.29757373034954077 0.074127294123172774 0.009135467931628229 -0.098728924989700304 0.60333782434463512 2.4200000762939458 0.69551572203636181
decision_type=10 2 2 2 2 2 2 2 10 2
left_child=1 3 5 9 -4 8 -7 -5 -2 -1
right_child=2 -3 4 7 -6 6 -8 -9 -10 -11
leaf_value=0.0049430055176956983 0.00030087217665877896 -0.0041326093028046301 -0.0022116089831578033 0.0012587178160870089 -0.0054624301843879692 -0.001675286882714652 -0.00065630083655193142 -0.00097483678652921554 -0.00061936741255760701 0.0018434586109037138
leaf_weight=3125 562 238 227 939 127 248 521 599 145 307
leaf_count=3125 562 238 227 939 127 248 521 599 145 307
internal_value=0.000207831 0.00108167 -0.0022718 0.00138568 -0.00691852 -0.00113352 -0.00222384 0.000170933 5.0913e-05 0.00192719
internal_weight=7038 5208 1830 4970 354 1476 769 1538 707 3432
internal_count=7038 5208 1830 4970 354 1476 769 1538 707 3432
is_linear=0
shrinkage=0.025


Tree=21
num_leaves=11
num_cat=0
split_feature=49 9 4 29 20 45 5 43 29 4
split_gain=25.3484 15.8743 10.5971 5.21833 3.90752 3.02533 2.80427 2.80568 2.00344 1.00202
threshold=44.45000076293946 0.028224428184330467 1.0901712179183962 0.074127294123172774 0.52774083614349376 0.48606015741825109 1.0845054984092715 -0.098728924989700304 0.052650474011898048 0.66149926185607921
decision_type=10 2 2 2 2 2 2 2 2 2
left_child=2 6 4 8 9 -6 7 -2 -3 -1
right_child=1 3 -4 -5 5 -7 -8 -9 -10 -11
leaf_value=0.0038021660773886004 -0.001090035599673568 -0.002187579791733341 -0.0053278454118431051 -0.0056141391744797637 -0.0029770868234417287 0.00055120815405068125 -0.001488589427696215 4.0106496959680423e-05 -0.0020105107584561291 0.0002130077793827514
leaf_weight=3651 459 123 138 130 135 964 121 927 123 211
leaf_count=3651 459 123 138 130 135 964 121 927 123 211
internal_value=0.000203771 -0.00227026 0.00111996 -0.00683399 0.00131318 0 -0.00110863 -0.000775521 -0.00449701 0.00168703
internal_weight=6982 1883 5099 376 4961 1099 1507 1386 246 3862
internal_count=6982 1883 5099 376 4961 1099 1507 1386 246 3862
is_linear=0
shrinkage=0.025


Tree=22
num_leaves=10
num_cat=0
split_feature=49 9 43 35 36 45 48 44 4
split_gain=24.2025 16.3044 11.8901 5.98855 4.9624 4.59787 3.53374 2.79935 1.21145
threshold=44.45000076293946 0.034393457695841796 0.59175455570220958 0.33189117908477789 0.22093905508518222 0.1241746135056019 0.3706896454095841 0.023213730193674568 0.69551572203636181
decision_type=10 2 2 2 2 2 2 2 2
left_child=2 4 3 8 5 -2 -6 -5 -1
right_child=1 -3 -4 7 6 -7 -8 -9 -10
leaf_value=0.0047887878714585087 -0.0030168096028458657 -0.0056957588623856754 -0.0051439774905483911 0.0011752151926737358 -0.0029811848941923664 -0.00013626008776819088 -0.0010218360461681914 -0.0010710772406278518 0.0010607129535811089
leaf_weight=3304 122 120 179 470 207 1127 321 788 370
leaf_count=3304 122 120 179 470 207 1127 321 788 370
internal_value=0.000198025 -0.00220886 0.00109387 0.00132646 -0.001586 -0.000714713 -0.00360929 -0.000157363 0.00183576
internal_weight=7008 1897 5111 4932 1777 1249 528 1258 3674
internal_count=7008 1897 5111 4932 1777 1249 528 1258 3674
is_linear=0
shrinkage=0.025


Tree=23
num_leaves=10
num_cat=0
split_feature=49 9 43 44 35 5 45 50 4
split_gain=21.2542 13.6757 10.4326 7.30754 5.88962 5.26495 3.76873 2.3797 1.3484
threshold=45.494998931884773 0.033498730510473258 0.50578120350837719 0.031181124038994316 0.29476310312747961 1.1527630686759951 0.5524578094482423 -1.1750000119209287 0.69551572203636181
decision_type=10 2 2 2 2 2 2 8 2
left_child=2 5 4 -4 8 6 -2 -6 -1
right_child=1 -3 3 -5 7 -7 -8 -9 -10
leaf_value=0.0046908677454871811 -0.0012063458063878308 -0.0048767058624740352 0.00031054466343644738 -0.0053597550608018062 -0.0022555910603652956 -0.0020862044064704258 0.00019649206647237468 0.00029748170313363687 0.001078381882708471
leaf_weight=3124 926 121 122 135 134 122 670 1385 303
leaf_count=3124 926 121 122 135 134 122 670 1385 303
internal_value=0.000219774 -0.00208582 0.00103711 -0.00382156 0.00129444 -0.00149376 -0.00109541 0 0.00186808
internal_weight=7042 1839 5203 257 4946 1718 1596 1519 3427
internal_count=7042 1839 5203 257 4946 1718 1596 1519 3427
is_linear=0
shrinkage=0.025


Tree=24
num_leaves=12
num_cat=0
split_feature=41 31 16 36 36 30 17 41 47 37 30
split_gain=12.0003 10.2045 3.00729 2.9991 2.81709 2.81119 2.55789 1.40158 1.64552 1.26779 0.754135
threshold=0.57881343364715587 3.6627682447433476 0.019424235448241237 0.67882245779037487 0.14512281864881518 0.012792299035936596 -0.053014498203992837 0.73118519783020031 0.48606015741825109 0.02212188579142094 -0.99557241797447193
decision_type=2 2 2 2 2 2 2 2 2 2 2
left_child=1 2 5 -4 6 -1 -2 8 -6 -8 -9
right_child=4 -3 3 -5 7 -7 9 10 -10 -11 -12
leaf_value=1.5858927372740344e-05 -0.0011681292338694038 -0.0052570503873357911 0.00015367514191718683 -0.0021255664345102045 0.0021090498947665586 -0.0027109311374893998 -4.7700553892729643e-05 0.00077473939488595801 0.00026483006934989602 0.0055171698013206909 0.004072674939595052
leaf_weight=229 136 180 1719 182 1049 360 666 135 951 178 1197
leaf_count=229 136 180 1719 182 1049 360 666 135 951 178 1197
internal_value=0.000261021 -0.00105374 -0.000628757 -0.00013969 0.00107685 -0.00218224 -9.51776e-05 0.00142306 0.000994389 0.000416667 0.00205591
internal_weight=6982 2670 2490 1901 4312 589 980 3332 2000 844 1332
internal_count=6982 2670 2490 1901 4312 589 980 3332 2000 844 1332
is_linear=0
shrinkage=0.025


Tree=25
num_leaves=11
num_cat=0
split_feature=49 43 44 29 36 41 44 46 5 2
split_gain=21.3098 13.3283 12.28 6.50438 6.06789 3.09763 2.61821 2.60254 3.41642 2.31406
threshold=44.45000076293946 0.61857712268829357 0.023903186433017257 0.071272861212492003 0.67882245779037487 0.54270759224891674 0.023157813586294655 0.22909024357795718 1.0919405817985537 0.0059489449486136445
decision_type=10 2 2 2 2 2 2 2 2 2
left_child=1 4 7 -4 6 -6 -1 9 -9 -2
right_child=2 -3 3 -5 5 -7 -8 8 -10 -11
leaf_value=0.0042614052538818134 -0.00066831155706793301 -0.0049629504380907978 -0.0019065366458618739 -0.0054675945647353584 -0.0029383095192866415 0.00070067380390945438 0.0018675946108568391 -2.2035802456766995e-05 -0.0013843355898925554 -0.0018541848282164015
leaf_weight=2571 174 152 236 137 202 204 2016 1073 123 124
leaf_count=2571 174 152 236 137 202 204 2016 1073 123 124
internal_value=0.000199337 0.00103034 -0.002084 -0.00611442 0.00125575 -0.00165146 0.00151595 -0.00105654 -0.000523522 -0.00313119
internal_weight=7012 5145 1867 373 4993 406 4587 1494 1196 298
internal_count=7012 5145 1867 373 4993 406 4587 1494 1196 298
is_linear=0
shrinkage=0.025


Tree=26
num_leaves=8
num_cat=0
split_feature=31 38 53 53 40 37 52
split_gain=11.7571 4.5763 4.93008 4.76443 5.33186 2.01087 1.72626
threshold=3.8688563108444218 -0.014766460284590719 0.38071574270725256 0.83660978078842174 0.99488943815231334 0.013481495436280968 2.3050000667572026
decision_type=2 2 8 10 2 2 10
left_child=1 2 -1 6 -5 -4 -3
right_child=-2 3 5 4 -6 -7 -8
leaf_value=-0.0012084259133423295 -0.0045992614329911459 0.0046032274116439842 -0.00029449696057519962 -0.0018253017222905226 0.00035511929876643465 0.001884751425468589 -0.00040742082753272564
leaf_weight=239 223 558 589 834 657 3763 158
leaf_count=239 223 558 589 834 657 3763 158
internal_value=0.00026989 0.000457703 0.000907583 -0.000475249 -0.00128092 0.00110139 0.00119105
internal_weight=7021 6798 4591 2207 1491 4352 716
internal_count=7021 6798 4591 2207 1491 4352 716
is_linear=0
shrinkage=0.025


Tree=27
num_leaves=11
num_cat=0
split_feature=49 44 43 35 36 44 40 50 40 4
split_gain=21.4641 13.4306 9.09067 5.08904 3.96207 3.51548 3.46207 2.79853 2.60646 1.5538
threshold=44.45000076293946 0.030739795416593555 0.50578120350837719 0.29476310312747961 0.17881379276514056 0.031595151871442802 1.0965866446495058 -1.1750000119209287 0.97434657812118541 0.69551572203636181
decision_type=10 2 2 2 2 2 2 8 2 2
left_child=2 4 3 9 6 -4 -2 -5 -6 -1
right_child=1 -3 5 7 8 -7 -8 -9 -10 -11
leaf_value=0.0045922180177489095 0.00010603497861057256 -0.0046641579747199804 -0.00015423335900378605 -0.002479283099127331 -0.0026839921245123931 -0.0046341169162250158 -0.0019725574487141702 0.00049680566740350845 -0.00077353808564013847 0.0007775745597337195
leaf_weight=3005 886 132 120 136 343 129 238 1422 287 298
leaf_count=3005 886 132 120 136 343 129 238 1422 287 298
internal_value=0.000236931 -0.00203794 0.00107893 0.00131962 -0.00144045 -0.00352854 -0.000539194 0.000136756 -0.00302165 0.00187462
internal_weight=6996 1886 5110 4861 1754 249 1124 1558 630 3303
internal_count=6996 1886 5110 4861 1754 249 1124 1558 630 3303
is_linear=0
shrinkage=0.025


Tree=28
num_leaves=11
num_cat=0
split_feature=49 44 4 35 45 19 40 41 44 4
split_gain=20.756 10.4037 9.81833 5.81895 3.43762 2.97444 2.96246 2.4921 2.12009 1.35903
threshold=44.45000076293946 0.025725956074893478 0.99870315194129955 0.30503411591053015 0.65737342834472667 0.008834300562739374 0.89744433760643016 0.51951718330383312 0.025061787106096748 0.70299211144447338
decision_type=10 2 2 2 2 2 2 2 2 2
left_child=2 4 3 9 6 -3 -2 -6 -5 -1
right_child=1 5 -4 8 7 -7 -8 -9 -10 -11
leaf_value=0.0043362625842831215 0.00015429125958503292 -0.0019576062614997387 -0.0035916702453002627 0.00073633273398665653 -0.0018885585848123082 -0.00521030673612515 -0.0013307515684836185 0.00070328410735787507 -0.0011722762646964881 0.00091337025349193853
leaf_weight=3161 269 120 222 761 193 131 799 369 636 366
leaf_count=3161 269 120 222 761 193 131 799 369 636 366
internal_value=0.000232686 -0.00201021 0.00105489 0.00128905 -0.00126529 -0.0067041 -0.00209576 0.000306437 -7.22182e-05 0.00182935
internal_weight=7027 1881 5146 4924 1630 251 1068 562 1397 3527
internal_count=7027 1881 5146 4924 1630 251 1068 562 1397 3527
is_linear=0
shrinkage=0.025


Tree=29
num_leaves=11
num_cat=0
split_feature=49 9 43 44 35 53 34 41 4 53
split_gain=17.6828 10.8652 9.76686 6.60185 4.28474 3.04131 2.80615 3.07729 1.69889 1.54275
threshold=44.45000076293946 0.034808084368705756 0.50578120350837719 0.030945696868002418 0.23045801371335986 0.82586529850959789 0.0053345400374382743 0.52626350522041332 0.77479371428489696 1.0671114921569826
decision_type=10 2 2 2 2 8 2 2 2 10
left_child=2 6 4 -4 8 -6 9 -8 -1 -2
right_child=1 -3 3 -5 5 -7 7 -9 -10 -11
leaf_value=0.005008016504886104 0.00074067528325605933 -0.0044067104332709325 0.00040505482089405587 -0.0049626615442021739 0.005862587333312178 -4.4372350774811161e-06 -0.002314817863167699 -0.00075825899183227131 -0.00077448081517502115 -0.00063062978185181317
leaf_weight=2542 394 121 122 136 497 1677 308 729 128 318
leaf_count=2542 394 121 122 136 497 1677 308 729 128 318
internal_value=0.000318726 -0.00175667 0.0010816 -0.00360741 0.0013361 0.00050654 -0.00123788 -0.00206454 0.00200701 -1.9177e-05
internal_weight=6972 1870 5102 258 4844 2174 1749 1037 2670 712
internal_count=6972 1870 5102 258 4844 2174 1749 1037 2670 712
is_linear=0
shrinkage=0.025


Tree=30
num_leaves=9
num_cat=0
split_feature=5 41 38 33 4 44 37 41
split_gain=10.7423 7.28624 4.21775 3.63122 3.04368 2.96812 2.71908 1.35076
threshold=1.7082256078720095 0.61506041884422313 -0.014766460284590719 0.0010076551698148253 -0.15778584778308866 0.01572703663259745 0.012489604763686659 0.7364424765110017
decision_type=2 2 2 2 2 2 2 2
left_child=1 2 6 -4 5 -3 -1 -6
right_child=-2 4 3 -5 7 -7 -8 -9
leaf_value=-0.0016870112908105002 -0.0052692671111766367 -0.0018563387009193312 -0.0023549792890501884 -0.00086138252981084412 0.0011282667309097892 0.00035166154254982426 0.00070730328783964334 0.0026070774513250478
leaf_weight=190 138 120 216 1135 1974 202 1541 1529
leaf_count=190 138 120 216 1135 1974 202 1541 1529
internal_value=0.000320036 0.000460974 -0.000441772 -0.00148691 0.00118962 -0.00111239 0.000372264 0.00140429
internal_weight=7045 6907 3082 1351 3825 322 1731 3503
internal_count=7045 6907 3082 1351 3825 322 1731 3503
is_linear=0
shrinkage=0.025


Tree=31
num_leaves=13
num_cat=0
split_feature=49 9 43 29 36 41 36 40 38 43 30 19
split_gain=18.213 9.31501 7.79221 4.51002 3.6567 2.78239 2.24416 4.61234 2.1424 1.99588 1.70162 1.1741
threshold=44.45000076293946 0.028141040354967121 0.50578120350837719 0.074127294123172774 0.52331241965293895 0.39596173167228704 0.23530935496091845 0.97434657812118541 -0.048758950084447854 -0.090047441422939287 0.088034760206937804 0.32683576643466955
decision_type=10 2 2 2 2 2 2 2 2 2 2 2
left_child=2 6 4 10 11 -4 9 -8 -6 -2 -3 -1
right_child=1 3 5 -5 8 -7 7 -9 -10 -11 -12 -13
leaf_value=0.0036816422296059082 -0.00086543064571335782 -0.00071415186652404533 -0.0042752777131705973 -0.0046287212515167871 0.0017944928993713597 -0.00018284686312676525 -0.0026481077887028823 0.00028744454984064972 -0.00099439271642389176 0.00019356416803353131 -0.0021046145653536054 -0.00057378252754208944
leaf_weight=3612 369 121 121 130 445 122 250 163 670 713 134 134
leaf_count=3612 369 121 121 130 445 122 250 163 670 713 134 134
internal_value=0.000272392 -0.00182692 0.00104791 -0.00527244 0.00126824 -0.00327117 -0.000920833 -0.00247907 5.58045e-06 -0.000311637 -0.00319712 0.0016419
internal_weight=6984 1880 5104 385 4861 243 1495 413 1115 1082 255 3746
internal_count=6984 1880 5104 385 4861 243 1495 413 1115 1082 255 3746
is_linear=0
shrinkage=0.025


Tree=32
num_leaves=11
num_cat=0
split_feature=49 43 9 29 35 41 5 45 53 4
split_gain=17.0248 10.2464 9.5682 5.59494 3.92871 3.89805 2.48592 2.72799 2.4745 1.56093
threshold=44.45000076293946 0.50578120350837719 0.028141040354967121 0.071272861212492003 0.23045801371335986 0.40015812218189245 1.0419467687606814 0.65737342834472667 0.78934937715530407 0.69551572203636181
decision_type=10 2 2 2 2 2 2 2 8 2
left_child=1 4 6 -4 9 -3 7 -2 -6 -1
right_child=2 5 3 -5 8 -7 -8 -9 -10 -11
leaf_value=0.0048628891347340351 -0.00060129036559049926 -0.0045454557148029359 -0.0016437642260877902 -0.0047590405378665421 0.0061411815182345949 -0.00014330056209688657 -0.0011341167875880461 0.00080422373862692976 0.00014682138372134888 0.00029580306609226672
leaf_weight=2448 943 133 229 136 398 125 162 411 1760 235
leaf_count=2448 943 133 229 136 398 125 162 411 1760 235
internal_value=0.000349857 0.00110036 -0.00167882 -0.00528716 0.00136117 -0.00370247 -0.00079142 -0.000429544 0.000561142 0.00200009
internal_weight=6980 5099 1881 365 4841 258 1516 1354 2158 2683
internal_count=6980 5099 1881 365 4841 258 1516 1354 2158 2683
is_linear=0
shrinkage=0.025


Tree=33
num_leaves=12
num_cat=0
split_feature=49 9 35 49 36 45 48 40 5 9 44
split_gain=15.1136 8.56079 7.44248 3.45404 3.00556 3.14193 2.76472 2.55224 2.25053 1.66917 1.30096
threshold=44.45000076293946 0.035111064091324813 0.30503411591053015 13.34500026702881 0.18612703680992129 0.50531914830207836 0.43892149627208715 0.94253125786781322 1.4527329206466677 0.031692605465650565 0.023031162098050121
decision_type=10 2 2 10 2 2 2 2 2 2 2
left_child=2 4 8 7 5 -2 -6 -4 10 -5 -1
right_child=1 -3 3 9 6 -7 -8 -9 -10 -11 -12
leaf_value=0.0045863385047973017 -0.0010485894869212773 -0.0041129853682546217 -0.0026342671479131583 0.0018288447118608312 -0.0020331334990063162 0.00052017721671130822 -0.00046341580415905879 -0.00050113890643652755 -0.0019615258727497128 -0.0006142027762639315 0.0023263793421996414
leaf_weight=2036 549 120 279 529 279 598 340 290 124 427 1451
leaf_count=2036 549 120 279 529 279 598 340 290 124 427 1451
internal_value=0.000295112 -0.00161489 0.00099859 -0.000461601 -0.00115966 -0.00039171 -0.00255809 -0.00199695 0.00161677 0.000451353 0.00173575
internal_weight=7022 1886 5136 1525 1766 1147 619 569 3611 956 3487
internal_count=7022 1886 5136 1525 1766 1147 619 569 3611 956 3487
is_linear=0
shrinkage=0.025


Tree=34
num_leaves=11
num_cat=0
split_feature=49 9 43 41 44 34 36 41 4 30
split_gain=14.4204 10.1917 9.03447 3.98036 3.7262 3.90465 3.31764 4.41761 3.29574 1.41501
threshold=44.45000076293946 0.033937787637114532 0.50578120350837719 0.40015812218189245 0.023157813586294655 0.13401712477207187 0.18612703680992129 0.5744822919368745 -0.14884629100561139 -1.1160396337509153
decision_type=10 2 2 2 2 2 2 2 2 2
left_child=2 6 4 -4 9 -6 8 -8 -2 -1
right_child=1 -3 3 -5 5 -7 7 -9 -10 -11
leaf_value=-0.00043509464677327379 -0.0011640471599884438 -0.0044962337869464478 -0.0044894014063159042 -0.00033586855305240792 0.0018002021155952702 -0.0012968023879941742 -0.0023084750301138848 -1.4556573555869297e-05 0.00013665812584252938 0.0036500819540456111
leaf_weight=130 260 120 126 126 1530 696 348 262 903 2500
leaf_count=130 260 120 126 126 1530 696 348 262 903 2500
internal_value=0.000220704 -0.00163923 0.000912136 -0.00365272 0.00115383 0.000396123 -0.00114525 -0.00263211 -0.000352098 0.0017908
internal_weight=7001 1893 5108 252 4856 2226 1773 610 1163 2630
internal_count=7001 1893 5108 252 4856 2226 1773 610 1163 2630
is_linear=0
shrinkage=0.025


Tree=35
num_leaves=10
num_cat=0
split_feature=49 43 9 36 49 41 38 17 13
split_gain=13.1682 7.98025 6.9275 3.55617 2.69854 2.56918 2.46392 2.68726 0.741081
threshold=44.45000076293946 0.59175455570220958 0.034393457695841796 0.62088850140571605 28.364999771118168 0.50133666396141063 -0.14440827816724774 0.10656587406992914 -0.32092733681201929
decision_type=10 2 2 2 8 2 2 2 2
left_child=1 3 6 4 -1 -5 8 -8 -2
right_child=2 -3 -4 5 -6 -7 7 -9 -10
leaf_value=0.0046004398746285619 -0.00016043326919963746 -0.0038231591351081586 -0.003995762694836172 -0.0024668525455415267 0.0012235250228438742 0.00053649946018449854 -0.0017660612124988377 -0.00058107415602130579 0.0013772887633448853
leaf_weight=2273 124 182 120 235 2063 374 224 1261 180
leaf_count=2273 124 182 120 235 2063 374 224 1261 180
internal_value=0.0003208 0.000981343 -0.00144788 0.00117298 0.0014245 -0.000604642 -0.00104306 -0.00146393 0.00098301
internal_weight=7036 5127 1909 4945 4336 609 1789 1485 304
internal_count=7036 5127 1909 4945 4336 609 1789 1485 304
is_linear=0
shrinkage=0.025


Tree=36
num_leaves=13
num_cat=0
split_feature=49 43 44 44 46 40 35 18 12 49 41 44
split_gain=13.9447 7.12577 6.09078 4.34047 4.224 4.05599 3.93776 2.57772 2.44593 1.57523 1.22766 1.14399
threshold=44.45000076293946 0.50578120350837719 0.022844941355288032 0.031181124038994316 0.22909024357795718 1.0566971302032473 0.29476310312747961 -0.013635370414704083 -0.17585466057062146 13.34500026702881 0.52626350522041332 0.022482952103018764
decision_type=10 2 2 2 2 2 2 2 2 10 2 2
left_child=1 6 4 -3 7 8 11 -2 -4 -8 -6 -1
right_child=2 3 5 -5 10 -7 9 -9 -10 -11 -12 -13
leaf_value=0.0044487822717080216 -0.00022465768514478361 0.00025733191337650054 6.5677259686089393e-05 -0.0039096039859835069 -0.00050415887140455213 -0.0026327734221397504 -0.00089788501578624705 -0.0013347160446681109 -0.0026317342194956037 0.00081590113970178709 0.00012799734366277459 0.0025558678853612044
leaf_weight=1853 127 121 125 133 251 121 540 164 212 986 899 1478
leaf_count=1853 127 121 125 133 251 121 540 164 212 986 899 1478
internal_value=0.000330542 0.0010108 -0.00149488 -0.00302606 -0.000685512 -0.00399298 0.00122609 -0.00334882 -0.00248903 0.000169007 0 0.00170751
internal_weight=7010 5111 1899 254 1441 458 4857 291 337 1526 1150 3331
internal_count=7010 5111 1899 254 1441 458 4857 291 337 1526 1150 3331
is_linear=0
shrinkage=0.025


Tree=37
num_leaves=12
num_cat=0
split_feature=49 35 29 50 17 9 2 44 49 9 44
split_gain=11.4455 6.2339 6.20182 2.89422 2.38041 2.35035 2.15228 2.07183 3.10579 0.840405 0.547199
threshold=45.494998931884773 0.29476310312747961 0.085442896932363524 -1.0349999666213987 -0.038498533889651292 0.028934516012668613 0.062747776508331313 0.026974110864102844 30.645000457763675 0.031450236216187484 0.02272589132189751
decision_type=10 2 2 10 2 2 2 2 8 2 2
left_child=1 7 4 9 -2 -5 -6 10 -9 -3 -1
right_child=2 3 -4 5 6 -7 -8 8 -10 -11 -12
leaf_value=0.0040733029927518512 -0.00113175000917169 -0.0011214378224479139 -0.0040233374249482859 0.0029655838038075153 3.8580794858563097e-05 -0.00053456615173076011 -0.0011342067575244772 0.0025681286934398813 -0.0012859392544446622 -0.0022956680555044984 0.0030624903704274567
leaf_weight=1961 219 202 140 443 970 866 471 435 244 132 895
leaf_count=1961 219 202 140 443 970 866 471 435 244 132 895
internal_value=0.000345661 0.000943228 -0.00136773 -0.000325394 -0.000927177 0.000202626 -0.000547199 0.00153425 0.000279605 -0.00238569 0.00182934
internal_weight=6978 5178 1800 1643 1660 1309 1441 3535 679 334 2856
internal_count=6978 5178 1800 1643 1660 1309 1441 3535 679 334 2856
is_linear=0
shrinkage=0.025


Tree=38
num_leaves=12
num_cat=0
split_feature=49 9 17 35 29 50 46 18 41 23 49
split_gain=11.7032 5.61312 5.52995 4.40041 3.88813 2.66869 2.32733 2.80511 2.17261 1.49992 1.08413
threshold=44.45000076293946 0.028224428184330467 1.5275392532348635 0.29476310312747961 0.074127294123172774 -1.2300000190734861 0.26724137365818029 -0.022677135653793808 0.51951718330383312 0.18233354389667514 30.645000457763675
decision_type=10 2 2 2 2 10 2 2 2 2 8
left_child=2 6 3 10 9 -5 7 -2 -8 -3 -1
right_child=1 4 -4 5 -6 -7 8 -9 -10 -11 -12
leaf_value=0.0047219850398816697 0.00019365069508742164 -0.0016879882181408173 -0.0037718419981658917 -0.001431452641369559 -0.004212051290463161 0.00042244698415303531 -0.00091209025733759866 -0.0015800677666411881 0.00016426245245124472 -0.00043577398079285294 0.0021334815178279468
leaf_weight=1789 125 120 149 293 120 1252 307 212 857 126 1573
leaf_count=1789 125 120 149 293 120 1252 307 212 857 126 1573
internal_value=0.00032495 -0.00136285 0.000950158 0.00109655 -0.00412062 -4.03217e-06 -0.000674801 -0.00248903 -0.0001358 -0.00220618 0.00160343
internal_weight=6923 1867 5056 4907 366 1545 1501 337 1164 246 3362
internal_count=6923 1867 5056 4907 366 1545 1501 337 1164 246 3362
is_linear=0
shrinkage=0.025


Tree=39
num_leaves=12
num_cat=0
split_feature=49 43 44 44 44 38 19 19 9 46 44
split_gain=10.3276 6.87161 4.91 4.72887 3.71656 3.16076 2.81435 2.59763 2.81436 2.18014 1.23217
threshold=48.564998626708991 0.50578120350837719 0.031181124038994316 0.023545217700302604 0.023157813586294655 -0.10749936103820799 0.0054857421200722465 0.08780312538146974 0.023732701316475872 0.22909024357795718 0.013485527597367765
decision_type=10 2 2 2 2 2 2 2 2 2 2
left_child=1 4 -3 7 10 -6 -5 9 -9 -2 -1
right_child=3 2 -4 6 5 -7 -8 8 -10 -11 -12
leaf_value=-0.00036442272758854376 -0.00091995277319616327 0.00029787879977770138 -0.0038764760617194388 -0.0010508436979179152 0.0031034370165240271 -0.00036545036763115904 -0.0035034423993133509 -0.002175902447654515 -0.00017506694508666852 0.00022701186719993298 0.0025784235041830003
leaf_weight=157 216 126 135 164 672 1644 164 127 120 702 2765
leaf_count=157 216 126 135 164 672 1644 164 127 120 702 2765
internal_value=0.000346399 0.000847793 -0.00306861 -0.00149282 0.00104687 0.000294593 -0.00412538 -0.000731837 -0.00298115 -0.000106988 0.00163948
internal_weight=6992 5499 261 1493 5238 2316 328 1165 247 918 2922
internal_count=6992 5499 261 1493 5238 2316 328 1165 247 918 2922
is_linear=0
shrinkage=0.025


Tree=40
num_leaves=10
num_cat=0
split_feature=49 4 9 35 11 36 41 46 4
split_gain=11.2468 6.16366 5.81646 4.79116 3.39417 2.34963 4.01854 1.74762 1.16
threshold=44.45000076293946 1.0901712179183962 0.034393457695841796 0.23045801371335986 0.020119541324675087 0.2713152170181275 0.60075339674949657 0.29548789560794836 0.69551572203636181
decision_type=10 2 2 2 2 2 2 2 2
left_child=1 3 5 8 -5 7 -7 -2 -1
right_child=2 -3 -4 4 -6 6 -8 -9 -10
leaf_value=0.0041925144451610795 -0.00088578641756536689 -0.0029227096039325874 -0.0038494838447658123 0.0008198283035472586 -0.0011681871196223691 -0.0021981482488982575 0.00056337367592366235 1.8345165062707529e-05 0.00068577463817496665
leaf_weight=2478 377 138 124 1541 654 260 123 1014 291
leaf_count=2478 377 138 124 1541 654 260 123 1014 291
internal_value=0.000313169 0.000924956 -0.0013262 0.0010724 0.000196023 -0.000946459 -0.00267075 -0.000459348 0.00176325
internal_weight=7000 5102 1898 4964 2195 1774 383 1391 2769
internal_count=7000 5102 1898 4964 2195 1774 383 1391 2769
is_linear=0
shrinkage=0.025


Tree=41
num_leaves=14
num_cat=0
split_feature=49 44 44 36 38 46 29 30 24 18 4 30 35
split_gain=10.0045 7.01685 5.87426 5.37184 3.52984 3.47542 3.26501 2.22319 1.75284 1.58745 1.54396 1.27632 0.471969
threshold=44.45000076293946 0.023031162098050121 0.0235909428447485 0.49205809831619268 -0.051632061600685113 0.26724137365818029 0.071272861212492003 0.12481408938765527 42.925365447998054 -0.020004542544484135 0.77479371428489696 -1.1160396337509153 0.23045801371335986
decision_type=10 2 2 2 2 2 2 2 2 2 2 2 2
left_child=1 11 5 10 -5 9 7 -4 -7 -2 -3 -1 -13
right_child=2 3 6 4 -6 8 -8 -9 -10 -11 -12 12 -14
leaf_value=-0.00048005121472445594 -0.00039195639439401717 0.0022926880979981449 9.3650516638836028e-05 0.00065824847132979307 -0.0025978085351100917 0.00022767277216241821 -0.0040490372065929659 -0.0016654356718870948 -0.0013916453220316205 -0.0012301258991677081 -0.0010592734529616581 0.0044319657013914002 0.0018137317702350414
leaf_weight=127 132 1341 132 317 608 998 146 127 126 202 184 1560 984
leaf_count=127 132 1341 132 317 608 998 146 127 126 202 184 1560 984
internal_value=0.000354665 0.000925917 -0.00121052 -3.81873e-05 -0.00153898 -0.000460526 -0.00385671 -0.00206913 0.000202613 -0.00268068 0.000870098 0.00181101 0.0019336
internal_weight=6984 5121 1863 2450 925 1458 405 259 1124 334 1525 2671 2544
internal_count=6984 5121 1863 2450 925 1458 405 259 1124 334 1525 2671 2544
is_linear=0
shrinkage=0.025


Tree=42
num_leaves=8
num_cat=0
split_feature=46 44 34 4 11 11 12
split_gain=7.13669 3.68647 3.61551 3.38447 2.30902 2.04777 1.24892
threshold=0.99137932062149059 0.023903186433017257 0.0021436719689518218 -0.28287929296493525 0.028790251351892952 0.012932664249092342 -0.12041696161031722
decision_type=2 2 2 2 2 2 2
left_child=1 3 6 -1 -4 -5 -3
right_child=-2 2 4 5 -6 -7 -8
leaf_value=-0.0012486203905751191 -0.0036137457526487326 0.0018383327532827663 -0.0012368089138605055 -0.00027325509810428422 0.0021488040430550515 0.0011636679109525449 -0.00047337406767710718
leaf_weight=126 129 581 1416 578 157 3734 283
leaf_count=126 129 581 1416 578 157 3734 283
internal_value=0.000328685 0.000440589 -0.00033835 0.000869626 -0.00105276 0.000989982 0.000953682
internal_weight=7004 6875 2437 4438 1573 4312 864
internal_count=7004 6875 2437 4438 1573 4312 864
is_linear=0
shrinkage=0.025


Tree=43
num_leaves=10
num_cat=0
split_feature=49 43 9 36 38 49 36 43 40
split_gain=11.7351 6.01871 5.71938 3.05602 2.01198 1.97692 1.82609 2.10299 1.9962
threshold=44.45000076293946 0.52203878760337841 0.034393457695841796 0.52331241965293895 -0.048758950084447854 25.149999618530277 0.17881379276514056 -0.21952176094055173 0.99488943815231334
decision_type=10 2 2 2 2 8 2 2 2
left_child=1 3 6 5 -5 -1 7 -2 -8
right_child=2 -3 -4 4 -6 -7 8 -9 -10
leaf_value=0.0042985226008715686 -0.0011111231745740179 -0.00228466679443786 -0.0035113062547526535 0.0016700397960068515 -0.0010745875467789772 0.0014448117902944478 -0.0016298042914902784 4.8321850058467132e-05 -5.5129723063906499e-05
leaf_weight=1933 173 229 124 453 668 1810 389 954 243
leaf_count=1933 173 229 124 453 668 1810 389 954 243
internal_value=0.000312813 0.000936887 -0.00136984 0.00112523 -1.44315e-05 0.00146778 -0.000989938 -0.000376546 -0.0020624
internal_weight=6976 5093 1883 4864 1121 3743 1759 1127 632
internal_count=6976 5093 1883 4864 1121 3743 1759 1127 632
is_linear=0
shrinkage=0.025


Tree=44
num_leaves=11
num_cat=0
split_feature=49 4 44 35 31 17 2 49 44 42
split_gain=8.5978 6.89138 6.38737 5.04957 2.63251 2.24119 2.17549 1.85389 1.49682 1.42905
threshold=44.45000076293946 1.0901712179183962 0.023472134955227378 0.29476310312747961 0.80797347426414501 -0.053014498203992837 0.062747776508331313 13.34500026702881 0.023031162098050121 -0.022032147273421284
decision_type=10 2 2 2 2 2 2 10 2 2
left_child=1 3 5 8 -4 -2 -7 -5 -1 -6
right_child=2 -3 4 7 9 6 -8 -9 -10 -11
leaf_value=0.0038381824911477604 -0.00087873919108742379 -0.003415055655760882 -0.00024093727628018218 -0.0010539675067310253 -0.0014020239376295526 0.00043105393638953599 -0.00050275111249871072 0.00058369148164330847 0.0017496055901791822 -0.0036347326399790896
leaf_weight=2051 176 132 134 552 134 817 488 991 1401 158
leaf_count=2051 176 132 134 552 134 817 488 991 1401 158
internal_value=0.000330835 0.000864429 -0.00109898 0.00101625 -0.003779 -0.000313762 4.2939e-05 -0.000168766 0.00154722 -0.0050968
internal_weight=7034 5127 1907 4995 426 1481 1305 1543 3452 292
internal_count=7034 5127 1907 4995 426 1481 1305 1543 3452 292
is_linear=0
shrinkage=0.025


Tree=45
num_leaves=12
num_cat=0
split_feature=49 44 43 41 35 53 20 34 4 23 32
split_gain=9.22032 6.80886 6.37543 3.86193 3.85475 3.42424 2.19903 2.10714 2.03293 1.78772 0.869903
threshold=44.45000076293946 0.025725956074893478 0.50578120350837719 0.39596173167228704 0.23045801371335986 0.82586529850959789 0.1920096427202225 0.009135467931628229 0.77479371428489696 0.23874809592962268 1.0943288803100588
decision_type=10 2 2 2 2 8 2 2 2 2 2
left_child=2 7 4 -4 8 -6 -3 10 -1 -9 -2
right_child=1 6 3 -5 5 -7 -8 9 -10 -11 -12
leaf_value=0.0037342956237875475 0.00032819968907545592 -0.0014148049971717145 -0.0037833541465474478 0.00021926864957987676 0.004914473420446268 -0.00016025255126839432 -0.0034164557501606633 -0.00038917321059306863 -0.0012133532923525149 -0.0021437808316260871 -0.00071297041219240548
leaf_weight=2537 598 140 121 132 479 1701 120 770 129 140 142
leaf_count=2537 598 140 121 132 479 1701 120 770 129 140 142
internal_value=0.00031954 -0.00115862 0.000875049 -0.00295058 0.0010789 0.000294623 -0.00488208 -0.000555136 0.00171612 -0.00135929 0.000427852
internal_weight=7009 1910 5099 253 4846 2180 260 1650 2666 910 740
internal_count=7009 1910 5099 253 4846 2180 260 1650 2666 910 740
is_linear=0
shrinkage=0.025


Tree=46
num_leaves=9
num_cat=0
split_feature=49 31 9 44 11 31 45 30
split_gain=8.7501 6.35162 5.2462 3.34204 3.92859 2.31355 2.0261 1.12335
threshold=44.45000076293946 3.8688563108444218 0.034393457695841796 0.023157813586294655 0.025255788117647174 2.322561621665955 0.65737342834472667 -1.1160396337509153
decision_type=10 2 2 2 2 2 2 2
left_child=1 3 5 7 -5 6 -2 -1
right_child=2 -3 -4 4 -6 -7 -8 -9
leaf_value=-0.00044038317278444292 -0.00069267370848300109 -0.0031354901854213631 -0.0032435039546665173 -0.0003270926234519471 0.0028255665092609301 -0.0012778458398886073 0.00049363854787857705 0.0029340680734895701
leaf_weight=126 1108 203 121 1630 630 138 495 2493
leaf_count=126 1108 203 121 1630 630 138 495 2493
internal_value=0.000317132 0.000854875 -0.00114555 0.00103732 0.000328367 -0.000782503 -0.000504509 0.00164491
internal_weight=6944 5082 1862 4879 2260 1741 1603 2619
internal_count=6944 5082 1862 4879 2260 1741 1603 2619
is_linear=0
shrinkage=0.025


Tree=47
num_leaves=8
num_cat=0
split_feature=46 44 12 4 13 16 11
split_gain=5.91295 3.39459 3.78639 2.55289 2.26354 1.59212 1.05313
threshold=0.99137932062149059 0.024044038727879528 -0.19919898360967633 -0.28287929296493525 -0.22090277075767514 0.020040947012603286 0.024211827665567402
decision_type=2 2 2 2 2 2 2
left_child=1 3 6 -1 -4 -5 -3
right_child=-2 2 4 5 -6 -7 -8
leaf_value=-0.00094721161880089171 -0.0033319929649181321 -0.00027373298128466637 -0.0022025588633059665 0.0002199505046655941 -0.00073682142383908527 0.0013471809686139047 0.0027307422117817193
leaf_weight=131 123 145 169 1472 1672 2858 374
leaf_count=131 123 145 169 1472 1672 2858 374
internal_value=0.000349511 0.000449934 -0.000314482 0.000855632 -0.000848456 0.000961649 0.00155773
internal_weight=6944 6821 2360 4461 1841 4330 519
internal_count=6944 6821 2360 4461 1841 4330 519
is_linear=0
shrinkage=0.025


Tree=48
num_leaves=11
num_cat=0
split_feature=49 29 4 41 5 34 40 53 38 37
split_gain=9.46869 5.31216 4.77771 3.19063 2.41835 2.09058 1.81097 2.6515 1.66683 1.57066
threshold=44.45000076293946 0.079821523278951659 0.77479371428489696 0.39596173167228704 1.0095838904380801 0.20189216732978824 1.0965866446495058 1.0303152203559878 -0.063416775315999971 0.016552441753447059
decision_type=10 2 2 2 2 2 2 10 2 2
left_child=2 6 5 -4 -5 9 7 -2 -8 -1
right_child=1 -3 3 4 -6 -7 8 -9 -10 -11
leaf_value=0.0038483675508409233 0.00042764430072454149 -0.003226072124433323 -0.0029941230487431055 -0.0023693965079101924 0.0017117803476157164 -0.001224325948741764 -0.0016215764528813743 -0.00087600748998876434 -3.4879451623842479e-05 0.0011962332626971801
leaf_weight=1721 700 185 186 163 326 163 192 681 142 2550
leaf_count=1721 700 185 186 163 326 163 192 681 142 2550
internal_value=0.000312411 -0.00119094 0.000873338 -0.00107537 0 0.00117228 -0.000744913 -0.0003364 -0.00238569 0.00127953
internal_weight=7009 1900 5109 675 489 4434 1715 1381 334 4271
internal_count=7009 1900 5109 675 489 4434 1715 1381 334 4271
is_linear=0
shrinkage=0.025


Tree=49
num_leaves=12
num_cat=0
split_feature=49 29 35 53 4 36 39 11 48 52 5
split_gain=8.41799 5.71608 5.22764 4.18557 2.30708 2.22679 3.51475 1.95798 1.71549 0.61691 0.0911158
threshold=44.45000076293946 0.084591787308454527 0.23045801371335986 0.78934937715530407 0.77479371428489696 0.18612703680992129 0.89059484004974376 0.020119541324675087 0.67663240432739269 -7.069999933242797 0.94753310084342968
decision_type=10 2 2 8 2 2 2 2 2 8 2
left_child=2 5 4 10 9 8 -7 -5 -2 -1 -4
right_child=1 -3 3 7 -6 6 -8 -9 -10 -11 -12
leaf_value=0.00038331140787542745 0.00018638854555034747 -0.0033390935630864382 0.0050964332925412682 5.100840306071896e-05 -0.00078596842930575095 -0.0019947796396377559 -9.2307323765472896e-05 -0.0011579713527628791 -0.0010348910037052603 0.0037052066117102276 0.0033451936178362017
leaf_weight=123 820 143 315 1205 222 247 349 679 322 2469 120
leaf_count=123 820 143 315 1205 222 247 349 679 322 2469 120
internal_value=0.000331778 -0.00109557 0.000856608 -1.99009e-05 0.0015799 -0.000687751 -0.00191972 -0.000534013 -3.37837e-05 0.00179005 0.0021733
internal_weight=7014 1881 5133 2319 2814 1738 596 1884 1142 2592 435
internal_count=7014 1881 5133 2319 2814 1738 596 1884 1142 2592 435
is_linear=0
shrinkage=0.025


Tree=50
num_leaves=15
num_cat=0
split_feature=49 44 39 34 31 44 37 46 49 25 42 10 3 20
split_gain=5.90176 6.18338 7.25919 5.5867 5.33874 3.17837 2.80258 2.25731 2.15022 2.10767 1.87034 1.67455 1.04594 0.345931
threshold=30.645000457763675 0.023472134955227378 1.189099967479706 0.11639954522252084 2.7314565181732182 0.02742757368832827 0.012012058403342964 0.26724137365818029 1.0000000180025095e-35 6.1534354686737069 0.10455545410513879 0.031229816377162937 0.29792116582393652 0.77177995443344127
decision_type=10 2 2 2 2 2 2 2 10 2 2 2 2 2
left_child=3 7 10 8 6 -6 -5 9 11 -2 -3 -1 -9 -10
right_child=1 2 -4 4 5 -7 -8 12 13 -11 -12 -13 -14 -15
leaf_value=0.00210082870591053 -5.2317946044021585e-05 -0.00067293162123979592 -0.0035347667663854563 0.0041161881332612846 -0.00014817597776743002 -0.0042899361514480974 -0.00029022776959233322 0.00044045704966037808 0.0045741273286023241 -0.002837105034783515 -0.001935549739560533 -0.0010730083676236712 -0.00052456148090651144 0.00085629187979934071
leaf_weight=652 303 505 125 413 120 127 1103 1353 1598 129 120 121 171 139
leaf_count=652 303 505 125 413 120 127 1103 1353 1598 129 120 121 171 139
internal_value=0.000292275 -0.000619236 -0.00254139 0.000871026 -0.000204327 -0.00357639 0.000350921 0.000119199 0.00162773 -0.00146167 -0.00139881 0.000515746 0.000574722 0.0021161
internal_weight=6979 2706 750 4273 1763 247 1516 1956 2510 432 625 773 1524 1737
internal_count=6979 2706 750 4273 1763 247 1516 1956 2510 432 625 773 1524 1737
is_linear=0
shrinkage=0.025


Tree=51
num_leaves=14
num_cat=0
split_feature=49 44 35 46 53 46 40 25 45 35 5 9 43
split_gain=8.57926 5.82707 5.59872 4.79351 3.47169 3.15295 1.8991 1.65322 1.34607 1.3565 1.20944 0.980269 0.435389
threshold=43.470001220703132 0.025725956074893478 0.2263690382242203 0.67663240432739269 0.82586529850959789 0.26724137365818029 0.98385545611381542 5.0322518348693857 0.8479457199573518 0.055637720972299583 1.1112058758735659 0.030496338382363323 -0.37918730080127711
decision_type=10 2 2 2 8 2 2 2 2 2 2 2 2
left_child=2 5 8 -3 11 7 -6 -2 12 -10 -7 -4 -1
right_child=1 3 4 -5 6 10 -8 -9 9 -11 -12 -13 -14
leaf_value=0.0015709722098950355 -0.00053482893236721511 -0.00088650355675728423 0.0052702412274684635 -0.0031624523943486354 -0.0010477367549175446 7.2081071702024245e-05 0.0003188694719052215 -0.0024130481067379051 0.0021186457433001724 -0.0012104817051248929 -0.00086975765488254942 -0.00028143572231550127 0.0037390416712007935
leaf_weight=140 235 131 391 128 983 1163 826 139 253 218 130 121 2112
leaf_count=140 235 131 391 128 983 1163 826 139 253 218 130 121 2112
internal_value=0.000339606 -0.00107651 0.000882105 -0.00453125 -1.77342e-05 -0.000524073 -0.000535419 -0.00252968 0.00165002 0.00041229 5.87443e-05 0.00178675 0.00190463
internal_weight=6970 1926 5044 259 2321 1667 1809 374 2723 471 1293 512 2252
internal_count=6970 1926 5044 259 2321 1667 1809 374 2723 471 1293 512 2252
is_linear=0
shrinkage=0.025


Tree=52
num_leaves=15
num_cat=0
split_feature=49 34 17 40 40 20 46 40 29 53 50 49 35 4
split_gain=8.20058 4.91295 5.01788 6.41437 4.2646 7.02065 4.66431 3.27266 2.97513 2.42013 2.39871 1.32465 2.31375 0.504718
threshold=30.645000457763675 0.11639954522252084 0.92967835068702709 0.97616371512413036 1.0965866446495058 0.21046661585569384 0.27622890472412115 0.93676692247390758 0.079821523278951659 0.76023399829864513 -0.35500000417232508 1.0000000180025095e-35 0.24557013064622882 0.82702279090881359
decision_type=10 2 2 2 2 2 2 2 2 10 8 10 2 2
left_child=1 11 10 -4 6 9 7 -2 -8 -6 -3 12 -1 -13
right_child=4 2 3 -5 5 -7 8 -9 -10 -11 -12 13 -14 -15
leaf_value=0.0023908187605737098 -0.00017183881647717415 -0.001476776650694663 -0.0034215755174428716 0.0017352792612613096 -0.0016405576143792488 -0.0037929694530633926 0.00040761477196990233 -0.0030052957207481676 -0.0012836088988827689 0.00019244027174772466 0.0014026444085384771 0.0050382059640782569 -0.0010751371561506975 0.00087283975125780969
leaf_weight=639 244 144 261 162 132 127 1489 240 241 258 1200 1558 132 178
leaf_count=639 244 144 261 162 132 127 1489 240 241 258 1200 1558 132 178
internal_value=0.000321862 0.00100578 -7.05325e-07 -0.00236273 -0.000746071 -0.00278017 -0.000263069 -0.00242076 0.000342219 -0.00106013 0.00074407 0.00171626 0.000832796 0.00210152
internal_weight=7005 4274 1767 423 2731 517 2214 484 1730 390 1344 2507 771 1736
internal_count=7005 4274 1767 423 2731 517 2214 484 1730 390 1344 2507 771 1736
is_linear=0
shrinkage=0.025


Tree=53
num_leaves=10
num_cat=0
split_feature=44 12 17 4 13 16 35 35 11
split_gain=4.59899 4.67284 4.91964 2.24823 2.18868 1.46578 2.05767 1.11701 0.565484
threshold=0.024044038727879528 -0.21622040867805478 1.4652791619300845 -0.28287929296493525 -0.23636761307716367 0.020040947012603286 0.13236441463232043 0.29476310312747961 0.025155754759907726
decision_type=2 2 2 2 2 2 2 2 2
left_child=3 8 4 -1 -3 6 -5 -7 -2
right_child=1 2 -4 5 -6 7 -8 -9 -10
leaf_value=-0.0010027595146953551 0.00051477248986195356 -0.0022553781381526748 -0.0036872789232918913 0.00090956736686126187 -0.0005251026582146996 0.0016469436922311835 -0.00062959306130654633 0.00034221095632682585 0.0023741877640213807
leaf_weight=130 122 170 122 946 1744 2273 528 667 344
leaf_count=130 122 170 122 946 1744 2273 528 667 344
internal_value=0.000334527 -0.000524033 -0.00104299 0.000808694 -0.000721079 0.000906031 0.000256085 0.00122878 0.00171709
internal_weight=7046 2502 2036 4544 1914 4414 1474 2940 466
internal_count=7046 2502 2036 4544 1914 4414 1474 2940 466
is_linear=0
shrinkage=0.025


Tree=54
num_leaves=13
num_cat=0
split_feature=49 44 12 44 46 5 46 30 30 12 46 9
split_gain=7.55877 5.03388 3.36945 3.03048 2.89869 2.66617 2.11937 1.61013 1.45059 1.20686 1.12653 0.541569
threshold=48.564998626708991 0.024255166761577133 -0.17320311814546582 0.021448262967169288 0.69589141011238109 1.5245129466056826 0.22909024357795718 0.12481408938765527 -1.1160396337509153 -0.0099662137217819673 0.48606015741825109 0.03461569361388684
decision_type=10 2 2 2 2 2 2 2 2 2 2 2
left_child=1 8 11 6 7 -4 -2 -5 -1 -8 -10 -3
right_child=3 2 5 4 -6 -7 9 -9 10 -11 -12 -13
leaf_value=-0.00099436697902674162 -0.00079279832682410982 0.0002303913300140026 -0.00059299359278283063 0.00072141663886641236 -0.002271068781373039 -0.0035759659905463849 0.00029510957402154709 -0.001484905349940076 0.0014882155933234392 -0.00088396449590519678 0.002508774704280313 0.0016935863782536317
leaf_weight=136 197 120 1454 124 217 122 687 142 1643 136 1585 438
leaf_count=136 197 120 1454 124 217 122 687 142 1643 136 1585 438
internal_value=0.000349165 0.000779348 -0.000167718 -0.00121767 -0.00284068 -0.000761385 -0.000432927 -0.0010286 0.00138134 0.000122283 0.00148894 0.00148979
internal_weight=7001 5498 2134 1503 483 1576 1020 266 3364 823 3228 558
internal_count=7001 5498 2134 1503 483 1576 1020 266 3364 823 3228 558
is_linear=0
shrinkage=0.025


Tree=55
num_leaves=14
num_cat=0
split_feature=49 35 11 49 44 31 36 16 5 49 17 7 29
split_gain=6.72475 4.33252 4.8261 3.05197 3.05036 2.41525 2.0602 1.22998 1.0832 0.820595 1.06661 0.53161 0.14928
threshold=48.564998626708991 0.13120382279157641 0.020119541324675087 25.909999847412113 0.02272589132189751 0.9356709122657777 0.53569704294204723 0.021037297323346141 -0.013641276396811007 25.149999618530277 0.35318402945995336 0.0073000828269869098 0.066707368940114989
decision_type=10 2 2 10 2 2 2 2 2 10 2 2 2
left_child=1 9 6 -4 7 -6 -3 8 -2 12 -11 -9 -1
right_child=4 2 3 -5 5 -7 -8 11 -10 10 -12 -13 -14
leaf_value=0.0059268058732612969 -0.00091352497147227153 0.0016418492038135554 -0.00062753826314121907 -0.002726234056360269 -0.00053474641561801245 -0.0019736822340744517 -0.00048444139580306053 -6.2014456582325583e-05 -0.00017876634310200133 -0.00015740518354125869 0.0021476706442536092 0.00087144372412967328 0.0030361126410931097
leaf_weight=646 154 1760 975 159 162 208 601 213 568 237 641 187 548
leaf_count=646 154 1760 975 159 162 208 601 213 568 237 641 187 548
internal_value=0.000391598 0.000791682 0.000251786 -0.00108319 -0.00109469 -0.00305 0.000896555 -0.000433673 -0.00105055 0.00169656 0.00109145 0.00066358 0.0021299
internal_weight=7059 5567 3495 1134 1492 370 2361 1122 722 2072 878 400 1194
internal_count=7059 5567 3495 1134 1492 370 2361 1122 722 2072 878 400 1194
is_linear=0
shrinkage=0.025


Tree=56
num_leaves=15
num_cat=0
split_feature=49 44 40 20 34 44 25 34 35 49 54 30 49 31
split_gain=7.46187 4.82234 5.32743 4.28578 4.41941 3.22776 3.02192 1.90671 1.7851 2.49391 1.56656 0.803416 0.455694 0.163488
threshold=31.135000228881839 0.02272589132189751 1.1085010766983034 0.54330682754516613 0.13401712477207187 0.031438833102583892 6.4885799884796151 0.0066932826302945623 0.15908209979534152 13.34500026702881 0.023500000126659874 -0.41758653521537775 11.784999847412111 2.2049214839935307
decision_type=10 2 2 2 2 2 2 2 2 10 10 2 10 2
left_child=3 7 6 8 12 -6 -3 11 13 -10 -9 -2 -5 -1
right_child=1 2 -4 4 5 -7 -8 10 9 -11 -12 -13 -14 -15
leaf_value=0.0039843725411793469 -0.00030774500199694992 -7.2131284867411579e-06 -0.0033187172151876252 4.2680188736192159e-05 -0.00092825934630401711 -0.0044227847345817729 -0.002304207418752654 -0.00095203861337007196 -0.00015344036399183222 0.0023894386099852774 -6.598361236164816e-05 0.00087691109972834111 0.0021602341548864284 0.0030054241330975395
leaf_weight=1270 120 417 129 150 399 133 303 290 723 1121 729 706 386 130
leaf_count=1270 120 417 129 150 399 133 303 290 723 1121 729 706 386 130
internal_value=0.000304343 -0.000725732 -0.00227898 0.000949444 -0.00041822 -0.00202747 -0.00140517 -3.37829e-06 0.00140159 0.000880882 -0.00072876 0.000882972 0.00117144 0.0020774
internal_weight=7006 2694 849 4312 1068 532 720 1845 3244 1844 1019 826 536 1400
internal_count=7006 2694 849 4312 1068 532 720 1845 3244 1844 1019 826 536 1400
is_linear=0
shrinkage=0.025


Tree=57
num_leaves=9
num_cat=0
split_feature=49 31 8 35 53 31 45 4
split_gain=6.83518 4.71062 3.851 3.72237 4.24208 1.94193 1.59223 1.35173
threshold=45.494998931884773 3.8688563108444218 0.033182276412844665 0.2263690382242203 0.78934937715530407 2.322561621665955 0.65737342834472667 0.77479371428489696
decision_type=10 2 2 2 8 2 2 2
left_child=1 3 5 7 -5 6 -2 -1
right_child=2 -3 -4 4 -6 -7 -8 -9
leaf_value=0.0031338242649048506 -0.00044157940399989468 -0.0024006071220327944 -0.0024774184808584025 0.0042093017405090121 -0.00028097245446596328 -0.0012187568701847505 0.00044616277316152368 -0.00065310680424812044
leaf_weight=2645 1056 205 141 420 1766 128 484 178
leaf_count=2645 1056 205 141 420 1766 128 484 178
internal_value=0.000316769 0.000776729 -0.001004 0.000930644 0.000152328 -0.000656754 -0.000400485 0.00152979
internal_weight=7023 5214 1809 5009 2186 1668 1540 2823
internal_count=7023 5214 1809 5009 2186 1668 1540 2823
is_linear=0
shrinkage=0.025


Tree=58
num_leaves=14
num_cat=0
split_feature=49 44 48 20 52 33 30 3 49 19 43 51 3
split_gain=6.86915 4.98972 5.53575 4.06324 2.01759 1.81866 1.7398 1.72034 1.48983 1.56081 1.29258 1.11396 0.853338
threshold=31.135000228881839 0.02272589132189751 0.8479457199573518 0.52774083614349376 -1.2150000333786009 0.0087649407796561735 -1.1160396337509153 0.37332861125469213 49.335000991821296 0.032748959958553321 -0.10126756504178046 -2.3349999189376827 0.042304174974560745
decision_type=10 2 2 2 8 2 2 2 10 2 2 10 2
left_child=3 8 7 6 5 -5 -1 -3 10 -10 -2 -6 -8
right_child=1 2 -4 4 11 -7 12 -9 9 -11 -12 -13 -14
leaf_value=-0.00094864158162525584 -0.00014686084853731963 -0.00057860690545717415 -0.0040565616416037989 -0.00018739339493725624 -0.00080992125203277617 -0.0029563250976528442 0.0038753115888829053 -0.0024627382214429364 1.4844895104135473e-05 -0.000711906161346212 0.0011936803634927805 0.0012863144996979512 0.0017375378638505455
leaf_weight=134 363 581 132 202 213 169 976 134 507 328 634 520 2121
leaf_count=134 363 581 132 202 213 169 976 134 507 328 634 520 2121
internal_value=0.000342463 -0.000650615 -0.00223151 0.000957661 -0.000346032 -0.00183843 0.0014049 -0.00132812 8.09745e-05 -0.000691964 0.000734781 0.000408198 0.00152684
internal_weight=7014 2679 847 4335 1104 371 3231 715 1832 835 997 733 3097
internal_count=7014 2679 847 4335 1104 371 3231 715 1832 835 997 733 3097
is_linear=0
shrinkage=0.025


Tree=59
num_leaves=13
num_cat=0
split_feature=44 38 31 3 4 16 40 53 41 36 53 22
split_gain=3.5285 3.24739 3.29501 2.41291 1.91131 1.84762 1.80148 1.63767 2.9777 1.55674 1.17878 0.274676
threshold=0.024044038727879528 -0.052051173523068421 2.7696307897567753 0.53635439276695263 -0.28287929296493525 0.022383201867341999 1.1194911599159243 1.0303152203559878 0.61150595545768749 0.19018984586000445 1.2447182536125185 0.60946175456047069
decision_type=2 2 2 2 2 2 2 10 2 2 8 2
left_child=4 5 10 -4 -1 6 -2 9 -9 -6 -3 -7
right_child=1 2 3 -5 7 11 -8 8 -10 -11 -12 -13
leaf_value=-0.00077277347316961626 0.00035016859305603732 5.8936459842308606e-05 -0.0028708324620949736 -0.002128833505269974 0.00010944051287810927 0.0018348032877245905 -0.0015651524836484806 -0.00055546739918714355 0.0008058384024194295 0.0025237173099206122 -0.0011105184461939492 0.00036994218204193551
leaf_weight=129 536 617 120 152 781 378 154 463 977 2140 387 164
leaf_count=129 536 617 120 152 781 378 154 463 977 2140 387 164
internal_value=0.000301835 -0.000447175 -0.00133002 -0.00375 0.000721635 0.000463824 -0.000386691 0.000812242 0.000116782 0.00115217 -0.000652874 0.00155165
internal_weight=6998 2508 1276 272 4490 1232 690 4361 1440 2921 1004 542
internal_count=6998 2508 1276 272 4490 1232 690 4361 1440 2921 1004 542
is_linear=0
shrinkage=0.025


Tree=60
num_leaves=13
num_cat=0
split_feature=49 34 43 48 44 37 25 40 49 49 35 40
split_gain=7.16894 4.60122 5.03852 3.62472 5.75958 3.38282 2.66486 1.54732 1.3373 1.25714 1.73322 0.424086
threshold=30.645000457763675 0.13401712477207187 0.39618501067161566 0.8479457199573518 0.023337737657129768 0.012012058403342964 8.7938022613525408 1.0726882815361025 49.335000991821296 11.924999713897707 0.23768400400877002 0.77398630976676952
decision_type=10 2 2 2 2 2 2 2 10 10 2 2
left_child=1 9 5 6 -5 -3 7 -2 -8 10 -1 -11
right_child=3 2 -4 4 -6 -7 8 -9 -10 11 -12 -13
leaf_value=0.0027321315345431897 0.00041210412175744738 0.0036629686885819128 -0.0025981123723239656 -0.00028289279630662901 -0.0036070964607828335 -0.00049420034655351947 -0.00019710997736789991 -0.00048511836788088145 -0.0013576996190754944 0.0014948377294250364 -0.00062604665914451577 0.004135052630564573
leaf_weight=603 1234 410 148 237 124 1024 532 260 344 231 329 1496
leaf_count=603 1234 410 148 237 124 1024 532 260 344 231 329 1496
internal_value=0.000333059 0.000976507 -8.7429e-05 -0.000663834 -0.00298156 0.000367443 -0.000302631 0.000336057 -0.00139472 0.00161083 0.000852455 0.00201285
internal_weight=6972 4241 1582 2731 361 1434 2370 1494 876 2659 932 1727
internal_count=6972 4241 1582 2731 361 1434 2370 1494 876 2659 932 1727
is_linear=0
shrinkage=0.025


Tree=61
num_leaves=11
num_cat=0
split_feature=44 12 5 5 44 53 44 43 53 4
split_gain=3.3096 3.61877 2.36481 1.93931 1.83424 1.65636 1.34 1.3192 1.24746 0.013418
threshold=0.023157813586294655 -0.26704637706279749 1.481787443161011 -0.063580770045518861 0.013485527597367765 0.69493454694747936 0.016220305114984516 -0.22287968546152112 1.0303152203559878 0.21889215707778933
decision_type=2 2 2 2 2 8 2 2 10 2
left_child=3 9 5 6 -5 -3 -1 -8 -6 -2
right_child=1 2 -4 4 8 -7 7 -9 -10 -11
leaf_value=-0.0013785013751426674 0.0020917861162195904 0.0020594010424432097 -0.0027508679809777128 -0.000690021304780758 0.0018914638464305957 -0.00054618285285130725 0.0010232431875526575 -0.0006253572582755586 0.00026319551583440614 0.0019938250502305756
leaf_weight=143 120 225 172 215 2204 2177 149 121 1261 198
leaf_count=143 120 225 172 215 2204 2177 149 121 1261 198
internal_value=0.000287017 -0.00035856 -0.000672257 0.000744571 0.000927748 -0.000462713 -0.000864234 0.000159091 0.00106808 0.00213235
internal_weight=6985 2892 2574 4093 3680 2402 413 270 3465 318
internal_count=6985 2892 2574 4093 3680 2402 413 270 3465 318
is_linear=0
shrinkage=0.025


Tree=62
num_leaves=14
num_cat=0
split_feature=49 35 50 9 25 43 43 12 49 33 35 11 18
split_gain=5.2876 5.16506 4.03818 3.28233 3.51657 2.10298 1.92142 2.83499 2.83314 0.996612 0.976651 3.17878 0.471653
threshold=31.135000228881839 0.29476310312747961 -1.2300000190734861 0.035901632159948356 3.9662809371948247 0.39618501067161566 -0.10126756504178046 -0.085251592099666582 49.734998703002937 0.0085387784056365507 0.14328505843877795 0.019349290989339355 0.09875695034861566
decision_type=10 2 10 2 2 2 2 2 10 2 2 2 2
left_child=1 10 9 6 -5 -4 7 -2 -8 -3 12 -12 -1
right_child=3 2 5 4 -6 -7 8 -9 -10 -11 11 -13 -14
leaf_value=0.0039407826231708512 -0.00014239099701440129 -0.00066422699947965656 0.00072282967489685219 -0.00022122643606186767 -0.0035390485075487994 -0.0015205313428438836 0.00094770831313738301 -0.0014400067070945849 -0.00051275051352495777 -0.0022433487293248753 0.0034155092780976388 -0.00043907467229414154 0.00037098456630305733
leaf_weight=1295 594 180 1090 120 126 134 1043 224 554 122 811 567 121
leaf_count=1295 594 180 1090 120 126 134 1043 224 554 122 811 567 121
internal_value=0.000296486 0.000836705 -0.000329033 -0.000578113 -0.00330179 0.000308177 -0.000291839 -0.0012743 0.000209894 -0.00289495 0.00147508 0.000986081 0.00194141
internal_weight=6981 4320 1526 2661 246 1224 2415 818 1597 302 2794 1378 1416
internal_count=6981 4320 1526 2661 246 1224 2415 818 1597 302 2794 1378 1416
is_linear=0
shrinkage=0.025


Tree=63
num_leaves=13
num_cat=0
split_feature=49 44 34 31 29 49 14 37 45 45 48 47
split_gain=6.31569 4.32193 4.6049 3.71469 2.51955 2.49909 1.52514 1.30689 1.29714 1.20222 1.01731 0.911553
threshold=44.45000076293946 0.023157813586294655 0.13401712477207187 2.7696307897567753 0.085442896932363524 30.645000457763675 0.82868674397468578 0.016552441753447059 0.26724137365818029 0.74303007125854503 0.88646370172500621 0.077035948634147658
decision_type=10 2 2 2 2 8 2 2 2 2 2 2
left_child=1 7 5 -4 6 -3 8 11 -2 -8 -9 -1
right_child=4 2 3 -5 -6 -7 9 10 -10 -11 -12 -13
leaf_value=0.00021483724043586838 -0.00043263522516544061 0.0017636297190016265 -0.00077136382156723282 -0.003984727872193128 -0.0026651007255124072 -0.00041080712171971846 -0.0014192619988776043 0.001658173540434033 2.3183690341092201e-05 -0.000192377287051047 -0.00041900107261094212 0.0040323345319511882
leaf_weight=133 416 1012 634 142 134 663 133 1273 1086 120 135 1141
leaf_count=133 416 1012 634 142 134 663 133 1273 1086 120 135 1141
internal_value=0.000284439 0.000739831 -1.67955e-05 -0.00160531 -0.00094839 0.000718006 -0.000685369 0.00143236 -0.000374087 -0.00246609 0.000894374 0.00201622
internal_weight=7022 5133 2451 776 1889 1675 1755 2682 1502 253 1408 1274
internal_count=7022 5133 2451 776 1889 1675 1755 2682 1502 253 1408 1274
is_linear=0
shrinkage=0.025


Tree=64
num_leaves=13
num_cat=0
split_feature=49 35 11 40 8 53 44 49 12 41 13 37
split_gain=5.52273 4.2828 4.30843 5.44454 2.71498 2.44171 1.70412 1.64601 1.37445 0.973 0.914201 0.479722
threshold=44.45000076293946 0.2263690382242203 0.020119541324675087 0.9352952539920808 0.032916070893406875 0.82586529850959789 0.023157813586294655 25.149999618530277 -0.010980383493006228 0.39137187600135809 -0.0014673830592073498 0.020133496262133125
decision_type=10 2 2 2 2 8 2 8 2 2 2 2
left_child=1 6 5 -4 8 -3 11 -8 9 -2 -10 -1
right_child=4 2 3 -5 -6 -7 7 -9 10 -11 -12 -13
leaf_value=0.0040000326592847827 -0.00090959333007138504 0.0041886624662001845 -0.0026613703354557055 0.00019098000210231462 -0.0025091840133885622 2.3843399910479208e-05 0.0030798183710303842 -0.0002275353501712874 -0.00135107358226689 -1.8694628288334608e-06 -0.00037140188719579371 0.0016447950312981022
leaf_weight=1055 134 468 290 414 164 1132 590 562 125 1290 170 580
leaf_count=1055 134 468 290 414 164 1132 590 562 125 1290 170 580
internal_value=0.000287111 0.000715512 -7.95798e-05 -0.00170487 -0.000866658 0.000634735 0.00137402 0.00062554 -0.00056337 -0.000233555 -0.00210417 0.00189405
internal_weight=6974 5091 2304 704 1883 1600 2787 1152 1719 1424 295 1635
internal_count=6974 5091 2304 704 1883 1600 2787 1152 1719 1424 295 1635
is_linear=0
shrinkage=0.025


Tree=65
num_leaves=12
num_cat=0
split_feature=49 35 11 39 3 35 4 46 20 26 11
split_gain=5.45762 4.77148 3.71388 3.16371 2.57458 1.91657 1.87307 1.57038 2.56957 1.30704 0.616621
threshold=43.470001220703132 0.23045801371335986 0.020119541324675087 1.2484763264656069 0.32323397696018225 0.32863776385784155 0.77479371428489696 0.24834922701120379 0.031446535140275962 0.028553924523293975 0.019224097020924095
decision_type=10 2 2 2 2 2 2 2 2 2 2
left_child=1 6 5 -4 7 -3 10 8 -2 -9 -1
right_child=4 2 3 -5 -6 -7 -8 9 -10 -11 -12
leaf_value=0.0049352726809265956 -0.00024375202463276086 0.0026472541935348127 -0.0019798366745285719 0.00048670082801136245 -0.0019131059411624869 -4.3098304237865186e-05 -0.0007475775899444167 6.8385077464941366e-05 -0.0027492763492155412 -0.0015841868063797332 0.0020532034383514987
leaf_weight=875 274 630 443 254 208 972 222 1201 133 129 1699
leaf_count=875 274 630 443 254 208 972 222 1201 133 129 1699
internal_value=0.000325586 0.000756128 -8.51779e-05 -0.00160434 -0.000798077 0.000574829 0.00144904 -0.000474311 -0.00182342 -5.1498e-05 0.00163969
internal_weight=7040 5095 2299 697 1945 1602 2796 1737 407 1330 2574
internal_count=7040 5095 2299 697 1945 1602 2796 1737 407 1330 2574
is_linear=0
shrinkage=0.025


Tree=66
num_leaves=13
num_cat=0
split_feature=49 35 50 8 4 37 37 34 45 44 21 42
split_gain=5.67855 4.15266 3.66095 2.51933 1.99502 1.79683 1.65299 1.53513 1.83067 1.52017 1.08573 0.846308
threshold=43.470001220703132 0.29476310312747961 -1.2300000190734861 0.032916070893406875 0.77479371428489696 0.018614919856190685 0.018023408949375156 0.009135467931628229 0.26724137365818029 0.028332162648439411 62.728435516357429 0.054185127839446075
decision_type=10 2 10 2 2 2 2 2 2 2 2 2
left_child=1 4 10 7 6 -4 -1 11 -9 -6 -3 -2
right_child=3 2 5 -5 9 -7 -8 8 -10 -11 -12 -13
leaf_value=0.0036796638573406339 0.00039222229931903317 -0.0005716620965408077 -0.00034996871686357987 -0.0022590145261177069 0.003919948723601417 0.0015302387787894168 0.0010973362009047269 -0.0008727399846636427 -0.0001940454547190698 -0.0021115239145146807 -0.0022177558828730781 -0.00030521567266408406
leaf_weight=1633 598 137 782 162 146 532 1500 240 749 153 160 193
leaf_count=1633 598 137 782 162 146 532 1500 240 749 153 160 193
internal_value=0.000265558 0.000708449 -0.000334932 -0.0008802 0.00119981 0.000230288 0.00138663 -0.000598739 -0.00125377 -0.000727796 -0.00281871 0.000215138
internal_weight=6985 5043 1611 1942 3432 1314 3133 1780 989 299 297 791
internal_count=6985 5043 1611 1942 3432 1314 3133 1780 989 299 297 791
is_linear=0
shrinkage=0.025


Tree=67
num_leaves=15
num_cat=0
split_feature=49 35 49 3 41 46 20 11 48 49 45 52 5 13
split_gain=4.71759 3.93468 3.38344 2.50102 2.24421 1.99057 1.87574 1.67386 1.23032 1.06321 0.923124 1.19926 0.763016 0.480604
threshold=31.135000228881839 0.2263690382242203 13.34500026702881 0.30123557150363928 0.41422703862190252 0.24834922701120379 0.031446535140275962 0.017162387259304527 0.88646370172500621 50.000000000000007 0.8479457199573518 -11.190000057220457 1.0268642306327822 -0.28227145969867701
decision_type=10 2 10 2 2 2 2 2 2 10 2 10 2 2
left_child=1 10 4 5 -3 6 -2 -4 -7 12 13 -12 -5 -1
right_child=3 2 7 9 -6 8 -8 -9 -10 -11 11 -13 -14 -15
leaf_value=0.0029661291458039519 -0.00023643178816570084 -0.001939455009423342 0.0026717760446178808 -0.0021603176298905331 -0.00030040399346771345 0.00023455564639609453 -0.0029945067214065409 -0.00015295809891777737 -0.0013847893556836321 -0.0020816201351532698 -0.0019731451228176366 0.003645585806173279 0.00023904995105089087 0.0032372997998576427
leaf_weight=343 313 198 734 121 665 1594 192 579 203 130 150 214 123 1399
leaf_count=343 313 198 734 121 665 1594 192 579 203 130 150 214 123 1399
internal_value=0.000307159 0.000821962 7.27878e-05 -0.000514267 -0.00113623 -0.000201019 -0.00158088 0.000873483 0.000186598 -0.00239776 0.00159107 0.000416667 -0.00134036 0.001831
internal_weight=6958 4282 2176 2676 863 2302 505 1313 1797 374 2106 364 244 1742
internal_count=6958 4282 2176 2676 863 2302 505 1313 1797 374 2106 364 244 1742
is_linear=0
shrinkage=0.025


Tree=68
num_leaves=12
num_cat=0
split_feature=49 36 8 53 35 13 9 14 40 49 46
split_gain=4.92228 3.42067 2.76458 2.03272 2.1749 1.90093 3.0818 1.71169 1.0083 0.943457 0.550893
threshold=44.45000076293946 0.52331241965293895 0.032648677006363876 1.2200421690940859 0.23045801371335986 -0.11940691620111464 0.034174598753452308 0.8479457199573518 0.90179258584976207 20.880000114440922 0.29548789560794836
decision_type=10 2 2 8 2 2 2 2 2 10 2
left_child=1 3 7 9 -5 10 -7 8 -2 -1 -3
right_child=2 5 -4 4 -6 6 -8 -9 -10 -11 -12
leaf_value=0.0038570948156133977 0.00036805690700631068 -8.5082899181356797e-05 -0.0023081868224424508 0.0021718863953316724 -0.0003894855656596333 -7.4700860144591945e-05 -0.0031948220724986051 -0.0011224743325020366 -0.00023325033418813632 0.00060730783958767582 0.0015142906173215692
leaf_weight=1288 458 130 167 1450 710 601 193 236 999 475 268
leaf_count=1288 458 130 167 1450 710 601 193 236 999 475 268
internal_value=0.000337572 0.000738525 -0.000760724 0.00109502 0.00057448 -0.000429198 -0.00113736 -0.000448321 -0.000120554 0.00172582 0.00096464
internal_weight=6975 5115 1860 3923 2160 1192 794 1693 1457 1763 398
internal_count=6975 5115 1860 3923 2160 1192 794 1693 1457 1763 398
is_linear=0
shrinkage=0.025


Tree=69
num_leaves=13
num_cat=0
split_feature=44 12 38 31 36 31 44 15 12 46 7 5
split_gain=3.76851 3.22492 2.06349 2.25767 1.62291 1.39648 1.45498 1.24828 1.09766 1.12232 0.518193 0.0617835
threshold=0.023157813586294655 -0.26348394155502314 -0.014766460284590719 2.8100562095642094 0.22093905508518222 0.55634728074073803 0.013485527597367765 0.68103447556495678 -0.010980383493006228 0.35326485335826879 -0.038321824744343751 0.63116270303726207
decision_type=2 2 2 2 2 2 2 2 2 2 2 2
left_child=5 11 4 -4 -3 6 -1 -8 10 -10 -7 -2
right_child=1 2 3 -5 -6 8 7 -9 9 -11 -12 -13
leaf_value=-0.00053499501075976355 0.0012505344350478434 -0.00089107179046423964 -0.00090713741512230299 -0.0024192227426766944 0.00029301915723849869 -9.4469972911524354e-06 -5.5512857011355111e-05 0.0017901627968743049 -0.0016025322680876767 0.00042847795558943714 0.001516888185605095 0.0018110930783673696
leaf_weight=168 120 324 825 200 1216 147 760 273 130 556 2107 188
leaf_count=168 120 324 825 200 1216 147 760 273 130 556 2107 188
internal_value=0.000342463 -0.000351372 -0.000644455 -0.00151092 -6.06795e-05 0.000825193 0.000100539 0.000458815 0.00111842 0.00022974 0.00138502 0.00204073
internal_weight=7014 2873 2565 1025 1540 4141 1201 1033 2940 686 2254 308
internal_count=7014 2873 2565 1025 1540 4141 1201 1033 2940 686 2254 308
is_linear=0
shrinkage=0.025


Tree=70
num_leaves=12
num_cat=0
split_feature=49 35 50 8 37 44 49 5 37 41 36
split_gain=5.17732 3.78109 2.58888 2.32054 2.08529 1.90253 1.64731 1.60023 1.57488 1.01006 0.954951
threshold=43.470001220703132 0.29476310312747961 -1.2300000190734861 0.032916070893406875 0.018614919856190685 0.023031162098050121 30.645000457763675 1.1527630686759951 0.018190661445260051 0.39596173167228704 0.32749967277050024
decision_type=10 2 10 2 2 2 8 2 2 2 2
left_child=1 5 10 7 -4 8 -7 9 -1 -2 -3
right_child=3 2 4 -5 -6 6 -8 -9 -10 -11 -12
leaf_value=0.0037972192217876825 -0.00075195101180061349 -0.00056084268844110077 -0.00043235982205256046 -0.001652845605768322 0.0014453681136340783 0.0020456307763713011 -0.00064522154645913193 -0.00085597946925002879 0.0011976947518751195 -3.9656882517836398e-05 -0.0019103389330181687
leaf_weight=1160 135 135 785 163 541 868 579 122 824 1495 157
leaf_count=1160 135 135 785 163 541 868 579 122 824 1495 157
internal_value=0.000280349 0.000700683 -0.000291898 -0.000823568 0.00017562 0.00117033 0.000472624 -0.00054852 0.00167358 -0.000332569 -0.0024032
internal_weight=6964 5049 1618 1915 1326 3431 1447 1752 1984 1630 292
internal_count=6964 5049 1618 1915 1326 3431 1447 1752 1984 1630 292
is_linear=0
shrinkage=0.025


Tree=71
num_leaves=15
num_cat=0
split_feature=49 19 44 11 9 3 39 49 50 34 53 25 11 31
split_gain=4.54767 3.53753 2.32429 2.23331 1.7046 1.47308 3.23241 1.32252 0.987863 0.972083 0.884225 0.720173 0.717608 0.649754
threshold=48.564998626708991 0.22144176065921786 0.02296879701316357 0.025255788117647174 0.034294392913579948 0.17629411071538928 0.84961855411529552 28.364999771118168 1.0000000180025095e-35 0.14385610073804858 0.70474621653556835 16.071954727172855 0.016798507422208789 0.29435439407825476
decision_type=10 2 2 2 2 2 2 8 10 2 10 2 2 2
left_child=1 2 7 -4 10 8 -7 -1 13 -6 -3 -8 -10 -2
right_child=5 4 3 -5 9 6 11 -9 12 -11 -12 -13 -14 -15
leaf_value=0.003836603086666546 0.00071635780930169623 0.0013339058278636527 -0.00033709739478497431 0.0013579359174514577 -0.00042538202348600337 -0.0023084682748012015 -0.00083390136605751813 0.0011535892932777951 -3.7225647882658001e-05 -0.003459851230906202 -0.00063025024334704765 0.00049795272431427757 -0.00063046918955720439 -4.0892115922294341e-05
leaf_weight=1162 148 206 1384 671 120 148 121 1488 259 136 377 120 284 388
leaf_count=1162 148 206 1384 671 120 148 121 1488 259 136 377 120 284 388
internal_value=0.000334723 0.000662957 0.000930202 0.000294296 -0.000824941 -0.000898676 -0.00221129 0.00141949 -0.00041167 -0.00250479 -6.16496e-05 -0.000370935 -0.00116104 0.000339649
internal_weight=7012 5544 4705 2055 839 1468 389 2650 1079 256 583 241 543 536
internal_count=7012 5544 4705 2055 839 1468 389 2650 1079 256 583 241 543 536
is_linear=0
shrinkage=0.025


Tree=72
num_leaves=8
num_cat=0
split_feature=46 36 53 38 36 16 46
split_gain=2.35142 2.06778 2.34666 3.11912 2.64313 2.04991 1.08828
threshold=0.99137932062149059 0.62088850140571605 1.0303152203559878 -0.14088498055934903 0.19018984586000445 0.032099720090627677 0.26724137365818029
decision_type=2 2 10 2 2 2 2
left_child=1 2 4 -4 -1 6 -3
right_child=-2 5 3 -5 -6 -7 -8
leaf_value=-6.7492720272375404e-05 -0.0020664769205296515 -0.0012930790994009293 0.0047393760221177486 -0.00027540709060218355 0.0019614707311964076 -0.0020788217742037395 0.00021564804256456006
leaf_weight=1012 129 135 352 1929 2962 151 335
leaf_count=1012 129 135 352 1929 2962 151 335
internal_value=0.000318295 0.000382757 0.000520168 -0.00011647 0.000886844 -0.000984425 -0.000144737
internal_weight=7005 6876 6255 2281 3974 621 470
internal_count=7005 6876 6255 2281 3974 621 470
is_linear=0
shrinkage=0.025


Tree=73
num_leaves=12
num_cat=0
split_feature=49 36 26 16 46 31 43 53 32 20 41
split_gain=5.07997 3.84668 3.22446 2.61617 2.21099 2.18062 2.16083 2.2127 1.78917 1.71235 0.900808
threshold=30.645000457763675 0.62088850140571605 0.031242033466696743 0.032099720090627677 0.29548789560794836 2.322561621665955 0.59175455570220958 1.0955706238746645 1.1379868388175967 0.0039985547773540029 0.50133666396141063
decision_type=10 2 2 2 2 2 2 8 2 2 2
left_child=1 6 4 10 9 -6 7 -1 -4 -2 -3
right_child=2 3 8 -5 5 -7 -8 -9 -10 -11 -12
leaf_value=0.0040029065023140095 -0.00021606969948446172 -0.0013777610903798186 -0.0024332278444379597 -0.0029490349143415514 0.00027451131415397048 -0.00072467290267329125 -0.0017711159604792853 0.0010607535606768183 -0.00018583880374575709 -0.0022813261581550843 0.00055246965498842058
leaf_weight=1285 322 173 222 150 1648 146 122 2199 128 280 284
leaf_count=1285 322 173 222 150 1648 146 122 2199 128 280 284
internal_value=0.000260806 0.000806366 -0.000573882 -0.00102328 -0.000241045 0.000196637 0.00111707 0.00123352 -0.0027993 -0.00154654 -5.68181e-05
internal_weight=6959 4213 2746 607 2396 1794 3606 3484 350 602 457
internal_count=6959 4213 2746 607 2396 1794 3606 3484 350 602 457
is_linear=0
shrinkage=0.025


Tree=74
num_leaves=13
num_cat=0
split_feature=49 35 8 11 40 14 37 37 34 4 45 0
split_gain=3.46663 3.76047 2.28702 1.97382 3.48539 1.8357 1.75796 1.59506 2.73342 2.35076 1.19997 1.07611
threshold=43.470001220703132 0.29476310312747961 0.032916070893406875 0.020119541324675087 0.9352952539920808 0.8479457199573518 0.018190661445260051 0.018190661445260051 0.032254047691822059 0.69551572203636181 0.26724137365818029 0.007083697011694313
decision_type=10 2 2 2 2 2 2 2 2 2 2 2
left_child=1 7 5 6 -5 10 -3 9 -9 -1 -2 -7
right_child=2 3 -4 4 -6 11 -8 8 -10 -11 -12 -13
leaf_value=0.0034127396006630091 -0.00026186555823074875 -0.0004591578963429961 -0.002129368042022206 -0.0031986562217856348 0.00013103044435489584 -0.00013355231472392953 0.0016358587864585392 0.0012995820353952883 -0.00051156676632711047 -0.0010560107759647072 0.00023228579741160971 -0.0010778504845416861
leaf_weight=1597 420 649 159 191 296 123 487 1185 463 229 1113 122
leaf_count=1597 420 649 159 191 296 123 487 1185 463 229 1113 122
internal_value=0.000394765 0.000737211 -0.000502703 -0.00025261 -0.00157774 -0.000237661 0.000314417 0.00120114 0.000628403 0.0017115 8.20872e-05 -0.002225
internal_weight=7034 5097 1937 1623 487 1778 1136 3474 1648 1826 1533 245
internal_count=7034 5097 1937 1623 487 1778 1136 3474 1648 1826 1533 245
is_linear=0
shrinkage=0.025


Tree=75
num_leaves=14
num_cat=0
split_feature=38 40 9 40 16 43 18 26 44 12 46 15 21
split_gain=2.84608 3.3709 4.19615 3.25815 1.9538 2.22692 1.6106 1.5235 1.33945 1.29496 1.99451 0.654035 0.354544
threshold=-0.025095761753618714 0.99488943815231334 0.034294392913579948 0.9238470494747163 0.022435874678194526 -0.31292150914669031 0.079643845558166518 0.030444839969277385 0.018793342635035518 -0.01261321362107992 0.50531914830207836 0.45689655840396887 54.777662277221687
decision_type=2 2 2 2 2 2 2 2 2 2 2 2 2
left_child=4 2 3 -2 5 8 12 -7 -1 11 -11 -3 -6
right_child=1 9 -4 -5 6 7 -8 -9 -10 10 -12 -13 -14
leaf_value=-0.00214035684412068 0.000121776770348575 -1.3399757317656894e-05 -0.0039393754661935249 -0.0012899097380469015 0.0023277550761287217 0.00067765085177253978 -0.00039581470832847376 -0.00037036909839693828 -0.00010068480261697733 -0.0012358198985623165 0.00078839806313075209 0.0013147083387300652 0.0013970461772878512
leaf_weight=123 869 122 238 309 1074 1993 208 593 123 171 260 555 365
leaf_count=123 869 122 238 309 1074 1993 208 593 123 171 260 555 365
internal_value=0.000260595 -0.000408758 -0.00121657 -0.000590659 0.000639217 0.000237487 0.0013234 0.00045687 -0.00200697 0.000618823 -0.000438647 0.00129949 0.00162136
internal_weight=7003 2524 1416 1178 4479 2832 1647 2586 246 1108 431 677 1439
internal_count=7003 2524 1416 1178 4479 2832 1647 2586 246 1108 431 677 1439
is_linear=0
shrinkage=0.025


Tree=76
num_leaves=11
num_cat=0
split_feature=49 35 30 4 53 9 27 19 45 11
split_gain=4.48613 3.39645 2.85028 2.33874 2.17829 1.93542 1.62561 1.33288 1.43696 0.995717
threshold=43.470001220703132 0.24234795570373538 -0.36956027150154108 0.77479371428489696 0.78934937715530407 0.035707961767911918 0.0030012980569154028 0.18614044040441516 0.65737342834472667 0.019407741725444797
decision_type=10 2 2 2 8 2 2 2 2 2
left_child=1 3 6 9 -4 7 -3 8 -2 -1
right_child=5 2 4 -5 -6 -7 -8 -9 -10 -11
leaf_value=0.0042175444742784769 -0.00032158255770743991 -0.0018479786887890489 0.0033662385911398009 -0.00076991554916831936 -1.6226134181942023e-05 -0.0021201297957095674 -0.00049329767634965452 -0.0015335375721053581 0.00059449247223046368 0.0015049131356781233
leaf_weight=961 1175 179 343 229 1494 120 139 130 522 1738
leaf_count=961 1175 179 343 229 1494 120 139 130 522 1738
internal_value=0.000286958 0.000678312 -7.23379e-05 0.0012321 0.000304696 -0.000730661 -0.00224071 -0.000519241 -0.000323884 0.00143907
internal_weight=7030 5083 2155 2928 1837 1947 318 1827 1697 2699
internal_count=7030 5083 2155 2928 1837 1947 318 1827 1697 2699
is_linear=0
shrinkage=0.025


Tree=77
num_leaves=13
num_cat=0
split_feature=49 36 53 31 29 52 53 17 12 50 45 11
split_gain=4.22144 3.49401 1.87061 1.78887 1.77918 1.73173 1.55832 2.76594 1.36973 1.33262 1.53806 1.17756
threshold=43.470001220703132 0.52331241965293895 1.1165504455566408 2.2049214839935307 0.059821374714374549 4.4600000381469735 0.83660978078842174 0.61697250604629528 -0.01261321362107992 2.3350000381469731 0.24834922701120379 0.018830869346857074
decision_type=10 2 8 2 2 10 10 2 2 10 2 2
left_child=1 2 5 -4 9 -1 -3 -8 11 10 -2 -6
right_child=4 6 3 -5 8 -7 7 -9 -10 -11 -12 -13
leaf_value=0.0032748099082408676 -0.00039693739991901802 0.0034360829230833476 0.0010495770733373565 -0.00073087960808028017 0.00011055780861922893 -0.0001577594739340296 -0.0021960176257768134 -0.00012098578112535173 -0.0021265278100173375 -0.00065032338895282173 0.00024791418980253552 -0.0019089546053704396
leaf_weight=1493 318 153 1973 279 222 156 229 763 157 135 955 167
leaf_count=1493 318 153 1973 279 222 156 229 763 157 135 955 167
internal_value=0.00027748 0.000660018 0.00101671 0.000542202 -0.000706355 0.00165735 -0.000548913 -0.000916499 -0.00191243 -0.000229122 2.054e-05 -0.00106916
internal_weight=7000 5046 3901 2252 1954 1649 1145 992 546 1408 1273 389
internal_count=7000 5046 3901 2252 1954 1649 1145 992 546 1408 1273 389
is_linear=0
shrinkage=0.025


Tree=78
num_leaves=13
num_cat=0
split_feature=49 44 34 31 31 49 37 35 29 4 19 35
split_gain=3.67591 3.76842 4.75726 3.94685 2.26423 2.10126 1.96595 2.43648 1.1063 1.48986 0.906318 0.646471
threshold=44.45000076293946 0.023157813586294655 0.13401712477207187 2.7696307897567753 2.322561621665955 30.645000457763675 0.016518753021955494 0.14245714247226718 0.056782945990562446 -0.21553156524896619 0.019601002335548404 0.33397397398948675
decision_type=10 2 2 2 2 8 2 2 2 2 2 2
left_child=1 6 5 -4 8 -3 11 -8 9 -2 -10 -1
right_child=4 2 3 -5 -6 -7 7 -9 10 -11 -12 -13
leaf_value=0.0038299346296198759 -0.00070754550379872102 0.001628305885362588 -0.00066901112253792703 -0.0035817276027206163 -0.0012651772528971617 -0.00055098277423760078 0.0024271521312721495 -0.00028875884280931687 0.00012738819095336484 0.00014260568530704654 -0.0020131848133508978 0.00011280618615888577
leaf_weight=1089 177 1006 614 145 176 651 701 711 182 1043 311 163
leaf_count=1089 177 1006 614 145 176 651 701 711 182 1043 311 163
internal_value=0.000267601 0.00061824 -9.44857e-05 -0.00172938 -0.000671198 0.00065358 0.00126592 0.00061662 -0.000384895 1.53062e-05 -0.00137801 0.00198787
internal_weight=6969 5080 2416 759 1889 1657 2664 1412 1713 1220 493 1252
internal_count=6969 5080 2416 759 1889 1657 2664 1412 1713 1220 493 1252
is_linear=0
shrinkage=0.025


Tree=79
num_leaves=11
num_cat=0
split_feature=49 5 52 51 48 9 51 49 46 46
split_gain=4.46633 3.92887 2.63858 2.37078 2.1619 2.60552 2.1292 1.22456 2.9559 1.86191
threshold=28.364999771118168 1.5753308534622195 -1.2150000333786009 0.58500000834465038 0.86720469594001781 0.030169653706252578 -2.0149999856948848 48.564998626708991 0.52457812428474437 0.82868674397468578
decision_type=10 2 8 10 2 2 10 10 2 2
left_child=1 2 3 -1 7 -6 -4 8 -2 -9
right_child=4 -3 6 -5 5 -7 -8 9 -10 -11
leaf_value=0.00082408108975698673 -0.00070852948362024634 -0.0024973435316434974 0.00074196163151835374 -0.0015421239507275942 -1.2575950836208462e-05 -0.0021214529439980822 0.0031343470609882327 -5.8196045197629524e-05 0.001305669252679053 -0.00070077141921372557
leaf_weight=623 562 148 1427 295 158 168 1627 1064 708 254
leaf_count=623 562 148 1427 295 158 168 1627 1064 708 254
internal_value=0.000298871 0.000828788 0.000980324 -0.000188245 -0.000448355 -0.00235272 0.00133336 -0.000201986 0.000348039 -0.000736017
internal_weight=7034 4120 3972 918 2914 326 3054 2588 1270 1318
internal_count=7034 4120 3972 918 2914 326 3054 2588 1270 1318
is_linear=0
shrinkage=0.025


Tree=80
num_leaves=15
num_cat=0
split_feature=44 12 13 36 31 44 11 28 11 3 53 53 29 13
split_gain=2.4579 3.46425 2.79383 2.48569 2.05517 2.35561 2.54886 1.4532 1.22041 1.02744 0.961857 0.79035 0.504142 0.112302
threshold=0.023157813586294655 -0.18035581707954404 -0.17895830422639844 0.52331241965293895 0.55634728074073803 0.01572703663259745 0.017418403178453449 0.62500000000000011 0.025155754759907726 0.0093150758184492605 1.0955706238746645 0.59334981441497814 0.055168140679597862 -0.27115534245967859
decision_type=2 2 2 2 2 2 2 2 2 2 10 10 2 2
left_child=4 8 -3 -4 5 6 -1 11 12 -7 -9 -6 -2 -10
right_child=1 2 3 -5 7 9 -8 10 13 -11 -12 -13 -14 -15
leaf_value=-6.6657500921707768e-05 -0.00063324167340775262 -0.0024637225525990895 0.00021733716570431283 -0.0015501568438297795 0.0023844992807921222 0.0010022402621257015 -0.0020289748639420397 0.00059175322147288884 0.0020983168736220881 -0.0003962307972456442 -0.00096858674522438742 0.00098039691337092221 0.00062225174938706422 0.0012337500411453246
leaf_weight=256 142 236 1299 610 519 436 130 388 286 379 215 1798 150 156
leaf_count=256 142 236 1299 610 519 436 130 388 286 379 215 1798 150 156
internal_value=0.000273912 -0.000284761 -0.000793605 -0.00046826 0.000665596 -0.000200041 -0.00179987 0.0010235 0.00118911 0.000556403 -5.96216e-05 0.0013076 -4.62962e-05 0.00201063
internal_weight=7000 2879 2145 1909 4121 1201 386 2920 734 815 603 2317 292 442
internal_count=7000 2879 2145 1909 4121 1201 386 2920 734 815 603 2317 292 442
is_linear=0
shrinkage=0.025


Tree=81
num_leaves=9
num_cat=0
split_feature=5 49 35 50 19 47 9 53
split_gain=3.59255 3.62173 2.73946 3.85436 1.82605 1.88552 1.20563 1.1376
threshold=1.7082256078720095 28.364999771118168 0.29476310312747961 -1.0349999666213987 0.14051161706447604 0.3706896454095841 0.035707961767911918 1.8765168786048891
decision_type=2 10 2 10 2 2 2 8
left_child=1 2 7 -4 6 -6 -3 -1
right_child=-2 4 3 -5 5 -7 -8 -9
leaf_value=0.0032381342762597028 -0.0029744781777682268 8.6308412486298252e-05 -0.001513570455115087 0.00071456609181717466 0.00028711918056636065 -0.0010522668161502833 -0.00074016197301041066 0.0011399520671890738
leaf_weight=1274 134 2174 278 1030 144 292 212 1434
leaf_count=1274 134 2174 278 1030 144 292 212 1434
internal_value=0.000315143 0.000396573 0.000878824 -5.6169e-05 -0.000287849 -0.00176587 -1.20242e-05 0.00133201
internal_weight=6972 6838 4016 1308 2822 436 2386 2708
internal_count=6972 6838 4016 1308 2822 436 2386 2708
is_linear=0
shrinkage=0.025


Tree=82
num_leaves=7
num_cat=0
split_feature=46 19 12 13 1 9
split_gain=3.13875 1.84499 1.60586 2.35383 0.839589 0.146092
threshold=0.99137932062149059 0.32683576643466955 -0.27228215336799616 -0.27410030364990229 0.096109241247177138 0.034519335255026824
decision_type=2 2 2 2 2 2
left_child=1 2 5 -4 -3 -1
right_child=-2 4 3 -5 -6 -7
leaf_value=0.0012822712042023449 -0.0022755419854933417 1.7055997555562455e-05 -0.00066486406203686635 0.00048546198790959708 -0.0019764924797568114 0.0022242190030383737
leaf_weight=200 136 130 686 5420 171 227
leaf_count=200 136 130 686 5420 171 227
internal_value=0.000293011 0.000369754 0.000459047 0.000353257 -0.00152369 0.00193576
internal_weight=6970 6834 6533 6106 301 427
internal_count=6970 6834 6533 6106 301 427
is_linear=0
shrinkage=0.025


Tree=83
num_leaves=15
num_cat=0
split_feature=38 40 17 9 40 16 35 12 46 40 25 18 35 0
split_gain=2.88895 3.90288 3.81138 2.40166 1.66247 1.61934 2.53654 1.47629 2.58565 1.24042 1.09026 1.06277 0.535198 0.230986
threshold=-0.028285456821322438 0.99488943815231334 0.92967835068702709 0.029822151176631454 0.95472949743270885 0.022435874678194526 0.2396861016750336 -0.035424822941422456 0.48606015741825109 1.1329930424690249 2.3117918968200688 0.086562644690275206 0.33189117908477789 -0.014668851625174282
decision_type=2 2 2 2 2 2 2 2 2 2 2 2 2 2
left_child=5 2 4 -4 -2 6 9 13 -9 -1 -8 12 -7 -3
right_child=1 7 3 -5 -6 11 10 8 -10 -11 -12 -13 -14 -15
leaf_value=0.00067644069128024436 4.7370340511171399e-05 0.00054763849702044946 -0.00060140822593861742 -0.0027374057132213683 -0.0020631543447193596 0.0020655660351876874 -0.0012497968754310454 -0.0011443205156641502 0.00099528634583566518 -0.00058062268741575327 -0.0003392781034233822 -0.00049457001075601549 0.00012909123101208366 0.0013764461280117053
leaf_weight=2088 859 125 245 231 159 1209 124 260 393 450 133 166 186 371
leaf_count=2088 859 125 245 231 159 1209 124 260 393 450 133 166 186 371
internal_value=0.000202206 -0.00044798 -0.00129003 -0.0031263 -0.000414223 0.0005982 0.000234375 0.000642331 -0.000131079 0.000477291 -0.00210401 0.00124282 0.00146875 0.00166417
internal_weight=6999 2643 1494 476 1018 4356 2795 1149 653 2538 257 1561 1395 496
internal_count=6999 2643 1494 476 1018 4356 2795 1149 653 2538 257 1561 1395 496
is_linear=0
shrinkage=0.025


Tree=84
num_leaves=13
num_cat=0
split_feature=49 34 31 49 44 35 20 37 36 30 24 17
split_gain=3.94205 3.23199 3.68815 2.98448 2.29488 2.15808 2.13991 2.11535 1.57361 1.17237 1.05699 1.53856
threshold=48.564998626708991 0.13537149131298068 2.7696307897567753 30.645000457763675 0.021448262967169288 0.23768400400877002 0.0039985547773540029 0.012456941418349745 0.77819713950157177 0.15145283192396167 31.856963157653812 -0.053014498203992837
decision_type=10 2 2 8 2 2 2 2 2 2 2 2
left_child=1 3 7 8 10 -5 -6 -3 -1 -8 11 -2
right_child=4 2 -4 5 6 -7 9 -9 -10 -11 -12 -13
leaf_value=0.003021264858882807 -0.00096981684170682986 0.0013647232001006144 -0.0021834006470707614 0.00065471542260344328 0.00033832934740217171 -0.00088435937284110904 -0.00043843717473624686 -0.0005998139731576656 -0.00036182691495241504 -0.0016832005116022295 -0.001054769592902621 0.00028158057984615023
leaf_weight=1755 126 587 210 1514 123 418 150 862 136 195 211 676
leaf_count=1755 126 587 210 1514 123 418 150 862 136 195 211 676
internal_value=0.000204686 0.000514626 -0.000403395 0.000914642 -0.000936238 0.000218766 -0.00237579 4.55641e-05 0.00161986 -0.003375 -0.000256631 0.000153346
internal_weight=6963 5482 1659 3823 1481 1932 468 1449 1891 345 1013 802
internal_count=6963 5482 1659 3823 1481 1932 468 1449 1891 345 1013 802
is_linear=0
shrinkage=0.025


Tree=85
num_leaves=15
num_cat=0
split_feature=49 20 34 40 20 46 11 20 41 53 37 35 40 49
split_gain=3.85486 3.17629 3.18012 2.89573 5.16743 3.16891 2.65645 2.16594 1.93215 1.72326 1.34621 1.39014 0.757486 0.536086
threshold=28.364999771118168 0.51754802465438854 0.13401712477207187 1.0900796651840212 0.23623306304216388 0.29548789560794836 0.016266594640910629 -0.082375641912221895 0.56312471628189098 0.89912155270576488 0.020098053850233558 0.16018325835466388 0.78791716694831859 11.784999847412111
decision_type=10 2 2 2 2 2 2 2 2 10 2 2 2 10
left_child=1 10 13 5 9 7 -4 -2 -7 -5 12 -12 -1 -3
right_child=3 2 6 4 -6 8 -8 -9 -10 -11 11 -13 -14 -15
leaf_value=0.00088339327623764355 0.00023841554597458424 -2.678240772276626e-05 0.0004087184818530815 -0.00065090653731710024 -0.0034803700921488059 -0.00016185791815496271 -0.0021222807717122052 -0.0024120682457611422 0.00088159572048624151 0.00059377645567685504 0.0024972011364304369 -0.00034061921151256084 0.0022821830013983195 0.0019776687410240131
leaf_weight=345 171 164 214 250 134 756 311 342 998 208 583 554 1559 378
leaf_count=345 171 164 214 250 134 756 311 342 998 208 583 554 1559 378
internal_value=0.000302819 0.000793521 -0.0003743 -0.000400227 -0.00194933 4.95168e-06 -0.00175708 -0.00171091 0.000513786 -0.000645248 0.00120527 0.000513354 0.00161276 0.000957496
internal_weight=6967 4108 1067 2859 592 2267 525 513 1754 458 3041 1137 1904 542
internal_count=6967 4108 1067 2859 592 2267 525 513 1754 458 3041 1137 1904 542
is_linear=0
shrinkage=0.025


Tree=86
num_leaves=14
num_cat=0
split_feature=49 34 37 48 44 38 49 40 4 44 26 40 45
split_gain=3.79523 2.9261 2.68949 2.66383 2.79696 1.92181 1.53657 1.52924 1.46237 1.27389 1.0149 0.614078 0.411591
threshold=28.364999771118168 0.11739587783813478 0.012456941418349745 0.88646370172500621 0.022240991704165939 -0.13584136217832563 14.485000133514406 0.97616371512413036 0.11767392978072168 0.024544995278120044 0.032819475978612907 0.99865567684173595 0.86720469594001781
decision_type=10 2 2 2 2 2 10 2 2 2 2 2 2
left_child=1 6 9 5 -5 11 10 -4 -7 -3 -1 -2 -8
right_child=3 2 7 4 -6 8 12 -9 -10 -11 -12 -13 -14
leaf_value=0.001669269402209188 0.0013822743296522987 0.0022333690036436035 -0.0013537863055949522 -0.00033097752201340026 -0.0027618666050323272 -0.00046904837899869594 0.0042519944805445983 0.00011529674961058192 -2.7625994648731783e-05 -0.001722529501586972 -0.00011296157339158381 1.1438602688472692e-05 0.0019381613939567941
leaf_weight=766 321 416 564 163 120 621 1017 468 1489 135 532 194 173
leaf_count=766 321 416 564 163 120 621 1017 468 1489 135 532 194 173
internal_value=0.000242161 0.000735096 -0.000101543 -0.000445846 -0.00273003 -0.00019249 0.00126905 -0.000857039 -0.00052896 0.00129721 0.000662893 0.00116587 0.00191946
internal_weight=6979 4071 1583 2908 283 2625 2488 1032 2110 551 1298 515 1190
internal_count=6979 4071 1583 2908 283 2625 2488 1032 2110 551 1298 515 1190
is_linear=0
shrinkage=0.025


Tree=87
num_leaves=15
num_cat=0
split_feature=49 44 34 29 29 37 2 49 39 30 50 38 22 41
split_gain=2.87831 3.34411 2.59255 2.16826 1.90243 1.71247 1.69998 1.66697 1.24916 1.00687 0.848186 0.877174 0.713833 0.594952
threshold=45.494998931884773 0.022128796204924587 0.13401712477207187 0.060972439125180251 0.059821374714374549 0.018077158369123939 0.062747776508331313 31.135000228881839 1.1407244205474856 0.22863546013832095 0.97499999403953563 -0.064305938780307756 0.84467068314552318 0.7569517493247987
decision_type=10 2 2 2 2 2 2 10 2 2 10 2 2 2
left_child=1 5 7 -4 10 12 -6 -3 -7 -8 13 -12 -1 -2
right_child=4 2 3 -5 6 8 9 -9 -10 -11 11 -13 -14 -15
leaf_value=0.0031908042425195719 0.00019718240106653546 0.0010283944825019288 -0.0020436533681318417 -0.00027196164122486848 -0.00016648275937476567 0.0012316614691364972 -0.0020580162909715639 -0.0012954491762491185 -0.00044446207801500495 -0.0012706948775209411 -0.00060355939336786707 -1.386104725704691e-05 0.0012037118969719239 -0.00026381859468085949
leaf_weight=954 818 1530 210 677 198 745 121 414 239 167 136 225 414 130
leaf_count=954 818 1530 210 677 198 745 121 414 239 167 136 225 414 130
internal_value=0.000245418 0.000544767 -3.21755e-05 -0.0011505 -0.000614583 0.00124045 -0.00194246 0.000476527 0.000433519 -0.00315273 -0.000111301 -0.00113729 0.00181264 0.000276758
internal_weight=6978 5183 2831 887 1795 2352 486 1944 984 288 1309 361 1368 948
internal_count=6978 5183 2831 887 1795 2352 486 1944 984 288 1309 361 1368 948
is_linear=0
shrinkage=0.025


Tree=88
num_leaves=12
num_cat=0
split_feature=49 35 49 48 29 9 9 2 46 46 16
split_gain=3.13251 3.30655 2.77446 2.75042 2.71995 2.55613 2.02637 1.71572 1.37703 1.03242 0.610184
threshold=30.645000457763675 0.18170379847288134 13.34500026702881 0.86720469594001781 0.054648298770189292 0.028934516012668613 0.030169653706252578 0.18490173667669299 0.27622890472412115 0.90517240762710582 0.026574428193271164
decision_type=10 2 10 2 2 2 2 2 2 2 2
left_child=1 9 4 7 -3 -4 -5 8 -2 10 -1
right_child=3 2 5 6 -6 -7 -8 -9 -10 -11 -12
leaf_value=0.002990786804224261 -0.00051849642022047844 -0.0017033497360402245 0.003476607238764297 -0.00035392783131942625 -2.2295857946638858e-05 -3.4541539174948653e-05 -0.0026431982406485872 -0.0010966565612901464 0.0002053694134756234 -0.00035352307380720163 0.00077298959611071317
leaf_weight=1317 567 329 656 159 730 833 149 184 1691 179 207
leaf_count=1317 567 329 656 159 730 833 149 184 1691 179 207
internal_value=0.000231409 0.000657014 8.37251e-05 -0.000424229 -0.000889333 0.000780623 -0.00263179 -0.000138435 5.02652e-05 0.00150834 0.00171926
internal_weight=7001 4251 2548 2750 1059 1489 308 2442 2258 1703 1524
internal_count=7001 4251 2548 2750 1059 1489 308 2442 2258 1703 1524
is_linear=0
shrinkage=0.025


Tree=89
num_leaves=7
num_cat=0
split_feature=31 12 4 30 44 41
split_gain=2.3055 1.70874 1.9787 1.49907 1.52527 1.48762
threshold=4.8355185985565194 -0.0099662137217819673 0.16406297683715823 -1.1160396337509153 0.020839167758822445 0.4595311582088471
decision_type=2 2 2 2 2 2
left_child=1 3 -3 -1 -5 -4
right_child=-2 2 5 4 -6 -7
leaf_value=-0.0016900260657406454 -0.0020763810317288422 -0.00117148667121803 -0.0011946578410130491 0.00094178928814771213 0.00021639608805891161 0.00038736485116900893
leaf_weight=128 143 184 294 2433 3064 748
leaf_count=128 143 184 294 2433 3064 748
internal_value=0.000304151 0.00037139 -0.000470146 0.000556172 0.000620002 -3.70104e-05
internal_weight=6994 6851 1226 5625 5497 1042
internal_count=6994 6851 1226 5625 5497 1042
is_linear=0
shrinkage=0.025


Tree=90
num_leaves=9
num_cat=0
split_feature=36 29 38 11 30 16 44 30
split_gain=2.44224 2.43748 1.68708 2.08784 2.414 1.76013 1.23959 0.82311
threshold=0.73070544004440319 0.072261068969964995 -0.13352505117654798 0.019224097020924095 0.10506835952401163 0.020040947012603286 0.015512525103986265 -0.033217001706361764
decision_type=2 2 2 2 2 2 2 2
left_child=2 -2 6 5 -5 -4 -1 -8
right_child=1 -3 3 4 -6 -7 7 -9
leaf_value=-0.00027653683167564179 -0.0020332640041033122 0.00032400938126208537 -0.00016763505821781562 -3.0358888679346985e-05 -0.0014301741337660705 0.00078582797296251157 0.0017776843574111721 0.00088985046908557309
leaf_weight=142 132 127 900 1507 524 2358 643 636
leaf_count=142 132 127 900 1507 524 2358 643 636
internal_value=0.000192322 -0.00216383 0.000285741 7.86268e-05 -0.000548256 0.000471575 0.00104926 0.0012977
internal_weight=6969 259 6710 5289 2031 3258 1421 1279
internal_count=6969 259 6710 5289 2031 3258 1421 1279
is_linear=0
shrinkage=0.025


Tree=91
num_leaves=14
num_cat=0
split_feature=49 44 38 29 37 12 14 30 11 12 36 47 22
split_gain=3.3522 3.57295 2.88607 2.59757 1.97992 1.56309 1.46132 0.930083 0.876298 1.6777 1.40976 0.833313 0.748515
threshold=43.470001220703132 0.023157813586294655 -0.0029159719124436374 0.061864249408245094 0.016458312980830673 -0.2435643449425697 0.8479457199573518 -0.80848711729049672 0.01737300027161837 -0.26348394155502314 0.17881379276514056 0.077035948634147658 0.86362057924270641
decision_type=10 2 2 2 2 2 2 2 2 2 2 2 2
left_child=1 4 5 -4 11 -3 8 -6 10 -10 -2 -1 -8
right_child=6 2 3 -5 7 -7 12 -9 9 -11 -12 -13 -14
leaf_value=4.9121792771804312e-05 0.00070669464454809036 0.0017629925872289461 -0.0022198035499462801 -0.00019523919545057442 -0.00074998646556028261 6.5862135076902884e-05 -0.00043047294476849683 0.0010516152303276926 0.00077573788258340748 -0.00071406701253742355 -0.00034021549641361962 0.0029770880313164153 -0.0013344771823436488
leaf_weight=135 523 288 207 526 216 1420 150 1234 151 555 410 1065 145
leaf_count=135 523 288 207 526 216 1420 150 1234 151 555 410 1065 145
internal_value=0.000221373 0.000558526 -0.000129293 -0.00143801 0.0011935 0.000431261 -0.000662068 0.000562715 -0.000362682 -0.00102496 0.000134595 0.00194502 -0.00227083
internal_weight=7025 5091 2441 733 2650 1708 1934 1450 1639 706 933 1200 295
internal_count=7025 5091 2441 733 2650 1708 1934 1450 1639 706 933 1200 295
is_linear=0
shrinkage=0.025


Tree=92
num_leaves=8
num_cat=0
split_feature=5 11 53 36 38 42 46
split_gain=2.03124 1.72276 1.87439 2.60811 2.48608 1.02789 0.195569
threshold=1.7082256078720095 0.02628665138036013 1.0303152203559878 0.67452606558799755 -0.14440827816724774 0.078480761498212828 0.78154808282852184
decision_type=2 2 10 2 2 2 2
left_child=1 2 3 -1 -4 6 -3
right_child=-2 5 4 -5 -6 -7 -8
leaf_value=0.00067181405722886299 -0.0027088856599219355 0.0023482316424706701 0.0039437439031042038 -0.00085369274111045011 -0.00027465896199011891 -0.00016908771460418857 0.00032121283763826645
leaf_weight=3660 129 477 224 236 2043 131 133
leaf_count=3660 129 477 224 236 2043 131 133
internal_value=0.000273693 0.000333442 0.000194755 0.000527749 -0.00037467 0.0014695 0.00190041
internal_weight=7033 6904 6163 3896 2267 741 610
internal_count=7033 6904 6163 3896 2267 741 610
is_linear=0
shrinkage=0.025


Tree=93
num_leaves=9
num_cat=0
split_feature=5 49 35 53 40 31 49 44
split_gain=2.87952 3.11559 2.97924 3.57895 2.23888 3.75045 1.37673 0.566725
threshold=1.5753308534622195 31.135000228881839 0.18170379847288134 0.78934937715530407 1.0965866446495058 1.1569937467575075 49.734998703002937 0.023157813586294655
decision_type=2 10 2 8 2 2 10 2
left_child=1 2 7 -4 6 -6 -3 -1
right_child=-2 4 3 -5 5 -7 -8 -9
leaf_value=0.0029617616700228083 -0.0017929904166755475 0.00035637715241825451 0.003098299783196496 -0.00013067744998494606 -0.00026840639325125329 -0.0034799528193873415 -0.00024964541686757486 0.0017817280059501993
leaf_weight=968 192 1439 501 1931 377 128 715 727
leaf_count=968 192 1439 501 1931 377 128 715 727
internal_value=0.000241837 0.000328928 0.000759015 0.000194399 -0.00033643 -0.00182598 1.33164e-05 0.0015625
internal_weight=6978 6786 4127 2432 2659 505 2154 1695
internal_count=6978 6786 4127 2432 2659 505 2154 1695
is_linear=0
shrinkage=0.025


Tree=94
num_leaves=11
num_cat=0
split_feature=44 12 17 13 44 53 53 17 38 13
split_gain=1.9716 2.9741 2.28758 2.03084 1.42794 1.63046 1.3066 1.13332 1.10546 0.148081
threshold=0.023157813586294655 -0.2435643449425697 1.4652791619300845 -0.2405392304062843 0.013485527597367765 0.58599483966827404 0.70474621653556835 -0.16199157387018201 -0.13352505117654798 -0.31459449231624598
decision_type=2 2 2 2 2 10 10 2 2 2
left_child=4 9 3 -3 5 -1 7 -6 -8 -2
right_child=1 2 -4 -5 6 -7 8 -9 -10 -11
leaf_value=-0.001740695147275936 0.0014768803834454463 -0.0017515705638226774 -0.0018819640777439338 -3.9123388611609592e-05 -0.00024001782059348507 0.00024219882748775757 0.0022937737075925577 0.0013642029696873893 7.8494768364561942e-05 0.0010308536991858921
leaf_weight=125 236 249 140 2104 162 153 422 1225 1988 166
leaf_count=125 236 249 140 2104 162 153 422 1225 1988 166
internal_value=0.000296595 -0.000200431 -0.00052492 -0.000333439 0.000651042 -0.00105565 0.000778866 0.00139098 0.000421843 0.00177826
internal_weight=6970 2895 2493 2353 4075 278 3797 1387 2410 402
internal_count=6970 2895 2493 2353 4075 278 3797 1387 2410 402
is_linear=0
shrinkage=0.025


Tree=95
num_leaves=11
num_cat=0
split_feature=49 36 9 35 30 49 8 41 11 40
split_gain=3.7166 3.54388 2.05027 2.49454 1.80045 1.44043 1.38573 1.40042 1.27362 1.14031
threshold=43.470001220703132 0.62088850140571605 0.030243222601711753 0.088685993105173125 -0.13336184620857236 11.924999713897707 0.032916070893406875 0.37113283574581152 0.015224853064864876 0.90078678727149974
decision_type=10 2 2 2 2 10 2 2 2 2
left_child=1 2 5 -4 -3 -1 7 -2 -6 -9
right_child=6 4 3 -5 8 -7 -8 9 -10 -11
leaf_value=0.00066358156348448509 -0.001998063067339721 -0.0026207168937084115 0.0017006684913417004 -0.00013836389787497981 0.0018315241512147813 0.0029529360453249202 -0.0016754876767015774 0.00034024239611103626 -0.00071374911022511426 -0.00019527167960339627
leaf_weight=638 124 123 913 1413 151 1510 153 489 339 1157
leaf_count=638 124 123 913 1413 151 1510 153 489 339 1157
internal_value=0.000266394 0.000620827 0.000865986 0.000346954 -0.00115089 0.00142301 -0.000667142 -0.000461268 -0.000441919 -0.000259691
internal_weight=7010 5087 4474 2326 613 2148 1923 1770 490 1646
internal_count=7010 5087 4474 2326 613 2148 1923 1770 490 1646
is_linear=0
shrinkage=0.025


Tree=96
num_leaves=13
num_cat=0
split_feature=49 9 35 43 25 8 14 4 50 35 14 49
split_gain=3.32289 3.2252 2.9648 2.28272 1.42511 1.35839 1.40884 1.54724 1.02093 2.26888 0.902614 0.241757
threshold=44.45000076293946 0.028141040354967121 0.088685993105173125 0.50578120350837719 1.551586449146271 0.03303185477852822 0.82868674397468578 0.26520237326622015 -1.1750000119209287 0.30810406804084783 0.20983126014471057 25.149999618530277
decision_type=10 2 2 2 2 2 2 2 10 2 2 10
left_child=1 8 4 -4 -3 6 10 -8 9 -1 -2 -10
right_child=5 2 3 -5 -6 -7 7 -9 11 -11 -12 -13
leaf_value=0.0019689568099514948 -0.00039155783909278999 0.0022057977003944232 -8.0395886213366273e-05 -0.0017966322853331471 4.1761854519033565e-05 -0.0015770343056272591 -0.0014906765850251718 -3.2851507305840403e-05 0.0037382837022061828 -0.0011312049202940812 7.345630709801505e-05 0.0018244439843446147
leaf_weight=375 328 658 2180 170 425 143 131 138 910 125 1136 334
leaf_count=375 328 658 2180 170 425 143 131 138 910 125 1136 334
internal_value=0.000258749 0.000585923 0.000138525 -0.00035828 0.00121898 -0.000639952 -0.000438003 -0.00208485 0.00146012 0.000482673 -0.000125085 0.00184448
internal_weight=7053 5177 3433 2350 1083 1876 1733 269 1744 500 1464 1244
internal_count=7053 5177 3433 2350 1083 1876 1733 269 1744 500 1464 1244
is_linear=0
shrinkage=0.025


Tree=97
num_leaves=12
num_cat=0
split_feature=19 5 36 12 13 40 30 17 31 9 15
split_gain=1.87108 1.50226 1.46538 1.19287 2.35332 1.09002 1.02938 1.33195 0.766949 0.713753 0.310886
threshold=0.22763876616954806 -0.063580770045518861 0.69696828722953807 -0.23441565781831739 -0.31459449231624598 0.98385545611381542 0.049882832914590843 -0.23193059116601941 1.6214410066604616 0.032269785180687911 0.66379308700561535
decision_type=2 2 2 2 2 2 2 2 2 2 2
left_child=1 6 5 9 -5 8 7 -1 -2 -3 -7
right_child=2 3 -4 4 -6 10 -8 -9 -10 -11 -12
leaf_value=0.0002084125978885845 0.00045759989509865307 0.00047989411310882187 -0.0020039858943111553 -0.0022621001186756869 0.00034280905762868689 5.0703434097904133e-05 0.00070592132498473962 -0.0012370500900752929 -0.0012461311545913303 0.0017142237481971622 0.001189047219510389
leaf_weight=146 126 258 137 188 4785 155 153 223 316 409 121
leaf_count=146 126 258 137 188 4785 155 153 223 316 409 121
internal_value=0.000240138 0.000393019 -0.000850291 0.000512622 0.000376908 -0.000378631 -0.000879981 -0.00159425 -0.00114933 0.00150484 0.000831851
internal_weight=7017 6162 855 5640 4973 718 522 369 442 667 276
internal_count=7017 6162 855 5640 4973 718 522 369 442 667 276
is_linear=0
shrinkage=0.025


Tree=98
num_leaves=10
num_cat=0
split_feature=38 44 4 41 28 28 37 13 39
split_gain=1.91014 1.84334 1.96071 2.04107 1.48509 1.33845 1.20669 0.540043 0.00369394
threshold=-0.19301922619342801 0.023157813586294655 -0.095582254230976091 0.74489024281501781 0.62500000000000011 0.42499999701976782 0.013526365160942079 -0.24325485527515409 0.94459146261215221
decision_type=2 2 2 2 2 2 2 2 2
left_child=8 2 3 -2 -4 7 -7 -3 -1
right_child=1 5 4 -5 -6 6 -8 -9 -10
leaf_value=0.0017516917823388743 0.00016652403703133647 -2.1572084941165798e-05 0.00078449438058539518 -0.0019235358729595788 -0.00017436349965024945 -0.0010251383965658393 -8.4098196392316059e-05 0.001074937034457271 0.0018484771711769503
leaf_weight=148 269 251 2829 161 673 583 1592 287 206
leaf_count=148 269 251 2829 161 673 583 1592 287 206
internal_value=0.000252177 0.000155075 0.000501334 -0.00107759 0.000698246 -0.000344463 -0.000622133 0.000761971 0.00202994
internal_weight=6999 6645 3932 430 3502 2713 2175 538 354
internal_count=6999 6645 3932 430 3502 2713 2175 538 354
is_linear=0
shrinkage=0.025


Tree=99
num_leaves=15
num_cat=0
split_feature=49 34 20 46 40 20 31 24 19 49 37 35 11 38
split_gain=3.21235 2.24226 2.60101 2.23576 3.64676 3.40403 2.2564 2.19567 1.97317 1.88443 1.70568 1.33692 0.95344 0.324301
threshold=28.364999771118168 0.13460735231637957 0.51754802465438854 0.29548789560794836 1.0900796651840212 0.15672348439693454 0.63274505734443676 49.023992538452156 0.17665014415979388 14.175000190734865 0.012012058403342964 0.24334960430860522 0.02152903284877539 -0.061141280457377427
decision_type=10 2 2 2 2 2 2 2 2 10 2 2 2 2
left_child=1 9 10 6 8 -6 12 -4 -5 11 -3 -1 -2 -11
right_child=3 2 7 4 5 -7 -8 -9 -10 13 -12 -13 -14 -15
leaf_value=0.0013210739098500231 -0.00039640320214178322 0.0021765938201463385 -0.0015167759083739576 0.00052519132393651579 -4.1930889833181152e-05 -0.0022180645860459982 -0.0042406780535785196 0.000136871706922358 -0.00027317864000552813 0.0016378842254676082 -9.6259849226667626e-05 -0.00052343833544247435 0.00090719254796561637 0.004718192651888325
leaf_weight=956 345 327 305 1607 241 167 202 210 232 565 609 412 142 719
leaf_count=956 345 327 305 1607 241 167 202 210 232 565 609 412 142 719
internal_value=0.000254295 0.000706244 -7.98419e-05 -0.000375297 4.99565e-06 -0.00211562 -0.00161563 -0.0015024 0.000483324 0.00113803 0.000700053 0.000483431 -0.00066311 0.00182603
internal_weight=7039 4103 1451 2936 2247 408 689 515 1839 2652 936 1368 487 1284
internal_count=7039 4103 1451 2936 2247 408 689 515 1839 2652 936 1368 487 1284
is_linear=0
shrinkage=0.025


Tree=100
num_leaves=13
num_cat=0
split_feature=44 11 4 44 52 33 28 47 41 40 45 18
split_gain=1.73757 1.50173 1.49928 1.90687 1.40319 1.55863 1.29504 1.22978 1.20349 0.661886 0.621998 0.380402
threshold=0.023157813586294655 0.028595602139830593 -0.13015662133693692 0.01572703663259745 -0.16000000387430188 0.0073796089272946128 0.62500000000000011 0.54310345649719249 0.57881343364715587 1.0023084878921511 0.63811445236206066 -0.018103576265275475
decision_type=2 2 2 2 8 2 2 2 2 2 2 2
left_child=2 4 3 -1 5 -2 9 -6 -8 -4 -3 -5
right_child=1 10 6 11 7 -7 8 -9 -10 -11 -12 -13
leaf_value=-0.0013530451736907137 -7.8509773431726938e-05 0.0025679870081237646 0.00053336893338409321 0.00081677910919481292 0.0010970092159761019 -0.0016582197028824611 -0.0011220054775194471 -0.00023906313510146091 0.00029221034656580377 0.0010198500698415916 4.8641205412078091e-05 -0.00038957318981966698
leaf_weight=149 326 216 1635 138 439 345 181 1364 499 1423 189 120
leaf_count=149 326 216 1635 138 439 345 181 1364 499 1423 189 120
internal_value=0.000245945 -0.000224081 0.000573795 -0.000852548 -0.000457342 -0.00142936 0.000731699 -8.91869e-05 -0.00024635 0.000951273 0.00117378 0.00043251
internal_weight=7024 2879 4145 407 2474 671 3738 1803 680 3058 405 258
internal_count=7024 2879 4145 407 2474 671 3738 1803 680 3058 405 258
is_linear=0
shrinkage=0.025


Tree=101
num_leaves=8
num_cat=0
split_feature=5 11 9 45 25 30 13
split_gain=1.73756 1.46824 2.89694 1.71242 1.53151 0.811749 0.69275
threshold=1.5753308534622195 0.02628665138036013 0.034294392913579948 0.24834922701120379 1.0288870334625246 0.11586571112275125 -0.14802743494510648
decision_type=2 2 2 2 2 2 2
left_child=1 2 3 -1 -4 6 -3
right_child=-2 5 4 -5 -6 -7 -8
leaf_value=-0.00014544641892202953 -0.0015425641654736376 0.0022953710408393641 0.00032105212001390561 0.00057222039506458404 -0.0016623773741125366 -4.81836106679574e-05 0.00021250053461007611
leaf_weight=1302 188 479 273 3923 566 128 126
leaf_count=1302 188 479 273 3923 566 128 126
internal_value=0.000269135 0.000336114 0.000206583 0.000426625 -0.00115077 0.00139058 0.00177254
internal_weight=6985 6797 6064 5225 839 733 605
internal_count=6985 6797 6064 5225 839 733 605
is_linear=0
shrinkage=0.025


Tree=102
num_leaves=14
num_cat=0
split_feature=49 35 11 39 46 31 49 39 24 9 29 7 33
split_gain=3.25205 2.44357 2.81678 2.83897 2.07991 2.29249 1.5081 1.35193 1.08719 1.17093 1.01117 0.779209 0.172051
threshold=30.645000457763675 0.18170379847288134 0.020119541324675087 1.1857218742370608 0.29548789560794836 0.62309268116951 15.050000190734865 1.1227703690528872 47.158409118652351 0.037127789109945304 0.066707368940114989 -0.013505103532224892 0.017548478208482269
decision_type=10 2 2 2 2 2 10 2 2 2 2 2 2
left_child=1 10 6 -4 5 7 -3 -2 9 -6 12 -12 -1
right_child=4 2 3 -5 8 -7 -8 -9 -10 -11 11 -13 -14
leaf_value=0.0033208238727370012 6.749103881372675e-05 6.7249580435612042e-05 -0.0015030960565453613 0.00039764287801625353 0.00021254085290803911 -0.0052927823365121647 0.0022195949891226424 -0.0014131529221221271 -0.0013831979000467917 -0.0006248117536258982 0.0017793259100521146 0.00032965684134741806 0.0017355958149589989
leaf_weight=829 360 909 486 334 1772 173 829 122 125 174 266 502 125
leaf_count=829 360 909 486 334 1772 173 829 122 125 174 266 502 125
internal_value=0.00033287 0.000762836 0.000268728 -0.000931818 -0.000340077 -0.0015625 0.000839788 -0.00064425 4.63633e-05 0.000196694 0.0014903 0.000793985 0.00203728
internal_weight=7006 4280 2558 820 2726 655 1738 482 2071 1946 1722 768 954
internal_count=7006 4280 2558 820 2726 655 1738 482 2071 1946 1722 768 954
is_linear=0
shrinkage=0.025


Tree=103
num_leaves=15
num_cat=0
split_feature=49 9 46 40 20 34 43 38 53 49 46 12 28 41
split_gain=2.60927 2.49313 2.10437 4.51693 3.43558 2.07339 2.77877 1.7708 1.68274 1.40726 1.25065 0.952509 0.950671 0.0615468
threshold=31.135000228881839 0.028074854984879497 0.29548789560794836 1.0965866446495058 0.15672348439693454 0.13401712477207187 0.4045891016721726 -0.024503616616129872 1.230301082134247 15.170000076293947 0.16269258409738543 -0.22967173904180524 0.62500000000000011 0.44652420282363897
decision_type=10 2 2 2 2 2 2 2 10 10 2 2 2 2
left_child=1 9 8 7 -5 11 -7 -4 10 12 -2 -3 -1 -11
right_child=2 5 3 4 -6 6 -8 -9 -10 13 -12 -13 -14 -15
leaf_value=0.0017120855155620897 0.00024468043377683031 0.0020404171234886252 0.00087410980852329831 -0.00030902207639520109 -0.0032934530129875728 -0.00017627103292596087 -0.002972225251324546 -0.00018136472278850892 -0.0020652124979601066 0.0042402093933771486 -0.0014687207755176717 0.00033130634685726314 -0.00034672727766645679 0.0046864873086589929
leaf_weight=491 234 364 1135 205 130 878 124 516 158 139 235 1524 205 602
leaf_count=491 234 364 1135 205 130 878 124 516 158 139 235 1524 205 602
internal_value=0.00025468 0.000631637 -0.000367169 2.95079e-05 -0.00259191 0.000205095 -0.000708788 0.000571407 -0.00162381 0.00148145 -0.00083597 0.000694004 0.000654422 0.00224028
internal_weight=6940 4327 2613 1986 335 2890 1002 1651 627 1437 469 1888 696 741
internal_count=6940 4327 2613 1986 335 2890 1002 1651 627 1437 469 1888 696 741
is_linear=0
shrinkage=0.025


Tree=104
num_leaves=15
num_cat=0
split_feature=49 44 37 2 29 50 11 13 39 9 39 46 38 17
split_gain=3.22401 2.24206 1.98695 1.70481 2.02061 1.68203 1.64658 1.80999 1.24566 1.17012 1.11814 0.821684 0.795528 0.690933
threshold=44.45000076293946 0.022128796204924587 0.017709448002278808 0.062747776508331313 0.060308959335088737 0.97499999403953563 0.025255788117647174 -0.28227145969867701 1.1520092487335207 0.021814662963151935 0.92757144570350658 0.90517240762710582 -0.062470324337482445 -0.038498533889651292
decision_type=10 2 2 2 2 10 2 2 2 2 2 2 2 2
left_child=1 2 -1 5 9 13 7 -3 -4 -5 -6 -8 -7 -2
right_child=3 6 8 4 10 12 11 -9 -10 -11 -12 -13 -14 -15
leaf_value=0.0025144208342903272 -0.0002213164408208355 -0.0025593182412204929 0.001143491431841034 -0.00024948278233526426 -0.0026124730556434271 -0.0010200748426461724 0.001735404641065351 -2.9953379765552805e-05 -0.00049105997297135286 0.00025342732316993902 -0.0013783275374281065 -0.00050589530103663585 -8.6216392316973249e-05 0.0005014779021777397
leaf_weight=1245 157 120 835 147 125 156 619 1916 233 219 198 123 167 737
leaf_count=1245 157 120 835 147 125 156 619 1916 233 219 198 123 167 737
internal_value=0.000283669 0.00061249 0.00118691 -0.000590659 -0.00157961 -2.14811e-05 0.000130704 -0.000234566 0.000385601 -0.000279649 -0.00300686 0.00113621 -0.00155869 0.000532536
internal_weight=6997 5091 2313 1906 689 1217 2778 2036 1068 366 323 742 323 894
internal_count=6997 5091 2313 1906 689 1217 2778 2036 1068 366 323 742 323 894
is_linear=0
shrinkage=0.025


Tree=105
num_leaves=15
num_cat=0
split_feature=49 52 33 35 17 54 41 38 9 44 2 36 48 41
split_gain=2.77893 3.31597 3.05642 1.62624 2.2204 2.19598 1.77112 1.53952 1.44497 1.4274 1.32429 0.82978 0.804881 0.0833879
threshold=28.364999771118168 -1.0950000286102293 0.0073796089272946128 0.24557013064622882 0.8461224138736726 2.3349999189376835 0.65892279148101818 -0.13584136217832563 0.029062633402645591 0.023157813586294655 0.09766226634383203 0.49356755614280706 0.20983126014471057 0.39137187600135809
decision_type=8 8 2 2 2 8 2 2 2 2 2 2 2 2
left_child=1 2 12 5 6 7 -5 -2 13 -7 -4 -10 -1 -3
right_child=3 8 10 4 -6 9 -8 -9 11 -11 -12 -13 -14 -15
leaf_value=-0.0008505657627102519 0.00039376461967711545 0.0041897517171019067 -0.002426155037375866 -0.00099705497230401945 0.0010970345608714231 0.0012500141162624914 -0.0018080323982187924 -0.00030922109995383708 0.0015319414917954581 -0.00023162320287720861 -0.00077574696217680417 -6.2820450770005048e-05 0.0014549063918575782 0.0045250692987416265
leaf_weight=120 483 124 134 255 151 856 144 1684 783 455 350 370 400 694
leaf_count=120 483 124 134 255 151 856 144 1684 783 455 350 370 400 694
internal_value=0.00025346 0.000832634 -0.000330773 -0.000173258 -0.00143018 2.5481e-05 -0.00240408 -0.000460981 0.00142776 0.000833017 -0.00175613 0.000843048 0.000988095 0.0022342
internal_weight=7003 2975 1004 4028 550 3478 399 2167 1971 1311 484 1153 520 818
internal_count=7003 2975 1004 4028 550 3478 399 2167 1971 1311 484 1153 520 818
is_linear=0
shrinkage=0.025


Tree=106
num_leaves=9
num_cat=0
split_feature=12 44 46 37 5 34 38 23
split_gain=1.72358 2.36165 1.91654 1.8617 1.37284 1.47153 1.14936 0.173505
threshold=-0.27228215336799616 0.028645348735153679 0.24834922701120379 0.020133496262133125 1.481787443161011 -0.048849875107407563 -0.028285456821322438 0.23326542228460315
decision_type=2 2 2 2 2 2 2 2
left_child=7 2 3 -2 5 -3 -4 -1
right_child=1 4 6 -5 -6 -7 -8 -9
leaf_value=0.0007442958139542051 7.1795030473379028e-05 -0.0011066257785934004 0.00090735519831137621 -0.0017239202912180875 -0.0027862888274719812 -9.665416549535814e-05 9.4306298092948195e-05 0.0019125354606173307
leaf_weight=187 951 123 2774 311 125 746 1574 264
leaf_count=187 951 123 2774 311 125 746 1574 264
internal_value=0.0003125 0.000208617 0.000408504 -0.000444949 -0.00090966 -0.000539188 0.00065788 0.00180099
internal_weight=7055 6604 5610 1262 994 869 4348 451
internal_count=7055 6604 5610 1262 994 869 4348 451
is_linear=0
shrinkage=0.025


Tree=107
num_leaves=14
num_cat=0
split_feature=49 34 43 49 46 31 51 35 41 49 48 41 9
split_gain=2.17201 2.50403 3.01009 1.5947 1.57538 2.4951 1.3211 1.10411 1.02092 0.966541 1.93939 1.52695 0.46379
threshold=28.364999771118168 0.13460735231637957 0.39618501067161566 14.175000190734865 0.29548789560794836 0.62309268116951 0.98499998450279247 0.14245714247226718 0.69660755991935741 49.335000991821296 0.59097579121589672 0.54270759224891674 0.029684051871299747
decision_type=10 2 2 10 2 2 10 2 2 10 2 2 2
left_child=1 3 6 7 5 8 -3 -1 -2 10 -6 -11 -5
right_child=4 2 -4 12 9 -7 -8 -9 -10 11 -12 -13 -14
leaf_value=0.0013031643545920965 0.00039016921691380522 0.0005239054850522724 -0.0019080955659166302 0.0044783870637491096 0.00089442989286726187 -0.0044501491383989742 -0.0011234824108507721 -0.00010959539026518795 -0.00027497132653823373 -0.00055156881319754186 -0.00038634062740752349 0.0001510669593408152 0.0013761821488277601
leaf_weight=670 311 1072 146 660 850 214 238 692 195 375 477 477 600
leaf_count=670 311 1072 146 660 850 214 238 692 195 375 477 477 600
internal_value=0.000298804 0.000670769 -0.000156571 0.00113199 -0.000222538 -0.00123276 0.000223384 0.000529444 -0.000251957 0.000110463 0.000533972 -0.000541132 0.00177372
internal_weight=6977 4078 1456 2622 2899 720 1310 1362 506 2179 1327 852 1260
internal_count=6977 4078 1456 2622 2899 720 1310 1362 506 2179 1327 852 1260
is_linear=0
shrinkage=0.025


Tree=108
num_leaves=13
num_cat=0
split_feature=49 35 50 29 9 9 1 29 17 48 39 44
split_gain=2.9793 2.45205 3.03851 2.9278 1.94932 1.84925 1.25294 1.2424 1.11978 4.03442 1.38889 0.691363
threshold=42.905000686645515 0.23045801371335986 -1.2300000190734861 0.056357225403189666 0.030625439248979095 0.028074854984879497 0.09992659837007524 0.080271769315004363 0.099283631891012206 0.62931033968925487 0.84673219919204723 0.023213730193674568
decision_type=10 2 10 2 2 2 2 2 2 2 2 2
left_child=1 4 3 -3 11 -4 -6 8 9 -2 -10 -1
right_child=7 2 5 -5 6 -7 -8 -9 10 -11 -12 -13
leaf_value=0.0027963466015176268 0.00019014775227889005 -0.0018340689949148338 0.001788431026135744 -0.00037264569156189868 0.00072120667057802188 -0.0001039106856731363 -0.001763916875505196 -0.0013829359092456552 -0.0004164221435848962 -0.0022286031756944542 0.00020392442271101102 0.00050027809179379527
leaf_weight=1119 204 160 599 326 1320 1246 144 192 518 128 912 168
leaf_count=1119 204 160 599 326 1320 1246 144 192 518 128 912 168
internal_value=0.000235585 0.000555091 -3.90624e-05 -0.00178971 0.00105996 0.000422297 0.000428012 -0.000591501 -0.000375637 -0.00167285 -6.53309e-05 0.00176954
internal_weight=7036 5082 2331 486 2751 1845 1464 1954 1762 332 1430 1287
internal_count=7036 5082 2331 486 2751 1845 1464 1954 1762 332 1430 1287
is_linear=0
shrinkage=0.025


Tree=109
num_leaves=13
num_cat=0
split_feature=49 34 31 40 11 12 37 8 31 5 40 4
split_gain=2.14422 2.06286 2.93023 4.25064 2.17837 2.20308 1.48831 1.39296 1.26171 1.646 0.820951 0.676497
threshold=42.905000686645515 0.13460735231637957 2.244572758674622 0.98766797780990612 0.020119541324675087 -0.20867485553026197 0.012012058403342964 0.032916070893406875 0.32389606535434728 0.16587144136428836 1.0094784498214724 0.70299211144447338
decision_type=10 2 2 2 2 2 2 2 2 2 2 2
left_child=1 4 6 -4 11 -6 -3 8 10 -10 -2 -1
right_child=7 2 3 -5 5 -7 -8 -9 9 -11 -12 -13
leaf_value=0.0027384572921361604 0.00069451464149512137 0.0016401577224142501 -0.0020551052404091962 0.0017889348407775724 0.0014643669181282804 -0.00021190767036305394 -0.00012727839598880063 -0.0013097699193748823 -0.0016070772546868289 -9.2845030246957306e-05 -4.1226963802685625e-05 0.00063229404670600911
leaf_weight=1282 215 385 221 142 651 1274 826 157 122 1308 138 269
leaf_count=1282 215 385 221 142 651 1274 826 157 122 1308 138 269
internal_value=0.000295747 0.000567507 -0.000179702 -0.00213655 0.000907426 0.000340026 0.0004081 -0.000408098 -0.000202041 -0.000535714 0.00112081 0.00160427
internal_weight=6990 5050 1574 363 3476 1925 1211 1940 1783 1430 353 1551
internal_count=6990 5050 1574 363 3476 1925 1211 1940 1783 1430 353 1551
is_linear=0
shrinkage=0.025


Tree=110
num_leaves=15
num_cat=0
split_feature=49 52 33 10 9 35 29 54 4 35 9 20 42 49
split_gain=2.34788 3.08212 2.83579 1.81875 1.59573 1.36831 2.84362 1.9953 1.55251 1.47661 1.17328 0.704842 0.547648 0.150284
threshold=28.364999771118168 -1.2150000333786009 0.0072531707119196662 0.016481166705489162 0.029062633402645591 0.24557013064622882 0.060308959335088737 2.3349999189376835 0.70299211144447338 -0.10340596362948416 0.031692605465650565 0.75590851902961742 0.042447069659829147 15.170000076293947
decision_type=8 8 2 2 2 2 2 8 2 2 2 2 2 10
left_child=1 2 12 -4 13 7 -7 9 -9 -2 -8 -6 -1 -3
right_child=5 4 3 -5 11 6 10 8 -10 -11 -12 -13 -14 -15
leaf_value=0.0013952015313120829 0.00059433843442610872 0.0015658457402592018 -0.00026970077497722789 -0.002329843296559751 0.00084887677305969236 -0.0016448003717691286 0.0010175688929922068 0.0010166555764650827 -0.0011521019416601418 -0.00024007121816159972 -0.00066501926916210752 -0.00077061603719125605 -2.7280803960452132e-05 0.0048044019440010594
leaf_weight=287 327 148 298 205 999 234 176 1129 143 1854 151 154 172 709
leaf_count=287 327 148 298 205 999 234 176 1129 143 1854 151 154 172 709
internal_value=0.000222965 0.000755375 -0.000402016 -0.00169537 0.00131203 -0.000170129 -0.00130963 1.48208e-05 0.000801684 -0.000442017 0.000184488 0.000691926 0.00100485 0.00213022
internal_weight=6986 2972 962 503 2010 4014 561 3453 1272 2181 327 1153 459 857
internal_count=6986 2972 962 503 2010 4014 561 3453 1272 2181 327 1153 459 857
is_linear=0
shrinkage=0.025


Tree=111
num_leaves=11
num_cat=0
split_feature=34 52 10 47 44 37 26 44 46 36
split_gain=1.24254 1.47303 1.73079 1.56302 1.07492 1.02901 1.0113 0.95491 0.907996 0.694934
threshold=1.0000000180025095e-35 -0.63500002026557911 0.016481166705489162 0.8479457199573518 0.013485527597367765 0.017100033350288871 0.044731708243489272 0.021386638283729557 0.10491563007235528 0.061995018273592002
decision_type=2 8 2 2 2 2 2 2 2 2
left_child=6 2 5 -4 -3 -2 8 -6 -1 -10
right_child=1 4 3 -5 7 -7 -8 -9 9 -11
leaf_value=-0.00032879475102814287 -0.00019318193327338019 -0.00085795375015205186 -0.0022228646636665013 0.00056626615866698347 0.00057326942230023195 0.0014193891140335151 -0.00062607830832558183 3.8372508208428973e-06 4.2916089404692011e-05 0.0012611120737141554
leaf_weight=231 522 158 254 121 1486 215 143 1750 392 1703
leaf_count=231 522 158 254 121 1486 215 143 1750 392 1703
internal_value=0.000283847 3.51918e-05 -0.000750895 -0.00212171 0.000295308 -3.53773e-05 0.000734135 0.000396097 0.000861755 0.00102679
internal_weight=6975 4506 1112 375 3394 737 2469 3236 2326 2095
internal_count=6975 4506 1112 375 3394 737 2469 3236 2326 2095
is_linear=0
shrinkage=0.025


Tree=112
num_leaves=9
num_cat=0
split_feature=12 13 40 44 5 52 40 28
split_gain=1.54332 2.55018 2.23173 2.06892 1.57137 1.3431 1.16866 0.259199
threshold=-0.27228215336799616 -0.27674199640750879 0.78511440753936779 0.023157813586294655 0.47107398509979254 -0.63500002026557911 0.99488943815231334 0.37500000000000006
decision_type=2 2 2 2 2 8 2 2
left_child=7 2 -2 6 -4 -5 -3 -1
right_child=1 3 4 5 -6 -7 -8 -9
leaf_value=0.00073902057912226095 -0.0023527510222588689 0.00023707951159822858 -0.0005892552371848139 -0.00094122613910033745 0.0015353038148643375 2.1889611981562116e-05 0.00079464742184409795 0.001083958970979356
leaf_weight=186 120 1822 404 572 146 1786 1725 265
leaf_count=186 120 1822 404 572 146 1786 1725 265
internal_value=0.000228808 0.000130129 -0.00132407 0.000297166 -0.000619369 -0.000274545 0.000678843 0.00163651
internal_weight=7026 6575 670 5905 550 2358 3547 451
internal_count=7026 6575 670 5905 550 2358 3547 451
is_linear=0
shrinkage=0.025


Tree=113
num_leaves=11
num_cat=0
split_feature=38 9 17 41 2 5 27 41 42 35
split_gain=1.40368 1.77721 1.66748 1.47245 1.41695 1.39583 1.15883 0.52872 0.812779 0.700914
threshold=-0.13352505117654798 0.030243222601711753 -0.038498533889651292 0.41766755282878881 -0.14486800134181974 1.5753308534622195 0.0026885382831096654 0.516627997159958 0.09848677366971971 0.058284042403101928
decision_type=2 2 2 2 2 2 2 2 2 2
left_child=7 2 6 -4 -3 -6 -2 -1 9 -9
right_child=1 4 3 -5 5 -7 -8 8 -10 -11
leaf_value=-0.00021200779412695403 -0.0014512373882921473 0.0014757255440857086 -0.0004986658848500973 0.00055779113546394754 -0.00024659938115418684 -0.0023778525531490558 0.00047776803843581898 0.0013321073976190947 -0.00018191381943051321 -7.953635617703572e-05
leaf_weight=192 186 145 432 2746 1867 130 121 868 184 154
leaf_count=192 186 145 432 2746 1867 130 121 868 184 154
internal_value=0.000281828 0.000104093 0.00045308 0.000624804 -0.000460526 -0.000637487 -0.00128606 0.000989843 0.00118394 0.00145935
internal_weight=7025 5627 3485 3178 2142 1997 307 1398 1206 1022
internal_count=7025 5627 3485 3178 2142 1997 307 1398 1206 1022
is_linear=0
shrinkage=0.025


Tree=114
num_leaves=14
num_cat=0
split_feature=49 9 35 41 14 45 49 25 45 40 41 4 49
split_gain=1.88559 2.74699 3.46629 2.56212 1.61154 1.19442 1.90694 1.17954 1.00866 1.75033 1.05229 0.945849 0.593209
threshold=44.45000076293946 0.028074854984879497 0.12673792243003848 0.81255891919136058 0.8479457199573518 0.14343360066413882 29.715000152587894 1.4063301086425783 0.62931033968925487 0.90179258584976207 0.54016038775444042 0.277835562825203 15.170000076293947
decision_type=10 2 2 2 2 2 8 2 2 2 2 2 10
left_child=1 5 7 -4 8 6 -1 -3 9 -2 -10 -6 -7
right_child=4 2 3 -5 11 12 -8 -9 10 -11 -12 -13 -14
leaf_value=0.0032568278336300633 0.00043631969823644773 0.0014632783241269949 -0.00022978004431118055 -0.0015415970210473345 -0.0011042610639161038 0.00094352822435417219 -0.0021901627859640554 0.00016936791565232658 -0.00031587917774663883 -0.0004493019966667643 0.00086959575403892659 -0.00016293260298293069 0.0032102258001243584
leaf_weight=179 285 801 1898 122 123 544 138 602 275 778 288 156 857
leaf_count=179 285 801 1898 122 123 544 138 602 275 778 288 156 857
internal_value=0.000221068 0.000470511 5.87078e-05 -0.000601852 -0.000448298 0.00128482 -8.15216e-05 0.00101296 -0.000140251 -0.00059574 0.000706426 -0.0021875 0.00159762
internal_weight=7046 5141 3423 2020 1905 1718 317 1403 1626 1063 563 279 1401
internal_count=7046 5141 3423 2020 1905 1718 317 1403 1626 1063 563 279 1401
is_linear=0
shrinkage=0.025


Tree=115
num_leaves=14
num_cat=0
split_feature=49 9 9 48 46 12 52 37 3 22 49 42 48
split_gain=2.8083 3.01836 1.70004 2.58408 1.58352 1.41056 1.48309 1.08118 0.793803 0.356096 0.354247 0.250369 0.047992
threshold=28.364999771118168 0.028002643957734111 0.036416299641132362 0.73275861144065868 0.24834922701120379 -0.20741660892963407 -1.2150000333786009 0.018235744908452037 0.17629411071538928 0.1874247491359711 15.170000076293947 0.021630993112921718 0.20983126014471057
decision_type=8 2 2 2 2 2 8 2 2 2 10 2 2
left_child=1 10 4 -4 7 9 -7 -2 -6 -3 11 -1 -12
right_child=2 5 3 -5 8 6 -8 -9 -10 -11 12 -13 -14
leaf_value=0.0025619565886492398 -0.0001096670964603778 0.0004571811219346441 7.6111442299974509e-05 -0.0018657930790467474 0.00055317753873595132 -0.00073708447795899665 0.0005366152095900782 -0.00094682412267675013 -4.0453910650787444e-05 0.0022779563118651004 0.0028633316965791505 0.0002027324531766503 0.0040381285925692473
leaf_weight=141 570 149 221 223 1650 607 1017 275 1102 248 167 126 559
leaf_count=141 570 149 221 223 1650 607 1017 275 1102 248 167 126 559
internal_value=0.000301877 0.000879016 -0.000127595 -0.00157851 5.17075e-05 0.000318978 -5.3713e-06 -0.000889706 0.000344124 0.0016449 0.00200526 0.0011443 0.00230335
internal_weight=7055 3014 4041 444 3597 2021 1624 845 2752 397 993 267 726
internal_count=7055 3014 4041 444 3597 2021 1624 845 2752 397 993 267 726
is_linear=0
shrinkage=0.025


Tree=116
num_leaves=15
num_cat=0
split_feature=34 40 40 36 43 17 53 43 37 15 17 0 44 30
split_gain=1.37629 1.13339 2.2806 1.67547 2.94329 1.51211 1.33816 1.06892 0.923711 1.75563 1.53241 0.978441 0.826932 0.15579
threshold=1.0000000180025095e-35 0.99488943815231334 0.95618167519569408 0.19018984586000445 -0.023088146001100537 0.96224048733711254 1.0395900607109072 0.095543865114450469 0.028832523152232174 0.077586207538843169 0.91906166076660167 -0.0012467622291296718 0.027586558833718303 0.024044811725616459
decision_type=2 2 2 2 2 2 10 2 2 2 2 2 2 2
left_child=8 2 5 4 -3 -2 -4 -5 9 -1 11 -10 -11 -12
right_child=1 3 6 7 -6 -7 -8 -9 10 12 13 -13 -14 -15
leaf_value=-0.00096974460815610103 0.00015261328638542499 -0.0011081909589954583 -0.00043490503861201682 0.00092950182222628804 0.00029568402632693965 -0.00087482942042558869 -0.0013772491080397741 -0.00014443363044398252 9.4790478104167332e-06 0.001182563856891397 0.00034440656147983898 -0.0013511543743030346 -5.7226603809880632e-05 0.0021799371514446687
leaf_weight=121 1664 179 212 1166 260 545 129 362 130 1584 151 137 261 120
leaf_count=121 1664 179 212 1166 260 545 129 362 130 1584 151 137 261 120
internal_value=0.000209401 -5.00331e-05 -0.000398728 0.000398707 -0.000948761 -9.99322e-05 -0.00228685 0.000791748 0.000679055 0.000930365 -0.0002279 -0.0015671 0.001125 0.00107337
internal_weight=7021 4517 2550 1967 439 2209 341 1528 2504 1966 538 267 1845 271
internal_count=7021 4517 2550 1967 439 2209 341 1528 2504 1966 538 267 1845 271
is_linear=0
shrinkage=0.025


Tree=117
num_leaves=14
num_cat=0
split_feature=49 35 29 49 9 14 9 12 37 9 45 3 13
split_gain=2.34146 2.31155 2.08803 2.69327 1.41813 1.39205 1.31346 1.29226 0.777977 0.67801 0.645336 1.13279 0.752574
threshold=43.470001220703132 0.2263690382242203 0.055168140679597862 11.719999790191652 0.030625439248979095 0.8479457199573518 0.026773151941597465 -0.19919898360967633 0.016642886213958267 0.024901874363422397 0.62931033968925487 0.18552791327238086 -0.12743341177701947
decision_type=10 2 2 10 2 2 2 2 2 2 2 2 2
left_child=1 4 3 -3 8 10 -4 -6 -1 -7 11 -2 -12
right_child=5 2 6 -5 7 9 -8 -9 -10 -11 12 -13 -14
leaf_value=0.0033019927569817261 -6.8886354658394467e-05 -0.0018593967622623454 0.0015171796806748598 -0.00010014659700267501 0.001202451362623028 -0.0011042847919278717 3.7534159580370846e-05 -1.4818990759505429e-05 0.0010429352687232566 -0.00029963320483900372 -0.00013123379901503512 -0.0013240666962845858 0.00045999284333516689
leaf_weight=787 928 183 289 497 457 131 1343 974 508 152 217 136 347
leaf_count=787 928 183 289 497 457 131 1343 974 508 152 217 136 347
internal_value=0.00022523 0.000508378 -7.06732e-05 -0.00123175 0.00100101 -0.000517354 0.000411576 0.000450035 0.00160096 -0.0021224 -0.000228873 -0.000592844 0.000445958
internal_weight=6949 5038 2312 680 2726 1911 1632 1431 1295 283 1628 1064 564
internal_count=6949 5038 2312 680 2726 1911 1632 1431 1295 283 1628 1064 564
is_linear=0
shrinkage=0.025


Tree=118
num_leaves=15
num_cat=0
split_feature=49 34 40 31 37 46 40 3 20 24 40 46 40 48
split_gain=1.77489 3.23988 1.67436 2.16965 1.61765 1.56326 2.23919 2.61453 1.77686 2.20514 1.13143 1.11484 0.8046 0.683806
threshold=28.364999771118168 0.11639954522252084 1.18511039018631 2.1589119434356694 0.02759567461907864 0.24834922701120379 1.0752086639404299 0.29139555990695959 0.025220287963747982 29.482978820800785 0.98920315504074108 0.61023476719856273 0.74484241008758556 0.26724137365818029
decision_type=8 2 2 2 2 2 2 2 2 2 2 2 2 2
left_child=1 4 3 -3 12 8 10 -8 13 -10 -7 -6 -1 -2
right_child=5 2 -4 -5 11 6 7 -9 9 -11 -12 -13 -14 -15
leaf_value=7.1091950423117758e-05 0.00078931273034081985 6.3819002874342386e-05 0.0020264237935063651 -0.0013264266792093885 -0.00039002482590218192 6.7921527793915156e-05 -0.00010466624362127191 -0.0022182396676094954 -0.0018438229767780868 7.4248097746053979e-05 0.00094747564709511461 0.0018656135469265495 0.0035404891916459864 -0.00022768383763538034
leaf_weight=128 157 762 214 326 278 1706 690 170 251 142 599 183 1149 310
leaf_count=128 157 762 214 326 278 1706 690 170 251 142 599 183 1149 310
internal_value=0.000223656 0.000679393 -0.000259181 -0.000662168 0.00138483 -0.000119417 0.000136041 -0.000946532 -0.00106214 -0.00228957 0.000543831 9.9249e-05 0.00184185 -2.64821e-06
internal_weight=7065 3040 1302 1088 1738 4025 3165 860 860 393 2305 461 1277 467
internal_count=7065 3040 1302 1088 1738 4025 3165 860 860 393 2305 461 1277 467
is_linear=0
shrinkage=0.025


Tree=119
num_leaves=15
num_cat=0
split_feature=49 36 53 44 23 34 20 43 18 36 9 47 36 40
split_gain=2.43202 2.29551 1.49556 1.47862 1.48949 1.28538 1.22281 1.41571 2.08752 1.38735 1.24331 1.81734 0.748238 0.360117
threshold=43.470001220703132 0.49564366042613989 1.0955706238746645 0.02112348843365908 0.15208824723958972 -0.06013053655624389 1.0000000180025095e-35 -0.082032445818185792 0.011958684306591751 0.31103084981441503 0.022580935619771484 0.5524578094482423 0.37596899271011358 1.0380715131759646
decision_type=10 2 8 2 2 2 2 2 2 2 2 2 2 2
left_child=1 2 12 13 -5 -4 10 8 -8 -9 -2 -12 -1 -3
right_child=6 3 5 4 -6 -7 7 9 -10 -11 11 -13 -14 -15
leaf_value=0.0034328583648501284 0.0006539737833378904 0.0013836000416503019 0.0039846244313042354 -0.0009191493798277185 -0.00021503499198818104 0.00014555627693323207 -7.229107700287237e-05 -1.4907304554693938e-05 -0.001283199228713958 -0.0014131825972697922 -0.0011057698660160008 0.00050227542374715265 0.0010047231457696918 0.00043106330442095836
leaf_weight=826 195 192 242 241 859 1891 127 923 135 194 123 224 600 174
leaf_count=826 195 192 242 241 859 1891 127 923 135 194 123 224 600 174
internal_value=0.000213459 0.000503231 0.00084631 -0.000325459 -0.000786199 0.000421539 -0.000540628 -0.000936597 -0.00257959 -0.000535873 0.000454753 -0.000429687 0.00147362 0.00103437
internal_weight=6946 5025 3559 1466 1100 2133 1921 1379 262 1117 542 347 1426 366
internal_count=6946 5025 3559 1466 1100 2133 1921 1379 262 1117 542 347 1426 366
is_linear=0
shrinkage=0.025


Tree=120
num_leaves=13
num_cat=0
split_feature=49 34 37 48 37 46 1 46 25 40 29 4
split_gain=1.71838 2.31158 1.89763 1.66288 1.28322 1.58313 1.2599 1.09394 1.76101 1.75178 0.926042 0.740084
threshold=28.364999771118168 0.13460735231637957 0.012456941418349745 0.90517240762710582 0.017277746461331848 0.24834922701120379 0.088785689324140563 0.29548789560794836 10.942018985748293 1.0900796651840212 0.060308959335088737 0.52905505895614635
decision_type=10 2 2 2 2 2 2 2 2 2 2 2
left_child=1 4 10 7 11 -6 -4 8 -2 -9 -3 -1
right_child=3 2 6 -5 5 -7 -8 9 -10 -11 -12 -13
leaf_value=0.0040379069773275418 -4.612952489946808e-05 -0.00011418694754317364 -0.00017058811054656892 -0.0014143941466486301 -0.00054768993000555539 0.00071147925294067404 -0.0015690239977343161 0.00036231978595326406 -0.0025410114126325459 -0.0010062464192597388 0.0015509985079056466 0.0011237943469053723
leaf_weight=825 498 254 701 238 377 1230 215 1715 149 284 307 201
leaf_count=825 498 254 701 238 377 1230 215 1715 149 284 307 201
internal_value=0.000289863 0.000618165 -0.000169534 -0.000176099 0.00106188 0.000611818 -0.000872693 3.30073e-06 -0.000883819 0.000295035 0.000965106 0.00175436
internal_weight=6994 4110 1477 2884 2633 1607 916 2646 647 1999 561 1026
internal_count=6994 4110 1477 2884 2633 1607 916 2646 647 1999 561 1026
is_linear=0
shrinkage=0.025


Tree=121
num_leaves=6
num_cat=0
split_feature=19 36 30 38 48
split_gain=1.46532 1.44557 1.27125 0.901879 0.823961
threshold=0.32683576643466955 0.73070544004440319 -1.1160396337509153 -0.19301922619342801 0.48606015741825109
decision_type=2 2 2 2 2
left_child=1 2 -1 -4 -2
right_child=4 -3 3 -5 -6
leaf_value=-0.00099835398122196219 -0.00045693691353410819 -0.00099863055313990814 0.0014755731613241467 0.00022463886762856216 -0.0020962470827468379
leaf_weight=138 183 221 355 5933 144
leaf_count=138 183 221 355 5933 144
internal_value=0.000258454 0.000339935 0.00040954 0.000463015 -0.00135919
internal_weight=6974 6647 6426 6288 327
internal_count=6974 6647 6426 6288 327
is_linear=0
shrinkage=0.025


Tree=122
num_leaves=13
num_cat=0
split_feature=49 35 50 48 48 44 52 9 19 20 1 23
split_gain=2.11937 2.69403 1.81875 1.54639 1.49399 2.90418 1.43364 1.1696 1.10082 1.73025 0.998121 0.223915
threshold=28.364999771118168 0.2263690382242203 -1.0349999666213987 0.74303007125854503 0.90517240762710582 0.020839167758822445 -2.7899999618530269 0.028357615694403652 0.23135247081518176 0.28867976367473608 0.09992659837007524 0.13535437732934955
decision_type=10 2 10 2 2 2 8 2 2 2 2 2
left_child=1 7 3 -3 8 -6 -4 11 9 -2 -9 -1
right_child=4 2 6 -5 5 -7 -8 10 -10 -11 -12 -13
leaf_value=0.0023108741714649018 -0.00015226778252282105 -0.0011062284452108468 -0.00047515710113541897 0.00055693249691615612 0.00066940210363170666 -0.0024758969358564041 0.00066038029709180582 0.00091792227099379061 -0.0013421513341822006 0.00049756482757635904 -0.0011017991650816572 0.0042884153222303044
leaf_weight=260 1715 379 335 134 121 123 1228 1210 125 779 131 431
leaf_count=260 1715 379 335 134 121 123 1228 1210 125 779 131 431
internal_value=0.00022882 0.000592937 -3.78423e-05 -0.00132481 -0.000291579 -0.00214357 0.00038345 0.00123895 -0.0001129 1.50069e-06 0.000795877 0.00207795
internal_weight=6971 4108 2076 513 2863 244 1563 2032 2619 2494 1341 691
internal_count=6971 4108 2076 513 2863 244 1563 2032 2619 2494 1341 691
is_linear=0
shrinkage=0.025


Tree=123
num_leaves=12
num_cat=0
split_feature=34 49 17 16 15 9 48 11 36 3 44
split_gain=1.52407 3.03431 2.09213 1.81764 1.3621 1.25073 1.03667 0.83514 0.751683 0.588492 0.133135
threshold=0.13460735231637957 30.645000457763675 1.129607141017914 0.032099720090627677 0.68103447556495678 0.028437422588467601 0.90517240762710582 0.023844310082495216 0.49564366042613989 0.28827711939811712 0.021822340786457065
decision_type=2 8 2 2 2 2 2 2 2 2 2
left_child=1 5 3 7 6 10 -3 -2 -7 -6 -1
right_child=2 4 -4 -5 9 8 -8 -9 -10 -11 -12
leaf_value=0.0042031053178295868 1.8677527297341991e-05 -3.4615922152537829e-05 -0.0012006392209328977 -0.0012524558343004299 0.0006204249860764366 0.001408834360388658 -0.00089763254305650221 0.001926019570457649 -0.00010097225365626206 -0.00062143500717069008 0.0031253078651018226
leaf_weight=494 1217 2196 169 172 835 894 216 121 337 129 194
leaf_count=494 1217 2196 169 172 835 894 216 121 337 129 194
internal_value=0.000254872 0.000463443 -0.000398604 -9.48844e-05 9.98235e-06 0.00125585 -0.000305647 0.000215004 0.000765575 0.000803664 0.00211219
internal_weight=6974 5295 1679 1510 3376 1919 2412 1338 1231 964 688
internal_count=6974 5295 1679 1510 3376 1919 2412 1338 1231 964 688
is_linear=0
shrinkage=0.025


Tree=124
num_leaves=13
num_cat=0
split_feature=9 12 49 36 5 15 36 41 22 7 30 37
split_gain=1.43472 3.42872 2.58454 1.78087 1.41065 1.50714 0.986946 0.981544 0.885413 0.825464 0.68485 0.218523
threshold=0.030421142466366295 -0.20741660892963407 42.905000686645515 0.40452209115028387 1.5753308534622195 0.71551722288131725 0.39601476490497595 0.79076290130615245 0.23455383628606799 -0.016243776306509968 0.29284398257732397 0.017906296998262409
decision_type=2 2 8 2 2 2 2 2 2 2 2 2
left_child=2 8 3 11 5 -3 7 -4 9 -2 -5 -1
right_child=1 4 6 10 -6 -7 -8 -9 -10 -11 -12 -13
leaf_value=0.004280464144529021 0.0022233631631136072 -0.00064078890937892838 -1.9568703974048674e-05 -0.00010806282602482024 -0.0023286003825598537 0.00031268018796736739 0.0016833768943903462 -0.0015121923614770966 0.0017260788105820128 -0.00027329705784806573 0.0010126481591483203 0.0018613078027293806
leaf_weight=634 144 1533 1931 499 127 548 231 139 339 161 406 229
leaf_count=634 144 1533 1931 499 127 548 231 139 339 161 406 229
internal_value=0.000187157 -0.000241074 0.00048877 0.00120629 -0.000711139 -0.0005471 -6.12532e-05 -0.000237952 0.00135401 0.000342742 0.000418956 0.00201757
internal_weight=6921 2852 4069 1768 2208 2081 2301 2070 644 305 905 863
internal_count=6921 2852 4069 1768 2208 2081 2301 2070 644 305 905 863
is_linear=0
shrinkage=0.025


end of trees

feature_importances:
tpp_day1_weighted_average=136
source_idiosyncratic_volatility_60=96
universe58_loo_log_return_60=68
source_realized_volatility_60=65
source_correlation_universe58_60=57
universe58_loo_log_return_126=53
cross_section_momentum_252_percentile=53
source_beta_universe58_252=50
source_log_return_126=49
source_distance_from_252_session_low=48
source_residual_momentum_126=39
tpp_day1_rate_change_volatility_20=39
source_log_return_252=38
universe58_loo_realized_volatility_20=37
source_downside_volatility_60=34
source_max_daily_log_return_20=34
universe58_loo_log_return_20=33
universe58_loo_drawdown_252=30
source_drawdown_from_60_session_peak=28
source_return_skewness_60=28
source_close_ma200_ratio=25
cross_section_momentum_126_percentile=25
source_momentum_12_1=24
cross_section_beta_60_percentile=21
source_drawdown_from_252_session_peak=17
tpp_day1_rate_change_1_observed=16
tpp_day1_rate_change_20_observed=16
source_close_ma50_ratio=14
cross_section_return_dispersion=13
source_log_return_60=12
source_log_return_20=11
source_directional_index_spread_14=11
source_beta_universe58_60=11
source_realized_volatility_20=9
cross_section_volatility_60_percentile=9
cross_section_momentum_20_percentile=8
source_ma5_ma20_ratio=8
universe58_loo_log_return_1=7
source_residual_momentum_20=7
cross_section_positive_return_breadth=6
source_positive_day_ratio_20=6
tpp_day1_rate_change_5_observed=6
source_bollinger_pct_b_20=5
source_bollinger_bandwidth_20=5
source_adx_14=5
source_parkinson_volatility_20=5
source_log_return_5=4
source_close_to_open_log_return=4
source_log_return_1=3
source_downside_volatility_20=3
tpp_day1_rate_vs_ma20=3
source_rsi_14=2
source_overnight_gap_1=2
source_volatility_ratio_20_60=2

parameters:
[boosting: gbdt]
[objective: quantile]
[metric: quantile]
[tree_learner: serial]
[device_type: cpu]
[data_sample_strategy: bagging]
[data: ]
[valid: ]
[num_iterations: 125]
[learning_rate: 0.025]
[num_leaves: 15]
[num_threads: 12]
[seed: 62109]
[deterministic: 1]
[force_col_wise: 1]
[force_row_wise: 0]
[histogram_pool_size: -1]
[max_depth: 4]
[min_data_in_leaf: 120]
[min_sum_hessian_in_leaf: 0.001]
[bagging_fraction: 0.85]
[pos_bagging_fraction: 1]
[neg_bagging_fraction: 1]
[bagging_freq: 1]
[bagging_seed: 62109]
[bagging_by_query: 0]
[feature_fraction: 0.75]
[feature_fraction_bynode: 1]
[feature_fraction_seed: 62109]
[extra_trees: 0]
[extra_seed: 4839]
[early_stopping_round: 0]
[early_stopping_min_delta: 0]
[first_metric_only: 0]
[max_delta_step: 0]
[lambda_l1: 0.25]
[lambda_l2: 5]
[linear_lambda: 0]
[min_gain_to_split: 0]
[drop_rate: 0.1]
[max_drop: 50]
[skip_drop: 0.5]
[xgboost_dart_mode: 0]
[uniform_drop: 0]
[drop_seed: 22583]
[top_rate: 0.2]
[other_rate: 0.1]
[min_data_per_group: 100]
[max_cat_threshold: 32]
[cat_l2: 10]
[cat_smooth: 10]
[max_cat_to_onehot: 4]
[top_k: 20]
[monotone_constraints: ]
[monotone_constraints_method: basic]
[monotone_penalty: 0]
[feature_contri: ]
[forcedsplits_filename: ]
[refit_decay_rate: 0.9]
[cegb_tradeoff: 1]
[cegb_penalty_split: 0]
[cegb_penalty_feature_lazy: ]
[cegb_penalty_feature_coupled: ]
[path_smooth: 0]
[interaction_constraints: ]
[verbosity: -1]
[saved_feature_importance_type: 0]
[use_quantized_grad: 0]
[num_grad_quant_bins: 4]
[quant_train_renew_leaf: 0]
[stochastic_rounding: 1]
[linear_tree: 0]
[max_bin: 255]
[max_bin_by_feature: ]
[min_data_in_bin: 3]
[bin_construct_sample_cnt: 200000]
[data_random_seed: 62109]
[is_enable_sparse: 1]
[enable_bundle: 1]
[use_missing: 1]
[zero_as_missing: 0]
[feature_pre_filter: 1]
[pre_partition: 0]
[two_round: 0]
[header: 0]
[label_column: ]
[weight_column: ]
[group_column: ]
[ignore_column: ]
[categorical_feature: ]
[forcedbins_filename: ]
[precise_float_parser: 0]
[parser_config_file: ]
[objective_seed: 22357]
[num_class: 1]
[is_unbalance: 0]
[scale_pos_weight: 1]
[sigmoid: 1]
[boost_from_average: 1]
[reg_sqrt: 0]
[alpha: 0.1]
[fair_c: 1]
[poisson_max_delta_step: 0.7]
[tweedie_variance_power: 1.5]
[lambdarank_truncation_level: 30]
[lambdarank_norm: 1]
[label_gain: ]
[lambdarank_position_bias_regularization: 0]
[eval_at: ]
[multi_error_top_k: 1]
[auc_mu_weights: ]
[num_machines: 1]
[local_listen_port: 12400]
[time_out: 120]
[machine_list_filename: ]
[machines: ]
[gpu_platform_id: -1]
[gpu_device_id: -1]
[gpu_use_dp: 0]
[num_gpu: 1]

end of parameters

pandas_categorical:[]
