tree
version=v4
num_class=1
num_tree_per_iteration=1
label_index=0
max_feature_idx=48
objective=quantile
feature_names=source_log_return_1 source_log_return_5 source_log_return_20 source_log_return_60 source_log_return_126 source_log_return_252 source_intraday_log_range source_close_to_open_log_return source_realized_volatility_20 source_realized_volatility_60 source_downside_volatility_20 source_downside_volatility_60 source_drawdown_from_60_session_peak source_drawdown_from_252_session_peak cross_section_momentum_20_percentile cross_section_positive_return_breadth cross_section_return_dispersion source_momentum_12_1 source_ma5_ma20_ratio source_close_ma50_ratio source_close_ma200_ratio source_rsi_14 source_bollinger_pct_b_20 source_bollinger_bandwidth_20 source_adx_14 source_directional_index_spread_14 source_parkinson_volatility_20 source_overnight_gap_1 source_positive_day_ratio_20 source_max_daily_log_return_20 source_return_skewness_60 source_distance_from_252_session_low source_volatility_ratio_20_60 universe58_loo_log_return_1 universe58_loo_log_return_20 universe58_loo_log_return_60 universe58_loo_log_return_126 universe58_loo_realized_volatility_20 universe58_loo_drawdown_252 source_beta_universe58_60 source_beta_universe58_252 source_correlation_universe58_60 source_residual_momentum_20 source_residual_momentum_126 source_idiosyncratic_volatility_60 cross_section_momentum_126_percentile cross_section_momentum_252_percentile cross_section_volatility_60_percentile cross_section_beta_60_percentile
feature_infos=[-0.2207123190164566:0.182477205991745] [-0.54819971323013306:0.44636186957359314] [-1.1351611614227295:1.0206978321075439] [-1.1748896837234497:1.5560240745544434] [-1.0490233898162842:2.3170430660247803] [-1.2514438629150391:2.9264204502105713] [0:0.27988538146018982] [-0.16868740320205688:0.25632256269454956] [0.0055316057987511158:0.11531444638967514] [0.0079651456326246262:0.088721774518489838] [0.00095409812638536096:0.092050075531005859] [0.0049325018189847469:0.063900329172611237] [-0.71968960762023926:0] [-0.76062244176864624:0] [0.017241379246115685:1] [0.017241379246115685:1] [0.0096504408866167068:0.043657612055540085] [-1.3928108215332031:2.8910765647888184] [-0.47595494985580444:0.52646303176879883] [-0.62940984964370728:1.3056344985961914] [-0.57781422138214111:3.874976634979248] [0:100] [-0.40451541543006897:1.4870842695236206] [0.015483886934816837:1.7820020914077759] [6.1712346076965332:84.119827270507812] [-54.177944183349609:71.899559020996094] [0.0063288267701864243:0.099167443811893463] [-0.22113896906375885:0.095378585159778595] [0.10000000149011612:0.89999997615814209] [0.005115102045238018:0.18252909183502197] [-4.4435362815856934:3.4834246635437012] [0:18.523586273193359] [0.17268767952919006:1.6647372245788574] [-0.092919811606407166:0.057573974132537842] [-0.39400303363800049:0.26549568772315979] [-0.32455301284790039:0.55794161558151245] [-0.30797004699707031:0.86915600299835205] [0.005578002892434597:0.041373930871486664] [-0.35748890042304993:0] [-0.96327811479568481:2.3354122638702393] [0.20776782929897308:1.7303366661071777] [-0.25081929564476013:0.94294917583465576] [-1.1516678333282471:1.0071370601654053] [-1.3436253070831299:1.9539748430252075] [0.0059593440964818001:0.072794802486896515] [0.017241379246115685:1] [0.017241379246115685:1] [0.017241379246115685:1] [0.017241379246115685:1]
tree_sizes=1177 1505 1331 1418 1245 1332 1513 1340 1246 1337 1336 1344 1436 1432 1255 1349 1428 1156 1515 1337 1156 1539 1432 1252 1523 1351 1256 1516 1250 1344 1336 1258 1251 1443 1074 1346 1426 1431 1258 1354 1159 1254 1337 1347 1162 1254 1254 1073 1066 1262 1167 1346 1434 1258 1346 1349 1337 1524 1259 1524 1527 1525 1434 1426 1348 1346 1344 1439 1521 1437 1535 1518 1438 1436 1433 1525 1438 1520 1430 1256 1353 1247 1443 1436 1441

Tree=0
num_leaves=12
num_cat=0
split_feature=36 34 38 40 35 40 36 30 40 40 17
split_gain=155.279 58.2458 78.9556 53.0495 22.3651 15.5687 15.504 7.18223 7.53227 5.12776 0.566524
threshold=-0.15085972100496289 0.139903798699379 -0.04911589436233043 0.69480967521667492 0.41866117715835577 1.3537479043006899 0.20831683278083804 -0.13848461955785749 0.7393348515033723 1.094751298427582 -0.43578933179378504
decision_type=2 2 2 2 2 2 2 2 2 2 2
left_child=7 2 3 -2 6 -4 -3 10 -9 -10 -1
right_child=1 4 5 -5 -6 -7 -8 8 9 -11 -12
leaf_value=0.45002931281924247 0.45080744624137881 0.45822262465953828 0.45271643474698064 0.45812798812985422 0.45226976275444031 0.44185261931270359 0.46317452862858771 0.44503239574842157 0.45128466933965683 0.44700962975621222 0.44680284950882199
leaf_weight=124 759 586 4337 5942 227 277 1068 166 217 177 446
leaf_count=124 759 586 4337 5942 227 277 1068 166 217 177 446
internal_value=0.45506 0.455823 0.455144 0.456877 0.45989 0.452629 0.4609 0.446186 0.448343 0.450355 0.444156
internal_weight=14326 13196 11315 6701 1881 4614 1654 1130 560 394 570
internal_count=14326 13196 11315 6701 1881 4614 1654 1130 560 394 570
is_linear=0
shrinkage=1


Tree=1
num_leaves=15
num_cat=0
split_feature=38 37 34 38 37 40 37 40 31 37 34 31 5 25
split_gain=112.948 81.7828 55.6854 92.7153 32.3236 25.3218 19.6579 19.2685 17.419 13.464 8.77615 7.88428 2.46991 2.32905
threshold=-0.19103229045867917 0.022084853611886505 0.139903798699379 -0.04911589436233043 0.0092449728399515169 0.76724120974540722 0.01309006614610553 1.094751298427582 2.0609356164932255 0.019842471927404407 0.17045219987630847 0.4053920060396195 0.14437396079301837 -1.0692431926727293
decision_type=2 2 2 2 2 2 2 2 2 2 2 2 2 2
left_child=1 5 3 4 -2 12 10 -7 -5 -8 -4 -3 -1 -13
right_child=2 11 6 8 -6 7 9 -9 -10 -11 -12 13 -14 -15
leaf_value=-0.0076182840997353202 0.0069254939071834087 0.0014554989151656624 0.0056647195946425205 -0.0018125927634537215 0.0019794125668704506 -0.0020362864620983609 -3.1940564513206758e-05 -0.0058373860828578473 -0.0076488292403519148 0.0080634371191263196 0.0096807567588984983 0.010944671612232924 -0.010101053435355426 0.0072579365782439705
leaf_weight=491 834 188 450 3797 4422 728 561 741 756 274 510 167 243 121
leaf_count=491 834 188 450 3797 4422 728 561 741 756 274 510 167 243 121
internal_value=-6.51771e-05 -0.0046875 0.00100299 0.00026047 0.0025221 -0.00671705 0.00504514 -0.00478714 -0.00234889 0.00220982 0.00748057 0.00466476 -0.0105125 0.00723123
internal_weight=14283 2679 11604 9809 5256 2203 1795 1469 4553 835 960 476 734 288
internal_count=14283 2679 11604 9809 5256 2203 1795 1469 4553 835 960 476 734 288
is_linear=0
shrinkage=0.025


Tree=2
num_leaves=13
num_cat=0
split_feature=36 40 40 30 46 40 4 30 40 40 35 17
split_gain=152.674 51.6731 51.1198 45.1781 20.1124 11.3038 9.86945 7.28312 8.72099 6.80813 6.43271 0.709212
threshold=-0.15085972100496289 0.69480967521667492 1.3439851403236391 -0.5075620412826537 0.68693286180496227 1.5085739493370058 0.14651477336883548 -0.14384940266609189 0.76724120974540722 1.094751298427582 0.13864107429981234 -0.43578933179378504
decision_type=2 2 2 2 2 2 2 2 2 2 2 2
left_child=7 4 3 -3 6 -4 -2 11 -9 -10 -6 -1
right_child=1 2 5 -5 10 -7 -8 8 9 -11 -12 -13
leaf_value=-0.004521239950787276 -0.0036462006787187427 0.0058497276236303148 -0.0038474740465171647 0.0012917435172712427 -0.0084391889083199213 -0.013849607220385224 0.0024667028420371942 -0.009442710544331932 -0.0022184474873356524 -0.0082201577168889341 -0.0060115337204188109 -0.0079477685657329874
leaf_weight=131 586 1820 553 9134 369 173 352 191 186 174 133 445
leaf_count=131 586 1820 553 9134 369 173 352 191 186 174 133 445
internal_value=3.55213e-05 0.000795714 0.00134735 0.00177423 -0.00366349 -0.00505301 -0.001478 -0.00877319 -0.00657599 -0.00416096 -0.00767998 -0.0107896
internal_weight=14247 13120 11680 10954 1440 726 938 1127 551 360 502 576
internal_count=14247 13120 11680 10954 1440 726 938 1127 551 360 502 576
is_linear=0
shrinkage=0.025


Tree=3
num_leaves=14
num_cat=0
split_feature=38 37 34 38 35 40 35 40 40 17 16 5 42
split_gain=112.718 84.8404 51.896 89.5038 39.2438 26.7166 23.1275 16.8087 15.0929 13.8754 9.19458 2.21088 1.93412
threshold=-0.19103229045867917 0.022084853611886505 0.139903798699379 -0.04911589436233043 0.17641562968492511 0.76724120974540722 0.41866117715835577 1.3537479043006899 1.094751298427582 0.28963077068328863 0.024139283224940303 0.14437396079301837 -0.01542363967746496
decision_type=2 2 2 2 2 2 2 2 2 2 2 2 2
left_child=1 5 3 4 -2 11 10 -5 -7 -3 -4 -1 -11
right_child=2 9 6 7 -6 8 -8 -9 -10 12 -12 -13 -14
leaf_value=-0.0072976507943363694 0.0018336741556326157 -0.00049977388392435517 0.0043478516940871487 -0.002172988510328286 0.0099228306044737112 -0.0023482897300724295 -0.0020768866083730243 -0.013125906284467782 -0.0054464562442037281 0.014969713699529531 0.0085547341424884512 -0.010260693855193678 0.010072092002525459
leaf_weight=488 4505 185 711 4260 721 730 238 299 735 124 839 236 165
leaf_count=488 4505 185 711 4260 721 730 238 299 735 124 839 236 165
internal_value=-1.71161e-05 -0.00465002 0.00104994 0.00033261 0.00256524 -0.00672573 0.00496026 -0.0022253 -0.00474915 0.00489301 0.00607315 -0.0106567 0.00826956
internal_weight=14236 2663 11573 9785 5226 2189 1788 4559 1465 474 1550 724 289
internal_count=14236 2663 11573 9785 5226 2189 1788 4559 1465 474 1550 724 289
is_linear=0
shrinkage=0.025


Tree=4
num_leaves=12
num_cat=0
split_feature=38 17 30 40 40 40 40 17 40 46 12
split_gain=117.285 67.4062 42.7135 26.8403 23.9716 19.8663 19.0266 15.6565 9.05568 8.9644 5.44644
threshold=-0.19103229045867917 0.55024057626724254 -0.47685797512531275 1.4848831892013552 0.61676627397537243 1.2620537877082827 0.7393348515033723 0.12150967121124269 0.90890428423881542 0.89564427733421337 -0.20715389400720594
decision_type=2 2 2 2 2 2 2 2 2 2 2
left_child=1 6 5 4 -4 8 10 -8 -2 -3 -1
right_child=2 9 3 -5 -6 -7 7 -9 -10 -11 -12
leaf_value=-0.0050964208306668859 0.0035708839655623145 0.012740567834849351 -0.0039197018161011869 -0.014887832215055278 0.0010658427296936126 -0.0054388558096692217 -0.0045546965390905287 0.00098581050265460365 0.0072717803180918405 0.0010441797917931401 -0.0077962322959453743
leaf_weight=121 739 216 737 144 8817 129 1400 278 1052 121 525
leaf_count=121 739 216 737 144 8817 129 1400 278 1052 121 525
internal_value=-7.39464e-05 -0.00480354 0.00101039 0.000334304 0.000498875 0.00441234 -0.00631977 -0.00488339 0.00509813 0.00557383 -0.00997504
internal_weight=14279 2661 11618 9698 9554 1920 2324 1678 1791 337 646
internal_count=14279 2661 11618 9698 9554 1920 2324 1678 1791 337 646
is_linear=0
shrinkage=0.025


Tree=5
num_leaves=13
num_cat=0
split_feature=36 34 38 40 37 36 31 38 30 40 40 9
split_gain=160.488 50.5719 64.7937 50.9984 15.8302 17.9616 15.1568 9.1321 7.08158 8.60238 5.53064 0.871419
threshold=-0.15085972100496289 0.139903798699379 -0.04911589436233043 0.69480967521667492 0.013029302004724743 0.20221763849258426 2.1105588674545293 -0.012822253629565237 -0.13175240904092786 0.7393348515033723 1.094751298427582 0.023705616593360904
decision_type=2 2 2 2 2 2 2 2 2 2 2 2
left_child=8 2 3 -2 5 -3 -4 -6 11 -10 -11 -1
right_child=1 4 6 -5 7 -7 -8 -9 9 10 -12 -13
leaf_value=-0.0072534628230100972 -0.0040170255497907256 0.00042222673798812465 -0.0016532966346564774 0.0028764821293997414 0.007734487064205018 0.0085079400004110291 -0.007361745854151492 0.00019158425224158617 -0.009383487858466516 -0.003163331587351906 -0.0080496566008744531 -0.0067842241054478225
leaf_weight=154 758 220 3841 5938 371 782 688 521 179 204 170 444
leaf_count=154 758 220 3841 5938 371 782 688 521 179 204 170 444
internal_value=5.73555e-05 0.00084435 0.000205365 0.00176746 0.00461756 0.00677135 -0.00210217 0.00216695 -0.00887219 -0.00668683 -0.00440303 -0.0108105
internal_weight=14270 13119 11225 6696 1894 1002 4529 892 1151 553 374 598
internal_count=14270 13119 11225 6696 1894 1002 4529 892 1151 553 374 598
is_linear=0
shrinkage=0.025


Tree=6
num_leaves=15
num_cat=0
split_feature=38 37 34 38 35 35 40 40 40 17 35 34 5 19
split_gain=109.842 76.049 49.1837 73.9576 39.1606 27.1194 24.9077 16.588 16.408 14.5675 9.08192 2.87172 1.46261 0.935474
threshold=-0.19103229045867917 0.022084853611886505 0.139903798699379 -0.04911589436233043 0.17641562968492511 0.41866117715835577 0.76724120974540722 1.1590086817741396 1.3537479043006899 0.28963077068328863 0.15171886235475543 0.17640054225921634 0.14437396079301837 -0.092800647020339952
decision_type=2 2 2 2 2 2 2 2 2 2 2 2 2 2
left_child=1 6 3 4 -2 10 12 -8 -5 -3 -4 -7 -1 -11
right_child=2 9 5 8 -6 11 7 -9 -10 13 -12 -13 -14 -15
leaf_value=-0.0066884414526270849 0.0016456838134241037 -0.00091434227249906493 0.0039963034829485593 -0.0018569439255244403 0.0098351047157358637 -0.0051544591562447438 -0.0025769265045961424 -0.0050100797699660681 -0.012718302359904772 0.012369771048750202 0.0072944879007576574 -0.00082948093876217689 -0.0095565677554289765 0.0091598222764959925
leaf_weight=490 4497 185 354 4288 732 120 872 617 289 153 1192 126 249 123
leaf_count=490 4497 185 354 4288 732 120 872 617 289 153 1192 126 249 123
internal_value=-7.56542e-05 -0.0046237 0.000979811 0.000282209 0.002313 0.00478228 -0.00653549 -0.00463939 -0.0020365 0.0045735 0.00600822 -0.00286355 -0.0102907 0.00816281
internal_weight=14287 2689 11598 9806 5229 1792 2228 1489 4577 461 1546 246 739 276
internal_count=14287 2689 11598 9806 5229 1792 2228 1489 4577 461 1546 246 739 276
is_linear=0
shrinkage=0.025


Tree=7
num_leaves=13
num_cat=0
split_feature=34 37 40 40 35 35 30 35 17 15 5 34
split_gain=66.4733 64.5275 51.2279 47.7657 25.4658 18.963 17.5124 13.199 9.96475 6.07346 4.96857 3.96537
threshold=0.139903798699379 0.024521977640688423 0.72273260354995739 1.3052054047584536 0.41866117715835577 0.0091122374869883078 -0.45666958391666407 0.1500036492943764 0.93543073534965526 0.78448277711868297 0.80083873867988598 -0.057236704975366585
decision_type=2 2 2 2 2 2 2 2 2 2 2 2
left_child=1 2 5 -4 7 -1 11 9 -9 -2 -8 -3
right_child=4 6 3 -5 -6 -7 10 8 -10 -11 -12 -13
leaf_value=-0.0066846295202102673 -0.00025852670835114502 0.0047487766744721618 2.7301253948290583e-05 -0.0065754847907664483 -0.0034698937942793024 -0.0042166428628534775 0.0061037847847753308 0.0076104724971281044 0.00096911684169845237 0.0091394328864820209 0.00017001571538862034 0.011294166512323539
leaf_weight=680 299 197 8099 1080 232 1027 522 1007 210 135 418 304
leaf_count=680 299 197 8099 1080 232 1027 522 1007 210 135 418 304
internal_value=-3.47344e-05 -0.000703961 -0.00136294 -0.000621325 0.00433329 -0.00533367 0.00425743 0.00542346 0.00675634 0.00163724 0.00221561 0.0080163
internal_weight=14210 12327 10886 9179 1883 1707 1441 1651 1217 434 940 501
internal_count=14210 12327 10886 9179 1883 1707 1441 1651 1217 434 940 501
is_linear=0
shrinkage=0.025


Tree=8
num_leaves=12
num_cat=0
split_feature=36 37 34 16 36 36 37 16 40 38 40
split_gain=138.12 46.3134 53.163 40.0086 36.9062 22.3632 20.15 8.53403 6.53162 8.8953 2.75942
threshold=-0.15085972100496289 0.019648350775241855 0.14312935620546344 0.016117570921778682 0.52496865391731273 0.23597877472639087 0.01309006614610553 0.023985079489648346 0.7393348515033723 -0.30036178231239313 1.094751298427582
decision_type=2 2 2 2 2 2 2 2 2 2 2
left_child=8 2 3 -2 5 -3 -4 -6 -1 -10 -11
right_child=1 4 6 -5 7 -7 -8 -9 9 10 -12
leaf_value=-0.0081038437606102617 0.0022535930281590137 0.0033377862969386275 0.0067506244324094513 -0.0019582269931382465 -0.004816856574493808 0.0090023991507773571 0.0006468686313771386 0.0015868763867427868 -0.0023502801606235012 -0.00655014310135019 -0.0073616490010010929
leaf_weight=339 2003 1103 947 6980 281 1158 538 136 177 316 303
leaf_count=339 2003 1103 947 6980 281 1158 538 136 177 316 303
internal_value=-1.26872e-05 0.000710497 -3.99838e-05 -0.000765604 0.00364098 0.00490126 0.00433305 -0.00315462 -0.00836075 -0.00701467 -0.00842348
internal_weight=14281 13146 10468 8983 2678 2261 1485 417 1135 796 619
internal_count=14281 13146 10468 8983 2678 2261 1485 417 1135 796 619
is_linear=0
shrinkage=0.025


Tree=9
num_leaves=13
num_cat=0
split_feature=36 37 34 16 36 35 37 16 30 40 40 46
split_gain=140.552 43.522 46.5346 35.5941 33.8656 26.8297 18.9474 8.32222 8.2924 7.60583 4.71556 1.61887
threshold=-0.15085972100496289 0.019648350775241855 0.14312935620546344 0.016117570921778682 0.52496865391731273 0.18487631529569629 0.01309006614610553 0.022393968887627128 -0.13175240904092786 0.7297625243663789 1.094751298427582 0.2434966713190079
decision_type=2 2 2 2 2 2 2 2 2 2 2 2
left_child=8 2 3 -2 5 -3 -4 -6 11 -10 -11 -1
right_child=1 4 6 -5 7 -7 -8 -9 9 10 -12 -13
leaf_value=-0.003650071346511248 0.0021035671294697155 0.0045466126001868917 0.0066949328968991563 -0.0017951054579186403 -0.0062809670018331883 0.011419625384382206 0.00057177656861226033 0.00041116588225383337 -0.0086921742724396043 -0.0029615024212891216 -0.0080875750018736658 -0.0072450980578824004
leaf_weight=165 1986 1753 929 6997 197 506 555 207 167 226 164 438
leaf_count=165 1986 1753 929 6997 197 506 555 207 167 226 164 438
internal_value=-6.25219e-05 0.0006752 -5.07305e-05 -0.000729445 0.00352558 0.00471787 0.00404214 -0.00310208 -0.00838519 -0.00606094 -0.00403481 -0.0104544
internal_weight=14290 13130 10467 8983 2663 2259 1484 404 1160 557 390 603
internal_count=14290 13130 10467 8983 2663 2259 1484 404 1160 557 390 603
is_linear=0
shrinkage=0.025


Tree=10
num_leaves=13
num_cat=0
split_feature=36 40 40 43 9 36 31 38 40 40 13 31
split_gain=134.079 46.0873 39.2734 36.7984 13.8743 8.15592 10.6358 7.01842 3.18989 4.12307 3.10021 2.74331
threshold=-0.15085972100496289 0.61676627397537243 1.3537479043006899 -0.21351585537195203 0.03905069828033448 0.23344635218381884 1.3476654887199404 -0.30036178231239313 0.76724120974540722 1.094751298427582 -0.34071859717369074 0.72840604186058056
decision_type=2 2 2 2 2 2 2 2 2 2 2 2
left_child=7 5 3 -3 -4 11 -7 10 -9 -10 -1 -2
right_child=1 2 4 -5 -6 6 -8 8 9 -11 -12 -13
leaf_value=-0.0011918725941562848 -0.0038855917748876578 -0.0012728394313849855 -0.0086540027229901131 0.0025464168908839653 0.0031222615867584945 0.0014163923072611218 -0.0068423316816234427 -0.008721965440893353 -0.0055173998610155879 -0.0072304759522572939 -0.0050263836798010927 -0.010572265753058089
leaf_weight=121 445 2307 562 9158 124 291 128 311 264 317 128 152
leaf_count=121 445 2307 562 9158 124 291 128 311 264 317 128 152
internal_value=5.89499e-05 0.000772946 0.00120157 0.00155024 -0.00458575 -0.00432786 -0.00160672 -0.00814245 -0.00919036 -0.00790316 -0.00425689 -0.00619809
internal_weight=14308 13167 12151 11465 686 1016 419 1141 892 581 249 597
internal_count=14308 13167 12151 11465 686 1016 419 1141 892 581 249 597
is_linear=0
shrinkage=0.025


Tree=11
num_leaves=13
num_cat=0
split_feature=36 40 30 5 46 40 30 40 40 30 20 36
split_gain=125.493 44.5536 43.0294 41.9561 20.1173 14.4593 9.68022 7.25379 6.76046 5.10275 2.22279 0.176884
threshold=-0.15085972100496289 0.61676627397537243 -0.43320420384407038 0.014548196922987701 0.21164613962173465 1.2620537877082827 0.74744597077369701 0.76724120974540722 1.0920127034187319 -0.040189515799283974 -0.20643023401498792 -0.19711299985647199
decision_type=2 2 2 2 2 2 2 2 2 2 2 2
left_child=7 4 5 -4 -2 -3 -6 11 9 -9 -10 -1
right_child=1 2 3 -5 6 -7 -8 8 10 -11 -12 -13
leaf_value=-0.0082568207796062786 0.0036102078319059819 0.0051529910605924495 -0.0021021574057306612 0.0015443646022657125 -0.005740062187205356 -0.0030383054638698755 0.00016875433567108274 -0.0050619964344612413 -0.0032161870079522505 -0.0017586515713927929 -0.0095981920975173572 -0.0045370105786348537
leaf_weight=263 152 2133 2086 7768 739 186 131 183 198 160 205 121
leaf_count=263 152 2133 2086 7768 739 186 131 183 198 160 205 121
internal_value=-1.26483e-05 0.000672822 0.0010947 0.000372122 -0.00432692 0.00415501 -0.00579286 -0.00799009 -0.00644973 -0.00375359 -0.00865502 -0.0108451
internal_weight=14325 13195 12173 9854 1022 2319 870 1130 746 343 403 384
internal_count=14325 13195 12173 9854 1022 2319 870 1130 746 343 403 384
is_linear=0
shrinkage=0.025


Tree=12
num_leaves=14
num_cat=0
split_feature=36 30 34 38 35 36 38 40 40 35 30 48 46
split_gain=116.366 40.6843 40.9401 31.0637 19.1744 14.882 15.1803 7.60751 10.1016 6.93815 4.69864 1.91704 0.437422
threshold=-0.15085972100496289 -0.5075620412826537 0.14312935620546344 -0.04911589436233043 0.41866117715835577 0.23597877472639087 -0.078122343868017183 0.76724120974540722 1.094751298427582 0.028479252941906456 -0.15964079648256299 0.88646370172500621 0.79128858447074901
decision_type=2 2 2 2 2 2 2 2 2 2 2 2 2
left_child=7 5 3 -3 -4 9 -7 12 10 -2 -9 -10 -1
right_child=1 2 4 -5 -6 6 -8 8 11 -11 -12 -13 -14
leaf_value=-0.0072162004243835412 0.0034652593100656867 0.00073143126545936331 0.0055787221723853147 -0.0024280841320731984 -0.0029708459397648859 0.0093993862193640747 0.0034769289564230868 -0.00493544652359971 -0.0068997346559992239 -0.00091806885358999141 -0.0010087551678831367 -0.0041245908653468723 -0.007898500623775135
leaf_weight=250 645 5261 1365 4239 216 508 519 137 258 381 201 130 149
leaf_count=250 645 5261 1365 4239 216 508 519 137 258 381 201 130 149
internal_value=-7.22974e-05 0.000589371 -9.58416e-06 -0.000630589 0.00370823 0.00381742 0.00594113 -0.00777102 -0.0061474 0.00166707 -0.00289723 -0.00888995 -0.0105972
internal_weight=14259 13134 11081 9500 1581 2053 1027 1125 726 1026 338 388 399
internal_count=14259 13134 11081 9500 1581 2053 1027 1125 726 1026 338 388 399
is_linear=0
shrinkage=0.025


Tree=13
num_leaves=14
num_cat=0
split_feature=40 40 5 31 46 35 46 31 9 37 46 26 35
split_gain=61.5649 54.923 43.3844 37.4362 31.6309 22.7023 13.8677 10.9362 8.83741 8.67846 7.43132 4.29523 2.4203
threshold=0.71967408061027538 1.3439851403236391 0.014548196922987701 2.1341483592987065 0.36524499952793127 0.0091122374869883078 0.75650331377983104 0.43743975460529333 0.038532994687557227 0.020878252573311332 0.21164613962173465 0.016502995975315574 0.14640463888645175
decision_type=2 2 2 2 2 2 2 2 2 2 2 2 2
left_child=5 2 4 -4 -2 9 7 -7 10 11 -3 -1 -8
right_child=1 8 3 -5 -6 6 12 -9 -10 -11 -12 -13 -14
leaf_value=-0.0027738825074782552 -0.00015045562432299266 -0.00020023477665729109 0.0031728647335522477 -0.0022832981836311702 -0.0043924095908215713 -0.0032230284144452977 -0.010728465800613741 0.0026591390800886159 0.001587634560018013 -0.0010438747126089499 -0.010384064780446584 -0.0071005121377077712 -0.0057563719802593578
leaf_weight=152 2159 120 7252 1367 657 427 196 493 121 123 646 503 120
leaf_count=152 2159 120 7252 1367 657 427 196 493 121 123 646 503 120
internal_value=-4.83753e-05 0.000613998 0.00108009 0.00196037 -0.00161069 -0.00409547 -0.00196918 -0.000398649 -0.00536015 -0.00743135 -0.00634728 -0.00857008 -0.0064447
internal_weight=14336 12322 11435 8619 2816 2014 1236 920 887 778 766 655 316
internal_count=14336 12322 11435 8619 2816 2014 1236 920 887 778 766 655 316
is_linear=0
shrinkage=0.025


Tree=14
num_leaves=12
num_cat=0
split_feature=36 34 38 36 35 17 38 30 13 5 43
split_gain=119.296 34.6786 50.3305 41.1204 17.586 13.7195 13.5742 6.26336 5.40807 4.69772 4.16008
threshold=-0.15085972100496289 0.139903798699379 -0.031873507425189011 0.23344635218381884 0.41866117715835577 -0.23775798082351682 -0.132829874753952 -0.17619762569665906 -0.3911213874816894 -0.49876053631305689 0.024624778889119629
decision_type=2 2 2 2 2 2 2 2 2 2 2
left_child=7 2 3 -2 6 -4 -3 9 -9 -1 -10
right_child=1 4 5 -5 -6 -7 -8 8 10 -11 -12
leaf_value=-0.0023715990819430893 -0.00024674268114968786 -0.0019922735868248445 0.0023857082495998133 0.0044479434536260163 -0.0027216014652207063 -0.0032154437888107165 0.0060100658070615992 -0.0010773090457118911 -0.0089656168986872922 -0.0065009218738329606 -0.0056062959056634963
leaf_weight=133 4664 149 230 2914 235 3451 1489 137 142 424 304
leaf_count=133 4664 149 230 2914 235 3451 1489 137 142 424 304
internal_value=-0.000115133 0.000559013 3.38468e-05 0.00119923 0.00370407 -0.00236198 0.00462188 -0.0078548 -0.00592049 -0.0097976 -0.00724778
internal_weight=14272 13132 11259 7578 1873 3681 1638 1140 583 557 446
internal_count=14272 13132 11259 7578 1873 3681 1638 1140 583 557 446
is_linear=0
shrinkage=0.025


Tree=15
num_leaves=13
num_cat=0
split_feature=36 34 38 36 17 38 17 38 40 30 7 45
split_gain=113.253 34.6142 51.7021 43.3602 16.4196 13.886 13.594 7.52489 5.42998 5.56132 3.64389 0.266008
threshold=-0.15085972100496289 0.139903798699379 -0.031873507425189011 0.23344635218381884 0.92756175994873058 -0.15933406352996823 -0.30043633282184595 -0.30866937339305872 0.76724120974540722 -0.15964079648256299 0.0097605409100651758 0.80080705881118786
decision_type=2 2 2 2 2 2 2 2 2 2 2 2
left_child=7 2 3 -2 5 -3 -4 -1 11 -10 -6 -9
right_child=1 4 6 -5 10 -7 -8 8 9 -11 -12 -13
leaf_value=-0.0017761009229624169 -0.00029894011386118749 -0.0028860741231848648 0.0026414502457823251 0.0047148592038954787 0.00099047481159715025 0.0058071024814538713 -0.0033027340005989075 -0.0079629149536713326 -0.0053652748355792444 -0.0054469533618273155 -0.0030655970053134144 -0.0060177842834347843
leaf_weight=140 4708 139 174 2952 189 1400 3463 225 351 312 143 125
leaf_count=140 4708 139 174 2952 189 1400 3463 225 351 312 143 125
internal_value=-0.000108631 0.000549894 2.7097e-05 0.00119292 0.0036947 0.0047806 -0.00242484 -0.00760471 -0.00835584 -0.00689558 -0.00131677 -0.0109683
internal_weight=14321 13168 11297 7660 1871 1539 3637 1153 1013 663 332 350
internal_count=14321 13168 11297 7660 1871 1539 3637 1153 1013 663 332 350
is_linear=0
shrinkage=0.025


Tree=16
num_leaves=14
num_cat=0
split_feature=38 37 30 40 43 40 37 40 17 40 35 38 14
split_gain=78.3607 63.5332 31.8779 24.7186 25.1291 23.8893 19.1862 12.6636 12.412 7.81259 6.12704 2.58839 1.6682
threshold=-0.19103229045867917 0.022084853611886505 -0.4452506154775619 1.4848831892013552 -0.20573949813842771 0.76724120974540722 0.018078198656439785 1.1431992053985598 0.28963077068328863 0.70599362254142772 0.08667249977588655 -0.30866937339305872 0.51393982768058788
decision_type=2 2 2 2 2 2 2 2 2 2 2 2 2
left_child=1 5 6 4 -4 11 9 -7 -3 -2 -8 -1 -10
right_child=2 8 3 -5 -6 7 10 -9 12 -11 -12 -13 -14
leaf_value=-0.0023473277472496946 -0.0032302965965724101 -0.00078380916486137239 -0.0026195471105504523 -0.013800136666669622 0.0010616397356500108 -0.0020673376939111671 0.0050087843378990851 -0.0039872081454183804 0.013888607165156223 0.0026507259801621698 0.0092946267520708312 -0.0065153497329798072 0.0085467993483779869
leaf_weight=121 126 191 1843 139 7567 810 252 660 133 1246 448 605 145
leaf_count=121 126 191 1843 139 7567 810 252 660 133 1246 448 605 145
internal_value=-0.000109772 -0.00397238 0.000776815 0.000165507 0.000323287 -0.00575591 0.0035839 -0.00389407 0.00433808 0.00184731 0.00694149 -0.00946477 0.00766343
internal_weight=14286 2665 11621 9549 9410 2196 2072 1470 469 1372 700 726 278
internal_count=14286 2665 11621 9549 9410 2196 2072 1470 469 1372 700 726 278
is_linear=0
shrinkage=0.025


Tree=17
num_leaves=11
num_cat=0
split_feature=36 40 40 30 46 30 38 40 40 45
split_gain=110.971 36.6958 36.3146 31.9999 20.5467 9.18171 8.12061 4.88257 3.58702 0.228011
threshold=-0.15085972100496289 0.61676627397537243 1.5085739493370058 -0.43320420384407038 0.21164613962173465 0.74744597077369701 -0.30866937339305872 0.76971054077148449 1.094751298427582 0.76228907704353344
decision_type=2 2 2 2 2 2 2 2 2 2
left_child=6 4 3 -3 -2 -6 -1 9 -9 -8
right_child=1 2 -4 -5 5 -7 7 8 -10 -11
leaf_value=-0.0015074615615093955 0.003770939456541127 0.0041773771684463805 -0.011734962734176716 0.000405960865627307 -0.0056443061101985855 0.00055865012063773954 -0.0076760201348560573 -0.0047444868158208553 -0.0061252357480218638 -0.0057350479388369492
leaf_weight=144 154 2282 174 9715 735 120 211 298 347 129
leaf_count=144 154 2282 174 9715 735 120 211 298 347 129
internal_value=-0.000150639 0.000494407 0.000875185 0.00104201 -0.00407421 -0.00558866 -0.00765542 -0.00846591 -0.00704808 -0.0109964
internal_weight=14309 13180 12171 11997 1009 855 1129 985 645 340
internal_count=14309 13180 12171 11997 1009 855 1129 985 645 340
is_linear=0
shrinkage=0.025


Tree=18
num_leaves=15
num_cat=0
split_feature=38 37 38 34 35 37 40 37 31 40 38 39 40 48
split_gain=75.9762 55.5366 36.698 62.986 40.6469 53.0548 23.7882 19.7458 19.2058 12.5383 11.4028 6.01403 7.388 3.97545
threshold=-0.19103229045867917 0.022084853611886505 -0.049880862236022942 0.14312935620546344 0.17641562968492511 0.0090185254812240618 0.76724120974540722 0.012779302895069124 2.1105588674545293 1.094751298427582 -0.075549017637968049 1.0749926567077639 0.88962307572364818 0.14343360066413882
decision_type=2 2 2 2 2 2 2 2 2 2 2 2 2 2
left_child=1 6 4 8 5 -2 13 -5 -4 -8 -6 12 -3 -1
right_child=2 11 3 7 10 -7 9 -9 -10 -11 -12 -13 -14 -15
leaf_value=-0.0043305502482900273 0.00721133809575146 0.0075670453132436095 -0.0014795638613399624 0.0065314746941537317 0.010872757263959209 0.00041307789939288577 -0.0015739691641319831 0.00088409445874599733 -0.0071887453585218978 -0.0039897425265717368 0.0034556366553121667 0.012872377931258894 -0.0023862491555287167 -0.0063843117339517476
leaf_weight=265 656 172 3942 848 502 4052 747 674 734 735 244 159 122 466
leaf_count=265 656 172 3942 848 502 4052 747 674 734 735 244 159 122 466
internal_value=-2.22544e-05 -0.00382581 0.000848739 -0.000466508 0.00234361 0.00147862 -0.00545818 0.00394155 -0.00190531 -0.00361046 0.007748 0.00410753 0.00190217 -0.00914572
internal_weight=14318 2666 11652 6198 5454 4708 2213 1522 4676 1482 746 453 294 731
internal_count=14318 2666 11652 6198 5454 4708 2213 1522 4676 1482 746 453 294 731
is_linear=0
shrinkage=0.025


Tree=19
num_leaves=13
num_cat=0
split_feature=38 17 34 38 35 31 40 35 17 16 19 32
split_gain=70.4999 51.9947 38.3313 65.3765 33.1827 18.8728 18.293 17.7287 14.1085 7.76763 4.54012 3.88236
threshold=-0.19103229045867917 0.59672552347183239 0.14204169809818271 -0.04911589436233043 0.17641562968492511 2.1105588674545293 0.73328164219856273 0.41866117715835577 0.16257726401090625 0.024139283224940303 -0.074031181633472429 1.0764597654342654
decision_type=2 2 2 2 2 2 2 2 2 2 2 2
left_child=1 6 3 4 -2 -5 10 9 -8 -4 -1 -3
right_child=2 11 7 5 -6 -7 8 -9 -10 -11 -12 -13
leaf_value=-0.0031067965683414332 0.0015015261534270519 0.007561056649133248 0.0036149268222381266 -0.0014920872773137946 0.0077408728711501479 -0.0073591084289535624 -0.0033455655258193082 -0.0022721508504088979 0.002189142994815181 0.0072376652111167802 -0.0062077743767490097 0.012286034616584923
leaf_weight=145 4567 162 677 3871 739 728 1427 228 263 820 471 131
leaf_count=145 4567 162 677 3871 739 728 1427 228 263 820 471 131
internal_value=-5.66425e-05 -0.00377544 0.00077514 0.000174697 0.00206529 -0.00200505 -0.0050384 0.00420882 -0.00366888 0.00519724 -0.00872585 0.00606124
internal_weight=14229 2599 11630 9905 5306 4599 2306 1725 1690 1497 616 293
internal_count=14229 2599 11630 9905 5306 4599 2306 1725 1690 1497 616 293
is_linear=0
shrinkage=0.025


Tree=20
num_leaves=11
num_cat=0
split_feature=36 40 40 30 46 30 38 40 40 45
split_gain=105.184 34.872 32.1591 29.2198 21.6579 9.74377 6.08656 4.20103 4.7636 0.440703
threshold=-0.16819997131824491 0.61676627397537243 1.5085739493370058 -0.5075620412826537 0.16405374556779864 0.74744597077369701 -0.30866937339305872 0.76724120974540722 1.094751298427582 0.76228907704353344
decision_type=2 2 2 2 2 2 2 2 2 2
left_child=6 4 3 -3 -2 -6 -1 9 -9 -8
right_child=1 2 -4 -5 5 -7 7 8 -10 -11
leaf_value=-0.001564939282135993 0.0048138815202057724 0.0040820647199734869 -0.011014607602641193 0.00052101193922071546 -0.0050589867878830883 0.00044514690501590087 -0.0076037544177521704 -0.0047454689147163739 -0.0057681581892598394 -0.0058541010257340889
leaf_weight=122 122 1930 165 10069 789 132 191 289 347 136
leaf_count=122 122 1930 165 10069 789 132 191 289 347 136
internal_value=-8.69938e-05 0.000528402 0.000905477 0.0010585 -0.00384661 -0.00516334 -0.00755161 -0.00821927 -0.00689353 -0.0106363
internal_weight=14292 13207 12164 11999 1043 921 1085 963 636 327
internal_count=14292 13207 12164 11999 1043 921 1085 963 636 327
is_linear=0
shrinkage=0.025


Tree=21
num_leaves=15
num_cat=0
split_feature=5 46 46 39 43 5 30 43 23 35 11 39 25 9
split_gain=39.1659 48.2725 28.678 31.3076 27.663 23.2753 11.6259 12.8177 11.5462 11.5087 10.6551 8.0752 5.1947 5.81059
threshold=-0.013567774556577204 0.29548789560794836 0.69570478796958934 0.64410066604614269 -0.061115639284253113 0.26325289905071264 -0.45666958391666407 -0.15962225198745725 0.24775002151727679 -0.06870605424046515 0.017427752725780014 0.27219474315643316 14.759229183197023 0.018177529796957973
decision_type=2 2 2 2 2 2 2 2 2 2 2 2 2 2
left_child=1 6 4 10 8 -5 9 -8 -2 -1 -4 -6 13 -3
right_child=2 12 3 5 11 -7 7 -9 -10 -11 -12 -13 -14 -15
leaf_value=-0.00069838531659130877 -0.00082366788542001523 -0.00097755955772940023 -0.0029161251129619665 -0.0077774857958417577 -0.00098801229331582641 0.00095872880014552248 -0.0031478251050652915 0.0014022350887085021 0.0034486812941795239 0.0039260407112427344 -0.0079849413195434617 0.0040136357571422506 -0.0015199524449994702 -0.0049139274453651929
leaf_weight=219 2381 160 587 286 128 3301 1021 580 556 395 305 3290 149 926
leaf_count=219 2381 160 587 286 128 3301 1021 580 556 395 305 3290 149 926
internal_value=-6.77969e-05 -0.00238603 0.000670611 -0.000860002 0.0017502 0.000182698 -0.000171734 -0.00129592 -2.76173e-05 0.00273627 -0.00503763 0.00327746 -0.00633569 -0.00693744
internal_weight=14284 3450 10834 4479 6355 3587 2215 1601 2937 614 892 3418 1235 1086
internal_count=14284 3450 10834 4479 6355 3587 2215 1601 2937 614 892 3418 1235 1086
is_linear=0
shrinkage=0.025


Tree=22
num_leaves=14
num_cat=0
split_feature=38 37 30 34 38 40 37 40 37 40 17 29 18
split_gain=65.9004 58.725 30.0992 30.9284 30.9682 21.5345 15.8389 15.4572 14.2633 11.068 8.86408 2.01323 1.23156
threshold=-0.19103229045867917 0.022084853611886505 -0.5075620412826537 0.14312935620546344 -0.04911589436233043 0.76724120974540722 0.012900878675282003 1.094751298427582 0.027446017600595955 1.2532196044921877 0.30999690294265753 0.058069672435522086 -0.032458689063787453
decision_type=2 2 2 2 2 2 2 2 2 2 2 2 2
left_child=1 5 8 4 -4 11 -5 -7 9 -2 -3 -1 -12
right_child=2 10 3 6 -6 7 -8 -9 -10 -11 12 -13 -14
leaf_value=-0.0056283998635721193 0.0038777166859105499 0.00045973233906676655 0.0012614482622748822 0.0062226099571386145 -0.0021586868825137621 -0.0013335868160974389 0.0010818081807574015 -0.0037641154683303556 0.0092944258014533553 -0.0045843422962455983 0.010994748847883283 -0.0043195817362027874 0.0081826743255608934
leaf_weight=555 1460 186 4084 759 4180 744 741 744 213 125 140 156 124
leaf_count=555 1460 186 4084 759 4180 744 741 744 213 125 140 156 124
internal_value=-2.8577e-05 -0.00358186 0.000786181 0.000237358 -0.000362045 -0.00526599 0.00353405 -0.00352897 0.00375416 0.00291274 0.00460165 -0.00884253 0.00750465
internal_weight=14211 2649 11562 9764 8264 2199 1500 1488 1798 1585 450 711 264
internal_count=14211 2649 11562 9764 8264 2199 1500 1488 1798 1585 450 711 264
is_linear=0
shrinkage=0.025


Tree=23
num_leaves=12
num_cat=0
split_feature=36 37 36 40 40 35 46 40 16 38 43
split_gain=86.4458 36.9878 35.2982 32.0667 34.1342 15.8939 14.3251 8.92069 8.23964 7.36495 3.12977
threshold=-0.15085972100496289 0.023582911118865017 0.52496865391731273 0.61676627397537243 1.3052054047584536 0.16466236859560016 0.25046659260988241 0.7297625243663789 0.022393968887627128 -0.30036178231239313 -0.1767902001738548
decision_type=2 2 2 2 2 2 2 2 2 2 2
left_child=7 3 5 6 -5 -3 -2 -1 -4 -9 -11
right_child=1 2 8 4 -6 -7 -8 9 -10 10 -12
leaf_value=-0.0058707629858260743 0.0012906238731553881 0.0052795691060601654 -0.0071441145755568375 0.00087885757893187144 -0.0056637827698030295 0.010943411743416051 -0.004656538478211055 -0.00048986662871439851 0.00022064185517798874 -0.0023016965465189249 -0.0058719559941377069
leaf_weight=335 154 1116 152 9603 941 287 761 181 183 159 467
leaf_count=335 154 1116 152 9603 941 287 761 181 183 159 467
internal_value=-0.000124181 0.000447375 0.00384036 -6.81481e-05 0.000321713 0.00557972 -0.00454484 -0.00670772 -0.00340074 -0.0052109 -0.00648772
internal_weight=14339 13197 1738 11459 10544 1403 915 1142 335 807 626
internal_count=14339 13197 1738 11459 10544 1403 915 1142 335 807 626
is_linear=0
shrinkage=0.025


Tree=24
num_leaves=15
num_cat=0
split_feature=38 37 38 35 31 40 40 40 37 40 37 48 40 48
split_gain=61.1554 47.6649 28.5656 39.9823 24.3013 29.9447 23.4447 22.8596 13.5571 10.6298 9.53313 5.05095 7.11712 4.37592
threshold=-0.19103229045867917 0.022084853611886505 -0.10453376546502112 -0.033536339178681367 2.2016083002090459 1.3537479043006899 0.76724120974540722 1.1240597367286684 0.0090185254812240618 1.094751298427582 0.027051783166825775 0.71515038609504711 0.93690028786659252 0.14343360066413882
decision_type=2 2 2 2 2 2 2 2 2 2 2 2 2 2
left_child=1 6 3 10 5 -4 13 -6 -5 -8 -2 12 -3 -1
right_child=2 11 4 8 7 -7 9 -9 -10 -11 -12 -13 -14 -15
leaf_value=-0.0036098010386034539 -0.001114348520163709 0.0060051114575821359 0.00091008209506147084 0.0076331170791347604 -0.0052020559783425568 -0.010039252108911788 -0.0013226616868357286 0.0025376529962550065 0.0043435803434656948 -0.0032858867816789716 0.0086413362224661474 0.011671526850934644 -0.0033500899974606168 -0.0058935893341093663
leaf_weight=261 1178 205 7091 383 885 324 743 340 1319 746 131 135 124 452
leaf_count=261 1178 205 7091 383 885 324 743 340 1319 746 131 135 124 452
internal_value=-0.000113898 -0.0035263 0.000667575 0.00276235 -6.28976e-05 0.00047591 -0.0050606 -0.00331809 0.00528339 -0.0032505 -0.000518455 0.00371802 0.00196482 -0.00878308
internal_weight=14317 2666 11651 3011 8640 7415 2202 1225 1702 1489 1309 464 329 713
internal_count=14317 2666 11651 3011 8640 7415 2202 1225 1702 1489 1309 464 329 713
is_linear=0
shrinkage=0.025


Tree=25
num_leaves=13
num_cat=0
split_feature=36 37 36 34 16 37 34 13 30 16 37 20
split_gain=87.8278 32.1105 33.9867 33.5472 40.0548 17.5842 15.1293 8.06635 4.92635 3.87392 2.90028 1.20701
threshold=-0.17408153414726255 0.023582911118865017 0.52496865391731273 0.14312935620546344 0.016117570921778682 0.013029302004724743 -0.057236704975366585 -0.39999970793724055 -0.25484865903854365 0.022393968887627128 0.014797669835388662 0.070618115365505232
decision_type=2 2 2 2 2 2 2 2 2 2 2 2
left_child=7 3 6 4 -2 -5 -3 10 -9 -4 -1 -10
right_child=1 2 9 5 -6 -7 -8 8 11 -11 -12 -13
leaf_value=-0.00096717583054552756 0.002218514248909734 0.0025140715641934364 -0.0064696413838977677 0.0056686764579222358 -0.0014438055616894459 0.00060731782403981936 0.0087174813382686154 -0.0052534038517615331 -0.0062733367573161768 -0.00061244975695852054 -0.0041143747086031619 -0.0036965594012404348
leaf_weight=155 2153 580 163 932 7695 740 843 262 344 173 140 124
leaf_count=155 2153 580 163 932 7695 740 843 262 344 173 140 124
internal_value=-1.17933e-05 0.000533066 0.00367418 5.15184e-05 -0.000504288 0.00332066 0.00536152 -0.0070449 -0.00846088 -0.00342742 -0.0034375 -0.00675211
internal_weight=14304 13279 1759 11520 9848 1672 1423 1025 730 336 295 468
internal_count=14304 13279 1759 11520 9848 1672 1423 1025 730 336 295 468
is_linear=0
shrinkage=0.025


Tree=26
num_leaves=12
num_cat=0
split_feature=36 40 40 43 46 11 40 44 13 30 4
split_gain=84.7467 36.5277 31.4838 30.9587 16.2774 9.05789 7.24056 5.36247 3.80921 7.12572 0.490172
threshold=-0.16819997131824491 0.64611038565635692 1.5085739493370058 -0.2476990148425102 0.39125831425189977 0.016333735547959808 0.7393348515033723 0.016357424668967727 -0.42069531977176661 -0.15964079648256299 -0.046143557876348489
decision_type=2 2 2 2 2 2 2 2 2 2 2
left_child=6 4 3 -3 7 -6 10 -2 -8 -10 -1
right_child=1 2 -4 -5 5 -7 8 -9 9 -11 -12
leaf_value=-0.0065135882811725616 -0.0028094706692825162 -0.0017800883225101206 -0.010418418811972545 0.0017560842716067651 -0.0024907709988441248 -0.0072819709446465229 -0.0015562922563146461 0.0029015170887971495 -0.0053484484722278493 -0.0041996479108025149 -0.0043760591292412348
leaf_weight=178 124 1979 167 9970 483 289 238 243 207 297 156
leaf_count=178 124 1979 167 9970 483 289 238 243 207 297 156
internal_value=-0.000108555 0.000439762 0.000843062 0.000996006 -0.00382976 -0.00587999 -0.00683973 0.000487231 -0.00537985 -0.00661837 -0.00993732
internal_weight=14331 13255 12116 11949 1139 772 1076 367 742 504 334
internal_count=14331 13255 12116 11949 1139 772 1076 367 742 504 334
is_linear=0
shrinkage=0.025


Tree=27
num_leaves=15
num_cat=0
split_feature=40 5 46 40 31 46 4 44 40 37 46 9 35 9
split_gain=49.7037 38.5099 38.9171 29.9131 34.2881 18.4572 17.1982 16.5063 13.9767 12.8914 9.83154 8.83335 5.28573 2.86248
threshold=0.69480967521667492 0.053714988753199584 0.36524499952793127 1.2764671444892886 2.2016083002090459 0.70194101333618175 0.11086535453796388 0.018849191255867485 0.51051798462867748 0.024521977640688423 0.31746919453144079 0.018304104916751388 0.13568937778472903 0.021160094067454342
decision_type=2 2 2 2 2 2 2 2 2 2 2 2 2 2
left_child=5 2 9 4 -3 6 10 -5 -8 -2 -1 -4 13 -7
right_child=1 3 11 7 -6 12 8 -9 -10 -11 -12 -13 -14 -15
leaf_value=-0.00069086648381223241 -0.00054929374989753227 0.0027729056551643234 8.7646526009863007e-05 -0.010440944118884904 -0.002245239359618967 -0.0032545985309509239 -0.0023573017753298546 -0.0015905529452324458 0.0054207137773783784 0.0068118554253389987 -0.0050910959496031794 -0.0044681701847559055 -0.0052553320878392156 -0.0060224801553017647
leaf_weight=266 2357 6951 124 261 1287 151 154 537 282 238 359 840 137 356
leaf_count=266 2357 6951 124 261 1287 151 154 537 282 238 359 840 137 356
internal_value=-9.7431e-05 0.00044494 -0.0017554 0.00131277 0.00176134 -0.00409722 -0.0020462 -0.00329234 0.0017432 -0.00015625 -0.00469246 -0.0060307 -0.00742488 -0.00860596
internal_weight=14300 12595 3559 9036 8238 1705 1061 798 436 2595 625 964 644 507
internal_count=14300 12595 3559 9036 8238 1705 1061 798 436 2595 625 964 644 507
is_linear=0
shrinkage=0.025


Tree=28
num_leaves=12
num_cat=0
split_feature=36 40 40 30 46 17 40 30 38 4 4
split_gain=77.767 33.5412 32.4139 25.1013 16.8178 11.7759 8.79535 8.41891 6.68263 3.54869 0.137461
threshold=-0.16819997131824491 0.61676627397537243 1.3439851403236391 -0.5075620412826537 0.18254688382148745 0.53153952956199657 0.7393348515033723 0.74744597077369701 -0.30036178231239313 -0.41918721795082087 -0.083494503051042543
decision_type=2 2 2 2 2 2 2 2 2 2 2
left_child=6 4 3 -3 -2 -4 10 -6 -8 -10 -1
right_child=1 2 5 -5 7 -7 8 -9 9 -11 -12
leaf_value=-0.0061916087628248011 0.0030708104988493496 0.0039338821454552699 -0.0068452664164519303 0.00060363054197162401 -0.0049527817065201547 0.00065368232872719471 -3.9285561861931995e-05 0.00048687556217241122 -0.0019941238736952862 -0.005803080645254464 -0.0041160956471276598
leaf_weight=167 131 1881 532 9548 773 210 141 128 158 448 170
leaf_count=167 131 1881 532 9548 773 210 141 128 158 448 170
internal_value=-0.000161366 0.000367675 0.000735566 0.00106535 -0.00394769 -0.0043089 -0.00658287 -0.00516694 -0.00499501 -0.00612725 -0.0099598
internal_weight=14287 13203 12171 11429 1032 742 1084 901 747 606 337
internal_count=14287 13203 12171 11429 1032 742 1084 901 747 606 337
is_linear=0
shrinkage=0.025


Tree=29
num_leaves=13
num_cat=0
split_feature=36 34 38 36 17 17 38 13 30 11 40 40
split_gain=76.9646 31.4259 37.3817 31.634 17.679 13.7954 9.72939 7.27149 6.0957 5.8221 3.35504 3.26883
threshold=-0.16819997131824491 0.139903798699379 -0.031873507425189011 0.22977772355079654 0.95176368951797496 -0.321395993232727 -0.132829874753952 -0.40420721471309656 -0.25484865903854365 0.022225954569876197 0.71967408061027538 0.93490996956825267
decision_type=2 2 2 2 2 2 2 2 2 2 2 2
left_child=7 2 3 -2 6 -4 -3 9 -9 -1 -10 -6
right_child=1 4 5 -5 11 -7 -8 8 10 -11 -12 -13
leaf_value=0.00070821244848217268 -0.00026177081817886915 -0.0015045174148978074 0.003240620617078022 0.0035659273107779888 -0.0041558042846663607 -0.0028246618760185971 0.0050969864331018803 -0.0049341346237237339 -0.0057784796693483003 -0.0036829917269747161 -0.0040603397414973267 0.00085431921326670776
leaf_weight=126 4629 133 153 2955 164 3518 1427 253 172 185 335 135
leaf_count=126 4629 133 153 2955 164 3518 1427 253 172 185 335 135
internal_value=-8.32452e-05 0.000443536 -5.3841e-05 0.000947918 0.00345024 -0.00212357 0.00451677 -0.00651138 -0.00783497 -0.00318434 -0.00611572 -0.00207648
internal_weight=14185 13114 11255 7584 1859 3671 1560 1071 760 311 507 299
internal_count=14185 13114 11255 7584 1859 3671 1560 1071 760 311 507 299
is_linear=0
shrinkage=0.025


Tree=30
num_leaves=13
num_cat=0
split_feature=36 34 30 40 35 36 16 40 30 46 12 48
split_gain=75.4987 34.112 26.8798 21.5829 16.2794 13.3175 11.4691 4.00346 4.01066 6.78743 1.04636 0.0705578
threshold=-0.19043911248445508 0.139903798699379 -0.5075620412826537 1.5085739493370058 0.41866117715835577 0.23597877472639087 0.024139283224940303 0.7297625243663789 -0.15964079648256299 0.27622890472412115 -0.1178646646440029 0.16269258409738543
decision_type=2 2 2 2 2 2 2 2 2 2 2 2
left_child=7 2 5 -4 6 -2 -3 11 9 -9 -10 -1
right_child=1 4 3 -5 -6 -7 -8 8 10 -11 -12 -13
leaf_value=-0.0043297132893137498 0.0005081926682425818 0.0023062586445641432 -0.00059285732840228542 -0.010042867757833305 -0.0024911222216158799 0.0048082171788970812 0.0060785976790782518 -0.0014629746234964686 -0.0093552065925325105 -0.0061782284837270419 -0.0026643029660929282 -0.0074988695023128346
leaf_weight=126 986 804 9525 146 237 890 862 144 121 211 120 133
leaf_count=126 986 804 9525 146 237 890 862 144 121 211 120 133
internal_value=-9.30294e-05 0.00036557 -0.000145538 -0.000677579 0.0034624 0.00258838 0.00433498 -0.00727471 -0.00602121 -0.00772569 -0.00337907 -0.00996686
internal_weight=14305 13450 11547 9671 1903 1876 1666 855 596 355 241 259
internal_count=14305 13450 11547 9671 1903 1876 1666 855 596 355 241 259
is_linear=0
shrinkage=0.025


Tree=31
num_leaves=12
num_cat=0
split_feature=36 37 34 36 36 37 35 20 30 35 40
split_gain=72.236 30.7722 32.3221 29.3584 28.9731 15.9198 14.1723 6.88923 7.08493 5.02472 4.36278
threshold=-0.16819997131824491 0.023582911118865017 0.14312935620546344 -0.04101168364286422 0.52496865391731273 0.013029302004724743 0.16466236859560016 -0.29162508249282831 -0.34693646430969233 0.19614410400390628 0.70599362254142772
decision_type=2 2 2 2 2 2 2 2 2 2 2
left_child=7 2 3 -2 6 -4 -3 -1 -9 -6 -10
right_child=1 4 5 -5 9 -7 -8 8 10 -11 -12
leaf_value=-0.0007660290464254968 0.0023997351248567292 0.0044761258953602903 0.0051105130480961439 -0.0011943710576994477 -0.0062245307794864257 0.00038238041579342631 0.0097661227866849398 -0.0054030850182111151 -0.0051059150759155568 -3.7724448095882715e-06 -0.0033782476808817473
leaf_weight=142 1059 1140 916 8776 165 729 270 298 183 156 440
leaf_count=142 1059 1140 916 8776 165 729 270 298 183 156 440
internal_value=-0.000118618 0.000386369 -8.21724e-05 -0.000625635 0.00348862 0.0031553 0.00503092 -0.00637289 -0.00716118 -0.00324003 -0.00554339
internal_weight=14274 13211 11480 9835 1731 1645 1410 1063 921 321 623
internal_count=14274 13211 11480 9835 1731 1645 1410 1063 921 321 623
is_linear=0
shrinkage=0.025


Tree=32
num_leaves=12
num_cat=0
split_feature=36 40 40 43 46 4 40 38 40 43 48
split_gain=69.043 28.4336 30.6392 25.5726 15.2497 13.9038 6.17456 4.9396 3.28763 3.18197 1.14543
threshold=-0.17408153414726255 0.71967408061027538 1.5085739493370058 -0.21351585537195203 0.77389594912529003 0.13039476424455645 0.7393348515033723 -0.2956880778074264 0.65654709935188305 -0.1767902001738548 0.14343360066413882
decision_type=2 2 2 2 2 2 2 2 2 2 2
left_child=6 4 3 -3 5 -2 10 -8 -6 -9 -1
right_child=1 2 -4 -5 8 -7 7 9 -10 -11 -12
leaf_value=-0.0035951183497191196 -0.0031861792525273258 -0.0013577466609847836 -0.0096624549985385739 0.0017360043158380107 -0.0080264489997720814 0.0019300283034331539 -7.8562606442159075e-05 -0.0017915762404534449 -0.0038784835308462193 -0.0054041272361206039 -0.0064131724312576415
leaf_weight=126 715 2342 176 9075 333 526 121 131 129 447 200
leaf_count=126 715 2342 176 9075 333 526 121 131 129 447 200
internal_value=-8.07099e-05 0.000401756 0.000845512 0.00100738 -0.00260905 -0.00114868 -0.00631675 -0.00490945 -0.00646413 -0.00586407 -0.00919562
internal_weight=14321 13296 11593 11417 1703 1241 1025 699 462 578 326
internal_count=14321 13296 11593 11417 1703 1241 1025 699 462 578 326
is_linear=0
shrinkage=0.025


Tree=33
num_leaves=14
num_cat=0
split_feature=36 37 36 34 16 37 35 13 45 40 40 16 36
split_gain=72.6599 27.8258 31.5254 29.1211 36.3247 16.8491 15.1439 6.38058 2.89659 3.07285 2.99514 2.87306 2.58446
threshold=-0.16819997131824491 0.023582911118865017 0.52496865391731273 0.17045219987630847 0.016117570921778682 0.012462839484214784 0.16466236859560016 -0.40856105089187617 0.74303007125854503 0.8691898286342622 0.71967408061027538 0.022393968887627128 -0.22456060349941251
decision_type=2 2 2 2 2 2 2 2 2 2 2 2 2
left_child=7 3 6 4 -2 -5 -3 12 9 -9 -10 -4 -1
right_child=1 2 11 5 -6 -7 -8 8 10 -11 -12 -13 -14
leaf_value=-0.0031128665413606999 0.0021198546749896631 0.0043213742359943406 -0.0064006094503118952 0.0072889083531747154 -0.0012074952876471772 0.00090991147984310352 0.0094709058802332387 -0.0055868006955489217 -0.0039124404514015287 -0.0048198930397172794 -0.0024627394045495079 -0.00091857809566200661 -0.00034645030337514954
leaf_weight=155 2135 1135 156 414 8342 551 291 253 149 240 149 175 133
leaf_count=155 2135 1135 156 414 8342 551 291 253 149 240 149 175 133
internal_value=-0.000125586 0.000384827 0.00330945 -6.49734e-05 -0.000448984 0.00407861 0.00492226 -0.00634802 -0.00751413 -0.00874749 -0.00534241 -0.00359003 -0.00305034
internal_weight=14278 13199 1757 11442 10477 965 1426 1079 791 493 298 331 288
internal_count=14278 13199 1757 11442 10477 965 1426 1079 791 493 298 331 288
is_linear=0
shrinkage=0.025


Tree=34
num_leaves=10
num_cat=0
split_feature=36 40 40 16 46 13 30 16 40
split_gain=69.3096 27.4243 29.837 23.0127 16.9801 7.91392 4.63169 2.79324 2.2852
threshold=-0.16819997131824491 1.4848831892013552 0.69480967521667492 0.015462978277355434 0.75650331377983104 -0.42069531977176661 -0.27624361217021937 0.019794541411101822 0.70599362254142772
decision_type=2 2 2 2 2 2 2 2 2
left_child=5 2 4 -4 -2 7 -7 -1 -8
right_child=1 -3 3 -5 -6 6 8 -9 -10
leaf_value=0.00020040869364176817 -0.0011500038876753674 -0.0086416341603536232 0.0032724384688712169 0.00059810946875130111 -0.0069435468897357149 -0.0040825742968942967 -0.0051039804889064441 -0.00247601804824055 -0.0044096439563718545
leaf_weight=134 1039 230 1527 10064 433 272 175 135 353
leaf_count=134 1039 230 1527 10064 433 272 175 135 353
internal_value=-8.831e-05 0.000404666 0.000557182 0.000983637 -0.00278859 -0.00619763 -0.00744565 -0.00239507 -0.00594512
internal_weight=14362 13293 13063 11591 1472 1069 800 269 528
internal_count=14362 13293 13063 11591 1472 1069 800 269 528
is_linear=0
shrinkage=0.025


Tree=35
num_leaves=13
num_cat=0
split_feature=36 37 36 34 40 37 34 24 30 46 44 17
split_gain=68.5645 28.7933 28.5932 27.8093 22.5168 15.1357 13.8479 5.42318 4.02753 3.39834 2.93802 0.623147
threshold=-0.19043911248445508 0.023582911118865017 0.52496865391731273 0.17045219987630847 0.7263658642768861 0.012779302895069124 -0.058185368776321404 32.202629089355476 -0.19126107543706891 0.6347549855709077 0.018523772247135643 -0.34086728096008295
decision_type=2 2 2 2 2 2 2 2 2 2 2 2
left_child=7 3 6 4 -2 -5 -3 8 11 -4 -10 -1
right_child=1 2 9 5 -6 -7 -8 -9 10 -11 -12 -13
leaf_value=-0.0051917979244862442 -0.0028481519574816861 0.0018150764410132499 -0.0006040545449873592 0.0062135597811269821 7.9212650783862942e-05 0.00063706579188351354 0.0077340547213133274 -0.00083925867407081973 -0.0040607824859150293 -0.0048504425773949122 -0.0059125920560257851 -0.0048976575189038267
leaf_weight=124 1602 569 201 494 9248 460 843 130 122 125 255 231
leaf_count=124 1602 569 201 494 9248 460 843 130 122 125 255 231
internal_value=-3.94719e-05 0.000396305 0.00339573 -4.60454e-05 -0.00040707 0.00403415 0.0049356 -0.00685554 -0.00769166 -0.00322885 -0.00571008 -0.00967014
internal_weight=14404 13542 1738 11804 10850 954 1412 862 732 326 377 355
internal_count=14404 13542 1738 11804 10850 954 1412 862 732 326 377 355
is_linear=0
shrinkage=0.025


Tree=36
num_leaves=14
num_cat=0
split_feature=34 37 16 37 5 17 15 16 16 16 9 5 34
split_gain=35.223 38.413 35.3691 33.7338 26.9042 18.2437 10.768 11.7368 9.11282 19.0161 11.1628 4.74782 2.82089
threshold=0.139903798699379 0.024521977640688423 0.016513891518116001 0.0090185254812240618 0.13232688605785373 0.95176368951797496 0.66379308700561535 0.018375191837549213 0.024139283224940303 0.021916245110332969 0.027451359666883949 0.67625150084495556 0.16754657775163653
decision_type=2 2 2 2 2 2 2 2 2 2 2 2 2
left_child=1 2 3 -1 -4 8 7 -3 9 -2 -10 -8 -7
right_child=5 6 4 -5 -6 12 11 -9 10 -11 -12 -13 -14
leaf_value=0.004913054704619297 0.0049014642214351622 -0.005930198165589577 -0.0027337596515206427 -0.00041677576716866245 -0.0011829562038558534 -0.0038715033551327883 0.008552925528219275 0.0032755125829040084 0.0077525035278857742 -0.0028211767478836004 0.0037474725270354118 0.0024458961793154123 -0.0004423625383743732
leaf_weight=792 437 132 2829 1838 5428 123 301 883 363 318 469 132 192
leaf_count=792 437 132 2829 1838 5428 123 301 883 363 318 469 132 192
internal_value=-0.000149645 -0.000638675 -0.00114821 0.00137334 -0.00195246 0.00301193 0.00317877 0.00174632 0.00410254 0.00208059 0.00590651 0.00646404 -0.00244141
internal_weight=14237 12335 10887 2630 8257 1902 1448 1015 1587 755 832 433 315
internal_count=14237 12335 10887 2630 8257 1902 1448 1015 1587 755 832 433 315
is_linear=0
shrinkage=0.025


Tree=37
num_leaves=14
num_cat=0
split_feature=38 17 31 43 30 40 37 13 16 48 31 14 29
split_gain=43.6835 39.0968 29.7504 31.99 20.746 16.869 16.1283 16.6521 12.8641 9.64445 7.11949 4.53171 1.45064
threshold=-0.19103229045867917 0.66653847694396984 1.7457486987113955 -0.01189753459766507 -0.5075620412826537 1.3052054047584536 0.022084853611886505 -0.42069531977176661 0.024106965400278572 0.14343360066413882 3.1182407140731816 0.46680118143558508 0.071854263544082655
decision_type=2 2 2 2 2 2 2 2 2 2 2 2 2
left_child=1 6 3 4 -2 -5 7 -1 9 -4 -10 -8 -3
right_child=2 12 8 5 -6 -7 11 -9 10 -11 -12 -13 -14
leaf_value=-0.0006266617871098231 0.0028681951172183184 0.0072879141311386012 -0.0062772795939198519 0.0032785870443077939 -0.00089140085911088441 -0.0048622074501113634 0.0075553168826185541 -0.0037868894818209029 0.001445920581728466 -0.0031654566907648399 -0.0038048446889123763 -0.001221689096840127 0.010665981163247226
leaf_weight=512 1116 121 252 3692 4106 196 131 1562 766 1187 243 170 138
leaf_count=512 1116 121 252 3692 4106 196 131 1562 766 1187 243 170 138
internal_value=-5.06269e-05 -0.0029533 0.000611325 0.0012692 -8.37e-06 0.00298452 -0.00396271 -0.00474687 -0.00183194 -0.00334574 0.000326677 0.00140931 0.00617898
internal_weight=14192 2634 11558 9110 5222 3888 2375 2074 2448 1439 1009 301 259
internal_count=14192 2634 11558 9110 5222 3888 2375 2074 2448 1439 1009 301 259
is_linear=0
shrinkage=0.025


Tree=38
num_leaves=12
num_cat=0
split_feature=36 30 34 43 35 36 38 20 30 39 41
split_gain=56.156 24.4667 22.8641 22.9415 15.7633 10.3001 15.9235 5.73583 5.78506 4.33977 4.2682
threshold=-0.19043911248445508 -0.47685797512531275 0.14312935620546344 -0.21351585537195203 0.41866117715835577 0.23597877472639087 -0.024602290242910382 -0.29162508249282831 -0.25484865903854365 1.0921879410743716 0.6902616322040559
decision_type=2 2 2 2 2 2 2 2 2 2 2
left_child=7 5 3 -3 -4 9 -7 -1 -9 -2 -10
right_child=1 2 4 -5 -6 6 -8 8 10 -11 -12
leaf_value=-0.00062612052363852022 3.1030472700792347e-05 -0.0034058589518458169 0.0038608255930676766 -6.7134182830057285e-05 -0.003401661139234167 0.0056334072099519282 -0.00046928523645935194 -0.0043798785038220989 -0.0059153318686665859 0.0023561415910051163 -0.0016630472568034086
leaf_weight=120 827 1715 1353 7925 218 792 324 303 295 334 127
leaf_count=120 827 1715 1353 7925 218 792 324 303 295 334 127
internal_value=-9.80785e-05 0.000294134 -0.000185561 -0.000642172 0.00260549 0.00265392 0.00436552 -0.00633088 -0.0071661 0.000991638 -0.00513759
internal_weight=14333 13488 11211 9640 1571 2277 1116 845 725 1161 422
internal_count=14333 13488 11211 9640 1571 2277 1116 845 725 1161 422
is_linear=0
shrinkage=0.025


Tree=39
num_leaves=13
num_cat=0
split_feature=36 37 36 37 36 36 33 5 30 16 41 24
split_gain=54.7812 22.4918 30.8712 24.1627 40.9433 33.3439 8.28097 5.17676 6.06021 3.37191 2.93134 0.0527381
threshold=-0.19043911248445508 0.024521977640688423 0.52496865391731273 0.0093778399750590342 -0.03503217734396457 0.23344635218381884 0.00031939352629706269 -0.49876053631305689 -0.29007150232791895 0.023985079489648346 0.68862494826316845 23.344760894775394
decision_type=2 2 2 2 2 2 2 2 2 2 2 2
left_child=7 3 6 4 -2 -5 -3 -1 11 -4 -10 -9
right_child=1 2 9 5 -6 -7 -8 8 10 -11 -12 -13
leaf_value=-0.00087811445141466188 0.0064146903799741839 0.0033758487195452744 -0.0058914960025657145 -0.0019419133084042765 0.00051636800591204908 0.0011039639695602595 0.0073007667460752938 -0.0053633732708608202 -0.0054748783813447473 -0.00042366149387166875 -0.0016960179484081202 -0.0029730066516153696
leaf_weight=146 501 537 174 4854 2298 4183 657 167 294 128 120 128
leaf_count=146 501 537 174 4854 2298 4183 657 167 294 128 120 128
internal_value=-8.32335e-05 0.000310696 0.0031937 -5.43662e-05 0.00197263 -0.000683615 0.00499896 -0.00619913 -0.00708158 -0.00388844 -0.00499702 -0.00985417
internal_weight=14187 13332 1496 11836 2799 9037 1194 855 709 302 414 295
internal_count=14187 13332 1496 11836 2799 9037 1194 855 709 302 414 295
is_linear=0
shrinkage=0.025


Tree=40
num_leaves=11
num_cat=0
split_feature=36 40 40 17 46 17 46 20 11 41
split_gain=54.1098 27.8871 27.652 19.4072 18.7921 11.5848 5.31304 4.83228 2.68628 3.6122
threshold=-0.19043911248445508 0.61676627397537243 1.3537479043006899 0.969701647758484 0.14464352279901507 0.53153952956199657 0.80776411294937145 -0.29162508249282831 0.016042062081396583 0.75456559658050548
decision_type=2 2 2 2 2 2 2 2 2 2
left_child=7 4 3 -3 -2 -4 -6 -1 -9 -10
right_child=1 2 5 -5 6 -7 -8 8 9 -11
leaf_value=-0.00068223775880680367 0.0039567957364568781 0.0013036020141135357 -0.0062518479064163496 -0.0022085268580766481 -0.0024567323168821426 0.00059955778148393368 -0.0079274867758989034 -0.0023988181757342384 -0.0053500665274030541 -0.0024155695394713246
leaf_weight=124 120 10154 516 1481 674 216 268 133 470 120
leaf_count=124 120 10154 516 1481 674 216 268 133 470 120
internal_value=-8.88418e-05 0.000298217 0.000632982 0.00093052 -0.00357896 -0.00406208 -0.00477165 -0.00619865 -0.00697974 -0.00772059
internal_weight=14276 13429 12367 11635 1062 732 942 847 723 590
internal_count=14276 13429 12367 11635 1062 732 942 847 723 590
is_linear=0
shrinkage=0.025


Tree=41
num_leaves=12
num_cat=0
split_feature=36 40 40 31 9 30 20 30 12 40 9
split_gain=54.6559 26.0605 24.1115 24.7155 10.7488 8.40415 4.98157 5.09595 4.49708 3.33084 0.339035
threshold=-0.19043911248445508 0.61676627397537243 1.3337206840515139 2.1341483592987065 0.036045193672180183 0.8349103331565858 -0.27775569260120386 -0.29007150232791895 -0.15582294762134549 0.7263658642768861 0.025588832795619968
decision_type=2 2 2 2 2 2 2 2 2 2 2
left_child=6 5 3 -3 -4 8 -1 10 -2 -9 -8
right_child=1 2 4 -5 -6 -7 7 9 -10 -11 -12
leaf_value=-0.00055511691655393824 -0.00048008470398114013 0.0014762764508722396 -0.0062273133040861382 -0.0023738426830746473 0.0010959405462053595 0.0017366675798507786 -0.0028689243718443207 -0.0049059550747560139 -0.0037512173023558993 -0.0041407241229961386 -0.0055378046962022386
leaf_weight=135 162 10003 628 1444 185 123 149 152 766 269 145
leaf_count=135 162 10003 628 1444 185 123 149 152 766 269 145
internal_value=-6.39736e-05 0.000329021 0.000653791 0.000950162 -0.00349175 -0.00343868 -0.00619152 -0.00702257 -0.00425375 -0.00512031 -0.00959448
internal_weight=14161 13311 12260 11447 813 1051 850 715 928 421 294
internal_count=14161 13311 12260 11447 813 1051 850 715 928 421 294
is_linear=0
shrinkage=0.025


Tree=42
num_leaves=13
num_cat=0
split_feature=38 17 31 40 43 40 40 26 38 17 11 32
split_gain=38.6164 44.0176 30.1042 24.9728 26.3064 14.4765 11.7705 10.9636 10.3973 10.2793 6.76448 2.39208
threshold=-0.18006064742803571 0.66653847694396984 2.1341483592987065 1.4513317346572878 -0.19351182878017423 0.7393348515033723 1.1240597367286684 0.032247720286250121 -0.12176326662302016 0.16257726401090625 0.021346880123019222 1.1082907319068911
decision_type=2 2 2 2 2 2 2 2 2 2 2 2
left_child=1 5 3 4 -2 10 8 -8 -4 -7 -1 -3
right_child=2 11 6 -5 -6 9 7 -9 -10 -11 -12 -13
leaf_value=-0.0040100677929788449 -0.00097586038704960412 0.0078389341082612234 0.0021019911542798004 -0.0090559421838548679 0.0020026438175786698 -0.00208830836962483 0.0062532937772324789 -0.0041905576018460974 -0.0050414190988862812 0.0022282756364668406 -0.00058424002959642685 0.009247350298805088
leaf_weight=562 2401 170 141 182 7255 1552 184 201 996 328 132 121
leaf_count=562 2401 170 141 182 7255 1552 184 201 996 328 132 121
internal_value=-0.000102337 -0.00269382 0.000551584 0.00105849 0.0012337 -0.00373934 -0.00271365 0.00104167 -0.00398971 -0.00258289 -0.00682225 0.00644003
internal_weight=14225 2865 11360 9838 9656 2574 1522 385 1137 1880 694 291
internal_count=14225 2865 11360 9838 9656 2574 1522 385 1137 1880 694 291
is_linear=0
shrinkage=0.025


Tree=43
num_leaves=13
num_cat=0
split_feature=36 37 36 34 16 34 37 16 24 41 30 45
split_gain=51.3237 25.3717 28.4633 22.1485 26.4005 17.9025 16.7586 4.79632 4.3012 1.69801 1.49665 1.24138
threshold=-0.19043911248445508 0.019573211669921878 0.52496865391731273 0.14312935620546344 0.016442125663161281 -0.04042371362447738 0.013029302004724743 0.022393968887627128 31.083002090454105 0.6902616322040559 -0.24816623330116269 0.71515038609504711
decision_type=2 2 2 2 2 2 2 2 2 2 2 2
left_child=8 3 5 4 -2 -3 -5 -4 9 11 -11 -1
right_child=1 2 7 6 -6 -7 -8 -9 -10 10 -12 -13
leaf_value=-0.0056223150507362209 0.0011196151026626993 0.0013064709065600561 -0.0059200215105852608 0.0043298960448057899 -0.0014751157666111877 0.0060269425091889683 -0.00080417004607233897 -0.0007348991280166973 -0.00088964571933601165 -0.0036658945457935621 -0.0021769478866157945 -0.0041949163415861612
leaf_weight=215 2389 1084 190 952 6898 1227 554 207 153 140 126 211
leaf_count=215 2389 1084 190 952 6898 1227 554 207 153 140 126 211
internal_value=-7.79562e-05 0.000296627 0.00245807 -0.000245995 -0.00070289 0.0035217 0.00256039 -0.0036847 -0.00603676 -0.00687769 -0.00505074 -0.00793213
internal_weight=14346 13501 2708 10793 9287 2311 1506 397 845 692 266 426
internal_count=14346 13501 2708 10793 9287 2311 1506 397 845 692 266 426
is_linear=0
shrinkage=0.025


Tree=44
num_leaves=11
num_cat=0
split_feature=36 40 40 30 36 41 45 44 40 48
split_gain=45.0752 23.3729 25.2019 22.6429 6.60815 4.75719 4.27448 4.17728 2.51074 0.154778
threshold=-0.19043911248445508 1.5085739493370058 0.71967408061027538 -0.5075620412826537 0.21314036846160891 0.6902616322040559 0.71515038609504711 0.024774373508989814 1.0920127034187319 0.41966252028942114
decision_type=2 2 2 2 2 2 2 2 2 2
left_child=5 2 4 -4 -2 6 9 -8 -7 -1
right_child=1 -3 3 -5 -6 8 7 -9 -10 -11
leaf_value=-0.0060985900735647438 -0.0030416462845165881 -0.008512126954146923 0.0031404204699469669 0.0003459120526101617 -0.00075864210939552987 -0.00073805323191632264 -0.00070712913415531828 -0.0055835914359016218 -0.0023341017456933403 -0.004631932285734895
leaf_weight=135 1030 178 1829 9668 738 121 129 127 212 122
leaf_count=135 1030 178 1829 9668 738 121 129 127 212 122
internal_value=-5.29068e-05 0.000299766 0.000422476 0.000850396 -0.00235124 -0.00563308 -0.00715492 -0.00466954 -0.00319896 -0.00947042
internal_weight=14289 13443 13265 11497 1768 846 513 256 333 257
internal_count=14289 13443 13265 11497 1768 846 513 256 333 257
is_linear=0
shrinkage=0.025


Tree=45
num_leaves=12
num_cat=0
split_feature=36 37 36 37 36 36 35 24 37 44 41
split_gain=45.925 24.8252 26.73 23.5603 30.8095 29.776 14.9738 4.79415 3.92361 2.61497 1.72039
threshold=-0.19043911248445508 0.023582911118865017 0.52496865391731273 0.0093778399750590342 0.23344635218381884 -0.03503217734396457 0.15811300277709964 28.086907386779789 0.030502781271934513 0.01663173828274012 0.67121675610542308
decision_type=2 2 2 2 2 2 2 2 2 2 2
left_child=7 3 6 5 -5 -2 -3 9 -4 -1 -11
right_child=1 2 8 4 -6 -7 -8 -9 -10 10 -12
leaf_value=-0.0022630342255232543 0.0060062009205157363 0.0038948901788053466 -0.0050700514052128519 -0.0018539297083275787 0.00091355070133146844 0.00065413379689051733 0.008708179975418286 -0.00089678227716546988 0.0001242420488953934 -0.0053973135437685163 -0.0025744245883510333
leaf_weight=121 493 1121 208 4785 4153 2268 306 211 126 334 181
leaf_count=121 493 1121 208 4785 4153 2268 306 211 126 334 181
internal_value=-0.000100003 0.000255756 0.00301883 -0.000160736 -0.000784832 0.00185512 0.00450855 -0.00572917 -0.00330015 -0.00681552 -0.00760817
internal_weight=14307 13460 1761 11699 8938 2761 1427 847 334 636 515
internal_count=14307 13460 1761 11699 8938 2761 1427 847 334 636 515
is_linear=0
shrinkage=0.025


Tree=46
num_leaves=12
num_cat=0
split_feature=36 30 34 36 37 35 29 24 42 44 29
split_gain=51.3646 23.9752 21.5074 23.7791 13.3757 12.2911 5.00925 4.1424 2.37317 1.58965 1.03285
threshold=-0.19043911248445508 -0.5075620412826537 0.14312935620546344 -0.03503217734396457 0.027446017600595955 0.41866117715835577 0.058069672435522086 28.086907386779789 -0.043739125132560723 0.017277503386139873 0.060006000101566322
decision_type=2 2 2 2 2 2 2 2 2 2 2
left_child=7 4 3 -3 6 -4 -2 9 -6 -1 -11
right_child=1 2 5 -5 8 -7 -8 -9 -10 10 -12
leaf_value=-0.0035940758833976636 0.0011851535529644826 0.0016379184752453903 0.0035658352220808683 -0.0011010962843592488 0.0087433586958249546 -0.0028331666566703776 0.0040190175152687883 -0.0013541362784711547 0.0051175381197582264 -0.0048381802191446053 -0.002404611357860562
leaf_weight=157 1449 1278 1339 8519 131 209 333 209 190 306 164
leaf_count=157 1449 1278 1339 8519 131 209 333 209 190 306 164
internal_value=-3.2805e-05 0.000341467 -0.000112885 -0.000546445 0.00278997 0.00261993 0.00192711 -0.00602705 0.00745782 -0.00705103 -0.00782895
internal_weight=14284 13448 11345 9797 2103 1548 1782 836 321 627 470
internal_count=14284 13448 11345 9797 2103 1548 1782 836 321 627 470
is_linear=0
shrinkage=0.025


Tree=47
num_leaves=10
num_cat=0
split_feature=36 40 40 43 46 41 11 9 38
split_gain=51.5953 21.9804 23.4969 23.6117 18.5209 4.98834 2.89233 2.64162 0.438365
threshold=-0.19043911248445508 1.5085739493370058 0.61676627397537243 -0.2476990148425102 0.14464352279901507 0.6902616322040559 0.016109431162476543 0.028675912879407409 -0.26547384262084955
decision_type=2 2 2 2 2 2 2 2 2
left_child=5 2 4 -4 -2 6 -1 -7 -8
right_child=1 -3 3 -5 -6 7 8 -9 -10
leaf_value=-0.0025453062461784043 0.0046051634144663543 -0.0082130824892146185 -0.0014615087794933044 0.001251742310569936 -0.0029721660034597083 -0.0022303461701640103 -0.0038164778606197959 -0.00026170461859735262 -0.0058237211394781612
leaf_weight=132 122 172 2010 10224 944 186 139 155 257
leaf_count=132 122 172 2010 10224 944 186 139 155 257
internal_value=-7.01415e-05 0.000311178 0.000427941 0.000738929 -0.00312208 -0.00595681 -0.00749296 -0.00348627 -0.00858791
internal_weight=14341 13472 13300 12234 1066 869 528 341 396
internal_count=14341 13472 13300 12234 1066 869 528 341 396
is_linear=0
shrinkage=0.025


Tree=48
num_leaves=10
num_cat=0
split_feature=36 40 40 43 46 24 30 40 5
split_gain=43.2245 22.91 23.5574 23.4148 14.7551 5.39006 2.29834 2.5281 0.45892
threshold=-0.19043911248445508 1.5085739493370058 0.61676627397537243 -0.21351585537195203 0.19993950426578525 32.202629089355476 -0.19126107543706891 0.72273260354995739 -0.36875170469284052
decision_type=2 2 2 2 2 2 2 2 2
left_child=5 2 4 -4 -2 6 8 -8 -1
right_child=1 -3 3 -5 -6 -7 7 -9 -10
leaf_value=-0.0039268333083674794 0.002713175809648086 -0.0079492607856362849 -0.0012909316373798498 0.0013424420681223321 -0.0032084063829574149 -0.00043186941835307097 -0.0045646339644080909 -0.0039101237186711119 -0.0040475251312971543
leaf_weight=127 150 185 2475 9663 906 124 126 234 204
leaf_count=127 150 185 2475 9663 906 124 126 234 204
internal_value=-4.53377e-05 0.000295595 0.000420013 0.000732418 -0.00315151 -0.00561738 -0.0064745 -0.00491438 -0.00805432
internal_weight=14194 13379 13194 12138 1056 815 691 360 331
internal_count=14194 13379 13194 12138 1056 815 691 360 331
is_linear=0
shrinkage=0.025


Tree=49
num_leaves=12
num_cat=0
split_feature=36 34 38 36 43 43 16 38 41 45 4
split_gain=37.5716 20.523 35.8152 33.9234 14.6363 9.32171 9.36785 5.14745 4.74774 5.15215 3.8047
threshold=-0.17408153414726255 0.14312935620546344 -0.018733770586550232 0.23344635218381884 -0.095512125641107545 0.42163954675197607 0.024139283224940303 -0.30485139787197107 0.66660353541374218 0.76228907704353344 -0.36196094751358027
decision_type=2 2 2 2 2 2 2 2 2 2 2
left_child=7 2 3 -2 -4 6 -3 -1 9 -9 -10
right_child=1 5 4 -5 -6 -7 -8 8 10 -11 -12
leaf_value=-3.503600314667815e-05 -0.00047834492870963839 0.0014667293224216533 -0.0059213679452116696 0.0030642787263309604 -0.0011722371424764955 -0.0029784254588519632 0.0050340846354241121 -0.0055787745832988657 -0.00017336005837788326 -0.0020985963977263322 -0.0038830966254066778
leaf_weight=143 5308 778 1117 3137 1967 127 880 288 201 204 199
leaf_count=143 5308 778 1117 3137 1967 127 880 288 201 204 199
internal_value=-9.27442e-05 0.00026419 -0.000121922 0.000719675 -0.00242595 0.00275489 0.00325842 -0.00466947 -0.00537207 -0.00702968 -0.00325617
internal_weight=14349 13314 11529 8445 3084 1785 1658 1035 892 492 400
internal_count=14349 13314 11529 8445 3084 1785 1658 1035 892 492 400
is_linear=0
shrinkage=0.025


Tree=50
num_leaves=11
num_cat=0
split_feature=36 34 38 36 35 35 33 20 11 48
split_gain=36.4343 20.196 32.8018 28.7817 13.3138 12.8981 12.5302 4.5904 2.37049 1.50313
threshold=-0.19043911248445508 0.139903798699379 -0.018733770586550232 0.23344635218381884 0.41866117715835577 0.15171886235475543 0.015833471901714805 -0.27775569260120386 0.016042062081396583 0.43892149627208715
decision_type=2 2 2 2 2 2 2 2 2 2
left_child=7 2 3 -2 5 -3 -4 -1 -9 -10
right_child=1 4 6 -5 -6 -7 -8 8 9 -11
leaf_value=-0.00021048597634255352 -0.00039818464692307142 -0.00018686730431935196 -0.002000997272229368 0.0030385491316885904 -0.0028638603327814666 0.0043244479893806672 -0.0089109417785158164 -0.0019553397962937223 -0.0043832657928922726 -0.0031183524517347933
leaf_weight=140 5382 448 2716 3088 231 1211 302 137 239 333
leaf_count=140 5382 448 2716 3088 231 1211 302 137 239 333
internal_value=-3.55712e-05 0.000283475 -0.000110393 0.000686578 0.0026748 0.00345928 -0.00234659 -0.00504245 -0.00585609 -0.00657496
internal_weight=14227 13378 11488 8470 1890 1659 3018 849 709 572
internal_count=14227 13378 11488 8470 1890 1659 3018 849 709 572
is_linear=0
shrinkage=0.025


Tree=51
num_leaves=13
num_cat=0
split_feature=36 37 16 34 36 37 35 41 45 16 47 48
split_gain=37.0901 20.9743 24.378 29.8576 24.2402 19.4988 13.2041 4.06253 4.99012 2.79865 2.65385 0.230293
threshold=-0.19043911248445508 0.023808800615370277 0.016117570921778682 0.17045219987630847 0.52496865391731273 0.0085396571084857004 0.15811300277709964 0.6902616322040559 0.76228907704353344 0.023985079489648346 0.67663240432739269 0.41966252028942114
decision_type=2 2 2 2 2 2 2 2 2 2 2 2
left_child=7 2 5 -4 6 -2 -3 8 11 -6 -9 -1
right_child=1 4 3 -5 9 -7 -8 10 -10 -11 -12 -13
leaf_value=-0.005415653702883343 0.0053830213904572377 0.0037199964453886267 -0.0011261765463928077 0.0036491552686713311 -0.0058311945141505967 0.00061886296744692734 0.0080964476046246903 -0.0018967191180580727 -0.0022755918151700825 -0.00019757696669716053 1.7508136933866437e-06 -0.0043299976096271625
leaf_weight=176 548 1096 8498 994 189 1654 277 211 225 133 128 120
leaf_count=176 548 1096 8498 994 189 1654 277 211 225 133 128 120
internal_value=-6.18248e-05 0.000261778 -0.00011486 -0.000665342 0.00285662 0.00225136 0.00430425 -0.00507948 -0.00647576 -0.00326835 -0.00285247 -0.00861711
internal_weight=14249 13389 11694 9492 1695 2202 1373 860 521 322 339 296
internal_count=14249 13389 11694 9492 1695 2202 1373 860 521 322 339 296
is_linear=0
shrinkage=0.025


Tree=52
num_leaves=14
num_cat=0
split_feature=40 40 31 5 38 35 46 11 13 44 4 48 11
split_gain=27.0168 23.8164 21.8395 24.1931 12.7973 11.9499 10.9339 8.98027 8.9247 12.3127 8.86869 6.18142 2.63592
threshold=0.72273260354995739 1.3337206840515139 2.6633386611938481 0.13232688605785373 -0.14094761759042737 0.061445608735084541 0.80776411294937145 0.020353277213871483 -0.35069671273231501 0.018239656463265422 0.17285276204347613 0.14343360066413882 0.02004487439990044
decision_type=2 2 2 2 2 2 2 2 2 2 2 2 2
left_child=4 2 3 -2 7 -4 10 11 12 -10 -6 -1 -3
right_child=1 8 5 -5 6 -7 -8 -9 9 -11 -12 -13 -14
leaf_value=-0.0018300969872743153 -0.000550078324545622 0.0016192231987405597 0.0027036124779382304 0.0020628057831481028 -0.0023601388880609684 -0.0047894504719564581 -0.0060295355755049969 -0.00042714664195232511 -0.0088711256651775889 -0.0029574475205514151 0.0024018859825894693 -0.0055339632521801156 -0.0011340131291542725
leaf_weight=254 3510 122 169 7001 613 607 239 195 279 401 441 294 146
leaf_count=254 3510 122 169 7001 613 607 239 195 279 401 441 294 146
internal_value=-5.29735e-05 0.000390625 0.000711234 0.00101096 -0.00271619 -0.00332106 -0.00119896 -0.00532253 -0.00340373 -0.00491788 -8.85269e-05 -0.00695072 0.000434982
internal_weight=14271 12235 11287 10511 2036 776 1293 743 948 680 1054 548 268
internal_count=14271 12235 11287 10511 2036 776 1293 743 948 680 1054 548 268
is_linear=0
shrinkage=0.025


Tree=53
num_leaves=12
num_cat=0
split_feature=36 37 36 37 36 34 34 24 25 30 29
split_gain=29.6189 22.3518 22.5846 18.0979 24.1679 14.8741 13.7357 5.9856 3.80162 1.93122 2.62415
threshold=-0.19043911248445508 0.023582911118865017 0.51863935589790355 0.0081807607784867304 0.23344635218381884 -0.057236704975366585 0.081237383186817183 28.086907386779789 -8.0410923957824689 -0.64121282100677479 0.040388653054833419
decision_type=2 2 2 2 2 2 2 2 2 2 2
left_child=7 3 5 6 -5 -3 -2 9 -4 -1 -11
right_child=1 2 8 4 -6 -7 -8 -9 -10 10 -12
leaf_value=-0.0042661321570089264 0.0051469788089853162 0.00086499346724234767 0.00051916862086067307 -0.0014325053236798947 0.00076160958170788109 0.006432525203811529 0.00052398583355957318 -0.00036204426515192917 -0.0044114769257012302 -0.0018882088446634194 -0.0046697226314416458
leaf_weight=155 490 537 127 5545 4874 859 801 214 210 169 330
leaf_count=155 490 537 127 5545 4874 859 801 214 210 169 330
internal_value=-0.0001122 0.000177071 0.00282293 -0.000215002 -0.000561804 0.00422466 0.00257041 -0.00457474 -0.00294225 -0.00575683 -0.00487351
internal_weight=14311 13443 1733 11710 10419 1396 1291 868 337 654 499
internal_count=14311 13443 1733 11710 10419 1396 1291 868 337 654 499
is_linear=0
shrinkage=0.025


Tree=54
num_leaves=13
num_cat=0
split_feature=40 40 37 36 36 36 9 9 20 37 5 43
split_gain=28.2818 20.4445 19.936 23.3482 22.4593 13.1653 8.90324 8.69757 10.1733 8.16381 7.36141 8.40812
threshold=0.71967408061027538 1.3537479043006899 0.0093778399750590342 -0.03503217734396457 0.23344635218381884 0.12095010653138162 0.016913233324885372 0.036045193672180183 0.025169237516820434 0.019947187043726448 0.85903099179267894 -0.054989505559206002
decision_type=2 2 2 2 2 2 2 2 2 2 2 2
left_child=5 2 3 -2 -4 6 -1 8 -3 -8 11 -7
right_child=1 7 4 -5 -6 10 9 -9 -10 -11 -12 -13
leaf_value=0.00011213543104795221 0.0063786855019248682 -0.0010742528106747196 -0.00095194413936849041 0.0015344947635720114 0.0014897778357353759 -0.0035135607358989991 -0.0043467725147139169 0.0011007157814261759 -0.0084354179762343804 8.1662729978219949e-06 -0.0039910838640508997 0.0026859835965034823
leaf_weight=197 416 319 4482 1808 4741 251 768 177 351 131 183 470
leaf_count=197 416 319 4482 1808 4741 251 768 177 351 131 183 470
internal_value=-3.62788e-05 0.000412127 0.000690382 0.00281236 0.000176772 -0.0027899 -0.00462648 -0.00332306 -0.00462037 -0.00567616 -0.000543179 0.000594008
internal_weight=14294 12294 11447 2224 9223 2000 1096 847 670 899 904 721
internal_count=14294 12294 11447 2224 9223 2000 1096 847 670 899 904 721
is_linear=0
shrinkage=0.025


Tree=55
num_leaves=13
num_cat=0
split_feature=36 31 36 37 36 38 44 4 9 45 9 18
split_gain=28.802 18.6349 25.1083 29.7094 26.0026 10.3468 6.26258 4.64288 3.68747 3.48828 5.671 0.390256
threshold=-0.19043911248445508 2.2016083002090459 0.23344635218381884 0.0092449728399515169 0.31224288046360021 -0.12176326662302016 0.040494188666343696 -0.33484660089015955 0.028863596729934219 0.73275861144065868 0.026608977466821674 0.0013532983721233907
decision_type=2 2 2 2 2 2 2 2 2 2 2 2
left_child=7 2 3 -2 -4 -3 -7 8 -1 11 -11 -9
right_child=1 5 4 -5 -6 6 -8 9 -10 10 -12 -13
leaf_value=-0.0025851075608536132 0.0028539018882777867 0.0025127877722068734 0.0049984197465451387 -0.0011869831516895081 0.00080055821036891797 -0.0028682639144823165 -0.010740716116192093 -0.0039920368932044653 0.00031797069382188058 0.00013878261089214882 -0.0061396319717857833 -0.004550641460463853
leaf_weight=151 1383 217 1489 5055 3909 1126 149 160 144 122 148 128
leaf_count=151 1383 217 1489 5055 3909 1126 149 160 144 122 148 128
internal_value=-2.51128e-05 0.000260163 0.00059275 -0.000460771 0.00184967 -0.00236723 -0.00322754 -0.00446533 -0.00185417 -0.00580595 -0.00361364 -0.00774317
internal_weight=14181 13328 11836 6438 5398 1492 1275 853 295 558 270 288
internal_count=14181 13328 11836 6438 5398 1492 1275 853 295 558 270 288
is_linear=0
shrinkage=0.025


Tree=56
num_leaves=13
num_cat=0
split_feature=36 30 31 31 44 37 41 36 10 45 12 43
split_gain=26.5082 21.23 17.9386 21.5767 15.0393 12.6487 6.46049 5.99633 4.20376 3.56896 2.54365 0.318138
threshold=-0.19711299985647199 -0.4452506154775619 0.47636410593986517 1.7457486987113955 0.011841243132948877 0.018078198656439785 0.6902616322040559 0.23597877472639087 0.020091010257601741 0.76228907704353344 -0.19929409027099607 -0.11894083023071288
decision_type=2 2 2 2 2 2 2 2 2 2 2 2
left_child=6 5 4 -4 -3 8 9 -7 -2 11 -8 -1
right_child=1 2 3 -5 -6 7 10 -9 -10 -11 -12 -13
leaf_value=-0.0033860780108848788 0.0011793291339309564 0.002210097079067616 0.0013329789930772468 -0.0018402549784862139 -0.0021333234116851867 0.0028466151693246318 0.00011717845797929588 0.0054037582997316039 -0.0019497806673367216 -0.0019903169705282543 -0.0021048173884580103 -0.0065758141012456847
leaf_weight=127 1336 438 5174 2394 3011 297 152 570 247 200 182 143
leaf_count=127 1336 438 5174 2394 3011 297 152 570 247 200 182 143
internal_value=-7.74902e-05 0.000186034 -0.000281823 0.00039862 -0.00177512 0.0022887 -0.00447311 0.004709 0.00094852 -0.00635526 -0.00175147 -0.00825
internal_weight=14271 13467 11017 7568 3449 2450 804 867 1583 470 334 270
internal_count=14271 13467 11017 7568 3449 2450 804 867 1583 470 334 270
is_linear=0
shrinkage=0.025


Tree=57
num_leaves=15
num_cat=0
split_feature=37 38 31 43 5 38 34 34 40 34 22 5 17 13
split_gain=22.4968 28.35 22.8706 29.9774 15.0147 13.5508 23.7878 11.8593 11.1015 6.36866 7.75416 6.17479 4.1282 1.39259
threshold=0.024521977640688423 -0.15621230006217954 1.7704916000366213 0.017114367336034778 0.82285255193710338 -0.10738121718168257 -0.038923656567931168 0.16754657775163653 0.76724120974540722 -0.059203272685408585 0.80546832084655773 0.62975716590881359 0.30999690294265753 -0.16085474193096158
decision_type=2 2 2 2 2 2 2 2 2 2 2 2 2 2
left_child=1 4 3 -3 8 9 13 -4 -1 12 -11 -8 -2 -7
right_child=5 2 7 -5 -6 6 11 -9 -10 10 -12 -13 -14 -15
leaf_value=-0.00293052277488296 -0.0008896786566093412 -0.00037761098257288049 -0.0035563023455836814 0.0025154861599808128 0.0071126419460601359 -0.0066388416977698986 0.0065347683660686127 0.0019015238396300552 -0.0013853794734593793 0.008137099703587173 0.0015901908939501041 0.00065805440020132101 0.0036748988149435586 -0.0032489837122304053
leaf_weight=805 123 5000 1689 2986 149 140 156 378 1810 363 120 124 370 145
leaf_count=805 123 5000 1689 2986 149 140 156 378 1810 363 120 124 370 145
internal_value=-9.52969e-05 -0.000439187 0.000177098 0.000784476 -0.00267922 0.00275307 -0.000317982 -0.00216277 -0.00312261 0.00452982 0.00657018 0.00480263 0.00247239 -0.00536638
internal_weight=14358 12817 10053 7986 2764 1541 565 2067 2615 976 483 280 493 285
internal_count=14358 12817 10053 7986 2764 1541 565 2067 2615 976 483 280 493 285
is_linear=0
shrinkage=0.025


Tree=58
num_leaves=12
num_cat=0
split_feature=36 31 36 36 36 38 38 47 20 30 21
split_gain=22.2612 19.9512 24.7175 31.6617 22.2438 10.439 7.05403 6.88102 4.85379 2.9585 1.23336
threshold=-0.15085972100496289 2.1341483592987065 0.23344635218381884 -0.03503217734396457 0.31346818804740911 -0.12176326662302016 -0.30866937339305872 0.97212031483650219 -0.24805633723735807 -0.62986296415328968 37.512666702270515
decision_type=2 2 2 2 2 2 2 2 2 2 2
left_child=6 2 3 -2 -4 -3 -1 -7 10 -10 -8
right_child=1 5 4 -5 -6 7 8 -9 9 -11 -12
leaf_value=0.00091574098104394851 0.0025095138663169189 0.0025596546840654048 0.0049484712054342914 -0.0012637983136273775 0.00085974119683675807 -0.0026231910889724513 -0.0013545036744230382 -0.01260285591334241 -0.0043696735569635076 -0.0030245524972113838 0.00015160168449530054
leaf_weight=145 1181 230 1476 5002 3844 1235 140 132 154 579 123
leaf_count=145 1181 230 1476 5002 3844 1235 140 132 154 579 123
internal_value=-2.32521e-05 0.000268504 0.000632712 -0.000441378 0.00188146 -0.00234473 -0.00336497 -0.00317511 -0.00411464 -0.00515752 -0.00114272
internal_weight=14241 13100 11503 6183 5320 1597 1141 1367 996 733 263
internal_count=14241 13100 11503 6183 5320 1597 1141 1367 996 733 263
is_linear=0
shrinkage=0.025


Tree=59
num_leaves=15
num_cat=0
split_feature=40 40 31 45 13 44 31 46 40 11 11 38 40 4
split_gain=24.9077 20.9791 20.1582 22.1349 14.3485 13.236 12.9893 21.1498 17.1964 12.4224 10.5001 8.23427 7.19239 2.58863
threshold=0.74876791238784801 1.3337206840515139 2.2367875576019292 0.52457812428474437 -0.35069671273231501 0.019756173714995388 0.37887439131736761 0.70194101333618175 0.51051798462867748 0.021089502610266212 0.011586926411837341 -0.14094761759042737 0.67268040776252758 -0.19585175812244413
decision_type=2 2 2 2 2 2 2 2 2 2 2 2 2 2
left_child=6 2 3 -2 13 -6 9 8 -8 10 -1 -4 -9 -3
right_child=1 4 11 -5 5 -7 7 12 -10 -11 -12 -13 -14 -15
leaf_value=-0.00055746761035570529 0.00013175461184559284 -0.00040949183167102166 0.0028279951409831529 0.0025026794347953064 -0.0081578586960096098 -0.0027470298802518335 -0.0036777360057726515 -0.00592861623274131 0.004064738482932778 0.0010235482865104284 -0.0044438026460582028 -0.0030649480248104394 -0.00049937101978891928 0.0017554699994182467
leaf_weight=245 5439 158 131 4150 338 337 209 400 587 133 652 1077 244 120
leaf_count=245 5439 158 131 4150 338 337 209 400 587 133 652 1077 244 120
internal_value=-2.06503e-05 0.000458847 0.000773584 0.00115762 -0.00308586 -0.00504596 -0.00230051 -0.00075692 0.00195849 -0.00443841 -0.00549473 -0.00226195 -0.0041121 0.00165636
internal_weight=14220 11750 10797 9589 953 675 2470 1440 796 1030 897 1208 644 278
internal_count=14220 11750 10797 9589 953 675 2470 1440 796 1030 897 1208 644 278
is_linear=0
shrinkage=0.025


Tree=60
num_leaves=15
num_cat=0
split_feature=40 40 37 36 36 13 17 11 36 30 37 40 8 10
split_gain=21.0323 20.0095 17.202 22.3035 19.3205 11.541 13.9912 11.531 9.68889 11.0933 8.02079 5.04958 3.14174 2.7885
threshold=0.71967408061027538 1.3337206840515139 0.0093778399750590342 -0.0030094485264271493 0.23344635218381884 -0.28094391524791712 0.63155817985534679 0.011586926411837341 0.21314036846160891 0.54448717832565319 0.019648350775241855 0.60144531726837169 0.015276157762855293 0.015317832119762899
decision_type=2 2 2 2 2 2 2 2 2 2 2 2 2 2
left_child=7 2 3 -2 -4 13 -7 11 10 -10 -9 12 -1 -3
right_child=1 5 4 -5 -6 6 -8 8 9 -11 -12 -13 -14 -15
leaf_value=0.00048005751377549273 0.0055388602324060263 0.00094487004387298901 -0.00080125644090717207 0.0012113580702709738 0.0015740032597249516 -0.0085909213092975386 0.0014635410198298318 -0.0039082081285366438 -0.0026420227156438315 0.0049077975186079788 3.4181905596815389e-05 0.0042852970689704756 -0.0022643917483975459 -0.00094136190079072016
leaf_weight=152 519 121 4473 1643 4689 390 162 816 421 125 157 193 124 285
leaf_count=152 519 121 4473 1643 4689 390 162 816 421 125 157 193 124 285
internal_value=-1.00701e-05 0.000375905 0.000670293 0.00267363 0.000195675 -0.00308281 -0.00541966 -0.00239275 -0.00344898 -0.000759982 -0.00493993 0.0010153 -0.00113434 0.000106448
internal_weight=14270 12282 11324 2162 9162 958 552 1988 1519 546 973 469 276 406
internal_count=14270 12282 11324 2162 9162 958 552 1988 1519 546 973 469 276 406
is_linear=0
shrinkage=0.025


Tree=61
num_leaves=15
num_cat=0
split_feature=31 31 40 40 38 9 37 40 13 47 35 43 13 27
split_gain=20.5468 25.0815 19.3254 19.4387 17.7068 16.837 19.9817 17.3022 15.436 11.4817 6.09753 4.05734 3.59513 1.72425
threshold=0.47636410593986517 1.7457486987113955 0.4952405989170075 1.4848831892013552 -0.12176326662302016 0.015178637579083444 0.024265824817121032 0.76477742195129406 -0.12059799581766127 0.14343360066413882 -0.093226414173841463 -0.097990546375513063 -0.081308685243129716 -0.00092142325593158592
decision_type=2 2 2 2 2 2 2 2 2 2 2 2 2 2
left_child=5 2 12 -4 13 9 7 -7 -6 11 -8 -1 -2 -3
right_child=1 4 3 -5 8 6 10 -9 -10 -11 -12 -13 -14 -15
leaf_value=-0.0013856400183065291 -0.0029680063048405586 0.001226553754253107 0.0021438257085186875 -0.0076705357612152957 -0.0070813699892244234 -0.0028863518698570624 9.2471845268741343e-05 -0.0010347178028461816 -0.0014345379066209884 0.0063264290613204797 0.0058449560579592087 0.001088915969924334 -0.0071193824472716091 0.0044039346164457599
leaf_weight=123 133 125 6017 130 473 1095 198 3368 1686 139 241 167 136 257
leaf_count=123 133 125 6017 130 473 1095 198 3368 1686 139 241 167 136 257
internal_value=-1.88029e-05 0.000712034 0.00154474 0.00183375 -0.00138698 -0.00124742 -0.00166471 -0.0021668 -0.00226721 0.00347062 0.00339245 0.000572034 -0.00494982 0.00353682
internal_weight=14288 8957 6416 6147 2541 5331 4902 4463 2159 429 439 290 269 382
internal_count=14288 8957 6416 6147 2541 5331 4902 4463 2159 429 439 290 269 382
is_linear=0
shrinkage=0.025


Tree=62
num_leaves=14
num_cat=0
split_feature=34 38 36 37 36 35 16 16 3 35 36 9 34
split_gain=19.0306 21.5045 29.4655 47.5284 41.8241 15.262 14.3951 19.7382 11.6518 14.2731 11.8595 8.54248 2.33119
threshold=0.139903798699379 -0.017926861532032486 0.23344635218381884 0.0090470421127975004 0.39562122523784643 0.38493418693542486 0.024139283224940303 0.02272752765566111 0.12390531599521638 0.13123323768377307 0.28265497088432318 0.027368300594389442 0.17807125300168994
decision_type=2 2 2 2 2 2 2 2 2 2 2 2 2
left_child=1 2 3 -1 -4 6 7 -2 9 -3 -10 -8 -7
right_child=5 8 4 -5 -6 12 11 -9 10 -11 -12 -13 -14
leaf_value=0.0036798804852105601 0.0034035844876670329 -0.00066709698664362558 0.0053216603320812546 -0.0013510810824642824 -0.0010995615409635368 -0.0045593424103496883 0.0066752843316687967 -0.004332391477554081 -0.006571995701182682 -0.0068778488257474086 0.0001488752251499123 0.0040047423978743588 -0.00039375265012139978
leaf_weight=955 542 402 1682 5392 1405 124 356 258 532 687 1300 444 159
leaf_count=955 542 402 1682 5392 1405 124 356 258 532 687 1300 444 159
internal_value=-9.60998e-05 -0.00045358 0.00012647 -0.000847174 0.00212848 0.00224113 0.00318925 0.000799689 -0.00232613 -0.00437043 -0.00109894 0.00555124 -0.0030599
internal_weight=14238 12355 9434 6347 3087 1883 1600 800 2921 1089 1832 800 283
internal_count=14238 12355 9434 6347 3087 1883 1600 800 2921 1089 1832 800 283
is_linear=0
shrinkage=0.025


Tree=63
num_leaves=14
num_cat=0
split_feature=40 40 16 30 9 46 46 4 40 40 15 40 4
split_gain=19.1477 17.2479 16.0984 13.9439 10.6705 11.8794 10.1885 11.5509 11.2471 10.367 8.40614 3.08908 3.70186
threshold=0.72273260354995739 1.3337206840515139 0.015317481476813556 -0.37946258485317225 0.036045193672180183 0.23105636239051822 0.80776411294937145 0.13650269806385043 0.52690666913986217 0.51051798462867748 0.78448277711868297 0.67268040776252758 0.23135039955377582
decision_type=2 2 2 2 2 2 2 2 2 2 2 2 2
left_child=6 2 10 -4 5 -3 7 9 -9 -1 -2 12 -8
right_child=1 4 3 -5 -6 -7 11 8 -10 -11 -12 -13 -14
leaf_value=0.00043765534409619149 0.001876212277780684 0.0010692343497245259 0.0017014756846293418 -0.00029604966337369728 0.0015830005594277734 -0.0067348441366336083 -0.0031854382844224262 -0.0015699041065496675 0.0038036393589949303 -0.0037294427530717711 0.0075485742849175953 -0.0027449395561131985 -0.0074600286414802895
leaf_weight=300 1125 134 2281 7726 191 646 212 208 359 657 161 136 178
leaf_count=300 1125 134 2281 7726 191 646 212 208 359 657 161 136 178
internal_value=-8.68601e-05 0.0002868 0.0005626 0.000222858 -0.00290087 -0.00419586 -0.00232056 -0.00127126 0.00154065 -0.00294309 0.00319036 -0.00530838 -0.00643987
internal_weight=14314 12264 11293 10007 971 780 2050 1524 567 957 1286 526 390
internal_count=14314 12264 11293 10007 971 780 2050 1524 567 957 1286 526 390
is_linear=0
shrinkage=0.025


Tree=64
num_leaves=13
num_cat=0
split_feature=36 30 36 37 26 37 40 34 41 45 4 23
split_gain=19.0068 16.4379 17.1882 22.8431 21.6017 10.4022 8.52095 7.68967 4.75587 4.67586 2.10203 1.47032
threshold=-0.19043911248445508 -0.35567337274551386 -0.03503217734396457 0.0090185254812240618 0.021043414250016216 0.020249770954251293 1.2620537877082827 -0.058185368776321404 0.6902616322040559 0.73275861144065868 -0.36196094751358027 0.15452757477760318
decision_type=2 2 2 2 2 2 2 2 2 2 2 2
left_child=8 5 3 -3 -4 6 -2 -7 9 11 -10 -1
right_child=1 2 4 -5 -6 7 -8 -9 10 -11 -12 -13
leaf_value=-0.0041890862734589055 0.0013234124913923076 0.0059006994276453936 -0.0023539607850142628 0.00010212184888898496 0.00012485212032439658 0.00077536816877457897 -0.0038445674551888078 0.0055434739326759132 0.00010879108185220394 -0.0014613376957782467 -0.0019493560495356798 -0.0043012820298296691
leaf_weight=136 1925 344 3039 841 6234 278 200 528 185 233 162 152
leaf_count=136 1925 344 3039 841 6234 278 200 528 185 233 162 152
internal_value=-0.000112624 0.000119923 -0.000343472 0.00248424 -0.000706645 0.00177325 0.000848005 0.00418465 -0.003687 -0.00519249 -0.00136719 -0.00731655
internal_weight=14257 13389 10458 1185 9273 2931 2125 806 868 521 347 288
internal_count=14257 13389 10458 1185 9273 2931 2125 806 868 521 347 288
is_linear=0
shrinkage=0.025


Tree=65
num_leaves=13
num_cat=0
split_feature=34 38 35 33 9 17 42 41 38 35 33 10
split_gain=17.8923 23.902 20.8132 31.5782 16.5731 12.4268 10.7208 11.5504 9.9732 5.62346 3.4216 2.55375
threshold=0.139903798699379 -0.018733770586550232 0.19614410400390628 -0.004362015286460518 0.015178637579083444 0.95176368951797496 -0.078669093549251543 0.55769416689872753 -0.132829874753952 0.38493418693542486 0.0028025208739563827 0.014992103446274998
decision_type=2 2 2 2 2 2 2 2 2 2 2 2
left_child=1 2 4 -4 -1 8 10 -8 -2 -10 -3 -7
right_child=5 6 3 -5 -6 11 7 -9 9 -11 -12 -13
leaf_value=0.00355352644526082 -0.0025639895484939317 -0.0062721804092742131 -0.0027106459152460988 0.0060685764228324904 -0.00040054259135952758 0.00032500018968678742 -3.7329975000707782e-05 -0.0033732235180134896 0.0038184246971463389 -0.00028798442004421 -0.0053432068454087253 -0.0035365281680658531
leaf_weight=394 154 231 429 916 7648 141 1385 999 1234 177 391 157
leaf_count=394 154 231 429 916 7648 141 1385 999 1234 177 391 157
internal_value=-1.5339e-05 -0.000359433 0.000261526 0.00313426 -0.000219802 0.00226512 -0.00229782 -0.00152522 0.00315685 0.00381797 -0.00521332 -0.00237211
internal_weight=14256 12393 9387 1345 8042 1863 3006 2384 1565 1411 622 298
internal_count=14256 12393 9387 1345 8042 1863 3006 2384 1565 1411 622 298
is_linear=0
shrinkage=0.025


Tree=66
num_leaves=13
num_cat=0
split_feature=34 38 36 36 37 35 16 16 35 3 37 11
split_gain=17.4657 20.4063 26.0087 43.4633 42.5625 11.6725 11.3884 18.1903 9.92718 14.8716 11.4484 8.55334
threshold=0.14204169809818271 -0.018733770586550232 0.23344635218381884 0.41111877560615545 0.0090470421127975004 0.41866117715835577 0.024139283224940303 0.02272752765566111 0.13010810315608981 0.12033486366271974 0.013353099115192892 0.016268628649413589
decision_type=2 2 2 2 2 2 2 2 2 2 2 2
left_child=1 2 4 -4 -1 6 7 -2 10 -10 -3 -8
right_child=5 8 3 -5 -6 -7 11 -9 9 -11 -12 -13
leaf_value=0.0038544873181286772 0.0034254207824004402 -0.0013864128252542977 0.00470937155015744 -0.0015388198989407618 -0.0011835423095264905 -0.0028800789162463022 0.0064974675710701649 -0.003603085632183466 -0.0067405158505645379 -0.0015181335771262345 0.0081938556710582401 0.0028463940961846058
leaf_weight=898 518 491 1920 1185 5333 236 375 266 674 1680 186 444
leaf_count=898 518 491 1920 1185 5333 236 375 266 674 1680 186 444
internal_value=-1.5393e-05 -0.000354126 0.000224146 0.00209204 -0.000706583 0.00225393 0.00302006 0.000847592 -0.0021348 -0.00290112 0.000522361 0.00507433
internal_weight=14206 12367 9336 3105 6231 1839 1603 784 3031 2354 677 819
internal_count=14206 12367 9336 3105 6231 1839 1603 784 3031 2354 677 819
is_linear=0
shrinkage=0.025


Tree=67
num_leaves=14
num_cat=0
split_feature=37 36 38 36 34 35 35 36 40 15 16 36 22
split_gain=19.5421 22.0495 20.2547 37.5268 22.9433 17.5395 11.9153 10.6544 9.64774 7.95048 3.34464 0.754822 0.738342
threshold=0.023582911118865017 0.49588042497634893 -0.14912124723196027 -0.017522624693810936 0.14312935620546344 0.10206797719001771 0.15811300277709964 0.079140175133943572 0.81661146879196178 0.71551722288131725 0.022393968887627128 0.035545757040381439 0.59720003604888927
decision_type=2 2 2 2 2 2 2 2 2 2 2 2 2
left_child=2 6 5 8 -5 7 9 -1 -4 -2 -3 -7 -8
right_child=1 10 3 4 -6 11 12 -9 -10 -11 -12 -13 -14
leaf_value=-0.0013673711153364494 0.0016690434342860343 -0.0054440273741855729 0.00025364433036470377 -0.00085151142184653481 0.0024318539609532036 -0.0087056264022247701 0.0071522799505949032 0.0026698542894370309 0.0055465112054818204 0.006439490761477382 -0.00045893222716484537 -0.0033417271400572007 0.0058857275719407468
leaf_weight=2152 746 157 168 7337 1547 137 163 523 546 295 214 121 144
leaf_count=2152 746 157 168 7337 1547 137 163 523 546 295 214 121 144
internal_value=-1.1838e-05 0.00248332 -0.000355476 0.000199807 -0.000243981 -0.00217197 0.00396803 -0.00156017 0.00569367 0.00265894 -0.00287566 -0.00834125 0.00827324
internal_weight=14250 1719 12531 9598 8884 2933 1348 2675 714 1041 371 258 307
internal_count=14250 1719 12531 9598 8884 2933 1348 2675 714 1041 371 258 307
is_linear=0
shrinkage=0.025


Tree=68
num_leaves=15
num_cat=0
split_feature=37 36 37 36 36 31 34 17 35 43 40 46 17 22
split_gain=18.3816 21.9611 19.4426 28.6271 24.6675 22.1774 18.9273 12.4923 12.4547 8.30354 6.90575 3.96578 5.27407 0.989057
threshold=0.023582911118865017 0.49588042497634893 0.0093778399750590342 -0.03503217734396457 0.22977772355079654 3.1182407140731816 0.16158985346555713 -0.38895161449909205 0.16169244796037677 -0.23669879883527753 0.82468348741531383 0.68693286180496227 0.78276267647743236 0.63457661867141735
decision_type=2 2 2 2 2 2 2 2 2 2 2 2 2 2
left_child=2 8 3 10 7 -6 -5 -4 9 -2 -1 12 -3 -10
right_child=1 11 4 6 5 -7 -8 -9 13 -11 -12 -13 -14 -15
leaf_value=0.00094193735809635368 -0.0017554904286532808 -0.0039382146365905439 0.00066246485260732933 -0.00066063042273700127 0.001295113749581299 -0.0057211804205941829 0.004790760102746941 -0.0019366197463337052 0.0069111325133889168 0.0039800757374933325 0.0064300860564976458 -0.0048660255095773096 0.0018396351317184563 0.0062241383493045121
leaf_weight=120 208 122 644 1996 3864 307 301 4938 190 886 370 128 120 120
leaf_count=120 208 122 644 1996 3864 307 301 4938 190 886 370 128 120 120
internal_value=-4.84496e-05 0.00232926 -0.00038611 0.00145281 -0.000912713 0.00054029 0.000274218 -0.00199906 0.0037571 0.00247384 0.00690657 -0.00305 -0.00108806 0.00815476
internal_weight=14314 1774 12540 2787 9753 4171 2297 5582 1404 1094 490 370 242 310
internal_count=14314 1774 12540 2787 9753 4171 2297 5582 1404 1094 490 370 242 310
is_linear=0
shrinkage=0.025


Tree=69
num_leaves=14
num_cat=0
split_feature=37 10 16 37 31 35 38 38 31 43 11 24 17
split_gain=17.4678 17.9994 14.6413 16.9191 14.5948 8.52688 11.4595 10.9142 8.76878 6.35183 5.99283 5.88636 0.573144
threshold=0.023582911118865017 0.023166089318692688 0.016117570921778682 0.0085396571084857004 0.53903403878211986 0.22831840068101886 -0.10815097019076346 -0.071544487029314027 1.2327646613121035 0.44049631059169775 0.023953954689204696 19.633965492248539 0.25293987989425665
decision_type=2 2 2 2 2 2 2 2 2 2 2 2 2
left_child=1 2 3 -1 -4 6 11 -8 12 10 -3 -2 -7
right_child=5 9 4 -5 -6 8 7 -9 -10 -11 -12 -13 -14
leaf_value=0.0047662407924643621 0.0061756043445324637 -0.0039814725245532565 -0.0012268068581720382 0.00048118141529972447 0.00036760050044921114 0.0068006946389953084 -0.0045059171356239538 0.0037663173471305989 0.0014040585556224423 -0.0090697766719405812 -0.0001726572269372291 0.0020915745539064946 0.0059087320421488572
leaf_weight=534 222 732 3502 1621 5359 123 402 127 149 197 530 571 122
leaf_count=534 222 732 3502 1621 5359 123 402 127 149 197 530 571 122
internal_value=-1.10066e-05 -0.000337039 8.50649e-06 0.00185475 -0.000440588 0.00234965 0.00137057 -0.00146301 0.00556078 -0.00294143 -0.00226421 0.00326598 0.008425
internal_weight=14191 12475 11016 2155 8861 1716 1322 529 394 1459 1262 793 245
internal_count=14191 12475 11016 2155 8861 1716 1322 529 394 1459 1262 793 245
is_linear=0
shrinkage=0.025


Tree=70
num_leaves=15
num_cat=0
split_feature=36 37 35 26 36 34 38 37 34 17 43 17 17 33
split_gain=17.7638 26.4447 34.6979 22.1159 22.1895 23.5362 15.2423 15.0408 13.7339 12.4294 7.43206 5.75523 5.17887 5.03316
threshold=0.23344635218381884 0.0091838715597987192 0.12862364947795871 0.016502995975315574 0.31224288046360021 0.091456320136785521 -0.14912124723196027 0.024265824817121032 0.051391562446951873 -0.38895161449909205 -0.078643508255481706 0.21678790450096133 -0.093631986528635011 0.009635210037231447
decision_type=2 2 2 2 2 2 2 2 2 2 2 2 2 2
left_child=1 2 6 10 5 -5 -1 9 -6 -3 12 -9 -2 -4
right_child=3 7 13 4 8 -7 -8 11 -10 -11 -12 -13 -14 -15
leaf_value=-0.0017715027102938416 -0.001129880275117176 0.00081146265281564908 -0.002728439901410805 0.0060210530928943747 -0.00097861559707013309 -0.0024590668479891305 0.005005366389629784 -0.00063133063708146477 0.0019697539812180858 -0.0017792118641265287 0.00013421504525962247 0.0070119987426802812 -0.0058120650497151486 -0.0081268118957072977
leaf_weight=139 155 645 237 1149 1865 327 909 137 2492 5181 262 283 295 131
leaf_count=139 155 645 237 1149 1865 327 909 137 2492 5181 262 283 295 131
internal_value=2.15487e-05 -0.000794802 0.00228272 0.000978053 0.00148702 0.0041315 0.00459995 -0.00149476 0.000586027 -0.00182537 -0.00316423 0.00304412 -0.00509615 -0.00427279
internal_weight=14207 7662 1416 6545 5833 1476 1048 6246 4357 5826 712 420 450 368
internal_count=14207 7662 1416 6545 5833 1476 1048 6246 4357 5826 712 420 450 368
is_linear=0
shrinkage=0.025


Tree=71
num_leaves=15
num_cat=0
split_feature=40 40 31 43 13 17 44 46 31 40 40 34 3 3
split_gain=19.5171 16.7006 17.0891 20.075 11.2599 10.7629 10.5707 8.90099 9.15194 16.8298 10.5222 2.08862 1.90005 1.94231
threshold=0.72273260354995739 1.3537479043006899 2.6633386611938481 -0.21351585537195203 -0.27108179032802576 0.63699576258659374 0.024027102626860145 0.80776411294937145 0.4106262475252152 0.52690666913986217 0.48008930683135992 -0.0014218652504496274 0.20905742049217227 0.002904320834204555
decision_type=2 2 2 2 2 2 2 2 2 2 2 2 2 2
left_child=7 2 3 -2 11 -6 -4 8 10 -10 -1 -3 13 -9
right_child=1 4 6 -5 5 -7 -8 12 9 -11 -12 -13 -14 -15
leaf_value=0.00053134295217214752 -0.00084156643710603114 -0.00070015199097026861 0.0016823874077121423 0.0013905723866309242 -0.007667269512872968 0.00086028546238332143 -0.00496972992325935 -0.0034847666415168165 -0.0031609006860619142 0.0034803046046867842 -0.0032790677581810397 0.00084440185409273636 -0.003408072932226028 -0.0064428244608794975
leaf_weight=192 2337 215 205 8335 356 138 583 120 277 426 623 132 155 246
leaf_count=192 2337 215 205 8335 356 138 583 120 277 426 623 132 155 246
internal_value=2.04775e-05 0.000396656 0.000647078 0.000910251 -0.00299202 -0.0053983 -0.0028925 -0.00224132 -0.00125985 0.000820975 -0.0030564 0.000443892 -0.0050499 -0.00604784
internal_weight=14340 12301 11460 10672 841 494 788 2039 1518 703 815 347 521 366
internal_count=14340 12301 11460 10672 841 494 788 2039 1518 703 815 347 521 366
is_linear=0
shrinkage=0.025


Tree=72
num_leaves=14
num_cat=0
split_feature=34 37 16 36 37 36 37 36 46 34 30 9 16
split_gain=18.189 18.1562 18.4272 18.2631 14.6473 12.3307 7.84617 8.46175 7.74271 7.52504 7.42044 3.92023 3.90279
threshold=0.14204169809818271 0.024521977640688423 0.016649560071527961 0.50519832968711864 0.0090470421127975004 0.28962449729442602 0.012779302895069124 0.21314036846160891 0.23105636239051822 -0.057236704975366585 0.017851303331553939 0.024397281929850582 0.022393968887627128
decision_type=2 2 2 2 2 2 2 2 2 2 2 2 2
left_child=1 2 4 9 -1 -4 7 -2 -8 -3 -10 -9 -5
right_child=6 3 5 12 -6 -7 8 11 10 -11 -12 -13 -14
leaf_value=0.0030384842423997862 -0.00045793773352032776 0.0014890129728823477 -0.0019020152699412056 -0.005536570389988834 -9.6479286968718939e-05 -5.2433750810473856e-05 -0.0026450512352930696 0.0063149013980377255 0.0053481997350920928 0.0051517233326923723 -0.00012879138675106762 0.0029065169050253889 -0.0003016467341824661
leaf_weight=847 200 458 4947 138 1945 3238 191 273 288 662 415 465 202
leaf_count=847 200 458 4947 138 1945 3238 191 273 288 662 415 465 202
internal_value=2.84608e-05 -0.000313957 -0.000663017 0.00229949 0.00108822 -0.00126145 0.00235098 0.00394353 0.000660456 0.00383889 0.0018803 0.00517328 -0.00273551
internal_weight=14269 12437 10977 1460 2792 8185 1832 938 894 1120 703 738 340
internal_count=14269 12437 10977 1460 2792 8185 1832 938 894 1120 703 738 340
is_linear=0
shrinkage=0.025


Tree=73
num_leaves=14
num_cat=0
split_feature=34 38 36 37 36 3 36 17 17 17 37 30 0
split_gain=17.1392 18.1666 25.7466 38.1481 38.0941 11.1625 12.9044 9.25287 9.12048 6.92078 11.4653 3.45102 2.02605
threshold=0.139903798699379 -0.018733770586550232 0.23344635218381884 0.0090470421127975004 0.41111877560615545 0.12033486366271974 0.28265497088432318 0.95176368951797496 -0.20480809360742566 0.53707545995712291 0.012900878675282003 -0.14384940266609189 0.0061687983106821784
decision_type=2 2 2 2 2 2 2 2 2 2 2 2 2
left_child=1 2 3 -1 -4 8 -7 9 -3 10 -2 -11 -9
right_child=7 5 4 -5 -6 6 -8 12 -10 11 -12 -13 -14
leaf_value=0.0032031223066427265 0.0032387820583983902 0.0022831577608338426 0.004032362334456782 -0.001113090159100308 -0.0013343997359247573 -0.0059440748174642219 0.00036207894230965641 0.00086275809411816425 -0.0056404379838213628 0.0059396552480940785 -0.0017738668499335732 0.0034979153847292028 -0.0030403321114743143
leaf_weight=918 597 140 1907 5340 1184 590 1354 128 963 164 332 494 168
leaf_count=918 597 140 1907 5340 1184 590 1354 128 963 164 332 494 168
internal_value=-3.93797e-06 -0.00034221 0.00020379 -0.000717508 0.0020692 -0.00201712 -0.000869035 0.00221465 -0.00402189 0.00297189 0.00155915 0.00493024 -0.00180648
internal_weight=14279 12396 9349 6258 3091 3047 1944 1883 1103 1587 929 658 296
internal_count=14279 12396 9349 6258 3091 3047 1944 1883 1103 1587 929 658 296
is_linear=0
shrinkage=0.025


Tree=74
num_leaves=14
num_cat=0
split_feature=34 38 36 36 35 35 36 35 16 16 11 41 44
split_gain=14.5426 21.7157 24.3904 34.6748 21.1667 11.5318 14.8191 9.79547 8.59167 18.8914 8.55246 5.80817 4.1374
threshold=0.14312935620546344 -0.018733770586550232 0.23344635218381884 0.39562122523784643 0.1172725483775139 0.12745998054742816 0.29328395426273351 0.38493418693542486 0.024139283224940303 0.02272752765566111 0.01616957783699036 0.66660353541374218 0.025409532710909847
decision_type=2 2 2 2 2 2 2 2 2 2 2 2 2
left_child=1 2 4 -4 -1 11 -7 8 9 -2 -10 -3 -9
right_child=7 5 3 -5 -6 6 -8 12 10 -11 -12 -13 -14
leaf_value=-5.4255726584167413e-05 0.0032536324022402058 0.0017378521278443527 0.004681276229669554 -0.00089167400374437771 -0.0044994547936588903 -0.0077982553232778425 -0.0013954669641633791 -0.0035524106329756521 0.0060843339144431826 -0.0039274637369842427 0.0028667718325957495 -0.0036324710798788409 0.0014805799616017608
leaf_weight=5334 484 451 1755 1435 923 804 1642 150 347 252 411 205 120
leaf_count=5334 484 451 1755 1435 923 804 1642 150 347 252 411 205 120
internal_value=-3.36115e-05 -0.000333061 0.000262511 0.0020403 -0.000643764 -0.00214636 -0.00293503 0.00208804 0.00288109 0.000936235 0.00474279 0.000784796 -0.00225
internal_weight=14313 12549 9447 3190 6257 3102 2446 1764 1494 736 758 656 270
internal_count=14313 12549 9447 3190 6257 3102 2446 1764 1494 736 758 656 270
is_linear=0
shrinkage=0.025


Tree=75
num_leaves=15
num_cat=0
split_feature=40 40 31 43 13 44 40 24 48 5 38 31 31 17
split_gain=15.6893 15.7011 15.7945 19.3939 10.0572 9.95671 9.69645 8.60386 11.1265 6.33953 7.15425 6.01767 4.52652 2.60609
threshold=0.7263658642768861 1.3537479043006899 2.1341483592987065 -0.22088302671909329 -0.25583374500274653 0.019157033413648609 1.1305957436561587 23.656573295593265 0.094827588647604003 0.85192468762397777 -0.14197238534688947 0.855909824371338 0.39998431503772741 1.0000000180025095e-35
decision_type=2 2 2 2 2 2 2 2 2 2 2 2 2 2
left_child=7 2 3 -2 13 -6 -4 8 11 10 -9 -1 -10 -3
right_child=1 4 6 -5 5 -7 -8 9 12 -11 -12 -13 -14 -15
leaf_value=0.00096917689237211455 -0.00078167287640497352 -0.00076504432166308038 -0.0027810626072391365 0.0014036197219654909 -0.0080963043404723972 -0.0034825073247227627 0.0025469800153129132 -0.001639375736776327 -0.0040162583456961809 -0.0037942441608765001 0.0018484017350815065 -0.0038035727585700196 -0.0034176533145152108 0.0019333423178132464
leaf_weight=235 2192 249 1063 7772 201 257 330 302 392 192 642 120 239 132
leaf_count=235 2192 249 1063 7772 201 257 330 302 392 192 642 120 239 132
internal_value=3.27271e-05 0.000378555 0.00062324 0.000972389 -0.00291025 -0.00538607 -0.00186427 -0.00194817 -0.00365161 -0.000454645 0.000388567 -8.68056e-05 -0.0056309 8.09585e-05
internal_weight=14318 12196 11357 9964 839 458 1393 2122 986 1136 944 355 631 381
internal_count=14318 12196 11357 9964 839 458 1393 2122 986 1136 944 355 631 381
is_linear=0
shrinkage=0.025


Tree=76
num_leaves=14
num_cat=0
split_feature=37 36 34 16 37 37 34 16 15 46 26 2 46
split_gain=15.4442 18.7805 16.4713 21.6459 16.5028 10.7463 10.4132 9.69099 9.47637 6.63551 5.60337 5.32043 3.43464
threshold=0.023582911118865017 0.52496865391731273 0.14312935620546344 0.016513891518116001 0.0090470421127975004 0.012900878675282003 -0.057236704975366585 0.024560993537306789 0.81896552443504345 0.23105636239051822 0.030488397926092151 0.096540316939353957 0.68693286180496227
decision_type=2 2 2 2 2 2 2 2 2 2 2 2 2
left_child=2 6 3 4 -1 7 10 -4 -5 -7 -2 -8 -3
right_child=1 12 5 8 -6 9 11 -9 -10 -11 -12 -13 -14
leaf_value=0.0032372297025526856 -0.0035485555832414084 -0.00051868066208700804 0.00096505805666124989 -0.000980490197873881 -6.2936231465406109e-05 -0.0027445590909185706 0.0053707603014791216 0.0046908507118507414 -0.0041117208282508925 0.0013964834040183075 0.0026252055714239362 0.0019253108713114101 -0.0048065550180882771
leaf_weight=861 125 220 418 7604 1847 165 620 531 639 582 452 216 120
leaf_count=861 125 220 418 7604 1847 165 620 531 639 582 452 216 120
internal_value=1.17147e-05 0.00220776 -0.000292938 -0.000648617 0.00128778 0.00199515 0.00347761 0.00375393 -0.00128592 -0.000241024 0.000869845 0.00525416 -0.00302536
internal_weight=14400 1753 12647 10951 2708 1696 1413 949 8243 747 577 836 340
internal_count=14400 1753 12647 10951 2708 1696 1413 949 8243 747 577 836 340
is_linear=0
shrinkage=0.025


Tree=77
num_leaves=15
num_cat=0
split_feature=40 40 31 45 38 13 24 48 31 46 40 9 31 31
split_gain=13.8818 14.9834 16.3712 19.1199 14.7388 14.154 12.8954 14.6729 10.4716 7.7996 8.07529 7.1775 5.33137 5.07637
threshold=0.74876791238784801 1.3439851403236391 1.7457486987113955 0.63811445236206066 -0.12176326662302016 -0.25583374500274653 23.656573295593265 0.094827588647604003 1.0899236202239992 0.68693286180496227 0.51051798462867748 0.020107685588300232 1.0000877380371096 0.39998431503772741
decision_type=2 2 2 2 2 2 2 2 2 2 2 2 2 2
left_child=6 2 3 -2 -4 -3 7 12 -7 10 -8 -11 -1 -9
right_child=1 5 4 -5 -6 8 9 13 -10 11 -12 -13 -14 -15
leaf_value=0.0012009334539478209 0.00031099027829533667 0.00043843492925713622 0.0027425105183786964 0.0025484496001910968 -0.0025306813793595285 -0.0076485537776391612 -0.0014970971366833426 -0.0039556354185726313 -0.0033788468879470189 0.0010348352665111749 0.0021772036409751644 -0.0036635684641996391 -0.0034450094603099011 -0.0031801468428601723
leaf_weight=246 6415 418 341 2312 1773 289 180 489 204 121 662 368 120 293
leaf_count=246 6415 418 341 2312 1773 289 180 489 204 121 662 368 120 293
internal_value=-2.50246e-05 0.000333312 0.000592961 0.00107149 -0.00137742 -0.00273608 -0.00172353 -0.00365893 -0.00558484 -4.21033e-05 0.00140939 -0.00254302 0.000454852 -0.00558291
internal_weight=14231 11752 10841 8727 2114 911 2479 1148 493 1331 842 489 366 782
internal_count=14231 11752 10841 8727 2114 911 2479 1148 493 1331 842 489 366 782
is_linear=0
shrinkage=0.025


Tree=78
num_leaves=14
num_cat=0
split_feature=40 40 43 31 30 46 9 46 4 40 40 6 40
split_gain=14.498 13.5105 14.6949 19.0167 10.6927 10.0709 13.4428 9.60309 10.5654 12.2019 6.18825 3.32896 2.05827
threshold=0.72273260354995739 1.3439851403236391 -0.21351585537195203 2.2016083002090459 -0.98172855377197255 0.21164613962173465 0.036045193672180183 0.80776411294937145 0.14651477336883548 0.52690666913986217 0.51051798462867748 0.022388370707631115 0.66436123847961437
decision_type=2 2 2 2 2 2 2 2 2 2 2 2 2
left_child=7 2 4 -4 -2 -3 -7 8 10 -10 -1 -9 -13
right_child=1 5 3 -5 -6 6 -8 11 9 -11 -12 12 -14
leaf_value=0.00019217754684946187 0.002846929384078622 0.00098315513719829883 0.0012815490216033288 -0.0019439108869230741 -0.0014528032667918663 -0.0055084626883150755 0.0021249243849512131 -0.00095046728813466584 -0.0019562166091623527 0.0037379277700929042 -0.0030075494336208155 -0.0062322148096455796 -0.0036635281527490401
leaf_weight=301 210 140 7792 1283 2099 595 173 130 192 344 663 277 130
leaf_count=301 210 140 7792 1283 2099 595 173 130 192 344 663 277 130
internal_value=-4.75269e-05 0.000275982 0.00051091 0.000964345 -0.00126675 -0.00264923 -0.00377587 -0.00199865 -0.000959302 0.00183688 -0.00252193 -0.0048547 -0.00596177
internal_weight=14329 12292 11384 9075 2309 908 768 2037 1500 536 964 537 407
internal_count=14329 12292 11384 9075 2309 908 768 2037 1500 536 964 537 407
is_linear=0
shrinkage=0.025


Tree=79
num_leaves=12
num_cat=0
split_feature=40 40 43 44 30 11 35 37 4 30 30
split_gain=14.8427 15.5912 13.1416 15.5442 9.30271 8.65909 7.52351 5.75743 5.03174 5.98973 3.59227
threshold=0.7263658642768861 1.5085739493370058 -0.2239316180348396 0.040494188666343696 -0.98172855377197255 0.011586926411837341 0.18487631529569629 0.019730150699615482 0.23525463044643405 0.31202971935272222 0.48049210011959081
decision_type=2 2 2 2 2 2 2 2 2 2 2
left_child=5 2 4 -4 -2 8 7 -7 9 -1 -8
right_child=1 -3 3 -5 -6 6 10 -9 -10 -11 -12
leaf_value=0.0010472413422972782 0.0023380749419476634 -0.0056045626430478463 0.00092867625029447527 -0.0065737718507702164 -0.0015595463036406467 -0.0031756829642037633 -0.001212711378786871 -0.00015515171458062305 0.0032992490305871394 -0.0020566818468821485 0.0031527814681049787
leaf_weight=205 208 220 9428 285 2095 1031 231 245 144 128 121
leaf_count=205 208 220 9428 285 2095 1031 231 245 144 128 121
internal_value=-9.14889e-06 0.000324218 0.000446614 0.000849583 -0.00124838 -0.00194609 -0.00281307 -0.00370316 0.000998444 -0.000684172 0.000402661
internal_weight=14341 12236 12016 9713 2303 2105 1628 1276 477 333 352
internal_count=14341 12236 12016 9713 2303 2105 1628 1276 477 333 352
is_linear=0
shrinkage=0.025


Tree=80
num_leaves=13
num_cat=0
split_feature=34 38 36 36 37 41 41 35 35 15 35 9
split_gain=12.7403 19.1957 20.9266 37.3662 33.7968 9.50076 12.5882 9.17632 7.06451 6.87234 6.85652 6.10242
threshold=0.139903798699379 -0.018733770586550232 0.23344635218381884 0.40320891141891485 0.0090470421127975004 0.55769416689872753 0.19853758066892627 0.41866117715835577 0.15525458008050921 0.76724138855934154 0.061445608735084541 0.033083973452448852
decision_type=2 2 2 2 2 2 2 2 2 2 2 2
left_child=1 2 4 -4 -1 6 -3 8 9 -2 -7 -10
right_child=7 5 3 -5 -6 10 -8 -9 11 -11 -12 -13
leaf_value=0.0029153149044972085 -0.0019786255594716139 -0.0076663349950566746 0.0044336341596995527 -0.0011662395695595004 -0.0010187137265980973 0.0015155829240064028 -2.8711989275698181e-05 -0.0025924944203844051 0.0037577725817668564 0.005225231573894271 -0.0039755531092624426 9.4174490531874488e-05
leaf_weight=906 295 170 1796 1353 5325 130 1513 238 969 152 1244 244
leaf_count=906 295 170 1796 1353 5325 130 1513 238 969 152 1244 244
internal_value=-1.61262e-05 -0.000307929 0.000252397 0.00191225 -0.000586313 -0.00202686 -0.000759034 0.00188847 0.0025488 -0.000124447 -0.0035669 0.00353551
internal_weight=14335 12437 9380 3149 6231 3057 1683 1898 1660 447 1374 1213
internal_count=14335 12437 9380 3149 6231 3057 1683 1898 1660 447 1374 1213
is_linear=0
shrinkage=0.025


Tree=81
num_leaves=12
num_cat=0
split_feature=40 40 31 45 46 44 44 46 31 40 9
split_gain=16.1098 14.1413 14.6053 16.4981 11.3783 16.4894 9.53298 5.84617 6.16557 12.3024 11.3163
threshold=0.72273260354995739 1.3337206840515139 2.6633386611938481 0.52457812428474437 0.21164613962173465 0.01663173828274012 0.023940866813063625 0.96521475911140453 0.41652044653892523 0.52690666913986217 0.027676451019942764
decision_type=2 2 2 2 2 2 2 2 2 2 2
left_child=7 2 3 -2 -3 -6 -4 8 10 -10 -1
right_child=1 4 6 -5 5 -7 -8 -9 9 -11 -12
leaf_value=-0.0022788440932944745 1.5698453579682248e-06 0.0012024599256793334 0.0015577507070012363 0.0018211524469111077 -0.0073523013644380582 -0.0015606302002076989 -0.0048405321892944358 -0.0068837025808971795 -0.0032488862172346585 0.0025388966503161279 0.0014914751603775965
leaf_weight=813 5809 143 202 4787 240 596 591 128 370 567 132
leaf_count=813 5809 143 202 4787 240 596 591 128 370 567 132
internal_value=6.56157e-05 0.000403601 0.000652207 0.000897911 -0.00247078 -0.00358948 -0.00260808 -0.00200682 -0.00163951 -0.00019241 -0.00305921
internal_weight=14378 12368 11389 10596 979 836 793 2010 1882 937 945
internal_count=14378 12368 11389 10596 979 836 793 2010 1882 937 945
is_linear=0
shrinkage=0.025


Tree=82
num_leaves=14
num_cat=0
split_feature=34 38 40 17 3 17 33 17 46 16 46 9 0
split_gain=12.3985 17.7869 14.9909 15.8384 11.1785 10.5717 9.03454 8.30986 7.2983 6.662 7.66756 4.08409 2.03117
threshold=0.139903798699379 -0.018733770586550232 0.73598620295524608 1.0000000180025095e-35 0.12033486366271974 -0.20480809360742566 0.015833471901714805 0.95176368951797496 0.80776411294937145 0.028108981437981132 0.23105636239051822 0.029360615648329261 0.0049646208062767991
decision_type=2 2 2 2 2 2 2 2 2 2 2 2 2
left_child=1 2 8 -4 5 -3 -6 9 -1 10 -2 -11 -9
right_child=7 4 3 -5 6 -7 -8 12 -10 11 -12 -13 -14
leaf_value=-0.00058345325852686501 -0.0012189758894346897 0.002931733576808418 -0.00066468593399322817 0.0014414232585631239 -0.00026678495975911295 -0.0053285556111247467 -0.0072605341196509731 0.00075874224990705736 -0.0041782000320979146 0.0055214238082175269 0.002801864079634034 0.0017463682502690482 -0.0024161080737672039
leaf_weight=1088 283 121 2374 5418 1757 960 197 132 459 259 880 153 183
leaf_count=1088 283 121 2374 5418 1757 960 197 132 459 259 880 153 183
internal_value=-2.58427e-05 -0.000314545 0.000225412 0.000672534 -0.00197574 -0.00401128 -0.000839076 0.00185686 -0.00201756 0.00259889 0.00161066 0.00532074 -0.00181641
internal_weight=14264 12374 9339 7792 3035 1081 1954 1890 1547 1575 1163 412 315
internal_count=14264 12374 9339 7792 3035 1081 1954 1890 1547 1575 1163 412 315
is_linear=0
shrinkage=0.025


Tree=83
num_leaves=14
num_cat=0
split_feature=31 31 40 40 46 40 38 41 35 35 26 46 12
split_gain=11.9631 20.1441 15.4583 16.6204 15.2656 11.9803 13.6706 12.6992 8.66734 8.63664 8.36332 7.58271 3.41372
threshold=2.0141876935958867 0.47636410593986517 0.46519245207309728 1.3052054047584536 0.48606015741825109 1.117880702018738 -0.12176326662302016 0.50619396567344677 -0.14671169966459272 0.20868230611085894 0.015599355567246677 0.86085903644561779 -0.072368942201137529
decision_type=2 2 2 2 2 2 2 2 2 2 2 2 2
left_child=1 4 12 -4 8 6 -2 -7 -1 -8 -6 -9 -3
right_child=5 2 3 -5 10 7 9 11 -10 -11 -12 -13 -14
leaf_value=-0.0034879851243249079 0.0018442591261747328 -0.0030618760884688241 0.0016770784376116468 -0.0032931836871057853 0.0010397755096654333 -0.0062686210177553495 -0.0068347658257985585 0.0010792760893600095 0.00020485044440842761 -0.0017599861895423704 -0.0027395373553973134 0.0072250811564179528 -0.0072703192419964202
leaf_weight=347 221 120 6283 490 147 146 543 205 3687 616 1182 169 137
leaf_count=347 221 120 6283 490 147 146 543 205 3687 616 1182 169 137
internal_value=-2.18562e-06 0.000280791 0.00116116 0.00139145 -0.000872066 -0.00184711 -0.00306408 0.00136905 -0.000103677 -0.00415056 -0.00319059 0.00380937 -0.00479485
internal_weight=14293 12393 7030 6773 5363 1900 1380 520 4034 1159 1329 374 257
internal_count=14293 12393 7030 6773 5363 1900 1380 520 4034 1159 1329 374 257
is_linear=0
shrinkage=0.025


Tree=84
num_leaves=14
num_cat=0
split_feature=34 38 37 35 38 35 3 37 35 35 37 9 39
split_gain=14.2051 18.8947 19.1892 24.1392 18.9413 12.4153 14.2778 12.2202 7.79418 7.60282 5.95893 4.29932 2.74066
threshold=0.139903798699379 -0.018733770586550232 0.0092449728399515169 0.18743147701025012 -0.16466531902551648 0.13010810315608981 0.12033486366271974 0.013353099115192892 0.38493418693542486 0.15525458008050921 0.0078120918478816756 0.027676451019942764 0.95785108208656322
decision_type=2 2 2 2 2 2 2 2 2 2 2 2 2
left_child=1 2 4 -4 -1 7 -7 -3 9 10 -2 -11 -10
right_child=8 5 3 -5 -6 6 -8 -9 12 11 -12 -13 -14
leaf_value=-0.0050153796472299228 0.0029608640316260283 -0.00092099355636893416 -0.00059574290428812476 0.0025724667790585996 0.0035049639945480024 -0.0057412538304877679 -0.0015365983746801163 0.0081548695393987708 0.00068688378744151965 0.0044371074959597663 -0.0025125684931886052 0.0022266689598182342 -0.003351433346639131
leaf_weight=128 160 494 6916 1321 1021 659 1704 188 120 575 290 593 153
leaf_count=128 160 494 6916 1321 1021 659 1704 188 120 575 290 593 153
internal_value=3.0973e-05 -0.000275913 0.000278857 -0.000143321 0.00329831 -0.00198566 -0.00284259 0.000973435 0.00204707 0.00270718 -4.12088e-05 0.00376705 -0.00182104
internal_weight=14322 12431 9386 8237 1149 3045 2363 682 1891 1618 450 1168 273
internal_count=14322 12431 9386 8237 1149 3045 2363 682 1891 1618 450 1168 273
is_linear=0
shrinkage=0.025


end of trees

feature_importances:
source_beta_universe58_252=159
universe58_loo_log_return_126=114
universe58_loo_realized_volatility_20=83
universe58_loo_drawdown_252=70
universe58_loo_log_return_60=60
universe58_loo_log_return_20=58
source_return_skewness_60=53
cross_section_momentum_252_percentile=44
source_distance_from_252_session_low=42
source_momentum_12_1=41
cross_section_return_dispersion=39
source_residual_momentum_126=27
source_realized_volatility_60=25
source_log_return_252=19
source_drawdown_from_252_session_peak=17
source_downside_volatility_60=16
source_correlation_universe58_60=16
source_idiosyncratic_volatility_60=16
source_log_return_126=15
cross_section_momentum_126_percentile=14
cross_section_beta_60_percentile=13
source_adx_14=10
source_close_ma200_ratio=9
source_log_return_60=7
cross_section_positive_return_breadth=6
source_parkinson_volatility_20=6
universe58_loo_log_return_1=6
source_drawdown_from_60_session_peak=5
source_max_daily_log_return_20=5
source_beta_universe58_60=5
source_downside_volatility_20=4
source_bollinger_pct_b_20=3
source_directional_index_spread_14=3
source_residual_momentum_20=3
cross_section_volatility_60_percentile=3
source_log_return_1=2
cross_section_momentum_20_percentile=2
source_ma5_ma20_ratio=2
source_close_ma50_ratio=2
source_bollinger_bandwidth_20=2
source_volatility_ratio_20_60=2
source_log_return_20=1
source_intraday_log_range=1
source_close_to_open_log_return=1
source_realized_volatility_20=1
source_rsi_14=1
source_overnight_gap_1=1

parameters:
[boosting: gbdt]
[objective: quantile]
[metric: quantile]
[tree_learner: serial]
[device_type: cpu]
[data_sample_strategy: bagging]
[data: ]
[valid: ]
[num_iterations: 85]
[learning_rate: 0.025]
[num_leaves: 15]
[num_threads: 12]
[seed: 121908]
[deterministic: 1]
[force_col_wise: 1]
[force_row_wise: 0]
[histogram_pool_size: -1]
[max_depth: 4]
[min_data_in_leaf: 120]
[min_sum_hessian_in_leaf: 0.001]
[bagging_fraction: 0.85]
[pos_bagging_fraction: 1]
[neg_bagging_fraction: 1]
[bagging_freq: 1]
[bagging_seed: 121908]
[bagging_by_query: 0]
[feature_fraction: 0.75]
[feature_fraction_bynode: 1]
[feature_fraction_seed: 121908]
[extra_trees: 0]
[extra_seed: 3870]
[early_stopping_round: 0]
[early_stopping_min_delta: 0]
[first_metric_only: 0]
[max_delta_step: 0]
[lambda_l1: 0.25]
[lambda_l2: 5]
[linear_lambda: 0]
[min_gain_to_split: 0]
[drop_rate: 0.1]
[max_drop: 50]
[skip_drop: 0.5]
[xgboost_dart_mode: 0]
[uniform_drop: 0]
[drop_seed: 12605]
[top_rate: 0.2]
[other_rate: 0.1]
[min_data_per_group: 100]
[max_cat_threshold: 32]
[cat_l2: 10]
[cat_smooth: 10]
[max_cat_to_onehot: 4]
[top_k: 20]
[monotone_constraints: ]
[monotone_constraints_method: basic]
[monotone_penalty: 0]
[feature_contri: ]
[forcedsplits_filename: ]
[refit_decay_rate: 0.9]
[cegb_tradeoff: 1]
[cegb_penalty_split: 0]
[cegb_penalty_feature_lazy: ]
[cegb_penalty_feature_coupled: ]
[path_smooth: 0]
[interaction_constraints: ]
[verbosity: -1]
[saved_feature_importance_type: 0]
[use_quantized_grad: 0]
[num_grad_quant_bins: 4]
[quant_train_renew_leaf: 0]
[stochastic_rounding: 1]
[linear_tree: 0]
[max_bin: 255]
[max_bin_by_feature: ]
[min_data_in_bin: 3]
[bin_construct_sample_cnt: 200000]
[data_random_seed: 121908]
[is_enable_sparse: 1]
[enable_bundle: 1]
[use_missing: 1]
[zero_as_missing: 0]
[feature_pre_filter: 1]
[pre_partition: 0]
[two_round: 0]
[header: 0]
[label_column: ]
[weight_column: ]
[group_column: ]
[ignore_column: ]
[categorical_feature: ]
[forcedbins_filename: ]
[precise_float_parser: 0]
[parser_config_file: ]
[objective_seed: 31529]
[num_class: 1]
[is_unbalance: 0]
[scale_pos_weight: 1]
[sigmoid: 1]
[boost_from_average: 1]
[reg_sqrt: 0]
[alpha: 0.5]
[fair_c: 1]
[poisson_max_delta_step: 0.7]
[tweedie_variance_power: 1.5]
[lambdarank_truncation_level: 30]
[lambdarank_norm: 1]
[label_gain: ]
[lambdarank_position_bias_regularization: 0]
[eval_at: ]
[multi_error_top_k: 1]
[auc_mu_weights: ]
[num_machines: 1]
[local_listen_port: 12400]
[time_out: 120]
[machine_list_filename: ]
[machines: ]
[gpu_platform_id: -1]
[gpu_device_id: -1]
[gpu_use_dp: 0]
[num_gpu: 1]

end of parameters

pandas_categorical:[]
